techs,Electricity_demand,Electricity_demand,Electricity_demand,Electricity_demand,Electricity_demand,Electricity_demand,Electricity_demand,Electricity_demand
nodes,R1,R2,R3,R4,R5,R6,C1,C2
2021-01-01 00:00:00,4.688,5.547974796,3.75016141,4.757885178,6.444994588,5.997943408,2.976,3.408997437
2021-01-01 01:00:00,4.24,4.729725675,3.355774743,3.31647162,4.782782857,5.408656407,2.914,2.496337622
2021-01-01 02:00:00,3.332,3.933847212,2.658445402,3.371731874,3.757900941,4.392334489,2.634,2.850963331
2021-01-01 03:00:00,2.822,3.337666145,2.24888588,2.749299067,3.151426952,3.599555537,2.716,2.992537113
2021-01-01 04:00:00,2.638,3.11397033,2.215824465,2.669167805,2.976208061,3.364514985,2.704,2.994877903
2021-01-01 05:00:00,3.077,3.630305794,2.453892727,2.295683127,3.089826858,4.28625987,2.682,3.022119336
2021-01-01 06:00:00,3.135,4.82345879,2.502839371,3.171898827,3.53533116,3.999386953,2.974,2.086
2021-01-01 07:00:00,3.643,4.297989679,2.905325044,3.684722111,4.177181649,4.647280781,3.471,4.7679
2021-01-01 08:00:00,4.477,4.595324129,3.570399163,4.529859332,5.941773636,5.710218419,3.234,2.086
2021-01-01 09:00:00,5.37,6.335480634,4.29912109,5.435200137,5.888238022,6.71536355,3.14,3.320167886
2021-01-01 10:00:00,6.386,7.534680306,5.132319194,6.461682965,7.209714569,8.144025148,3.264,3.336507471
2021-01-01 11:00:00,7.323,8.640329857,5.946098865,7.409888116,8.25894547,9.340772819,3.072,3.352726973
2021-01-01 12:00:00,6.793,8.038732089,5.417611952,6.87350444,8.118979655,8.196586731,2.764,3.767514883
2021-01-01 13:00:00,7.32,8.297162599,5.83803993,7.340857356,8.761609475,8.953377631,2.657,2.953896449
2021-01-01 14:00:00,5.82,6.86779397,4.643106033,5.88991197,6.564799926,7.223852588,2.706,3.742410829
2021-01-01 15:00:00,5.662,6.681258332,4.515295481,5.728867018,6.377722341,7.219792635,2.887,3.128769782
2021-01-01 16:00:00,5.568,6.568922712,4.440383108,5.5451504,6.279290953,7.101790312,3.467,3.70607583
2021-01-01 17:00:00,6.568,7.702281818,4.957446935,7.008429531,7.407179984,8.269326497,3.82,4.181832924
2021-01-01 18:00:00,8.053,9.498288291,6.422715818,8.148921021,9.082300356,10.27330437,3.971,4.355814129
2021-01-01 19:00:00,8.234,9.673736749,6.300830845,8.2368687,9.179742973,10.38246982,4.094,4.721673174
2021-01-01 20:00:00,7.768,10.27359948,6.93990453,8.810516369,9.820195659,10.2925,4.146,4.637344128
2021-01-01 21:00:00,7.347,10.2925,6.833705243,7.633064789,9.678352843,10.94627348,3.674,3.500943723
2021-01-01 22:00:00,6.384,8.514307392,7.094684283,8.041384033,8.141184945,9.207457364,3.713,4.105669156
2021-01-01 23:00:00,5.195,6.281563412,4.463720829,5.687076637,6.797058231,7.168997092,3.206,3.631591613
2021-01-02 00:00:00,4.688,5.512572921,3.73320279,4.735904517,5.985594291,5.969813529,3.046,3.334233574
2021-01-02 01:00:00,4.24,4.878285539,2.757044709,4.267984153,4.663730665,5.273715299,2.746,2.676563509
2021-01-02 02:00:00,3.332,3.950131773,2.994189871,3.372449897,3.759402964,4.044346014,2.614,2.885574318
2021-01-02 03:00:00,2.822,3.329900433,2.25085122,2.855677591,3.1829256,3.599849601,2.577,3.169713815
2021-01-02 04:00:00,2.638,3.260642817,2.104893751,2.597046421,2.975661623,3.365402266,2.636,2.997621625
2021-01-02 05:00:00,3.077,3.331487078,2.454508445,3.114192121,3.471070895,3.925111519,2.598,3.001251893
2021-01-02 06:00:00,3.135,3.700120988,2.497349302,2.081,3.536799155,4.000322699,2.666,2.978881577
2021-01-02 07:00:00,3.643,4.301101879,2.903969326,4.253640755,4.10998552,4.778890944,2.851,4.075977349
2021-01-02 08:00:00,4.477,5.284241777,3.571912653,4.531690303,5.032152678,6.095195857,3.003,4.465429235
2021-01-02 09:00:00,5.37,5.419497022,4.284293887,5.435592849,6.059480021,7.358103348,3.449,4.276994048
2021-01-02 10:00:00,6.386,7.537435047,5.09487346,6.464142195,7.204692042,8.117196626,3.906,4.530281695
2021-01-02 11:00:00,7.323,8.643425552,5.841710289,7.412364888,8.252499189,9.431545982,4.354,5.271006075
2021-01-02 12:00:00,6.793,8.018212056,5.419770498,6.886657134,7.664682899,8.666211249,4.02,4.284816198
2021-01-02 13:00:00,7.32,8.69164639,5.840559174,7.410484352,8.259343348,9.340749531,4.256,3.709153084
2021-01-02 14:00:00,5.82,6.876387452,4.535787813,5.890291952,6.816735647,7.424440153,4.175,4.108677208
2021-01-02 15:00:00,5.662,6.682534147,4.497829726,5.246013591,6.389248807,7.1420754,4.053,4.163403384
2021-01-02 16:00:00,5.568,6.626738399,4.629784647,5.637177697,6.282885429,7.096245276,3.982,4.474031649
2021-01-02 17:00:00,6.568,7.879740234,5.056438303,6.454442628,7.413516087,8.382618136,4.528,4.617336749
2021-01-02 18:00:00,8.053,9.6501049,6.426520985,8.153514352,9.24522806,10.296158,4.628,4.45317343
2021-01-02 19:00:00,8.234,9.720849091,6.570775341,8.336455614,9.300130264,10.508878,4.78,5.126407327
2021-01-02 20:00:00,7.768,10.27722661,6.969155764,8.813740397,9.823655736,10.2925,4.563,4.95963237
2021-01-02 21:00:00,7.347,10.2925,6.852527196,8.738239337,9.693049191,10.95706601,4.342,2.086
2021-01-02 22:00:00,6.384,8.532188186,5.76752089,7.317317761,8.155053243,9.224119946,3.875,4.280799509
2021-01-02 23:00:00,5.195,6.175780199,4.295364449,5.69998325,6.353284486,7.604887793,3.296,2.827660559
2021-01-03 00:00:00,4.688,5.485131016,5.495493963,3.767175617,5.680349235,5.930752656,3.179,3.313617438
2021-01-03 01:00:00,4.24,4.822529134,3.212359567,3.463084322,4.542606413,5.11729636,3.11,3.481858363
2021-01-03 02:00:00,3.332,3.930831181,2.555467084,3.371541588,3.75786647,4.247262664,3.002,3.578373832
2021-01-03 03:00:00,2.822,3.366137278,2.081,2.856921364,3.184729557,3.562635687,2.972,2.936828058
2021-01-03 04:00:00,2.638,3.55067677,2.10787098,2.67175315,3.05734872,3.368794356,2.803,2.086
2021-01-03 05:00:00,3.077,3.63655737,3.078095799,3.121787188,3.476067784,3.814068537,2.869,3.024986874
2021-01-03 06:00:00,3.135,3.707760596,2.506159548,3.492158214,3.544254011,4.008281682,2.904,3.253831387
2021-01-03 07:00:00,3.643,4.310488392,3.039304641,3.543638354,3.475598567,3.993106946,2.896,4.451404535
2021-01-03 08:00:00,4.477,5.297616216,4.941978855,4.264965332,4.775657519,6.357229983,3.09,5.5683
2021-01-03 09:00:00,5.37,6.356803125,4.289551702,6.28846219,5.170227075,6.948475809,3.176,5.194196365
2021-01-03 10:00:00,6.386,7.561829108,5.111421386,6.482068833,7.228044201,8.17518646,3.325,5.247984696
2021-01-03 11:00:00,7.323,8.674535693,5.920463156,7.438805906,8.292259982,9.729584056,4.238,5.82918133
2021-01-03 12:00:00,6.793,8.055236156,5.444775206,6.907892446,7.930347608,8.708979719,4.13,5.444376712
2021-01-03 13:00:00,7.32,8.682963395,5.868716074,7.414594812,8.299542957,9.386910123,4.142,4.593174645
2021-01-03 14:00:00,5.82,6.909789935,6.059755343,5.925340388,6.604897449,7.755928156,4.604,5.154363067
2021-01-03 15:00:00,5.662,6.734251997,4.494578929,4.486627761,6.437153057,7.966748389,4.548,4.867651988
2021-01-03 16:00:00,5.568,6.488563869,4.227445501,6.213199201,6.333134087,6.861774027,4.458,5.024969047
2021-01-03 17:00:00,6.568,7.988808241,5.24665212,6.695495408,7.462621997,8.355509791,4.663,4.6430726
2021-01-03 18:00:00,8.053,9.562171796,6.463373419,7.057874458,9.021334605,10.2925,4.7,5.42901971
2021-01-03 19:00:00,8.234,9.798818546,8.047494424,8.479013012,9.184682441,10.68856215,4.842,5.303239832
2021-01-03 20:00:00,7.768,10.2925,6.966064696,8.061590138,9.874356963,11.16775533,4.543,4.96905652
2021-01-03 21:00:00,7.347,10.21061946,6.7508404,8.469681326,9.939536398,11.03816466,4.207,4.464607637
2021-01-03 22:00:00,6.384,8.776807282,5.825745887,7.471071339,7.752255242,9.490604234,3.808,4.29382226
2021-01-03 23:00:00,5.195,7.028595271,4.092039617,5.817993573,6.743947805,7.627575197,3.322,3.641815251
2021-01-04 00:00:00,4.881,5.824674556,3.902800633,5.461314519,5.147473759,6.411937392,2.956,3.255107028
2021-01-04 01:00:00,4.16,5.226123859,3.301866005,4.204524108,4.667934326,6.567227594,3.034,3.25718673
2021-01-04 02:00:00,3.508,4.33148214,2.927243026,3.714494225,4.140448758,5.023098565,2.704,2.995933075
2021-01-04 03:00:00,3.092,3.938710869,2.483918455,3.197924784,3.564246075,4.031795965,2.696,2.086
2021-01-04 04:00:00,2.908,3.510949753,2.373215467,3.010946771,3.355960824,3.796478548,2.892,3.083634444
2021-01-04 05:00:00,3.212,3.748001292,2.722864563,3.455243063,3.850359317,4.35485334,2.803,2.770940305
2021-01-04 06:00:00,4.134,4.096279826,2.768872744,3.51526186,3.912548744,4.415404054,3.058,3.290791218
2021-01-04 07:00:00,5.076,4.694833258,3.173931594,4.026458219,4.487329688,5.078603719,4.286,4.671465657
2021-01-04 08:00:00,4.921,5.679743125,3.836856708,4.870834946,5.476524726,6.140117614,5.616,6.108569161
2021-01-04 09:00:00,5.182,6.733870111,4.551701843,5.774848283,6.438856222,7.653298017,6.776,5.981067008
2021-01-04 10:00:00,5.636,7.932231899,5.351896278,7.021775555,6.417952856,8.576578538,7.265,6.504884062
2021-01-04 11:00:00,5.908,9.276206888,6.110655431,7.774327557,8.641101325,9.772666294,7.55,3.954609273
2021-01-04 12:00:00,6.267,8.41468561,5.688897392,7.217462333,8.109890129,8.995083014,7.05,6.354961684
2021-01-04 13:00:00,6.372,8.712449047,6.56190508,7.751611688,8.640527271,9.771401359,7.32,3.417400096
2021-01-04 14:00:00,6.122,7.225358012,4.888077017,6.2006344,6.912438909,7.817676213,6.802,5.649424913
2021-01-04 15:00:00,6.549,7.087140664,4.790565937,6.077881558,6.686627433,7.661635088,6.858,6.213423599
2021-01-04 16:00:00,6.616,6.978766238,4.754254925,5.954416757,6.670630826,7.544549565,6.55,5.754114266
2021-01-04 17:00:00,7.267,8.822030989,5.449713928,7.735818439,7.801290581,8.823402198,6.946,5.665384656
2021-01-04 18:00:00,8.411,10.77462547,6.80785225,8.51012968,9.139021076,11.3225,6.564,3.305082551
2021-01-04 19:00:00,8.875,8.994249737,7.00357944,8.885571838,9.903804648,11.20098764,5.729,3.674263042
2021-01-04 20:00:00,9.058,11.15874289,7.228683655,9.020048664,9.758700462,11.56046536,4.87,4.561963918
2021-01-04 21:00:00,8.972,11.14051966,7.153855986,9.076257443,10.1162547,11.00991356,4.014,2.542870096
2021-01-04 22:00:00,7.608,9.094459738,6.288701092,7.700290442,8.531363248,9.703960103,3.825,4.161602553
2021-01-04 23:00:00,6.008,7.063092116,4.801435267,6.082164844,6.779006959,7.664739031,3.104,3.703713817
2021-01-05 00:00:00,4.881,5.766329303,3.901964317,4.882826235,5.349164636,5.825190764,3.004,3.429156778
2021-01-05 01:00:00,4.16,4.918320221,3.345021667,4.294378894,4.700965679,4.689768682,3.028,3.172914198
2021-01-05 02:00:00,3.508,4.299140182,2.905673413,3.608943657,4.109626223,4.647661716,2.689,2.858190794
2021-01-05 03:00:00,3.092,3.32346336,2.081,3.26867628,3.643205557,4.122125756,2.62,2.666000544
2021-01-05 04:00:00,2.908,3.596946418,2.431564619,3.084298709,3.438426029,4.083561546,2.758,3.186608916
2021-01-05 05:00:00,3.212,3.91265569,2.675810549,3.422384076,4.989290213,4.279578404,2.561,3.116936588
2021-01-05 06:00:00,4.134,5.046096151,3.412866257,4.32995428,3.360465545,5.458626311,3.013,3.661189644
2021-01-05 07:00:00,5.076,6.849110804,4.165413154,5.284756647,5.890304654,6.661792485,4.136,2.086
2021-01-05 08:00:00,4.921,5.980662488,4.042605397,5.182433488,5.716649794,6.45700545,5.48,5.863244213
2021-01-05 09:00:00,5.182,6.288950365,4.251497654,5.393635419,6.011786564,6.799089523,6.382,7.070111196
2021-01-05 10:00:00,5.636,7.717710037,4.613263821,4.481560326,6.523102309,7.377274437,6.906,6.388666624
2021-01-05 11:00:00,5.908,8.159678917,4.733282681,6.005236027,6.693183362,7.570196483,7.377,6.435487509
2021-01-05 12:00:00,6.267,7.249615143,5.014695615,6.367880874,7.097531899,8.602580447,6.917,7.488287571
2021-01-05 13:00:00,6.372,7.547571336,5.102042833,6.472915883,7.211869932,8.155141674,6.586,6.191533155
2021-01-05 14:00:00,6.122,7.251814513,4.901874815,6.219114085,7.159852815,7.797776863,6.014,6.262962657
2021-01-05 15:00:00,6.549,9.196456972,5.335705893,6.785426739,7.545247907,8.533007792,6.112,5.886893183
2021-01-05 16:00:00,6.616,7.969638932,5.149645203,6.833998475,7.617456796,8.615121954,5.822,5.95926781
2021-01-05 17:00:00,7.267,8.733410335,5.780369826,7.489774085,8.353127565,9.44132382,5.745,6.164357895
2021-01-05 18:00:00,8.411,9.938138018,6.703245387,8.522858003,9.497663914,10.74370595,5.684,6.105345645
2021-01-05 19:00:00,8.875,8.712386228,7.090970285,8.235266457,10.01710262,11.33245607,5.168,5.765263163
2021-01-05 20:00:00,9.058,10.22330036,7.226776924,10.54073548,10.21936122,11.3225,4.678,5.095123925
2021-01-05 21:00:00,8.972,10.57966239,7.154489397,8.245837513,10.80747686,11.442307,4.278,4.392057174
2021-01-05 22:00:00,7.608,8.992329396,6.062791274,7.692204766,8.573211077,9.696362649,3.617,4.078312621
2021-01-05 23:00:00,6.008,7.074944874,5.816870236,6.068163328,6.763475806,7.651627712,2.982,3.490248459
2021-01-06 00:00:00,4.688,5.779179253,3.903412549,4.955754929,5.524135846,6.247584381,2.844,3.36796775
2021-01-06 01:00:00,4.24,4.874614349,3.295241863,4.181194343,3.70578123,6.653785373,2.704,3.21186842
2021-01-06 02:00:00,3.332,4.167308842,2.939727199,3.862868214,4.061575196,4.592077655,2.534,2.941263546
2021-01-06 03:00:00,2.822,4.004150795,2.769421628,3.210346978,2.081,4.634093488,2.531,2.086
2021-01-06 04:00:00,2.638,3.531365327,2.387150524,3.028910058,3.37466122,3.817579622,2.585,3.044619529
2021-01-06 05:00:00,3.077,3.886006343,2.626447695,2.081,3.709271876,4.104354154,2.562,2.881645869
2021-01-06 06:00:00,3.135,5.499688267,3.46220671,4.26104041,4.749289699,5.37137267,2.986,3.228130074
2021-01-06 07:00:00,3.643,6.615543087,3.864729357,5.259545219,5.806440535,6.566863786,4.082,3.611812012
2021-01-06 08:00:00,4.477,5.895798195,3.966604615,5.04837057,5.625013791,6.35806108,3.884,5.553861882
2021-01-06 09:00:00,5.37,6.155700472,4.160839678,5.279023123,5.675922276,6.653842573,4.21,6.393425259
2021-01-06 10:00:00,6.386,6.685443945,4.519064237,5.728345177,6.386374703,7.226407316,4.227,7.353206204
2021-01-06 11:00:00,7.323,8.590945132,5.807930499,7.256611313,8.210314149,9.111590758,4.916,5.8696
2021-01-06 12:00:00,6.793,8.439902806,5.383877493,6.830751313,7.450035313,8.6116693,4.635,7.537650931
2021-01-06 13:00:00,7.32,7.52028541,5.100532866,6.462012846,7.198052769,8.140674272,5.104,6.447089842
2021-01-06 14:00:00,5.82,6.971723993,6.11783198,6.128349271,6.833097642,7.779122473,4.936,6.724576379
2021-01-06 15:00:00,5.662,7.756066954,5.243127232,6.650870716,6.285497925,8.202380638,4.735,6.444887145
2021-01-06 16:00:00,5.568,7.834201408,5.295490542,6.718599838,7.488389876,9.241366812,4.832,7.056067587
2021-01-06 17:00:00,6.568,8.561369848,5.612739954,7.342428237,8.183187907,9.254795198,4.55,6.557730851
2021-01-06 18:00:00,8.053,9.800989722,5.906277987,8.385961787,9.151150928,10.59721887,4.852,6.392258084
2021-01-06 19:00:00,8.234,10.2925,6.973534075,8.875225434,9.892265877,11.05443018,4.798,5.607543986
2021-01-06 20:00:00,7.768,10.32147523,7.08824681,9.061850048,10.19566163,10.2925,4.678,5.237986124
2021-01-06 21:00:00,7.347,10.47124335,7.078015625,9.024290201,10.2925,11.32009781,4.242,4.705026782
2021-01-06 22:00:00,6.384,8.864505682,5.924056701,7.602809155,8.474282405,9.583592339,3.816,3.819656824
2021-01-06 23:00:00,5.195,6.973294464,4.808400975,5.986899676,6.671426572,7.546009468,3.328,3.875069781
2021-01-07 00:00:00,4.881,5.711607446,3.847457654,4.881260927,5.486590331,6.153122437,3.434,3.562689357
2021-01-07 01:00:00,4.16,4.863691992,4.082174227,4.177612471,4.634700052,5.257930029,3.114,3.286545767
2021-01-07 02:00:00,3.508,4.135147006,2.78889303,3.540320844,3.945270039,4.49308308,3.125,3.076236971
2021-01-07 03:00:00,3.092,3.639895364,2.460810159,3.121925267,3.479672338,3.495785322,2.959,3.113048483
2021-01-07 04:00:00,2.908,3.339832337,2.34283237,4.581910954,2.884045099,3.703878413,2.983,3.20542055
2021-01-07 05:00:00,3.212,3.787334274,2.583885622,3.248224585,3.620154252,3.613935017,2.913,3.08246291
2021-01-07 06:00:00,4.134,4.846095464,3.395657603,4.179698653,4.662403337,5.279641522,3.372,3.441706069
2021-01-07 07:00:00,5.076,5.991682607,4.051579693,5.139257538,6.380313001,6.237685664,4.308,4.713954885
2021-01-07 08:00:00,4.921,5.810806104,3.927822391,6.250330333,5.343933212,6.323431398,5.822,5.044772312
2021-01-07 09:00:00,5.182,6.324759158,3.852874906,5.248796042,5.850294222,6.616489355,6.26,7.143848868
2021-01-07 10:00:00,5.636,6.389584387,4.50027263,5.70971102,6.362287043,7.971260397,6.741,7.47104247
2021-01-07 11:00:00,5.908,7.127519275,6.097555717,5.985652801,6.724394228,7.544344186,7.312,8.4088
2021-01-07 12:00:00,6.267,7.405022276,4.837721442,6.350257626,7.429515705,8.004615965,7.004,7.580260884
2021-01-07 13:00:00,6.372,7.518339732,5.081995087,6.908110515,7.186441847,8.127628625,6.861,7.484176741
2021-01-07 14:00:00,6.122,7.987805169,4.852386175,6.158045047,6.86433513,8.945970936,6.21,6.659083168
2021-01-07 15:00:00,6.549,7.73891189,5.228272892,6.636135899,6.719345731,8.366204148,5.797,6.337014271
2021-01-07 16:00:00,6.616,7.468079809,5.285492464,6.823278289,7.47189716,8.475947041,5.738,6.327604883
2021-01-07 17:00:00,7.267,8.482038394,6.01785237,8.297875279,8.206313126,9.746233299,6.145,6.601814939
2021-01-07 18:00:00,8.411,9.880656333,6.864254126,8.47240318,9.444511213,10.6815446,6.136,6.344871123
2021-01-07 19:00:00,8.875,10.56113015,7.049088703,8.942087369,10.75155433,11.2725113,5.208,3.735803786
2021-01-07 20:00:00,9.058,10.71021086,7.090546842,9.126068415,10.05001883,11.3225,4.792,5.234021225
2021-01-07 21:00:00,8.972,10.54129565,7.124258395,8.998174083,10.07440091,11.3940217,4.036,4.581531973
2021-01-07 22:00:00,7.608,8.882350603,6.035551775,7.400479312,8.535002724,9.652177812,3.562,3.955638766
2021-01-07 23:00:00,6.008,7.036394616,4.760094944,6.039274047,5.251534687,7.612456995,2.983,3.51800311
2021-01-08 00:00:00,4.881,5.762381435,3.217861985,4.941172253,5.809203082,5.616919259,2.851,3.423229677
2021-01-08 01:00:00,4.16,4.999775874,3.379510291,5.349810704,5.552046124,5.403389919,2.684,3.044062173
2021-01-08 02:00:00,3.508,4.144797327,2.801377955,3.300769721,3.961823682,4.480805615,2.655,3.158797358
2021-01-08 03:00:00,3.092,3.643279017,2.469686713,3.10286626,3.492906084,3.949148827,2.713,2.600359879
2021-01-08 04:00:00,2.908,3.436018124,2.307763451,4.071557325,3.283717554,3.714561827,2.7,3.012110144
2021-01-08 05:00:00,3.212,3.757188763,2.565001413,3.254149014,3.629674066,4.425607929,2.641,2.897764627
2021-01-08 06:00:00,4.134,4.785554118,3.300259149,4.227828028,4.666960819,5.2782471,3.053,3.382509073
2021-01-08 07:00:00,5.076,5.994331223,4.051840988,5.140633984,5.729707893,6.480233898,4.168,4.492269549
2021-01-08 08:00:00,4.921,5.808821026,3.936596941,5.850945444,5.561392677,6.31737261,5.796,3.658026834
2021-01-08 09:00:00,5.182,5.776376566,4.143282321,5.48192146,5.855840219,6.416370436,6.604,7.397991659
2021-01-08 10:00:00,5.636,6.663798926,4.503478463,5.716696982,7.081393968,7.191136437,7.076,7.764531925
2021-01-08 11:00:00,5.908,6.970690629,4.713615862,5.963418457,6.664920234,6.777988061,7.554,8.187022692
2021-01-08 12:00:00,6.267,7.396302897,4.996604511,6.283815972,7.069796447,8.171462234,7.053,7.671484392
2021-01-08 13:00:00,6.372,7.744805589,5.368937288,6.449195983,6.519901585,8.128390891,6.6,7.853133528
2021-01-08 14:00:00,6.122,7.224900105,4.883538717,6.195156029,6.906017871,7.810950451,6.216,6.788596266
2021-01-08 15:00:00,6.549,7.727827122,6.187209147,6.331955649,7.387503228,8.575898282,5.688,6.170715208
2021-01-08 16:00:00,6.616,7.807505251,5.203855916,6.695896788,7.46296885,8.34517366,5.84,6.420346646
2021-01-08 17:00:00,7.267,8.574232886,5.976744626,6.963696076,8.197137886,9.563774172,5.83,6.195059901
2021-01-08 18:00:00,8.411,9.904987619,6.768110963,8.497275445,9.391287494,10.72734482,5.604,6.277124119
2021-01-08 19:00:00,8.875,10.3711088,7.105920373,9.007654922,10.0106945,11.32185407,5.342,5.862712476
2021-01-08 20:00:00,9.058,10.68909218,7.225540752,8.600992415,10.21707713,11.3225,4.882,5.252598818
2021-01-08 21:00:00,8.972,10.48011841,6.77461814,9.07962782,10.12003402,11.44546875,4.225,4.595430763
2021-01-08 22:00:00,7.608,8.97776863,5.349823031,7.701296299,8.701803828,9.7050583,4.072,4.283063884
2021-01-08 23:00:00,6.008,7.089990642,4.792252973,6.08001161,6.774973871,7.800948856,3.282,3.636797668
2021-01-09 00:00:00,4.688,5.762671831,3.895265246,4.284787908,5.50841584,6.229789087,3.06,3.537639667
2021-01-09 01:00:00,4.24,5.003454267,3.382110174,4.578759148,4.857104002,5.408871488,2.867,3.255446378
2021-01-09 02:00:00,3.332,5.929452782,2.60760403,3.128443791,3.959264479,4.478234454,2.782,2.086
2021-01-09 03:00:00,2.822,3.651695694,2.468411024,3.131798428,4.704749389,3.947693238,2.716,3.065664095
2021-01-09 04:00:00,2.638,3.431389219,2.326278353,2.951569937,3.289775802,3.720647569,2.843,3.065595504
2021-01-09 05:00:00,3.077,3.793841293,2.564524984,3.253555827,3.626362371,4.101769783,2.757,2.95084029
2021-01-09 06:00:00,3.135,4.520499273,3.961890879,4.186947834,4.666540103,5.277916342,2.734,2.586890787
2021-01-09 07:00:00,3.643,6.151628185,4.116352093,5.140440993,5.729432326,6.480323115,2.856,4.631984299
2021-01-09 08:00:00,4.477,5.502171612,3.835387219,4.983800548,5.554392464,6.282507585,3.23,3.526807489
2021-01-09 09:00:00,5.37,6.118858673,4.231932847,5.248054466,4.477871209,8.152206883,3.68,6.943039646
2021-01-09 10:00:00,6.386,6.708862042,4.498927055,5.707921473,6.362004548,5.90649485,4.396,7.497021771
2021-01-09 11:00:00,7.323,6.970443737,4.711639944,5.977937077,6.662732033,7.535449004,5.179,6.2077
2021-01-09 12:00:00,6.793,7.394406699,4.999265446,6.341446763,7.072767036,7.99381991,4.756,7.361959775
2021-01-09 13:00:00,7.32,7.519986038,5.083251006,7.660958662,7.188257072,8.129107357,4.925,6.969060238
2021-01-09 14:00:00,5.82,8.409086492,4.884131449,5.674104926,6.874518232,7.811208221,5.121,4.920884938
2021-01-09 15:00:00,5.662,7.746857872,5.225327306,6.581275577,7.389109248,8.395224728,4.664,5.987044378
2021-01-09 16:00:00,5.568,7.810941223,5.095225944,6.420415017,7.466238825,8.543966028,4.612,6.133052408
2021-01-09 17:00:00,6.568,8.579987465,5.992844882,7.357918479,6.884066341,10.54448205,4.978,5.875184363
2021-01-09 18:00:00,8.053,9.927942293,6.710562483,8.513492575,9.489691586,10.73269712,5.398,5.967583011
2021-01-09 19:00:00,8.234,10.38046373,8.392220929,9.674250349,10.01323718,10.2925,5.124,5.491234497
2021-01-09 20:00:00,7.768,10.2925,6.96143514,9.169870745,10.21999665,11.38532973,4.776,5.008976652
2021-01-09 21:00:00,7.347,9.840475819,7.158685848,9.59420728,10.1237874,11.43294626,4.105,4.423706691
2021-01-09 22:00:00,6.384,8.981479344,6.782447892,7.701029911,8.584886758,9.750608463,3.62,3.91676188
2021-01-09 23:00:00,5.195,7.093631954,3.705107727,6.083418044,6.780550196,7.149664445,2.87,3.249589657
2021-01-10 00:00:00,4.688,5.532167977,3.728002667,4.750555534,5.286283973,5.980596632,2.755,3.070395575
2021-01-10 01:00:00,4.24,4.577864657,3.722535628,4.291089283,4.550632368,5.340165131,2.692,2.086
2021-01-10 02:00:00,3.332,4.04412638,3.063958647,3.546329444,3.952834032,4.673771216,2.63,3.312445163
2021-01-10 03:00:00,2.822,3.645745611,2.462177548,3.330859838,3.483948022,4.726566669,2.577,2.822357778
2021-01-10 04:00:00,2.638,3.101792292,2.320788725,2.944349048,3.281600116,3.711680844,2.546,2.086
2021-01-10 05:00:00,3.077,3.786928323,2.560128267,3.247772878,3.621250361,4.092402991,2.572,2.398159452
2021-01-10 06:00:00,3.135,4.274590556,3.29597488,4.181069267,4.660189467,5.382488096,2.569,2.988465794
2021-01-10 07:00:00,3.643,5.987259097,4.049905104,5.134633341,5.902454158,6.697343516,2.625,4.624574012
2021-01-10 08:00:00,4.477,6.043136993,3.921291315,4.977952666,5.547743641,6.274229466,2.728,2.213570027
2021-01-10 09:00:00,5.37,6.112410784,4.136458537,5.243243497,5.844024861,6.353663603,2.851,6.794733644
2021-01-10 10:00:00,6.386,6.585421847,4.494277105,5.396665746,5.703640372,6.707207801,3.436,7.002397937
2021-01-10 11:00:00,7.323,6.964486871,4.718717324,7.279262727,6.662435924,7.293718078,3.938,5.1773
2021-01-10 12:00:00,6.793,7.393993227,5.088542835,6.047795104,7.148565189,7.993284779,4.294,7.079196181
2021-01-10 13:00:00,7.32,7.518766788,4.100747913,6.44717733,7.195152497,8.128119483,3.838,7.513021183
2021-01-10 14:00:00,5.82,7.226069573,4.882246441,6.196253033,6.607212748,7.951990261,3.92,6.20078094
2021-01-10 15:00:00,5.662,7.729588418,5.224852719,6.627970725,7.356163086,7.594530301,3.973,5.846953621
2021-01-10 16:00:00,5.568,7.809055913,4.984228955,6.384682577,7.129883222,8.441923566,3.83,5.793792199
2021-01-10 17:00:00,6.568,8.382030301,5.798022726,7.776321561,8.21060951,9.27266279,4.314,5.631166204
2021-01-10 18:00:00,8.053,10.13662717,6.71052355,8.513732695,9.489036437,10.2925,4.502,5.609114118
2021-01-10 19:00:00,8.234,10.47512114,7.018133378,8.99291399,10.01509102,11.32419131,4.41,7.496992882
2021-01-10 20:00:00,7.768,10.2925,7.393373013,9.121409348,10.21915101,11.52179735,4.43,5.005740873
2021-01-10 21:00:00,7.347,10.58965651,7.158942864,8.718483214,9.320168119,11.44866145,4.172,4.597258513
2021-01-10 22:00:00,6.384,7.5144902,6.206632452,7.701197856,8.583634484,9.517243235,3.564,3.895184432
2021-01-10 23:00:00,5.195,7.176159187,5.096537587,6.081081416,6.7788852,8.33647246,3.082,3.349508205
2021-01-11 00:00:00,4.881,5.758757422,3.892642865,4.938634535,5.504570468,6.79968412,2.955,3.084354299
2021-01-11 01:00:00,4.16,4.946816627,3.343872623,4.239805597,4.729199111,4.83738882,2.848,3.230808655
2021-01-11 02:00:00,3.508,4.13888885,2.802286706,3.549076575,3.95596162,3.304606332,2.866,3.007410362
2021-01-11 03:00:00,3.092,3.992437474,3.543144613,3.127714331,2.809652947,3.943484654,2.844,2.961945687
2021-01-11 04:00:00,2.908,3.432802878,2.319967065,2.943833961,3.281333284,3.708114254,2.792,2.94956213
2021-01-11 05:00:00,3.212,3.846272863,2.222555598,3.249950334,3.019768814,4.098061759,2.792,2.990317657
2021-01-11 06:00:00,4.134,4.904773267,4.076485187,4.183102037,4.523497263,5.294117118,3.112,3.290373699
2021-01-11 07:00:00,5.076,5.958165853,4.052248939,5.143671346,5.725003662,6.474955839,4.406,4.816238166
2021-01-11 08:00:00,4.921,5.806753878,3.753401012,4.979986981,5.559869283,6.27761494,6.466,4.731075057
2021-01-11 09:00:00,5.182,6.114265703,4.13451754,5.243915671,5.85183042,6.61041013,6.263,6.964374963
2021-01-11 10:00:00,5.636,6.650526023,4.495110439,5.70338764,6.356986488,7.153686016,6.546,7.655217192
2021-01-11 11:00:00,5.908,6.972935981,4.78654775,6.047426663,6.663858861,8.807855615,6.906,7.568895213
2021-01-11 12:00:00,6.267,7.395286792,4.994934927,6.379819651,7.07261291,7.994906201,6.472,7.068833159
2021-01-11 13:00:00,6.372,7.535465131,5.082671041,6.406597581,7.187405844,8.128384834,6.162,6.756490257
2021-01-11 14:00:00,6.122,7.223786354,4.52811328,6.195726201,6.905480449,7.543994319,5.688,6.215520035
2021-01-11 15:00:00,6.549,7.596768597,4.755974418,8.420087853,7.387015265,8.385964693,5.261,5.830359147
2021-01-11 16:00:00,6.616,7.807527317,5.659971562,6.695790252,6.752314445,8.314237848,5.124,5.68345684
2021-01-11 17:00:00,7.267,8.576349106,5.80877387,7.354316793,8.196976687,9.271004381,5.27,5.685492221
2021-01-11 18:00:00,8.411,9.925912068,6.709300095,8.511559728,9.487653784,10.73041924,5.062,5.589729216
2021-01-11 19:00:00,8.875,10.47391138,8.212722249,8.982027314,10.01148245,11.3223793,4.543,5.083719643
2021-01-11 20:00:00,9.058,10.66638181,6.649545488,9.166906441,10.21755783,10.55203323,4.342,4.859218061
2021-01-11 21:00:00,8.972,10.58828969,7.156978674,9.442906613,10.13727391,11.31903505,3.937,4.532837238
2021-01-11 22:00:00,7.608,8.978540245,6.068891221,7.653165894,9.381198029,9.70633891,3.454,3.894377289
2021-01-11 23:00:00,6.008,7.090509998,4.792844355,6.064003691,6.777489987,7.665238156,3.049,3.288768451
2021-01-12 00:00:00,4.881,5.758807707,3.809093677,4.939500867,5.505442738,6.226496856,2.868,3.292107594
2021-01-12 01:00:00,4.16,5.229399422,3.015485806,4.210591034,4.403969658,5.372464232,2.862,3.326166726
2021-01-12 02:00:00,3.508,4.139473797,2.738896196,3.549635868,3.956744086,3.525987013,2.846,2.812937703
2021-01-12 03:00:00,3.092,3.715207341,2.135753748,3.128893037,3.994041291,3.944340459,2.824,3.121991227
2021-01-12 04:00:00,2.908,3.405662928,2.320268346,3.889587821,3.280819374,3.711795602,2.824,2.911012607
2021-01-12 05:00:00,3.212,3.790251692,2.562006476,3.250543286,4.254862595,4.159259396,2.895,3.107156525
2021-01-12 06:00:00,4.134,4.877021851,3.297379674,3.955025651,4.663020767,5.193959169,3.136,3.578731858
2021-01-12 07:00:00,5.076,5.988135104,4.048866776,5.558427384,5.725514429,6.801874438,4.424,4.858075658
2021-01-12 08:00:00,4.921,5.813819136,3.925461473,4.833737789,5.549734891,6.482812568,5.922,3.318276186
2021-01-12 09:00:00,5.182,6.115106708,4.13356191,5.244555554,5.840923725,6.610567624,5.877,6.571104693
2021-01-12 10:00:00,5.636,6.650333481,6.118660198,5.703646153,7.514373728,7.191193394,6.251,6.993816334
2021-01-12 11:00:00,5.908,6.972271359,4.821003873,5.978896152,6.664035357,7.763430749,6.721,7.267437077
2021-01-12 12:00:00,6.267,6.476091338,4.998943638,6.342275845,7.214152093,7.994818184,6.12,5.731224607
2021-01-12 13:00:00,6.372,7.561052182,4.979574873,6.447684292,7.119534378,8.128909763,5.9,6.406227631
2021-01-12 14:00:00,6.122,6.773005249,4.883617887,6.195515988,7.311797508,8.701310521,5.614,6.468768612
2021-01-12 15:00:00,6.549,7.73077831,5.224066319,6.627700712,7.49071346,8.154789325,5.62,5.952846856
2021-01-12 16:00:00,6.616,7.702404555,5.277348384,6.69542252,7.46273865,8.571537325,5.554,3.174366258
2021-01-12 17:00:00,7.267,8.491547108,5.796616259,7.354382268,8.158425784,10.53777839,5.363,4.746186703
2021-01-12 18:00:00,8.411,9.833733588,4.29054715,8.512719898,9.232129951,10.38318241,5.182,5.518708906
2021-01-12 19:00:00,8.875,10.47329767,7.079400389,8.074650913,11.3225,11.32223884,4.762,5.112910706
2021-01-12 20:00:00,9.058,10.68926493,7.226628036,9.165656663,10.21751199,11.55575049,4.578,4.71458818
2021-01-12 21:00:00,8.972,10.58782639,7.156739799,9.633937722,10.38595762,11.3225,4.324,4.492262058
2021-01-12 22:00:00,7.608,8.977354208,6.574739292,7.772180045,8.581834252,9.705882104,3.692,3.99578693
2021-01-12 23:00:00,6.008,7.014584984,4.791931953,5.930961508,6.467114078,7.66463014,2.947,2.086
2021-01-13 00:00:00,4.881,5.711457238,3.893422044,4.939686642,4.671846644,6.226890179,2.738,3.507299349
2021-01-13 01:00:00,4.16,4.915338152,2.963196071,4.210790281,4.588780133,5.196346652,2.729,3.041334092
2021-01-13 02:00:00,3.508,4.211968545,2.973258595,3.563379758,3.957053212,4.47507737,2.615,2.93976509
2021-01-13 03:00:00,3.092,3.63737273,2.46526727,3.335621926,2.163829869,4.213373595,2.594,2.822208218
2021-01-13 04:00:00,2.908,3.431786147,2.319606904,2.978657067,3.280260697,3.711290348,2.842,3.010367911
2021-01-13 05:00:00,3.212,3.455260331,2.567457482,3.250468389,3.620302932,4.097523067,2.86,3.001009206
2021-01-13 06:00:00,4.134,4.878426622,3.297297212,4.311158713,4.66293605,4.637731017,3.163,3.382104609
2021-01-13 07:00:00,5.076,6.029190259,4.048598327,5.154485037,5.723869704,6.475613877,4.354,4.547837712
2021-01-13 08:00:00,4.921,5.807004818,3.925259402,4.978287412,5.546880334,5.764892706,5.052,5.2038344
2021-01-13 09:00:00,5.182,7.085939723,4.13310663,5.244157412,5.673789725,6.612839797,5.435,4.671879041
2021-01-13 10:00:00,5.636,6.650984563,4.495542964,5.703584224,6.317811878,7.189167436,6.03,6.954268432
2021-01-13 11:00:00,5.908,6.971099753,4.712713799,5.978884336,6.69141754,7.694412339,6.409,7.132025621
2021-01-13 12:00:00,6.267,7.395502224,4.995492178,6.31095289,7.0720319,8.002106863,5.971,6.674783839
2021-01-13 13:00:00,6.372,7.51928823,5.370900464,6.448457822,7.187347329,8.129019507,5.842,6.676791267
2021-01-13 14:00:00,6.122,7.874293201,4.87279404,6.195433763,6.905337738,7.808769088,5.256,5.866350869
2021-01-13 15:00:00,6.549,7.72832356,5.275013952,7.082017656,7.365870985,7.316174467,5.312,5.018161776
2021-01-13 16:00:00,6.616,7.807331125,5.276763892,6.69535622,7.462542819,8.440076395,5.241,5.647531835
2021-01-13 17:00:00,7.267,8.588862839,5.663345472,7.354252574,8.196859287,9.27051061,4.777,5.109976762
2021-01-13 18:00:00,8.411,9.756392571,6.714160776,9.777706934,9.487717867,10.72918428,4.457,5.312419026
2021-01-13 19:00:00,8.875,10.97965933,7.19298834,8.982252155,10.78716859,11.32924288,4.46,3.294154312
2021-01-13 20:00:00,9.058,10.6895303,7.225539828,9.167211376,10.21759048,11.3225,4.262,4.668611344
2021-01-13 21:00:00,8.972,10.5878432,7.417735853,9.080155454,10.11990234,11.44640453,4.058,4.409152181
2021-01-13 22:00:00,7.608,8.978369485,6.064620112,6.410918555,8.582019215,9.597928032,3.598,3.828742285
2021-01-13 23:00:00,6.008,7.090048691,4.793964776,6.05999674,6.777620055,7.904726808,2.9,3.083370212
2021-01-14 00:00:00,4.881,5.760267758,3.893474268,5.12276108,5.503812096,6.227191514,2.771,3.054547463
2021-01-14 01:00:00,4.16,4.789855826,3.318460729,4.210270608,4.768322256,5.312764146,2.95,3.650496149
2021-01-14 02:00:00,3.508,4.139876689,2.795907961,3.550099507,3.956881758,4.395659935,2.798,2.960135547
2021-01-14 03:00:00,3.092,3.524570403,2.13925541,3.157013839,3.487645894,3.944415604,2.664,2.764818785
2021-01-14 04:00:00,2.908,3.432422749,2.319511295,2.94289649,3.280092678,3.683046838,2.609,2.819077712
2021-01-14 05:00:00,3.212,3.790414036,2.703501193,3.258151306,4.395235664,4.097586825,2.634,3.016604366
2021-01-14 06:00:00,4.134,4.871970991,3.296742155,4.377334661,4.715405407,5.27369339,3.06,3.482193738
2021-01-14 07:00:00,5.076,6.061995492,4.048920308,5.136997053,5.725363369,6.571588261,4.262,4.88913623
2021-01-14 08:00:00,4.921,5.807125214,4.094406803,4.980112485,5.550726099,6.277936286,5.754,4.503894119
2021-01-14 09:00:00,5.182,6.114333916,4.166262962,5.229685541,5.844858358,6.2201015,6.239,6.707712699
2021-01-14 10:00:00,5.636,6.650939038,4.495800544,5.703700722,6.356296009,6.227314931,6.804,7.006742119
2021-01-14 11:00:00,5.908,6.971802513,4.888664112,5.788408817,6.644233981,7.536951269,7.542,7.239774975
2021-01-14 12:00:00,6.267,7.39555521,4.99922125,6.110016266,7.069074845,7.837515508,7.112,7.061287044
2021-01-14 13:00:00,6.372,7.473253,5.105753501,6.448866363,7.049169587,8.128971644,6.728,7.015221066
2021-01-14 14:00:00,6.122,7.226656819,4.883400336,5.891159472,6.898131085,7.805998756,6.518,4.892991197
2021-01-14 15:00:00,6.549,7.144191456,5.222171182,6.627899599,7.384579478,8.292281614,6.111,6.267131725
2021-01-14 16:00:00,6.616,7.807392187,5.232305303,6.473730131,7.462716152,8.446005497,5.382,6.408122607
2021-01-14 17:00:00,7.267,8.577629272,5.793566565,7.354405138,8.197250325,9.240205613,5.456,5.596400844
2021-01-14 18:00:00,8.411,9.9258428,6.70937624,8.507342119,9.493165774,10.73052444,5.37,5.54383315
2021-01-14 19:00:00,8.875,10.47405444,6.647313487,8.982449191,10.01164357,11.32361403,4.794,5.120448796
2021-01-14 20:00:00,9.058,10.6902024,7.122766223,9.167668629,10.93165384,11.3225,4.436,4.896869628
2021-01-14 21:00:00,8.972,9.337297397,7.155353193,9.597640207,10.33393533,11.44884691,4.052,4.666820918
2021-01-14 22:00:00,7.608,9.218485133,6.068662474,7.885691636,8.582443359,9.707777248,3.462,4.058366004
2021-01-14 23:00:00,6.008,7.090295736,4.793060581,6.08055697,6.777298596,7.80579942,3.046,3.350516777
2021-01-15 00:00:00,4.881,5.760966572,5.016987146,4.94607459,5.506612183,6.228139916,2.864,3.352597846
2021-01-15 01:00:00,4.16,4.910161559,3.318943969,4.212432457,3.931964184,5.308150239,2.744,3.140024649
2021-01-15 02:00:00,3.508,4.140010663,2.798385039,3.550371966,4.030882889,4.68064905,2.761,3.318858569
2021-01-15 03:00:00,3.092,3.649051961,2.450942157,3.129212064,3.985882365,3.944138953,2.738,3.0319287
2021-01-15 04:00:00,2.908,3.432000219,2.320371244,2.634313157,3.288711625,3.711934444,2.77,3.09609913
2021-01-15 05:00:00,3.212,4.56445084,2.56178363,3.050247222,3.623486556,4.097951544,2.724,2.086
2021-01-15 06:00:00,4.134,5.320838034,3.298659754,4.182714881,4.66338013,5.274215585,3.291,2.258611961
2021-01-15 07:00:00,5.076,5.990402521,4.049232911,5.067969452,5.726218388,5.956342225,4.738,5.015203926
2021-01-15 08:00:00,4.921,5.809484535,3.925592727,4.696751735,5.263413295,7.644845821,6.224,3.988927639
2021-01-15 09:00:00,5.182,5.850218633,4.139609306,5.072053265,6.90782642,6.611891383,6.532,6.762564798
2021-01-15 10:00:00,5.636,6.650834198,4.276241091,5.69844076,6.357681811,7.190380522,6.482,7.246373073
2021-01-15 11:00:00,5.908,6.748611306,4.712815454,4.902617923,6.66443962,7.346663842,7.068,8.1282
2021-01-15 12:00:00,6.267,7.396575373,5.501616965,6.343234409,7.0766685,7.994635482,6.776,7.494454159
2021-01-15 13:00:00,6.372,7.087064337,5.083330988,5.730528996,8.672502587,8.129362181,6.569,7.414588864
2021-01-15 14:00:00,6.122,8.635053546,4.951627764,6.163951402,6.905962657,7.810522748,6.098,4.293177738
2021-01-15 15:00:00,6.549,7.719153346,6.236870843,7.03344975,7.378952073,7.923329196,5.725,6.461562347
2021-01-15 16:00:00,6.616,7.657488772,5.277914746,6.696580385,7.028683005,8.436200222,5.008,5.541343982
2021-01-15 17:00:00,7.267,8.272054726,5.960897214,7.356531976,8.195306632,9.446367673,5.031,5.336896291
2021-01-15 18:00:00,8.411,9.927196135,6.706689821,8.491416945,9.487836299,10.45347843,5.248,5.578577715
2021-01-15 19:00:00,8.875,10.47393544,7.259753049,8.982235331,10.01146262,11.31421056,5.2,5.282816406
2021-01-15 20:00:00,9.058,10.70505703,7.22296691,9.491098214,10.21146236,11.3225,5.282,5.011269539
2021-01-15 21:00:00,8.972,10.42176049,6.483208599,8.940003814,9.91630721,11.43790556,5.263,4.82166801
2021-01-15 22:00:00,7.608,9.324421234,6.058552123,7.687007409,8.001339111,10.12620118,4.441,3.167517593
2021-01-15 23:00:00,6.008,7.062491271,3.924002802,5.736954602,6.257916722,7.643170486,3.45,3.928461752
2021-01-16 00:00:00,4.688,5.720325529,3.86711477,4.906286203,5.468478077,6.34958842,3.318,3.446910557
2021-01-16 01:00:00,4.24,4.818273201,3.277750955,4.161992826,4.806017438,5.246655202,3.119,3.173515304
2021-01-16 02:00:00,3.332,4.794671614,2.744787183,3.482445049,3.881414818,4.389801738,3.1,2.086
2021-01-16 03:00:00,2.822,3.543266909,2.394927014,2.940778059,2.544029965,3.826820262,3.015,3.298506731
2021-01-16 04:00:00,2.638,3.293081059,2.225843224,2.824094604,3.584648163,2.081,3.137,3.31050541
2021-01-16 05:00:00,3.077,3.214871773,2.136056858,2.757916868,3.072777696,3.475807666,3.012,3.206326877
2021-01-16 06:00:00,3.135,4.257770471,2.842747071,3.651505593,4.069842214,4.602942269,2.917,3.41487684
2021-01-16 07:00:00,3.643,5.324705302,3.519463635,4.566049369,5.089644524,5.458488181,2.801,5.29935333
2021-01-16 08:00:00,4.477,5.097060101,3.80384742,4.373776083,4.872153095,5.510472262,3.066,3.381964388
2021-01-16 09:00:00,5.37,5.404941789,2.683108637,4.597310633,5.860727685,5.689084341,3.275,7.641011236
2021-01-16 10:00:00,6.386,5.851505804,3.954461607,5.018187832,5.646647631,6.325900024,3.68,5.3429
2021-01-16 11:00:00,7.323,6.127594836,4.123427512,4.612337827,5.961803654,6.632000795,4.236,7.969024344
2021-01-16 12:00:00,6.793,6.096592267,4.997849918,5.579320551,6.220963251,7.028324453,3.975,6.994379816
2021-01-16 13:00:00,7.32,6.306107304,4.47814662,5.228174463,6.311916779,7.134093269,4.228,7.330958299
2021-01-16 14:00:00,5.82,7.176452966,4.21756291,5.348230098,5.964334343,6.745665066,4.15,5.670702894
2021-01-16 15:00:00,5.662,6.696292911,4.430723419,5.742688473,6.427742624,7.239111464,4.118,6.617921186
2021-01-16 16:00:00,5.568,6.771150804,4.578537624,5.806273187,5.657413615,7.927764675,4.134,5.894816474
2021-01-16 17:00:00,6.568,7.536596232,5.094334372,6.463300638,7.678740693,8.141845743,4.565,5.544605833
2021-01-16 18:00:00,8.053,8.885423819,5.71712869,7.971104566,8.492501072,9.605775414,4.31,6.781620686
2021-01-16 19:00:00,8.234,9.708801428,6.562739134,8.281469381,9.28027429,10.2925,4.646,5.050454714
2021-01-16 20:00:00,7.768,9.157274606,5.658605579,7.853177059,8.753026033,9.898997991,4.564,4.907255348
2021-01-16 21:00:00,7.347,8.660464935,5.563992392,7.425528999,8.276480432,9.358287851,4.64,4.899471276
2021-01-16 22:00:00,6.384,7.520968736,5.082594541,7.221986996,7.188925196,8.130560126,4.046,5.957628991
2021-01-16 23:00:00,5.195,6.041946372,4.886835053,4.153278171,5.774516527,6.744473124,3.346,3.61819786
2021-01-17 00:00:00,4.688,5.517332012,3.299258649,4.415215235,5.273202621,5.996405539,3.172,3.450992251
2021-01-17 01:00:00,4.24,4.987073245,3.370743543,4.276640653,4.76641705,5.390330551,3.056,3.275982978
2021-01-17 02:00:00,3.332,3.085820299,2.086972085,2.647296598,2.950624436,3.337058137,3.072,3.273611993
2021-01-17 03:00:00,2.822,2.6361245,2.081,2.081,2.48068375,2.806601013,2.936,3.121787662
2021-01-17 04:00:00,2.638,2.375810214,2.081,2.081,2.276524276,2.57553712,2.976,3.226439947
2021-01-17 05:00:00,3.077,2.78080503,2.335453284,2.385019063,2.081,3.006648121,2.956,3.066848807
2021-01-17 06:00:00,3.135,4.264336409,2.882412158,3.658291433,4.076958612,4.610239255,2.74,3.244515615
2021-01-17 07:00:00,3.643,5.402063449,3.651816909,5.069137389,5.164645544,5.840440619,2.895,5.248983998
2021-01-17 08:00:00,4.477,5.246493413,2.865793897,4.498361614,5.014881614,5.671847295,3.088,6.201244638
2021-01-17 09:00:00,5.37,4.871224686,4.983627148,4.78752925,5.335761358,6.034721093,3.286,7.470239544
2021-01-17 10:00:00,6.386,6.149177687,4.15652949,4.44398841,5.877754669,6.796373367,3.798,7.462034419
2021-01-17 11:00:00,7.323,6.93128312,4.68517365,5.944215227,6.626017619,8.200270898,4.006,5.3015
2021-01-17 12:00:00,6.793,7.373172772,4.69691705,6.324265984,7.206755166,7.391012284,3.771,8.572756623
2021-01-17 13:00:00,7.32,7.504931583,5.075187906,6.436217937,6.793226966,8.113337973,4.157,7.365278904
2021-01-17 14:00:00,5.82,7.211406867,4.873568982,6.184617039,6.893458976,7.796195912,3.864,6.759734098
2021-01-17 15:00:00,5.662,7.706918791,5.209424456,7.258645062,7.366562451,8.306407806,3.557,6.663049337
2021-01-17 16:00:00,5.568,7.887862027,5.269619834,6.683009464,7.451872671,8.427989375,4.022,6.054282245
2021-01-17 17:00:00,6.568,8.564844912,5.800658921,7.344031786,8.187156727,9.259558877,4.311,5.646916928
2021-01-17 18:00:00,8.053,9.919012575,6.703209661,8.504381508,8.659296239,10.71994941,4.398,5.118406951
2021-01-17 19:00:00,8.234,10.32200643,7.048591168,8.975801734,9.395208742,11.31489327,4.35,5.089458655
2021-01-17 20:00:00,7.768,10.2925,7.2214899,9.163305466,10.21190204,10.2925,4.526,4.971106514
2021-01-17 21:00:00,7.347,10.58312119,7.046716596,9.075936105,10.11481162,11.67510545,4.61,5.079301034
2021-01-17 22:00:00,6.384,8.811720536,6.123679829,7.692986471,9.64068814,9.70256626,4.125,4.487598783
2021-01-17 23:00:00,5.195,7.012033637,4.787101637,5.217780625,6.976319036,7.661834677,3.215,2.086
2021-01-18 00:00:00,4.881,5.758686248,3.892463701,4.755048196,5.504819947,6.225291719,3.157,3.397697963
2021-01-18 01:00:00,4.16,5.260619046,2.889379452,4.327238053,4.691923453,5.309029857,3.191,3.392350313
2021-01-18 02:00:00,3.508,4.136797338,2.79731214,3.547023715,3.952343128,4.471948347,3.04,3.337112181
2021-01-18 03:00:00,3.092,3.645821774,2.464997787,3.073641974,3.485760213,3.434048294,3.026,3.263491525
2021-01-18 04:00:00,2.908,3.395318755,3.086689551,2.971028573,3.286304869,3.708410528,3.044,3.158161678
2021-01-18 05:00:00,3.212,3.789797384,2.081,4.036450571,3.623418178,4.066168901,2.934,3.218796146
2021-01-18 06:00:00,4.134,4.878519072,3.30179251,4.18365068,4.684041418,5.273866192,3.22,3.286664194
2021-01-18 07:00:00,5.076,5.989741687,4.154750172,5.137377081,5.725985474,8.303486078,4.972,4.777304337
2021-01-18 08:00:00,4.921,5.804974731,3.925304561,4.980176123,5.551485849,6.278450298,7.5,5.911316642
2021-01-18 09:00:00,5.182,6.115933392,4.134042549,4.059726548,5.845950093,6.611673174,7.822,8.531186252
2021-01-18 10:00:00,5.636,6.651299502,4.496449594,5.918753201,6.358165856,7.483833225,7.27,7.953062266
2021-01-18 11:00:00,5.908,6.855486,4.628559304,5.979756404,6.661943869,7.537054966,7.82,8.628337747
2021-01-18 12:00:00,6.267,7.39672054,5.000215716,6.343192836,7.069512312,7.995925756,7.356,8.240608914
2021-01-18 13:00:00,6.372,7.520289869,5.083542174,6.469692897,6.531087956,8.128946814,6.82,7.586225908
2021-01-18 14:00:00,6.122,7.225926105,5.489799841,7.379866637,6.906232826,7.810952891,6.438,7.221846971
2021-01-18 15:00:00,6.549,7.724095768,5.220657649,6.803628549,7.383142637,8.150312926,6.433,7.262967288
2021-01-18 16:00:00,6.616,7.808736565,5.277813902,6.696225122,7.463705306,8.44113488,5.896,6.489599946
2021-01-18 17:00:00,7.267,8.57650371,5.94032369,7.355023766,8.014382031,9.271616663,5.476,5.805025481
2021-01-18 18:00:00,8.411,9.926381201,6.706243559,8.753524757,9.488181648,10.73086177,4.843,4.720031026
2021-01-18 19:00:00,8.875,10.47432266,7.080795649,8.987619456,10.01311227,11.3225,4.654,5.164751187
2021-01-18 20:00:00,9.058,10.69130824,7.227401253,9.142629051,10.26699969,11.57015133,4.318,5.014396156
2021-01-18 21:00:00,8.972,10.56356178,7.138182354,9.082338393,10.12236397,11.44813216,4.154,5.066023605
2021-01-18 22:00:00,7.608,10.50038553,6.070055102,7.704884735,7.978062873,8.657713953,4.031,2.834191052
2021-01-18 23:00:00,6.008,7.045863749,4.793696738,6.08195815,6.784669636,7.666970768,3.448,3.813104596
2021-01-19 00:00:00,4.881,5.76186453,3.894719709,4.94131056,5.50749096,6.22263335,3.223,3.487683549
2021-01-19 01:00:00,4.16,5.198548078,3.319559622,3.773415052,4.91369977,5.309051157,3.128,3.460222485
2021-01-19 02:00:00,3.508,4.139806822,2.79853041,3.549631501,3.95705453,4.475339374,3.286,3.615475741
2021-01-19 03:00:00,3.092,3.648195064,2.466427194,3.129257709,3.487806067,3.753243766,3.094,3.383707448
2021-01-19 04:00:00,2.908,4.697413982,2.371938044,2.942980687,3.280420011,3.708068528,3.176,2.086
2021-01-19 05:00:00,3.212,3.790324606,2.452352735,3.230325665,3.712108635,4.097633429,3.112,3.342547144
2021-01-19 06:00:00,4.134,4.8783064,4.058544257,4.183310659,4.651108955,5.273824874,3.1,3.469704752
2021-01-19 07:00:00,5.076,5.960825813,4.341842765,5.136968237,5.161477993,6.519920859,4.653,5.240558213
2021-01-19 08:00:00,4.921,5.807085824,3.925279575,4.980016143,5.152024616,6.278516651,6.6,7.233879152
2021-01-19 09:00:00,5.182,6.11424867,4.060095186,5.244159821,5.959949723,6.561363819,7.733,8.651765985
2021-01-19 10:00:00,5.636,6.65076062,4.515061757,5.703448979,6.325483017,7.189092437,7.786,8.58447329
2021-01-19 11:00:00,5.908,6.973127287,4.7152827,5.940705748,6.123460177,7.193162202,8.366,9.066978115
2021-01-19 12:00:00,6.267,7.395341806,4.999640725,6.342109939,7.068892881,7.999143976,7.982,8.631573605
2021-01-19 13:00:00,6.372,7.518468946,5.141584343,6.44773721,7.18731581,8.128850459,7.878,8.057933217
2021-01-19 14:00:00,6.122,7.696238018,4.988297724,6.195424358,6.905358949,7.809757455,7.389,4.184358003
2021-01-19 15:00:00,6.549,7.821163732,6.554931144,6.629070143,7.385434933,8.354380775,6.642,7.23661114
2021-01-19 16:00:00,6.616,9.352623155,5.399992745,6.293192972,7.462578412,8.440048212,6.158,6.560850698
2021-01-19 17:00:00,7.267,8.570968816,5.796607769,7.354180304,8.390852893,9.270731694,5.608,6.41026773
2021-01-19 18:00:00,8.411,9.027342717,6.70902366,8.511949188,9.287290101,10.66703223,5.108,4.997773847
2021-01-19 19:00:00,8.875,10.47363077,7.079797805,9.028399782,9.917553901,11.32260749,5.027,5.356748204
2021-01-19 20:00:00,9.058,10.68813393,6.951029222,9.165306541,10.21743138,11.3225,4.824,5.124886626
2021-01-19 21:00:00,8.972,10.58811244,5.467668086,9.041578338,10.12064671,11.44629254,4.831,5.017952008
2021-01-19 22:00:00,7.608,8.071286609,6.068971087,7.699851929,8.581939042,9.51221162,4.459,4.062693542
2021-01-19 23:00:00,6.008,7.089933594,4.792643713,6.082551915,7.024454261,7.989508696,3.368,3.716957754
2021-01-20 00:00:00,4.881,5.760379516,3.893662787,4.437450448,5.505162446,6.227274122,3.264,3.599615034
2021-01-20 01:00:00,4.16,4.909545691,2.983376803,4.210675986,4.693463387,5.307586008,3.109,3.505928491
2021-01-20 02:00:00,3.508,4.136904458,2.798568585,3.464648904,3.956452781,4.474456757,3.054,3.570203646
2021-01-20 03:00:00,3.092,3.648526803,2.534389226,3.082756557,3.487460846,3.944262812,3.097,3.883295935
2021-01-20 04:00:00,2.908,3.431062029,2.317477857,2.942288047,3.288833917,3.706968512,3.056,3.430534064
2021-01-20 05:00:00,3.212,3.79025261,2.561828495,3.249955111,3.625913549,4.097389338,3.002,3.378933584
2021-01-20 06:00:00,4.134,4.878294989,3.299522658,4.183564719,3.33919633,5.273558165,3.058,3.463445328
2021-01-20 07:00:00,5.076,5.98993588,4.10455012,6.029845315,5.72574272,6.475369183,4.663,4.069133375
2021-01-20 08:00:00,4.921,5.807341253,3.919813011,4.980025007,4.975055588,6.278501398,6.812,7.565084079
2021-01-20 09:00:00,5.182,6.115094671,4.818166742,5.244184465,5.987090449,6.610791807,7.561,8.402740219
2021-01-20 10:00:00,5.636,6.650847075,4.495561775,5.663737418,6.189335965,7.189886037,8.044,8.947049855
2021-01-20 11:00:00,5.908,6.971794806,4.713199637,5.977629438,7.118035606,8.05208766,8.094,9.132812846
2021-01-20 12:00:00,6.267,7.395471715,4.999095374,6.046134251,7.138892203,7.994915516,7.746,8.519895714
2021-01-20 13:00:00,6.372,7.518931033,5.082693055,6.567822724,7.187462655,8.129096622,7.575,8.319980762
2021-01-20 14:00:00,6.122,7.224342291,4.883354506,6.085738672,6.90520068,7.628009315,6.996,7.801283367
2021-01-20 15:00:00,6.549,7.80913999,5.219576782,5.423951634,7.464713924,8.354634019,6.666,7.281034419
2021-01-20 16:00:00,6.616,7.80725722,5.269433897,6.686071724,7.936375809,8.440351072,5.863,6.564682003
2021-01-20 17:00:00,7.267,8.721117243,5.796616105,7.354484897,8.196882076,9.270582758,5.354,5.956494314
2021-01-20 18:00:00,8.411,9.925485075,6.920719524,8.491704296,9.610843171,10.5300725,4.975,5.538909227
2021-01-20 19:00:00,8.875,10.47338894,6.457297788,8.981791131,10.01097064,11.11385772,4.897,5.43772593
2021-01-20 20:00:00,9.058,10.68935806,6.491878503,10.3752446,10.21899423,11.3225,4.828,5.272273967
2021-01-20 21:00:00,8.972,10.58776333,6.583519858,9.077224873,10.21580457,11.44627173,4.494,4.964321486
2021-01-20 22:00:00,7.608,8.960648502,6.068742,7.686642947,8.581763774,9.705805869,4.156,4.580917529
2021-01-20 23:00:00,6.008,7.089870426,4.792536702,6.080591335,7.550198907,7.664673717,3.52,3.647333881
2021-01-21 00:00:00,4.881,5.727617963,3.893606817,4.097858983,5.456685537,6.109697969,3.198,3.482878409
2021-01-21 01:00:00,4.16,4.909171106,3.31827654,4.241768211,4.798678088,5.77549655,3.141,3.66132374
2021-01-21 02:00:00,3.508,4.139641558,2.800243369,3.666204923,4.370475535,4.476167368,3.061,3.440051676
2021-01-21 03:00:00,3.092,3.726862052,4.553982913,2.081,3.487559169,3.944852917,3.004,4.094417066
2021-01-21 04:00:00,2.908,3.431621144,2.14706574,4.263988263,2.760328186,3.706099183,3.036,3.323172156
2021-01-21 05:00:00,3.212,3.626974701,2.338492365,4.195796704,3.623058965,4.09712692,3.012,3.308017293
2021-01-21 06:00:00,4.134,4.878330655,3.272440786,4.183632379,4.663048261,6.462421499,3.3,3.590762485
2021-01-21 07:00:00,5.076,6.031612704,3.393149863,5.137061015,5.725614407,6.475492118,5.201,4.458595274
2021-01-21 08:00:00,4.921,4.899997545,3.925298553,4.980339088,5.550860855,6.277799448,7.206,7.195576672
2021-01-21 09:00:00,5.182,6.115133599,4.314991126,5.274037202,5.845954077,7.045282541,7.893,8.74705876
2021-01-21 10:00:00,5.636,6.67065498,5.087536616,5.703596357,6.357283722,7.178581153,8.596,8.934745734
2021-01-21 11:00:00,5.908,6.971859271,4.712731737,5.978965092,6.664605487,7.537276407,8.691,9.356187598
2021-01-21 12:00:00,6.267,7.395436819,4.994133199,5.489896862,8.22338059,7.99641902,8.247,8.762226436
2021-01-21 13:00:00,6.372,6.37686823,5.082773353,6.116955816,7.176972136,8.126751059,8.041,8.531991574
2021-01-21 14:00:00,6.122,7.224139419,5.195741311,6.757287188,7.54844884,7.502025706,7.31,7.913785428
2021-01-21 15:00:00,6.549,7.698591885,5.223884894,6.623942444,7.387092942,8.355715152,6.629,7.756354531
2021-01-21 16:00:00,6.616,7.807286117,4.992871706,6.695467974,7.462451339,8.418060237,6.148,6.557915669
2021-01-21 17:00:00,7.267,8.575584611,5.79691908,7.502633252,8.196996329,9.302329925,5.741,6.221793932
2021-01-21 18:00:00,8.411,9.925534425,6.709159697,8.162139906,10.32291531,11.08171108,5.442,6.773907585
2021-01-21 19:00:00,8.875,10.07317394,7.079519915,8.354899986,10.01164183,11.32202288,5.03,5.405025999
2021-01-21 20:00:00,9.058,10.68984624,7.226421322,8.770206637,10.21757163,11.3225,4.568,5.059972983
2021-01-21 21:00:00,8.972,10.58786762,7.667232949,9.091444733,10.5778688,11.43997838,4.358,5.002045197
2021-01-21 22:00:00,7.608,9.753518147,6.068861021,8.436939827,8.581986131,9.70340729,3.784,3.846256967
2021-01-21 23:00:00,6.008,7.089737772,4.792319386,6.298411331,6.851991063,7.664484901,3.204,3.611535336
2021-01-22 00:00:00,4.881,5.237830277,3.893617668,5.901221067,5.505974868,6.227166589,3.132,3.289056673
2021-01-22 01:00:00,4.16,4.909074977,3.318299983,4.209976565,4.6923665,5.306995566,3.029,3.426030465
2021-01-22 02:00:00,3.508,4.139245605,2.616461078,3.507628377,4.002719085,4.475228272,2.987,3.373453539
2021-01-22 03:00:00,3.092,3.666833776,2.465097656,4.340174251,3.456448746,3.944501675,2.963,3.36890134
2021-01-22 04:00:00,2.908,3.246695394,2.081,3.150088111,3.28012197,3.707399247,2.968,3.167647017
2021-01-22 05:00:00,3.212,3.791286924,2.576086696,3.338147593,4.065384247,4.097471045,2.894,3.227685397
2021-01-22 06:00:00,4.134,4.877798781,3.2990638,4.183225992,4.663321389,5.273383714,3.506,3.501023485
2021-01-22 07:00:00,5.076,5.98998473,4.048904779,4.722963048,5.725693733,6.591563774,5.469,4.008221195
2021-01-22 08:00:00,4.921,5.807048514,3.925253885,5.032357079,5.552988822,6.419748952,7.172,7.955742942
2021-01-22 09:00:00,5.182,6.002773021,4.133399089,5.65775999,5.844934043,5.639030717,7.678,8.422427983
2021-01-22 10:00:00,5.636,7.083293323,4.884746499,5.652810673,6.357269281,7.189831294,7.817,7.85979606
2021-01-22 11:00:00,5.908,6.769742163,4.91756097,5.978856103,6.664846802,7.452725464,8.456,8.74882021
2021-01-22 12:00:00,6.267,8.101247323,5.006118135,6.349065582,7.06723084,7.994685525,7.933,6.635066806
2021-01-22 13:00:00,6.372,7.394134292,5.082200943,6.448409463,6.033150854,7.742188099,7.785,8.646622227
2021-01-22 14:00:00,6.122,7.234742447,4.88319681,6.195828033,6.903985654,7.809224515,7.252,8.004237418
2021-01-22 15:00:00,6.549,7.738336016,5.223067939,6.625458635,7.387193887,8.354841911,6.54,7.129325586
2021-01-22 16:00:00,6.616,7.80764019,5.277501116,7.840419888,7.461726023,8.440448931,6.001,6.610833518
2021-01-22 17:00:00,7.267,9.01242542,5.796963816,7.179741738,8.198342334,9.500559311,5.596,5.1631313
2021-01-22 18:00:00,8.411,9.921048264,7.179831237,8.513182435,9.38461014,10.7313821,5.313,6.15881774
2021-01-22 19:00:00,8.875,10.25966041,7.080790297,9.590873764,10.01274553,11.32466191,5.128,5.344958695
2021-01-22 20:00:00,9.058,10.73434889,7.640909368,9.169614429,11.3225,11.3225,4.639,4.991181375
2021-01-22 21:00:00,8.972,10.58972428,8.490159339,9.080015481,10.12357174,11.44127491,4.682,4.847766686
2021-01-22 22:00:00,7.608,8.999135703,6.069052063,7.707405998,8.488773381,9.710303389,4.293,4.793914594
2021-01-22 23:00:00,6.008,6.996470909,4.796101873,6.083710987,6.752313342,7.668993525,3.455,3.768610612
2021-01-23 00:00:00,4.688,5.835885785,3.897363549,4.739035449,5.50965473,6.136218966,3.332,3.724138302
2021-01-23 01:00:00,4.24,6.030503308,4.733415669,4.216416285,4.699981604,4.968312494,3.238,3.365039041
2021-01-23 02:00:00,3.332,4.294983342,2.803141294,3.556989233,3.962990888,3.504145771,3.184,4.395583634
2021-01-23 03:00:00,2.822,3.808550468,2.472156537,3.267819359,3.506214741,3.95379808,3.138,2.086
2021-01-23 04:00:00,2.638,3.440754888,2.325780963,2.939926033,2.766632392,3.71272651,3.152,3.043863268
2021-01-23 05:00:00,3.077,3.800549027,2.568768166,3.258182099,3.632646368,4.108536823,2.996,3.27899079
2021-01-23 06:00:00,3.135,4.888490907,3.283108423,4.1921403,4.87360202,6.064483975,2.805,3.304337871
2021-01-23 07:00:00,3.643,5.999709361,3.752208446,4.075724427,7.019516239,6.487943127,2.924,3.24891955
2021-01-23 08:00:00,4.477,5.818764683,3.933418008,4.990176897,5.558102606,6.290309441,3.282,7.849005496
2021-01-23 09:00:00,5.37,6.121821543,4.139765252,5.252255495,5.854016278,6.620979899,3.451,8.595042427
2021-01-23 10:00:00,6.386,6.651933039,4.483552605,6.415259577,6.355987024,7.190940821,3.959,8.701125024
2021-01-23 11:00:00,7.323,7.334118715,5.051894141,5.862102515,6.646236371,7.516683314,3.992,5.0577
2021-01-23 12:00:00,6.793,7.334846832,4.958720561,5.918558883,6.556213562,7.831043346,3.794,8.610184058
2021-01-23 13:00:00,7.32,6.996000715,4.728947484,5.802858962,6.687225104,7.123856967,3.84,8.425093938
2021-01-23 14:00:00,5.82,6.429799749,4.502998372,5.712667044,6.367513841,7.201781069,3.696,7.636722781
2021-01-23 15:00:00,5.662,7.942351517,4.819682943,6.039085133,6.815596694,7.708245477,3.734,5.24278569
2021-01-23 16:00:00,5.568,7.173797959,4.84890855,6.852743437,6.856837617,7.754955954,3.852,6.318042084
2021-01-23 17:00:00,6.568,7.904142229,5.342840331,6.778500503,7.552622227,8.578612333,4.251,4.965051145
2021-01-23 18:00:00,8.053,9.215825757,6.308637562,7.514163675,9.0277381,9.962773412,4.16,5.515533501
2021-01-23 19:00:00,8.234,9.725789982,6.574685038,8.340108871,9.297969344,10.2925,4.398,4.988717264
2021-01-23 20:00:00,7.768,9.174228839,6.201824638,8.173602348,8.915827692,9.918536474,4.139,4.376495144
2021-01-23 21:00:00,7.347,8.405057116,6.575936284,7.442067272,8.293319021,9.350051599,4.28,5.912328218
2021-01-23 22:00:00,6.384,8.775393275,5.098224799,6.475006303,6.920163076,8.151024063,4.023,2.611340368
2021-01-23 23:00:00,5.195,5.503708676,4.001154086,4.329070128,5.602591245,6.399133759,3.288,3.476058692
2021-01-24 00:00:00,4.688,5.47490019,3.741701347,4.748047198,5.291360808,5.586573437,3.035,3.302239738
2021-01-24 01:00:00,4.24,3.738065528,2.52674052,3.32245544,3.589550885,4.040999866,2.888,3.219581369
2021-01-24 02:00:00,3.332,2.910686977,2.245530165,2.544372217,2.835925019,3.207788384,2.856,3.114853438
2021-01-24 03:00:00,2.822,3.005517208,2.081,2.13974881,2.442330582,2.69251682,2.923,2.086
2021-01-24 04:00:00,2.638,2.40008526,2.081,2.081,2.299691518,2.594803143,2.883,3.130926616
2021-01-24 05:00:00,3.077,2.549260941,2.081,2.58681713,2.439727065,2.759328835,2.768,3.049539999
2021-01-24 06:00:00,3.135,3.68628312,3.866347605,3.154681797,3.570350376,4.078390625,2.59,4.828606046
2021-01-24 07:00:00,3.643,4.876500868,3.296138472,4.187299017,4.661030964,5.270971587,2.664,2.878803149
2021-01-24 08:00:00,4.477,5.579654466,4.732193493,4.952587416,5.332776497,6.031812263,3.706,7.810728683
2021-01-24 09:00:00,5.37,5.95568197,4.029007474,5.110485147,5.820992882,6.442135091,3.479,4.9634
2021-01-24 10:00:00,6.386,6.562030806,4.420066808,5.60780137,5.452728445,7.068739379,3.338,8.670788418
2021-01-24 11:00:00,7.323,7.032354567,4.880798346,5.906841868,6.584309662,7.44826855,3.864,8.178918729
2021-01-24 12:00:00,6.793,7.330869204,4.95533226,6.104108615,7.006812486,7.86184608,3.786,8.40942256
2021-01-24 13:00:00,7.32,7.468431897,5.047554573,6.404845431,6.557259014,8.931706318,4.169,8.463300435
2021-01-24 14:00:00,5.82,7.183186014,4.779716032,5.139053622,6.865436416,7.76592709,3.786,7.671680804
2021-01-24 15:00:00,5.662,7.695212966,5.201126605,7.378739018,7.19305724,8.200199691,3.703,6.857434567
2021-01-24 16:00:00,5.568,7.779633185,4.992553414,6.671792844,7.436173328,8.112876058,3.912,6.172423829
2021-01-24 17:00:00,6.568,8.552623905,5.781087266,6.371967455,8.175045223,9.245826349,3.888,5.956404629
2021-01-24 18:00:00,8.053,10.01100557,6.69636555,8.497759271,9.403076743,10.72821607,3.852,5.37262735
2021-01-24 19:00:00,8.234,10.38584358,7.069073532,7.597142195,9.996242704,11.18284947,4.316,3.543550883
2021-01-24 20:00:00,7.768,10.2925,7.223407528,9.156481944,10.20566555,10.2925,4.006,4.412870931
2021-01-24 21:00:00,7.347,10.57815122,7.072123563,9.529630397,8.265535387,11.43556528,4.096,4.487925617
2021-01-24 22:00:00,6.384,8.970854592,6.063750741,7.554297141,8.574878341,9.697386401,3.923,4.561355597
2021-01-24 23:00:00,5.195,7.080794757,4.788375202,7.505335435,6.478647878,7.658136194,3.425,3.673259657
2021-01-25 00:00:00,4.881,5.755964025,3.892856387,4.936402729,5.481877079,6.219152488,3.312,3.568220893
2021-01-25 01:00:00,4.16,4.90820565,3.3178465,4.261001327,4.692527214,5.306247211,3.056,3.291676622
2021-01-25 02:00:00,3.508,4.139050131,2.79782624,3.528259372,5.893446072,5.181799912,3.012,3.342690147
2021-01-25 03:00:00,3.092,3.647275047,2.694760561,3.128822215,4.465083572,3.943672988,2.905,3.452585671
2021-01-25 04:00:00,2.908,3.431444063,2.319473769,3.449283211,3.279985778,3.706353353,3.02,3.311835436
2021-01-25 05:00:00,3.212,3.790303216,2.562048205,3.252403021,3.622935657,3.636569378,3.328,3.559828882
2021-01-25 06:00:00,4.134,4.877077649,3.294633498,4.183226287,4.689788986,5.272568464,3.769,2.693770639
2021-01-25 07:00:00,5.076,5.86703534,4.048977808,5.137022634,5.725769032,6.475645257,5.867,4.021977979
2021-01-25 08:00:00,4.921,5.807229232,3.929552918,4.979878279,6.756301217,6.27777271,7.35,8.058614965
2021-01-25 09:00:00,5.182,6.116923344,3.00110304,5.244418609,5.84294103,5.91909807,8.413,9.122399955
2021-01-25 10:00:00,5.636,6.627492188,4.208869062,5.703844313,7.32040251,7.189766654,8.171,8.927441065
2021-01-25 11:00:00,5.908,6.97249254,4.712686992,5.979058347,6.717674139,7.537063074,8.626,9.378084486
2021-01-25 12:00:00,6.267,7.395699193,4.999001871,6.34232152,7.069065113,7.463843508,7.802,8.509029236
2021-01-25 13:00:00,6.372,7.519183224,5.082814655,6.448611624,7.187533622,8.128919699,7.74,8.420247518
2021-01-25 14:00:00,6.122,7.215257462,4.883300192,6.195132104,6.905617048,7.809965235,7.148,7.699529187
2021-01-25 15:00:00,6.549,7.728003994,5.225384265,6.633671101,7.38326133,8.617351272,6.393,7.195463427
2021-01-25 16:00:00,6.616,8.276094587,5.797883221,6.839350496,7.437477053,8.440478263,5.6,5.549563998
2021-01-25 17:00:00,7.267,8.575338171,5.796508932,7.495197939,7.853243315,9.270350383,5.292,6.416695956
2021-01-25 18:00:00,8.411,9.925328491,6.708988568,8.51179107,9.345817296,10.72992852,4.853,5.39539345
2021-01-25 19:00:00,8.875,10.6357221,7.547774475,8.982441447,10.13016169,11.32211064,4.877,5.7536746
2021-01-25 20:00:00,9.058,10.74040096,7.225325418,9.376051798,10.21756921,11.3225,3.878,4.247347495
2021-01-25 21:00:00,8.972,10.09978784,7.163745434,9.079994377,10.12069038,11.44875165,3.54,3.684068953
2021-01-25 22:00:00,7.608,8.97734465,6.021700964,7.699629352,8.250284308,10.16359958,3.117,4.108211045
2021-01-25 23:00:00,6.008,7.165664398,4.263692619,6.078884535,6.776422157,7.789682216,3.168,3.647859128
2021-01-26 00:00:00,4.881,4.805895077,3.893675569,4.940015252,5.506063721,5.820817928,3.094,3.305753447
2021-01-26 01:00:00,4.16,4.898632602,3.318655555,3.986571809,4.692967055,5.307593608,2.86,2.439794211
2021-01-26 02:00:00,3.508,4.139837421,2.798428089,3.550103671,3.957970967,4.475413461,2.835,3.091241411
2021-01-26 03:00:00,3.092,3.648686243,2.466362756,3.128832352,3.487729725,3.831879718,3.026,3.264828473
2021-01-26 04:00:00,2.908,3.432454768,3.602321326,2.83466443,3.311879276,3.709856038,3.075,3.246626197
2021-01-26 05:00:00,3.212,3.790324748,2.447241138,3.195276652,3.622993307,3.026494052,3.272,3.629854785
2021-01-26 06:00:00,4.134,4.878456432,3.297418729,4.183433308,4.66411181,5.715842824,3.536,3.766310865
2021-01-26 07:00:00,5.076,5.989984167,3.765238185,5.528417656,5.417017367,6.657015204,4.882,4.3431126
2021-01-26 08:00:00,4.921,5.807098888,4.107002442,4.980132886,5.585571969,6.351491535,7.022,7.612000935
2021-01-26 09:00:00,5.182,6.115099989,4.139406546,5.244277611,5.845175427,6.740861199,7.661,8.702749499
2021-01-26 10:00:00,5.636,6.650905601,4.206565752,5.703969718,6.444057042,7.190006038,7.974,8.596423004
2021-01-26 11:00:00,5.908,7.755610815,4.712624757,5.979369383,6.559154547,7.56932199,7.88,8.95912554
2021-01-26 12:00:00,6.267,7.602114794,4.998950601,5.869335421,7.039925541,7.994325273,7.273,7.97982385
2021-01-26 13:00:00,6.372,7.519444071,5.502381556,6.442686428,7.124560387,8.129120169,7.336,8.349199317
2021-01-26 14:00:00,6.122,7.230255813,4.883328987,5.950478875,6.902838417,7.797436641,6.599,7.346173179
2021-01-26 15:00:00,6.549,8.979640934,5.224019593,6.627915412,7.21390786,8.35494671,5.944,6.853804197
2021-01-26 16:00:00,6.616,7.71165997,5.273059785,6.598695813,8.515046865,8.442339176,5.96,6.059662559
2021-01-26 17:00:00,7.267,8.331153406,5.71975208,7.354343403,7.88812501,9.270228498,5.67,5.863228928
2021-01-26 18:00:00,8.411,10.10791893,6.70930683,8.512119256,9.487576859,10.71938852,5.116,5.414402307
2021-01-26 19:00:00,8.875,10.48014648,7.549179284,8.981861114,10.0109639,11.23851055,4.97,5.229390811
2021-01-26 20:00:00,9.058,10.68949031,7.225471541,9.172982578,10.21787408,11.5557937,4.69,5.352128558
2021-01-26 21:00:00,8.972,10.58790158,6.770328028,9.08022011,10.12072773,11.3225,4.111,4.163552965
2021-01-26 22:00:00,7.608,9.080578631,6.068859586,8.141781399,10.77973735,9.706131314,4.024,4.181664126
2021-01-26 23:00:00,6.008,7.089030119,5.158163696,6.078425045,6.274118311,7.623419314,3.548,3.575973473
2021-01-27 00:00:00,4.881,5.981046626,3.893676828,6.30037077,5.506072345,6.227665629,3.224,2.086
2021-01-27 01:00:00,4.16,4.914300407,3.317956223,4.209045167,4.597557918,5.307647409,2.939,3.23508489
2021-01-27 02:00:00,3.508,4.139473875,2.797944142,5.023732722,3.946103679,4.474667077,2.9,3.145061938
2021-01-27 03:00:00,3.092,4.317574511,2.464891627,3.131369707,3.485916982,3.964248884,2.859,2.086
2021-01-27 04:00:00,2.908,2.712324546,2.319148165,2.942349461,4.055474097,3.707963765,2.89,3.094064292
2021-01-27 05:00:00,3.212,3.78986732,2.561748344,3.258007733,4.792939302,4.1032439,3.273,3.628291781
2021-01-27 06:00:00,4.134,4.877955878,3.867952203,4.183280378,4.662654371,5.411695256,3.535,2.770272532
2021-01-27 07:00:00,5.076,6.380281147,3.392113825,5.136643502,5.725213958,6.315436545,4.617,2.634920478
2021-01-27 08:00:00,4.921,6.517428336,3.924921842,4.979762728,5.337098467,6.27743082,7.006,6.211637132
2021-01-27 09:00:00,5.182,6.114774841,4.130254798,5.25131842,5.845479578,6.612552089,7.498,8.452954271
2021-01-27 10:00:00,5.636,6.650614115,4.472636385,5.912615214,6.980129731,7.189695691,7.406,8.318998169
2021-01-27 11:00:00,5.908,6.940390377,4.709679014,5.980051742,6.664504256,7.53803465,7.233,8.6227
2021-01-27 12:00:00,6.267,7.395167495,4.998723504,6.342005197,7.102399472,7.995063424,6.662,8.212432575
2021-01-27 13:00:00,6.372,7.507701632,5.082509548,6.501342704,8.180012592,8.128592681,6.149,7.628466221
2021-01-27 14:00:00,6.122,7.215028458,4.52113468,6.196715604,6.612512778,7.811448364,6.156,7.264664808
2021-01-27 15:00:00,6.549,7.726600374,5.277188573,6.628788579,6.638009772,8.361288202,5.211,7.030072128
2021-01-27 16:00:00,6.616,7.808974644,4.790820935,6.131147581,7.464237261,8.260584225,4.996,7.102390535
2021-01-27 17:00:00,7.267,8.575652835,5.81386269,7.358726421,8.439941798,9.27067689,4.918,5.523548455
2021-01-27 18:00:00,8.411,9.927448659,6.704206349,8.80276213,9.493181847,10.73342453,4.486,5.043178506
2021-01-27 19:00:00,8.875,10.47506131,7.080691192,8.983427056,10.29960113,10.47840516,4.178,4.883544974
2021-01-27 20:00:00,9.058,10.25844321,7.226661753,10.43103545,10.57077524,11.3225,3.732,4.083326483
2021-01-27 21:00:00,8.972,10.58907585,7.125179727,9.081565538,10.12194308,11.4481371,3.402,4.05889966
2021-01-27 22:00:00,7.608,8.959836177,6.069996261,7.701210328,7.685528741,9.707954229,3.212,3.776390745
2021-01-27 23:00:00,6.008,7.087640943,4.791383561,5.933617488,6.76056726,7.367283893,2.754,3.188236274
2021-01-28 00:00:00,4.881,5.761696064,3.894874946,4.941378837,5.507596594,5.886671184,2.672,3.200333693
2021-01-28 01:00:00,4.16,5.126418387,3.743507778,4.209133811,4.692321232,6.547228384,2.643,2.113111306
2021-01-28 02:00:00,3.508,3.198036875,2.808894893,2.775531828,3.955764393,4.502497132,2.6,2.835065739
2021-01-28 03:00:00,3.092,3.652906348,2.469162964,3.132600749,3.491625547,3.949630031,2.45,2.793880984
2021-01-28 04:00:00,2.908,3.430227027,2.318593996,2.941577688,3.278630545,3.9578173,2.556,2.734867532
2021-01-28 05:00:00,3.212,3.788541597,2.560946732,3.275162602,3.579492324,3.903349348,2.98,3.199217159
2021-01-28 06:00:00,4.134,4.876580274,3.257666621,4.182184377,4.661306692,5.271810301,3.364,3.642507533
2021-01-28 07:00:00,5.076,5.987510759,4.046169495,5.13553437,5.730486019,6.458375431,4.626,5.165370813
2021-01-28 08:00:00,4.921,5.679770087,3.924245062,4.951899216,5.270471052,6.616303104,7.41,7.810109441
2021-01-28 09:00:00,5.182,6.881615632,4.131122014,4.886342359,6.278442199,6.315776115,7.851,6.860562846
2021-01-28 10:00:00,5.636,6.387394608,4.542342542,5.702496889,6.355522916,7.188383091,7.65,8.414936951
2021-01-28 11:00:00,5.908,6.970827599,4.710365453,5.384483946,6.663023705,7.486952818,7.99,8.94993405
2021-01-28 12:00:00,6.267,7.447657126,4.998862127,7.305186811,7.067891043,7.994818492,7.685,9.1885
2021-01-28 13:00:00,6.372,7.519258361,5.090138535,6.448642479,7.182027669,7.523449059,7.656,8.188179145
2021-01-28 14:00:00,6.122,7.22864444,6.583726578,6.19720801,6.909447805,7.813781238,7.27,7.430039202
2021-01-28 15:00:00,6.549,7.67642444,5.187550244,6.581627319,7.337096355,8.297950592,6.562,7.017814397
2021-01-28 16:00:00,6.616,7.811719325,5.28032102,6.699532681,7.466271475,8.444879131,5.474,5.510458489
2021-01-28 17:00:00,7.267,8.362047724,5.805896892,7.482803283,8.211142839,9.28549458,5.138,3.732833887
2021-01-28 18:00:00,8.411,9.930218114,6.707501915,8.51594611,9.853324599,10.73498479,4.745,4.651648953
2021-01-28 19:00:00,8.875,10.47770249,7.082663917,9.026509013,10.01510293,11.32690624,4.616,4.995144194
2021-01-28 20:00:00,9.058,10.93013711,7.22820278,9.173280732,10.22159286,11.3225,3.992,4.341769522
2021-01-28 21:00:00,8.972,10.59219656,7.163465994,9.476491552,10.12471376,11.45049367,3.702,4.165788305
2021-01-28 22:00:00,7.608,8.982630921,7.21014574,7.70338208,8.239106663,9.344830292,3.37,3.937775255
2021-01-28 23:00:00,6.008,7.081135756,4.786463353,6.072728726,6.768555526,9.441355025,3.054,3.493414825
2021-01-29 00:00:00,4.881,5.619845793,4.072340696,5.452670711,5.757952348,6.477927471,2.938,3.49499445
2021-01-29 01:00:00,4.16,4.905927784,3.31777389,4.182327082,4.689031737,5.762651961,2.714,3.143626338
2021-01-29 02:00:00,3.508,4.136718294,2.796143203,3.541963214,3.953486977,4.518339266,2.718,2.859282525
2021-01-29 03:00:00,3.092,4.890206703,2.486481594,3.154594751,3.505127214,3.569028551,2.642,2.086
2021-01-29 04:00:00,2.908,3.426843412,2.316771004,2.939653647,3.333793278,3.702037305,2.561,3.345266639
2021-01-29 05:00:00,3.212,3.785930796,2.558296755,3.363636792,3.618943554,4.09291998,3.161,3.672535165
2021-01-29 06:00:00,4.134,4.873569998,3.291541808,3.78390749,4.577598843,6.346938034,3.306,3.689511621
2021-01-29 07:00:00,5.076,5.984803389,4.045083658,5.606658777,5.720758611,6.459720052,4.863,5.270479562
2021-01-29 08:00:00,4.921,5.801233057,3.914458918,4.974869849,5.545003685,6.271329816,7.04,7.632167062
2021-01-29 09:00:00,5.182,6.108455426,4.128575424,5.238475755,5.83316032,6.60353309,7.898,8.5704862
2021-01-29 10:00:00,5.636,8.430529875,4.490553531,5.711623138,7.261440584,7.181909342,8.168,6.977747834
2021-01-29 11:00:00,5.908,6.971747215,4.706983085,5.971508098,6.65602547,7.527855058,8.852,9.728850601
2021-01-29 12:00:00,6.267,8.696737899,4.993661917,6.519331276,7.533924626,7.12592373,8.461,7.349485358
2021-01-29 13:00:00,6.372,7.508263357,5.075185201,6.399746289,8.334045177,8.116790037,8.012,8.744624483
2021-01-29 14:00:00,6.122,7.215272481,4.652481512,5.914410778,6.900386372,7.804097247,7.134,7.810988331
2021-01-29 15:00:00,6.549,7.076935625,5.146426239,6.531433519,7.28100648,8.214364209,6.743,4.217217328
2021-01-29 16:00:00,6.616,7.798166317,4.661917866,6.68097523,7.453916678,8.430363721,6.177,5.101685023
2021-01-29 17:00:00,7.267,8.600993921,5.812695039,7.375117599,8.2201878,9.686236667,5.996,5.265502269
2021-01-29 18:00:00,8.411,9.909089581,6.866131307,7.596607536,9.473107626,10.71383308,4.946,5.257995176
2021-01-29 19:00:00,8.875,11.13795956,7.065062721,8.96406792,9.990633408,11.29889489,4.492,3.336879653
2021-01-29 20:00:00,9.058,11.3225,6.277636416,9.134228764,10.18714837,11.3225,4.118,4.53652156
2021-01-29 21:00:00,8.972,10.53883345,7.123700833,9.038488873,10.07116417,11.39308941,4.21,4.417696453
2021-01-29 22:00:00,7.608,8.904008866,6.017923176,7.711766233,8.509880039,9.624693357,4.09,4.185014125
2021-01-29 23:00:00,6.008,6.714982394,4.511946508,5.99962896,6.37921328,7.286191088,3.465,4.250047799
2021-01-30 00:00:00,4.688,5.801752349,3.919343898,4.972672776,5.541844787,6.162638054,3.438,3.613214717
2021-01-30 01:00:00,4.24,4.692081721,3.000450423,3.808965141,4.245029269,4.800919927,3.078,2.646507269
2021-01-30 02:00:00,3.332,3.697207502,2.499175648,3.631151337,3.970973699,4.128214136,3.034,3.627157758
2021-01-30 03:00:00,2.822,3.792475369,2.22656697,2.794739365,3.153172628,3.713739908,2.887,3.1915437
2021-01-30 04:00:00,2.638,2.895186295,2.081,2.483007754,2.767802635,3.130022911,2.932,3.098297565
2021-01-30 05:00:00,3.077,3.231630679,2.546101712,2.717392642,3.091212985,3.489897786,3.238,3.49414557
2021-01-30 06:00:00,3.135,4.382209818,3.031452967,3.792884208,4.102137083,4.638457187,3.141,2.405714917
2021-01-30 07:00:00,3.643,5.70781573,3.857711199,4.894224196,4.478174428,6.169592481,3.28,5.23164758
2021-01-30 08:00:00,4.477,5.085352086,3.437707789,4.444832742,4.861368707,5.622736829,3.882,7.518376354
2021-01-30 09:00:00,5.37,6.426212182,3.491198324,4.522190526,5.022387656,5.680270705,3.82,6.476430269
2021-01-30 10:00:00,6.386,5.570534158,3.835045084,4.872909357,4.997569068,6.214519708,3.814,8.788381438
2021-01-30 11:00:00,7.323,5.880906233,3.975229554,5.045141256,5.614846335,6.171775952,4.493,5.16695
2021-01-30 12:00:00,6.793,6.296294135,4.250092209,5.392229907,6.01004971,7.451533444,4.392,8.698912326
2021-01-30 13:00:00,7.32,6.403555368,4.333203975,5.497501648,6.127443957,6.956063941,4.147,8.714371276
2021-01-30 14:00:00,5.82,7.842531374,4.590127237,5.887185145,5.949218642,7.421091166,3.887,7.241616987
2021-01-30 15:00:00,5.662,6.683038338,4.516996081,5.730783487,6.399514205,6.715843978,3.974,7.24110451
2021-01-30 16:00:00,5.568,6.571003641,4.441245772,5.634832254,6.280906996,7.996557018,4.099,4.791749864
2021-01-30 17:00:00,6.568,6.777813337,5.24052585,6.647438026,7.410630579,8.382821139,4.23,4.244637268
2021-01-30 18:00:00,8.053,9.51259496,5.500018806,8.152849508,9.087341632,10.23674433,4.274,5.519561523
2021-01-30 19:00:00,8.234,9.81829984,6.572240301,8.33772202,8.531655937,10.2925,4.264,4.561644004
2021-01-30 20:00:00,7.768,10.2925,6.20258899,7.867376012,8.769091482,9.958217958,4.028,2.086
2021-01-30 21:00:00,7.347,8.67904337,7.575366536,7.442801019,8.295382813,9.381706655,3.881,4.233877549
2021-01-30 22:00:00,6.384,7.543349304,5.09885019,6.469120736,7.047523437,8.833008164,3.544,4.021065027
2021-01-30 23:00:00,5.195,6.152690702,3.545628063,5.300501714,5.864194032,6.636471329,3.14,3.369491811
2021-01-31 00:00:00,4.688,5.666380978,3.747414933,4.754983624,5.299206376,5.99397569,3.081,2.086
2021-01-31 01:00:00,4.24,3.995113255,2.694921369,4.075068417,3.818761704,4.321733251,2.759,3.106178195
2021-01-31 02:00:00,3.332,2.566680746,2.280841745,2.8301958,3.596791274,3.564207502,2.722,3.081523445
2021-01-31 03:00:00,2.822,2.991969707,2.411731429,2.528528995,2.464259871,3.235388231,2.72,2.81477324
2021-01-31 04:00:00,2.638,2.441453878,2.081,3.252047735,2.823952169,2.453323214,2.641,2.96908612
2021-01-31 05:00:00,3.077,3.190156913,2.155067573,2.735819119,2.526901341,3.465207528,3.048,3.349211344
2021-01-31 06:00:00,3.135,4.49695007,2.185795691,3.856448958,4.298298758,5.070957616,2.98,3.261885748
2021-01-31 07:00:00,3.643,5.704775303,3.856372397,5.664023682,5.452325079,6.16649423,3.122,4.885877395
2021-01-31 08:00:00,4.477,5.133315947,3.758604564,4.401770697,4.906419567,4.984028549,3.656,7.23543642
2021-01-31 09:00:00,5.37,5.174999636,3.498728256,4.438871168,4.946608147,5.59555525,3.773,8.255423923
2021-01-31 10:00:00,6.386,5.516681384,3.728822693,4.731362994,5.105587029,6.039141725,3.553,8.466525153
2021-01-31 11:00:00,7.323,5.675228735,4.277473538,4.865470905,5.42363835,6.136281734,3.868,4.4804
2021-01-31 12:00:00,6.793,6.091008788,4.824274271,5.223299196,5.82201879,6.119091119,3.482,8.361166278
2021-01-31 13:00:00,7.32,6.213333415,4.199935331,5.328059656,5.910300296,6.716961293,3.561,7.871247574
2021-01-31 14:00:00,5.82,5.990702832,4.049629063,5.137366226,5.72614995,6.475140181,3.488,7.252131878
2021-01-31 15:00:00,5.662,7.518280051,3.776057239,5.528919333,4.838300339,7.762134598,3.694,4.613199215
2021-01-31 16:00:00,5.568,5.891348842,4.63174185,5.230549066,5.745292398,6.280233648,3.847,4.68523171
2021-01-31 17:00:00,6.568,7.709305197,4.915912208,6.237504251,6.952401857,7.863183844,3.817,3.913558575
2021-01-31 18:00:00,8.053,8.038500152,5.433646328,6.928037489,7.683685123,8.510996025,3.798,4.684284027
2021-01-31 19:00:00,8.234,9.40583638,6.320671604,8.057227637,8.989542522,10.1686274,3.814,4.311940629
2021-01-31 20:00:00,7.768,10.12778915,6.846470593,8.68653111,9.530243991,10.2925,3.896,4.228510042
2021-01-31 21:00:00,7.347,9.587167252,6.215447309,9.594216101,8.97368121,10.3647856,3.878,4.139476476
2021-01-31 22:00:00,6.384,8.058485129,5.471363114,7.680802932,7.535473344,8.750766359,3.668,4.054816569
2021-01-31 23:00:00,5.195,6.051020934,4.08271999,6.082916485,5.784633396,6.542039165,3.132,3.422103724
2021-02-01 00:00:00,3.868,4.900757988,3.478778236,3.771289748,4.390630463,5.575831231,2.978,2.086
2021-02-01 01:00:00,3.172,3.826179344,2.586241258,3.279924557,3.573379276,4.240896836,2.8,3.139380223
2021-02-01 02:00:00,2.719,3.778917916,2.170970831,2.724383243,3.061221691,2.876155804,2.872,2.773784853
2021-02-01 03:00:00,2.542,2.982803608,2.081,2.557480843,4.135272327,3.223882581,2.87,2.713469567
2021-02-01 04:00:00,2.446,2.929510552,2.139328833,2.512280827,2.800331859,3.166971964,2.862,2.983892774
2021-02-01 05:00:00,2.808,3.387585873,2.27219672,2.882798832,3.283218838,4.982140024,2.992,3.231791014
2021-02-01 06:00:00,4.104,4.788902862,2.891319846,4.102689456,4.678937851,5.292256883,3.122,3.704832276
2021-02-01 07:00:00,5.007,5.8997997,3.987932641,5.056988739,5.634402964,6.377797618,4.446,4.988140522
2021-02-01 08:00:00,4.391,5.206480679,3.496989565,4.437292898,4.861027898,6.152072234,7.45,2.55673234
2021-02-01 09:00:00,4.318,5.088195003,4.905910621,4.35575652,4.863393284,5.496567252,7.669,8.532732986
2021-02-01 10:00:00,4.527,5.33521633,3.607154511,4.956377963,5.09961099,5.767772052,7.72,8.336087995
2021-02-01 11:00:00,4.582,5.403232173,3.652273174,4.030377882,5.164597996,5.791615988,7.646,8.37166348
2021-02-01 12:00:00,4.936,5.062347912,4.129713552,4.29928852,5.56699951,6.296779206,7.432,7.936080688
2021-02-01 13:00:00,5.062,5.974408475,4.038500904,5.12381594,5.710820025,6.458353155,7.173,7.695041461
2021-02-01 14:00:00,4.952,5.899433915,3.987642075,5.05915709,6.261704193,6.377476021,6.609,7.220847337
2021-02-01 15:00:00,5.087,6.228704977,3.707888321,5.457996415,5.949829228,6.705290962,6.111,6.797676318
2021-02-01 16:00:00,4.976,5.927978503,4.005021545,5.270434173,5.663578893,6.4052919,4.997,5.23908374
2021-02-01 17:00:00,5.388,8.154174079,4.563672903,5.846657106,6.517965331,7.389588377,4.602,3.005849069
2021-02-01 18:00:00,6.722,8.419485765,5.397100206,6.845704578,7.6710341,8.629075279,4.482,3.940300646
2021-02-01 19:00:00,7.886,9.354501604,6.322429532,8.021577716,8.941533526,10.11276535,4.182,5.46690587
2021-02-01 20:00:00,8.502,10.08285147,6.687222997,8.644268513,9.628552212,10.61768542,3.888,4.456322807
2021-02-01 21:00:00,8.047,10.6275,6.44999486,8.182258727,8.57781151,10.31233749,3.642,3.319091986
2021-02-01 22:00:00,6.784,8.064934367,6.985874721,6.82554846,6.873803989,8.70146668,3.612,4.058147613
2021-02-01 23:00:00,5.124,6.041206872,4.083780724,5.178765336,6.264540833,6.531009577,3.222,3.513353565
2021-02-02 00:00:00,3.868,4.890099958,3.399455316,4.20252727,4.684645073,5.297617674,3.045,3.39208419
2021-02-02 01:00:00,3.172,3.9116216,2.554661991,3.241386731,3.581649003,4.086827023,2.998,2.086
2021-02-02 02:00:00,2.719,3.474044154,2.162292452,2.742290368,3.057604418,2.969899049,3.011,2.086
2021-02-02 03:00:00,2.542,3.051047463,2.081,3.257340634,2.850289381,2.82217879,2.948,3.225509904
2021-02-02 04:00:00,2.446,2.889536347,2.081,2.477472268,2.081,3.123898452,2.893,3.184600841
2021-02-02 05:00:00,2.808,3.31791686,2.24216661,2.844368498,2.624049807,3.585728281,3.206,3.256380627
2021-02-02 06:00:00,4.104,4.973875416,3.273548203,4.156054422,4.63251221,5.240026696,3.285,3.810849477
2021-02-02 07:00:00,5.007,5.878167796,3.973256089,5.046346535,5.618653113,6.478078493,4.804,4.846348158
2021-02-02 08:00:00,4.391,5.153931589,3.485372693,4.308856601,4.696343484,5.571991406,6.508,7.1532139
2021-02-02 09:00:00,4.318,5.065767094,2.081,4.73367271,4.842111189,5.484990366,7.078,7.889653437
2021-02-02 10:00:00,4.527,5.311595827,2.986342165,4.55519187,5.07710868,5.748314077,7.464,7.837339725
2021-02-02 11:00:00,4.582,5.379995252,3.501652041,4.612733215,5.142286814,5.780669547,7.542,8.128028843
2021-02-02 12:00:00,4.936,5.858768496,3.921459982,4.551235161,5.545287003,4.448809722,7.131,8.101542286
2021-02-02 13:00:00,5.062,5.995474983,4.058693606,6.521016886,5.69088814,7.40800502,6.613,7.291603618
2021-02-02 14:00:00,4.952,5.850943654,3.954865054,4.994436226,5.597997301,6.32756596,6.195,6.865070807
2021-02-02 15:00:00,5.087,6.010497957,5.368002036,5.154500326,6.317944085,6.464180826,5.916,6.481886338
2021-02-02 16:00:00,4.976,7.248632193,3.974527714,5.04274088,5.620345623,6.356655369,5.571,3.129519668
2021-02-02 17:00:00,5.388,6.365823526,4.303418541,5.538572497,5.861220004,6.888631304,5.483,5.253482372
2021-02-02 18:00:00,6.722,8.240320244,5.361268711,6.714243462,7.590423104,10.10171213,4.76,5.243262884
2021-02-02 19:00:00,7.886,9.086208523,6.296155083,6.914821115,8.903512307,10.06712748,4.373,4.807506031
2021-02-02 20:00:00,8.502,9.74741404,6.788596316,8.611765011,9.598659111,10.6275,3.935,4.354062913
2021-02-02 21:00:00,8.047,9.19680556,6.424776349,8.732332391,9.084726711,10.27529132,3.877,3.938368927
2021-02-02 22:00:00,6.784,8.014344222,5.417253848,6.872892395,7.660565273,8.902425926,3.77,3.92541523
2021-02-02 23:00:00,5.124,6.055350547,4.093143142,5.204969962,5.788038085,6.199188978,3.24,3.595809157
2021-02-03 00:00:00,3.868,4.572944826,2.414154303,3.921184704,4.371142599,4.943802771,3.144,3.294335735
2021-02-03 01:00:00,3.172,2.754951926,2.535816973,3.217227156,3.586091299,4.230090072,2.988,2.086
2021-02-03 02:00:00,2.719,3.3581212,2.162188837,2.393478903,3.05773375,3.459652467,2.909,3.240510391
2021-02-03 03:00:00,2.542,2.991254239,2.081,2.56646806,3.231654234,3.204639353,2.835,3.224536269
2021-02-03 04:00:00,2.446,2.887076407,2.081,2.475925187,2.744569627,3.461530588,2.958,3.184781877
2021-02-03 05:00:00,2.808,3.314879867,2.240116247,2.841941095,3.171662894,5.368595916,3.327,3.365146223
2021-02-03 06:00:00,4.104,5.081287183,3.274758454,4.284967419,4.630136738,5.237382471,3.47,2.907702849
2021-02-03 07:00:00,5.007,5.902217288,3.981601715,5.06108027,5.642220691,7.665091122,4.562,5.074599987
2021-02-03 08:00:00,4.391,5.177287745,3.501331466,5.098222036,4.949379412,5.598630912,6.602,7.141028772
2021-02-03 09:00:00,4.318,5.19309599,2.598874452,4.477093302,5.044423231,5.619647358,6.739,7.698405259
2021-02-03 10:00:00,4.527,5.334029032,3.60545243,4.573257027,5.098509193,4.958555089,6.703,7.912623919
2021-02-03 11:00:00,4.582,5.489291525,3.6495284,5.481076763,5.160759361,5.83101543,6.863,7.288980506
2021-02-03 12:00:00,4.936,5.818061376,3.932530007,4.989575167,5.561616155,6.010568269,6.707,7.89245
2021-02-03 13:00:00,5.062,5.96813663,4.034083572,5.118155864,5.704611144,6.451827048,6.619,7.218937945
2021-02-03 14:00:00,4.952,5.846585979,3.999867482,5.012359934,4.681270487,5.716390695,5.923,6.37626728
2021-02-03 15:00:00,5.087,6.005655692,4.059447335,5.250618042,5.587543324,6.491657588,5.732,6.390546706
2021-02-03 16:00:00,4.976,6.504718036,3.971021756,5.038126385,5.387571061,6.350904834,5.093,3.76050147
2021-02-03 17:00:00,5.388,5.873248354,4.394683017,5.455016986,6.079997475,6.8834484,4.787,5.064385519
2021-02-03 18:00:00,6.722,8.610818928,5.363635479,6.80314134,7.281427545,8.664939791,4.57,2.32445894
2021-02-03 19:00:00,7.886,9.009773726,8.300280861,7.982837526,8.918552027,10.6275,4.043,4.456695082
2021-02-03 20:00:00,8.502,10.03998561,6.999761225,9.94680993,9.618293096,10.84868995,3.952,4.256334507
2021-02-03 21:00:00,8.047,9.498146233,6.42011392,8.145519164,9.08029279,10.26246915,3.327,3.914305099
2021-02-03 22:00:00,6.784,6.786361846,5.413181857,6.867027206,7.65315073,8.656556024,3.458,3.836619085
2021-02-03 23:00:00,5.124,6.066548389,4.096619,4.676691365,5.78544154,5.963078434,2.979,3.339663412
2021-02-04 00:00:00,3.868,5.154646675,3.194021579,3.915730299,4.364384123,4.935431001,2.928,2.086
2021-02-04 01:00:00,3.172,3.558697028,2.531068863,3.96374503,3.719015268,4.048195356,3.023,2.086
2021-02-04 02:00:00,2.719,3.207654691,2.168188029,2.642614593,2.951241197,3.681269619,2.83,3.24397951
2021-02-04 03:00:00,2.542,2.759354459,2.22841818,2.081,2.8663708,3.242399239,2.696,3.363149581
2021-02-04 04:00:00,2.446,2.199169791,2.081,2.474932365,2.758490894,3.338745908,2.706,2.086
2021-02-04 05:00:00,2.808,3.514206267,2.239448619,2.8386203,3.20507576,3.549129285,2.898,3.01269638
2021-02-04 06:00:00,4.104,6.077983091,3.273261633,3.060016746,4.6287164,5.94093619,3.42,2.889490628
2021-02-04 07:00:00,5.007,6.021944581,3.985038344,5.067035426,5.648059376,6.628648816,4.695,5.013195304
2021-02-04 08:00:00,4.391,5.182108017,3.502672241,4.443914405,4.951230539,5.599811507,6.916,7.151364269
2021-02-04 09:00:00,4.318,5.128167031,3.444360875,4.369860611,4.870735233,5.650152387,6.948,7.46795716
2021-02-04 10:00:00,4.527,5.342207131,3.850749447,4.584242681,5.106005398,5.775252008,7.738,8.40694064
2021-02-04 11:00:00,4.582,5.406988303,3.654838924,4.524727383,5.168332573,5.845274088,7.104,7.609070646
2021-02-04 12:00:00,4.936,5.824454844,3.932696874,4.484709209,5.558926764,6.266342604,7.414,7.634032579
2021-02-04 13:00:00,5.062,5.970699728,4.525700012,5.576966698,5.709472909,6.460419403,7.236,6.95387953
2021-02-04 14:00:00,4.952,5.270107767,4.106373214,5.011372274,5.58539583,7.827212062,6.416,2.922985314
2021-02-04 15:00:00,5.087,6.002752959,4.201583518,5.147790383,7.153618891,6.487069985,5.783,5.932056687
2021-02-04 16:00:00,4.976,5.868240372,3.966747695,5.471336112,5.613393094,6.347686011,5.046,5.399641666
2021-02-04 17:00:00,5.388,5.843362695,4.297648382,5.414823242,5.833583943,6.556872299,4.882,5.371962283
2021-02-04 18:00:00,6.722,7.283596314,6.602981795,6.802580812,7.582041765,8.558461325,4.662,4.513540413
2021-02-04 19:00:00,7.886,8.527413976,6.212152823,8.117829514,9.080544496,9.728291868,4.08,4.451665145
2021-02-04 20:00:00,8.502,10.03876309,6.410745245,8.60323544,9.592403187,10.84609694,3.932,4.39673506
2021-02-04 21:00:00,8.047,9.499724459,6.404961209,8.231966629,9.058821509,10.6275,3.418,4.12327786
2021-02-04 22:00:00,6.784,8.007552239,5.012630732,6.862481745,8.30642979,8.654481825,3.274,3.803922283
2021-02-04 23:00:00,5.124,6.046709074,4.087244464,5.197520627,5.779990314,6.536850063,2.905,3.619693151
2021-02-05 00:00:00,3.868,4.5645331,3.085434762,3.916217,4.363058666,4.530303037,2.716,3.125780757
2021-02-05 01:00:00,3.172,3.746699791,2.527901995,3.222095072,3.989082259,3.978729818,2.728,2.989032887
2021-02-05 02:00:00,2.719,3.207818195,2.168222757,2.750982156,3.067058783,3.467887067,2.784,3.173347962
2021-02-05 03:00:00,2.542,2.936398056,2.081,2.571628764,2.867127204,3.242721578,2.698,3.03547023
2021-02-05 04:00:00,2.446,2.886544552,2.081,2.475441002,3.201394141,3.120481865,2.668,2.96270824
2021-02-05 05:00:00,2.808,3.313747272,2.081,2.841788185,3.167372528,3.582269685,2.978,3.276595414
2021-02-05 06:00:00,4.104,5.500388362,3.078300995,4.153352167,4.711741976,5.235923372,3.241,2.086
2021-02-05 07:00:00,5.007,6.343108648,3.890902253,5.067220518,5.64779528,5.535003148,4.358,2.460086609
2021-02-05 08:00:00,4.391,5.413569989,3.502566914,4.360528362,5.644856902,5.387578265,6.366,7.309486386
2021-02-05 09:00:00,4.318,5.095163098,3.444221474,4.270294515,4.870531412,5.14015095,6.782,7.493640749
2021-02-05 10:00:00,4.527,5.34226585,3.611002395,4.581383513,5.10636988,5.77522394,6.92,7.780694674
2021-02-05 11:00:00,4.582,5.407016871,3.654899704,4.588847512,5.174780215,5.847612265,6.864,7.641678192
2021-02-05 12:00:00,4.936,5.605920547,3.936694214,4.989106997,5.567445757,6.297102497,6.896,7.850138393
2021-02-05 13:00:00,5.062,5.973429289,4.031728415,5.362335123,5.709106868,6.464106781,6.36,6.906191879
2021-02-05 14:00:00,4.952,6.985622498,3.950037259,5.011516051,5.703192981,6.312442536,6.017,3.403754371
2021-02-05 15:00:00,5.087,6.003032948,4.059052413,5.148128718,5.738025248,6.489622911,5.313,5.555141692
2021-02-05 16:00:00,4.976,5.883799521,3.965172577,5.035908832,5.612744738,6.286407846,4.76,5.00748467
2021-02-05 17:00:00,5.388,7.303442617,4.052610103,5.453107521,5.890313506,6.400628294,4.705,4.743852871
2021-02-05 18:00:00,6.722,9.199491911,5.360972829,6.422301605,7.578638928,8.575401401,4.684,3.935357122
2021-02-05 19:00:00,7.886,9.306055317,6.756282535,7.980758523,8.89514218,10.06036399,4.162,4.565536224
2021-02-05 20:00:00,8.502,10.27582462,6.781709181,8.604153069,9.91356309,10.6275,3.852,4.219867959
2021-02-05 21:00:00,8.047,9.59944501,6.418806396,8.143702921,8.943331314,10.76396204,3.778,4.119478196
2021-02-05 22:00:00,6.784,8.005592872,4.27832308,6.861487672,7.764203092,8.654883224,3.65,4.113082914
2021-02-05 23:00:00,5.124,5.950450932,4.087236262,5.367249871,5.779813505,6.536518464,3.157,3.42607315
2021-02-06 00:00:00,3.24,4.562554202,3.085149721,3.914513662,4.36305444,4.06431635,3.029,3.307247641
2021-02-06 01:00:00,2.922,3.743031694,2.53012143,3.211915074,3.515446322,4.046635074,2.923,3.185344027
2021-02-06 02:00:00,2.577,3.408995314,2.167869403,2.750618319,3.065696354,3.467275119,2.853,3.827316265
2021-02-06 03:00:00,2.403,2.921943448,2.233665837,2.565911535,2.625522014,3.193699048,2.915,2.931482141
2021-02-06 04:00:00,2.361,2.88668159,2.081,2.081,2.759050385,3.043497908,2.972,3.364384123
2021-02-06 05:00:00,2.506,3.313185375,2.239110369,2.889124965,3.167060213,3.551270045,3.274,3.528277845
2021-02-06 06:00:00,2.757,4.841742117,3.272772882,3.723633535,4.627788645,5.435945231,3.06,3.544339693
2021-02-06 07:00:00,3.692,5.905698512,3.989538304,5.064641544,5.644640279,6.3850619,3.319,4.905840471
2021-02-06 08:00:00,4.517,5.175034567,3.498742103,3.795802016,5.03283141,5.593879068,3.868,7.252162901
2021-02-06 09:00:00,4.761,5.083064642,3.440231745,4.366423804,4.602831165,5.495240202,3.691,7.702650304
2021-02-06 10:00:00,5.912,5.269617546,3.559322785,3.988028105,5.036796177,5.696835077,4.028,7.738787524
2021-02-06 11:00:00,6.522,5.32893369,3.182512291,4.57474552,5.673339859,5.760470375,4.101,5.21755
2021-02-06 12:00:00,6.504,5.741205086,3.880138392,4.923254255,4.795930115,6.202787876,4.167,8.065437559
2021-02-06 13:00:00,7.218,5.881318296,3.978782435,5.046118419,5.624929027,6.597881291,4.537,7.491731078
2021-02-06 14:00:00,6.424,5.750259554,3.888408487,4.93092472,5.955659503,6.216066966,4.325,6.428644704
2021-02-06 15:00:00,6.331,5.904029129,3.990032698,5.061408976,5.647893398,6.373678347,4.061,4.908439141
2021-02-06 16:00:00,5.216,5.767537071,3.903093059,4.957756996,5.513163951,6.235404651,3.816,4.968138472
2021-02-06 17:00:00,5.959,5.214691135,4.225389857,5.358804955,5.637657371,6.658245235,4.274,4.954270785
2021-02-06 18:00:00,6.938,7.779668883,5.258266585,6.672209221,7.437410524,8.41076644,3.998,4.650458347
2021-02-06 19:00:00,7.547,9.14530815,6.18230543,7.660696881,8.739919571,9.888263865,4.046,6.317010141
2021-02-06 20:00:00,8.064,9.869550222,6.631406887,8.601764609,8.824670679,10.08,3.99,4.289925446
2021-02-06 21:00:00,7.146,9.331382065,8.092621097,7.145973384,8.768831778,10.08800086,4.07,4.139085283
2021-02-06 22:00:00,5.848,7.840318994,6.348660871,7.219301919,7.498827771,7.495872141,3.857,4.061884622
2021-02-06 23:00:00,4.694,5.881954074,3.975250034,5.04432346,6.058629407,5.71015025,3.297,3.487934883
2021-02-07 00:00:00,3.24,4.399985934,3.560748503,3.773333427,3.973299386,4.756474153,3.018,3.18256005
2021-02-07 01:00:00,2.922,3.502989188,2.41919395,3.064229341,3.420498256,3.868489466,3.034,2.086
2021-02-07 02:00:00,2.577,2.251246204,2.081,2.614795546,2.908297852,3.288982133,2.83,3.084863059
2021-02-07 03:00:00,2.403,2.955726057,2.081,3.653516418,2.708909521,3.067900454,2.877,3.688936967
2021-02-07 04:00:00,2.361,2.726130572,2.961264492,2.337309726,2.536264337,2.979193298,2.903,3.198642404
2021-02-07 05:00:00,2.506,3.159033779,2.081,2.537085432,3.020073009,3.416915149,3.184,3.48676348
2021-02-07 06:00:00,2.757,4.698800272,3.176084409,4.029388119,4.964858495,5.079356483,3.085,3.356336162
2021-02-07 07:00:00,3.692,6.530200879,3.227895755,5.101966679,7.719618688,6.24513153,3.242,4.795276891
2021-02-07 08:00:00,4.517,5.057051886,3.418182914,4.336724873,4.442541318,5.15786727,3.5,6.729509954
2021-02-07 09:00:00,4.761,4.977515415,3.183739243,5.298350824,4.757744663,5.380984586,3.8,7.706306818
2021-02-07 10:00:00,5.912,5.230808395,3.498791629,4.485861898,5.000104662,5.654864851,3.795,8.093944943
2021-02-07 11:00:00,6.522,5.302274389,2.081,4.547158371,5.067977115,5.810760359,3.773,4.7288
2021-02-07 12:00:00,6.504,5.203316061,3.870828117,4.72515814,5.562029482,6.133989266,3.527,8.220035785
2021-02-07 13:00:00,7.218,5.881629696,4.092798344,5.044013319,5.622142824,6.358388389,3.958,7.964765724
2021-02-07 14:00:00,6.424,5.758771161,3.815194186,4.938117915,5.504107103,6.329408821,4.002,5.869351924
2021-02-07 15:00:00,6.331,6.342970634,3.103544569,5.08048247,5.662677249,6.405181762,3.955,5.33989575
2021-02-07 16:00:00,5.216,5.799564155,3.920581435,4.974137662,6.563179802,6.510294973,3.453,5.248145686
2021-02-07 17:00:00,5.959,6.340373791,3.415529097,5.437589307,6.061730552,6.854322502,3.574,5.491796625
2021-02-07 18:00:00,6.938,7.919607007,5.353007813,6.791861572,7.570008585,8.560210105,3.655,5.4931302
2021-02-07 19:00:00,7.547,9.416134156,6.293120941,7.973337476,8.886868088,10.05105201,3.943,5.188397944
2021-02-07 20:00:00,8.064,9.182361977,6.615137306,8.710334829,9.585055843,10.08,3.91,4.545962277
2021-02-07 21:00:00,7.146,9.493371961,6.516606415,8.140985893,9.076349756,10.26282419,4.112,4.56759013
2021-02-07 22:00:00,5.848,8.004331911,5.410436922,6.871214546,7.685152439,8.652886407,3.986,4.354154299
2021-02-07 23:00:00,4.694,6.045469506,5.899826161,5.185025643,5.777634703,6.532017871,3.513,3.945499898
2021-02-08 00:00:00,3.868,5.93206861,3.47685045,3.914816653,4.455459972,4.934547653,3.142,2.676799928
2021-02-08 01:00:00,3.172,3.743395872,2.530242029,3.210367239,2.254268169,4.04663855,3.084,3.59291869
2021-02-08 02:00:00,2.719,3.204846085,3.435048703,2.081,3.065770159,3.547479616,3.125,3.386757635
2021-02-08 03:00:00,2.542,2.999448005,2.081,2.574161495,2.867765802,3.232033311,3.149,3.559120224
2021-02-08 04:00:00,2.446,2.875785425,3.334092644,2.475451382,3.651980386,3.11959718,3.102,3.399402987
2021-02-08 05:00:00,2.808,3.565122218,2.162993143,2.841802251,3.167446961,3.694326811,3.446,4.021338062
2021-02-08 06:00:00,4.104,4.84308092,3.273576011,3.704432202,4.629278138,5.235616665,3.6,4.374746645
2021-02-08 07:00:00,5.007,5.908623732,3.993955473,5.067218341,5.647843821,5.806113325,4.752,5.127933845
2021-02-08 08:00:00,4.391,5.181757872,3.589557504,4.443794286,5.041345269,5.594572922,6.704,7.160787824
2021-02-08 09:00:00,4.318,5.095591181,3.44454585,4.36984746,4.870668069,5.508685496,7.417,7.959913527
2021-02-08 10:00:00,4.527,5.340734209,3.610986796,4.581471932,5.654591115,5.887253402,7.692,8.524270361
2021-02-08 11:00:00,4.582,5.479122703,3.714953881,4.745131426,5.16842007,5.8574029,8.202,8.957772571
2021-02-08 12:00:00,4.936,5.824887847,3.31369756,4.995333135,5.926478499,6.297064348,8.05,9.4323
2021-02-08 13:00:00,5.062,5.97378382,4.038248432,5.091930908,5.70967797,6.457744017,7.831,8.53746427
2021-02-08 14:00:00,4.952,5.843769028,3.950072791,5.105566989,5.518549646,6.317442732,7.508,6.676518192
2021-02-08 15:00:00,5.087,6.003200314,4.059226909,5.148167076,5.738092643,6.489002535,7.123,6.243699218
2021-02-08 16:00:00,4.976,5.864927452,3.672278461,5.036329776,5.612883448,5.699418828,6.95,5.835476526
2021-02-08 17:00:00,5.388,6.374833016,4.297289108,5.452462815,6.079254969,6.873623321,6.602,5.829787471
2021-02-08 18:00:00,6.722,7.932350422,5.361846097,6.804622048,7.582497561,8.577999155,5.947,5.601820271
2021-02-08 19:00:00,7.886,9.306107866,5.94601492,7.980871705,8.89560189,10.30009086,5.039,5.457551305
2021-02-08 20:00:00,8.502,8.972753364,6.67448597,8.261868693,10.6275,10.6275,4.288,3.699679316
2021-02-08 21:00:00,8.047,9.504719657,5.974179904,8.143531076,9.075374617,10.26579753,3.936,4.966654693
2021-02-08 22:00:00,6.784,8.004921062,5.38089379,6.865951843,7.890687011,8.654549689,3.63,4.232251485
2021-02-08 23:00:00,5.124,6.046686034,4.075992835,5.185559548,5.780072243,6.536880391,3.033,4.026428446
2021-02-09 00:00:00,3.868,4.545310225,3.085235158,3.914820773,4.091021548,6.006224047,2.944,3.890909047
2021-02-09 01:00:00,3.172,4.238567337,2.566451704,3.210098959,2.677034153,4.046603301,2.964,2.086
2021-02-09 02:00:00,2.719,3.208262488,2.169618533,2.750699568,3.308909792,3.468270637,2.882,3.152738343
2021-02-09 03:00:00,2.542,2.999564896,2.081,2.081,2.838625029,3.207858835,3.003,3.219626693
2021-02-09 04:00:00,2.446,2.886456008,2.081,2.47196068,2.964852852,2.832716124,2.932,2.875214781
2021-02-09 05:00:00,2.808,3.802592231,2.602489443,3.700116507,3.16676756,3.582222982,3.281,2.086
2021-02-09 06:00:00,4.104,4.843001227,3.168894228,5.024339364,4.799158905,5.233492815,3.383,3.875772248
2021-02-09 07:00:00,5.007,5.909999691,3.981646073,5.066546499,5.64808301,6.387573844,4.284,4.811916306
2021-02-09 08:00:00,4.391,5.181735813,4.874514639,4.28749799,4.952950598,5.591392771,6.157,6.967837565
2021-02-09 09:00:00,4.318,5.095552943,3.444334877,4.369889942,4.874593671,5.507313022,6.938,7.896124476
2021-02-09 10:00:00,4.527,5.343401262,3.609886062,4.592808467,5.106222711,5.810583413,7.525,8.279941212
2021-02-09 11:00:00,4.582,5.407092786,3.654891069,5.506321538,5.168398256,5.845398856,7.998,8.565411623
2021-02-09 12:00:00,4.936,4.820814191,3.937278923,4.995312838,5.405861895,6.148176038,7.6,6.596219698
2021-02-09 13:00:00,5.062,6.008324859,4.037910437,6.558783493,5.709246574,6.457572907,7.442,7.952405716
2021-02-09 14:00:00,4.952,5.97183234,4.526250878,5.011561962,5.586500257,6.404341025,6.831,7.338752642
2021-02-09 15:00:00,5.087,6.207400523,4.057876955,6.210482671,5.737991971,6.489637097,6.322,6.899254998
2021-02-09 16:00:00,4.976,5.872023834,3.969182617,5.03617861,5.612757914,6.348076244,5.992,6.532040046
2021-02-09 17:00:00,5.388,6.358202617,4.297787268,5.452743375,6.077568639,6.873613569,5.696,6.173214537
2021-02-09 18:00:00,6.722,7.932466169,5.428523109,6.924806138,8.834206302,8.575373695,5.401,5.924904412
2021-02-09 19:00:00,7.886,9.306047439,6.2910212,8.214920794,8.887344295,10.05967744,5.116,5.288044669
2021-02-09 20:00:00,8.502,10.03312504,7.441956339,8.603461897,9.590070126,10.84621291,3.988,5.691550035
2021-02-09 21:00:00,8.047,9.322681566,6.419334208,8.143654012,8.771457207,10.6275,3.805,3.481260325
2021-02-09 22:00:00,6.784,8.005045149,5.411488584,7.543710259,7.652143935,8.646016045,3.601,4.008012255
2021-02-09 23:00:00,5.124,6.154821988,4.088902154,4.558509964,5.77966756,6.535670975,3.229,3.354077519
2021-02-10 00:00:00,3.868,4.55887731,3.072662075,3.93728921,4.362997782,5.465636899,2.985,3.202342126
2021-02-10 01:00:00,3.172,3.643576685,2.647783251,3.210111577,3.576140664,4.188599595,2.842,3.245136426
2021-02-10 02:00:00,2.719,3.208572973,2.081,2.674367342,3.067119341,3.46891012,2.66,2.962855422
2021-02-10 03:00:00,2.542,2.999736656,2.081,2.568522056,2.349403381,3.242982584,2.602,3.117850516
2021-02-10 04:00:00,2.446,3.08041849,2.081,2.475387321,2.651681464,3.12043673,2.74,2.086
2021-02-10 05:00:00,2.808,3.686685498,2.23984093,2.842089893,3.167752826,3.324926641,3.166,2.538095858
2021-02-10 06:00:00,4.104,4.849461263,3.271485649,4.15330263,4.629208833,5.235568664,3.254,3.573225194
2021-02-10 07:00:00,5.007,5.908527745,3.995037879,5.009229271,5.647773052,5.49668258,4.264,4.685903496
2021-02-10 08:00:00,4.391,5.181767069,3.502755775,4.431785384,5.16351887,5.601715307,6.406,8.7515
2021-02-10 09:00:00,4.318,5.095539288,3.444314051,5.578137512,4.870564689,5.508541454,6.938,8.004069786
2021-02-10 10:00:00,4.527,5.341419098,3.563867803,4.581973661,4.771349332,5.775206127,7.44,7.999374277
2021-02-10 11:00:00,4.582,3.929861583,3.400833886,4.483921033,5.16686994,5.844654626,7.61,8.391806788
2021-02-10 12:00:00,4.936,5.824837278,3.937329235,5.152871717,6.379233568,6.297024548,7.174,7.989230914
2021-02-10 13:00:00,5.062,5.973118742,4.036994726,5.123755379,5.53046899,6.527706605,6.875,7.707285675
2021-02-10 14:00:00,4.952,5.843632652,3.950039217,5.006615712,5.585427115,6.317449951,6.621,7.308584072
2021-02-10 15:00:00,5.087,5.939327091,3.941824725,5.147290001,5.505708621,6.489562049,6.21,6.887185764
2021-02-10 16:00:00,4.976,6.106466926,3.969182828,5.005721955,5.612791058,6.348002272,5.717,6.211538855
2021-02-10 17:00:00,5.388,6.35955916,4.297922287,5.452746083,6.417973637,6.865654092,5.552,6.161689633
2021-02-10 18:00:00,6.722,7.93243767,5.488934574,7.767497646,7.301932761,8.564927564,4.783,5.525501325
2021-02-10 19:00:00,7.886,9.306122106,6.891709435,8.665487468,8.238688246,10.06037052,4.212,4.891138451
2021-02-10 20:00:00,8.502,10.6275,6.780882684,8.604009853,9.590002075,10.6275,4.148,2.086
2021-02-10 21:00:00,8.047,9.385242121,6.417418949,8.143692789,9.362613098,10.264371,3.82,2.930982754
2021-02-10 22:00:00,6.784,8.004684327,5.189047879,6.796189357,7.702526712,8.470361975,3.32,3.614963236
2021-02-10 23:00:00,5.124,6.047731439,5.41957354,5.174023731,5.779757346,6.340284347,2.77,3.169622634
2021-02-11 00:00:00,3.868,4.563978191,3.085289438,3.914568443,4.363005454,5.656415098,2.601,2.987213985
2021-02-11 01:00:00,3.172,3.742813217,2.526307126,3.209132507,4.158324942,4.046596977,2.546,2.768507535
2021-02-11 02:00:00,2.719,3.208654205,2.168806477,2.751737047,3.066921886,3.475917847,2.494,2.803340441
2021-02-11 03:00:00,2.542,2.214203621,2.081,2.572534352,2.867310768,3.24288419,2.649,4.297460724
2021-02-11 04:00:00,2.446,2.886409647,3.073966708,2.475390594,2.759015712,3.12031259,2.461,3.771573519
2021-02-11 05:00:00,2.808,3.313633127,2.239839186,3.405051695,3.167321101,3.581818056,2.891,3.335538482
2021-02-11 06:00:00,4.104,4.843128463,3.273786323,4.15310071,4.629213933,5.789538057,3.136,3.27044619
2021-02-11 07:00:00,5.007,5.908714763,3.99405855,5.067193134,6.108245831,6.387563666,4.47,5.192671998
2021-02-11 08:00:00,4.391,5.322836944,3.472166256,4.636913236,4.953014671,5.601707142,6.504,6.893698428
2021-02-11 09:00:00,4.318,5.095546076,3.444322692,4.867764451,5.476658844,5.230922941,7.242,8.3582
2021-02-11 10:00:00,4.527,5.340272776,3.611036721,4.581297904,5.105158712,5.775318216,7.178,8.091960159
2021-02-11 11:00:00,4.582,5.406998352,4.309172343,4.521593622,5.167833169,5.915986101,7.268,8.275117259
2021-02-11 12:00:00,4.936,5.824068653,4.806544153,4.995322371,5.568608939,6.297023012,7.116,8.067977702
2021-02-11 13:00:00,5.062,6.13280818,3.953143255,5.122841734,5.707518227,6.456601344,6.97,6.262121595
2021-02-11 14:00:00,4.952,5.961362916,3.95002156,4.746245537,5.585763992,6.317411567,6.656,7.535578953
2021-02-11 15:00:00,5.087,6.101569729,4.057949505,5.511001787,6.078486653,6.489641482,6.462,6.98226955
2021-02-11 16:00:00,4.976,5.87148676,3.137976992,5.030188992,5.612846875,6.460503759,5.749,6.344581079
2021-02-11 17:00:00,5.388,5.776743372,4.351813674,4.847204653,6.077532556,6.873601259,5.656,5.522299417
2021-02-11 18:00:00,6.722,7.932310538,5.362375884,6.802808319,7.582296557,8.575458264,5.47,5.306429311
2021-02-11 19:00:00,7.886,9.306015367,6.662412648,7.980823028,10.40548797,9.875128293,4.497,4.896253006
2021-02-11 20:00:00,8.502,10.03301591,6.781753439,7.527518337,9.590068621,10.6275,3.862,4.470536856
2021-02-11 21:00:00,8.047,9.496080635,6.24379903,8.143754092,9.076913433,10.26569056,3.633,4.071296824
2021-02-11 22:00:00,6.784,8.005425715,5.411400036,6.865948685,7.652258993,8.654576932,3.312,3.907178595
2021-02-11 23:00:00,5.124,6.046756204,4.087176049,5.187325469,5.764764828,6.536879499,2.92,3.157442601
2021-02-12 00:00:00,3.868,3.724982787,3.085412413,3.914483548,4.362886253,4.941175138,2.838,2.204686553
2021-02-12 01:00:00,3.172,3.74937511,2.149726293,3.210013206,3.573213479,4.057788574,2.797,2.934940155
2021-02-12 02:00:00,2.719,3.20955682,2.081,2.751020261,3.119730162,3.470149552,2.862,2.916066939
2021-02-12 03:00:00,2.542,2.999476155,2.081,2.572357713,2.866610721,3.242511651,2.586,2.879303333
2021-02-12 04:00:00,2.446,3.623491899,2.081,2.475340807,2.759048466,3.258784506,2.723,2.888781862
2021-02-12 05:00:00,2.808,3.205455575,2.211498404,2.841757253,3.167360661,3.582252198,3.133,3.352613216
2021-02-12 06:00:00,4.104,4.835997914,3.229632719,3.178244233,4.629199723,5.974702233,3.188,3.298572053
2021-02-12 07:00:00,5.007,5.901237038,4.004395825,5.073721043,4.478767462,6.387523391,4.218,4.951726048
2021-02-12 08:00:00,4.391,5.181339521,3.405813114,4.443817985,4.942674495,6.722569051,6.751,7.298609074
2021-02-12 09:00:00,4.318,4.690889017,3.380099437,4.369905636,4.887180826,5.508579612,7.744,8.50712322
2021-02-12 10:00:00,4.527,5.342400537,3.611300164,4.581990229,5.106334522,5.032824185,7.634,9.06867974
2021-02-12 11:00:00,4.582,5.407114919,3.654813021,4.618707509,5.168408823,5.847370559,7.988,8.805367999
2021-02-12 12:00:00,4.936,6.260653598,3.945151207,4.995332023,5.567702435,6.297001408,7.299,7.343649687
2021-02-12 13:00:00,5.062,6.097961322,4.769051025,5.12271064,6.567952843,7.482748937,7.373,7.31137023
2021-02-12 14:00:00,4.952,5.843701093,3.803561041,5.55970729,5.585766592,6.78526245,6.898,7.484743665
2021-02-12 15:00:00,5.087,6.003673524,4.05633822,5.148132683,5.735984523,6.92543998,6.408,6.944165321
2021-02-12 16:00:00,4.976,5.84200214,3.969203011,5.035690898,5.612819764,6.348091813,6.082,6.367353846
2021-02-12 17:00:00,5.388,6.638517075,4.297806297,5.452739801,6.579037302,6.873639787,5.84,4.9996989
2021-02-12 18:00:00,6.722,7.932478869,5.361934063,6.797732966,7.729705695,8.576112651,6.084,5.459756441
2021-02-12 19:00:00,7.886,9.306215445,6.290414812,7.98076252,8.989022527,10.06035282,5.457,5.095225729
2021-02-12 20:00:00,8.502,10.46764122,6.784346939,8.31143167,9.590082488,10.6275,4.606,5.908337984
2021-02-12 21:00:00,8.047,9.533133569,6.257541117,8.143999162,9.546871475,9.419481881,3.93,4.162489183
2021-02-12 22:00:00,6.784,8.005625125,5.411399176,6.859359165,7.652265003,8.859647624,3.732,3.805468164
2021-02-12 23:00:00,5.124,6.046767018,5.454785552,5.185998686,5.37272743,6.536709908,3.343,3.635123034
2021-02-13 00:00:00,3.24,4.564720384,3.086155504,3.914390172,4.362937732,5.118989583,3.109,4.039576353
2021-02-13 01:00:00,2.922,4.902611032,2.527431498,3.210040967,3.577853292,4.04656926,2.98,2.086
2021-02-13 02:00:00,2.577,3.20711367,2.160316686,2.750505965,3.06549821,3.467184053,2.788,3.11766012
2021-02-13 03:00:00,2.403,4.367880626,2.081,3.899666503,2.866876026,3.242392165,2.724,2.086
2021-02-13 04:00:00,2.361,2.886337212,2.081,2.591391927,3.543482376,3.121229847,2.996,3.338436843
2021-02-13 05:00:00,2.506,3.271327933,2.23958879,3.054790848,3.166963808,3.581422913,3.168,3.052781102
2021-02-13 06:00:00,2.757,4.8412667,3.272707108,4.701517381,4.62789634,4.962062411,2.894,3.505723904
2021-02-13 07:00:00,3.692,5.79916564,4.456074567,5.141723552,4.724235082,6.383910956,3.066,4.728534242
2021-02-13 08:00:00,4.517,4.997819951,3.518356171,4.437786421,4.945799773,5.641700167,3.596,7.43568997
2021-02-13 09:00:00,4.761,5.092489243,3.435621191,3.592733974,4.858835174,5.430653665,4.39,8.242071819
2021-02-13 10:00:00,5.912,5.273999139,3.531653731,4.519127153,5.084594978,5.6976973,4.984,8.173748513
2021-02-13 11:00:00,6.522,5.328700912,3.602143408,4.569716271,5.093466034,5.7587077,5.298,6.0927
2021-02-13 12:00:00,6.504,5.741408431,3.880955323,4.92355821,5.437571174,6.206549707,4.953,8.055697356
2021-02-13 13:00:00,7.218,5.965668229,3.97969695,5.046505432,5.62490867,6.361714893,4.867,8.077653328
2021-02-13 14:00:00,6.424,5.644017745,3.764141416,4.930933557,5.496570743,6.215806392,4.676,7.571924959
2021-02-13 15:00:00,6.331,5.904115782,3.915001996,5.06183796,5.643599809,6.382612176,4.558,7.191153231
2021-02-13 16:00:00,5.216,5.767644049,3.898680046,4.945965635,4.462911303,6.23531414,4.624,6.486767803
2021-02-13 17:00:00,5.959,4.955030437,3.884087342,5.35950869,5.972763954,6.755074905,4.674,6.361401948
2021-02-13 18:00:00,6.938,8.937286608,5.259497043,6.481486114,7.436613311,8.410801551,4.6,3.518692416
2021-02-13 19:00:00,7.547,9.146243945,6.182628381,7.843650155,8.742540281,9.887576547,4.511,4.666251147
2021-02-13 20:00:00,8.064,10.08,6.671408802,8.464001815,9.434051336,10.08,4.266,3.534201367
2021-02-13 21:00:00,7.146,9.332262639,6.307561554,8.235974193,8.919513589,10.08784372,3.625,4.014348844
2021-02-13 22:00:00,5.848,7.840806664,5.300081503,6.724275874,7.490960162,8.578680338,3.446,3.780718059
2021-02-13 23:00:00,4.694,6.259329528,3.790602877,5.044298216,5.622293954,6.358681505,2.894,2.313179074
2021-02-14 00:00:00,3.24,4.319524102,2.974319759,3.773307037,4.205532229,4.756382434,2.679,3.080059024
2021-02-14 01:00:00,2.922,3.719500812,2.418698906,3.656868393,3.420390129,4.220050166,2.586,2.762322905
2021-02-14 02:00:00,2.577,3.04245313,2.081,2.217483387,2.908085738,3.336396129,2.581,3.020463488
2021-02-14 03:00:00,2.403,2.835745633,2.10033475,2.349380755,2.711254754,3.074170355,2.53,2.816395612
2021-02-14 04:00:00,2.361,2.747789061,2.081,2.337952413,3.404561251,2.149442033,2.756,2.912243983
2021-02-14 05:00:00,2.506,3.165980155,2.135671724,2.950355123,3.019984559,3.415629471,3.04,3.304034831
2021-02-14 06:00:00,2.757,4.698501428,3.175928024,4.02937988,5.859690097,5.063169,2.826,3.340520443
2021-02-14 07:00:00,3.692,5.695316841,4.565018129,4.954009611,5.27734365,6.24537875,2.911,4.601364469
2021-02-14 08:00:00,4.517,5.062050718,2.836664639,5.609207063,4.920552341,5.218663144,3.082,7.489383067
2021-02-14 09:00:00,4.761,5.340313993,3.364490839,4.268598546,4.757690623,5.454277955,3.476,6.253033338
2021-02-14 10:00:00,5.912,5.231117748,3.537417916,4.48682479,5.002617491,5.654740192,3.508,8.322005453
2021-02-14 11:00:00,6.522,5.300429019,3.582838079,4.547122326,5.096820117,6.147425463,4.254,5.5959
2021-02-14 12:00:00,6.504,5.72646787,3.871201589,4.916503276,5.475057605,5.727702563,4.28,7.943024071
2021-02-14 13:00:00,7.218,5.881593703,3.975150229,5.040615954,4.848636836,6.28259065,4.184,8.183778547
2021-02-14 14:00:00,6.424,4.537106475,4.273881425,4.938237637,5.502698627,6.224997937,4.582,7.700944509
2021-02-14 15:00:00,6.331,5.924202789,4.006819015,5.088914479,5.662690497,6.620873358,4.676,7.443744103
2021-02-14 16:00:00,5.216,5.908509121,3.920434506,4.974388312,5.544086926,6.270391468,4.623,6.904442811
2021-02-14 17:00:00,5.959,6.340617912,2.596496985,5.43494725,5.980776699,6.854047932,4.866,6.49386509
2021-02-14 18:00:00,6.938,8.472853486,5.352141106,6.791745968,8.784288946,8.193237065,4.385,5.093855223
2021-02-14 19:00:00,7.547,9.48279096,6.283190562,9.340782408,9.660900462,9.952248056,4.092,2.337657803
2021-02-14 20:00:00,8.064,10.02742805,6.791365928,8.325381221,9.3837679,10.08,3.668,4.542446665
2021-02-14 21:00:00,7.146,9.44340803,6.41619976,8.160152349,9.074269825,10.26370303,3.768,4.141856783
2021-02-14 22:00:00,5.848,8.004089833,5.410352337,6.863120386,7.650769571,8.652902907,3.547,3.804203129
2021-02-14 23:00:00,4.694,6.042969773,4.087043678,5.185149733,4.922611542,6.53630573,3.09,3.308167122
2021-02-15 00:00:00,3.868,4.557598574,3.133340915,3.656610855,4.25275689,4.934549573,2.872,3.21816108
2021-02-15 01:00:00,3.172,4.494270942,2.530261599,3.210623098,2.835597,4.031607092,2.852,2.086
2021-02-15 02:00:00,2.719,2.081,2.173674615,4.083855039,3.065815041,3.506670739,2.806,3.030278605
2021-02-15 03:00:00,2.542,3.474294987,2.145094088,2.572294936,2.866681943,3.246304336,2.789,2.86835638
2021-02-15 04:00:00,2.446,2.88669425,2.081,2.475080643,2.759061511,3.120499522,2.892,3.221287826
2021-02-15 05:00:00,2.808,3.913169695,2.081,2.841123503,3.220418995,3.589702168,3.149,2.086
2021-02-15 06:00:00,4.104,4.81596687,3.273661508,4.153346013,4.629255618,5.443007117,3.246,3.426896335
2021-02-15 07:00:00,5.007,5.908487649,3.993851047,5.067213276,5.647701613,6.387627192,4.292,4.663305427
2021-02-15 08:00:00,4.391,5.181740695,3.502590183,4.443801178,4.952085021,4.508926401,6.814,7.573240349
2021-02-15 09:00:00,4.318,5.141405747,3.444166118,4.369859584,4.892616033,5.127314923,7.376,8.005462657
2021-02-15 10:00:00,4.527,5.342065449,4.422612529,4.348650265,5.105082693,5.774913517,7.667,8.554891315
2021-02-15 11:00:00,4.582,5.407916783,3.593030181,4.643285083,5.173675985,5.532266412,7.687,8.591486709
2021-02-15 12:00:00,4.936,5.824876376,3.773457129,5.101632129,5.567743643,6.983371368,7.54,8.228003811
2021-02-15 13:00:00,5.062,5.629896981,3.889664522,5.415779531,5.696664359,6.79447397,7.553,8.401271243
2021-02-15 14:00:00,4.952,6.34164254,3.950160719,5.011642193,5.585840552,6.317443854,7.216,8.012154419
2021-02-15 15:00:00,5.087,6.019588954,4.057749874,5.14820233,5.738037109,6.348300751,7.084,7.998567753
2021-02-15 16:00:00,4.976,5.872079901,3.062079115,5.035952894,5.703461167,6.348308377,6.603,7.49953104
2021-02-15 17:00:00,5.388,7.012537267,4.796068391,5.452783943,6.072114599,6.873659726,6.144,6.894563904
2021-02-15 18:00:00,6.722,7.93091027,4.981718,6.75881411,7.582305951,8.49081546,5.168,5.559781119
2021-02-15 19:00:00,7.886,9.306090749,5.921971548,9.419602557,8.061435816,10.06040657,4.394,5.240706549
2021-02-15 20:00:00,8.502,10.6275,6.781767592,7.670866331,9.590062752,10.6275,3.94,2.487335967
2021-02-15 21:00:00,8.047,9.495826743,6.419274781,8.143747952,9.076327934,10.27712534,3.915,4.220575406
2021-02-15 22:00:00,6.784,7.623794258,5.41010439,5.815844493,7.653151404,8.654550006,3.452,4.000101538
2021-02-15 23:00:00,5.124,6.088507514,4.08732432,5.185665086,5.777343722,7.210227745,3.092,3.277316884
2021-02-16 00:00:00,3.868,4.564581206,3.085469085,4.051122985,4.32445424,4.934564928,2.906,3.165907669
2021-02-16 01:00:00,3.172,3.992178682,2.530217448,3.210120716,3.577890208,3.553795694,2.815,2.086
2021-02-16 02:00:00,2.719,3.209534941,2.196107929,3.934920476,3.066386299,3.468274129,2.709,2.896923792
2021-02-16 03:00:00,2.542,3.000827519,2.081,2.572500132,2.867641559,3.243061836,2.774,3.026207863
2021-02-16 04:00:00,2.446,2.945377313,2.081,2.965417177,2.759040387,3.120548889,2.748,3.150659112
2021-02-16 05:00:00,2.808,2.276743511,2.239835343,2.841713276,3.166358143,3.582044506,3.118,3.249885786
2021-02-16 06:00:00,4.104,4.65848072,3.846393869,4.183963957,5.409980936,5.23495571,3.25,3.549808254
2021-02-16 07:00:00,5.007,5.90862752,3.994070762,4.981464449,5.648656341,6.387607048,4.454,4.909998514
2021-02-16 08:00:00,4.391,5.181693735,3.433221817,4.112281489,4.952940617,4.628562811,7.454,8.270173317
2021-02-16 09:00:00,4.318,5.172164858,3.441938591,3.807842558,4.880755362,5.508721689,8.55,7.984203498
2021-02-16 10:00:00,4.527,5.342133716,3.611019789,4.54214371,5.106541869,5.77534412,9.453,10.14460993
2021-02-16 11:00:00,4.582,5.407136758,3.654908383,4.329126623,5.168884886,5.845376997,9.59,10.06840208
2021-02-16 12:00:00,4.936,5.824830644,3.940911206,4.996214159,5.515840318,6.297391943,9.278,9.407032023
2021-02-16 13:00:00,5.062,5.973239349,4.020204242,5.122505775,5.734699463,6.458664113,9.64,9.287178005
2021-02-16 14:00:00,4.952,5.949240911,3.950029286,5.010750319,5.585608829,6.316068908,8.719,7.015013576
2021-02-16 15:00:00,5.087,6.003035656,4.014318633,5.148130089,5.734801479,6.506131754,8.256,8.863128744
2021-02-16 16:00:00,4.976,5.872021434,4.494636097,5.027291192,5.619272823,6.348011528,7.577,7.985377448
2021-02-16 17:00:00,5.388,6.35822569,4.297824753,5.445733109,6.240085189,6.873612728,6.939,7.361473406
2021-02-16 18:00:00,6.722,7.932446236,5.361862453,6.794042535,7.583204144,8.411188365,5.928,6.274808713
2021-02-16 19:00:00,7.886,9.30604638,6.290394362,8.542517837,8.895233464,9.436752949,5.653,5.664720073
2021-02-16 20:00:00,8.502,10.24209871,6.776158098,8.604012156,9.591222361,10.6275,4.744,4.271444465
2021-02-16 21:00:00,8.047,9.12511571,6.418744027,7.763218508,8.588635948,10.26575989,4.012,4.531051064
2021-02-16 22:00:00,6.784,8.005367057,5.411348074,6.866294818,7.651249494,8.654581767,3.721,4.223503181
2021-02-16 23:00:00,5.124,6.046634351,4.0863064,5.185595516,6.245840523,7.638443164,3.074,3.547728168
2021-02-17 00:00:00,3.868,4.564588996,3.085708004,4.648435195,4.363018469,6.245596225,2.851,3.417843202
2021-02-17 01:00:00,3.172,3.743180076,2.530191509,3.210079596,3.579152691,4.046665035,2.667,3.281719941
2021-02-17 02:00:00,2.719,3.208604039,2.16885403,2.999236428,3.066925228,3.468678977,2.671,3.223330819
2021-02-17 03:00:00,2.542,2.999583013,2.081,2.57251986,2.910984265,3.242885188,2.806,3.181108975
2021-02-17 04:00:00,2.446,2.763580409,2.081,2.475387492,2.256648289,4.031720186,3.042,3.265426923
2021-02-17 05:00:00,2.808,3.313637755,2.204471933,2.842401567,2.760269922,2.36105799,3.127,3.64648744
2021-02-17 06:00:00,4.104,4.8425882,3.272467538,4.153822235,4.629214387,5.236972022,3.135,3.651107283
2021-02-17 07:00:00,5.007,5.908614707,3.993913021,5.066695196,5.647701585,6.387545933,4.602,5.251952524
2021-02-17 08:00:00,4.391,5.182329613,3.494752093,4.439173478,4.953577982,5.601726711,8.072,8.742215968
2021-02-17 09:00:00,4.318,4.895602316,3.530762163,4.111533232,4.870603418,5.508567336,10.1,9.653094661
2021-02-17 10:00:00,4.527,5.026291848,3.909938704,4.581384413,5.311435811,5.758756163,10.566,11.68991702
2021-02-17 11:00:00,4.582,5.411684028,3.6548972,4.637176219,5.168412796,5.845114576,10.242,11.19293068
2021-02-17 12:00:00,4.936,5.825817049,4.543177461,5.048793895,5.873924661,6.296970273,9.392,9.818560884
2021-02-17 13:00:00,5.062,5.973552457,4.037761315,5.122804811,6.061775837,6.455986135,9.084,9.685293996
2021-02-17 14:00:00,4.952,5.947133498,3.95002248,5.015925062,5.585315738,6.317381997,8.77,9.351093682
2021-02-17 15:00:00,5.087,6.306515602,4.057725663,5.117441455,5.737872412,6.489715074,8.707,7.862100783
2021-02-17 16:00:00,4.976,5.73416968,3.969163651,5.03870991,4.946027124,6.475120604,7.636,8.344335732
2021-02-17 17:00:00,5.388,5.489582055,4.299145674,5.452741651,6.640854139,6.862218047,6.612,5.322718658
2021-02-17 18:00:00,6.722,7.932799752,5.363058335,6.802769718,7.582259981,8.607084827,5.474,6.580170742
2021-02-17 19:00:00,7.886,7.483185014,6.292737551,7.981160819,8.699260425,9.990513188,5.703,5.923872435
2021-02-17 20:00:00,8.502,10.03289684,6.804743384,8.214371517,9.590190881,10.6275,5.176,5.415076698
2021-02-17 21:00:00,8.047,9.470931396,6.419144542,8.143690635,10.24720696,10.26698817,4.414,4.401449755
2021-02-17 22:00:00,6.784,8.005561694,5.393871419,7.37585208,7.640467783,9.508702944,3.834,4.385407002
2021-02-17 23:00:00,5.124,6.054246895,4.08724408,5.226487277,5.781349787,6.539896205,3.06,3.615232809
2021-02-18 00:00:00,3.868,4.558724487,3.085511519,4.463921992,4.471135096,3.010089556,2.997,3.427364877
2021-02-18 01:00:00,3.172,3.743219485,2.737353261,3.188008691,3.577873395,4.056909912,2.85,3.225943608
2021-02-18 02:00:00,2.719,3.208532057,2.168582793,2.751786791,3.06706164,4.833051325,2.69,3.183725025
2021-02-18 03:00:00,2.542,2.999692684,2.081,2.571993666,2.86727436,3.243847388,2.785,3.108423079
2021-02-18 04:00:00,2.446,2.081,2.081,3.345484835,2.759025164,3.127689405,2.786,3.26172096
2021-02-18 05:00:00,2.808,3.313663232,2.207387008,2.841672398,3.167220129,3.58235349,3.298,3.643305433
2021-02-18 06:00:00,4.104,3.975277916,3.273614294,4.153266404,4.271191798,5.235523431,3.694,2.086
2021-02-18 07:00:00,5.007,5.908643575,3.993852431,4.574354473,5.212589204,6.386855269,5.066,5.592365678
2021-02-18 08:00:00,4.391,5.18178679,3.502209601,4.468636,3.629207762,5.594679975,8.484,8.979743933
2021-02-18 09:00:00,4.318,5.095567022,3.525978168,4.114033516,4.870435077,5.85317446,9.452,9.786066665
2021-02-18 10:00:00,4.527,5.341882817,3.61092709,4.581401271,5.054498628,5.241232669,10.209,9.470868017
2021-02-18 11:00:00,4.582,5.407098187,3.654809868,4.338439703,5.168348503,5.847166976,10.899,9.195132846
2021-02-18 12:00:00,4.936,5.824845378,4.668536505,4.995447201,5.567707902,6.296980067,9.985,9.409130179
2021-02-18 13:00:00,5.062,5.973523356,4.04043656,4.931977823,5.222555037,6.457580696,10.072,9.924163743
2021-02-18 14:00:00,4.952,5.843753068,3.947923348,5.002387133,5.583440286,6.365079112,8.896,9.32888864
2021-02-18 15:00:00,5.087,6.00302627,3.701254395,5.148146282,5.737404254,6.491104892,8.676,9.554363324
2021-02-18 16:00:00,4.976,6.375559616,3.969538149,5.035770872,4.848389593,6.348006901,7.802,6.685799313
2021-02-18 17:00:00,5.388,6.356002988,4.297782688,5.44805773,6.077520571,6.874980506,7.204,7.699949624
2021-02-18 18:00:00,6.722,7.93082751,5.361823434,6.802865893,7.58242573,8.575463355,6.116,6.415552032
2021-02-18 19:00:00,7.886,9.306063195,6.290352122,7.982346186,8.895256267,10.06289635,5.022,5.798683885
2021-02-18 20:00:00,8.502,10.03306109,6.139204658,8.604167827,8.947530819,10.6275,4.595,5.212658764
2021-02-18 21:00:00,8.047,9.507373723,6.411126675,8.143800285,10.10188642,10.2658127,3.92,4.651640163
2021-02-18 22:00:00,6.784,8.009168711,5.411009404,6.835165178,6.947546143,8.654482653,3.964,4.13001584
2021-02-18 23:00:00,5.124,5.998010246,4.087205181,5.18707172,5.898537814,6.536745186,3.142,3.36287977
2021-02-19 00:00:00,3.868,4.560868497,2.597412368,3.914475913,4.360203555,4.709835575,2.91,3.17667612
2021-02-19 01:00:00,3.172,3.744254401,2.546070804,3.211607593,3.774898116,4.364863914,2.712,2.881603786
2021-02-19 02:00:00,2.719,3.389352266,2.168350332,2.751027356,3.066312279,3.467889724,2.565,2.206677773
2021-02-19 03:00:00,2.542,2.999495429,2.081,2.104321942,2.867105442,3.242673164,2.547,3.621598314
2021-02-19 04:00:00,2.446,2.886467056,2.081,2.081,2.819057327,3.126040271,2.592,3.018700419
2021-02-19 05:00:00,2.808,3.346194236,2.287799914,2.84765671,3.743472123,3.582521462,2.956,3.426339589
2021-02-19 06:00:00,4.104,4.849191304,3.272453414,3.762220359,4.628860616,5.749257686,3.4,3.600215064
2021-02-19 07:00:00,5.007,6.972620591,3.944814973,5.060407452,5.647323356,5.956160308,4.868,3.910813484
2021-02-19 08:00:00,4.391,3.894942323,3.495058961,4.444080645,5.576073668,5.654725109,7.915,7.591734508
2021-02-19 09:00:00,4.318,5.095574202,3.444357121,4.369900949,4.344873049,4.850592942,8.566,9.377671655
2021-02-19 10:00:00,4.527,5.341203655,3.6517591,4.582928552,5.111628186,5.845159393,9.47,7.785101828
2021-02-19 11:00:00,4.582,5.392653059,3.570848437,4.637195063,5.169006986,5.845242239,9.195,7.778192049
2021-02-19 12:00:00,4.936,5.824853637,3.93727547,4.995333652,5.56805495,6.296930128,9.005,9.930536181
2021-02-19 13:00:00,5.062,5.968406543,4.037679549,5.122983941,5.709758563,6.487253005,8.862,9.872871823
2021-02-19 14:00:00,4.952,5.843926321,3.949999906,4.282655015,5.320492713,6.494560159,7.82,8.692478768
2021-02-19 15:00:00,5.087,6.003049757,4.057747516,5.66777444,5.738838639,6.488974449,7.692,8.261484618
2021-02-19 16:00:00,4.976,5.650946517,3.967234088,5.144076621,6.351883515,6.347952498,7.358,5.108237006
2021-02-19 17:00:00,5.388,6.358260556,5.235741556,5.554679549,6.077575496,5.845415429,6.751,7.447386085
2021-02-19 18:00:00,6.722,7.938005212,5.467253242,6.802283788,7.582484056,8.575460363,6.513,5.981809465
2021-02-19 19:00:00,7.886,9.009147091,7.052238576,7.981014427,8.895347786,10.05620331,5.846,5.504348026
2021-02-19 20:00:00,8.502,10.03296576,6.781856125,8.604207229,9.59017951,10.6275,4.758,5.104693851
2021-02-19 21:00:00,8.047,9.81820469,7.155173298,8.127191746,9.076918941,10.25696003,4.452,3.328361968
2021-02-19 22:00:00,6.784,7.174435745,6.302729905,6.716199344,7.650961419,8.387787102,4.282,4.502008638
2021-02-19 23:00:00,5.124,6.046749309,4.08973345,5.139197938,5.779652633,6.430505608,3.221,3.216270459
2021-02-20 00:00:00,3.24,4.698214451,3.085506986,3.915486146,4.479091965,4.951025494,3.075,3.158291936
2021-02-20 01:00:00,2.922,3.742604528,2.530136411,3.210047183,3.397062678,4.026343101,2.857,3.081067364
2021-02-20 02:00:00,2.577,3.207270379,2.168031866,2.750415279,3.799630135,3.467230711,2.88,2.971252699
2021-02-20 03:00:00,2.403,2.840924187,2.081,2.57220385,2.866715269,3.44350983,2.791,3.027785056
2021-02-20 04:00:00,2.361,2.886275002,2.081,2.475280596,2.759032784,3.12029144,3.044,2.086
2021-02-20 05:00:00,2.506,3.313337525,2.239501699,2.837730625,3.272400825,3.581751372,3.152,3.390433492
2021-02-20 06:00:00,2.757,4.835686161,3.277464302,4.15212131,4.627905263,5.230005955,2.888,3.402592587
2021-02-20 07:00:00,3.692,5.905238558,3.966296245,5.915128163,5.706324942,6.383826819,3.126,5.191318827
2021-02-20 08:00:00,4.517,5.174730003,3.932288307,4.438676598,4.952320682,5.594174415,3.672,8.970921082
2021-02-20 09:00:00,4.761,5.082980153,3.43637811,4.003902999,4.338965618,5.494979522,4.146,9.82228903
2021-02-20 10:00:00,5.912,5.269585297,3.561049695,4.548621561,5.041681061,5.696682571,5.427,6.065769445
2021-02-20 11:00:00,6.522,5.715516567,4.158989795,4.549187591,5.093375384,5.760612856,5.528,6.16315284
2021-02-20 12:00:00,6.504,5.741019372,4.118442486,4.322717165,5.487665041,6.206461244,5.232,6.42045
2021-02-20 13:00:00,7.218,6.936972385,3.982837775,5.045889158,5.765680828,6.361656007,5.081,9.556977299
2021-02-20 14:00:00,6.424,5.749816992,3.886010542,5.781812144,5.86701921,7.064564778,4.941,9.149565189
2021-02-20 15:00:00,6.331,5.92674801,4.021693063,5.055437934,5.641813199,6.382500626,5.033,8.578077007
2021-02-20 16:00:00,5.216,5.623272445,4.091837506,4.946329656,5.270458163,6.235323758,5.076,8.264310211
2021-02-20 17:00:00,5.959,6.248593503,4.223629704,5.358771907,5.97249179,6.755191234,5.062,7.363411507
2021-02-20 18:00:00,6.938,7.345741112,5.25848553,6.672074409,7.166015753,8.409744817,5.583,5.924138469
2021-02-20 19:00:00,7.547,9.14628385,7.307184521,7.84477154,9.316647624,9.88591384,5.046,5.454720084
2021-02-20 20:00:00,8.064,9.869579223,6.423232344,8.467774033,9.441700974,10.08,4.633,5.047308955
2021-02-20 21:00:00,7.146,9.218744823,6.307649433,8.15204989,8.921547558,10.08779827,4.326,4.663192751
2021-02-20 22:00:00,5.848,7.981623939,5.20349847,6.724169689,7.494735253,8.473996428,4.155,4.416381806
2021-02-20 23:00:00,4.694,5.879223161,3.978034719,4.861301364,5.621955575,6.358433605,3.358,3.68064655
2021-02-21 00:00:00,3.24,4.549267549,2.973985064,3.773186965,4.205559827,4.342395494,3.21,3.371246055
2021-02-21 01:00:00,2.922,3.580915336,2.223558387,3.068512458,3.414155984,3.868385222,2.879,3.053259217
2021-02-21 02:00:00,2.577,2.54007451,2.081,2.608533037,2.908147553,3.289286202,2.772,3.124211673
2021-02-21 03:00:00,2.403,2.835750067,2.081,2.706003048,2.710528054,3.065601669,2.787,3.080590612
2021-02-21 04:00:00,2.361,2.726211685,2.081,2.338067056,3.342963569,2.943668158,2.862,3.063264293
2021-02-21 05:00:00,2.506,3.159544583,3.922776017,2.711373874,2.946679274,3.415593679,3.269,3.494481822
2021-02-21 06:00:00,2.757,4.698463303,3.175883407,4.02936894,4.733933266,5.910704062,3.122,3.495900174
2021-02-21 07:00:00,3.692,5.776781684,5.293934584,5.03037237,5.521758839,6.244548059,3.506,5.232321002
2021-02-21 08:00:00,4.517,3.996530319,3.418055123,4.336737275,4.892571411,5.346200797,3.984,8.053878895
2021-02-21 09:00:00,4.761,4.93979154,3.360708512,3.971649914,3.831478479,5.380884837,3.553,6.4975
2021-02-21 10:00:00,5.912,5.230724923,3.4413316,4.53924042,6.462306992,5.654785788,3.752,7.472494929
2021-02-21 11:00:00,6.522,5.25749677,4.233358148,4.547448606,5.066400986,5.731974372,4.136,7.32489657
2021-02-21 12:00:00,6.504,5.726852738,3.914031096,4.701856046,5.472087113,6.209742634,5.312,9.609417291
2021-02-21 13:00:00,7.218,5.827298042,3.975628894,5.043973237,5.62195179,6.359389451,5.436,9.362374615
2021-02-21 14:00:00,6.424,5.759632233,3.89578492,4.825825945,5.270453533,7.382157536,5.65,9.338865871
2021-02-21 15:00:00,6.331,6.755554377,4.004452558,5.080731907,5.396622383,6.404809893,5.328,6.708717409
2021-02-21 16:00:00,5.216,5.803572609,3.920499802,4.974064828,4.515790631,6.270439186,5.136,8.191492464
2021-02-21 17:00:00,5.959,6.34039666,4.285782704,5.749914154,6.060507542,6.849417146,5.178,7.766652393
2021-02-21 18:00:00,6.938,7.919641553,5.469993062,6.417100569,7.570011111,8.633196132,5.258,6.963686272
2021-02-21 19:00:00,7.547,8.950662573,6.366964223,7.281427501,7.924239146,9.877569222,5.058,5.406648453
2021-02-21 20:00:00,8.064,10.02691624,6.737974287,8.599326014,9.584730858,10.08,4.299,5.218541531
2021-02-21 21:00:00,7.146,9.492896376,6.41387403,8.147569911,9.590759076,10.16155477,4.192,4.732078877
2021-02-21 22:00:00,5.848,8.470805693,5.411035805,7.346708303,7.650743368,8.652609233,3.768,4.262025939
2021-02-21 23:00:00,4.694,6.046238011,3.97663208,5.215827016,5.779339286,5.169425808,3.147,3.612200143
2021-02-22 00:00:00,3.868,4.564586986,3.086935172,3.810276383,4.363083552,4.750345208,3.04,3.522878044
2021-02-22 01:00:00,3.172,3.377374088,2.531564573,3.411301318,2.433476852,4.011105317,2.844,3.25258155
2021-02-22 02:00:00,2.719,3.207225316,2.164052244,2.750463268,4.393408513,3.467436351,2.773,3.093807869
2021-02-22 03:00:00,2.542,3.936196055,2.081,2.570863171,2.867134102,3.237891951,2.755,2.086
2021-02-22 04:00:00,2.446,2.816182513,2.081,2.709550804,2.759140596,3.120483376,2.869,3.078096849
2021-02-22 05:00:00,2.808,5.022923968,2.239426046,2.842979088,3.166920049,3.564797564,3.328,2.086
2021-02-22 06:00:00,4.104,4.840176134,3.273689425,3.215665219,3.821502044,5.23575844,3.468,3.714083994
2021-02-22 07:00:00,5.007,5.067270137,3.993352543,5.067162924,5.647898924,6.387648102,4.618,4.151238468
2021-02-22 08:00:00,4.391,5.181815431,4.675070944,4.347961576,4.95289572,5.601864603,8.531,8.550851897
2021-02-22 09:00:00,4.318,5.095765286,3.444344978,4.369957146,4.870813247,5.508696319,9.446,10.5045327
2021-02-22 10:00:00,4.527,5.344017881,3.607862589,4.536406239,5.106365384,5.775334265,10.125,8.240397874
2021-02-22 11:00:00,4.582,5.407200921,3.655001713,4.637126724,5.172689051,5.845498871,10.597,8.219034889
2021-02-22 12:00:00,4.936,5.82100105,4.565751099,4.805424555,5.036543776,5.91218054,9.766,9.723504449
2021-02-22 13:00:00,5.062,5.429952862,4.037212861,5.0191053,5.709900931,6.588344343,9.55,8.502954675
2021-02-22 14:00:00,4.952,5.661461304,3.982098937,5.010519478,5.51359611,6.317471937,8.979,8.531588724
2021-02-22 15:00:00,5.087,4.931965855,4.057728353,6.432897574,5.738024588,6.467522846,8.272,8.92208951
2021-02-22 16:00:00,4.976,5.872064168,3.969536925,5.035748692,5.612796606,6.347990991,7.756,8.393884386
2021-02-22 17:00:00,5.388,5.605299407,4.297634351,5.42012167,6.077450383,6.076381681,7.496,8.152504369
2021-02-22 18:00:00,6.722,7.926294267,5.361479009,6.666478602,6.953373265,8.721188597,6.684,7.379063292
2021-02-22 19:00:00,7.886,9.305944938,6.186059213,7.980543156,8.895244423,10.06130058,5.614,5.78337266
2021-02-22 20:00:00,8.502,10.03199035,6.786419177,8.60405478,9.589257601,10.6275,5.11,5.235581642
2021-02-22 21:00:00,8.047,9.495803375,6.430644094,8.112954503,9.07656992,10.26552072,4.212,5.340250408
2021-02-22 22:00:00,6.784,8.005354002,5.411177667,6.775904356,7.651857757,8.590740466,3.836,4.236562572
2021-02-22 23:00:00,5.124,6.052616101,3.855011625,5.185335653,5.778495802,6.537033502,3.213,4.446603464
2021-02-23 00:00:00,3.868,3.884311939,3.085604511,3.916355951,4.265789014,4.934853946,3.099,3.227341572
2021-02-23 01:00:00,3.172,3.743409432,2.530331128,3.21035378,3.583692552,4.046219657,2.996,3.20901394
2021-02-23 02:00:00,2.719,3.228716308,2.404928596,2.770119687,3.066971654,3.467778985,2.888,3.13484531
2021-02-23 03:00:00,2.542,3.0002962,2.081,2.572699002,2.867441833,3.243107296,2.934,3.801699729
2021-02-23 04:00:00,2.446,2.886562692,2.081,2.475421033,2.758643277,3.100675032,2.859,3.126485307
2021-02-23 05:00:00,2.808,2.825783748,2.239874149,2.841815302,2.828399261,2.713681609,3.268,3.560435435
2021-02-23 06:00:00,4.104,4.843038852,3.389722468,4.153643462,4.629230265,5.235591686,3.674,3.914146472
2021-02-23 07:00:00,5.007,5.908570292,3.979305407,5.058209309,5.286619594,6.386629392,4.862,5.081560038
2021-02-23 08:00:00,4.391,5.181599961,3.502494435,4.443591116,4.883543748,5.601670649,7.764,9.80835
2021-02-23 09:00:00,4.318,5.006809349,3.444236345,4.36978128,4.870359433,5.493507081,8.5,9.278216244
2021-02-23 10:00:00,4.527,5.560121556,3.6108964,4.430251209,5.140430846,6.007430497,8.414,6.587702857
2021-02-23 11:00:00,4.582,5.406904268,3.654777249,4.261971562,4.267300663,5.846508673,8.529,9.227023946
2021-02-23 12:00:00,4.936,5.824621952,3.937149629,4.995263829,5.567482593,6.29670263,8.408,9.260762561
2021-02-23 13:00:00,5.062,7.844905642,4.037643415,5.077572641,5.645289249,6.45737151,8.026,6.353235555
2021-02-23 14:00:00,4.952,5.731995188,3.949905612,5.011489344,5.585053824,6.317177292,7.637,9.131228147
2021-02-23 15:00:00,5.087,6.002843298,4.057604548,5.749298398,5.737861511,6.489420234,7.271,8.051445886
2021-02-23 16:00:00,4.976,5.876172294,3.973037896,4.981009053,5.612783329,6.159045232,6.464,7.240244528
2021-02-23 17:00:00,5.388,6.35812229,4.297747224,5.452283119,6.077414044,6.87432882,6.365,7.202498192
2021-02-23 18:00:00,6.722,7.932259566,5.367906095,5.983175303,7.582307913,8.575487746,6.275,7.02147942
2021-02-23 19:00:00,7.886,9.301467097,6.180674632,8.537761062,8.895389279,10.06045184,5.3,5.731041926
2021-02-23 20:00:00,8.502,10.25784168,6.781903998,8.667059216,10.30168666,10.6275,4.626,5.659834968
2021-02-23 21:00:00,8.047,9.496236273,6.418925697,8.143703834,8.571544718,10.246727,3.982,4.363758245
2021-02-23 22:00:00,6.784,8.14307255,5.410567066,6.877420339,7.652479562,8.652636068,3.628,3.976617567
2021-02-23 23:00:00,5.124,6.047134868,5.121525654,5.185957397,5.77993613,6.53725099,3.222,3.399294322
2021-02-24 00:00:00,3.868,4.565060917,3.08584281,3.916209644,4.469012225,4.934551178,3.074,3.236434026
2021-02-24 01:00:00,3.172,3.625169786,2.530667234,3.210588424,3.578590665,4.047426676,2.965,3.180526038
2021-02-24 02:00:00,2.719,3.209165893,3.4744447,2.914679402,2.671874746,4.25385255,2.938,2.919493895
2021-02-24 03:00:00,2.542,3.206480018,2.081,3.04780024,3.32562969,3.234947227,2.694,3.023976549
2021-02-24 04:00:00,2.446,2.886760754,2.152386172,2.359840053,3.180833504,3.120535943,2.631,2.661799647
2021-02-24 05:00:00,2.808,3.315586697,2.237231011,2.841799981,3.530062332,3.666651797,3.05,3.356902443
2021-02-24 06:00:00,4.104,5.054599941,3.198795417,4.147705307,4.629773741,5.120279669,3.302,2.086
2021-02-24 07:00:00,5.007,5.910054385,3.990834291,5.066943197,5.647460127,6.387136518,4.836,5.065634459
2021-02-24 08:00:00,4.391,5.222541661,3.502536185,4.445143769,4.952921258,5.353624807,6.864,7.885159615
2021-02-24 09:00:00,4.318,4.972494042,3.397571166,4.369865641,4.680335616,5.508588585,7.336,8.64311861
2021-02-24 10:00:00,4.527,5.34298066,3.612184151,4.580728895,5.072326566,5.767394168,8.274,8.726474174
2021-02-24 11:00:00,4.582,4.758301931,3.657517414,4.637026616,5.178702606,5.848398694,8.383,8.289305834
2021-02-24 12:00:00,4.936,5.823126363,3.935956851,4.993842581,5.57015917,6.295193404,8.087,8.989701868
2021-02-24 13:00:00,5.062,5.972226306,4.373616178,5.120542635,5.710641348,6.456336189,7.221,8.208266379
2021-02-24 14:00:00,4.952,5.84238843,3.916616648,5.010334418,5.584485797,6.230925739,6.42,8.511452956
2021-02-24 15:00:00,5.087,6.00684864,4.056665926,3.698655894,5.665703183,6.488101601,6.245,7.583890926
2021-02-24 16:00:00,4.976,5.87017451,3.239379742,5.034653881,5.611498313,6.346517079,5.57,6.885223428
2021-02-24 17:00:00,5.388,5.807327604,4.300614193,5.45125147,6.07625495,6.926033753,5.365,5.940841469
2021-02-24 18:00:00,6.722,7.432998951,5.168566745,6.801770042,7.579624735,8.574047572,4.636,6.382451076
2021-02-24 19:00:00,7.886,9.297793053,7.560673543,7.979676573,8.624121844,9.887645909,4.352,5.301354785
2021-02-24 20:00:00,8.502,10.03425266,6.782666229,10.6275,9.591359035,10.6275,4.206,6.304119848
2021-02-24 21:00:00,8.047,9.374943031,6.417205858,8.139124447,9.100625422,10.26353976,3.642,4.051817876
2021-02-24 22:00:00,6.784,6.969352728,5.39323603,6.863053666,7.649497057,7.849399444,3.284,3.655450183
2021-02-24 23:00:00,5.124,6.049818171,4.019951598,5.182002873,5.782046606,7.812178028,2.984,3.173374941
2021-02-25 00:00:00,3.868,4.566379385,3.149839697,3.91596627,4.406399439,4.936450229,2.778,2.978169946
2021-02-25 01:00:00,3.172,3.745879157,2.531946934,3.211827503,3.579978054,4.160426866,2.759,3.192091529
2021-02-25 02:00:00,2.719,3.213102436,2.170302671,2.753573173,3.146853928,3.74643038,2.508,2.086
2021-02-25 03:00:00,2.542,3.001749947,2.081,3.729001775,2.89400433,2.887084995,2.558,2.719897126
2021-02-25 04:00:00,2.446,2.497895763,2.081,2.477512118,2.711984708,3.123156906,2.428,2.753402661
2021-02-25 05:00:00,2.808,3.316210439,2.081,2.768177403,3.295812384,3.592658048,2.893,3.282174636
2021-02-25 06:00:00,4.104,4.846643378,3.028028318,4.144700971,4.632657417,5.317172629,3.334,3.593234256
2021-02-25 07:00:00,5.007,5.911553502,3.164638536,5.069682472,5.355239617,6.391109007,4.65,5.15252905
2021-02-25 08:00:00,4.391,5.186355418,3.513053657,4.447718339,4.95740494,6.129191493,6.844,7.584976323
2021-02-25 09:00:00,4.318,5.179022752,3.448410902,4.360327685,4.876378118,5.837241707,7.02,8.071100104
2021-02-25 10:00:00,4.527,5.126094078,3.614801843,4.587098834,5.11236889,5.782025023,7.448,8.385593428
2021-02-25 11:00:00,4.582,5.41427621,3.659553946,4.642603551,5.174610944,5.478884218,7.368,8.228782078
2021-02-25 12:00:00,4.936,5.969848307,3.908834807,4.996216044,5.874062733,6.298153389,7.583,7.37653991
2021-02-25 13:00:00,5.062,5.97553067,4.038498622,6.412310814,4.775026952,6.459918155,7.658,7.886066969
2021-02-25 14:00:00,4.952,5.495762237,3.951309436,5.01283883,5.587664562,7.82963812,7.269,7.958740478
2021-02-25 15:00:00,5.087,6.004705371,4.093234442,5.149596826,5.739533628,6.55168836,6.7,7.093489421
2021-02-25 16:00:00,4.976,5.905346529,4.198636535,5.031492476,5.61328506,6.350755963,6.489,8.113453823
2021-02-25 17:00:00,5.388,6.359330034,3.932900522,5.453866333,6.354796816,7.309587508,6.061,6.404931207
2021-02-25 18:00:00,6.722,8.001558186,5.362746076,6.803918117,7.584279883,8.571399625,6.012,6.988623852
2021-02-25 19:00:00,7.886,9.348479443,6.318181236,8.016140218,8.940300134,10.09242931,5.385,5.591373546
2021-02-25 20:00:00,8.502,10.03275781,6.781893762,9.017798888,10.04607762,10.6275,4.162,4.622426575
2021-02-25 21:00:00,8.047,9.434903643,6.370138508,8.083040933,8.789580474,10.18929261,3.554,4.215987124
2021-02-25 22:00:00,6.784,7.929409673,5.060420052,6.800197878,8.814897248,8.572175999,3.516,4.433946558
2021-02-25 23:00:00,5.124,6.051551681,4.090900504,5.190172636,5.786006459,6.539788144,2.964,3.354829702
2021-02-26 00:00:00,3.868,4.527070506,3.022683332,3.882445186,4.958424522,5.025469642,2.885,3.112699176
2021-02-26 01:00:00,3.172,3.782895774,2.579555944,3.269146645,3.268807837,4.122294233,2.606,2.325181146
2021-02-26 02:00:00,2.719,3.263086081,2.206291302,2.79845926,2.164634977,3.527646568,2.502,2.848901918
2021-02-26 03:00:00,2.542,3.035626485,2.340330126,2.605647067,2.90418749,3.287688233,2.646,2.808020631
2021-02-26 04:00:00,2.446,2.912347348,2.081,2.500616125,2.783064941,3.114968339,2.539,2.86030736
2021-02-26 05:00:00,2.808,3.570889372,2.39669737,2.836149839,3.200034978,2.559110079,2.92,3.308091502
2021-02-26 06:00:00,4.104,4.860822163,3.292898792,4.168818436,4.636710893,4.205448341,3.452,3.542629341
2021-02-26 07:00:00,5.007,5.968913888,4.646245679,5.081566843,5.416272914,6.406257343,4.77,5.1183637
2021-02-26 08:00:00,4.391,5.236631964,3.432673553,4.462213591,4.973615626,5.624947071,6.94,6.967751685
2021-02-26 09:00:00,4.318,5.190851073,3.463021976,4.70606265,4.89705092,5.408417854,7.26,8.125169391
2021-02-26 10:00:00,4.527,5.371480763,3.630836897,4.290664594,4.292470852,5.807743185,7.594,8.323984369
2021-02-26 11:00:00,4.582,5.439458623,3.243353547,4.663768474,5.680621249,5.87904386,7.464,8.362943844
2021-02-26 12:00:00,4.936,5.445580916,2.821642385,4.76396903,5.586300481,6.444034751,7.46,8.139043831
2021-02-26 13:00:00,5.062,5.995194459,2.385518029,5.138126913,5.727787689,5.721412976,7.068,7.913606211
2021-02-26 14:00:00,4.952,5.315474689,3.965548755,4.186508166,5.607821201,6.265447965,6.568,7.625765159
2021-02-26 15:00:00,5.087,6.029338057,4.553768568,5.169058232,5.762174311,6.515785712,6.234,6.889384027
2021-02-26 16:00:00,4.976,5.897334321,3.987006347,5.057911388,5.72880621,6.375988019,5.93,6.440744456
2021-02-26 17:00:00,5.388,6.386025562,4.316462234,4.511813708,6.10411817,7.071177435,5.814,6.104912662
2021-02-26 18:00:00,6.722,7.962839548,5.382445298,6.828809407,7.611351114,8.497423283,5.688,6.449850217
2021-02-26 19:00:00,7.886,9.423678098,6.369860987,8.081681375,9.00744656,10.6275,4.793,5.277608139
2021-02-26 20:00:00,8.502,10.37969249,6.812950971,9.896722867,9.634821692,10.89799591,4.308,4.60644132
2021-02-26 21:00:00,8.047,9.31792537,6.298463321,7.990928982,8.906886496,10.10691047,4.3,4.383291078
2021-02-26 22:00:00,6.784,7.817383185,5.284177693,6.704098895,7.835141589,7.799269233,4.014,4.197357031
2021-02-26 23:00:00,5.124,6.109431237,4.131864062,5.245169653,5.793694043,6.60450015,3.362,3.520330259
2021-02-27 00:00:00,3.24,4.618558889,4.097095293,3.96713304,4.30216627,4.875609266,3.136,3.379322
2021-02-27 01:00:00,2.922,5.496459078,2.661226883,3.37547737,3.763721105,4.212271401,3.06,2.086
2021-02-27 02:00:00,2.577,3.436705899,2.313176514,2.826578524,2.299404092,3.66706486,2.804,3.086366543
2021-02-27 03:00:00,2.403,3.651382286,2.081,2.693669386,2.861882791,3.236748198,2.733,2.086
2021-02-27 04:00:00,2.361,2.859407238,2.081,2.448958342,2.732727298,3.090482993,2.738,3.06538884
2021-02-27 05:00:00,2.506,3.240908724,2.190646252,3.841698163,3.308391113,3.503580897,3.144,3.755520692
2021-02-27 06:00:00,2.757,4.665695121,3.848204598,4.010633562,4.472966663,5.05639117,2.9,3.587767465
2021-02-27 07:00:00,3.692,5.723106738,3.257397026,4.907479134,5.470396916,6.188058779,3.088,5.646530129
2021-02-27 08:00:00,4.517,4.975491135,2.368771268,4.26647134,4.758864444,5.382189927,3.416,7.551277177
2021-02-27 09:00:00,4.761,4.896845227,3.311786515,4.23668204,4.680685883,5.353995036,4.071,8.036922907
2021-02-27 10:00:00,5.912,5.128741704,3.465877608,4.400219888,4.898258775,5.543979237,4.951,8.581436042
2021-02-27 11:00:00,6.522,5.175283471,3.913782926,4.323429556,4.94121181,5.59475325,4.841,8.371726539
2021-02-27 12:00:00,6.504,5.53993841,3.744672427,4.74791415,5.295191728,5.988746472,4.954,5.6971
2021-02-27 13:00:00,7.218,5.089770061,3.697587723,4.691215962,5.214006025,5.545194007,4.924,7.813191543
2021-02-27 14:00:00,6.424,5.314166794,3.592055114,4.557878576,5.079582393,5.745127385,4.602,7.445481736
2021-02-27 15:00:00,6.331,5.45149446,3.684202061,4.675075802,5.584398588,5.871718247,4.168,7.342386444
2021-02-27 16:00:00,5.216,5.301883691,3.583788209,3.773526041,4.696912835,5.727904533,4.126,7.599885072
2021-02-27 17:00:00,5.959,5.866059334,3.518710138,4.977065091,5.271636989,6.240100614,4.503,5.086849623
2021-02-27 18:00:00,6.938,7.164243281,4.304145817,6.287954054,7.008427208,7.325595141,4.705,6.386839573
2021-02-27 19:00:00,7.547,9.781932931,5.980539634,7.225058036,8.977699848,9.568874659,4.456,2.21355241
2021-02-27 20:00:00,8.064,9.460560052,6.394830289,7.807886073,9.042794005,10.08,4.245,4.540984188
2021-02-27 21:00:00,7.146,8.505696607,5.64168679,7.290769167,8.125269409,8.955976337,4.044,4.08919367
2021-02-27 22:00:00,5.848,7.043543719,3.853546426,6.165633321,6.750629557,7.613871128,3.526,3.879889606
2021-02-27 23:00:00,4.694,5.478598046,3.158065388,4.452769752,5.236678778,6.766106669,3.05,3.373378353
2021-02-28 00:00:00,3.24,3.909724567,2.642761621,3.741303179,3.737255002,4.225050597,2.75,3.870312708
2021-02-28 01:00:00,2.922,2.983993546,2.537323377,2.902362999,2.655884438,4.116597243,2.716,2.916320565
2021-02-28 02:00:00,2.577,4.223668592,2.081,2.415628076,2.709813527,3.081613104,2.641,2.770004317
2021-02-28 03:00:00,2.403,2.6708346,2.081,2.202027161,2.454350297,2.776467023,2.591,2.780586291
2021-02-28 04:00:00,2.361,2.481857222,2.081,2.128417912,2.357824559,2.683037865,2.688,2.725177903
2021-02-28 05:00:00,2.506,2.873730568,2.081,2.465001784,2.747040535,3.106870041,2.922,3.206228603
2021-02-28 06:00:00,2.757,4.23915686,2.865466327,3.155063444,4.052019266,4.682876846,2.896,3.41264895
2021-02-28 07:00:00,3.692,5.130129052,3.467358393,4.400269487,4.903665846,5.545922827,3.056,4.825277089
2021-02-28 08:00:00,4.517,4.74167202,3.20133544,4.068089421,4.532295282,5.127491284,3.475,8.47265676
2021-02-28 09:00:00,4.761,4.879081678,3.298211604,4.184243418,4.28090702,5.157754959,3.088,4.9151
2021-02-28 10:00:00,5.912,4.997128408,3.494448952,4.384758632,4.900720076,5.587350534,3.637,8.569189135
2021-02-28 11:00:00,6.522,5.395910954,3.646245833,5.565689064,4.029256753,5.833697414,3.678,8.367388966
2021-02-28 12:00:00,6.504,5.554060625,3.755427444,4.735145088,5.311709688,6.006185752,3.858,8.205252772
2021-02-28 13:00:00,7.218,5.150070167,4.764151198,4.854792427,5.410476011,6.203687807,4.019,7.539376386
2021-02-28 14:00:00,6.424,5.423475407,3.665978269,4.65164405,5.296301206,5.623672651,4.005,7.988640509
2021-02-28 15:00:00,6.331,5.483868382,3.707024007,4.700080983,5.716660074,5.928357861,4.146,7.410748804
2021-02-28 16:00:00,5.216,5.406142368,3.910506785,4.635661807,5.165542158,5.844485717,4.046,7.311344648
2021-02-28 17:00:00,5.959,5.765826603,3.897306459,4.944611408,5.511425626,6.239988973,4.1,5.775725048
2021-02-28 18:00:00,6.938,7.094358803,4.794939612,6.553303595,6.98949267,7.667976599,3.905,6.372547442
2021-02-28 19:00:00,7.547,8.31931661,5.634653013,8.569556882,8.177113266,9.325716675,4.274,5.152417159
2021-02-28 20:00:00,8.064,9.307906195,6.291637944,7.982344407,8.896690985,10.06227571,3.92,4.584463929
2021-02-28 21:00:00,7.146,8.429264385,5.689276365,6.95963358,8.049290049,9.103539482,3.834,4.308369238
2021-02-28 22:00:00,5.848,7.072746689,4.780753442,6.016030173,6.476876216,7.645350849,3.729,4.911264264
2021-02-28 23:00:00,4.694,5.720278533,3.237615667,3.633934401,5.498761535,5.957745544,3.115,2.659978928
2021-03-01 00:00:00,3.564,4.046892342,2.735589796,3.470506658,3.962869862,4.379181477,2.986,3.298483197
2021-03-01 01:00:00,2.891,3.488178095,2.357823203,2.992559569,3.41165208,3.770877226,2.842,3.147558786
2021-03-01 02:00:00,2.47,3.494703007,2.081,2.944446225,2.904719256,3.285197109,2.806,2.086
2021-03-01 03:00:00,2.286,2.616543257,2.081,2.334318667,2.595429248,2.934696989,2.786,2.086
2021-03-01 04:00:00,2.242,2.706812173,2.081,2.847230545,2.525759264,2.724577476,2.958,3.150290753
2021-03-01 05:00:00,2.508,2.891455781,2.507332617,3.148403867,2.875072756,3.251662343,3.182,3.437002598
2021-03-01 06:00:00,3.538,4.254976578,2.37118907,4.063225839,4.0678309,4.600673185,3.394,3.649792899
2021-03-01 07:00:00,4.142,4.965906764,3.356752323,3.286983351,4.746948892,5.368281976,4.602,4.974025695
2021-03-01 08:00:00,4.095,4.906615315,3.291362765,4.387958534,4.690673848,5.533073537,7.12,7.837220927
2021-03-01 09:00:00,4.08,4.883768321,3.305373097,4.191442467,4.67185673,5.283959819,7.618,8.303202618
2021-03-01 10:00:00,4.325,5.174750597,3.347283145,4.656961276,4.946585599,5.594643814,8.199,9.0776573
2021-03-01 11:00:00,4.515,5.397624251,4.710790413,4.639262832,5.191864064,5.835119946,8.105,8.815112941
2021-03-01 12:00:00,4.865,6.394650168,3.927897671,4.980760212,5.552428423,6.395634855,7.701,5.950740638
2021-03-01 13:00:00,4.91,5.345524397,3.96192649,5.020768792,5.314225659,6.335137515,7.594,8.474479187
2021-03-01 14:00:00,4.613,5.508362134,3.722910892,4.725031588,5.066098725,5.952237453,7.095,7.60618537
2021-03-01 15:00:00,4.574,5.459528482,3.694102725,4.682092873,3.165121935,5.744030707,7.155,7.88268108
2021-03-01 16:00:00,4.546,5.455541228,3.758204437,4.750371235,5.182394498,5.862976437,6.516,7.185190365
2021-03-01 17:00:00,4.735,5.645257132,3.815792888,5.339397824,5.395634989,6.073287115,6.68,6.316242585
2021-03-01 18:00:00,5.642,6.69675301,5.274607928,5.753478088,6.416884811,7.258023485,6.138,6.714778678
2021-03-01 19:00:00,6.7,8.238642776,5.569656635,7.389827761,7.876024278,8.909160973,5.016,6.520941706
2021-03-01 20:00:00,7.398,9.007672107,6.480355418,7.724578428,8.609488961,9.2475,4.267,4.811475617
2021-03-01 21:00:00,6.915,8.215229123,6.309419267,6.526265403,7.852461958,9.113432948,3.6,4.297548178
2021-03-01 22:00:00,5.939,6.96763565,4.709774251,6.198469951,6.651512596,7.533089999,3.473,3.88904106
2021-03-01 23:00:00,4.616,5.436599429,3.500779823,4.662625298,5.243543264,5.947571553,3.088,3.469646312
2021-03-02 00:00:00,3.564,3.72602705,2.751447719,3.516688944,3.919700032,4.848697184,2.938,3.244555995
2021-03-02 01:00:00,2.891,3.405511785,2.702183237,2.922600297,4.219904422,3.547930632,2.81,3.036971125
2021-03-02 02:00:00,2.47,2.926831549,2.081,2.126492298,2.797671973,4.528465642,2.75,3.064529
2021-03-02 03:00:00,2.286,3.392006529,2.081,2.273741249,2.53887939,2.870575043,2.793,3.507896134
2021-03-02 04:00:00,2.242,2.602336558,2.081,2.081,2.336620584,2.813371826,2.658,3.111097269
2021-03-02 05:00:00,2.508,2.946504562,2.730849378,2.536308348,2.820571055,2.509337365,3.054,3.341112558
2021-03-02 06:00:00,3.538,4.178393384,2.82446661,3.583359956,3.993948438,4.517077473,3.398,3.589544208
2021-03-02 07:00:00,4.142,4.891453655,3.305654592,4.19488372,4.141590345,5.088000222,4.392,5.031758997
2021-03-02 08:00:00,4.095,4.836432996,3.269202514,4.149306926,4.623295418,5.152223375,7.34,7.910183919
2021-03-02 09:00:00,4.08,4.818300344,3.257485787,4.107290163,4.607265794,5.242258672,7.577,8.336372769
2021-03-02 10:00:00,4.325,5.108883301,3.429697561,4.410669592,4.883285439,6.794080644,8.508,9.071754454
2021-03-02 11:00:00,4.515,5.467098466,3.710159287,4.38354151,5.098170949,5.574793512,8.968,8.85505336
2021-03-02 12:00:00,4.865,5.802862704,3.960452301,4.928574216,5.568705228,6.214332298,8.53,8.421925105
2021-03-02 13:00:00,4.91,5.799632164,3.920679407,4.64268277,5.544262183,5.688997221,8.396,8.513926285
2021-03-02 14:00:00,4.613,5.450106456,3.684049349,4.913200277,5.288060324,5.798259391,7.903,7.907689169
2021-03-02 15:00:00,4.574,5.404953862,3.655090831,4.625196166,5.165905797,5.842520123,7.453,7.803747174
2021-03-02 16:00:00,4.546,5.372250699,3.630672772,4.606709288,5.134576065,5.47013066,6.696,7.37574415
2021-03-02 17:00:00,4.735,5.527632318,3.781833495,4.798110752,5.347604229,6.048377369,6.28,5.908210683
2021-03-02 18:00:00,5.642,6.528157227,5.218405274,5.520688696,6.371798535,7.205467865,5.724,6.404917889
2021-03-02 19:00:00,6.7,7.913585148,4.90962398,6.823704937,7.564423113,7.757202357,5.634,5.495041029
2021-03-02 20:00:00,7.398,8.736309375,5.986970261,7.51828404,8.351641745,9.2475,5.152,4.921777688
2021-03-02 21:00:00,6.915,7.408052857,5.300476185,7.018096853,7.794306233,8.819792194,4.328,4.374558549
2021-03-02 22:00:00,5.939,7.008631038,4.737330664,6.782476859,6.699046604,9.135846588,3.668,3.874776632
2021-03-02 23:00:00,4.616,5.557150375,3.672479391,4.659593875,5.317625244,5.873441887,3.194,3.40264742
2021-03-03 00:00:00,3.564,4.206759967,2.844256393,3.648269298,4.020941393,4.551207444,2.922,3.221651847
2021-03-03 01:00:00,2.891,2.740586721,2.308340981,2.930851289,3.266371964,3.696855936,2.942,2.823807764
2021-03-03 02:00:00,2.47,2.915465872,2.081,2.503133074,2.081,3.151893295,2.838,3.03539694
2021-03-03 03:00:00,2.286,2.682421375,2.081,2.299787469,2.564021262,2.898117826,2.636,3.693315788
2021-03-03 04:00:00,2.242,2.081,2.105238743,2.214824249,2.515499147,2.844649621,2.718,2.940578537
2021-03-03 05:00:00,2.508,2.960874021,2.081,2.538530218,2.82879245,3.199982934,3.0,3.28044112
2021-03-03 06:00:00,3.538,4.40993547,2.195349463,3.608772188,3.990696569,3.673136671,3.322,3.60225807
2021-03-03 07:00:00,4.142,4.888054038,3.304088671,4.192102553,4.672375951,5.283605688,4.538,5.698306422
2021-03-03 08:00:00,4.095,4.901727315,3.343317734,4.144555914,4.619964625,5.494658794,6.947,7.580707169
2021-03-03 09:00:00,4.08,4.814943627,2.822013496,4.128957437,4.721067653,5.594768554,7.7,8.423300646
2021-03-03 10:00:00,4.325,5.104797458,3.450313988,4.759901369,4.766592079,4.567928228,7.978,8.785359141
2021-03-03 11:00:00,4.515,4.747080047,3.601844113,4.569746015,5.093364574,5.757850612,7.983,8.823113882
2021-03-03 12:00:00,4.865,5.741690592,3.482366606,4.924141962,5.488953475,6.10132295,7.434,8.237282799
2021-03-03 13:00:00,4.91,5.794968507,3.91697716,4.969615428,5.537139233,6.434791745,7.643,8.404278452
2021-03-03 14:00:00,4.613,5.421132517,3.680102644,4.669074818,5.204371991,5.885747156,7.095,7.786829256
2021-03-03 15:00:00,4.574,5.398727208,3.775101144,4.580590775,5.160151393,5.83363783,6.486,7.437429131
2021-03-03 16:00:00,4.546,5.365328989,3.626927361,4.601334617,5.128596265,5.576817136,6.054,6.856055659
2021-03-03 17:00:00,4.735,5.382756983,3.777610525,4.79240328,5.341832507,6.558517338,5.78,6.36979975
2021-03-03 18:00:00,5.642,6.323946566,4.500053233,5.791570246,6.364921962,7.200535824,4.924,5.927907793
2021-03-03 19:00:00,6.7,7.995794293,5.01060055,7.061838228,6.72559708,8.460736612,4.951,2.086
2021-03-03 20:00:00,7.398,8.733083196,5.895563618,7.487706206,8.345684072,8.949337193,4.501,4.751382677
2021-03-03 21:00:00,6.915,8.155179369,5.513776922,6.734889335,7.798563181,8.820380252,3.8,4.599023657
2021-03-03 22:00:00,5.939,7.011195696,4.061270373,6.013330175,6.617434941,7.600558208,3.224,3.687812877
2021-03-03 23:00:00,4.616,5.447499935,3.682345882,4.332762253,5.207116851,4.959664837,2.734,3.175779868
2021-03-04 00:00:00,3.564,4.208985485,2.84434486,3.6086406,4.022025801,5.720824276,2.604,3.017486179
2021-03-04 01:00:00,2.891,3.411406317,2.776131485,2.925868384,3.262356551,3.688266558,2.468,2.854340541
2021-03-04 02:00:00,2.47,2.914643042,2.081,2.498972145,2.785658105,3.1506507,2.595,2.780639704
2021-03-04 03:00:00,2.286,2.6991907,2.081,2.313175927,2.575037196,2.915866992,2.428,2.704968389
2021-03-04 04:00:00,2.242,2.645236085,2.081,2.26632581,2.528478199,2.88587975,2.327,2.700049956
2021-03-04 05:00:00,2.508,2.959030454,2.081,2.959486708,2.827856999,3.198852332,2.806,3.069465651
2021-03-04 06:00:00,3.538,4.17455537,2.821168984,2.80880525,3.990762016,4.512870494,3.234,3.472220953
2021-03-04 07:00:00,4.142,4.838538442,3.303528404,5.475721535,4.669601199,5.283479473,4.381,4.311731196
2021-03-04 08:00:00,4.095,4.631875745,3.266068554,4.143673055,4.619766148,5.223353167,6.652,7.418713751
2021-03-04 09:00:00,4.08,6.096888948,3.728412214,4.128545665,4.601628087,5.081420292,7.82,8.751342878
2021-03-04 10:00:00,4.325,5.077182957,3.44952748,4.376360086,5.485349379,5.018697013,8.608,8.50022781
2021-03-04 11:00:00,4.515,5.452504951,3.601947033,4.569129253,5.720358376,5.760062175,8.403,8.219534225
2021-03-04 12:00:00,4.865,6.59154506,3.880391699,4.923274257,5.485727958,7.585034891,8.022,5.676751372
2021-03-04 13:00:00,4.91,5.794809477,3.915323242,4.968418233,5.538109139,6.263526923,7.508,8.094797944
2021-03-04 14:00:00,4.613,5.443459014,2.682376935,4.668546515,4.706098971,7.19583572,7.139,7.662299921
2021-03-04 15:00:00,4.574,5.397525136,3.648610628,4.628891095,5.159269412,5.755012848,6.602,7.018630063
2021-03-04 16:00:00,4.546,5.915994878,3.621452604,4.59692192,5.127758622,4.722730085,6.07,6.480441943
2021-03-04 17:00:00,4.735,5.588000762,3.924760842,4.792892856,5.340765683,6.112581776,5.414,6.499257365
2021-03-04 18:00:00,5.642,6.657687506,4.500445422,5.708857788,6.359557654,7.422365903,5.276,6.015941522
2021-03-04 19:00:00,6.7,7.90666169,6.28245534,6.780821977,7.558265759,8.604703936,4.574,5.095839159
2021-03-04 20:00:00,7.398,9.123087027,5.901228789,7.487060798,8.344653128,8.94981663,4.068,4.609604187
2021-03-04 21:00:00,6.915,8.159992517,6.352545678,6.998260613,7.799885782,8.746096201,3.45,3.962787019
2021-03-04 22:00:00,5.939,7.008939407,4.736896301,6.817100324,6.698247767,7.526387592,3.341,3.850625389
2021-03-04 23:00:00,4.616,4.191033556,3.69068653,4.286895316,6.752284707,6.095183945,2.8,3.057466979
2021-03-05 00:00:00,3.564,3.616720705,4.125468749,3.556615249,4.247418126,5.004251853,2.78,2.976321402
2021-03-05 01:00:00,2.891,3.410738645,2.901959983,2.925378561,2.196814216,3.687200953,2.722,2.746069375
2021-03-05 02:00:00,2.47,2.913531834,2.081,3.603733963,2.786203632,2.541833918,2.484,2.732358879
2021-03-05 03:00:00,2.286,2.699189113,2.081,2.35415233,2.578686697,2.995574045,2.434,2.736906636
2021-03-05 04:00:00,2.242,2.081,2.081,2.268911859,2.52893171,2.860182497,2.431,2.779116609
2021-03-05 05:00:00,2.508,2.959593247,2.081,2.538230919,2.828942165,3.199485967,2.708,3.103101569
2021-03-05 06:00:00,3.538,4.174892408,2.684991565,2.279067219,3.992700575,3.794780914,3.306,3.440072791
2021-03-05 07:00:00,4.142,4.887750113,3.497022338,4.191688809,4.671985431,5.182276565,4.608,4.0176722
2021-03-05 08:00:00,4.095,4.833155246,3.266306694,4.144114417,4.618952849,5.23093774,6.688,7.266813459
2021-03-05 09:00:00,4.08,4.835222638,3.254440243,4.115683198,4.602006899,5.205313239,7.648,8.524256672
2021-03-05 10:00:00,4.325,5.075255601,3.447123181,4.026968566,4.878301905,5.517303773,7.52,8.260717606
2021-03-05 11:00:00,4.515,5.741354656,3.199920408,4.569016352,5.092590736,5.75667737,7.486,6.291857949
2021-03-05 12:00:00,4.865,5.793065773,3.881391222,4.927771671,5.487236246,6.203135611,7.341,8.7952
2021-03-05 13:00:00,4.91,5.793844203,3.916322297,4.971181787,5.537845269,6.267568866,7.117,7.879325861
2021-03-05 14:00:00,4.613,5.443300143,3.677324712,4.667873321,5.2030238,5.88449339,6.612,7.379342171
2021-03-05 15:00:00,4.574,5.397362856,3.650208556,4.629150388,4.120661826,5.902595382,6.038,6.716475109
2021-03-05 16:00:00,4.546,5.987435981,3.626081297,4.60039552,5.055507331,5.799146325,5.772,4.158290175
2021-03-05 17:00:00,4.735,5.247831115,3.132803782,4.760533068,5.340815869,6.040222586,5.781,6.296669325
2021-03-05 18:00:00,5.642,6.84962908,4.500431941,5.031719582,6.363353206,7.151686208,5.142,5.847891724
2021-03-05 19:00:00,6.7,7.907966889,5.686563878,6.780733764,7.555711715,8.547900929,4.53,4.897530986
2021-03-05 20:00:00,7.398,8.730674564,5.917617799,7.488001064,8.345287626,9.2475,4.104,4.443181542
2021-03-05 21:00:00,6.915,8.161109416,5.512859704,6.998786549,5.955719265,8.822646786,3.543,3.930833379
2021-03-05 22:00:00,5.939,7.742703611,4.739324131,6.215460522,6.702072606,7.579633953,3.282,3.633765261
2021-03-05 23:00:00,4.616,5.43526111,3.671868207,4.674135705,4.065977392,5.890758496,2.958,3.251421385
2021-03-06 00:00:00,3.718,4.209978314,2.857944917,3.54590683,3.511318958,4.551028388,2.724,3.016966472
2021-03-06 01:00:00,3.146,3.426610196,2.309343846,2.929700985,3.266918254,3.662455624,2.604,2.865671348
2021-03-06 02:00:00,2.518,2.605474707,2.081,2.50643823,2.791979591,3.147055733,2.543,2.601576627
2021-03-06 03:00:00,2.418,2.70721486,2.081,2.318809791,2.821673121,2.92375636,2.494,2.763801597
2021-03-06 04:00:00,2.081,2.644085885,2.257989786,2.272053288,2.609891634,2.868470375,2.498,2.753787768
2021-03-06 05:00:00,2.288,2.980041758,2.081,2.081,2.837163815,3.113322554,2.941,3.060159136
2021-03-06 06:00:00,3.157,4.584610638,2.826256304,3.588470084,3.998510607,4.523468627,2.726,2.086
2021-03-06 07:00:00,2.936,3.876782515,3.31061795,4.200408576,4.681388559,5.299213053,2.987,3.257188012
2021-03-06 08:00:00,3.875,5.043672539,3.275441806,4.153529573,4.629594319,5.005410801,3.853,7.03677923
2021-03-06 09:00:00,4.182,4.832996524,3.838629041,4.502026726,4.613383538,5.21805424,4.442,7.950404161
2021-03-06 10:00:00,5.122,5.116136249,3.371122088,4.387794686,4.910876362,5.531104024,4.74,6.3825
2021-03-06 11:00:00,5.725,4.779323602,3.66390931,4.572387088,5.105706864,5.658422413,5.55,7.802700713
2021-03-06 12:00:00,5.988,5.755162881,3.890483248,5.401498793,5.522782985,6.131967617,5.42,8.060071055
2021-03-06 13:00:00,6.815,5.599958735,3.926606417,5.793836481,5.552651413,6.281119189,5.138,7.906022584
2021-03-06 14:00:00,6.017,5.458963491,3.690734078,4.675362389,5.274861359,5.905777135,4.89,7.329630006
2021-03-06 15:00:00,5.054,5.413810702,3.665472117,4.644759691,5.173789787,5.851311233,4.726,6.813087331
2021-03-06 16:00:00,5.068,5.381344748,3.637426255,4.614855628,5.14368106,5.817417088,4.589,6.477093505
2021-03-06 17:00:00,5.038,5.604491417,4.411518539,4.806537623,5.357189054,6.060778864,4.744,7.114701614
2021-03-06 18:00:00,5.19,6.67511216,4.60220824,5.724394918,6.37973639,6.44257141,5.018,5.628253956
2021-03-06 19:00:00,6.309,7.923710178,5.358038553,6.846467122,7.647518452,7.874104099,4.61,5.00917082
2021-03-06 20:00:00,7.31,8.747346196,5.912728726,7.499960074,8.361224573,9.1375,4.171,4.467802747
2021-03-06 21:00:00,6.492,8.204241331,5.527088417,7.016356363,7.816321363,8.840110873,4.028,3.907774822
2021-03-06 22:00:00,5.134,5.761222208,4.069239661,5.19556486,5.618186626,6.548931974,3.703,2.086
2021-03-06 23:00:00,4.337,5.405817458,3.459471121,4.39363672,4.892402927,5.532814003,2.905,3.11760038
2021-03-07 00:00:00,3.718,4.387276524,3.836741079,4.002172909,4.843849769,4.741956681,2.756,2.854200471
2021-03-07 01:00:00,3.146,3.712337522,2.559771857,3.151532462,3.547849506,4.013427744,2.642,3.332780149
2021-03-07 02:00:00,2.518,2.93551046,2.584617753,2.5482559,2.840249305,3.203677109,2.474,2.791125469
2021-03-07 03:00:00,2.418,2.768762012,2.081,2.446730972,2.727829176,3.083647745,2.559,2.658141213
2021-03-07 04:00:00,2.081,2.660584294,2.081,2.09166063,2.540659209,2.081,2.373,2.638807389
2021-03-07 05:00:00,2.288,2.942552499,2.081,2.549869889,4.172366585,3.212389313,2.782,3.268350618
2021-03-07 06:00:00,3.157,4.331891668,2.830654859,3.590616664,5.343507474,4.526983237,2.826,3.245835845
2021-03-07 07:00:00,2.936,4.642337368,3.84138393,4.05062581,4.697265665,5.295050131,2.812,2.086
2021-03-07 08:00:00,3.875,5.129768248,3.24838237,4.153181618,4.628977547,5.229380848,3.124,6.791751606
2021-03-07 09:00:00,4.182,4.824066953,3.260837429,4.158623479,4.656907786,5.215075437,3.218,7.963724193
2021-03-07 10:00:00,5.122,5.484161102,3.821579197,4.384136875,4.5911416,6.504264019,3.936,5.0301
2021-03-07 11:00:00,5.725,5.192772265,3.606450228,4.574674399,5.099951455,5.767866522,3.925,7.919994304
2021-03-07 12:00:00,5.988,5.859568349,3.594102585,4.92898863,5.493702893,7.178020681,4.095,8.046466894
2021-03-07 13:00:00,6.815,5.798856728,3.905604964,4.629957469,5.543573935,6.269680421,4.212,7.922019363
2021-03-07 14:00:00,6.017,5.343211499,2.934852879,4.6716082,5.204962602,5.835078267,4.24,7.162971207
2021-03-07 15:00:00,5.054,5.426070208,4.212582637,4.626225389,5.162756046,5.838882789,4.374,6.15021043
2021-03-07 16:00:00,5.068,5.367290218,3.435729057,4.603988765,5.130344039,6.179136094,4.269,7.650937803
2021-03-07 17:00:00,5.038,5.589540171,3.77479833,4.793503034,5.264972541,6.011669827,4.079,6.578716051
2021-03-07 18:00:00,5.19,6.664910808,5.78599292,5.710823244,6.365169591,7.201049339,3.987,5.893743023
2021-03-07 19:00:00,6.309,7.935553721,4.857435718,6.789207614,7.55079721,9.124289074,3.986,6.915443456
2021-03-07 20:00:00,7.31,8.073617728,5.901086691,7.486883185,9.087448564,9.1375,4.01,3.6294366
2021-03-07 21:00:00,6.492,8.162624061,6.277693822,6.987070426,7.799202559,9.120015384,3.66,4.042874508
2021-03-07 22:00:00,5.134,7.007982474,4.630362544,7.298200444,6.699095253,7.685001954,3.649,3.688277556
2021-03-07 23:00:00,4.337,5.446125334,3.681647406,4.670417335,5.897494685,5.884339021,2.934,3.220613421
2021-03-08 00:00:00,3.564,4.205334599,2.843374048,3.608117824,4.019961949,4.546550358,2.714,3.02581049
2021-03-08 01:00:00,2.891,3.411575499,2.306013496,2.582065907,3.2600146,3.577784629,2.698,3.131825008
2021-03-08 02:00:00,2.47,2.917239941,2.081,2.500433824,2.786898983,3.151936151,2.934,3.103438382
2021-03-08 03:00:00,2.286,2.081,2.081,2.314166575,2.081,2.920797201,2.602,2.086
2021-03-08 04:00:00,2.242,2.646207916,2.081,2.269947484,2.99529117,2.856692071,2.594,2.878687754
2021-03-08 05:00:00,2.508,3.042757836,2.081,2.539344029,2.829170326,3.200907169,2.972,3.309488719
2021-03-08 06:00:00,3.538,4.175537872,2.325312028,4.054558947,3.656797474,3.716232402,3.264,3.418806748
2021-03-08 07:00:00,4.142,4.888103594,3.304120842,4.191947523,4.131942453,6.056472846,4.414,3.763306514
2021-03-08 08:00:00,4.095,4.83930103,3.255997441,3.935887547,4.905036257,5.225018917,6.255,6.887355041
2021-03-08 09:00:00,4.08,4.808142034,3.254671564,4.129239916,4.60261365,5.205029666,6.735,6.610132973
2021-03-08 10:00:00,4.325,5.178391229,2.772803793,4.377103907,4.87866553,6.956422979,7.409,4.094041216
2021-03-08 11:00:00,4.515,5.328038248,3.601162338,4.568889964,5.479667761,5.75988991,7.195,8.173009104
2021-03-08 12:00:00,4.865,5.950102442,4.266819201,4.919383933,5.486925007,5.825847592,7.49,7.65223617
2021-03-08 13:00:00,4.91,5.793992398,3.916338941,4.968519279,5.538201484,6.340597688,7.312,8.007931545
2021-03-08 14:00:00,4.613,5.443565275,3.036874014,4.674256572,5.40939351,5.884737769,6.839,7.403223766
2021-03-08 15:00:00,4.574,5.397226468,3.647733923,4.367533933,5.159011263,5.834578168,6.335,6.889657477
2021-03-08 16:00:00,4.546,5.364192662,3.625798417,4.600194763,5.127203513,5.799812167,6.081,6.773757183
2021-03-08 17:00:00,4.735,4.444325188,3.776158511,4.8688232,5.340682328,6.039903601,6.214,6.815347333
2021-03-08 18:00:00,5.642,6.657059424,4.605010438,5.680305962,7.434971354,7.198001702,6.084,6.315339066
2021-03-08 19:00:00,6.7,7.905790546,5.343667694,6.778838563,7.452420978,9.2475,4.792,6.404989943
2021-03-08 20:00:00,7.398,8.052203295,5.901137578,7.496143212,8.344734573,9.438032272,4.11,4.792643069
2021-03-08 21:00:00,6.915,8.480777282,5.514955145,6.996884509,8.264783106,8.770824601,3.479,3.672417201
2021-03-08 22:00:00,5.939,6.999597827,4.790010056,6.001016326,6.170773393,7.564819505,3.152,5.759796412
2021-03-08 23:00:00,4.616,5.439917166,3.681788922,4.668053526,6.417855403,5.898838282,2.867,3.221465776
2021-03-09 00:00:00,3.564,4.194898156,3.671957441,3.631624618,4.010968859,4.536829896,2.789,2.814561418
2021-03-09 01:00:00,2.891,2.496865835,2.144556722,2.912945008,3.249393307,3.690483307,2.82,2.955382459
2021-03-09 02:00:00,2.47,2.915058277,2.081,2.46433249,2.786355569,3.083747639,2.528,2.897265176
2021-03-09 03:00:00,2.286,2.697883477,2.081,4.098601068,2.578031511,2.916352808,2.629,2.772903543
2021-03-09 04:00:00,2.242,3.243461809,2.081,2.270118596,3.269007534,2.839613791,2.655,2.086
2021-03-09 05:00:00,2.508,2.969316301,2.081,2.540225763,2.822906677,3.200590744,2.686,3.027489702
2021-03-09 06:00:00,3.538,4.173296106,2.822768717,3.586691713,3.955773519,4.514193817,2.905,3.454141069
2021-03-09 07:00:00,4.142,4.888729502,3.277402964,4.19251078,4.66574489,5.285086362,3.781,3.923277282
2021-03-09 08:00:00,4.095,4.831922705,3.265598719,4.144924019,4.620025221,5.224998166,5.87,6.51437368
2021-03-09 09:00:00,4.08,4.865639311,3.541206918,4.124637442,4.486242922,5.336496541,6.681,6.996919916
2021-03-09 10:00:00,4.325,5.10478324,3.451367835,4.360757072,4.879055579,6.187866952,6.794,7.648341078
2021-03-09 11:00:00,4.515,5.253146792,3.601874159,4.589232837,5.09346101,5.761321993,7.042,5.641687255
2021-03-09 12:00:00,4.865,5.7414786,3.880946095,4.894018349,5.488074464,6.109645629,7.088,5.957678926
2021-03-09 13:00:00,4.91,5.794505504,3.397866066,4.712329061,5.239298602,5.984361939,6.752,7.491720104
2021-03-09 14:00:00,4.613,4.956721476,3.680531051,5.020358938,5.203677782,5.887157562,6.208,6.851196268
2021-03-09 15:00:00,4.574,5.392814373,4.979828704,4.08556279,6.106013201,5.835453134,6.02,7.488856152
2021-03-09 16:00:00,4.546,5.364830381,3.626366777,4.60088063,5.128021646,5.799515606,5.775,6.584142734
2021-03-09 17:00:00,4.735,5.355408009,3.776896651,4.781020287,5.341205441,5.684212906,5.465,6.477719636
2021-03-09 18:00:00,5.642,6.658097236,3.423723257,5.710157846,6.363086753,8.128128675,5.524,6.133632538
2021-03-09 19:00:00,6.7,7.850431336,5.344447965,8.261715035,7.557569906,7.644911208,5.255,5.065988754
2021-03-09 20:00:00,7.398,8.721053281,6.683231187,7.48676244,8.342738769,9.2475,4.4,4.503984314
2021-03-09 21:00:00,6.915,8.154666909,5.558326087,6.998152121,7.799684052,8.242665124,3.557,3.734423607
2021-03-09 22:00:00,5.939,7.004549978,4.734717481,5.832717324,6.515864125,7.571827259,3.106,3.317603357
2021-03-09 23:00:00,4.616,5.443345339,3.800109498,4.668101768,5.20340101,6.481112643,2.604,2.837093733
2021-03-10 00:00:00,3.564,4.302687697,2.851634878,3.603923044,4.017010718,4.542682451,2.504,2.894930314
2021-03-10 01:00:00,2.891,3.295640537,2.303642546,2.923677407,2.601045867,3.267711464,2.585,2.624480033
2021-03-10 02:00:00,2.47,2.517173266,2.526483935,2.709180418,2.781759796,3.146640333,2.397,2.086
2021-03-10 03:00:00,2.286,2.66776798,2.081,2.309588737,2.57411912,4.06860793,2.391,2.142334381
2021-03-10 04:00:00,2.242,2.678351017,2.081,2.269482192,2.529487083,2.86081678,2.446,2.728315182
2021-03-10 05:00:00,2.508,2.960325761,2.081,2.640648695,2.829642362,3.201943905,2.827,2.918117431
2021-03-10 06:00:00,3.538,3.12613075,2.822152572,2.821269547,3.991370987,3.225564036,3.061,2.587723658
2021-03-10 07:00:00,4.142,4.89413902,2.960867617,4.192562515,4.673129197,5.788528995,3.882,4.272017744
2021-03-10 08:00:00,4.095,4.846771891,3.267128627,4.814547876,4.62004717,5.992673049,5.348,6.330186424
2021-03-10 09:00:00,4.08,4.455178416,3.25145315,3.867426189,4.598013863,5.197509294,6.478,7.098869681
2021-03-10 10:00:00,4.325,5.104227537,2.92884476,4.378054439,4.921168276,5.523399964,6.888,6.357472914
2021-03-10 11:00:00,4.515,4.595553936,3.602402873,4.570147418,5.057189123,5.600506249,7.06,7.797300543
2021-03-10 12:00:00,4.865,5.742804581,3.881401557,4.924274511,5.930877907,6.210423617,6.648,7.360539414
2021-03-10 13:00:00,4.91,5.646193137,3.917212897,4.967107618,6.125873382,6.264622498,6.696,6.730993625
2021-03-10 14:00:00,4.613,5.336148309,3.686340747,4.816451293,4.996009962,4.767302567,6.265,6.747159962
2021-03-10 15:00:00,4.574,5.398197707,3.425297669,5.029679398,4.879178131,5.835751613,6.08,6.686786627
2021-03-10 16:00:00,4.546,5.364928528,3.6234601,4.60094003,5.128142541,5.799752756,4.924,6.457827123
2021-03-10 17:00:00,4.735,5.58778894,3.777051744,4.791913832,5.341037431,6.040896181,4.354,6.206223408
2021-03-10 18:00:00,5.642,6.277395513,4.500362881,5.711411441,5.97273602,7.197522639,3.962,5.808348071
2021-03-10 19:00:00,6.7,7.911354944,5.34933298,6.769386026,7.554317784,8.547009657,4.04,4.982595977
2021-03-10 20:00:00,7.398,9.2475,5.847386147,7.420024717,8.268723959,9.2475,4.174,3.038876875
2021-03-10 21:00:00,6.915,8.15884175,5.5148443,6.996878425,7.664624866,8.819858894,3.12,3.790964103
2021-03-10 22:00:00,5.939,7.005775686,4.727845635,5.628080663,6.696758626,7.576958481,3.012,3.278266863
2021-03-10 23:00:00,4.616,5.364078701,3.625904501,4.600211782,4.208556013,5.80238996,2.499,2.908300409
2021-03-11 00:00:00,3.564,4.319107987,2.840885787,4.873930413,4.017312504,4.346201402,2.472,2.70305581
2021-03-11 01:00:00,2.891,3.408414802,2.303894708,2.923629257,3.257920998,3.621107986,2.434,2.870534985
2021-03-11 02:00:00,2.47,2.850789881,2.081,2.446092619,2.726204504,3.083386563,2.512,2.58847678
2021-03-11 03:00:00,2.286,2.67340486,2.081,2.091218636,2.340593223,2.852582027,2.487,2.595985199
2021-03-11 04:00:00,2.242,2.081,2.081,2.081,2.526527406,2.858567067,2.266,2.68976098
2021-03-11 05:00:00,2.508,2.958880206,2.081,2.537486596,2.909205175,3.198351296,2.676,3.074826029
2021-03-11 06:00:00,3.538,4.175137232,2.821959772,3.58431328,4.047151388,4.643613419,2.98,3.260024781
2021-03-11 07:00:00,4.142,4.888659729,3.304601174,4.190415256,4.662287465,5.271216232,3.806,4.166542193
2021-03-11 08:00:00,4.095,4.565695897,3.39534039,4.145555178,5.151692984,5.179634285,6.027,6.390570436
2021-03-11 09:00:00,4.08,4.948711723,3.226671202,3.82318061,4.562830486,5.16045836,6.464,7.205480537
2021-03-11 10:00:00,4.325,4.967896851,3.451815152,3.442720844,4.878734945,5.52033961,6.81,6.744948629
2021-03-11 11:00:00,4.515,5.331441473,3.603490697,4.371545861,5.096101367,5.875575148,7.168,7.322049562
2021-03-11 12:00:00,4.865,5.777240338,5.108150458,5.153237814,5.02326495,6.210490005,7.177,6.824583987
2021-03-11 13:00:00,4.91,6.156984131,3.919306972,4.972576771,5.542292361,6.35433092,7.486,6.069774881
2021-03-11 14:00:00,4.613,5.447929926,3.040437879,4.672083804,5.44749796,5.892717007,7.002,6.814907103
2021-03-11 15:00:00,4.574,5.401948205,2.855025785,4.632656222,5.332562346,5.837968358,6.763,6.446707743
2021-03-11 16:00:00,4.546,5.368740316,3.627463746,4.604193457,5.131657194,5.803783755,6.352,6.553924481
2021-03-11 17:00:00,4.735,5.510050479,5.258026768,4.782979647,5.344852021,6.044711047,6.139,6.389120353
2021-03-11 18:00:00,5.642,6.661523052,4.502810955,5.607904997,6.36668408,7.201130145,5.409,5.798574642
2021-03-11 19:00:00,6.7,7.918077147,5.346364765,6.783258765,7.560520869,8.546330929,4.848,5.022066434
2021-03-11 20:00:00,7.398,8.59472777,5.99504882,7.37085725,8.215482014,9.2475,4.23,4.586087522
2021-03-11 21:00:00,6.915,8.162315849,4.76722087,6.98196323,7.801975447,9.111276834,3.546,4.014219755
2021-03-11 22:00:00,5.939,7.010038194,4.738393275,6.011681509,6.700561342,7.569920313,2.947,3.477826493
2021-03-11 23:00:00,4.616,5.306525553,3.586938371,4.326573646,5.071012951,5.737501991,2.568,4.489206738
2021-03-12 00:00:00,3.564,5.126434282,3.499989552,3.59204257,4.001970882,4.528017434,2.668,2.086
2021-03-12 01:00:00,2.891,3.418542902,2.374109469,2.914673777,3.26761956,3.695555101,2.495,4.60047164
2021-03-12 02:00:00,2.47,2.810140704,2.081,2.412482423,2.688444797,3.041120281,2.404,3.055256987
2021-03-12 03:00:00,2.286,2.450331391,2.081,2.409546165,2.549014326,2.879623529,2.234,2.086
2021-03-12 04:00:00,2.242,2.484596508,2.081,2.125469934,2.369015426,2.494414715,2.338,2.759377669
2021-03-12 05:00:00,2.508,2.770741342,2.897807883,2.338801513,2.708599689,2.995187451,2.61,2.908197921
2021-03-12 06:00:00,3.538,4.234347418,2.650404056,4.015758201,2.785247069,4.238876473,3.036,3.123894298
2021-03-12 07:00:00,4.142,4.325513593,2.924785555,4.216026782,4.080264382,4.676283078,3.969,4.066248524
2021-03-12 08:00:00,4.095,4.717337155,3.187787145,4.044728545,4.501871587,5.175254187,6.054,6.652056228
2021-03-12 09:00:00,4.08,4.835803927,3.268733892,4.147073492,4.829480598,5.227188352,7.104,5.806518694
2021-03-12 10:00:00,4.325,5.454540217,3.685992954,4.676676602,5.212537726,5.895317795,7.258,7.202930932
2021-03-12 11:00:00,4.515,5.497752397,3.969283393,5.032129314,5.610367873,6.801588038,7.866,6.949174675
2021-03-12 12:00:00,4.865,6.162925954,3.581462265,6.670288963,5.972563705,7.277571411,7.114,6.375542129
2021-03-12 13:00:00,4.91,6.658207934,5.150766148,5.710499391,6.26437674,7.764445562,7.549,6.514934824
2021-03-12 14:00:00,4.613,6.066923003,4.117675132,5.405685208,5.822739131,6.587286402,6.839,6.186948018
2021-03-12 15:00:00,4.574,5.639420684,3.811891426,4.833502932,5.282843562,6.096219454,6.893,6.165959523
2021-03-12 16:00:00,4.546,5.632907075,3.807631677,4.830723807,5.384232682,6.084723245,5.782,6.252828569
2021-03-12 17:00:00,4.735,5.766197859,3.293703681,4.945511743,5.270426456,6.233633088,5.579,6.130206232
2021-03-12 18:00:00,5.642,6.538253403,4.419681134,5.612722259,6.273716777,7.065035923,5.05,5.493869607
2021-03-12 19:00:00,6.7,7.824377666,5.433472209,8.041195007,7.478831404,8.457036878,4.506,4.950131733
2021-03-12 20:00:00,7.398,9.150331658,5.899999107,7.372792285,8.528599707,9.2475,3.995,3.143354865
2021-03-12 21:00:00,6.915,8.3702102,5.658464875,6.64984579,8.383357121,9.042895352,3.813,5.049035333
2021-03-12 22:00:00,5.939,6.513541057,4.260991427,5.798138512,6.190899042,7.897066953,3.253,3.56058112
2021-03-12 23:00:00,4.616,3.601375609,4.453998396,4.67174792,5.206777751,5.888485551,2.989,3.085925414
2021-03-13 00:00:00,3.718,4.370132489,2.952011029,3.747155563,4.175042778,4.723695279,2.99,2.953238583
2021-03-13 01:00:00,3.146,3.634839571,2.23334982,2.724481219,3.476751821,3.929903955,2.837,2.961112408
2021-03-13 02:00:00,2.518,2.972809807,2.081,2.081,4.44660178,3.836831108,2.585,2.657102448
2021-03-13 03:00:00,2.418,2.855558373,2.081,2.462972641,3.242902334,3.087122335,2.688,2.765952657
2021-03-13 04:00:00,2.081,2.57757119,2.081,2.172192003,2.618675474,2.756346228,2.734,2.086
2021-03-13 05:00:00,2.288,2.791370923,2.081,2.416393384,2.927112039,2.72343923,2.827,2.992311917
2021-03-13 06:00:00,3.157,3.90862018,3.534898451,3.542215558,3.736056844,4.225430027,2.61,3.196839428
2021-03-13 07:00:00,2.936,3.974061228,2.686328298,3.408211762,3.767414325,4.296340433,2.933,3.678668647
2021-03-13 08:00:00,3.875,4.696782962,3.174767491,4.418588022,4.489438383,4.924884481,3.604,5.846985345
2021-03-13 09:00:00,4.182,4.941056755,3.328488551,4.235490433,4.721682988,4.851404541,4.374,4.823820332
2021-03-13 10:00:00,5.122,4.872503378,3.90803142,5.87056792,5.524486166,6.248058228,4.69,4.571822071
2021-03-13 11:00:00,5.725,6.00080247,4.279623365,5.428330364,6.051860583,6.919709093,5.577,6.41355
2021-03-13 12:00:00,5.988,6.678467909,4.513021501,7.029978938,6.38346458,7.21961887,5.322,7.181709456
2021-03-13 13:00:00,6.815,7.350520351,5.285725848,7.555317518,7.014815582,7.944850186,5.448,6.024387738
2021-03-13 14:00:00,6.017,6.066080749,4.465627939,5.665650053,6.133116066,6.844173671,5.156,2.579543831
2021-03-13 15:00:00,5.054,5.16889315,3.945012008,5.006810979,5.575177639,6.308856662,5.292,5.886653226
2021-03-13 16:00:00,5.068,5.939659782,3.946006618,5.011728182,5.576146983,6.31094463,4.91,5.722178512
2021-03-13 17:00:00,5.038,6.830652154,3.981703166,5.051667359,5.630316675,6.374583585,4.762,3.48602694
2021-03-13 18:00:00,5.19,6.369804772,4.306569363,5.260402483,6.087821366,6.885254158,4.414,3.974458827
2021-03-13 19:00:00,6.309,6.365422601,5.182888996,6.575477586,8.839329929,8.397242683,4.488,4.86491451
2021-03-13 20:00:00,7.31,9.088872156,5.920179347,7.50407169,7.961343699,9.1375,4.046,4.169196592
2021-03-13 21:00:00,6.492,7.020002541,7.260046481,6.89489645,8.675925194,8.793929167,3.792,3.678670769
2021-03-13 22:00:00,5.134,6.46346164,4.368919836,5.618199551,6.158199304,7.416161046,3.505,3.462323716
2021-03-13 23:00:00,4.337,5.506834106,3.723010857,4.724267796,5.239066241,6.175010827,2.762,3.089901262
2021-03-14 00:00:00,3.718,4.354224612,2.978237979,4.018786333,4.211745818,4.763674283,2.556,2.929463324
2021-03-14 01:00:00,3.146,3.711567827,2.508117574,2.147755115,3.547970227,3.917748103,2.51,2.941569008
2021-03-14 02:00:00,2.518,3.073786023,2.081,2.600999732,2.906588173,3.287397483,2.446,2.719722885
2021-03-14 03:00:00,2.418,2.787589568,2.081,2.500354957,2.764232269,3.124707064,2.458,3.164466298
2021-03-14 04:00:00,2.081,2.081,2.081,2.110986295,2.405448749,3.631803601,2.504,2.813798628
2021-03-14 05:00:00,2.288,2.400266521,2.081,2.319522247,2.584211788,2.922922018,2.722,2.909518309
2021-03-14 06:00:00,3.157,3.727911626,2.522958487,3.19700393,3.304982402,2.081,2.671,2.97454117
2021-03-14 07:00:00,2.936,3.4657126,2.376077916,2.972152644,3.592996727,3.746651309,2.822,3.393769134
2021-03-14 08:00:00,3.875,4.572341829,3.090710778,3.918805082,3.468037904,5.991766216,3.05,5.075083531
2021-03-14 09:00:00,4.182,4.977185951,3.364555799,4.257342559,4.757848778,5.372969487,3.488,3.965501658
2021-03-14 10:00:00,5.122,6.041888612,4.386731635,5.181099545,5.162606517,6.90740716,3.517,4.041269851
2021-03-14 11:00:00,5.725,6.756246036,3.712029633,5.780225466,6.028924071,7.300058002,3.822,4.9289
2021-03-14 12:00:00,5.988,7.029811389,4.508563113,6.056481235,7.400638004,7.8957355,4.06,4.809528275
2021-03-14 13:00:00,6.815,8.037894519,5.887767222,6.893529678,7.681254027,8.691389429,4.256,5.47813646
2021-03-14 14:00:00,6.017,7.215693977,4.804006218,6.08631196,6.783639739,7.583343999,4.256,5.57463313
2021-03-14 15:00:00,5.054,5.960241275,4.108031337,5.111258618,5.696537727,6.488630121,4.058,5.435258558
2021-03-14 16:00:00,5.068,5.977959043,4.040770083,5.30258269,6.133366903,6.412393997,4.159,5.417120203
2021-03-14 17:00:00,5.038,6.522470847,3.973472064,5.096369989,5.680213096,5.79452273,4.286,4.32759944
2021-03-14 18:00:00,5.19,6.123037846,3.804456881,5.250940714,5.852777198,6.619404986,4.157,4.702484745
2021-03-14 19:00:00,6.309,7.444726256,5.032266592,5.808928206,7.116033267,7.206312838,4.221,4.880794676
2021-03-14 20:00:00,7.31,8.755821942,5.918477299,7.508929511,8.502512958,9.1375,3.604,4.051871767
2021-03-14 21:00:00,6.492,7.776300066,5.272430421,6.668792412,7.490364684,7.801168243,3.508,3.751079996
2021-03-14 22:00:00,5.134,5.343615434,4.097403387,5.199606321,5.950980587,6.553342709,3.21,3.609626112
2021-03-14 23:00:00,4.337,6.684936867,3.735132355,4.809124034,5.349696426,6.06475602,2.654,2.807700355
2021-03-15 00:00:00,3.718,4.411374462,2.981432441,3.375477349,3.845742354,4.792515948,2.651,2.819389193
2021-03-15 01:00:00,3.146,4.237138779,2.508569114,3.191177072,4.209111578,3.996533675,2.549,2.086
2021-03-15 02:00:00,2.518,3.103043703,2.871381057,2.661173296,2.965799294,3.354336739,2.567,2.608897076
2021-03-15 03:00:00,2.418,2.952021257,2.081,2.51576133,2.803934655,3.185258755,2.699,2.849782395
2021-03-15 04:00:00,2.081,2.604967972,2.081,2.081,2.488442695,2.81555879,2.783,2.794864672
2021-03-15 05:00:00,2.288,2.868158873,2.413048325,2.459726611,2.569427594,3.100245552,2.615,3.618435989
2021-03-15 06:00:00,3.157,3.919874298,2.651624623,3.746547101,3.749512616,4.541842926,2.812,2.993733726
2021-03-15 07:00:00,2.936,4.072176078,2.692044177,3.414502169,4.119109137,4.305189473,3.48,2.521144181
2021-03-15 08:00:00,3.875,4.696909391,3.175058071,3.636460507,4.489170567,5.077926914,4.086,4.532592422
2021-03-15 09:00:00,4.182,4.971993515,4.332018669,4.26471055,4.752793025,5.478596763,3.89,5.01497967
2021-03-15 10:00:00,5.122,5.759677015,3.893328,4.658713594,5.505390466,6.228041354,4.085,5.353428594
2021-03-15 11:00:00,5.725,6.304305035,4.261344768,5.406467465,5.690764972,6.702897983,4.352,5.6787
2021-03-15 12:00:00,5.988,6.125292027,4.491274011,5.698028895,6.351208199,7.403515894,4.4,5.44682782
2021-03-15 13:00:00,6.815,7.307758457,4.940612046,6.267059438,6.985167025,7.470614054,4.812,5.344397783
2021-03-15 14:00:00,6.017,6.558146619,4.432848141,5.624189627,6.268925124,6.996010573,4.89,5.747089732
2021-03-15 15:00:00,5.054,5.77975328,3.054074888,4.956692529,5.530577288,5.785390134,4.86,5.821237633
2021-03-15 16:00:00,5.068,5.256805627,3.903099377,4.953945861,5.795998038,6.244563424,4.938,3.892722435
2021-03-15 17:00:00,5.038,5.819238612,3.933995618,4.884233985,5.56352905,6.293034865,4.489,4.924582408
2021-03-15 18:00:00,5.19,6.64141873,4.251943358,5.394506321,6.012634448,5.749998348,3.964,4.590530088
2021-03-15 19:00:00,6.309,6.761535123,5.124471188,6.497891752,7.246433007,8.1955706,3.886,3.910730614
2021-03-15 20:00:00,7.31,8.630653308,5.920806249,7.401582699,8.249651984,9.1375,3.451,4.178122342
2021-03-15 21:00:00,6.492,7.656895109,5.183991103,6.573131221,7.326541002,8.286273732,3.28,3.809304722
2021-03-15 22:00:00,5.134,6.346363953,4.289848925,5.584059048,5.841595723,6.860798473,3.185,3.670674134
2021-03-15 23:00:00,4.337,5.597304722,3.782494946,5.039432328,5.35221768,6.049966105,2.646,2.871164646
2021-03-16 00:00:00,3.564,4.558123606,2.813504433,3.702695866,4.127475326,4.665593595,2.883,2.086
2021-03-16 01:00:00,2.891,3.575326116,2.386133168,3.066915651,3.417826875,3.328168585,2.723,2.680418658
2021-03-16 02:00:00,2.47,3.649891424,2.081,2.619243133,2.919414109,3.302540924,2.627,2.086
2021-03-16 03:00:00,2.286,2.84310732,2.081,2.164928606,2.504098014,3.075406557,2.837,2.804727656
2021-03-16 04:00:00,2.242,2.609505138,2.229016301,2.236050881,2.081,3.231627503,2.866,2.770604445
2021-03-16 05:00:00,2.508,2.859349033,2.081,2.452120064,2.734098933,4.529910537,2.784,2.466602753
2021-03-16 06:00:00,3.538,3.99933572,2.703344863,3.430718335,3.824755584,4.323512336,2.822,3.25729088
2021-03-16 07:00:00,4.142,3.443313652,2.933097494,3.721188745,4.176748844,4.69080812,4.141,4.311947676
2021-03-16 08:00:00,4.095,4.717192429,2.53132347,4.04550613,4.508408884,5.099513994,6.379,5.645023923
2021-03-16 09:00:00,4.08,4.905928248,3.316129258,4.207218504,4.688967344,5.380482281,7.442,6.259845129
2021-03-16 10:00:00,4.325,5.216475512,3.672870909,4.662638686,5.109144258,5.4525784,8.073,6.682371789
2021-03-16 11:00:00,4.515,5.94168756,3.947828716,5.011925822,5.58345926,6.313209669,8.287,7.326851315
2021-03-16 12:00:00,4.865,6.210086554,4.197765796,5.325812214,5.332236667,6.715752032,7.966,7.291927595
2021-03-16 13:00:00,4.91,6.617743705,4.519013027,5.671198615,6.492970134,7.125031899,8.202,5.43365555
2021-03-16 14:00:00,4.613,5.988793595,4.04752228,5.136010886,5.721676884,6.544196545,7.656,6.600975724
2021-03-16 15:00:00,4.574,5.516315104,3.728735891,4.730690327,5.058641893,6.441178296,6.916,9.161445556
2021-03-16 16:00:00,4.546,5.499056638,3.976106723,4.715696339,5.256472018,5.948016975,6.318,6.418172839
2021-03-16 17:00:00,4.735,5.619713264,3.798517235,4.620654556,5.26040484,6.082926356,6.038,5.777698621
2021-03-16 18:00:00,5.642,6.427737353,4.289421999,5.442081815,6.065656848,6.909149153,5.728,5.410132341
2021-03-16 19:00:00,6.7,7.62375817,6.514884456,6.538007032,7.289378396,8.231418902,5.458,5.371083476
2021-03-16 20:00:00,7.398,8.553023458,5.781552558,7.335087468,8.174902217,9.24655077,5.322,4.794111372
2021-03-16 21:00:00,6.915,7.848628672,5.219312586,6.621974103,7.156192515,8.347354439,4.623,4.154542691
2021-03-16 22:00:00,5.939,6.557940293,4.43299804,5.624186259,6.266271081,7.089802671,4.04,4.169077192
2021-03-16 23:00:00,4.616,5.443431385,3.679339068,4.667966896,5.202869964,5.888244541,3.133,3.318299054
2021-03-17 00:00:00,3.564,4.202132609,2.379474643,3.572742795,4.016990103,4.511429209,2.975,3.243394597
2021-03-17 01:00:00,2.891,3.41435002,2.308088864,2.928304147,3.263926474,3.691378879,2.86,3.310452071
2021-03-17 02:00:00,2.47,3.622971169,2.081,2.498248123,2.775246922,3.148123427,2.653,2.086
2021-03-17 03:00:00,2.286,2.696078114,2.081,2.312158443,2.577076971,2.912687215,2.585,3.818086857
2021-03-17 04:00:00,2.242,2.765152706,2.081,2.461530308,2.527997591,2.081,2.757,3.30147832
2021-03-17 05:00:00,2.508,2.956401638,2.081,2.537708102,3.318514824,3.196255059,3.32,3.501268847
2021-03-17 06:00:00,3.538,4.175973033,2.325262091,3.580704944,4.921435294,4.513850341,3.39,3.460781623
2021-03-17 07:00:00,4.142,4.888913093,3.304664909,4.192297529,4.670326354,6.08490708,4.322,4.797105086
2021-03-17 08:00:00,4.095,4.834156641,4.475907979,3.544917586,4.737042152,5.225527805,7.026,6.737150777
2021-03-17 09:00:00,4.08,4.818113322,3.071224953,4.131295357,4.767040869,5.207918262,7.355,8.150391618
2021-03-17 10:00:00,4.325,4.484748834,3.452220849,4.379571432,4.882489547,5.520799668,7.547,8.260487474
2021-03-17 11:00:00,4.515,5.103830689,3.604755099,4.577660011,6.506332042,6.116263755,7.844,8.901037326
2021-03-17 12:00:00,4.865,6.372869649,3.883243525,4.858545575,5.491253342,6.24524305,7.66,8.210797126
2021-03-17 13:00:00,4.91,5.798226357,3.919301217,4.972669174,5.566604829,6.26821588,7.695,7.015768152
2021-03-17 14:00:00,4.613,5.447698942,3.68239785,4.67242561,5.228301985,5.890194839,6.937,7.291889149
2021-03-17 15:00:00,4.574,5.546999485,3.048072436,4.632570187,5.161418612,5.839582997,6.669,6.75076966
2021-03-17 16:00:00,4.546,5.587599702,3.59826695,4.604065297,5.136146048,5.802611399,5.986,4.213349001
2021-03-17 17:00:00,4.735,5.591292922,3.780949358,4.795909848,5.343875211,5.259007809,5.538,5.969920005
2021-03-17 18:00:00,5.642,6.966420147,5.187112071,5.714403966,6.367496172,7.514321903,5.214,5.767125015
2021-03-17 19:00:00,6.7,7.901987821,4.885460581,6.83388781,7.497967893,8.550113384,5.08,5.573071093
2021-03-17 20:00:00,7.398,8.630427196,5.841076445,6.795767159,8.247585986,9.2475,4.849,5.110795362
2021-03-17 21:00:00,6.915,7.91174389,5.536769865,6.980027067,7.556441835,8.552531471,3.741,4.169724843
2021-03-17 22:00:00,5.939,7.009007879,4.737722004,6.010863273,6.505051363,7.51118973,3.612,3.848566962
2021-03-17 23:00:00,4.616,5.448889376,3.679274501,4.941123285,5.682705329,5.901823132,2.736,3.346611589
2021-03-18 00:00:00,3.564,4.264862254,2.882931913,3.296769924,4.815824307,4.611068617,2.71,3.177789687
2021-03-18 01:00:00,2.891,3.411667381,2.305826599,2.927819161,3.261367207,4.463128286,2.838,3.143003614
2021-03-18 02:00:00,2.47,2.932572196,2.081,2.184058395,2.801893543,3.170339153,2.666,2.895238358
2021-03-18 03:00:00,2.286,2.935465106,2.081,2.121599476,2.576534497,2.901394097,2.641,2.086
2021-03-18 04:00:00,2.242,2.081,2.081,2.26745071,2.716106593,2.858345377,2.761,2.731304618
2021-03-18 05:00:00,2.508,3.247791277,2.081,2.537438262,2.724160902,3.198111379,3.028,2.086
2021-03-18 06:00:00,3.538,4.174439334,4.236772112,3.579936524,4.547088644,4.512192678,3.067,4.84536896
2021-03-18 07:00:00,4.142,3.600447003,3.303432922,4.191220364,4.671763416,5.283365542,4.228,3.470130258
2021-03-18 08:00:00,4.095,4.831849203,2.622043039,4.38660144,4.824833676,5.22366251,7.19,7.880823798
2021-03-18 09:00:00,4.08,5.16528087,3.254171846,4.798277602,4.596266621,6.1423399,7.698,8.052610195
2021-03-18 10:00:00,4.325,5.103367586,3.447692921,4.376609926,4.878086894,5.517123404,8.31,9.418488694
2021-03-18 11:00:00,4.515,5.000521093,3.601173743,4.567653896,5.104314339,5.761028375,8.985,7.37423221
2021-03-18 12:00:00,4.865,5.740764336,3.880347695,4.922970535,5.487821598,6.205901122,8.332,8.1559052
2021-03-18 13:00:00,4.91,6.56704524,3.486750796,4.965994979,5.489949319,6.270712137,8.47,6.273709528
2021-03-18 14:00:00,4.613,5.442839617,3.214254463,5.181739841,4.169584503,5.8843338,7.764,7.627488914
2021-03-18 15:00:00,4.574,5.396916608,3.665407367,4.628611106,5.157646114,5.834626303,6.902,7.163860356
2021-03-18 16:00:00,4.546,5.364139008,3.626410235,4.59952126,5.127283326,5.798938218,6.346,6.486140452
2021-03-18 17:00:00,4.735,5.587457966,3.776689376,4.779610938,5.34052248,6.039960213,6.021,6.061740981
2021-03-18 18:00:00,5.642,6.658098816,4.50046149,5.709493256,6.334432959,7.165997088,5.526,5.709066807
2021-03-18 19:00:00,6.7,7.819758021,5.463325603,6.618650494,7.557639699,8.547056526,5.286,6.529544256
2021-03-18 20:00:00,7.398,8.727562241,5.5485,7.344991648,8.342271843,9.2475,4.792,5.242853537
2021-03-18 21:00:00,6.915,8.099754065,5.518371293,8.639768035,7.796967241,8.818923055,3.84,4.369272513
2021-03-18 22:00:00,5.939,6.904469608,4.500714243,6.011013282,6.569117792,7.577523693,3.55,4.260599937
2021-03-18 23:00:00,4.616,5.45325078,3.686469712,4.678594135,5.212814653,5.895446343,2.972,3.566615424
2021-03-19 00:00:00,3.564,4.319655868,2.920775519,3.7074589,4.12978858,4.494354378,2.828,2.985469874
2021-03-19 01:00:00,2.891,3.396081529,2.309032626,2.931499457,3.265670675,3.722863953,2.771,3.090709138
2021-03-19 02:00:00,2.47,2.860393061,2.081,2.429764748,2.711341793,3.190530737,2.71,2.891399145
2021-03-19 03:00:00,2.286,2.696964772,2.654194064,2.312666684,2.577653234,2.915503245,2.566,2.867472009
2021-03-19 04:00:00,2.242,2.644867645,2.081,2.349150411,2.528152457,2.859230717,2.637,2.938360808
2021-03-19 05:00:00,2.508,2.958550107,2.15898899,2.537216544,2.827052871,4.386939473,3.037,3.068543187
2021-03-19 06:00:00,3.538,4.174091492,2.908513922,3.579599302,4.731362552,4.519000579,3.324,3.364224546
2021-03-19 07:00:00,4.142,4.888543119,3.303477683,3.872976317,4.67123031,5.859476192,4.172,4.406263009
2021-03-19 08:00:00,4.095,4.83159258,3.268101984,4.692879613,4.62500471,5.395462746,6.606,7.217576199
2021-03-19 09:00:00,4.08,4.812588076,4.424341756,4.128038496,5.452304727,5.204121403,7.26,8.042410037
2021-03-19 10:00:00,4.325,4.857491586,3.448094077,4.37675504,4.381692557,5.516686828,7.444,8.354921905
2021-03-19 11:00:00,4.515,6.087971844,3.726628798,4.233989577,5.092207685,5.760481947,7.864,8.527542411
2021-03-19 12:00:00,4.865,5.740472449,3.880312844,4.924476764,5.486686921,6.205647844,7.02,7.736744531
2021-03-19 13:00:00,4.91,5.793102269,4.297058846,4.968453428,5.5376547,6.503063505,7.085,7.688091304
2021-03-19 14:00:00,4.613,5.387099805,3.679018343,4.667830916,5.202711566,5.88588352,6.813,6.805334437
2021-03-19 15:00:00,4.574,5.098769662,3.648413698,5.364629456,5.158650126,5.834659722,6.098,7.283312435
2021-03-19 16:00:00,4.546,5.230576835,3.625556004,4.599907039,5.13556136,5.839239663,5.557,6.063371368
2021-03-19 17:00:00,4.735,5.584624609,3.775722252,4.486678829,5.328736454,5.23785879,5.254,5.806797603
2021-03-19 18:00:00,5.642,7.98923742,4.521417188,6.511687265,6.363067191,7.196241677,4.872,4.106452781
2021-03-19 19:00:00,6.7,7.864964178,5.360144637,6.26058703,7.556273618,8.669647515,4.616,5.118890423
2021-03-19 20:00:00,7.398,8.730027182,5.900901189,7.484641813,8.391285337,9.2475,4.472,4.984381966
2021-03-19 21:00:00,6.915,8.210230892,5.51535881,6.997838638,7.799896176,8.820928219,3.994,4.34205929
2021-03-19 22:00:00,5.939,7.675328736,4.73649706,6.009279266,6.435677057,7.575141655,3.82,3.976572246
2021-03-19 23:00:00,4.616,5.386623188,3.673020173,4.628627809,5.227324232,6.147957003,3.215,3.430715193
2021-03-20 00:00:00,3.718,4.387851853,3.358408018,3.763816309,4.19376729,4.743074391,2.785,3.030723052
2021-03-20 01:00:00,3.146,3.431903217,2.320305225,2.943549163,3.280330948,3.597936317,2.565,2.767130454
2021-03-20 02:00:00,2.518,2.081,2.46406814,2.548501315,2.837607726,3.215329813,2.609,2.613002234
2021-03-20 03:00:00,2.418,2.127782362,2.081,2.317693925,2.583294234,2.931643295,2.614,2.704401809
2021-03-20 04:00:00,2.081,2.650597949,2.081,2.134305454,2.081,2.727094189,2.662,2.757583687
2021-03-20 05:00:00,2.288,2.964430537,2.081,2.542246352,3.121715977,3.204603494,2.836,3.174551252
2021-03-20 06:00:00,3.157,4.542528647,3.291273566,2.291040396,4.097189058,3.389899211,2.721,3.081454509
2021-03-20 07:00:00,2.936,4.892660498,3.716212503,4.195219521,4.6765958,5.289251604,3.015,4.342257135
2021-03-20 08:00:00,3.875,4.82604833,3.501741891,4.148585017,4.481338121,6.639769975,3.814,6.399117126
2021-03-20 09:00:00,4.182,4.1767323,2.973732924,4.134818871,4.359356271,5.302503122,4.66,7.222921404
2021-03-20 10:00:00,5.122,5.294990309,3.307427834,4.384979892,4.887424041,5.704777769,4.911,7.937972065
2021-03-20 11:00:00,5.725,5.337901049,3.608150726,4.716086724,5.102243653,5.663301445,5.556,6.3894
2021-03-20 12:00:00,5.988,5.816139675,3.888589107,4.932906672,5.490619177,6.562265435,5.393,7.842705352
2021-03-20 13:00:00,6.815,5.778804023,3.924005566,4.978998084,5.548824419,7.690752097,5.544,7.149459056
2021-03-20 14:00:00,6.017,5.461094365,3.687403128,4.678484003,5.21468023,5.897408103,5.134,6.371651718
2021-03-20 15:00:00,5.054,5.424041043,3.656686645,4.63936079,5.18049045,5.916776907,5.008,6.615015527
2021-03-20 16:00:00,5.068,5.376919483,3.300078797,4.669580736,5.333038375,5.81317526,4.774,6.051873398
2021-03-20 17:00:00,5.038,5.610382372,3.78584606,4.803265903,5.35073896,6.05398368,4.577,5.16855383
2021-03-20 18:00:00,5.19,6.670614891,4.509738061,6.000860228,6.32137181,7.044519762,4.754,5.176042129
2021-03-20 19:00:00,6.309,7.920143707,5.925836376,6.912359358,7.572998203,8.427086944,4.517,5.072966342
2021-03-20 20:00:00,7.31,8.746044094,5.912883563,7.501921415,8.401113629,9.1375,4.45,4.704858227
2021-03-20 21:00:00,6.492,8.176778518,5.527046967,7.182662712,7.816207947,8.843375388,4.238,4.329405626
2021-03-20 22:00:00,5.134,7.026451805,4.769529225,6.025264449,6.68898668,7.595395082,3.864,4.024882022
2021-03-20 23:00:00,4.337,5.13064458,3.460454924,4.09892304,4.893444954,5.533303243,3.09,3.294476721
2021-03-21 00:00:00,3.718,4.388373997,2.9632446,3.159399153,4.184328251,4.744116922,2.649,2.887411992
2021-03-21 01:00:00,3.146,4.582464607,2.517104991,3.184391305,3.549089429,4.014250097,2.486,2.086
2021-03-21 02:00:00,2.518,2.970331347,2.146995747,3.914833325,4.34942611,3.51230366,2.409,2.684428227
2021-03-21 03:00:00,2.418,2.713976923,2.081,2.327477109,2.585217484,2.933294316,2.384,2.697184989
2021-03-21 04:00:00,2.081,2.663223974,2.321710034,2.28259594,2.542550643,2.950690657,2.361,2.718777836
2021-03-21 05:00:00,2.288,2.974047365,2.081,2.081,2.8442218,3.245942901,2.686,2.970038773
2021-03-21 06:00:00,3.157,4.190752554,2.832817159,3.593932854,3.962059589,4.61744507,2.58,3.049872253
2021-03-21 07:00:00,2.936,5.291366007,3.316353669,4.171921323,3.96767263,5.300445718,2.923,4.288630404
2021-03-21 08:00:00,3.875,4.846831935,3.252485871,4.644770666,4.632879705,5.239612745,3.538,6.724490408
2021-03-21 09:00:00,4.182,4.826433003,3.260439446,4.139064548,4.613344658,5.217296514,3.71,7.59067115
2021-03-21 10:00:00,5.122,5.114531402,3.45751744,4.386633723,5.807850234,5.529691729,4.082,7.82208208
2021-03-21 11:00:00,5.725,4.923269939,3.608990249,4.058856469,5.10402897,6.463536139,4.236,5.5108
2021-03-21 12:00:00,5.988,5.751587792,4.175572894,4.918688962,5.494854447,6.234626999,4.707,7.652195418
2021-03-21 13:00:00,6.815,5.804079171,3.920156124,6.185841067,5.548166894,6.27486365,4.792,7.677180118
2021-03-21 14:00:00,6.017,5.453523015,3.685853517,4.676852638,6.464104519,5.893167236,4.55,7.072169523
2021-03-21 15:00:00,5.054,5.407420971,3.655486547,4.636069775,5.168729463,5.84557497,4.494,6.706510721
2021-03-21 16:00:00,5.068,5.3743979,3.63197302,4.608827745,4.986190218,5.809808915,4.524,6.198493003
2021-03-21 17:00:00,5.038,5.628549199,3.783284401,4.79999721,5.349382563,6.050768133,4.566,5.364274045
2021-03-21 18:00:00,5.19,6.675472946,4.503966635,5.636051283,6.369243237,6.803159812,4.003,5.583620017
2021-03-21 19:00:00,6.309,7.912124905,5.347999046,6.78566713,7.562594963,8.139208206,4.066,4.904311502
2021-03-21 20:00:00,7.31,8.765371565,5.903266669,7.41223304,8.347779918,9.1375,4.186,4.808582678
2021-03-21 21:00:00,6.492,8.165321856,5.340174211,7.004294375,7.832208391,8.562099135,4.196,4.524171664
2021-03-21 22:00:00,5.134,7.015164071,4.529057663,6.015238983,6.705221654,7.582162267,3.681,4.070369186
2021-03-21 23:00:00,4.337,5.944633615,3.671391935,3.555656509,5.235747069,5.922625929,3.198,3.393972649
2021-03-22 00:00:00,3.564,4.351337639,2.94127004,3.732953685,4.180153284,4.70397427,2.959,3.088413489
2021-03-22 01:00:00,2.891,3.072302469,2.329216778,2.954402855,4.450985996,3.743804239,2.812,3.035186894
2021-03-22 02:00:00,2.47,2.38876205,2.081,2.513072227,2.810302228,3.175437591,2.76,3.302024761
2021-03-22 03:00:00,2.286,2.696658124,2.081,2.59324111,2.576553538,2.912973502,2.606,2.731923699
2021-03-22 04:00:00,2.242,2.65187972,2.081,2.303468067,2.519311132,2.340133123,2.671,2.918767253
2021-03-22 05:00:00,2.508,2.963018577,2.081,2.53131806,2.827479806,3.189666877,2.963,3.311394227
2021-03-22 06:00:00,3.538,4.173129686,2.820917278,3.538896333,3.120152275,4.511438644,3.261,3.425484237
2021-03-22 07:00:00,4.142,4.941246633,4.039378012,4.003438397,4.670504673,5.282021246,3.963,4.276040221
2021-03-22 08:00:00,4.095,4.831118711,3.263242265,4.143073526,4.647306106,5.222655729,6.186,7.038121403
2021-03-22 09:00:00,4.08,4.814045241,3.256112292,4.125660069,4.600461424,5.199427299,7.111,7.595351002
2021-03-22 10:00:00,4.325,5.102589334,3.449125776,6.161004465,4.877418495,5.517045602,7.179,7.858448172
2021-03-22 11:00:00,4.515,5.203834264,3.459220035,5.479591134,5.093036602,5.758364939,7.75,8.632473985
2021-03-22 12:00:00,4.865,5.739716109,3.874082538,4.922488767,5.486370949,6.205173861,7.194,7.885198374
2021-03-22 13:00:00,4.91,5.547374814,3.918545811,5.181389135,5.538873809,6.220630802,7.182,8.149234266
2021-03-22 14:00:00,4.613,5.44243311,3.048224976,3.794718467,5.202177312,5.845196846,6.689,7.26061825
2021-03-22 15:00:00,4.574,5.403295942,3.647804598,4.626708089,5.158104416,5.833120258,6.331,6.281206671
2021-03-22 16:00:00,4.546,5.311267797,4.580651744,4.599341961,4.7426528,5.7979381,5.874,6.361005293
2021-03-22 17:00:00,4.735,5.586129898,3.747568781,4.789858256,5.339553056,6.03892522,5.906,5.21247023
2021-03-22 18:00:00,5.642,6.656310431,4.499352182,5.708427821,6.075674152,7.194609379,5.15,5.717635199
2021-03-22 19:00:00,6.7,7.861446902,5.343546922,6.779370681,7.915941069,9.230691192,4.572,5.10712518
2021-03-22 20:00:00,7.398,8.72860583,5.900068488,7.485564559,8.349760699,9.2475,4.191,4.870185068
2021-03-22 21:00:00,6.915,8.158351329,5.226591053,6.996572164,7.799483165,8.819599378,3.907,4.437217004
2021-03-22 22:00:00,5.939,7.007483887,4.73655117,6.372183893,6.697483465,7.335819613,3.451,5.615220693
2021-03-22 23:00:00,4.616,5.457370439,3.776201609,3.831509242,5.217286186,5.901186858,3.248,3.499932488
2021-03-23 00:00:00,3.564,4.271556609,2.918724908,3.6653021,4.085827784,4.619856718,2.976,3.197451105
2021-03-23 01:00:00,2.891,3.43522792,2.404506876,2.946122956,4.218336894,3.754631164,2.804,3.059207586
2021-03-23 02:00:00,2.47,3.041829725,2.081,2.081,2.785692073,3.185448048,2.808,2.99681986
2021-03-23 03:00:00,2.286,2.712446318,2.081,2.310761981,2.219057584,2.912898469,2.84,2.885576763
2021-03-23 04:00:00,2.242,2.332510503,2.081,2.266090425,2.081,2.456430291,2.835,3.003626227
2021-03-23 05:00:00,2.508,3.109398177,2.081,3.174559317,4.220208767,3.198894656,3.303,3.397273206
2021-03-23 06:00:00,3.538,3.595403987,3.289478034,3.582080919,3.992663345,4.515402433,3.434,2.957094908
2021-03-23 07:00:00,4.142,4.889239234,3.30503344,4.155532898,4.670742933,5.285842447,4.052,4.218218497
2021-03-23 08:00:00,4.095,4.833103098,3.267402404,4.144778876,4.619094021,5.198665894,6.052,6.508137581
2021-03-23 09:00:00,4.08,4.815487435,3.201050254,4.129780996,3.975828958,5.205896293,6.442,7.398355064
2021-03-23 10:00:00,4.325,5.106296198,3.450243452,4.377292128,4.867666449,5.51799017,7.053,7.701875978
2021-03-23 11:00:00,4.515,5.283698674,3.552224296,4.569624347,5.113426386,5.760266028,7.409,8.18951342
2021-03-23 12:00:00,4.865,5.741369436,3.564917992,4.88775645,5.487732465,6.20870386,7.634,7.706437856
2021-03-23 13:00:00,4.91,5.792577118,3.917136429,5.65380183,5.259357301,5.423082688,7.218,7.63189965
2021-03-23 14:00:00,4.613,5.674457848,3.352469349,4.991839931,5.203373939,5.884797743,6.518,6.451279133
2021-03-23 15:00:00,4.574,4.227776838,3.648311105,4.628664434,5.159385695,5.834843851,6.016,6.747236415
2021-03-23 16:00:00,4.546,5.37381519,5.014903761,4.733919479,5.12717385,5.798879654,5.558,6.034034462
2021-03-23 17:00:00,4.735,5.583534269,3.986140818,4.838612706,5.340071044,5.967357037,5.272,5.603682781
2021-03-23 18:00:00,5.642,6.656628618,4.500854988,5.6795295,6.354902821,7.196198343,5.492,5.621201012
2021-03-23 19:00:00,6.7,7.90717623,5.344692516,6.480815974,7.555135362,9.2475,4.824,5.028676703
2021-03-23 20:00:00,7.398,8.612080355,5.641867735,7.387843042,8.651408978,9.194205126,4.371,4.890592344
2021-03-23 21:00:00,6.915,8.270097466,5.514342908,6.987033401,7.533279451,8.813641496,3.868,4.342327633
2021-03-23 22:00:00,5.939,7.003534858,4.430331436,6.005329457,6.69410765,7.570848294,3.398,5.231127204
2021-03-23 23:00:00,4.616,5.445600267,3.681089667,5.083819473,5.205403096,5.887195975,2.962,3.37531395
2021-03-24 00:00:00,3.564,4.208339792,2.868477591,3.604971659,4.019984107,4.547142682,2.682,2.89262257
2021-03-24 01:00:00,2.891,3.410772783,2.305525307,3.013843353,3.018497227,3.687817281,2.508,2.863086768
2021-03-24 02:00:00,2.47,2.820167453,2.081,2.418442202,2.695672767,3.04841192,2.478,3.001868075
2021-03-24 03:00:00,2.286,2.591997146,2.081,2.222730683,2.477569711,2.802095281,2.444,2.926312084
2021-03-24 04:00:00,2.242,2.438072504,2.081,2.178219469,2.426764054,2.833012914,2.606,3.059639872
2021-03-24 05:00:00,2.508,2.960604033,2.081,2.526312057,2.829919059,3.200594824,2.814,4.698594266
2021-03-24 06:00:00,3.538,4.176845397,2.823410154,3.582191917,3.992676937,4.512814349,3.056,3.703372792
2021-03-24 07:00:00,4.142,4.890752504,3.305818307,4.195335024,4.396295974,5.099095134,3.744,4.014105811
2021-03-24 08:00:00,4.095,4.836721115,2.773019424,4.146552726,4.623252249,5.806554353,5.491,5.695342289
2021-03-24 09:00:00,4.08,4.84210306,3.258978293,5.091763689,4.607265933,4.290963126,6.384,6.930765383
2021-03-24 10:00:00,4.325,5.109918214,3.45395031,4.671164017,4.54897608,5.52298303,6.707,7.319297653
2021-03-24 11:00:00,4.515,5.357577889,3.606263649,4.574078717,5.099099618,6.800914915,6.636,4.0535766
2021-03-24 12:00:00,4.865,5.704891909,4.036749618,4.928363917,5.493666016,6.246005512,6.626,7.281991376
2021-03-24 13:00:00,4.91,5.802166644,3.472881059,5.161157459,5.782285666,6.272203571,6.632,7.259763666
2021-03-24 14:00:00,4.613,4.632448889,3.252615699,4.675576858,5.991284697,6.457825735,6.214,5.623454741
2021-03-24 15:00:00,4.574,5.409157546,3.655092765,4.636501618,4.944155177,5.844334301,5.944,6.304926033
2021-03-24 16:00:00,4.546,5.713516565,3.443583622,4.651487004,5.253976665,5.626293017,5.344,5.80816326
2021-03-24 17:00:00,4.735,5.597059804,3.783283445,4.047127477,5.350442471,6.05081276,5.152,5.440412601
2021-03-24 18:00:00,5.642,6.667400237,4.62334614,5.716374019,4.706184081,7.207990024,5.156,5.61059868
2021-03-24 19:00:00,6.7,7.797831545,5.270852143,6.224420093,6.388187217,8.429848809,4.744,5.21722085
2021-03-24 20:00:00,7.398,8.525805489,5.762986269,7.311646657,8.275062121,9.217354136,4.402,4.895287948
2021-03-24 21:00:00,6.915,8.055187015,5.44492532,7.077975548,7.812997629,8.708103781,3.966,4.353003644
2021-03-24 22:00:00,5.939,7.018382636,4.562161445,6.019250043,7.358516752,7.532613677,3.662,3.371053891
2021-03-24 23:00:00,4.616,5.370625264,3.687441308,4.294841374,5.211691547,5.89608448,2.87,3.238117055
2021-03-25 00:00:00,3.718,3.989038857,2.697173473,3.88601868,3.812949307,4.316285947,2.565,3.027015491
2021-03-25 01:00:00,3.146,3.406119674,2.302006107,2.919355081,3.253134277,3.680022782,2.598,2.793758578
2021-03-25 02:00:00,2.518,2.759330983,2.081,2.365619124,2.63858057,2.8201247,2.53,2.910182152
2021-03-25 03:00:00,2.418,2.544152016,2.081,2.181848324,2.845440862,3.022695797,2.568,2.759607465
2021-03-25 04:00:00,2.081,2.495710008,2.081,2.140300812,2.385557565,2.698027327,2.685,2.690146212
2021-03-25 05:00:00,2.288,2.653168227,2.081,2.643923137,2.922823054,4.652954307,2.577,2.975389365
2021-03-25 06:00:00,3.157,3.94808265,2.110112472,3.098999917,3.771483143,4.26816685,3.067,3.317085146
2021-03-25 07:00:00,2.936,4.206984451,2.89764465,3.677883049,4.098422585,4.636317273,3.352,3.744171416
2021-03-25 08:00:00,3.875,4.68480339,3.166388081,4.017686345,4.505979302,5.06459678,4.166,4.996162786
2021-03-25 09:00:00,4.182,5.28626585,2.818022349,4.23226399,4.717329517,5.334612068,4.374,5.972366385
2021-03-25 10:00:00,5.122,5.797240054,3.681532907,4.669813344,5.353233189,5.887324754,5.009,6.543434313
2021-03-25 11:00:00,5.725,6.289514442,3.663840239,5.039218389,5.616530934,5.967644102,5.153,6.246840995
2021-03-25 12:00:00,5.988,6.257838147,4.204310078,6.142571981,6.034600776,6.764843802,5.187,6.721224575
2021-03-25 13:00:00,6.815,6.332020563,4.52804862,4.912815662,6.206901649,6.987088665,5.343,6.3963
2021-03-25 14:00:00,6.017,6.91770143,5.402601251,5.163835387,6.097053049,6.61055509,5.562,6.251050934
2021-03-25 15:00:00,5.054,6.842113969,4.228837253,6.538757488,5.383101672,6.841410579,5.198,5.229885582
2021-03-25 16:00:00,5.068,5.623088522,4.42720106,4.826405001,5.4549789,6.11601515,4.936,5.720286579
2021-03-25 17:00:00,5.038,5.818554059,3.932802266,4.989634865,5.559453651,6.132324876,4.604,6.528984831
2021-03-25 18:00:00,5.19,6.509760524,4.402105661,5.089195494,6.187804342,7.037408198,4.865,5.248408048
2021-03-25 19:00:00,6.309,7.039579154,5.348007254,6.90200136,7.561789388,8.551097703,4.962,5.120683903
2021-03-25 20:00:00,7.31,8.726460881,5.827429819,7.393289583,7.46696936,9.319943548,4.696,4.891428684
2021-03-25 21:00:00,6.492,8.164151736,5.521638918,7.0045766,7.807293698,9.1375,3.879,4.331120297
2021-03-25 22:00:00,5.134,6.733420389,4.551328985,5.774420834,6.396982017,7.278378194,3.568,3.932175193
2021-03-25 23:00:00,4.337,6.288659875,3.841134392,5.195459454,5.431697971,5.751534072,2.85,3.076563688
2021-03-26 00:00:00,3.564,4.20375673,2.811129123,3.60511335,4.018205342,4.565976062,2.734,2.926230426
2021-03-26 01:00:00,2.891,2.80801198,2.441898075,3.093594991,3.410009094,4.575221873,2.51,2.653611817
2021-03-26 02:00:00,2.47,2.911378049,2.081,2.496885773,2.709620597,3.147539639,2.393,2.718676039
2021-03-26 03:00:00,2.286,2.589661941,2.081,2.310853544,2.57568411,3.11339047,2.382,2.086
2021-03-26 04:00:00,2.242,2.643531269,2.081,2.266593425,2.600756342,2.85719521,2.417,2.79918325
2021-03-26 05:00:00,2.508,4.489882198,2.135601619,3.468208627,3.06072395,3.462621332,2.752,2.086
2021-03-26 06:00:00,3.538,3.892580288,2.631073425,3.337597841,3.720786092,4.330581514,2.99,3.193067808
2021-03-26 07:00:00,4.142,3.959225702,2.081,3.395042496,3.785353592,4.404589341,4.272,3.594410612
2021-03-26 08:00:00,4.095,4.681350543,3.161627548,3.253285187,4.474738173,5.060851305,6.802,4.607037926
2021-03-26 09:00:00,4.08,5.104585195,3.470802869,4.153383313,5.678237109,6.030003633,8.356,5.610460183
2021-03-26 10:00:00,4.325,5.769359701,3.50913268,4.950350243,5.515735066,5.147382288,9.097,6.076598423
2021-03-26 11:00:00,4.515,6.322547233,4.394128046,5.423180361,6.043679497,6.835122703,9.439,6.680150561
2021-03-26 12:00:00,4.865,6.670282314,4.509597117,5.21875477,7.792643639,6.846023093,9.317,6.569549881
2021-03-26 13:00:00,4.91,7.544395633,4.96370077,6.290702822,7.019123217,7.985896878,9.022,4.500156802
2021-03-26 14:00:00,4.613,6.402397297,4.448578539,5.662095153,6.310883914,7.137090253,8.346,6.351052551
2021-03-26 15:00:00,4.574,5.832677811,3.942346885,4.242329782,5.576937438,6.306143708,8.217,5.936561789
2021-03-26 16:00:00,4.546,5.836341548,4.380622835,5.005188089,5.578648902,6.309105329,7.166,6.323757061
2021-03-26 17:00:00,4.735,5.889997443,5.791531007,5.018844367,5.629924963,6.367350567,6.1,5.282427491
2021-03-26 18:00:00,5.642,6.369716761,4.305593078,5.159095341,6.088848872,6.885897772,5.961,8.02315
2021-03-26 19:00:00,6.7,7.909166475,6.608649523,6.815115825,8.321010547,8.2239609,5.817,5.215449307
2021-03-26 20:00:00,7.398,8.735788344,5.904926229,7.491802769,8.35015819,8.92973602,5.453,4.955734307
2021-03-26 21:00:00,6.915,8.23851053,5.503146749,7.172957338,7.802552477,8.823688871,4.552,4.689241454
2021-03-26 22:00:00,5.939,6.537016924,4.418669395,5.544458879,6.255191572,6.701113352,4.118,4.10467786
2021-03-26 23:00:00,4.616,5.793399714,4.208633779,5.652693048,3.714357849,6.262515114,3.359,3.440627949
2021-03-27 00:00:00,3.718,4.152041896,2.963915514,3.760385414,4.191574695,4.440213099,3.189,2.086
2021-03-27 01:00:00,3.146,2.817396202,2.513376427,4.651272924,3.540420788,4.007770905,2.928,2.813237136
2021-03-27 02:00:00,2.518,4.232555049,2.085183309,2.650404928,2.954221119,3.342317166,2.975,2.086
2021-03-27 03:00:00,2.418,2.871925194,2.081,2.375249733,3.150580878,2.92947379,2.77,2.219852124
2021-03-27 04:00:00,2.081,2.81638365,2.081,2.365183903,2.643835567,3.044637524,2.734,3.122027506
2021-03-27 05:00:00,2.288,3.306688888,2.206008717,2.473865419,3.459237979,3.527508508,3.07,2.966643001
2021-03-27 06:00:00,3.157,3.967230945,2.518994887,2.85785529,3.559633975,4.028709004,2.806,2.086
2021-03-27 07:00:00,2.936,2.702780426,2.341780172,2.370302357,3.311588929,4.234434818,3.356,3.595808295
2021-03-27 08:00:00,3.875,4.571342294,3.089997801,3.894671434,4.36951091,4.941508354,3.818,4.364424764
2021-03-27 09:00:00,4.182,5.134634069,3.478158078,4.221902307,6.039072034,5.53151614,4.604,5.113047112
2021-03-27 10:00:00,5.122,6.040874961,4.084207923,5.180331372,5.771703533,6.530722938,5.2,5.989603744
2021-03-27 11:00:00,5.725,6.750211714,4.563849143,5.790583353,6.454506609,7.299063278,5.89,6.540090456
2021-03-27 12:00:00,5.988,6.573789671,4.773324513,7.110629286,6.756467353,7.634107391,5.686,6.276058224
2021-03-27 13:00:00,6.815,8.037387986,5.432903148,6.892802295,6.93454377,8.688968547,5.585,6.261352966
2021-03-27 14:00:00,6.017,7.09586894,4.3638243,6.08757767,6.783126585,7.670945561,5.785,6.65275974
2021-03-27 15:00:00,5.054,5.960360088,4.028414104,5.110949532,5.723620806,6.442941649,5.392,6.086180824
2021-03-27 16:00:00,5.068,6.708807698,3.896268111,4.548197672,5.722591364,6.423165985,5.244,3.065376125
2021-03-27 17:00:00,5.038,5.9391573,4.016732025,5.138037259,5.680049258,6.477547532,4.476,5.016658292
2021-03-27 18:00:00,5.19,6.123533256,4.130226118,5.250816862,5.852519877,6.619090097,4.813,5.152528047
2021-03-27 19:00:00,6.309,8.191477609,5.435952782,7.036540512,7.407906765,8.693589203,4.756,5.227593026
2021-03-27 20:00:00,7.31,7.95478494,5.964170178,7.567871118,8.41777667,8.670895178,4.752,2.515416503
2021-03-27 21:00:00,6.492,8.20678655,6.517073124,7.514505874,8.846119645,8.745683643,4.491,4.579028645
2021-03-27 22:00:00,5.134,6.06063069,4.094723044,5.198826899,5.794648932,6.45761999,4.358,3.862342133
2021-03-27 23:00:00,4.337,6.897279124,3.896384139,4.943449297,5.50982909,6.65151576,3.378,2.086
2021-03-28 00:00:00,3.718,4.456543251,3.014423774,3.321888559,4.262668125,4.82066669,2.913,3.116666044
2021-03-28 01:00:00,3.146,5.1589059,2.307377138,3.248483073,3.564086359,4.743500261,2.76,2.821328137
2021-03-28 02:00:00,2.518,4.789320632,2.140222201,2.7157102,3.232303848,3.422870486,2.649,2.086
2021-03-28 03:00:00,2.418,3.380689956,2.081,2.520941303,2.80862505,3.176701745,2.699,2.086
2021-03-28 04:00:00,2.081,2.879389225,2.081,2.469300397,2.4389384,3.112745147,2.994,3.24809542
2021-03-28 05:00:00,2.288,3.411071308,2.133301374,2.787052438,3.107530563,3.514571033,3.128,3.17136522
2021-03-28 06:00:00,3.157,3.867918264,2.615219317,3.316917794,4.689901414,3.887065808,2.926,3.537776641
2021-03-28 07:00:00,2.936,3.92914194,2.558106297,3.362522136,3.680565704,4.238809963,3.393,3.852971278
2021-03-28 08:00:00,3.875,4.63312078,3.020813297,3.973295162,4.045689318,5.008646235,3.799,4.222888784
2021-03-28 09:00:00,4.182,4.971106745,3.334608795,4.238527696,4.752607511,5.375007973,4.044,6.25477428
2021-03-28 10:00:00,5.122,5.692802321,3.899742291,4.879901276,5.43905015,6.151492575,4.618,5.6833
2021-03-28 11:00:00,5.725,6.337050936,4.212273824,5.551263567,5.937583937,6.725747046,4.546,4.269755845
2021-03-28 12:00:00,5.988,6.568187191,4.439025818,5.399949542,6.277638333,7.10709327,4.704,6.814438982
2021-03-28 13:00:00,6.815,7.225154597,4.883482036,6.196447565,7.039826704,9.020990256,4.784,6.346032682
2021-03-28 14:00:00,6.017,6.467435243,4.371830857,5.542820598,6.182463213,7.731295355,4.942,6.629265271
2021-03-28 15:00:00,5.054,5.594248951,3.493825482,4.905741229,5.49902345,6.048024763,4.356,6.00997429
2021-03-28 16:00:00,5.068,5.580417094,3.77198792,5.221592301,5.336103534,5.628378489,4.406,5.745301852
2021-03-28 17:00:00,5.038,5.601325823,4.24136342,4.807708885,5.308858965,6.056483007,4.256,6.257539358
2021-03-28 18:00:00,5.19,6.103058554,4.122416325,5.233939259,5.06034474,6.597438598,4.432,5.547812464
2021-03-28 19:00:00,6.309,7.815543451,5.457338211,6.702547136,7.470600605,8.520716736,4.363,4.922624045
2021-03-28 20:00:00,7.31,8.626382317,5.830960637,7.391244002,8.245452645,9.1375,3.73,4.393042209
2021-03-28 21:00:00,6.492,6.822699766,5.177941889,6.569422068,7.885473578,8.271994969,3.73,2.628041685
2021-03-28 22:00:00,5.134,6.138316493,3.18448992,5.262431962,5.869860633,6.627279328,3.198,3.541226696
2021-03-28 23:00:00,4.337,5.440999378,3.677753637,4.666155605,4.342455212,5.882073734,2.952,3.228965942
2021-03-29 00:00:00,3.564,3.413427331,3.256260735,3.555301781,4.016966725,4.547716427,2.606,2.841901611
2021-03-29 01:00:00,2.891,3.381889091,2.081,2.878838846,3.258423663,3.683863879,2.403,2.179163877
2021-03-29 02:00:00,2.47,2.909303289,2.081,2.49436106,2.781178979,2.840133563,2.546,2.642413554
2021-03-29 03:00:00,2.286,2.681152228,2.081,2.596526228,2.653095978,4.181031231,2.583,2.876882189
2021-03-29 04:00:00,2.242,2.638684531,2.081,2.262875951,2.475979723,3.425695677,2.829,3.020505858
2021-03-29 05:00:00,2.508,2.951611232,2.081,2.529572151,2.821300142,3.19090207,3.01,3.320868258
2021-03-29 06:00:00,3.538,5.707713428,2.651875353,3.957030838,4.319817544,4.146882799,3.96,2.086
2021-03-29 07:00:00,4.142,4.308032091,2.91274422,3.576447938,4.452747081,4.664759707,6.515,4.629029152
2021-03-29 08:00:00,4.095,4.562728617,3.084367872,5.182552804,4.393347662,4.93268768,8.089,5.363822905
2021-03-29 09:00:00,4.08,4.80320291,3.291857655,4.119081444,4.591059985,5.192377127,8.588,7.187255899
2021-03-29 10:00:00,4.325,5.387433971,3.641675676,4.620408467,5.149275099,5.824177701,8.556,8.394801602
2021-03-29 11:00:00,4.515,5.825080151,3.937436675,4.804657967,5.478301062,6.297266533,8.244,7.88145152
2021-03-29 12:00:00,4.865,6.183680011,3.778432942,5.254189705,5.910673171,6.196082997,8.174,7.420929715
2021-03-29 13:00:00,4.91,6.626256587,4.478996922,5.67890789,6.333409616,7.163667785,7.289,6.723590708
2021-03-29 14:00:00,4.613,6.006218781,5.180692867,5.152933094,5.740126031,6.49293266,6.665,6.806059415
2021-03-29 15:00:00,4.574,5.489821479,3.71903414,4.610505775,5.158074167,5.934684791,5.829,5.980211429
2021-03-29 16:00:00,4.546,5.16930693,3.696990363,4.690753548,5.227602395,5.891566606,5.388,6.552509998
2021-03-29 17:00:00,4.735,5.813060244,3.7710757,4.748812158,5.33262079,6.031483339,4.808,3.536534723
2021-03-29 18:00:00,5.642,6.252157309,4.282216664,5.432870855,5.953711914,6.842903538,4.578,2.225065744
2021-03-29 19:00:00,6.7,7.89209916,5.400105185,7.55189689,7.551619787,8.533748829,4.183,5.316094792
2021-03-29 20:00:00,7.398,8.631154624,5.851168863,7.291404029,8.274176597,9.2475,3.575,4.143538085
2021-03-29 21:00:00,6.915,8.123035533,5.50200601,7.49657028,7.478273689,8.457780294,3.416,4.356995362
2021-03-29 22:00:00,5.939,6.503811427,4.134112423,5.579029858,6.217597191,6.765798605,2.781,3.326573879
2021-03-29 23:00:00,4.616,5.600570486,3.675917917,4.658633599,4.161128423,5.878968971,2.656,3.041194532
2021-03-30 00:00:00,3.564,4.207727967,2.837543734,3.600046155,4.214890965,4.539185148,2.62,2.885264856
2021-03-30 01:00:00,2.891,3.40592104,2.17764843,2.920983448,3.255871246,3.682326804,2.392,2.695167054
2021-03-30 02:00:00,2.47,4.251822977,2.081,3.826355623,3.09577709,3.128082999,2.524,2.086
2021-03-30 03:00:00,2.286,2.813156917,2.081,2.311857407,3.01880616,2.915211463,2.652,4.173891081
2021-03-30 04:00:00,2.242,2.643760519,2.081,2.268772643,2.528899653,2.867225898,2.679,3.03050701
2021-03-30 05:00:00,2.508,2.081,2.081,2.540318203,2.830759178,3.022225229,2.952,3.262632001
2021-03-30 06:00:00,3.538,4.179139084,2.824662816,3.583137849,3.994342197,4.515453367,4.104,4.1857501
2021-03-30 07:00:00,4.142,4.893281799,3.307362939,4.244295911,4.677862032,5.289831721,5.911,5.609683603
2021-03-30 08:00:00,4.095,4.833723569,3.27147318,3.71535677,4.617826658,5.168393684,7.43,6.811984957
2021-03-30 09:00:00,4.08,4.954203248,3.259996803,4.134590719,4.610153175,5.34770539,8.05,6.993837629
2021-03-30 10:00:00,4.325,5.154882695,3.456311095,4.368845001,4.50268921,5.528658329,8.264,8.844668131
2021-03-30 11:00:00,4.515,5.335468541,3.608536914,4.578137451,5.102788864,5.771187351,7.572,8.228654339
2021-03-30 12:00:00,4.865,5.568846607,4.083630473,4.93269015,5.49833049,6.123722647,7.583,6.617586217
2021-03-30 13:00:00,4.91,5.709032193,3.92349445,4.979437476,5.549189744,6.277808356,6.636,7.235703297
2021-03-30 14:00:00,4.613,5.453461911,3.590599912,4.678856942,4.185357279,5.629889524,6.402,6.744141798
2021-03-30 15:00:00,4.574,5.217767761,3.237530427,5.059358587,5.169581275,5.848699141,5.474,5.981691725
2021-03-30 16:00:00,4.546,4.874413158,3.445630451,4.697525329,4.089202036,5.807820973,5.064,5.598795441
2021-03-30 17:00:00,4.735,5.600713864,3.559855368,4.80306536,5.789094293,6.055017163,4.678,5.257765901
2021-03-30 18:00:00,5.642,6.670220976,4.244331297,5.720512798,7.060719446,6.730479369,4.946,5.198170306
2021-03-30 19:00:00,6.7,7.983818652,5.352975108,6.791207332,7.568949408,8.561193576,4.648,2.591667338
2021-03-30 20:00:00,7.398,8.745529032,5.91151603,6.581306756,8.359348346,9.2475,3.929,4.220910343
2021-03-30 21:00:00,6.915,8.006136179,5.41169051,6.865933179,7.247867207,8.655046724,3.819,4.17252593
2021-03-30 22:00:00,5.939,6.880168747,4.668221936,5.900343154,6.578314058,8.169097213,2.974,3.285586473
2021-03-30 23:00:00,4.616,5.457583942,3.306231137,4.680380182,5.217303344,5.976285483,2.542,2.718803415
2021-03-31 00:00:00,3.564,4.107931664,2.838994065,3.614911681,5.301968809,4.556179432,2.403,2.82605777
2021-03-31 01:00:00,2.891,2.558382711,2.346893521,2.977564101,2.820465748,3.79522482,2.39,2.086
2021-03-31 02:00:00,2.47,3.078803277,2.081224481,2.943248936,2.943062393,3.272730419,2.335,2.720549915
2021-03-31 03:00:00,2.286,2.769408284,2.081,2.375125744,2.647283067,2.993631204,2.365,2.743217966
2021-03-31 04:00:00,2.242,2.709491337,2.081,2.324598603,2.589871801,2.929408056,2.531,2.921553177
2021-03-31 05:00:00,2.508,2.985417279,2.081,2.561890366,2.081,3.22744186,2.962,3.454211793
2021-03-31 06:00:00,3.538,4.960956702,3.01667551,3.582607021,3.959893597,4.273098618,4.007,4.054301489
2021-03-31 07:00:00,4.142,4.892101835,3.307665485,4.196516976,4.677343563,5.250937302,5.739,6.141621108
2021-03-31 08:00:00,4.095,4.837412432,2.081,4.149001261,4.325254523,4.624062969,6.634,7.223805088
2021-03-31 09:00:00,4.08,4.888147316,3.26585254,4.140848592,4.615010336,5.219515045,7.316,7.956493626
2021-03-31 10:00:00,4.325,4.265162599,3.451812778,4.379354653,4.878483133,6.151811042,7.365,7.128810029
2021-03-31 11:00:00,4.515,5.036136312,3.602968237,4.571288178,5.094901354,5.760101977,7.08,6.627641563
2021-03-31 12:00:00,4.865,5.388102748,3.882154723,4.925382212,5.490115077,6.208855873,6.966,7.567931326
2021-03-31 13:00:00,4.91,5.796346509,3.917153409,4.969128539,5.540190028,6.26589954,6.832,7.36716875
2021-03-31 14:00:00,4.613,5.445252244,3.680482825,4.669935091,5.205133352,5.886736589,6.076,6.109985831
2021-03-31 15:00:00,4.574,6.053402504,3.649832878,5.314829209,6.317947498,5.836823563,5.126,5.369219657
2021-03-31 16:00:00,4.546,5.3661116,3.924562534,4.518050441,5.129169213,5.800421426,4.744,5.086900733
2021-03-31 17:00:00,4.735,5.587535172,3.771940943,4.289381345,5.340237465,6.040396849,4.478,4.844840994
2021-03-31 18:00:00,5.642,6.624212364,4.502036732,4.932322621,7.553734504,7.198869652,4.527,4.680018472
2021-03-31 19:00:00,6.7,7.336760548,5.064781106,7.140660967,7.013544548,7.931123355,4.348,4.507060514
2021-03-31 20:00:00,7.398,8.69175499,4.995435947,7.487781425,8.355258156,9.2475,3.584,3.996965912
2021-03-31 21:00:00,6.915,8.167110165,5.5485,6.997147449,7.511815391,8.822728233,3.492,3.919714981
2021-03-31 22:00:00,5.939,7.748157245,4.776192664,6.010501675,6.699888825,7.577537105,2.672,2.086
2021-03-31 23:00:00,4.616,5.447979765,4.004465269,4.73214357,5.207480556,5.891199096,2.252,2.744536045
2021-04-01 00:00:00,3.413,4.198309023,2.851320094,3.60049583,4.013077956,4.538691261,2.372,3.20977603
2021-04-01 01:00:00,2.944,3.527454541,2.385787675,3.073557341,3.372340853,4.198196777,2.291,2.383577223
2021-04-01 02:00:00,2.66,3.139623033,2.121731396,2.692521885,3.000266201,3.394054565,2.16,2.448105554
2021-04-01 03:00:00,2.212,2.880221885,2.081,2.471120044,2.753035708,3.121238389,2.086,2.38825395
2021-04-01 04:00:00,2.156,2.844360462,2.62174369,2.515514254,2.707532109,3.062066415,2.216,2.699238872
2021-04-01 05:00:00,2.192,3.863278205,2.081,2.581910633,2.822238013,3.253000122,2.498,2.809181181
2021-04-01 06:00:00,2.21,3.45399292,2.602846904,3.305570315,3.684313603,5.790001022,3.15,3.180481876
2021-04-01 07:00:00,3.006,4.871961065,3.293247972,4.239743401,4.656990044,6.450489713,3.706,5.786570228
2021-04-01 08:00:00,3.431,4.673215667,3.16117094,3.943816838,4.46379497,5.056924852,3.826,5.984750344
2021-04-01 09:00:00,4.058,4.75032155,3.796884679,3.722692781,3.929451657,4.503617267,4.18,6.64379358
2021-04-01 10:00:00,4.51,6.161081549,3.384901248,4.357223421,4.490385709,5.34650914,4.432,5.238536895
2021-04-01 11:00:00,5.838,6.331547446,3.602348826,4.423142021,5.077541204,5.575696856,4.529,5.728044837
2021-04-01 12:00:00,5.368,5.558695536,3.757340921,4.766510571,5.522354741,6.009258923,4.726,5.4349
2021-04-01 13:00:00,5.953,5.605686332,3.746907797,4.802676298,5.352761612,6.052898966,4.544,6.19818402
2021-04-01 14:00:00,5.13,5.251090691,3.374741653,4.492467103,5.006501995,5.662526199,4.578,5.096213451
2021-04-01 15:00:00,4.999,5.184746443,3.504311877,4.446818403,4.955781453,5.847869112,4.094,4.930344005
2021-04-01 16:00:00,4.309,5.179764778,3.5061606,4.854884427,4.958520789,5.423873037,4.191,4.791739918
2021-04-01 17:00:00,4.519,5.344721023,3.613066285,3.290385342,5.032320954,5.778450627,4.159,4.593813563
2021-04-01 18:00:00,4.264,6.439719803,4.43325913,5.522645263,6.147563522,6.961582442,4.004,4.795363092
2021-04-01 19:00:00,4.354,6.69690645,4.526639346,5.725501549,6.401360487,7.23936775,3.892,5.446994192
2021-04-01 20:00:00,5.842,7.5475,5.423712841,7.267097453,7.5475,7.5475,3.713,4.176431865
2021-04-01 21:00:00,6.038,7.893951553,5.336318832,6.766186464,7.545260162,8.534719999,3.718,4.214193109
2021-04-01 22:00:00,5.249,6.740419133,4.556175973,5.780744502,6.25045127,7.286819406,3.044,3.242696446
2021-04-01 23:00:00,4.332,4.69363699,2.900700445,4.457335751,5.069901353,5.618621383,2.666,2.707291245
2021-04-02 00:00:00,3.386,4.621743473,3.30166998,3.46041227,3.85690219,4.321739445,2.519,2.612157134
2021-04-02 01:00:00,2.768,3.288786873,2.224429925,3.202644377,3.52451265,3.549915954,2.26,2.533348412
2021-04-02 02:00:00,2.546,2.83223384,2.081,2.427469576,2.705962225,3.061801407,2.342,2.490954108
2021-04-02 03:00:00,2.245,2.670612243,2.081,2.2902578,2.760057335,2.892590157,2.464,2.60062898
2021-04-02 04:00:00,2.206,2.624607443,2.081,2.250813039,2.505621457,3.669293204,2.85,3.304553677
2021-04-02 05:00:00,2.298,2.395246172,2.081,2.403027724,3.504039124,2.954835597,2.898,3.0535722
2021-04-02 06:00:00,2.859,3.395655358,2.295377151,2.913710853,3.242291303,3.670812507,4.118,3.533944835
2021-04-02 07:00:00,3.853,4.568848877,2.531842795,3.82030568,4.367168115,4.939186466,6.47,4.59924766
2021-04-02 08:00:00,3.692,4.23516501,4.115720191,3.63275273,4.049785053,4.547956865,7.838,5.589646827
2021-04-02 09:00:00,3.789,4.340719606,3.057477471,3.898599661,4.295472814,4.857860912,8.164,7.232005144
2021-04-02 10:00:00,3.987,4.73203157,2.978958425,4.629086083,4.523973873,5.1159265,8.402,6.614693087
2021-04-02 11:00:00,4.453,4.9206842,3.345248174,4.244337142,4.730499297,5.35435207,8.272,6.33232711
2021-04-02 12:00:00,4.674,5.344034748,3.628807738,4.5415812,5.106576307,5.775669341,8.112,6.431985428
2021-04-02 13:00:00,5.006,5.389729965,3.643085342,4.622084673,5.057985146,5.826496762,7.29,6.174728661
2021-04-02 14:00:00,4.552,5.027282303,3.520743866,4.316862718,4.812397404,5.442745735,6.483,5.287460622
2021-04-02 15:00:00,4.409,5.753697439,3.37304739,4.260578223,4.765292871,5.389619275,6.071,3.016140474
2021-04-02 16:00:00,4.344,5.156027609,3.406242214,3.858688456,4.813983482,5.44856871,5.421,4.717593199
2021-04-02 17:00:00,4.364,5.164147748,3.650679816,4.431393836,4.648148851,6.612867103,5.337,4.83045735
2021-04-02 18:00:00,4.598,6.239597961,4.217377226,5.331514817,4.274494956,6.744929883,5.15,4.839222748
2021-04-02 19:00:00,5.112,6.036481308,4.086177042,5.177210842,5.769269758,6.525714976,4.875,5.160860979
2021-04-02 20:00:00,6.32,7.703623473,5.615270133,7.123997716,7.873002192,7.9,4.517,4.616035702
2021-04-02 21:00:00,6.192,7.735668574,5.229062767,6.634156999,7.424825948,8.362686492,4.414,4.644279379
2021-04-02 22:00:00,5.378,6.583160535,4.449905901,5.642491896,6.292721254,7.116969219,3.431,3.762126482
2021-04-02 23:00:00,4.451,4.307047602,3.431928962,4.414169584,4.853075924,5.488711056,3.02,3.262130084
2021-04-03 00:00:00,3.413,4.039285189,2.730365633,3.464176921,3.825056739,4.275229399,2.883,3.114783992
2021-04-03 01:00:00,2.944,3.203171671,2.16543848,2.613728746,3.062009111,3.324159747,2.828,3.570045745
2021-04-03 02:00:00,2.66,2.863754322,2.081,2.45584106,2.737252294,3.095738717,2.707,2.904666551
2021-04-03 03:00:00,2.212,2.592801867,2.081,2.081,2.251155458,2.803005082,2.648,2.914646123
2021-04-03 04:00:00,2.156,2.184590819,2.081,2.187478508,2.43805321,2.758574812,3.172,4.227689958
2021-04-03 05:00:00,2.192,2.663361177,2.081,2.276302479,2.19600618,2.87915843,3.031,3.277809599
2021-04-03 06:00:00,2.21,3.417533237,2.081,2.856726028,2.778329351,3.599933925,3.088,3.409865
2021-04-03 07:00:00,3.006,4.506291981,3.047871325,3.875102149,4.308799979,4.654297651,3.507,3.99610615
2021-04-03 08:00:00,3.431,4.533083896,2.731359515,3.465356588,3.862752587,4.368600883,4.337,4.920092268
2021-04-03 09:00:00,4.058,3.350069086,3.208272573,4.043367065,4.246749758,4.80080302,4.515,5.138291803
2021-04-03 10:00:00,4.51,4.67079627,3.183730999,4.039274556,4.477006014,5.141902726,5.38,6.187
2021-04-03 11:00:00,5.838,5.261074034,3.55544873,4.512908369,5.02847284,5.687163276,5.098,5.662199767
2021-04-03 12:00:00,5.368,5.521231307,3.731972704,4.734821683,5.2776029,5.964324131,5.274,5.883642308
2021-04-03 13:00:00,5.953,5.879187632,3.998008115,5.549281673,5.652814704,6.396284456,4.845,3.791934328
2021-04-03 14:00:00,5.13,4.416126087,3.635413376,5.933855449,6.266148149,5.814683928,4.151,4.251781191
2021-04-03 15:00:00,4.999,5.210710389,3.52217847,4.467968984,4.980212957,5.815963797,4.169,4.788598782
2021-04-03 16:00:00,4.309,4.500111437,3.116850717,4.437175154,4.857285509,6.384910249,4.012,4.844097337
2021-04-03 17:00:00,4.519,5.160524735,3.487821636,3.905763338,5.367122301,5.578770871,4.29,4.724267101
2021-04-03 18:00:00,4.264,5.062821681,3.674521992,4.661821398,5.19611368,5.880187913,4.466,4.708571112
2021-04-03 19:00:00,4.354,6.039461824,4.840194187,5.177401412,5.772651962,6.529000804,4.833,4.958836859
2021-04-03 20:00:00,5.842,7.468827517,5.048494773,6.403435537,7.138944219,7.5475,4.467,4.535438751
2021-04-03 21:00:00,6.038,7.31810089,4.898078944,6.247336829,6.992792825,7.911301401,4.443,4.354225045
2021-04-03 22:00:00,5.249,6.357294886,4.297199371,5.155005941,6.07375863,6.872538673,3.362,3.130491447
2021-04-03 23:00:00,4.332,5.114228171,3.455145589,4.385898757,4.887189664,5.528684656,2.855,3.159052571
2021-04-04 00:00:00,3.413,4.02769219,2.722719771,3.454016312,3.849938329,4.354188363,2.586,2.957168654
2021-04-04 01:00:00,2.944,3.244859341,2.081,2.350544178,3.109988254,4.124612077,2.464,2.933856995
2021-04-04 02:00:00,2.66,3.010346548,2.081,3.856934704,2.8898326,3.268302063,2.399,2.556976201
2021-04-04 03:00:00,2.212,2.546818312,2.081,2.265670441,2.527909057,2.859098446,2.374,2.086
2021-04-04 04:00:00,2.156,2.347970093,2.081,2.232429695,2.487068846,2.81285004,2.783,2.926097491
2021-04-04 05:00:00,2.192,2.71420554,2.081,2.999970684,2.081,4.400973282,2.808,3.065943144
2021-04-04 06:00:00,2.21,3.892250145,2.081,3.566196943,3.229945921,3.65240875,2.574,2.086
2021-04-04 07:00:00,3.006,4.534860759,3.077108273,3.88946057,4.411399552,4.919959571,2.966,4.284498885
2021-04-04 08:00:00,3.431,4.148151422,2.803797207,3.55729356,3.965027323,4.471968058,3.275,5.33882626
2021-04-04 09:00:00,4.058,4.470206518,3.024283121,4.528690813,4.276448226,4.492999731,3.707,6.031674909
2021-04-04 10:00:00,4.51,4.715838232,3.005531572,4.043753323,4.507072823,5.097714709,4.29,5.1796
2021-04-04 11:00:00,5.838,5.264584331,3.558222081,3.669778993,5.055438905,6.628957231,4.268,6.07326896
2021-04-04 12:00:00,5.368,5.522767076,3.733974916,4.737426048,5.290285177,5.971885825,4.414,6.281836903
2021-04-04 13:00:00,5.953,7.202708313,4.509851817,5.091095173,5.66042083,6.405907966,4.262,3.555916463
2021-04-04 14:00:00,5.13,5.378357366,4.232063386,4.612462077,5.24844038,5.814836671,4.504,4.985342616
2021-04-04 15:00:00,4.999,5.208972249,2.197308868,4.606442456,4.979952474,5.631178908,4.022,4.933740685
2021-04-04 16:00:00,4.309,5.087837939,3.439818957,4.616282335,4.864211346,5.50139017,3.829,6.290641496
2021-04-04 17:00:00,4.519,4.93887345,3.225019377,4.414895299,4.916941976,6.096328442,3.958,4.971332164
2021-04-04 18:00:00,4.264,5.459603661,3.718412106,4.657161197,5.190596736,5.66914968,3.984,4.879149891
2021-04-04 19:00:00,4.354,6.028908215,4.075212476,5.170302287,5.234229263,6.959692351,3.972,4.845112093
2021-04-04 20:00:00,5.842,7.461457417,5.043343198,6.397952916,6.844030411,7.5475,3.766,4.011374465
2021-04-04 21:00:00,6.038,7.152312559,4.230491475,6.274414389,6.449246918,7.860391145,3.867,3.969094524
2021-04-04 22:00:00,5.249,6.34868067,3.53141502,7.231686547,6.070408943,6.863278092,3.287,3.368512095
2021-04-04 23:00:00,4.332,5.254224173,3.949397968,4.415663353,4.920946438,5.566540508,2.858,3.068206287
2021-04-05 00:00:00,3.386,4.002634472,2.70546662,3.432453665,3.825858741,4.326637146,2.716,2.767156672
2021-04-05 01:00:00,2.768,5.08097468,2.210064105,2.330951058,3.132361608,4.022986571,2.642,2.086
2021-04-05 02:00:00,2.546,3.005858533,2.081,2.577431203,2.873128321,3.248772492,2.442,2.757181121
2021-04-05 03:00:00,2.245,2.081,2.081,2.081,2.189812185,2.923523691,2.499,2.667467538
2021-04-05 04:00:00,2.206,2.604183973,2.081,2.081,2.489240807,2.829075112,2.736,2.87932433
2021-04-05 05:00:00,2.298,4.042865917,2.081,2.326257019,2.592812873,2.931117462,2.918,2.346179278
2021-04-05 06:00:00,2.859,4.024355514,2.280926342,2.897487834,3.547563381,3.339878615,4.0,3.53328533
2021-04-05 07:00:00,3.853,4.548997965,2.473054758,3.986119839,4.347342197,4.915841542,6.353,4.957217658
2021-04-05 08:00:00,3.692,4.280534402,3.279057504,3.670218916,4.090746672,4.626624657,7.652,6.097395133
2021-04-05 09:00:00,3.789,5.182400905,3.022643341,3.834555882,4.273512746,4.833279335,8.092,4.527095184
2021-04-05 10:00:00,3.987,4.703107057,3.573071989,3.492721241,4.631037163,4.537802464,8.382,7.36654785
2021-04-05 11:00:00,4.453,5.254882666,3.551933095,4.50583015,5.022905825,5.677171019,8.055,6.895174442
2021-04-05 12:00:00,4.674,5.708757897,4.559627563,4.730125647,5.277310017,6.795532483,7.688,6.768210452
2021-04-05 13:00:00,5.006,5.907553394,3.991299585,5.066034898,5.647040375,6.380572579,7.222,6.538837306
2021-04-05 14:00:00,4.552,5.38583076,3.63085473,4.848863346,5.06238565,5.803113991,6.5,5.573683109
2021-04-05 15:00:00,4.409,5.079780751,3.516798256,4.875371617,4.97305421,5.799596283,6.219,5.576637826
2021-04-05 16:00:00,4.344,5.107214269,3.449063247,4.374813201,4.876128067,5.516248249,5.452,5.518960255
2021-04-05 17:00:00,4.364,5.144097285,3.476801821,4.336661695,4.922205383,5.566935317,5.225,5.42417107
2021-04-05 18:00:00,4.598,5.503623182,3.682004625,4.652980388,5.185183211,5.867105299,4.823,5.119036034
2021-04-05 19:00:00,5.112,6.384087405,4.099240146,5.173091206,6.345621139,6.547281595,4.595,5.044191533
2021-04-05 20:00:00,6.32,7.457759722,4.127268716,6.389590398,7.124910213,7.9,4.026,4.417745152
2021-04-05 21:00:00,6.192,7.291902296,4.942071867,6.435897314,6.288589933,7.507339518,3.499,4.266922416
2021-04-05 22:00:00,5.378,6.380699237,4.289392841,5.442137476,6.065759053,6.860207871,2.65,3.724968267
2021-04-05 23:00:00,4.451,5.58836577,3.499363849,3.666096245,4.948419038,5.596579738,2.738,2.148064564
2021-04-06 00:00:00,3.386,3.997277173,2.701272088,3.429479559,3.820415222,4.321863321,2.521,2.790597441
2021-04-06 01:00:00,2.768,3.26670689,2.851117293,2.803507156,3.122666084,4.680708868,2.422,2.892503198
2021-04-06 02:00:00,2.546,2.985926847,2.081,4.634512612,2.872076241,2.29815517,2.41,3.551789906
2021-04-06 03:00:00,2.245,2.482725467,3.121895283,2.254246796,2.532542696,2.864189673,2.379,2.563944741
2021-04-06 04:00:00,2.206,2.081,2.081,2.259756205,2.543113715,2.81159254,2.55,2.086
2021-04-06 05:00:00,2.298,2.832356291,2.081,2.325750316,2.766669583,2.931837457,2.809,3.299150323
2021-04-06 06:00:00,2.859,3.373958845,2.281413976,2.89351619,3.224941432,3.647488603,3.816,4.384396088
2021-04-06 07:00:00,3.853,4.59346095,3.073507704,3.798619107,4.346192716,4.915576494,5.332,5.675403032
2021-04-06 08:00:00,3.692,4.824299429,2.942876207,3.734985716,4.163182536,4.708168001,6.529,6.089862035
2021-04-06 09:00:00,3.789,4.47054624,3.021779987,3.834632616,4.273999256,4.833775848,7.166,7.756484816
2021-04-06 10:00:00,3.987,4.705005689,2.804906739,4.034967212,4.497624812,5.08639155,7.664,8.323409496
2021-04-06 11:00:00,4.453,5.254950577,3.551923431,4.971596899,3.959560232,5.685123005,7.185,8.691021962
2021-04-06 12:00:00,4.674,5.516243216,3.6252617,5.21347462,5.271680981,5.847689871,7.097,7.586083158
2021-04-06 13:00:00,5.006,5.907420543,4.616203075,5.064775451,5.10461474,6.419985588,6.677,7.187417447
2021-04-06 14:00:00,4.552,5.372008814,3.912499624,4.606532181,5.1277602,5.821712193,5.974,7.924644273
2021-04-06 15:00:00,4.409,5.208472326,3.518486258,4.461902335,4.97328035,5.62470399,5.802,5.871327007
2021-04-06 16:00:00,4.344,5.115137884,3.457485586,4.386576849,4.889100822,5.529612991,5.569,5.911711675
2021-04-06 17:00:00,4.364,5.150760919,4.10404326,4.416029107,5.403261965,5.567115486,5.244,5.734164297
2021-04-06 18:00:00,4.598,5.425813939,3.915129396,4.653102024,5.185919916,5.228495045,4.816,6.04478083
2021-04-06 19:00:00,5.112,6.032329141,4.077575551,5.173253435,5.419385146,6.521379707,4.656,5.039063857
2021-04-06 20:00:00,6.32,7.9,5.041084822,6.395759951,7.128641969,7.9,3.981,4.328464116
2021-04-06 21:00:00,6.192,7.307090358,5.963961593,6.266203467,6.981265982,7.898987342,3.708,3.9325973
2021-04-06 22:00:00,5.378,6.598211406,4.289717782,5.442357753,6.065961358,6.860486859,2.771,3.124610329
2021-04-06 23:00:00,4.451,5.339199264,3.548830229,4.502495302,5.018365872,5.675726528,2.64,4.306570536
2021-04-07 00:00:00,3.386,3.995510273,2.744184612,3.606706849,3.819606014,4.43303007,2.498,2.825234211
2021-04-07 01:00:00,2.768,3.266484614,3.529042388,3.396920433,2.281435298,3.530743476,2.444,2.701796232
2021-04-07 02:00:00,2.546,2.229625798,2.081,2.081,2.871839389,4.142078145,2.404,2.579402629
2021-04-07 03:00:00,2.245,2.649248652,2.081,2.27220647,2.536795699,2.863847441,2.619,2.699138304
2021-04-07 04:00:00,2.206,2.601888235,2.081,2.222689181,2.473393319,2.930307939,2.776,2.721884473
2021-04-07 05:00:00,2.298,2.7078806,2.081,2.325624,4.054595798,2.931650506,2.88,3.175329611
2021-04-07 06:00:00,2.859,3.869204815,2.280525915,3.079264341,2.936027916,3.507582744,3.632,3.975928877
2021-04-07 07:00:00,3.853,4.546828582,2.89836784,2.75662467,4.348833166,5.031720837,4.904,5.303933466
2021-04-07 08:00:00,3.692,4.356345784,2.944068667,4.19774033,4.403503808,4.556431797,5.932,6.75109432
2021-04-07 09:00:00,3.789,4.471313184,3.022177235,4.991775347,4.27366098,4.853517826,6.334,7.891986469
2021-04-07 10:00:00,3.987,4.701347442,3.678189144,3.993098515,4.62439443,5.868378154,6.844,7.8706
2021-04-07 11:00:00,4.453,5.253248675,3.994333426,4.506953541,5.047007229,5.680848034,6.641,7.495082873
2021-04-07 12:00:00,4.674,5.51568815,3.727112683,4.701905524,5.272206287,5.96277638,6.482,7.162125455
2021-04-07 13:00:00,5.006,5.569409602,3.890106673,5.066190487,5.714478616,6.385405835,5.988,6.690119757
2021-04-07 14:00:00,4.552,4.966924314,3.631009746,5.380691323,5.13459941,5.807119366,5.531,6.330318998
2021-04-07 15:00:00,4.409,3.278583679,4.378226395,4.463159876,4.973303527,6.586011743,5.445,5.409155993
2021-04-07 16:00:00,4.344,5.126483518,3.084189983,4.39569874,4.393926908,6.471528831,5.244,5.673019437
2021-04-07 17:00:00,4.364,5.150828484,3.653287939,4.416534701,4.922551386,5.567338044,4.934,5.483533327
2021-04-07 18:00:00,4.598,4.936591107,3.667853071,4.859589455,5.186212128,5.865717409,4.733,3.216677214
2021-04-07 19:00:00,5.112,6.03258921,4.077637285,5.172189711,5.76564456,5.750359796,4.299,4.688250281
2021-04-07 20:00:00,6.32,7.457230643,5.041643131,6.684260886,7.129217054,7.9,3.729,4.06266557
2021-04-07 21:00:00,6.192,7.139788097,4.939163154,6.26745123,6.988983666,7.899296996,3.173,3.494169213
2021-04-07 22:00:00,5.378,6.34657437,4.289903545,5.442640942,6.066370117,6.861036248,2.694,2.98127001
2021-04-07 23:00:00,4.451,5.255648363,3.557529461,4.506642249,5.02000998,5.191194094,2.578,2.975563403
2021-04-08 00:00:00,3.386,3.995608958,2.699019494,3.426406216,3.819221369,4.397484567,2.622,2.727286574
2021-04-08 01:00:00,2.768,3.265710976,2.207434725,2.800831432,3.122089104,3.530221719,2.34,2.464305329
2021-04-08 02:00:00,2.546,3.00521123,2.594114088,2.576491698,2.871688199,2.967574738,2.425,2.916485392
2021-04-08 03:00:00,2.245,2.638445016,2.081,2.261540416,2.421215809,2.081,2.407,2.086
2021-04-08 04:00:00,2.206,2.603238064,2.081,2.237034903,2.380709139,2.814280282,2.602,2.906942539
2021-04-08 05:00:00,2.298,2.554242486,2.394665801,2.326005858,2.941270376,3.667894047,2.81,3.05910222
2021-04-08 06:00:00,2.859,3.373753614,2.280500104,2.893303885,3.224912216,3.647931302,3.634,3.889252665
2021-04-08 07:00:00,3.853,4.54682926,2.271381674,3.899457883,4.331775992,4.915201573,5.359,4.689554231
2021-04-08 08:00:00,3.692,4.356940612,2.94530172,4.277072705,4.096259268,4.889606187,6.103,6.644307232
2021-04-08 09:00:00,3.789,4.467540251,3.916432371,3.841575968,4.273907,4.72240656,6.822,7.382943557
2021-04-08 10:00:00,3.987,6.328019079,3.181152995,4.034826732,4.496631434,5.086330253,7.252,5.512989504
2021-04-08 11:00:00,4.453,5.254839879,4.901166131,4.507120203,5.023844984,5.680800722,6.55,7.022621595
2021-04-08 12:00:00,4.674,6.19415927,3.729645546,4.278878982,5.272729515,5.962177661,6.362,4.171404091
2021-04-08 13:00:00,5.006,5.907456391,3.992906247,5.066181398,5.646273171,7.765349399,6.433,6.448215676
2021-04-08 14:00:00,4.552,5.371855888,3.631001656,4.526281696,5.133849796,5.72669183,5.732,6.258483735
2021-04-08 15:00:00,4.409,5.299817327,3.516208485,4.462029559,4.973362147,5.625745118,5.607,6.053469462
2021-04-08 16:00:00,4.344,5.126001536,3.320459922,4.09503185,4.931517929,5.541519255,4.924,6.905977805
2021-04-08 17:00:00,4.364,5.149914839,2.719623007,4.417746382,4.928230024,5.581897061,4.908,5.961397198
2021-04-08 18:00:00,4.598,5.161707891,3.764518498,4.656451825,5.167317435,5.865916156,4.479,5.124641319
2021-04-08 19:00:00,5.112,6.032570521,4.077789237,5.173939986,5.772170111,5.270272406,4.236,5.809394127
2021-04-08 20:00:00,6.32,7.745066005,5.041940303,6.395987647,7.277686481,7.9,3.95,4.126375677
2021-04-08 21:00:00,6.192,7.307111885,4.939177549,6.51314254,6.965282227,7.798541535,3.444,3.667985706
2021-04-08 22:00:00,5.378,5.796927103,3.911418302,5.446458833,6.067293342,6.860937804,2.854,2.253968741
2021-04-08 23:00:00,4.451,5.252530362,3.159734549,4.503427188,5.020681352,5.560213019,2.452,4.334023152
2021-04-09 00:00:00,3.386,4.021817785,2.696952853,3.42663764,3.81925447,4.319644837,2.437,2.79338574
2021-04-09 01:00:00,2.768,3.265807091,2.207997553,2.83146623,3.153146838,3.531161351,2.454,2.730353686
2021-04-09 02:00:00,2.546,3.004739686,2.081,2.576445154,2.871811496,2.873278737,2.382,2.567768863
2021-04-09 03:00:00,2.245,2.650459463,2.081,2.271987945,2.532260704,3.835535292,2.202,2.572693629
2021-04-09 04:00:00,2.206,2.602529098,3.127163523,2.118497728,2.488041321,2.577336282,2.616,2.878666128
2021-04-09 05:00:00,2.298,2.711702464,2.081,2.081,2.592018314,2.939289951,2.666,2.829768235
2021-04-09 06:00:00,2.859,2.424831154,2.249549784,2.598279347,2.994585999,3.647042708,3.49,3.763443202
2021-04-09 07:00:00,3.853,3.98111611,3.144039144,3.608486438,4.346136632,4.915412912,5.202,4.309836848
2021-04-09 08:00:00,3.692,4.356843268,2.944953608,3.736756016,4.164567351,4.710424056,6.123,6.610018516
2021-04-09 09:00:00,3.789,4.471349374,3.006995989,3.835238842,4.273939731,4.833778431,6.54,7.325485681
2021-04-09 10:00:00,3.987,4.704607708,3.180365808,4.034960946,4.479659635,4.914239537,7.026,7.707591121
2021-04-09 11:00:00,4.453,5.254939593,3.552172113,4.325205548,4.664929575,5.681640251,6.852,6.39260381
2021-04-09 12:00:00,4.674,5.515703622,3.728694063,4.728503717,5.30662021,5.962819963,6.725,6.371052905
2021-04-09 13:00:00,5.006,5.907522205,3.99316869,5.066220918,5.646702524,6.386350507,6.41,6.122570668
2021-04-09 14:00:00,4.552,5.413318373,3.630933344,4.606771767,5.134261117,5.088516846,5.96,6.089734231
2021-04-09 15:00:00,4.409,5.202341211,3.751404314,3.856450084,4.972665692,5.619180535,5.868,6.452089045
2021-04-09 16:00:00,4.344,5.122180285,3.494869692,4.3949703,4.899917335,5.540342178,5.448,5.328165659
2021-04-09 17:00:00,4.364,5.149936916,3.481076858,4.416679382,4.922590242,5.567369402,4.809,5.057030809
2021-04-09 18:00:00,4.598,5.425792617,3.667842424,4.653347856,5.227413012,5.866010035,4.634,5.014611977
2021-04-09 19:00:00,5.112,6.032563262,4.077746027,5.1700831,5.76631907,6.776847078,4.596,4.880976392
2021-04-09 20:00:00,6.32,7.457429386,5.04129152,5.99123115,7.12891376,7.9,3.958,4.416299351
2021-04-09 21:00:00,6.192,7.307145888,4.939192855,6.239831087,7.768249101,7.893619817,3.518,4.063122723
2021-04-09 22:00:00,5.378,6.346512364,4.281443343,5.442684563,6.066362188,6.868135517,2.846,3.113140809
2021-04-09 23:00:00,4.451,5.252705786,3.549954681,4.504573573,5.020775882,5.678359445,2.48,2.712859251
2021-04-10 00:00:00,3.413,3.995908668,2.701609288,3.426755891,3.820157694,4.320033135,2.488,2.829254892
2021-04-10 01:00:00,2.944,3.648954108,2.20800588,2.801281288,3.12221327,2.733506504,2.335,2.492881258
2021-04-10 02:00:00,2.66,3.004486789,2.081,2.576948689,2.852950416,3.247898284,2.334,2.485811563
2021-04-10 03:00:00,2.212,2.649068786,2.081,2.546182641,2.496639667,2.860562913,2.429,2.449177381
2021-04-10 04:00:00,2.156,2.630617284,2.081,3.162788523,2.081,2.814062006,2.651,2.812309576
2021-04-10 05:00:00,2.192,3.473751817,2.081,2.081,2.591687279,2.931373383,2.498,2.697139741
2021-04-10 06:00:00,2.21,3.373412606,2.280232643,2.864199751,3.228505971,3.647000906,2.709,3.661714811
2021-04-10 07:00:00,3.006,3.596036225,3.072964193,3.898446412,4.345382643,4.914609742,3.553,2.464291398
2021-04-10 08:00:00,3.431,4.374850241,2.945160504,2.606599263,4.163408713,4.911272223,4.386,7.08048958
2021-04-10 09:00:00,4.058,4.466958705,3.021483637,3.267187669,4.272087547,4.825474348,5.307,7.67462491
2021-04-10 10:00:00,4.51,4.457500105,3.197715552,4.032335603,4.494379888,5.083119951,6.337,8.282028188
2021-04-10 11:00:00,5.838,5.340557522,3.539409999,4.490833346,5.004708491,5.660343152,5.453,5.46139344
2021-04-10 12:00:00,5.368,5.495381431,3.714594122,4.928191066,4.396159376,5.946746785,5.237,5.848986814
2021-04-10 13:00:00,5.953,6.647018503,5.22343286,5.047788431,5.785355436,6.798735623,5.068,5.509910888
2021-04-10 14:00:00,5.13,5.815966445,3.615702962,4.587306946,5.106724206,5.375569343,4.862,4.290996089
2021-04-10 15:00:00,4.999,5.181103432,3.500003227,4.059628606,5.581715116,5.604525359,4.93,7.28755
2021-04-10 16:00:00,4.309,5.100146714,4.716673143,4.36673684,4.875028203,6.892906156,4.588,5.853302071
2021-04-10 17:00:00,4.519,5.204203919,4.02637374,4.391331476,4.775864647,5.538502186,4.402,5.01139959
2021-04-10 18:00:00,4.264,5.76375388,3.648564935,4.629050874,5.181387344,5.856689221,4.626,2.915499033
2021-04-10 19:00:00,4.354,5.991367007,4.052846618,5.141856268,5.731330897,6.481363633,4.638,4.723529241
2021-04-10 20:00:00,5.842,7.409218961,5.01538569,6.363156411,7.091794771,7.5475,3.994,4.458539985
2021-04-10 21:00:00,6.038,7.269200024,4.811273683,7.085743027,6.947357158,7.871987414,3.662,3.884698915
2021-04-10 22:00:00,5.249,6.384273924,4.241804265,5.409383149,7.5475,6.819096035,2.884,2.972603219
2021-04-10 23:00:00,4.332,5.213663382,3.5944623,4.471215635,4.983508207,6.03428294,2.412,2.714748945
2021-04-11 00:00:00,3.413,3.956958964,2.67472783,3.457780094,3.779338057,4.44117252,2.362,2.478933002
2021-04-11 01:00:00,2.944,3.227070004,2.174111812,3.221616624,3.085172263,3.489576721,2.223,2.394797662
2021-04-11 02:00:00,2.66,2.966019563,2.081,2.542460586,2.834833941,3.206327011,2.106,2.661322594
2021-04-11 03:00:00,2.212,2.610587977,2.081,2.238977376,2.4955271,2.778936991,2.091,2.302058343
2021-04-11 04:00:00,2.156,2.587873968,2.081,2.21050242,2.728357781,2.775097632,2.532,2.725566065
2021-04-11 05:00:00,2.192,2.678176271,2.747900678,2.171175379,2.557566768,2.894596105,2.384,2.727419887
2021-04-11 06:00:00,2.21,3.457585506,2.258441994,2.878156505,2.345195243,3.612105965,2.407,3.507901253
2021-04-11 07:00:00,3.006,3.646987531,2.748899662,3.872747493,4.316312516,6.222460335,2.681,4.614510983
2021-04-11 08:00:00,3.431,4.337146763,3.033055749,3.711182166,4.136262193,4.678157623,2.961,7.249720838
2021-04-11 09:00:00,4.058,4.443501874,2.081,3.936366937,4.247186178,4.802532562,3.616,5.09335
2021-04-11 10:00:00,4.51,5.092116822,3.166166125,4.011602469,4.471643232,5.057781653,4.208,6.702760286
2021-04-11 11:00:00,5.838,5.230020266,3.535218121,4.482869311,4.999061907,5.653580071,4.358,6.85980363
2021-04-11 12:00:00,5.368,5.492416204,3.712653152,4.710234783,6.048946017,5.937196924,4.363,6.627619877
2021-04-11 13:00:00,5.953,5.885074851,3.978531115,5.068673187,5.626035036,6.362940602,4.375,6.394485271
2021-04-11 14:00:00,5.13,5.378891248,3.646435478,5.47224667,5.156356918,5.800565909,4.11,6.955874926
2021-04-11 15:00:00,4.999,2.97741382,3.51459624,4.458278422,5.097311357,6.855617822,4.429,6.57099981
2021-04-11 16:00:00,4.309,5.353805898,3.774618644,4.392519628,4.895846583,5.537093297,4.32,5.502978908
2021-04-11 17:00:00,4.519,5.147398006,3.479174298,4.41435234,4.920044022,5.178103526,4.053,4.907135291
2021-04-11 18:00:00,4.264,5.424199998,3.316581989,4.350729236,5.185049267,6.365019646,4.352,4.95176903
2021-04-11 19:00:00,4.354,5.45526648,4.076829965,5.468205232,5.765039181,6.520161757,4.106,5.015247802
2021-04-11 20:00:00,5.842,6.73856816,5.04068846,6.395215436,7.5475,7.5475,4.288,4.435153436
2021-04-11 21:00:00,6.038,7.148386362,4.938812394,6.267061142,6.914402173,7.893187629,3.615,3.848232942
2021-04-11 22:00:00,5.249,6.346224876,4.28967142,5.808345595,6.06598529,6.85642617,2.832,3.03380609
2021-04-11 23:00:00,4.332,5.253686958,3.471731189,4.504293371,4.795864085,6.11481232,2.58,2.765669591
2021-04-12 00:00:00,3.386,3.995524704,2.701815169,2.081,3.819316818,4.319653624,2.34,2.454329863
2021-04-12 01:00:00,2.768,5.332474053,2.208028521,2.806418322,3.122138111,3.531219782,2.226,2.086
2021-04-12 02:00:00,2.546,2.081,2.081,2.57660182,2.870900836,3.970189728,2.182,2.441722022
2021-04-12 03:00:00,2.245,2.649068737,2.081,2.269723163,2.532095227,2.862547249,2.136,2.531980505
2021-04-12 04:00:00,2.206,2.603415752,2.081,3.013309299,2.488386416,4.359707606,2.637,2.934659285
2021-04-12 05:00:00,2.298,2.081,2.267939495,2.081,2.591945914,2.319124261,2.757,2.856211284
2021-04-12 06:00:00,2.859,3.373925256,2.281484858,3.251728294,3.225816214,3.646823419,3.459,3.709093654
2021-04-12 07:00:00,3.853,4.909505107,3.070438327,3.194631822,4.342092921,4.91528537,6.201,5.336076141
2021-04-12 08:00:00,3.692,4.347628623,2.743630949,3.736402523,4.052288356,4.713749495,7.424,8.240627252
2021-04-12 09:00:00,3.789,4.471335824,3.005837892,3.854876567,3.526158609,6.118226448,7.93,8.59123637
2021-04-12 10:00:00,3.987,4.704056513,2.967003266,4.037750294,4.494168016,5.086359528,8.591,9.459939708
2021-04-12 11:00:00,4.453,5.254902008,3.55156,4.528099901,4.457192983,5.680368095,8.562,7.674055892
2021-04-12 12:00:00,4.674,5.503429751,3.728300718,5.792498501,5.272205764,5.961754757,8.252,7.655229045
2021-04-12 13:00:00,5.006,5.908406199,3.753526687,5.066190168,5.641097842,6.386388642,7.973,7.1783394
2021-04-12 14:00:00,4.552,5.388565198,3.630973199,4.624689633,5.129757346,5.361759563,6.764,7.222729291
2021-04-12 15:00:00,4.409,5.202982939,3.51557747,4.462050189,4.973087616,5.836115607,6.089,6.637739446
2021-04-12 16:00:00,4.344,5.201770909,3.466238168,4.393043029,4.899242911,5.387733021,5.341,5.629949902
2021-04-12 17:00:00,4.364,5.14982211,3.936600046,4.416468151,4.859344967,5.567302449,4.742,4.996536489
2021-04-12 18:00:00,4.598,5.422767159,3.66769369,4.653229538,5.186451396,7.150582965,4.84,5.149297439
2021-04-12 19:00:00,5.112,6.032764437,5.015677289,5.173459984,6.358142447,5.915974189,4.669,5.266717969
2021-04-12 20:00:00,6.32,7.458080992,5.041135349,6.17236639,7.18490158,8.061286839,3.912,4.057833197
2021-04-12 21:00:00,6.192,7.3436674,4.942673386,6.266075735,6.984293042,7.9,3.406,3.961145223
2021-04-12 22:00:00,5.378,6.314154587,4.666642425,5.442647576,6.066318782,6.860922251,2.744,3.151989302
2021-04-12 23:00:00,4.451,5.250915689,3.550447309,4.501687216,5.020656048,5.6784493,2.774,2.948867474
2021-04-13 00:00:00,3.386,4.163285625,3.443612636,3.418401667,3.595760231,4.319682147,2.642,2.086
2021-04-13 01:00:00,2.768,3.266514367,2.20798198,2.801286149,3.114341505,3.532757246,2.323,2.675399965
2021-04-13 02:00:00,2.546,3.127221399,2.081,2.430121171,2.925285799,3.248097115,2.348,2.115981205
2021-04-13 03:00:00,2.245,2.649280311,2.081,2.271964939,2.713743887,2.863733048,2.431,2.583932048
2021-04-13 04:00:00,2.206,2.603303959,2.081,2.83843171,2.483523342,2.80396304,2.76,3.077160328
2021-04-13 05:00:00,2.298,2.32997195,2.081,2.326816916,2.325318604,2.9285819,2.78,3.238754066
2021-04-13 06:00:00,2.859,3.373838985,2.375604894,2.894122818,3.224903531,3.647312568,3.781,4.092189924
2021-04-13 07:00:00,3.853,4.546570059,3.0732406,3.898410745,4.345120727,4.915399033,5.937,6.417279908
2021-04-13 08:00:00,3.692,4.362168298,3.18501282,3.737018955,4.133255395,3.962857858,7.277,7.937191352
2021-04-13 09:00:00,3.789,4.471391596,3.022360438,3.834717965,4.291869827,4.833965757,8.762,8.715121041
2021-04-13 10:00:00,3.987,4.681439113,3.179094003,4.036204482,4.515363551,5.086958892,8.858,9.200009128
2021-04-13 11:00:00,4.453,4.950397355,3.552037136,4.427307572,5.457511083,5.680802607,8.279,8.917976046
2021-04-13 12:00:00,4.674,4.373116216,3.728184565,4.56214266,5.282933584,5.96276178,8.078,8.668873034
2021-04-13 13:00:00,5.006,6.158848035,3.993217466,4.121321587,5.646652117,6.386331022,7.608,8.374987456
2021-04-13 14:00:00,4.552,5.371648144,3.630534903,4.606695468,5.135131527,5.648468551,7.338,7.322370149
2021-04-13 15:00:00,4.409,5.691082015,3.516770616,4.461978193,4.97342082,5.624667514,6.34,6.632108039
2021-04-13 16:00:00,4.344,5.127548699,3.552102905,4.39604257,4.900031178,5.541634683,5.684,6.08079832
2021-04-13 17:00:00,4.364,5.149794979,3.480936838,4.796091486,4.92248576,5.567253173,4.923,5.248420259
2021-04-13 18:00:00,4.598,5.426105944,4.701643382,4.653249417,4.585635207,5.864742542,4.926,5.212162618
2021-04-13 19:00:00,5.112,6.333086273,4.551423972,5.173466424,5.766238558,6.350165808,4.724,5.022945902
2021-04-13 20:00:00,6.32,7.457571318,5.118909152,6.55333552,7.128797561,7.842925781,4.19,4.611548409
2021-04-13 21:00:00,6.192,7.306998462,5.015751816,6.268529311,6.984344547,7.837659544,3.668,4.008570383
2021-04-13 22:00:00,5.378,5.737211633,4.330524982,5.442617379,6.073654577,6.860969374,2.816,3.133230724
2021-04-13 23:00:00,4.451,5.25271524,3.550424967,4.515886446,5.020603009,5.677845774,2.552,3.668973945
2021-04-14 00:00:00,3.386,3.995145705,3.95283286,3.426687421,3.960367073,4.318895521,2.586,2.849962349
2021-04-14 01:00:00,2.768,3.266566841,2.185112381,2.801264947,3.292176018,3.53847908,2.328,2.621869292
2021-04-14 02:00:00,2.546,4.478561741,2.081,2.576591621,2.871832669,3.244271434,2.308,2.086
2021-04-14 03:00:00,2.245,2.722886763,2.081,2.271913799,2.532304018,2.863993346,2.297,2.086
2021-04-14 04:00:00,2.206,2.602688279,2.081,2.232504521,2.488277104,2.742417486,2.692,2.945117644
2021-04-14 05:00:00,2.298,2.71206247,2.081,2.325776658,2.592034019,2.932860831,2.686,3.042682289
2021-04-14 06:00:00,2.859,3.414774403,2.28071007,2.893127094,3.226762676,3.262417585,3.497,4.478646566
2021-04-14 07:00:00,3.853,4.546698055,4.67854035,3.899624507,4.553264955,4.915376831,5.619,6.41990502
2021-04-14 08:00:00,3.692,4.354366175,2.945011257,3.736380431,4.164488847,4.830735424,6.584,7.299304621
2021-04-14 09:00:00,3.789,4.468348966,3.036540889,3.791118385,4.385787105,4.833486897,6.844,7.887149415
2021-04-14 10:00:00,3.987,4.704997137,3.180318747,4.034984836,4.497200768,4.829007694,7.667,8.81705
2021-04-14 11:00:00,4.453,6.025857828,3.551988925,4.719873465,4.987973152,5.628024281,7.392,8.23440885
2021-04-14 12:00:00,4.674,6.202736233,3.728292059,4.72950019,5.272158148,5.962736815,7.439,6.109940535
2021-04-14 13:00:00,5.006,6.143879919,4.005032694,5.066272476,4.44297986,6.386268369,6.676,7.558040595
2021-04-14 14:00:00,4.552,5.371751467,3.627562321,4.807036644,5.13074987,5.703067784,6.185,6.902170583
2021-04-14 15:00:00,4.409,5.202935422,3.516766293,4.461815579,5.261508808,5.624667246,5.576,6.178522973
2021-04-14 16:00:00,4.344,5.126227348,4.636923963,4.472114659,4.899900977,5.543067134,5.477,6.279090933
2021-04-14 17:00:00,4.364,5.149833282,3.480867524,4.500857159,4.53595923,5.567306294,4.439,4.837569803
2021-04-14 18:00:00,4.598,5.713815489,3.671007364,4.965690603,5.28179859,5.767097149,4.472,4.943749625
2021-04-14 19:00:00,5.112,5.994142601,4.077663991,5.173283709,5.510883444,6.521495073,4.738,4.878533953
2021-04-14 20:00:00,6.32,7.45779573,5.571031127,6.35231233,6.287997591,7.9,4.066,4.403234017
2021-04-14 21:00:00,6.192,7.595986904,4.830903181,6.334188164,7.210935565,7.899002888,3.713,2.115318284
2021-04-14 22:00:00,5.378,5.955316667,5.646908608,5.566142552,6.064924413,6.854971748,2.766,3.057506092
2021-04-14 23:00:00,4.451,5.22182068,3.55041008,3.215655387,5.020603324,5.678254599,2.572,2.955144888
2021-04-15 00:00:00,3.386,4.043054911,2.679779954,3.424191147,3.819458824,4.166290885,2.54,2.086
2021-04-15 01:00:00,2.768,3.898373125,2.207976914,2.654948318,2.47878508,3.531269288,2.333,2.086
2021-04-15 02:00:00,2.546,3.085423234,2.081,2.5787335,2.871837093,3.247984324,2.323,2.600720428
2021-04-15 03:00:00,2.245,2.64922232,2.081,2.395497947,2.532310964,2.86625918,2.433,2.568439266
2021-04-15 04:00:00,2.206,2.603189052,2.081,2.081,2.406637273,2.585709015,2.71,3.006089813
2021-04-15 05:00:00,2.298,2.711462424,2.081,2.32560058,2.732882548,2.933084997,2.644,2.912836503
2021-04-15 06:00:00,2.859,3.373783059,2.280529016,2.89335537,3.028923303,3.647327769,3.656,3.971863958
2021-04-15 07:00:00,3.853,5.034966851,3.073631201,3.611280986,4.345532091,4.915368381,5.27,5.801145695
2021-04-15 08:00:00,3.692,4.356825454,2.379968057,3.736755227,4.060694329,4.709984417,6.444,6.956742417
2021-04-15 09:00:00,3.789,4.471270829,2.918092574,4.063016305,4.273572753,2.421689035,7.226,7.577554347
2021-04-15 10:00:00,3.987,4.816929685,3.180719507,4.034909995,3.896447473,4.582432555,7.572,4.297594788
2021-04-15 11:00:00,4.453,5.254860599,3.552128643,4.512035707,5.022886679,5.003604959,7.126,7.841504758
2021-04-15 12:00:00,4.674,5.516306848,3.727651099,4.730167008,4.208810822,5.961470177,7.148,7.772743483
2021-04-15 13:00:00,5.006,7.009065504,3.993120545,5.625671702,5.647198295,6.38287246,6.686,6.503933063
2021-04-15 14:00:00,4.552,5.175157536,3.054950987,4.606696262,5.134520447,5.844029288,6.416,8.7078
2021-04-15 15:00:00,4.409,5.202939118,3.481735304,4.447682114,5.279067695,5.625401074,5.769,6.206277513
2021-04-15 16:00:00,4.344,5.125670457,4.137210723,4.395941665,4.899866801,5.542904435,5.502,5.859072933
2021-04-15 17:00:00,4.364,5.064808391,3.481375782,4.534033862,4.081026301,5.629828666,4.72,5.210130052
2021-04-15 18:00:00,4.598,5.425973449,3.712947074,4.653359399,4.212142804,6.050307754,4.48,5.088286229
2021-04-15 19:00:00,5.112,6.033067649,3.23685257,5.277896608,5.766224699,7.9,4.285,5.1030499
2021-04-15 20:00:00,6.32,7.458059771,5.041300871,6.393581935,7.016136872,8.063056892,4.222,4.974758379
2021-04-15 21:00:00,6.192,7.596002927,4.830914011,5.955324733,6.984436771,7.900821107,3.706,2.351472081
2021-04-15 22:00:00,5.378,6.34619734,4.290474415,5.442644121,6.06484472,6.761265523,2.988,3.948825697
2021-04-15 23:00:00,4.451,5.252529625,3.550434157,4.504540231,5.020656807,5.476729416,2.728,3.077821703
2021-04-16 00:00:00,3.386,3.981008793,2.345721751,3.42682389,3.819366073,4.318250332,2.531,3.4568337
2021-04-16 01:00:00,2.768,3.266478757,2.210649674,3.375487095,3.124270864,3.531224989,2.518,2.723682544
2021-04-16 02:00:00,2.546,3.199912992,2.081,2.576727106,2.871652711,3.248623173,2.484,3.343078793
2021-04-16 03:00:00,2.245,2.649804107,2.081,2.287288665,2.532468548,2.259887476,2.57,3.009628996
2021-04-16 04:00:00,2.206,2.603230208,2.081,2.081,2.488369887,2.813821337,2.738,3.168560268
2021-04-16 05:00:00,2.298,4.045071887,2.081,2.324133834,2.592144245,2.931619997,2.814,2.086
2021-04-16 06:00:00,2.859,2.743312823,2.287205189,2.893395406,3.22459985,3.501043407,3.682,5.894954505
2021-04-16 07:00:00,3.853,4.42878754,3.080615062,3.891948286,4.374810885,4.914399177,5.118,5.668771276
2021-04-16 08:00:00,3.692,4.356967827,2.944808422,3.736399199,4.164459319,4.835861452,5.975,6.643718761
2021-04-16 09:00:00,3.789,5.030677089,2.889207365,4.059282674,4.273966245,4.835416734,6.714,7.513807754
2021-04-16 10:00:00,3.987,5.920548105,3.180134688,4.034903288,4.496961726,5.086611132,7.134,5.862814945
2021-04-16 11:00:00,4.453,5.254842542,3.232789732,4.467309381,5.022943625,5.675279484,6.967,7.479577211
2021-04-16 12:00:00,4.674,5.515724329,3.728353441,4.730223092,5.138610525,5.961312411,6.51,7.863479867
2021-04-16 13:00:00,5.006,5.907573585,3.99327874,5.066319039,5.751822645,6.528920933,6.512,7.059693752
2021-04-16 14:00:00,4.552,4.385197991,3.631037849,4.605966502,5.134596439,5.418557574,6.228,6.837319813
2021-04-16 15:00:00,4.409,5.762255734,3.425729465,4.736140332,4.973252248,5.62249314,6.372,6.159080958
2021-04-16 16:00:00,4.344,5.23665171,3.464069024,4.434219662,4.898676322,5.540387147,5.623,5.975178386
2021-04-16 17:00:00,4.364,5.144264554,3.632874325,4.809215551,4.955568226,5.01602347,4.608,5.233424338
2021-04-16 18:00:00,4.598,5.426047164,2.34132925,4.653958907,5.186852915,5.865775788,4.592,5.099818129
2021-04-16 19:00:00,5.112,6.032575016,4.223566597,5.533220572,5.766291126,6.521572992,4.818,5.58051938
2021-04-16 20:00:00,6.32,7.458131032,5.041301816,6.393625888,7.128873399,7.9,4.497,4.832206591
2021-04-16 21:00:00,6.192,7.9,4.936979758,7.130320914,6.984042087,7.899369844,3.955,3.047344577
2021-04-16 22:00:00,5.378,6.346500527,4.289275835,5.442680868,5.502996068,6.859728117,3.141,3.507899434
2021-04-16 23:00:00,4.451,5.252560213,3.271901244,4.50445969,5.019430221,5.678456471,3.041,3.537643027
2021-04-17 00:00:00,3.413,4.03877739,2.700932773,3.425591227,3.819373354,4.319658465,2.946,2.83820167
2021-04-17 01:00:00,2.944,3.266448486,2.207676543,3.523414406,3.122238174,3.531228466,2.684,2.929652794
2021-04-17 02:00:00,2.66,3.004390471,2.551450166,2.576705697,2.871783727,3.247964827,2.604,2.86950348
2021-04-17 03:00:00,2.212,2.613343547,2.081,2.081,2.533255374,2.863753911,2.655,3.018538512
2021-04-17 04:00:00,2.156,2.603199595,2.081,2.232697287,3.260304316,2.814389677,3.095,3.149599183
2021-04-17 05:00:00,2.192,2.710068847,2.081,2.081,2.591889218,3.41190332,2.936,3.288763856
2021-04-17 06:00:00,2.21,3.373428245,2.860671777,2.893043451,3.224636623,3.647580316,3.359,3.721637094
2021-04-17 07:00:00,3.006,4.546132422,3.073069816,3.877006431,3.946775844,4.914076636,4.17,5.803168508
2021-04-17 08:00:00,3.431,4.604697487,2.722420308,3.735303504,4.161460701,4.709932258,4.804,2.962062725
2021-04-17 09:00:00,4.058,4.470180662,3.039649944,3.833237785,4.273373795,4.831710466,5.422,7.3554
2021-04-17 10:00:00,4.51,4.702401851,3.178020672,3.865571275,4.473125309,5.082918643,5.953,6.696695286
2021-04-17 11:00:00,5.838,5.517624275,3.851649591,4.490135963,5.002318221,5.660272504,6.173,6.998525509
2021-04-17 12:00:00,5.368,6.386713628,3.71464858,4.712617075,5.252834146,5.940905748,6.396,5.637578144
2021-04-17 13:00:00,5.953,6.378303329,3.980953635,5.047220239,5.626081038,6.218673077,6.042,6.724469071
2021-04-17 14:00:00,5.13,6.590375002,3.618383409,4.309660604,5.112921722,4.488586143,6.103,4.700936551
2021-04-17 15:00:00,4.999,5.179133813,3.439187494,4.320338104,4.950581021,5.561662544,5.262,5.838534818
2021-04-17 16:00:00,4.309,5.09811961,3.44940421,3.478673301,4.874954137,5.513485382,5.033,5.643369406
2021-04-17 17:00:00,4.519,5.123226273,3.462610699,4.241060226,4.897219706,5.538560155,4.666,4.936884917
2021-04-17 18:00:00,4.264,5.397740812,3.628354247,4.604253744,5.159212224,5.835317947,4.658,5.699469848
2021-04-17 19:00:00,4.354,5.995242213,4.052621512,5.14218478,6.533933861,6.684338299,4.74,5.233721324
2021-04-17 20:00:00,5.842,7.5475,5.01505662,7.5475,7.092275482,7.5475,4.236,4.720904819
2021-04-17 21:00:00,6.038,7.268385367,4.52117605,6.233286005,7.5475,8.314023673,4.088,4.377243138
2021-04-17 22:00:00,5.249,6.341358316,4.264453044,5.409385855,6.029173922,6.818426595,3.206,2.552928171
2021-04-17 23:00:00,4.332,5.213695897,3.524196618,4.471330695,4.983072939,5.636275004,2.683,3.020287012
2021-04-18 00:00:00,3.413,3.957205946,2.674955253,3.263372819,3.517746767,4.277714378,2.465,2.76484681
2021-04-18 01:00:00,2.944,3.228031885,2.181763355,2.50200674,3.085174365,3.406769747,2.432,2.773557008
2021-04-18 02:00:00,2.66,2.965767974,2.081,2.54340915,2.834843894,3.204988201,2.409,2.6845935
2021-04-18 03:00:00,2.212,2.804157408,2.081,2.239520084,2.495980905,2.822416438,2.386,2.217439738
2021-04-18 04:00:00,2.156,3.207073262,2.081,2.081,2.364891876,2.765325446,2.891,2.086
2021-04-18 05:00:00,2.192,2.678562778,2.207826652,3.607362539,2.562185639,2.894601771,2.838,3.162194153
2021-04-18 06:00:00,2.21,3.347009806,2.258408535,2.865324141,3.193641308,3.611993062,2.987,3.547982978
2021-04-18 07:00:00,3.006,4.515758791,3.052472271,3.872494757,4.314496858,4.881739617,3.186,5.683639309
2021-04-18 08:00:00,3.431,4.327349782,2.846947285,3.788486348,4.137468208,4.677493028,3.476,6.747814205
2021-04-18 09:00:00,4.058,4.013834623,3.151244157,3.810450395,4.247154674,4.8043096,4.184,6.1801
2021-04-18 10:00:00,4.51,4.678510413,3.204869535,3.819040852,4.470545474,5.057804731,4.784,6.989657496
2021-04-18 11:00:00,5.838,5.206852404,3.536432232,4.485172058,5.516137584,6.411800177,4.836,7.183144837
2021-04-18 12:00:00,5.368,5.492534401,3.71256638,4.71028823,5.330902822,5.937662392,5.152,7.261482336
2021-04-18 13:00:00,5.953,5.886015048,3.978228375,4.292119136,5.626053837,6.190824925,5.374,6.805183438
2021-04-18 14:00:00,5.13,5.363973049,3.627589331,4.199831087,5.126830156,5.801198113,5.243,6.908701274
2021-04-18 15:00:00,4.999,5.199625511,3.51402378,4.45835257,4.969256196,5.620401092,5.256,5.725204029
2021-04-18 16:00:00,4.309,5.095763313,3.843173724,4.068228075,4.895809655,5.537031469,5.139,5.789410802
2021-04-18 17:00:00,4.519,5.165374875,3.478679442,4.414360625,4.92032773,5.565945235,4.556,5.272036579
2021-04-18 18:00:00,4.264,5.424186274,3.666255617,4.651534296,5.309169957,5.860876582,4.568,5.412377344
2021-04-18 19:00:00,4.354,6.025080379,4.076816353,5.172376047,5.765107178,6.520237806,4.47,2.086
2021-04-18 20:00:00,5.842,6.659276611,5.04069872,6.395256215,7.066430056,7.5475,4.328,4.66592715
2021-04-18 21:00:00,6.038,7.30662139,6.209951329,6.492489846,7.316821001,7.897830481,4.384,4.57910655
2021-04-18 22:00:00,5.249,6.346376853,4.289678522,5.443876807,6.049292732,6.829651547,3.491,3.653399957
2021-04-18 23:00:00,4.332,5.219883361,3.729988468,4.76997493,5.020498123,5.678383921,3.176,3.405686163
2021-04-19 00:00:00,3.386,4.170291013,2.770918838,3.426723172,4.12518414,4.319740414,3.075,2.592688735
2021-04-19 01:00:00,2.768,3.268690299,2.207969032,2.927121488,3.122289096,3.533479621,3.017,3.113020863
2021-04-19 02:00:00,2.546,3.011907881,2.081,2.576606001,2.872515555,3.264601114,2.864,3.200478162
2021-04-19 03:00:00,2.245,2.649118146,2.081,2.272083762,3.006991886,2.861232671,3.038,3.08354013
2021-04-19 04:00:00,2.206,2.603492605,2.081,2.081,2.45241742,2.814245579,3.288,3.431725778
2021-04-19 05:00:00,2.298,2.711846995,2.392389701,2.324573006,2.624622433,2.930883411,3.434,3.463017673
2021-04-19 06:00:00,2.859,3.380770386,2.317483371,2.893394079,3.224894033,3.654418507,4.24,4.007988861
2021-04-19 07:00:00,3.853,4.546861212,3.073204918,4.67144317,4.069555809,4.819564038,5.834,6.393241024
2021-04-19 08:00:00,3.692,4.357542664,2.945158101,3.736402498,4.165230514,4.710024994,6.66,7.259026665
2021-04-19 09:00:00,3.789,4.471337049,3.216352549,3.816919469,4.273613123,4.036053707,7.072,7.597387772
2021-04-19 10:00:00,3.987,4.704991467,3.176693785,4.034580294,4.529826232,5.087190045,8.264,7.507149785
2021-04-19 11:00:00,4.453,5.254928681,3.638075008,4.506528671,5.459866384,5.485498467,8.073,7.491777965
2021-04-19 12:00:00,4.674,5.51685166,3.727860163,4.730464294,4.268218615,5.962163739,7.86,7.356539153
2021-04-19 13:00:00,5.006,5.907409365,3.992848787,5.066187937,5.646490815,5.798155415,7.538,7.131633331
2021-04-19 14:00:00,4.552,5.374215408,3.630999555,4.606738754,5.133921274,5.807143899,7.664,7.268848394
2021-04-19 15:00:00,4.409,5.887705207,3.515992825,4.463480044,4.978862233,5.872280934,7.457,3.581430573
2021-04-19 16:00:00,4.344,5.127337521,3.366595833,4.395451652,5.243743682,6.828602232,6.656,6.012458631
2021-04-19 17:00:00,4.364,5.149867641,3.481037665,4.415023311,4.922492834,5.518577488,5.774,5.451648561
2021-04-19 18:00:00,4.598,5.443235441,3.663259428,4.653212624,5.186518109,5.865887417,5.142,5.459446016
2021-04-19 19:00:00,5.112,6.486951115,4.44064297,5.642343779,5.766112884,6.521196173,4.905,4.089810203
2021-04-19 20:00:00,6.32,6.939126665,5.041041654,6.394917527,7.128845062,7.849934754,3.873,4.469530381
2021-04-19 21:00:00,6.192,7.307094193,4.943500105,6.259267746,6.985377898,7.898787772,3.726,4.248937715
2021-04-19 22:00:00,5.378,6.352156629,4.289822376,5.442756681,6.065901654,7.381489538,2.9,3.254390874
2021-04-19 23:00:00,4.451,5.253948635,3.550410537,4.679655583,5.166500131,5.67843231,2.78,3.123407664
2021-04-20 00:00:00,3.386,3.995863059,2.081,3.428612894,3.819786409,4.320611959,2.714,2.951778423
2021-04-20 01:00:00,2.768,3.266468436,2.207991361,2.80128659,3.122273017,3.817238967,2.848,3.03302126
2021-04-20 02:00:00,2.546,3.00451375,2.081,3.206141428,2.871849625,4.160207421,2.562,2.750200248
2021-04-20 03:00:00,2.245,2.631727962,2.081,2.271881161,2.519728425,2.86395622,2.558,2.871912633
2021-04-20 04:00:00,2.206,2.619382511,2.081,2.081,2.489008395,2.814020626,2.895,3.253498887
2021-04-20 05:00:00,2.298,2.71074194,2.081,2.32558578,2.591788153,2.931603085,3.208,3.729207375
2021-04-20 06:00:00,2.859,2.913224116,2.280666144,2.86683894,3.237842371,3.647088504,3.503,2.086
2021-04-20 07:00:00,3.853,2.134792648,3.073300373,3.899365811,4.346037185,4.906228132,5.118,5.637990398
2021-04-20 08:00:00,3.692,4.913915252,2.769936308,3.733715817,4.162419461,4.674075603,5.776,4.160480262
2021-04-20 09:00:00,3.789,4.329931416,2.665871161,3.823809779,4.273963596,4.833677261,6.156,7.261736795
2021-04-20 10:00:00,3.987,4.705430269,3.168027267,4.034903413,4.497227675,5.165206789,7.025,7.593009163
2021-04-20 11:00:00,4.453,5.236843267,3.547121152,4.395611004,5.020065664,6.040529512,6.951,3.095387523
2021-04-20 12:00:00,4.674,5.515672029,3.728456969,3.75756371,5.278728681,5.962730313,6.702,7.047351052
2021-04-20 13:00:00,5.006,5.076180095,3.946007703,5.065455662,5.646652435,6.387801937,6.431,7.736965568
2021-04-20 14:00:00,4.552,5.369688717,3.631174568,4.606686684,5.054799106,5.834122606,6.413,7.961583931
2021-04-20 15:00:00,4.409,5.20289829,2.347381496,4.461644996,4.54183771,5.624731175,6.338,6.177049608
2021-04-20 16:00:00,4.344,5.760763931,3.462398379,4.396181576,5.280935511,4.883737181,5.65,2.086
2021-04-20 17:00:00,4.364,4.749321684,3.483932036,3.78766108,3.889112772,5.376397157,5.049,4.680193117
2021-04-20 18:00:00,4.598,5.420504354,3.143418505,4.653248049,6.567268805,6.178229251,5.128,5.33975958
2021-04-20 19:00:00,5.112,6.031827556,4.07766239,5.170638379,6.539939323,6.259330403,4.724,5.194210271
2021-04-20 20:00:00,6.32,7.459292244,5.041298721,6.395717519,7.016668165,7.9,3.932,4.126256516
2021-04-20 21:00:00,6.192,7.306849637,4.232274274,6.350820512,6.97877053,7.899279678,3.619,3.96616576
2021-04-20 22:00:00,5.378,5.693467872,4.298481527,5.441509093,6.066237172,6.830484775,2.748,2.99870829
2021-04-20 23:00:00,4.451,5.253329334,3.558411506,4.575085291,4.862251896,5.678409336,2.416,2.79776755
2021-04-21 00:00:00,3.386,3.189825938,3.126786137,3.426437439,3.819271217,3.268695571,2.471,2.52073927
2021-04-21 01:00:00,2.768,3.266366285,2.207934947,2.799287823,3.122254207,3.531147641,2.358,2.743091542
2021-04-21 02:00:00,2.546,3.004442688,2.081,2.57377111,2.871423365,3.247992656,2.284,2.55449392
2021-04-21 03:00:00,2.245,2.649332659,2.081,2.27185805,2.531291426,2.853363365,2.364,2.599416061
2021-04-21 04:00:00,2.206,3.454098602,2.081,2.29418861,2.488482226,2.8142233,2.677,2.086
2021-04-21 05:00:00,2.298,2.712382159,2.081,2.081,2.585814475,2.930819342,2.941,3.08989831
2021-04-21 06:00:00,2.859,4.267894366,3.2394708,2.893283237,3.595954041,3.647333412,3.448,2.086
2021-04-21 07:00:00,3.853,4.542600936,2.677780781,3.899316618,4.346727847,4.812284939,4.571,5.272976156
2021-04-21 08:00:00,3.692,4.68255107,3.094502431,3.805741763,4.142675442,4.709933541,5.463,3.867555355
2021-04-21 09:00:00,3.789,4.255586732,3.022489192,3.834597874,4.273894291,5.421823104,6.218,6.882999214
2021-04-21 10:00:00,3.987,4.554172727,2.553222022,4.034902469,4.496901595,5.088986344,6.533,7.450254509
2021-04-21 11:00:00,4.453,5.254885234,2.963794222,4.506529018,5.212048737,5.680565106,6.1,7.035905003
2021-04-21 12:00:00,4.674,5.274255336,2.654878857,4.730095427,5.272159897,5.117938443,6.47,7.228511647
2021-04-21 13:00:00,5.006,5.908157033,3.586022034,5.058748321,5.646624566,6.390857929,6.097,6.833395985
2021-04-21 14:00:00,4.552,5.36945396,3.630965398,4.293529099,5.134615407,5.943437137,5.873,6.416742775
2021-04-21 15:00:00,4.409,5.202929945,3.516902576,5.826341811,4.973219904,6.441661101,5.662,6.202858524
2021-04-21 16:00:00,4.344,5.126164998,3.506681036,4.51822308,4.900013652,5.541787109,5.756,6.040989594
2021-04-21 17:00:00,4.364,5.709150607,3.481066938,4.416839139,4.627385383,5.567027685,4.94,5.40506795
2021-04-21 18:00:00,4.598,5.348664695,3.656372742,4.653208805,5.185482697,5.895544464,4.676,5.34987266
2021-04-21 19:00:00,5.112,6.0387487,4.077404482,5.173423857,6.006809771,6.521245114,4.579,5.77599942
2021-04-21 20:00:00,6.32,7.9,5.041244787,6.348770802,7.228926138,7.9,3.71,4.049156969
2021-04-21 21:00:00,6.192,7.306174975,4.336572712,6.160229783,7.9,7.899273272,3.411,3.793896261
2021-04-21 22:00:00,5.378,6.258194097,4.289851416,5.007787652,5.684426105,6.860853614,2.748,2.9868348
2021-04-21 23:00:00,4.451,5.252485515,3.550425851,4.504316263,4.73992969,5.724515709,2.498,4.113748508
2021-04-22 00:00:00,3.386,3.996378226,2.700920585,3.426699366,3.814401943,4.394426656,2.279,2.756895095
2021-04-22 01:00:00,2.768,3.327663585,2.209156356,2.081,3.122463273,4.832970379,2.308,2.525234474
2021-04-22 02:00:00,2.546,3.143657656,2.081,3.801526182,2.871824153,3.231561169,2.373,2.229642934
2021-04-22 03:00:00,2.245,2.31460457,2.081,2.255847044,2.53245054,2.864364881,2.466,2.554330973
2021-04-22 04:00:00,2.206,2.34949009,2.081,3.353357315,2.488323875,2.814243519,2.656,2.965237046
2021-04-22 05:00:00,2.298,2.708993508,3.844816645,2.791725177,2.592105113,2.932617763,2.741,3.414866247
2021-04-22 06:00:00,2.859,3.373836465,2.280498217,2.893284414,3.224846063,3.647279701,3.382,3.767576457
2021-04-22 07:00:00,3.853,4.450341134,3.056969481,3.899002731,4.345965093,4.934829449,4.99,5.1766006
2021-04-22 08:00:00,3.692,4.357175767,2.99740704,3.736321081,4.182471203,4.745363778,6.052,6.449020142
2021-04-22 09:00:00,3.789,4.47130615,3.043384168,3.855231532,4.273897949,4.833475212,6.528,7.189404028
2021-04-22 10:00:00,3.987,4.704970842,3.180200404,4.035001513,4.497138195,4.716793999,7.009,7.779704143
2021-04-22 11:00:00,4.453,5.254878116,3.551972447,5.747808974,4.799282723,5.680836295,6.774,6.918507476
2021-04-22 12:00:00,4.674,7.302766596,3.728551705,4.933396664,4.245086584,5.684201117,6.849,5.181170197
2021-04-22 13:00:00,5.006,5.716086622,3.993731812,5.06626173,5.717889543,6.385990299,6.662,6.83936025
2021-04-22 14:00:00,4.552,5.372608598,3.630986029,4.40825225,5.134579923,4.329900525,6.379,6.620847624
2021-04-22 15:00:00,4.409,5.197793482,3.729704724,5.667427371,4.890016035,5.624270492,5.875,6.226436485
2021-04-22 16:00:00,4.344,5.753327813,3.463573041,4.154134428,4.90074733,5.567722575,5.53,6.061948318
2021-04-22 17:00:00,4.364,5.150627256,3.487078358,4.360244908,4.907464241,5.752740275,5.056,5.006462601
2021-04-22 18:00:00,4.598,5.49626502,3.667697595,4.653305669,5.185927659,5.865697203,4.709,5.309091907
2021-04-22 19:00:00,5.112,6.035245812,4.894680891,5.173500266,5.477156074,6.385313817,4.39,5.154374962
2021-04-22 20:00:00,6.32,7.338558915,5.041272699,6.514809122,7.729541854,7.87920829,3.625,3.715943362
2021-04-22 21:00:00,6.192,7.9,4.939182782,6.266710495,6.984481685,7.9,3.27,2.09434925
2021-04-22 22:00:00,5.378,6.320452978,4.289909958,5.442740408,6.067273559,6.860961665,2.796,3.182569582
2021-04-22 23:00:00,4.451,5.243515822,4.136278598,4.504563502,4.723451755,5.580502166,2.622,2.78612711
2021-04-23 00:00:00,3.386,3.932111551,2.081,3.426054001,3.819801345,4.319687902,2.406,2.772590607
2021-04-23 01:00:00,2.768,3.783448831,2.207963261,2.799449404,3.02161605,3.177754971,2.478,2.086
2021-04-23 02:00:00,2.546,3.00446987,2.924995402,2.57677438,2.794542996,3.248096709,2.448,2.630910525
2021-04-23 03:00:00,2.245,2.650520401,2.081,2.272104323,2.434904675,2.854574279,2.317,2.719643835
2021-04-23 04:00:00,2.206,4.208416498,2.984646115,2.232724441,2.488156306,2.814373104,2.762,2.086
2021-04-23 05:00:00,2.298,2.711948726,2.081,2.325718899,2.592049879,2.931718899,2.917,3.082858554
2021-04-23 06:00:00,2.859,3.373566452,2.280709533,3.329760383,3.225192179,3.647315914,3.452,3.567485113
2021-04-23 07:00:00,3.853,4.495078125,3.073368254,4.829806157,4.346698875,4.922671014,5.038,3.823364693
2021-04-23 08:00:00,3.692,4.357253747,2.945066695,3.736473216,3.875528479,4.021174167,5.906,6.567149519
2021-04-23 09:00:00,3.789,4.47141577,3.02255621,3.940097519,4.268607209,4.832705331,6.602,7.272379136
2021-04-23 10:00:00,3.987,5.111191327,3.17661076,4.014679773,4.999805257,5.08644168,7.411,7.517050905
2021-04-23 11:00:00,4.453,5.254984342,3.552185245,4.156662189,5.023067159,6.030181006,7.17,6.839020957
2021-04-23 12:00:00,4.674,5.515802949,3.725263782,4.729578945,5.273115787,6.743657972,7.091,6.685828275
2021-04-23 13:00:00,5.006,5.908836265,3.995823979,5.06815977,5.648134574,6.38592183,6.882,6.645077556
2021-04-23 14:00:00,4.552,5.371807596,3.315627315,4.606212345,5.13460939,5.763861649,6.794,6.55438398
2021-04-23 15:00:00,4.409,5.202618697,3.185411527,4.470071306,4.972926644,5.599810776,6.515,6.145639067
2021-04-23 16:00:00,4.344,5.12262619,3.462470992,5.75004827,4.8963538,5.537690051,5.734,5.80805386
2021-04-23 17:00:00,4.364,5.151923594,4.072281479,4.362284081,4.803121009,5.567478994,5.091,5.503881168
2021-04-23 18:00:00,4.598,5.47624546,3.668004953,4.653383272,5.227520085,5.865982645,5.274,5.251720623
2021-04-23 19:00:00,5.112,5.490683908,4.07778051,5.173578406,6.938828909,5.782755079,4.844,3.837280092
2021-04-23 20:00:00,6.32,7.458224235,5.041326248,6.396092378,7.593433916,7.9,4.28,4.444941663
2021-04-23 21:00:00,6.192,7.306956834,4.939312367,6.266536997,6.984696934,7.63343053,3.902,4.057395097
2021-04-23 22:00:00,5.378,6.346530051,4.288512664,5.442766353,6.066968058,6.260374138,2.934,4.349063387
2021-04-23 23:00:00,4.451,5.521325151,3.550456787,4.504610611,5.418677652,5.678404547,2.644,2.086
2021-04-24 00:00:00,3.413,4.354290947,2.702285683,3.426579456,3.801688798,4.22326426,2.574,2.086
2021-04-24 01:00:00,2.944,3.266097447,2.207224274,2.800948314,3.121019032,3.469222126,2.516,3.362106121
2021-04-24 02:00:00,2.66,3.003986141,2.081,2.575927479,2.871273134,3.248206902,2.388,2.630291309
2021-04-24 03:00:00,2.212,2.351194577,2.081,3.010047505,2.081,2.86426963,2.44,2.622843065
2021-04-24 04:00:00,2.156,2.6021343,2.365762374,2.220295377,2.081,2.691852771,2.648,3.023616345
2021-04-24 05:00:00,2.192,2.710148954,2.081,2.324738678,2.590665732,2.081,2.678,3.225590497
2021-04-24 06:00:00,2.21,3.372493314,2.081,2.890101387,3.223640078,3.645269565,2.993,3.538297255
2021-04-24 07:00:00,3.006,4.54371452,3.071013852,3.79751718,4.343668016,4.91263337,4.085,5.608867717
2021-04-24 08:00:00,3.431,4.352012819,3.430779144,4.438487514,4.160593294,4.706777269,4.508,6.214993014
2021-04-24 09:00:00,4.058,4.465807537,3.019273848,3.830587601,4.269516086,5.631556949,5.118,6.931908801
2021-04-24 10:00:00,4.51,4.676566123,3.789286339,4.017004348,3.387482739,5.063745737,5.52,6.74015
2021-04-24 11:00:00,5.838,5.232900533,3.536995091,4.48761878,5.000794333,5.65688901,5.594,6.192381328
2021-04-24 12:00:00,5.368,5.49263502,3.675088506,4.710425733,5.250156336,5.966741894,5.861,6.598020532
2021-04-24 13:00:00,5.953,5.883316978,4.277838818,5.045557303,6.586607851,6.288022657,5.678,6.631916107
2021-04-24 14:00:00,5.13,5.34658001,3.613532107,5.869084237,5.110370415,5.779717635,5.619,6.362086667
2021-04-24 15:00:00,4.999,5.150707834,3.473829617,4.439176646,4.91056683,5.551233895,5.249,5.83468828
2021-04-24 16:00:00,4.309,5.094186191,3.44373029,4.369013644,4.514433821,5.743921706,5.102,5.644261198
2021-04-24 17:00:00,4.519,5.238523237,3.460864325,4.387725929,4.894864151,5.536809069,4.902,5.455764391
2021-04-24 18:00:00,4.264,5.391324568,4.695578009,4.623630736,5.15094112,6.721209259,4.834,5.074830651
2021-04-24 19:00:00,4.354,5.995944092,3.748122164,5.14189057,5.727321043,6.481751448,4.531,4.716957457
2021-04-24 20:00:00,5.842,7.5475,5.015568963,6.363483668,6.511177561,7.5475,4.248,4.441391707
2021-04-24 21:00:00,6.038,7.268841647,5.472849703,6.233719624,6.947714088,6.819616252,3.895,4.129106107
2021-04-24 22:00:00,5.249,6.308183815,4.0680525,5.40931056,6.736890736,6.819964269,3.252,3.32602277
2021-04-24 23:00:00,4.332,5.403175002,3.524421456,4.470753685,4.984127023,5.63699216,2.582,2.086
2021-04-25 00:00:00,3.413,3.957392639,2.679803858,3.393892586,3.782771815,5.46181824,2.462,2.706192491
2021-04-25 01:00:00,2.944,3.190518125,2.081,3.108867813,3.078619872,3.489822431,2.359,2.561578095
2021-04-25 02:00:00,2.66,2.96414874,2.081,2.081,3.427160477,3.206640727,2.262,2.508059412
2021-04-25 03:00:00,2.212,2.240071904,2.081,2.081,2.758371101,2.822799898,2.436,2.5556851
2021-04-25 04:00:00,2.156,2.566085862,2.081,2.20099297,2.500777793,2.774451934,2.736,2.903242175
2021-04-25 05:00:00,2.192,2.677203927,2.081,2.081,2.560260321,2.894205275,2.712,3.56673384
2021-04-25 06:00:00,2.21,3.343521185,2.081,3.167870609,3.195799149,3.61454451,2.759,3.3421948
2021-04-25 07:00:00,3.006,4.289371622,3.053744608,4.005079289,4.318440022,4.884122151,3.07,5.555696591
2021-04-25 08:00:00,3.431,5.111197615,2.926400494,3.712647952,4.025665159,4.679641021,3.282,6.202136999
2021-04-25 09:00:00,4.058,5.775745546,3.004363435,3.819383579,4.248128693,6.169424201,3.936,5.984481023
2021-04-25 10:00:00,4.51,5.348322875,3.198506112,4.012838812,3.146592969,5.014482504,4.404,2.768183741
2021-04-25 11:00:00,5.838,5.228996458,3.662679735,4.48582548,4.999203283,5.654642848,5.081,6.12823196
2021-04-25 12:00:00,5.368,5.855686516,3.712819059,5.145162665,5.250288673,5.846490486,5.448,4.351033481
2021-04-25 13:00:00,5.953,5.886143288,4.48009761,4.442221644,5.626107629,5.834764901,5.509,6.105567924
2021-04-25 14:00:00,5.13,5.362557335,3.668957358,4.701653274,5.129420615,5.648234767,5.295,5.979841392
2021-04-25 15:00:00,4.999,5.19865611,3.514066102,4.694820611,4.969843264,5.612238112,5.102,5.677218573
2021-04-25 16:00:00,4.309,5.119686259,3.080359262,4.37823944,4.893610193,5.534558944,4.918,5.411601777
2021-04-25 17:00:00,4.519,5.14744729,3.478363199,4.414383228,4.957261271,5.564685214,4.783,5.231767057
2021-04-25 18:00:00,4.264,5.423936618,3.666472315,4.706355412,5.18478955,5.579820081,4.812,5.026761357
2021-04-25 19:00:00,4.354,6.030748527,4.076801149,5.172198649,5.765120812,6.520356596,4.676,4.605555883
2021-04-25 20:00:00,5.842,6.728450483,5.057931662,6.378769999,7.099008404,7.5475,4.321,3.786662735
2021-04-25 21:00:00,6.038,7.306620275,4.563460065,6.266079845,6.984151352,7.898902401,4.02,4.145433042
2021-04-25 22:00:00,5.249,6.346308506,4.289756803,5.442545909,6.066168323,6.860741296,3.187,3.415439086
2021-04-25 23:00:00,4.332,5.489056574,3.410753913,3.654713293,5.020039144,5.498774721,2.68,2.893552579
2021-04-26 00:00:00,3.386,4.46196474,2.696846469,3.426716301,2.769764334,4.31912885,2.678,2.14598717
2021-04-26 01:00:00,2.768,2.936093684,2.208036218,2.800779888,3.122445056,3.736459505,2.45,4.392200364
2021-04-26 02:00:00,2.546,3.005494055,2.081,3.911805663,3.920483364,3.266130236,2.345,2.521339708
2021-04-26 03:00:00,2.245,2.723495273,2.081,2.271897547,2.531974832,2.86455471,2.378,2.541783868
2021-04-26 04:00:00,2.206,2.628914076,2.081,2.232144675,2.488483469,2.238812745,2.672,3.125416611
2021-04-26 05:00:00,2.298,2.783554302,2.081,2.390125508,2.592285673,2.931607247,2.894,2.595435369
2021-04-26 06:00:00,2.859,3.373968202,2.280652478,2.893548766,3.225155477,3.647734904,3.7,3.698064929
2021-04-26 07:00:00,3.853,4.546675759,3.073645557,3.974687907,4.676940942,4.611101362,4.922,5.48539977
2021-04-26 08:00:00,3.692,4.592983661,2.945381305,3.737424366,4.164645436,4.71033227,5.472,5.902841346
2021-04-26 09:00:00,3.789,4.471374489,3.02245884,3.938087879,4.274032116,4.83340824,6.052,6.9598
2021-04-26 10:00:00,3.987,4.705047696,2.642516079,4.03510369,5.861749291,4.520726866,5.89,6.581137621
2021-04-26 11:00:00,4.453,5.254970627,3.551231863,4.506473983,5.02087442,5.680926931,5.607,6.259747142
2021-04-26 12:00:00,4.674,5.515778319,3.677965006,4.730522769,5.25906076,5.954662196,5.59,7.361374304
2021-04-26 13:00:00,5.006,4.651202083,3.993162094,5.06576265,5.647049491,6.556576338,5.528,5.951365124
2021-04-26 14:00:00,4.552,5.931062169,3.668245575,4.600864933,5.134856242,5.885866887,5.358,5.871818689
2021-04-26 15:00:00,4.409,5.202958,3.517005997,4.461996667,4.973636891,5.624627262,5.047,5.582958132
2021-04-26 16:00:00,4.344,5.119521804,3.463760686,4.395002986,4.898110783,4.074114548,4.514,5.030768071
2021-04-26 17:00:00,4.364,5.122663789,3.480967694,4.415678149,4.92243606,5.568219336,3.788,4.916909867
2021-04-26 18:00:00,4.598,5.425893209,3.669899244,4.408708775,4.336470062,5.86566679,3.822,4.773747699
2021-04-26 19:00:00,5.112,6.201114987,3.94748774,5.173290968,5.766156107,6.52132959,3.611,4.124479136
2021-04-26 20:00:00,6.32,7.457830555,5.041148089,6.395469804,7.128992906,7.9,3.332,4.092646288
2021-04-26 21:00:00,6.192,6.908004648,2.967235458,6.286912089,7.45027611,7.898966982,3.447,3.708314663
2021-04-26 22:00:00,5.378,6.346433377,3.570962681,5.443293192,5.292363472,6.860515385,2.968,2.934160346
2021-04-26 23:00:00,4.451,7.318108904,4.385581131,4.504106433,4.845218525,5.678572419,2.542,2.086
2021-04-27 00:00:00,3.386,5.044830149,2.485019899,3.427082818,3.889780442,4.581074851,2.369,2.086
2021-04-27 01:00:00,2.768,3.266838567,3.540557627,2.801652538,3.122638501,3.531851811,2.38,2.405597259
2021-04-27 02:00:00,2.546,2.908344341,2.081,2.49881589,2.081,3.248382416,2.286,2.25633733
2021-04-27 03:00:00,2.245,2.649238646,2.081,2.176762544,2.607195828,2.864613085,2.288,2.489846623
2021-04-27 04:00:00,2.206,2.576825191,2.081,2.233261837,2.487829187,2.816725535,2.592,2.931835618
2021-04-27 05:00:00,2.298,2.799336459,2.081,2.081,2.592103333,2.817610547,2.7,2.989208903
2021-04-27 06:00:00,2.859,3.498515895,2.280602917,2.893452853,3.224878403,3.647421367,3.446,3.603459302
2021-04-27 07:00:00,3.853,4.509638464,3.073487041,3.737523298,4.344593009,4.913943037,4.494,4.81295233
2021-04-27 08:00:00,3.692,4.353840779,2.943639184,3.545008328,4.164509333,4.710009078,5.29,5.788135756
2021-04-27 09:00:00,3.789,4.471255916,3.021839853,3.833636676,3.294250794,4.833706955,6.071,7.023328021
2021-04-27 10:00:00,3.987,4.704869348,3.180933288,4.152430276,4.497197961,5.086225715,6.256,6.287350386
2021-04-27 11:00:00,4.453,5.122629969,3.551915766,4.506402681,4.336021179,5.680975297,5.764,6.180379264
2021-04-27 12:00:00,4.674,4.858961218,3.127382474,4.729898971,5.508029468,5.913217148,5.856,5.318092007
2021-04-27 13:00:00,5.006,5.90725622,3.691986547,5.011980405,5.64512781,6.376074769,5.376,6.033396265
2021-04-27 14:00:00,4.552,5.371432638,3.650730291,4.22165407,6.369862762,5.806887773,5.262,5.832961225
2021-04-27 15:00:00,4.409,5.645038862,3.516763275,4.46210761,4.973806168,5.624450418,5.018,4.034156499
2021-04-27 16:00:00,4.344,5.126364243,3.464922451,4.396025128,4.899766285,5.541530246,4.607,6.012318707
2021-04-27 17:00:00,4.364,6.043713751,3.457704488,4.429090638,4.879073711,5.56609162,4.063,2.663135528
2021-04-27 18:00:00,4.598,5.426398901,3.667536652,4.653096492,5.222522939,5.865588903,3.902,4.278469875
2021-04-27 19:00:00,5.112,6.03175958,4.077462059,5.17324874,5.766068174,6.521318495,3.334,3.815542569
2021-04-27 20:00:00,6.32,7.457815773,5.041170114,6.395817571,7.128696633,7.9,3.437,3.866275108
2021-04-27 21:00:00,6.192,7.307533211,4.93584062,6.338467169,6.444528681,7.899869486,3.064,3.239669914
2021-04-27 22:00:00,5.378,6.347032334,4.290255054,5.155118531,6.835002721,6.861494428,2.484,3.119521273
2021-04-27 23:00:00,4.451,5.199952132,3.502112527,4.504306025,4.665323658,7.057167658,2.304,4.355937772
2021-04-28 00:00:00,3.386,3.996407851,3.115227732,3.428067728,3.819997103,4.459084048,2.319,2.625239675
2021-04-28 01:00:00,2.768,3.267199256,2.207121246,2.801933717,3.597298612,3.416151592,2.236,2.432575879
2021-04-28 02:00:00,2.546,3.005115529,2.081,2.597193765,2.872249352,3.249863161,2.314,2.918333769
2021-04-28 03:00:00,2.245,2.647383966,2.081,2.270405124,2.530894675,2.860711763,2.327,2.520145769
2021-04-28 04:00:00,2.206,2.487737531,2.081,2.234527443,3.17319073,2.815525927,2.792,2.867701839
2021-04-28 05:00:00,2.298,2.710476283,2.081,2.325579119,2.591504772,2.93115729,2.756,3.140987481
2021-04-28 06:00:00,2.859,3.373673479,2.369458728,2.893242111,5.009776066,3.648022317,3.396,3.220222263
2021-04-28 07:00:00,3.853,4.93826151,3.073239477,3.781445727,4.345857235,4.571164827,4.376,3.532383328
2021-04-28 08:00:00,3.692,4.361122496,2.944680315,5.520999386,4.164062716,4.71089502,5.024,5.316975561
2021-04-28 09:00:00,3.789,5.31042384,3.231745164,4.270249414,4.276889209,4.83497532,5.396,6.120143273
2021-04-28 10:00:00,3.987,4.70408863,3.179666689,4.032781007,4.496509701,5.030313504,5.668,6.204124061
2021-04-28 11:00:00,4.453,5.253809972,3.55141525,4.50572865,4.981971332,5.685873459,5.567,6.163995132
2021-04-28 12:00:00,4.674,5.514373942,3.722742069,4.729088105,5.27097069,5.961386216,5.739,6.069235375
2021-04-28 13:00:00,5.006,5.905668394,3.992618932,5.064937497,5.645325182,6.487552468,5.443,5.879840154
2021-04-28 14:00:00,4.552,4.781924771,3.628962417,4.605433552,5.131507478,5.804133464,5.326,5.64923049
2021-04-28 15:00:00,4.409,5.69031616,3.515723108,4.460479902,5.156991109,5.622425928,5.057,3.488701133
2021-04-28 16:00:00,4.344,5.124366604,3.514105099,4.394470362,4.921043576,5.534960924,4.479,4.909112572
2021-04-28 17:00:00,4.364,5.147731819,3.479651911,4.414689852,4.920621685,5.56504505,4.286,4.518365536
2021-04-28 18:00:00,4.598,5.423888232,2.662166776,4.704064287,5.184436668,6.082330409,4.092,4.279299078
2021-04-28 19:00:00,5.112,5.802950208,4.075787747,5.172068301,5.772181919,6.518964746,3.375,2.130649142
2021-04-28 20:00:00,6.32,7.458994659,5.039618592,6.393779498,7.126426962,7.9,3.402,3.829386911
2021-04-28 21:00:00,6.192,7.258000759,3.863142058,7.041374624,6.921811855,7.948366253,3.05,3.540639373
2021-04-28 22:00:00,5.378,6.347633469,3.136690567,5.443236235,6.067683807,6.861739589,2.695,3.10934668
2021-04-28 23:00:00,4.451,5.250741628,3.548294115,4.501728282,5.017704787,5.675034609,2.477,2.770704861
2021-04-29 00:00:00,3.386,3.661143558,2.702501947,3.428918577,3.903508272,4.322187278,2.292,3.493419175
2021-04-29 01:00:00,2.768,3.26941244,2.209974844,2.688050571,3.125784891,4.306585201,2.13,2.382462274
2021-04-29 02:00:00,2.546,3.007685155,2.081,2.579839087,2.875467882,3.400840023,2.126,2.602647779
2021-04-29 03:00:00,2.245,2.623668296,2.081,2.249257195,2.507020745,2.835701132,2.216,2.591474158
2021-04-29 04:00:00,2.206,2.614976191,2.081,2.237559079,2.612903291,2.820167547,2.558,3.859561133
2021-04-29 05:00:00,2.298,2.926511505,2.081,2.344259288,2.596873095,2.935366081,2.774,3.198938792
2021-04-29 06:00:00,2.859,3.311962714,2.285620553,2.836819287,3.232378841,3.661994586,3.598,3.750762232
2021-04-29 07:00:00,3.853,4.555245606,3.080422727,4.690170958,4.354080885,4.924733089,4.626,4.450924096
2021-04-29 08:00:00,3.692,4.375651245,2.951242569,3.743411271,4.173343427,4.719877073,5.536,5.304562017
2021-04-29 09:00:00,3.789,4.482534247,3.029195079,3.843216738,4.283581083,4.83572921,5.704,5.546817416
2021-04-29 10:00:00,3.987,4.715652414,3.187588252,4.044270353,4.507578523,5.065818802,5.851,5.598612585
2021-04-29 11:00:00,4.453,5.269173674,3.559792776,4.516451707,5.033827366,5.695642564,6.284,5.852287875
2021-04-29 12:00:00,4.674,5.528769398,4.058505859,4.740696548,5.28682348,5.97597037,6.324,6.254515901
2021-04-29 13:00:00,5.006,5.92027844,4.002277152,4.966865335,6.869977911,6.40325361,5.547,6.160298901
2021-04-29 14:00:00,4.552,5.385717666,3.639806948,4.615728463,5.148379684,5.822757801,5.274,5.575413413
2021-04-29 15:00:00,4.409,5.216367337,3.526116063,4.345692592,4.986283622,5.639116502,5.077,5.221810244
2021-04-29 16:00:00,4.344,5.515039437,4.641619008,4.40308691,4.540234546,5.568157069,4.603,4.527840638
2021-04-29 17:00:00,4.364,5.25125814,4.734526493,4.431991952,4.142143966,5.586497076,4.04,4.431303278
2021-04-29 18:00:00,4.598,6.196304981,3.621251159,4.662706496,5.799933604,5.795153064,3.596,4.138570801
2021-04-29 19:00:00,5.112,5.913139022,3.997034679,5.125619413,5.153494265,6.392441274,3.594,3.876963797
2021-04-29 20:00:00,6.32,6.969427279,4.40651425,6.402872394,7.056856628,7.9,3.455,3.802663362
2021-04-29 21:00:00,6.192,7.544397963,4.790144192,6.078199171,6.773936428,7.660984663,3.101,2.086
2021-04-29 22:00:00,5.378,6.433705084,4.169241741,5.517281742,6.148661094,6.951521859,2.63,2.989691287
2021-04-29 23:00:00,4.451,5.392090408,3.568010776,4.414130456,5.04510886,5.706074598,2.379,2.54519168
2021-04-30 00:00:00,3.413,4.105314703,2.774940109,2.801964476,3.924018076,4.438190432,2.292,2.538339183
2021-04-30 01:00:00,2.944,3.481737508,2.275570419,2.989136168,3.332478827,3.768159842,2.242,2.37448722
2021-04-30 02:00:00,2.66,3.097084999,2.093094184,2.655681139,2.959201363,4.089236473,2.21,2.537928935
2021-04-30 03:00:00,2.212,3.858529946,2.081,2.657153617,2.50721257,2.835606599,2.207,2.086
2021-04-30 04:00:00,2.156,2.529209301,2.081,2.169062656,2.081,2.734259604,2.625,2.695280844
2021-04-30 05:00:00,2.192,2.535603205,2.081,2.17368239,2.423780273,2.741100503,2.82,2.886177068
2021-04-30 06:00:00,2.21,3.022058528,2.081,2.59196228,2.888454359,3.292200505,3.028,3.409635515
2021-04-30 07:00:00,3.006,3.624259301,2.081,3.653818188,4.164709337,4.494601461,3.588,4.206070992
2021-04-30 08:00:00,3.431,3.430093708,2.749506281,3.49708878,3.898511939,4.409278412,4.35,4.614738182
2021-04-30 09:00:00,4.058,4.622390101,3.124252165,3.963769207,4.417953973,4.996631228,4.439,4.932452689
2021-04-30 10:00:00,4.51,5.380324723,3.636799377,4.614049452,5.149968409,5.816490681,4.668,5.6718
2021-04-30 11:00:00,5.838,6.163121681,4.165972178,5.292048404,5.891049313,7.438626549,4.932,5.412604193
2021-04-30 12:00:00,5.368,6.331760495,3.520583852,5.96186797,6.094750802,6.07235555,4.853,5.493352415
2021-04-30 13:00:00,5.953,6.827704586,4.615200709,5.855325514,6.526205906,7.382719768,4.472,4.996679483
2021-04-30 14:00:00,5.13,5.799341566,3.920651619,4.485521838,5.762170004,6.253204413,4.328,5.231751918
2021-04-30 15:00:00,4.999,5.581540721,3.772779405,4.784975044,5.3350697,5.245079675,4.236,4.906095602
2021-04-30 16:00:00,4.309,5.559172416,2.736632444,4.767601903,5.313891637,6.009939792,3.664,4.435342733
2021-04-30 17:00:00,4.519,5.631772588,3.806779034,5.346670078,5.428379806,6.088270802,3.363,5.564578291
2021-04-30 18:00:00,4.264,5.908046573,3.055747019,5.065500285,5.17648439,5.589260223,3.422,3.809913239
2021-04-30 19:00:00,4.354,6.382578583,4.428506718,5.838165682,6.115871188,6.916419784,3.344,2.086
2021-04-30 20:00:00,5.842,7.5475,5.574579962,6.851353412,7.5475,8.636978905,3.466,3.75932169
2021-04-30 21:00:00,6.038,7.661205259,5.171251881,6.563978899,7.315208023,8.272804283,2.942,2.592707139
2021-04-30 22:00:00,5.249,6.834296202,4.875274277,6.18376592,6.896516724,7.5475,2.62,2.817792445
2021-04-30 23:00:00,4.332,6.022599982,4.068575282,5.167682251,5.756735546,6.513974304,2.508,2.626729075
2021-05-01 00:00:00,4.248,6.368356088,3.762997139,4.320743127,4.674170124,5.2862928,2.482,2.086
2021-05-01 01:00:00,3.874,4.211385143,4.312248668,3.72078015,4.147216341,5.010754131,2.303,2.543725981
2021-05-01 02:00:00,3.367,3.874926959,2.619319006,3.323134898,3.703896385,4.189163787,2.414,2.450588964
2021-05-01 03:00:00,2.818,4.630271803,2.246896553,2.851538454,3.17820607,4.066569191,2.388,2.086
2021-05-01 04:00:00,2.654,3.189732208,2.156162465,2.735244013,3.048970272,3.448374709,2.882,2.823028505
2021-05-01 05:00:00,2.626,3.061159557,2.167412922,2.624989244,2.925611209,3.317275436,2.83,3.037460808
2021-05-01 06:00:00,2.683,3.806683882,2.340485389,2.969573909,3.309197985,3.838154865,3.066,3.360659945
2021-05-01 07:00:00,3.592,3.893731963,3.090406326,3.918743204,4.367886246,6.323073203,3.288,3.347617021
2021-05-01 08:00:00,3.646,4.591711912,2.711898117,4.463729526,4.389045604,4.963795611,3.655,4.701878936
2021-05-01 09:00:00,4.662,5.388998671,3.712950163,3.583155133,5.284546286,5.825789514,3.869,4.841460414
2021-05-01 10:00:00,5.435,6.076448934,4.107388595,5.210404722,4.51462213,6.570102331,4.543,4.925932956
2021-05-01 11:00:00,6.362,6.989223671,4.708169787,7.236187727,6.679240749,7.609621346,4.695,5.261592742
2021-05-01 12:00:00,6.328,7.056246439,4.766871688,6.047865694,7.340304327,7.623735373,4.798,5.320072902
2021-05-01 13:00:00,6.848,7.584212586,5.5753731,6.511949103,7.764649571,8.208835657,4.67,5.076057537
2021-05-01 14:00:00,5.236,6.085592048,4.156588148,5.273565205,5.874076929,6.429754824,4.688,5.129149751
2021-05-01 15:00:00,4.944,6.366051626,3.963518609,5.055632957,5.890553316,6.370412132,4.242,4.281541402
2021-05-01 16:00:00,4.962,5.85422205,3.955898229,5.02050109,5.708896531,6.328917155,4.05,4.516180579
2021-05-01 17:00:00,5.034,5.972761188,4.00608392,5.072618715,5.517007974,6.24049224,3.601,4.0914766
2021-05-01 18:00:00,4.942,5.890493872,3.981834176,4.988309577,5.630753732,6.084078888,3.559,3.842109606
2021-05-01 19:00:00,5.169,6.242786081,4.425469328,5.073828312,6.208447951,6.748771496,3.598,3.752379924
2021-05-01 20:00:00,6.541,7.485448872,5.324868877,6.498618733,7.52939683,8.517115583,3.37,2.881906105
2021-05-01 21:00:00,6.316,7.452253704,5.037398121,6.391034353,7.123397116,8.056402554,2.944,3.27786072
2021-05-01 22:00:00,6.192,7.193476194,4.628284343,6.265578169,6.983116664,7.897890989,2.767,3.421187001
2021-05-01 23:00:00,5.15,5.101224304,4.106714604,6.559450843,6.320981213,6.567964541,2.548,2.629760392
2021-05-02 00:00:00,4.248,4.950921599,3.386838613,4.298439319,4.789496824,4.483333876,2.515,2.237221227
2021-05-02 01:00:00,3.874,4.568808425,3.007206329,3.910076026,4.366653238,4.937260725,2.552,2.478418769
2021-05-02 02:00:00,3.367,3.969160341,2.683052251,3.424789204,2.873790818,4.063492443,2.346,2.82459262
2021-05-02 03:00:00,2.818,3.960826101,2.283615623,2.908561065,3.242197423,3.670195934,2.509,2.504855427
2021-05-02 04:00:00,2.654,3.125952229,2.114220365,2.6791623,2.98546297,3.379324686,2.483,3.176082644
2021-05-02 05:00:00,2.626,3.091599745,2.089942717,2.65388368,2.965565802,3.343007418,2.401,3.00210371
2021-05-02 06:00:00,2.683,3.158132983,2.134867937,2.512719868,3.672976028,3.414188743,2.562,4.324942889
2021-05-02 07:00:00,3.592,4.083600543,2.857886816,3.628652606,4.043185401,4.61582531,2.72,3.004695214
2021-05-02 08:00:00,3.646,6.1077396,2.901656117,4.04026316,4.316780057,4.991774499,2.936,2.660799365
2021-05-02 09:00:00,4.662,5.491306355,3.711873133,6.119414963,5.256399952,6.985016945,3.363,4.948654221
2021-05-02 10:00:00,5.435,6.40318776,4.328263181,6.553584892,6.120440387,6.922124143,4.066,5.563009326
2021-05-02 11:00:00,6.362,7.496839307,5.067829931,6.429135001,7.165931199,8.10453269,3.656,4.9933
2021-05-02 12:00:00,6.328,7.642231958,4.766838112,6.514200495,6.969268054,7.568440279,3.553,4.223077041
2021-05-02 13:00:00,6.848,8.070719077,5.455389011,6.589768992,7.714443285,8.820960838,3.466,5.465531735
2021-05-02 14:00:00,5.236,6.243055472,4.304437346,5.157825544,5.897679292,6.67012604,3.509,5.587853632
2021-05-02 15:00:00,4.944,4.422912076,3.937640975,6.111961846,5.567554146,6.30134388,4.342,5.561742034
2021-05-02 16:00:00,4.962,5.846717551,3.951723533,5.015070145,5.558556223,6.321208244,4.04,4.660339683
2021-05-02 17:00:00,5.034,5.436842679,4.015601968,5.094990214,5.678473512,6.385309225,3.622,4.143541264
2021-05-02 18:00:00,4.942,7.037674566,3.75352034,4.300949274,5.567863476,5.937088804,3.471,3.078046508
2021-05-02 19:00:00,5.169,6.531469416,4.656342824,5.195827021,5.762566992,6.589917803,3.352,3.472812341
2021-05-02 20:00:00,6.541,7.399704886,5.215324856,6.616182355,7.37433411,8.468025892,3.304,3.949608802
2021-05-02 21:00:00,6.316,7.451384091,5.037048716,6.390131631,7.122275269,8.56,3.165,3.321467166
2021-05-02 22:00:00,6.192,7.310612232,4.940813246,5.975753706,6.986796422,8.043102042,2.806,3.082098076
2021-05-02 23:00:00,5.15,6.179083056,3.783983668,5.297172982,5.903444644,6.675412317,2.508,2.871942968
2021-05-03 00:00:00,4.248,5.017378979,3.200765669,4.305152446,5.088799202,5.572854672,2.468,2.642527581
2021-05-03 01:00:00,3.874,4.690085218,3.091545946,3.922313051,4.373131211,4.944380965,2.27,2.409226506
2021-05-03 02:00:00,3.367,4.006127217,2.591017479,3.434609606,4.422465895,4.330012342,2.252,2.470212869
2021-05-03 03:00:00,2.818,3.441907683,2.324814263,2.951236803,3.181800407,3.719126664,2.268,2.538944971
2021-05-03 04:00:00,2.654,3.171517563,2.140463071,2.719457525,2.925634482,3.42707238,2.85,2.900480419
2021-05-03 05:00:00,2.626,3.20568322,2.190598357,2.779951803,3.097714038,3.203387417,3.0,2.864503381
2021-05-03 06:00:00,2.683,3.464903246,3.028430748,2.971466386,3.331515117,2.959980156,3.522,3.784820371
2021-05-03 07:00:00,3.592,4.495199069,3.038543892,3.855007143,5.504793824,5.893381758,3.925,4.418002816
2021-05-03 08:00:00,3.646,4.325276333,2.886297906,3.709287235,4.17730773,4.67583741,4.474,4.872728167
2021-05-03 09:00:00,4.662,5.361485398,3.623060992,4.597271267,5.122134046,5.80144759,4.657,5.190010738
2021-05-03 10:00:00,5.435,6.606989173,4.137203621,5.07958701,5.844757866,6.610346364,4.787,6.352797046
2021-05-03 11:00:00,6.362,6.279695048,4.704244125,5.969065433,6.65298138,7.524448757,4.757,6.759573485
2021-05-03 12:00:00,6.328,7.117461162,5.934656329,6.104761375,6.750050252,7.780001912,4.892,5.8328
2021-05-03 13:00:00,6.848,7.579043018,5.099644471,6.507094504,6.351769444,8.170958997,5.072,6.175950647
2021-05-03 14:00:00,5.236,6.067774745,3.255077978,5.203544868,5.840507977,6.559296632,4.71,6.25516959
2021-05-03 15:00:00,4.944,5.792572978,3.915892632,4.969053825,5.123389085,6.262670107,4.781,5.406374693
2021-05-03 16:00:00,4.962,5.644573761,3.948506116,5.005883326,6.152217723,7.072434544,4.793,5.265274972
2021-05-03 17:00:00,5.034,6.616134266,4.004346506,5.19770065,5.662687236,6.404117357,4.427,4.093175157
2021-05-03 18:00:00,4.942,5.946196445,4.021163988,5.101541809,5.686132979,6.430923619,4.582,4.482314804
2021-05-03 19:00:00,5.169,6.224304761,4.140451553,5.3378964,5.949481181,6.728812888,4.699,3.952094364
2021-05-03 20:00:00,6.541,7.791270459,4.425018587,6.681735832,7.43538422,8.56,4.01,4.03925833
2021-05-03 21:00:00,6.316,7.60236162,5.975146318,6.520966747,7.268114788,8.22000941,3.656,3.800185139
2021-05-03 22:00:00,6.192,7.222658024,4.882053178,6.194073521,6.902693704,7.808089232,2.895,3.222763781
2021-05-03 23:00:00,5.15,5.965851193,4.032895215,5.614470928,5.702434764,6.42244885,2.698,2.91719921
2021-05-04 00:00:00,3.888,4.780810554,3.238695966,4.100256873,5.199602935,5.168688994,2.444,3.896274741
2021-05-04 01:00:00,3.247,4.207375993,2.84385693,3.60923243,4.273177873,6.253226907,2.362,3.505357547
2021-05-04 02:00:00,2.94,3.614510841,2.502383604,3.612022553,3.539625346,4.002450504,2.318,2.547060437
2021-05-04 03:00:00,2.651,3.141236225,2.123479893,2.694116782,2.510002676,3.396031342,2.338,2.706217678
2021-05-04 04:00:00,2.501,2.951753384,2.081,2.531356614,2.82148191,3.220130379,2.843,3.197624513
2021-05-04 05:00:00,2.484,2.97951859,2.081,2.563316399,2.857372865,3.234570041,3.076,3.397365953
2021-05-04 06:00:00,2.943,3.343983491,2.081,2.740201535,3.157696045,3.454255645,3.928,2.512143124
2021-05-04 07:00:00,3.748,4.175360324,2.822394353,3.580289494,3.992523539,4.512870403,4.86,5.146784214
2021-05-04 08:00:00,3.661,3.781065788,2.081,4.09492744,3.80788634,4.773379602,5.098,5.642441734
2021-05-04 09:00:00,3.82,4.704184949,3.179885332,4.034420504,4.496982796,5.085632282,5.419,5.900782971
2021-05-04 10:00:00,4.196,5.350119383,3.546608711,4.588697676,5.114448446,5.8173432,6.408,7.029140915
2021-05-04 11:00:00,4.499,6.040948622,4.083526124,5.181274599,5.673582284,6.53059756,7.063,7.565573203
2021-05-04 12:00:00,4.978,6.336606813,4.283173358,5.433489411,6.056870543,6.850221595,6.988,7.58106231
2021-05-04 13:00:00,5.14,6.713373729,4.537966651,5.756353299,6.560941518,7.257693436,7.092,6.778202065
2021-05-04 14:00:00,4.51,5.441809296,3.679754305,5.519458702,5.203278688,6.671800834,6.204,6.705852713
2021-05-04 15:00:00,4.408,5.262577406,3.529015849,4.477294583,4.814610913,5.644503419,5.588,6.216610397
2021-05-04 16:00:00,4.493,5.286037397,3.573359533,4.535034566,5.145353053,6.46717108,4.982,5.518835074
2021-05-04 17:00:00,4.578,5.382101163,4.853474544,4.586373461,6.193019971,5.855887241,4.668,5.110615245
2021-05-04 18:00:00,4.808,5.500658118,3.584431192,4.717168795,5.250069575,6.082756055,4.268,5.71875877
2021-05-04 19:00:00,5.078,5.798653274,3.723949509,4.48495518,5.568770671,6.268714416,4.12,4.524383391
2021-05-04 20:00:00,6.373,7.362400374,4.978074661,6.315823577,7.47402291,7.96625,3.588,4.147049643
2021-05-04 21:00:00,6.305,7.215375496,4.874382763,6.18790525,6.896918019,7.802051031,3.323,3.702804594
2021-05-04 22:00:00,5.694,6.716091454,4.539574716,5.759121875,6.419465881,7.260247417,2.824,3.078301895
2021-05-04 23:00:00,4.893,5.76953225,4.321411828,5.579122014,5.51494034,6.237014744,2.596,2.93698918
2021-05-05 00:00:00,3.888,4.526482049,3.059678942,3.881070498,4.326323266,4.893322145,2.488,2.744108119
2021-05-05 01:00:00,3.247,3.89182723,2.630670005,3.419247682,3.31577266,4.207289163,2.514,2.633819378
2021-05-05 02:00:00,2.94,3.468315064,2.081,2.973898515,3.315105094,3.749324194,2.326,2.560319082
2021-05-05 03:00:00,2.651,2.981660194,2.081,3.235417077,3.063614961,3.22358587,2.397,2.547597832
2021-05-05 04:00:00,2.501,2.815300198,2.081,2.414761582,2.691008202,3.049008602,2.818,3.095684828
2021-05-05 05:00:00,2.484,3.849546098,2.081,2.513266861,2.804885062,2.520103623,2.904,3.20741249
2021-05-05 06:00:00,2.943,3.475363694,2.455800118,3.087490605,3.323671707,3.861288805,3.566,4.063323676
2021-05-05 07:00:00,3.748,4.428883895,2.991332516,4.327993955,4.233192289,5.028148926,5.53,5.52999505
2021-05-05 08:00:00,3.661,4.104879474,2.774366954,3.223029878,3.922556393,4.437048201,6.274,6.650692473
2021-05-05 09:00:00,3.82,4.514677704,3.04826056,3.868643986,4.316249613,4.881385419,7.316,5.93779091
2021-05-05 10:00:00,4.196,4.947657973,3.352433078,4.233374184,5.297726779,5.361587363,7.612,8.222783648
2021-05-05 11:00:00,4.499,5.317390409,3.787240868,4.496387523,5.082748064,5.748405184,7.582,8.21644073
2021-05-05 12:00:00,4.978,5.785740796,3.975784583,5.044891862,5.833565222,6.359473648,7.476,8.135451288
2021-05-05 13:00:00,5.14,6.07400709,4.105704605,5.477510567,5.805667411,6.566132941,7.108,7.72771969
2021-05-05 14:00:00,4.51,5.331065288,3.59784101,5.14463105,5.094970479,5.762330964,7.364,6.659180045
2021-05-05 15:00:00,4.408,4.982490076,3.299499226,4.468137903,4.981353247,5.28261137,6.681,7.105136255
2021-05-05 16:00:00,4.493,5.427505329,4.18878691,4.55415387,5.131447647,5.740779478,5.944,6.216354579
2021-05-05 17:00:00,4.578,5.406369346,3.655251505,4.636509648,5.16757841,5.844661895,5.381,5.704642096
2021-05-05 18:00:00,4.808,5.577527696,3.675898595,5.080702609,5.429728337,6.140753721,4.583,5.056811809
2021-05-05 19:00:00,5.078,5.99419084,4.054315306,5.223369128,5.775165949,6.484581978,4.364,5.157556839
2021-05-05 20:00:00,6.373,7.525808622,5.086994151,6.476999345,7.099172946,7.96625,4.021,4.315262609
2021-05-05 21:00:00,6.305,7.444688263,5.108470159,6.384819077,7.115912836,8.015479175,3.367,3.811790678
2021-05-05 22:00:00,5.694,6.719553606,4.405664706,5.570158357,6.42983857,7.264043664,2.964,3.112388745
2021-05-05 23:00:00,4.893,5.77424217,3.901153573,4.953690324,5.519338524,6.243067151,2.745,4.666678304
2021-05-06 00:00:00,3.888,4.590460732,3.102901043,3.940250888,5.854513335,4.592933231,2.623,2.876313504
2021-05-06 01:00:00,3.247,3.833724139,2.302449742,3.284941937,3.664517428,4.633607054,2.393,2.712666783
2021-05-06 02:00:00,2.94,3.854803006,2.348855877,2.081,3.316408406,3.749725252,2.426,2.679572863
2021-05-06 03:00:00,2.651,3.459556733,2.206279318,2.625745531,2.658226146,3.309814669,2.398,2.616081754
2021-05-06 04:00:00,2.501,2.950664778,2.081,2.530785983,2.820842295,3.190397605,2.8,3.137821288
2021-05-06 05:00:00,2.484,2.930045922,2.081,2.25059873,2.800688054,2.910462726,2.87,3.309371889
2021-05-06 06:00:00,2.943,3.471632699,2.417929347,2.977357497,3.318353656,4.778155408,3.718,4.777821788
2021-05-06 07:00:00,3.748,4.420119541,2.988891504,3.792077337,4.412058036,4.780740357,4.999,5.583478852
2021-05-06 08:00:00,3.661,4.319379359,2.978612376,3.704196889,4.128935367,4.668762783,6.432,7.145377917
2021-05-06 09:00:00,3.82,4.411579073,3.046432072,2.883515132,4.151687071,4.872199433,6.916,5.874515717
2021-05-06 10:00:00,4.196,4.950634289,3.195600797,4.245329068,4.73211153,5.349801745,7.738,7.232096799
2021-05-06 11:00:00,4.499,5.307911121,3.588127567,4.552248998,5.073819593,5.742224712,8.355,8.748806189
2021-05-06 12:00:00,4.978,5.873603372,3.970149242,5.082304375,5.614182242,6.349549878,8.249,7.183768923
2021-05-06 13:00:00,5.14,6.072123583,4.095621029,5.201059256,5.796978148,6.53074221,7.514,7.543686929
2021-05-06 14:00:00,4.51,5.32130803,3.59586894,4.563573563,5.349504151,5.752732776,7.171,7.871564074
2021-05-06 15:00:00,4.408,5.201363879,3.515819068,4.460647817,4.972112333,5.623589326,6.486,6.278629282
2021-05-06 16:00:00,4.493,5.300718742,3.583768923,3.704903619,5.067811684,5.741181395,5.857,5.965389296
2021-05-06 17:00:00,4.578,5.401834151,3.751586184,4.624245718,5.163433838,5.840320454,5.202,7.21829636
2021-05-06 18:00:00,4.808,4.985381996,3.835507401,4.862828881,5.423350773,6.13409493,4.66,5.308281328
2021-05-06 19:00:00,5.078,5.953437288,4.057610316,5.139130168,5.727037682,6.478297686,4.688,4.907621906
2021-05-06 20:00:00,6.373,7.96625,5.083673985,6.449776136,7.189352507,7.96625,4.022,4.387415931
2021-05-06 21:00:00,6.305,7.440630963,5.02945496,6.380572318,7.224029045,7.65719312,3.405,3.60739195
2021-05-06 22:00:00,5.694,6.719235075,4.37502061,5.762283119,6.859499463,7.263815981,2.796,3.11406133
2021-05-06 23:00:00,4.893,5.583772908,3.902916465,4.95176978,5.519232506,6.242044848,2.622,2.086
2021-05-07 00:00:00,3.888,4.599363131,2.894944769,3.931382492,6.321855544,4.959158163,2.565,3.242694738
2021-05-07 01:00:00,3.247,3.830963742,2.587992893,3.286033507,2.941093776,4.088646842,2.319,2.523299228
2021-05-07 02:00:00,2.94,3.494619619,2.338407833,2.975474223,3.316132472,3.75060843,2.356,2.411347586
2021-05-07 03:00:00,2.651,3.128051524,2.407204727,2.682508436,2.989822076,3.381436527,2.294,2.520440104
2021-05-07 04:00:00,2.501,2.950901577,2.081,2.130495385,2.809017943,3.18896715,2.72,3.074579131
2021-05-07 05:00:00,2.484,2.823901299,2.081,2.516584009,2.801880635,3.521432908,2.964,3.458896105
2021-05-07 06:00:00,2.943,3.472774104,2.34731531,2.368990835,3.212609639,2.858505533,3.786,3.947439426
2021-05-07 07:00:00,3.748,4.422677662,2.989860151,3.793778184,4.227171012,4.781187772,5.265,5.766039659
2021-05-07 08:00:00,3.661,4.318739127,2.913823405,3.704703598,4.129276606,4.669785292,6.084,5.499620875
2021-05-07 09:00:00,3.82,5.293867408,3.046705197,3.86564267,4.271973464,4.872945488,7.248,5.156560689
2021-05-07 10:00:00,4.196,4.677708602,3.416797107,4.365479788,5.698738723,5.372980172,7.735,6.133557423
2021-05-07 11:00:00,4.499,5.308644231,3.634635029,4.552769301,5.074511564,5.74456967,8.153,9.268155819
2021-05-07 12:00:00,4.978,5.87416442,3.973899467,5.037464472,5.614275406,6.350310541,7.75,6.343986783
2021-05-07 13:00:00,5.14,5.870148341,4.100135133,5.201578985,6.359345595,6.557388651,7.45,6.174165259
2021-05-07 14:00:00,4.51,5.3216702,4.304475111,4.557052523,5.08691508,5.753282681,7.454,7.617456763
2021-05-07 15:00:00,4.408,5.201419632,3.514571941,4.557518666,4.975644694,6.130777807,6.911,5.598039193
2021-05-07 16:00:00,4.493,5.308377561,3.583694059,4.263037696,4.775081715,6.214154464,6.102,5.240524057
2021-05-07 17:00:00,4.578,5.398834918,4.062551185,2.220653053,5.16755687,5.842528873,5.566,5.990782808
2021-05-07 18:00:00,4.808,6.148257367,3.835441928,4.865415073,6.69421976,7.068008636,5.208,4.888111677
2021-05-07 19:00:00,5.078,6.205384602,4.046522626,5.138673307,5.694945272,6.477678815,4.389,3.891892716
2021-05-07 20:00:00,6.373,7.522629501,5.083403451,6.449144464,7.188163083,7.96625,4.216,4.422872379
2021-05-07 21:00:00,6.305,7.44193567,5.031015984,5.884533103,7.033340256,8.037440938,3.343,3.73784444
2021-05-07 22:00:00,5.694,6.956115478,4.515444168,5.762784064,6.420209902,7.261500847,2.846,2.260210049
2021-05-07 23:00:00,4.893,5.773527957,3.899306944,4.951317036,5.745180506,6.241602449,2.58,2.734242165
2021-05-08 00:00:00,4.248,4.588043578,3.101278711,3.483955902,5.255444699,4.911224569,2.44,2.680802868
2021-05-08 01:00:00,3.874,3.828166607,2.277493804,3.337143506,3.664481579,4.143882367,2.362,2.377455311
2021-05-08 02:00:00,3.367,2.603517229,2.34717314,2.978012992,3.318877797,3.753598794,2.278,2.086
2021-05-08 03:00:00,2.818,2.783599505,2.328607825,2.265675474,2.995131017,3.348456298,2.36,2.458218543
2021-05-08 04:00:00,2.654,2.960686345,2.081,2.607022021,2.556324643,3.200563799,2.766,3.061619647
2021-05-08 05:00:00,2.626,2.948435356,2.081,2.527998285,2.817098175,3.085386016,2.945,3.939286857
2021-05-08 06:00:00,2.683,3.49916461,2.383698623,2.998768607,3.342407172,3.780617339,3.316,3.845721568
2021-05-08 07:00:00,3.592,4.458157234,3.013325168,4.389310057,4.261976985,4.819771589,3.88,6.333764494
2021-05-08 08:00:00,3.646,4.369979006,2.790740269,3.747310767,3.932979424,4.723775229,4.0,4.588607028
2021-05-08 09:00:00,4.662,4.575088119,3.093594141,3.920811944,4.373251303,4.945965586,4.623,5.673062311
2021-05-08 10:00:00,5.435,5.253847905,4.220928904,2.086966083,4.888682581,5.681050349,5.414,6.130184378
2021-05-08 11:00:00,6.362,5.390896473,3.989197482,4.832827088,5.505066287,6.092076777,5.318,6.2261
2021-05-08 12:00:00,6.328,6.223823706,4.250195547,6.815806314,5.949912395,6.72867074,5.059,5.751100586
2021-05-08 13:00:00,6.848,6.303012864,4.351606491,5.879679176,6.153570206,7.91505181,4.953,5.623071966
2021-05-08 14:00:00,5.236,5.7176457,3.739656796,4.903817989,5.464684659,6.180498256,4.719,8.589376489
2021-05-08 15:00:00,4.944,4.586139583,3.718473241,4.833542981,5.3720936,6.075020658,4.474,5.021925583
2021-05-08 16:00:00,4.962,5.742845971,3.881910966,4.778715526,5.492003216,6.208359844,4.234,4.915688009
2021-05-08 17:00:00,5.034,4.098268342,4.81510828,5.531902788,6.076484656,6.275276179,4.172,6.681798171
2021-05-08 18:00:00,4.942,6.18933701,4.097248107,5.88567802,5.916785549,6.691015628,4.131,5.837245616
2021-05-08 19:00:00,5.169,6.549228127,4.426928657,4.612523381,6.250874116,8.510306709,4.053,4.811656299
2021-05-08 20:00:00,6.541,8.100425347,5.4748531,6.732758094,7.741890312,8.56,3.777,4.169530568
2021-05-08 21:00:00,6.316,8.030429171,4.91531664,6.886810089,7.732543218,8.680564033,3.365,3.608411582
2021-05-08 22:00:00,6.192,7.305769286,3.868076126,6.266184621,6.98444817,7.519064742,2.79,3.138495583
2021-05-08 23:00:00,5.15,5.96001575,4.299738805,5.455455698,6.013146292,6.877172929,2.53,2.544901954
2021-05-09 00:00:00,4.248,5.171653944,3.493074119,4.435097142,4.943272016,5.590708266,2.551,2.798707896
2021-05-09 01:00:00,3.874,4.407184631,2.979499685,3.703617584,4.21261275,4.764096172,2.408,2.486169695
2021-05-09 02:00:00,3.367,4.030965146,3.145138936,3.456877991,3.853024083,4.357663061,2.319,2.341359171
2021-05-09 03:00:00,2.818,3.66236549,2.614435756,3.144014808,3.503418584,3.963200437,2.344,2.73427084
2021-05-09 04:00:00,2.654,3.450563127,2.939891861,3.9045924,3.29848149,3.742376744,2.953,2.927883626
2021-05-09 05:00:00,2.626,2.822644042,2.293048563,2.877110571,3.205771394,3.383454749,2.916,3.095253937
2021-05-09 06:00:00,2.683,3.874703554,2.905392594,2.517389557,3.704147813,4.222994931,3.294,3.753029207
2021-05-09 07:00:00,3.592,4.804924365,3.247894304,4.123341292,4.59223099,5.194534451,3.284,6.336708411
2021-05-09 08:00:00,3.646,4.682088974,5.222532635,4.951969282,4.475621306,5.061463212,3.612,5.698573061
2021-05-09 09:00:00,4.662,4.85334454,3.27493204,3.627561494,4.551494106,5.249539983,4.09,6.430864326
2021-05-09 10:00:00,5.435,5.271832969,3.565112824,4.521461412,5.03960764,5.699758223,4.225,7.012555982
2021-05-09 11:00:00,6.362,5.608587259,3.789033756,4.810078093,5.360838541,6.124812817,4.386,5.5913
2021-05-09 12:00:00,6.328,5.79553296,4.157873144,6.013296904,5.876274432,7.041014276,4.604,6.981191435
2021-05-09 13:00:00,6.848,6.117861072,4.135268557,6.497784339,5.847385562,6.613656998,4.799,7.073755652
2021-05-09 14:00:00,5.236,5.23177105,3.621313185,4.59435869,5.191989074,5.790307189,4.715,9.388828746
2021-05-09 15:00:00,4.944,4.868330404,2.887931207,4.04516509,3.93675435,5.647833409,4.862,6.419433285
2021-05-09 16:00:00,4.962,5.315721015,3.402861975,4.558646448,5.085146456,5.176835709,4.392,5.81407048
2021-05-09 17:00:00,5.034,5.409977129,3.747475315,4.639535919,5.17115654,6.555660299,3.814,7.188774588
2021-05-09 18:00:00,4.942,5.677668623,3.838038307,4.86908268,5.425123215,6.045609815,3.728,6.495016935
2021-05-09 19:00:00,5.169,7.361756376,4.129211758,5.141058046,5.729346153,6.278745008,3.956,4.359705099
2021-05-09 20:00:00,6.541,6.715738666,5.084381649,6.450529626,7.189595107,8.130695437,3.914,4.498445654
2021-05-09 21:00:00,6.316,7.444666306,4.453179919,6.384553064,7.116030358,8.048059028,3.596,4.221971386
2021-05-09 22:00:00,6.192,6.719904138,4.542250347,5.762487303,7.162094092,7.366572517,2.839,3.38626083
2021-05-09 23:00:00,5.15,5.774907463,4.021088712,4.952941784,5.653529548,6.241468012,2.643,3.101870487
2021-05-10 00:00:00,3.888,4.588224601,3.101266063,3.934748491,4.351718843,4.471849989,2.694,3.053660538
2021-05-10 01:00:00,3.247,3.758188591,2.590048468,3.286048482,3.666809613,4.142313901,2.455,2.935514412
2021-05-10 02:00:00,2.94,3.46920235,2.502219265,2.975365873,4.705432404,3.749990602,2.606,2.908882299
2021-05-10 03:00:00,2.651,3.129494435,2.112049124,2.682372308,2.990323185,3.382000389,2.529,2.973831822
2021-05-10 04:00:00,2.501,2.951394008,2.521013665,2.5307746,2.820810927,3.187687545,3.227,3.57603407
2021-05-10 05:00:00,2.484,3.149444191,2.081,2.502619669,2.80194911,2.8293123,3.29,2.086
2021-05-10 06:00:00,2.943,3.472935197,2.347428926,2.972817115,3.319692591,3.755307464,4.372,4.351876437
2021-05-10 07:00:00,3.748,4.422372498,2.989649411,3.800683112,4.871588979,4.781522487,6.38,6.810878004
2021-05-10 08:00:00,3.661,4.320024576,4.170621632,3.440593139,4.129565958,3.688914448,8.51,7.218126626
2021-05-10 09:00:00,3.82,5.061122065,3.549536846,3.865937626,4.308883129,5.647264389,9.404,7.773606277
2021-05-10 10:00:00,4.196,4.951777248,3.322257716,3.412616259,4.733029255,5.359624517,10.162,9.020235676
2021-05-10 11:00:00,4.499,5.302313747,2.929694189,4.427990572,4.756742366,6.476736748,9.907,11.08392776
2021-05-10 12:00:00,4.978,5.874465121,3.970763757,5.033796807,5.614555984,6.532073902,10.132,8.616280721
2021-05-10 13:00:00,5.14,6.065623254,4.099968025,5.201806704,5.797824663,6.557261516,10.084,8.376527111
2021-05-10 14:00:00,4.51,5.322155987,3.597819915,4.401296638,5.087189503,5.753313873,9.603,10.46935225
2021-05-10 15:00:00,4.408,5.201160321,3.516079169,4.026126719,4.633096055,5.623197032,9.128,8.440558728
2021-05-10 16:00:00,4.493,5.303032529,3.583908644,4.54699009,4.973202999,5.759745333,8.546,7.485793825
2021-05-10 17:00:00,4.578,5.360857038,3.651708097,4.575077429,5.163177396,5.937086955,7.468,8.05219742
2021-05-10 18:00:00,4.808,5.67377436,3.835170473,4.866707114,5.423298617,6.133726461,6.682,7.289990118
2021-05-10 19:00:00,5.078,5.99215472,4.050537592,5.139005598,5.80218338,6.365425472,5.477,5.920834419
2021-05-10 20:00:00,6.373,7.573824436,5.083511715,6.449567194,7.370279827,7.96625,4.646,2.086
2021-05-10 21:00:00,6.305,7.693069579,5.16901407,6.384043328,7.115462546,8.046426796,4.412,2.086
2021-05-10 22:00:00,5.694,6.719258171,5.047831753,5.76236029,6.444989724,7.264441722,3.476,5.259267225
2021-05-10 23:00:00,4.893,5.774056925,3.90350593,4.945803512,5.519171088,6.2791472,3.0,3.657089608
2021-05-11 00:00:00,3.888,4.587855523,3.101196532,3.931773743,4.383409925,4.959732038,2.846,3.304361193
2021-05-11 01:00:00,3.247,3.607839648,3.804103642,2.792993821,3.66232742,4.156679782,2.711,2.283976495
2021-05-11 02:00:00,2.94,4.047687716,3.006795148,2.919688221,3.316089856,3.749677782,2.767,2.086
2021-05-11 03:00:00,2.651,3.797805598,2.114728359,2.215393542,2.990110002,3.382960604,2.799,2.086
2021-05-11 04:00:00,2.501,4.272266488,2.081,2.081,2.82088061,3.940445452,3.149,2.086
2021-05-11 05:00:00,2.484,2.930847818,2.081,2.504053399,2.808784418,3.803229662,3.284,3.883445628
2021-05-11 06:00:00,2.943,3.490378281,2.347403227,2.982697529,3.319407481,3.814212975,4.166,4.560664196
2021-05-11 07:00:00,3.748,3.920371608,2.989543663,3.728668868,4.445822352,4.776106668,6.701,7.283288241
2021-05-11 08:00:00,3.661,4.320118745,2.952462829,3.687224261,4.129598792,5.277584964,7.879,8.568792103
2021-05-11 09:00:00,3.82,4.507753254,3.049272551,3.86015366,4.308168768,4.87314591,8.7,9.865676227
2021-05-11 10:00:00,4.196,4.951477692,3.347014831,4.23709157,4.732903946,5.352495723,10.009,10.90263234
2021-05-11 11:00:00,4.499,5.308996596,3.705070419,4.553010158,5.842890585,5.764727923,9.618,10.62819707
2021-05-11 12:00:00,4.978,5.872794376,3.970629727,4.968853871,5.615039331,6.096421149,9.251,10.01868115
2021-05-11 13:00:00,5.14,5.866043694,4.099369014,5.198757711,5.809979233,6.55718859,8.904,8.991804343
2021-05-11 14:00:00,4.51,5.321186484,3.598729125,4.571812788,5.087178159,5.755006851,9.026,10.00237022
2021-05-11 15:00:00,4.408,5.203219078,4.228665847,4.460948103,4.97204016,6.894506093,8.488,9.002653946
2021-05-11 16:00:00,4.493,5.302349422,3.582242277,5.812701073,5.067993049,5.73184484,8.126,8.661058877
2021-05-11 17:00:00,4.578,5.795439702,3.650722801,4.53682167,5.164571389,5.84027635,7.732,9.645153529
2021-05-11 18:00:00,4.808,5.673761701,3.83517319,4.256567909,5.423146947,6.16071221,6.883,7.444845977
2021-05-11 19:00:00,5.078,5.830568456,4.050202751,5.139013927,5.728425155,6.4781637,6.373,6.306468474
2021-05-11 20:00:00,6.373,7.96625,5.083552608,6.448072585,7.300620944,7.96625,4.763,4.343639032
2021-05-11 21:00:00,6.305,7.441251804,5.029728219,6.381608663,7.158524662,8.04432036,4.259,6.231599748
2021-05-11 22:00:00,5.694,6.423983956,4.693414433,5.761802443,7.291967865,7.263981746,3.213,3.876258004
2021-05-11 23:00:00,4.893,5.773920712,3.90101314,4.95187347,5.519193158,6.241724902,2.998,3.435434287
2021-05-12 00:00:00,3.888,4.588034123,3.199674278,3.93479046,4.386384056,4.959954002,2.886,2.806787072
2021-05-12 01:00:00,3.247,3.831744044,2.590245933,3.28596524,3.398180297,4.14013308,2.732,2.969987963
2021-05-12 02:00:00,2.94,3.469449373,2.447917968,2.960240312,3.288401744,3.751259994,2.666,2.993671352
2021-05-12 03:00:00,2.651,3.127905032,2.112918626,2.675322087,2.799509666,3.382018836,2.642,2.936860166
2021-05-12 04:00:00,2.501,2.951254579,2.081,2.504488096,2.820411014,3.191048557,3.255,3.51304771
2021-05-12 05:00:00,2.484,2.931245121,2.081,2.509254266,2.8018395,3.168860668,3.246,5.055407997
2021-05-12 06:00:00,2.943,3.472893526,2.345098134,2.976548337,3.494130804,3.265635825,3.94,4.50088172
2021-05-12 07:00:00,3.748,4.417289541,2.987243795,3.705217495,4.227629959,4.781385345,5.488,7.098687667
2021-05-12 08:00:00,3.661,4.32564277,3.032252597,4.910399324,3.052816133,4.670760992,6.72,8.238229027
2021-05-12 09:00:00,3.82,4.507943939,3.241035035,5.402496336,4.309630957,4.438396592,8.118,8.761713668
2021-05-12 10:00:00,4.196,5.003979253,4.652214257,4.246404075,4.184351964,5.352920861,9.517,9.406500764
2021-05-12 11:00:00,4.499,4.471513665,3.588992133,4.792217646,5.074735424,5.739278609,9.347,8.647109481
2021-05-12 12:00:00,4.978,5.874380726,3.292790271,5.037860241,5.61443138,6.311582743,9.108,9.917531094
2021-05-12 13:00:00,5.14,6.065425849,4.141612035,5.201755215,6.918636044,6.357220888,8.63,9.417225449
2021-05-12 14:00:00,4.51,5.453027299,3.597333341,4.564157906,5.087053998,5.764443833,8.298,9.650132305
2021-05-12 15:00:00,4.408,5.201750624,3.516191226,4.460909819,5.830494258,5.623456035,8.256,8.860929501
2021-05-12 16:00:00,4.493,5.302072024,3.58391324,4.546072795,4.063978098,5.223541009,7.302,8.377224911
2021-05-12 17:00:00,4.578,5.689329365,3.65132614,4.632892803,5.164515663,5.84027016,6.399,7.989896517
2021-05-12 18:00:00,4.808,5.67375556,4.063662366,6.556111615,4.625675728,6.131745931,5.885,7.294226728
2021-05-12 19:00:00,5.078,4.915720316,4.050547144,5.286427115,6.026784493,6.478134295,5.636,5.952599597
2021-05-12 20:00:00,6.373,7.518903932,4.999455379,6.184298237,7.18882926,7.96625,4.724,5.182166728
2021-05-12 21:00:00,6.305,7.440358822,5.46508023,6.380811761,7.110905741,8.037545449,4.323,4.648370016
2021-05-12 22:00:00,5.694,6.719492899,4.542073486,5.762402891,6.243246465,7.527000511,3.472,3.742599791
2021-05-12 23:00:00,4.893,5.77399414,3.898801718,4.951806725,5.519852461,6.243616498,2.979,3.241096081
2021-05-13 00:00:00,3.888,4.597607682,3.101304664,3.260422259,4.636165434,4.881886549,2.792,3.134969579
2021-05-13 01:00:00,3.247,3.834251103,2.590050988,3.286005199,3.59511231,4.142254522,2.655,2.931280875
2021-05-13 02:00:00,2.94,2.081,2.345108991,2.975324741,3.132092428,3.65039843,2.592,2.234392672
2021-05-13 03:00:00,2.651,4.176861083,2.113116336,2.679967017,2.99025939,3.381965664,2.57,2.253203935
2021-05-13 04:00:00,2.501,3.406864928,2.081,2.530662433,2.820905694,3.150647406,3.053,2.086
2021-05-13 05:00:00,2.484,2.875666576,2.081,2.513847816,4.123007807,3.168992424,3.248,3.232651035
2021-05-13 06:00:00,2.943,3.470369537,2.347507602,2.941110119,2.370608537,3.754425836,4.106,4.443916392
2021-05-13 07:00:00,3.748,4.42290471,2.989624478,3.788757767,4.227653817,5.055890336,6.178,6.797455743
2021-05-13 08:00:00,3.661,4.152787346,2.920252647,3.40052941,4.129625088,4.669536075,7.432,7.994575357
2021-05-13 09:00:00,3.82,4.507257824,3.047082334,3.857595958,3.976981557,4.873223304,8.259,7.912135033
2021-05-13 10:00:00,4.196,4.951588405,3.343271693,4.253493393,4.732991859,4.911010295,8.727,10.19397369
2021-05-13 11:00:00,4.499,5.309110015,3.318409061,4.553815589,5.074252547,5.739500618,9.012,10.08578643
2021-05-13 12:00:00,4.978,5.874484556,3.970677913,5.037756137,5.271137347,5.828790794,9.122,9.761562015
2021-05-13 13:00:00,5.14,6.070482141,4.098000472,5.20174965,5.797825829,6.508401048,8.696,9.451284158
2021-05-13 14:00:00,4.51,5.321173691,3.597461354,4.564199928,5.087215376,5.755026049,8.414,9.17375531
2021-05-13 15:00:00,4.408,5.200231825,3.516029142,4.460919752,4.730820811,5.623678648,8.078,8.954939879
2021-05-13 16:00:00,4.493,4.745618064,4.708750292,4.618536314,5.068012945,5.731987375,7.666,10.02742872
2021-05-13 17:00:00,4.578,5.40238767,3.643707867,4.634010647,5.164081384,5.840282112,7.328,8.016492543
2021-05-13 18:00:00,4.808,5.673758939,3.831166494,4.865020919,4.731484109,7.516760469,6.173,6.808091891
2021-05-13 19:00:00,5.078,5.881628164,3.854901213,5.143072166,5.727885293,6.47813962,5.433,4.929835667
2021-05-13 20:00:00,6.373,7.490037414,5.083533578,6.449699907,7.18887912,7.786274997,4.753,4.274054009
2021-05-13 21:00:00,6.305,7.33565394,5.029297094,6.380741014,7.11191598,7.96625,4.098,4.671835806
2021-05-13 22:00:00,5.694,6.719332304,4.541917853,7.031680062,6.72327238,7.264090937,3.46,3.717624763
2021-05-13 23:00:00,4.893,5.774116895,3.902998618,4.727367069,5.519670346,6.224207473,2.752,3.37007794
2021-05-14 00:00:00,3.888,4.588996577,3.102032968,3.895725036,4.385541126,4.960022079,2.639,2.948527651
2021-05-14 01:00:00,3.247,3.449798129,2.590782504,3.285883932,3.476689383,4.126489933,2.57,2.799237539
2021-05-14 02:00:00,2.94,3.469377814,2.345106748,2.084425313,2.081,3.731416087,2.541,2.791330334
2021-05-14 03:00:00,2.651,3.128298357,2.114859731,2.683079247,2.990236182,3.48213046,2.53,2.892198026
2021-05-14 04:00:00,2.501,2.97410932,2.081,2.531044221,2.176414157,3.222903489,2.965,3.135960902
2021-05-14 05:00:00,2.484,2.550774162,2.081,2.513729907,2.801911647,3.168500999,2.92,3.165607913
2021-05-14 06:00:00,2.943,3.561927985,2.432376462,2.978349097,3.319800695,3.754394821,4.04,5.820682436
2021-05-14 07:00:00,3.748,4.42284953,2.989610183,3.792966783,4.227444155,5.163849568,5.855,6.473120986
2021-05-14 08:00:00,3.661,4.325603165,2.921920977,2.791266253,4.156515294,4.670357389,7.009,7.63870975
2021-05-14 09:00:00,3.82,4.50780904,3.079573339,3.867203874,4.889882525,4.877937394,8.084,6.928508661
2021-05-14 10:00:00,4.196,4.967631825,3.084781095,4.246290514,4.371276354,5.265182417,9.074,9.974961236
2021-05-14 11:00:00,4.499,5.309034444,3.588496615,4.553000681,5.074263942,5.73940475,9.113,10.00042685
2021-05-14 12:00:00,4.978,7.215001209,3.970724811,5.042510471,5.279817887,6.530478362,8.7,10.47995
2021-05-14 13:00:00,5.14,6.060394387,4.099892224,5.214514317,6.569941843,7.921506089,8.284,9.155087978
2021-05-14 14:00:00,4.51,5.322001469,3.816396256,4.556758637,5.086520208,5.760407472,8.416,9.301177039
2021-05-14 15:00:00,4.408,5.201583227,3.166083372,4.915342544,4.972044455,5.623261786,8.362,9.186413732
2021-05-14 16:00:00,4.493,5.300828398,3.625478886,4.732389899,5.068437087,5.731715259,7.633,8.623919937
2021-05-14 17:00:00,4.578,5.402241065,4.681832159,4.707040213,5.163808147,5.840173923,6.921,7.695818807
2021-05-14 18:00:00,4.808,6.527881973,3.835112438,4.867289418,5.423228306,6.133765355,6.278,6.642476629
2021-05-14 19:00:00,5.078,5.99232874,4.235938069,5.138926841,5.726774613,6.400657145,5.454,6.101336745
2021-05-14 20:00:00,6.373,7.520132534,5.083462902,6.565761386,7.104096645,7.96625,4.704,5.298034212
2021-05-14 21:00:00,6.305,7.442361187,4.309953108,5.475356355,7.113412268,8.04562754,4.472,4.695974312
2021-05-14 22:00:00,5.694,6.719233836,4.541779203,5.762320028,6.422527257,7.263126911,3.826,4.029045796
2021-05-14 23:00:00,4.893,5.773977631,3.902912713,4.106922573,5.518805775,6.117240443,3.04,3.184641109
2021-05-15 00:00:00,4.248,4.594660083,2.769459894,3.916770558,4.387380236,4.959141785,2.852,2.993919956
2021-05-15 01:00:00,3.874,3.831934991,2.590160474,3.300780428,3.291850551,5.1159075,2.554,2.964248167
2021-05-15 02:00:00,3.367,3.593154686,2.346427145,2.837876932,3.31787384,3.752484194,2.496,2.735024534
2021-05-15 03:00:00,2.818,3.132816146,2.11766162,2.686720755,2.994640564,3.386785908,2.636,2.751290052
2021-05-15 04:00:00,2.654,2.908136588,2.081,2.538561612,3.109985565,3.505470666,3.178,3.393807379
2021-05-15 05:00:00,2.626,2.946085249,2.114446322,2.527081294,2.820774405,3.185851575,3.098,3.429854436
2021-05-15 06:00:00,2.683,3.49650499,2.368760633,2.998416855,3.352177623,3.590990351,3.34,4.561545599
2021-05-15 07:00:00,3.592,3.453376476,2.686641175,3.221940771,4.309573877,4.818685369,4.126,6.442471998
2021-05-15 08:00:00,3.646,4.368892397,2.952548992,3.737564457,4.338486171,4.720109469,4.737,7.999141614
2021-05-15 09:00:00,4.662,4.574520666,3.092266789,3.923042656,4.240965581,4.944913977,5.623,6.276544163
2021-05-15 10:00:00,5.435,5.253324596,3.550833816,4.49812177,5.021346831,6.143523585,6.529,10.07890656
2021-05-15 11:00:00,6.362,5.629108021,3.808873717,4.832423609,5.632783667,7.224519015,6.708,7.7142
2021-05-15 12:00:00,6.328,6.216314774,4.206640076,5.337049052,5.948600513,6.800684196,6.654,9.882800445
2021-05-15 13:00:00,6.848,6.437389296,4.105708433,4.264288979,6.013513631,6.383128459,6.366,9.476774418
2021-05-15 14:00:00,5.236,5.681596147,3.866611693,5.613411154,5.46150893,6.179878118,6.194,9.381494961
2021-05-15 15:00:00,4.944,5.623361076,3.798574573,4.755355162,5.072369143,6.076387897,6.233,9.442391923
2021-05-15 16:00:00,4.962,5.742517716,3.883940898,4.922220886,5.487660732,6.228583236,6.049,8.698012832
2021-05-15 17:00:00,5.034,5.892318278,3.965450882,5.030528279,5.607434729,5.682731781,5.573,7.533649824
2021-05-15 18:00:00,4.942,7.473747966,4.350937153,6.358933993,5.743192846,6.69060614,5.586,6.592859697
2021-05-15 19:00:00,5.169,6.548895176,4.426782401,5.616232721,6.259796958,7.084011249,5.52,6.037106386
2021-05-15 20:00:00,6.541,8.099060997,5.474260025,6.945846112,8.394856607,8.56,4.877,5.333062832
2021-05-15 21:00:00,6.316,8.030219551,5.4333714,6.885508739,8.038670103,8.490539294,4.532,4.649034138
2021-05-15 22:00:00,6.192,7.306930186,3.905764214,6.266380728,6.982389739,8.059307452,3.696,4.045365087
2021-05-15 23:00:00,5.15,6.361205071,4.300800142,5.457298056,6.081694263,6.876852665,2.946,3.159421043
2021-05-16 00:00:00,4.248,5.172842082,3.502030755,4.434772569,4.943179306,5.692665827,2.788,3.234872588
2021-05-16 01:00:00,3.874,4.214094414,2.982122624,3.779931649,4.212234572,4.765329276,2.656,2.957929063
2021-05-16 02:00:00,3.367,3.746326484,2.722579716,3.456831405,3.852480441,4.357144434,2.544,2.702593235
2021-05-16 03:00:00,2.818,3.665402417,2.445521143,3.260237325,3.503606301,3.96243741,2.588,2.823393949
2021-05-16 04:00:00,2.654,3.911894688,2.332229876,2.664491897,3.297827011,4.370375275,3.044,2.086
2021-05-16 05:00:00,2.626,3.351334824,2.081,2.875164595,4.323964664,3.625315159,2.996,3.742263245
2021-05-16 06:00:00,2.683,3.87451921,2.663530233,3.322991141,3.703738355,4.29170565,3.087,4.349374249
2021-05-16 07:00:00,3.592,4.777918531,2.320354519,4.120294999,4.898717051,5.190214168,3.5,6.573125316
2021-05-16 08:00:00,3.646,4.682176264,2.758152962,4.014994871,4.475060115,5.054400675,3.686,7.824655592
2021-05-16 09:00:00,4.662,4.849051626,3.287853595,4.158487543,4.666056035,5.028420444,4.022,7.095392856
2021-05-16 10:00:00,5.435,5.272563918,3.563577401,4.668641722,5.006688611,5.700008644,4.966,6.4009
2021-05-16 11:00:00,6.362,5.608715262,3.79074746,4.809383048,5.401168624,6.062625262,5.406,10.10100322
2021-05-16 12:00:00,6.328,6.139633693,4.16399196,5.485928122,5.879419567,6.643882255,5.51,10.03140166
2021-05-16 13:00:00,6.848,6.117903851,4.072017651,5.245728246,5.853440044,6.61351795,5.566,9.665567239
2021-05-16 14:00:00,5.236,5.342123004,3.709476527,4.582250798,5.120612543,5.791256179,5.342,9.242401627
2021-05-16 15:00:00,4.944,5.596213315,3.527539582,4.479099492,4.993625594,5.474832187,5.418,9.681400642
2021-05-16 16:00:00,4.962,5.391858107,4.223014651,4.527829402,5.080931946,5.79949442,5.271,8.828438406
2021-05-16 17:00:00,5.034,5.410438819,3.656724943,4.638806358,5.171135076,5.910149782,5.006,7.562239586
2021-05-16 18:00:00,4.942,5.677539995,3.837670906,4.868745217,5.416155277,6.068172153,5.021,6.731176672
2021-05-16 19:00:00,5.169,5.997660583,4.051727341,6.451599565,7.115575225,6.480017089,4.59,5.80769956
2021-05-16 20:00:00,6.541,7.521516033,5.136,6.450402568,6.91746114,8.132006986,4.434,5.066413955
2021-05-16 21:00:00,6.316,7.125462348,5.032316405,6.384163105,6.96530939,8.047891825,4.174,4.351199195
2021-05-16 22:00:00,6.192,6.713625072,4.381086807,5.76310299,6.423400789,7.171035841,3.51,3.944580498
2021-05-16 23:00:00,5.15,5.882848214,3.902939284,4.950023736,6.292001471,6.240674837,2.91,3.231249326
2021-05-17 00:00:00,3.888,4.589145774,3.10126236,3.925646794,4.366812999,4.813969,2.863,3.050273104
2021-05-17 01:00:00,3.247,3.831781089,2.741583943,3.286081182,3.662623232,4.144086811,2.641,2.860895523
2021-05-17 02:00:00,2.94,3.468365645,2.345188888,2.973501946,2.689177144,3.745127374,2.537,2.67897773
2021-05-17 03:00:00,2.651,3.127172398,2.114671864,2.682885731,2.990862246,3.25692891,2.486,2.818265532
2021-05-17 04:00:00,2.501,2.942854972,2.081,2.531119572,2.812832551,3.026815147,2.939,3.459621046
2021-05-17 05:00:00,2.484,2.933411564,2.081,2.514068507,2.791364658,4.480543533,3.148,3.280135829
2021-05-17 06:00:00,2.943,2.795857708,2.814250601,2.978328095,3.37699673,3.825133598,4.01,4.384407492
2021-05-17 07:00:00,3.748,4.423960728,2.989791687,3.793091271,4.78466338,4.782771865,5.934,6.507960852
2021-05-17 08:00:00,3.661,4.291793803,2.878778004,3.705157523,4.129559054,4.670482663,7.128,7.704621204
2021-05-17 09:00:00,3.82,4.565265186,3.241869861,3.8660035,4.30860574,4.873277391,8.864,8.182487581
2021-05-17 10:00:00,4.196,4.951490085,3.347139482,3.242425624,4.733153427,5.352722279,9.373,10.22529266
2021-05-17 11:00:00,4.499,5.309165895,3.588615793,2.707458339,4.777855521,5.739513157,9.245,10.17869314
2021-05-17 12:00:00,4.978,5.644861929,4.111824377,5.435724222,5.629453077,6.589025439,9.484,10.30273371
2021-05-17 13:00:00,5.14,6.065771593,4.307172272,5.201785058,5.94901796,7.055449845,9.21,9.991033372
2021-05-17 14:00:00,4.51,5.474580608,3.626142568,4.643426687,5.087167778,5.752928792,9.17,10.00709085
2021-05-17 15:00:00,4.408,5.201309261,3.516098571,4.390785501,4.972782197,5.618294262,8.975,9.81010304
2021-05-17 16:00:00,4.493,5.302257425,3.584023899,4.547606507,5.069735469,5.733301608,8.381,9.21345631
2021-05-17 17:00:00,4.578,5.403177041,2.873235768,4.633175953,5.164503328,5.840196646,7.06,7.565727492
2021-05-17 18:00:00,4.808,5.680994954,3.831129464,5.070825454,5.423290266,6.133659995,6.16,5.569946379
2021-05-17 19:00:00,5.078,5.992374483,3.659423463,5.138995277,5.727843362,7.245575324,5.64,6.069851087
2021-05-17 20:00:00,6.373,7.520425769,5.083547278,6.05884631,6.330177883,7.96625,4.661,5.212732017
2021-05-17 21:00:00,6.305,7.154993532,5.031495086,6.383935119,6.511945271,8.048732055,4.278,2.40301965
2021-05-17 22:00:00,5.694,6.732066751,4.541242396,5.762361563,6.422665493,7.266619333,3.624,2.086
2021-05-17 23:00:00,4.893,5.774032129,3.902958009,4.951168655,5.519157647,6.242044354,3.014,3.260955466
2021-05-18 00:00:00,3.888,4.587851091,3.936567663,3.934343581,4.409411161,4.960805696,2.771,3.545909123
2021-05-18 01:00:00,3.247,5.004124129,2.589895709,3.544668881,3.662207364,4.141990715,2.593,2.288885119
2021-05-18 02:00:00,2.94,3.469342972,2.324551066,2.974375657,3.316048916,4.472294447,2.572,4.119414889
2021-05-18 03:00:00,2.651,3.128876056,2.263867986,2.683040734,2.992293644,3.381603006,2.638,2.814194839
2021-05-18 04:00:00,2.501,2.951225234,2.081,2.46196483,3.012362672,4.483153787,3.15,4.0363537
2021-05-18 05:00:00,2.484,2.931455774,2.081,2.980360224,2.462069725,3.167967332,3.272,3.416938041
2021-05-18 06:00:00,2.943,3.305991684,2.347387567,2.978176341,3.317792364,3.807053658,4.27,4.215919282
2021-05-18 07:00:00,3.748,4.422713092,2.989539933,3.790746237,4.188887779,4.786881251,6.483,7.854484512
2021-05-18 08:00:00,3.661,4.32007364,2.920158645,3.705132998,4.127009059,4.670296542,7.544,8.128775235
2021-05-18 09:00:00,3.82,4.507745137,3.046999978,3.865805442,3.92828844,5.075655662,8.244,9.040834327
2021-05-18 10:00:00,4.196,4.951429199,3.340662968,4.246764813,4.647192437,5.35287063,9.43,10.26049117
2021-05-18 11:00:00,4.499,5.309162113,3.58864237,4.5328276,5.074710506,5.724937246,9.212,10.09907972
2021-05-18 12:00:00,4.978,5.874328495,3.97070843,5.038285453,5.344716968,6.275042065,9.191,10.14141786
2021-05-18 13:00:00,5.14,6.627271282,4.157314677,5.201856387,5.797714191,6.530060939,9.364,6.610509388
2021-05-18 14:00:00,4.51,5.379515295,3.597446174,4.564076051,5.08752449,7.12259174,9.066,9.155079892
2021-05-18 15:00:00,4.408,5.464449705,3.56729339,4.460953592,4.765610963,5.62412907,8.546,9.491036904
2021-05-18 16:00:00,4.493,5.303451788,4.850949659,4.546944776,5.062028335,6.354923977,8.018,8.991916449
2021-05-18 17:00:00,4.578,5.402500589,3.651682569,4.632822917,4.824838958,5.840228605,6.828,7.6497449
2021-05-18 18:00:00,4.808,4.694161383,3.833667344,4.865981314,5.423283858,6.10275798,6.227,6.63197348
2021-05-18 19:00:00,5.078,5.072823365,2.204921706,4.709516594,5.727866132,6.327212143,5.371,3.082937644
2021-05-18 20:00:00,6.373,7.520919419,5.039047678,6.449567787,7.188901967,7.96625,4.44,5.183405526
2021-05-18 21:00:00,6.305,7.441412914,5.499858882,6.381898501,7.112824167,7.175629557,3.915,4.565395484
2021-05-18 22:00:00,5.694,6.725165622,4.517137259,5.762424737,6.422754396,7.26370323,3.3,3.718384696
2021-05-18 23:00:00,4.893,5.774071467,3.896917044,4.951798402,5.514919444,6.242097281,2.785,3.074682273
2021-05-19 00:00:00,3.888,4.587048594,3.101280289,2.985641135,4.385480877,4.140398914,2.72,2.886037181
2021-05-19 01:00:00,3.247,3.918003846,2.35947512,4.334615409,3.662483945,4.142274773,2.562,2.734509217
2021-05-19 02:00:00,2.94,3.469343192,2.345103782,2.984780166,3.315582118,3.756436295,2.529,2.756452099
2021-05-19 03:00:00,2.651,3.155600852,2.114582419,2.21554486,2.990258455,3.399075538,2.702,2.086
2021-05-19 04:00:00,2.501,2.470928618,2.081,2.530964286,2.821137342,2.140307708,3.045,2.561062001
2021-05-19 05:00:00,2.484,2.93548909,2.081,2.331529834,2.801859277,4.221055523,3.057,3.363135189
2021-05-19 06:00:00,2.943,3.464064569,2.347465672,2.778339765,3.319112075,4.209986424,4.036,4.522429123
2021-05-19 07:00:00,3.748,4.784466736,2.620091362,3.792710769,4.227655047,4.089538411,6.546,5.510295686
2021-05-19 08:00:00,3.661,4.320270155,4.186056203,3.704262028,5.163482132,4.673486319,7.653,8.454324881
2021-05-19 09:00:00,3.82,4.476925287,2.905714637,3.867855525,4.308686793,4.098402947,8.424,9.153638414
2021-05-19 10:00:00,4.196,5.100301086,3.346985819,4.245950362,5.892488634,5.629019783,9.196,9.915865328
2021-05-19 11:00:00,4.499,5.011810566,3.58869154,4.594965967,6.591815034,5.739430167,9.258,10.24226324
2021-05-19 12:00:00,4.978,6.025946797,4.246885786,4.385842837,5.616017862,6.349397264,9.288,10.19473355
2021-05-19 13:00:00,5.14,6.065394294,4.099928927,5.201420754,5.797639931,6.554332774,8.831,10.20252587
2021-05-19 14:00:00,4.51,4.889515293,3.596489963,4.564151278,5.087395539,5.756181222,8.668,10.13204703
2021-05-19 15:00:00,4.408,5.201777112,3.516115867,4.460810927,4.972120642,5.622009133,8.541,9.658127533
2021-05-19 16:00:00,4.493,5.20725844,3.583399803,5.320938568,5.25347587,5.731406979,7.562,9.047728352
2021-05-19 17:00:00,4.578,5.403530812,3.65199324,4.633737847,4.311476211,5.698030475,6.523,7.832460584
2021-05-19 18:00:00,4.808,5.673478519,3.804416304,4.865795347,5.423371056,6.133032344,5.812,6.971013841
2021-05-19 19:00:00,5.078,6.226564593,4.16269295,5.596330407,5.498321588,6.477287844,5.241,3.83022332
2021-05-19 20:00:00,6.373,7.520467241,5.85724703,6.449602258,7.188605973,7.96625,4.863,5.279401958
2021-05-19 21:00:00,6.305,7.440323816,5.029278812,6.299083967,7.217569782,8.046583129,4.545,4.832416223
2021-05-19 22:00:00,5.694,6.71912077,4.541685222,5.762404041,6.128356777,7.26370936,3.66,3.947980421
2021-05-19 23:00:00,4.893,5.686323187,4.144542789,4.537827449,5.293262233,6.241080662,2.915,3.045005898
2021-05-20 00:00:00,3.888,4.715230518,2.976442227,3.905556201,4.38556315,5.0501983,2.806,3.105573923
2021-05-20 01:00:00,3.247,3.462146901,2.590049793,3.286009924,3.655890411,4.143017971,2.577,3.897915742
2021-05-20 02:00:00,2.94,3.46940178,2.345144428,2.963176314,3.315534927,3.748697657,2.502,2.887097625
2021-05-20 03:00:00,2.651,2.929533895,2.081,2.693306576,3.905758871,3.381926178,2.701,2.090958398
2021-05-20 04:00:00,2.501,3.082540435,2.081,2.423002488,2.821073065,3.190617104,3.176,2.086
2021-05-20 05:00:00,2.484,2.931318574,2.081,2.513844941,2.799739398,3.170135123,3.202,3.533540318
2021-05-20 06:00:00,2.943,3.366768575,3.381374045,3.115574298,3.318998959,2.727358041,4.348,5.009910209
2021-05-20 07:00:00,3.748,5.471403557,2.989576624,3.790649794,4.280342904,4.781414468,6.353,5.978393341
2021-05-20 08:00:00,3.661,4.320494147,2.920290902,3.705291298,4.863471929,4.670425547,7.822,8.592366996
2021-05-20 09:00:00,3.82,4.507874451,3.046989384,3.865919769,4.31053956,4.879071384,8.732,10.21019923
2021-05-20 10:00:00,4.196,4.951610882,3.346715338,4.244573085,4.801539182,5.352928307,10.038,10.73375763
2021-05-20 11:00:00,4.499,5.271877387,3.588668639,4.55359976,5.074908359,6.944920043,9.994,10.72546474
2021-05-20 12:00:00,4.978,5.874415437,3.970780181,5.014493714,5.688705781,6.350814829,10.147,10.61284438
2021-05-20 13:00:00,5.14,6.257235777,4.099999883,3.853722214,5.79415115,6.557121883,9.658,10.92013028
2021-05-20 14:00:00,4.51,5.320284299,3.651944329,4.564190634,5.089522402,5.753239209,9.77,10.55354254
2021-05-20 15:00:00,4.408,5.201764877,3.516117874,4.461035675,4.972099447,5.623405248,9.192,9.955022477
2021-05-20 16:00:00,4.493,5.214395666,3.584685988,4.546999056,5.068827094,5.731395401,8.806,9.345354392
2021-05-20 17:00:00,4.578,5.521105451,3.651697127,4.633557096,5.16385365,6.381303811,7.74,8.338159237
2021-05-20 18:00:00,4.808,5.674049824,3.835147361,4.865783617,5.42328228,6.133674816,6.658,7.150680582
2021-05-20 19:00:00,5.078,5.993206051,5.112921068,5.139035059,5.932985553,6.08836141,5.892,6.291394069
2021-05-20 20:00:00,6.373,7.581832013,5.083522066,6.50228033,6.858116694,8.126648152,4.969,5.418257992
2021-05-20 21:00:00,6.305,7.440371663,5.029260597,6.380787987,7.111916867,7.96625,4.524,5.082474336
2021-05-20 22:00:00,5.694,6.71935417,4.438143231,5.727875078,6.423372291,7.26398252,3.728,4.057866138
2021-05-20 23:00:00,4.893,5.774116948,3.902446295,4.951817544,5.519362146,6.235743527,3.01,3.238082922
2021-05-21 00:00:00,3.888,4.588082532,3.101262957,3.934370542,4.385361453,4.959979336,2.864,3.221016732
2021-05-21 01:00:00,3.247,3.83305676,2.590029851,3.286615332,3.480612776,4.140169339,2.666,2.915204411
2021-05-21 02:00:00,2.94,3.469515607,2.243140774,2.714181596,2.694107415,3.750582195,2.572,2.747850484
2021-05-21 03:00:00,2.651,3.128236342,2.114180038,3.535379084,2.992615283,3.377308887,2.53,2.949566179
2021-05-21 04:00:00,2.501,2.95088355,2.200013561,2.526971896,2.963020564,3.190154046,3.128,3.361698557
2021-05-21 05:00:00,2.484,2.932578742,2.081,2.498597702,2.801862441,3.167843268,3.111,3.441470495
2021-05-21 06:00:00,2.943,3.469325216,2.348159747,2.978267392,3.347376113,3.754037786,4.217,4.518902227
2021-05-21 07:00:00,3.748,4.308801036,2.988833218,3.772560697,4.225132028,5.431307728,6.42,5.505072166
2021-05-21 08:00:00,3.661,4.320960698,2.920200359,3.704957074,4.130101807,4.671004479,7.682,8.406570589
2021-05-21 09:00:00,3.82,3.945757429,2.767947179,3.865873814,5.120805227,4.873852886,8.714,9.297820678
2021-05-21 10:00:00,4.196,4.756300645,3.346940241,4.158676525,4.736032344,5.352842212,9.713,10.67809344
2021-05-21 11:00:00,4.499,5.309963471,3.588665257,4.771308988,5.074788329,5.73937348,9.65,10.6840913
2021-05-21 12:00:00,4.978,5.874549677,3.97074129,5.2686485,5.638847926,5.577159577,9.854,10.94484918
2021-05-21 13:00:00,5.14,6.066138566,4.100591557,5.201724149,5.797725032,6.62107932,9.9,10.77167802
2021-05-21 14:00:00,4.51,5.321743636,3.597459561,4.564632129,5.087018772,4.922204124,9.55,11.385
2021-05-21 15:00:00,4.408,5.202556375,3.516689101,4.155515179,4.971997168,5.623307012,8.855,9.768496394
2021-05-21 16:00:00,4.493,5.301940662,3.585205459,4.546581603,5.058246819,5.77701879,8.29,9.043681453
2021-05-21 17:00:00,4.578,5.402239789,3.651188785,4.632936511,5.163797682,5.840200405,7.418,8.11770063
2021-05-21 18:00:00,4.808,5.673230999,3.886316536,4.208475319,5.414713904,6.133560276,6.426,7.79840216
2021-05-21 19:00:00,5.078,5.781960418,4.050487571,5.138944272,5.727591131,6.47703868,5.744,6.126671924
2021-05-21 20:00:00,6.373,6.469597654,5.158669587,6.183700812,7.188562768,7.96625,4.996,3.531405097
2021-05-21 21:00:00,6.305,7.442361651,5.030826037,6.382500577,7.114009935,8.040062675,4.659,5.16520607
2021-05-21 22:00:00,5.694,6.719149899,4.541750479,6.536281108,5.863937584,7.263783405,3.953,4.120098414
2021-05-21 23:00:00,4.893,5.953436343,3.902923177,4.95006602,5.562101824,6.130501756,2.945,3.240980109
2021-05-22 00:00:00,4.248,6.068793726,3.978654141,3.934662304,4.385238652,4.939378796,2.762,2.086
2021-05-22 01:00:00,3.874,3.83195286,2.590044239,3.28607662,3.66273795,4.360593923,2.67,3.16267636
2021-05-22 02:00:00,3.367,3.471125078,2.34644433,4.3077612,3.317885608,3.805162017,2.644,2.777283075
2021-05-22 03:00:00,2.818,4.243977546,4.205260848,2.676381194,2.996548557,3.386378116,2.585,2.790530656
2021-05-22 04:00:00,2.654,2.960152147,2.081,2.538602347,2.82948976,3.190863916,2.735,3.413959478
2021-05-22 05:00:00,2.626,3.139994665,2.660306848,2.156409607,2.817738988,3.185121424,3.208,2.086
2021-05-22 06:00:00,2.683,3.49628726,2.363996404,2.99854652,3.548612075,5.126899741,3.43,4.584251022
2021-05-22 07:00:00,3.592,4.457501186,4.26486928,3.826306035,3.772648862,4.818607567,4.056,4.696518993
2021-05-22 08:00:00,3.646,3.898257732,2.953065282,5.758459024,4.17598858,4.715040711,5.004,4.020899053
2021-05-22 09:00:00,4.662,4.574519323,3.091986259,3.923019645,4.370501547,4.935004386,5.709,9.561128792
2021-05-22 10:00:00,5.435,5.253220572,3.559474558,4.505120916,3.544118324,6.851497175,6.284,10.74268706
2021-05-22 11:00:00,6.362,5.640868126,3.808834385,6.116436827,5.337778443,6.505030547,6.534,8.0063
2021-05-22 12:00:00,6.328,6.223256848,4.277234141,5.337030852,5.947711019,6.727752204,6.924,10.9740307
2021-05-22 13:00:00,6.848,6.437328863,4.363055356,5.520990257,6.153176919,6.959128317,6.962,10.82209403
2021-05-22 14:00:00,5.236,5.714349736,3.864142957,4.791214759,5.464825446,6.887187556,6.596,10.53008401
2021-05-22 15:00:00,4.944,5.581477536,3.599760285,4.821381605,5.267261883,6.072926051,6.11,9.531000956
2021-05-22 16:00:00,4.962,5.743391325,3.786484267,4.90448877,5.509432718,5.45509708,6.32,9.135737467
2021-05-22 17:00:00,5.034,5.866241759,3.728123341,5.030668537,5.60728381,6.903489403,5.898,7.950204073
2021-05-22 18:00:00,4.942,6.055344967,4.236916207,5.474669497,5.913600202,6.690688754,5.707,7.209882033
2021-05-22 19:00:00,5.169,6.680380785,4.426656724,5.584868221,6.25977602,7.187969187,5.094,4.881765957
2021-05-22 20:00:00,6.541,8.56,5.597558328,7.577763122,7.74171346,8.56,4.911,5.221827629
2021-05-22 21:00:00,6.316,8.401320754,5.429993543,6.88598074,7.67549839,8.680195864,4.35,3.920167807
2021-05-22 22:00:00,6.192,7.306602884,4.938693341,6.266445859,6.98472484,7.899257274,3.745,4.446135515
2021-05-22 23:00:00,5.15,5.757897824,4.298912738,5.411285194,6.080378991,6.877116096,2.956,3.254603636
2021-05-23 00:00:00,4.248,5.171220898,3.495520725,4.42966986,5.465340883,5.961409234,2.545,2.887389327
2021-05-23 01:00:00,3.874,4.407045246,2.249724687,3.778930764,4.919195706,4.763793721,2.54,2.70554635
2021-05-23 02:00:00,3.367,3.730379066,2.724267533,3.45620967,3.776587531,4.382142001,2.484,2.78901972
2021-05-23 03:00:00,2.818,3.835411779,2.081,3.098846191,3.503871944,3.546666019,2.457,2.750068919
2021-05-23 04:00:00,2.654,3.442916423,2.331986054,2.914566073,3.297654669,4.700306721,2.828,2.98878814
2021-05-23 05:00:00,2.626,3.353369454,2.755874337,2.520667408,3.195121413,3.625253459,2.926,5.871807714
2021-05-23 06:00:00,2.683,3.875173303,2.619233465,4.17058005,3.703664913,4.533431322,3.03,4.661363217
2021-05-23 07:00:00,3.592,4.156096328,3.264495954,4.120282565,4.431923896,5.193942823,3.572,5.283656947
2021-05-23 08:00:00,3.646,3.392837879,3.164557555,3.766894212,4.47443077,5.061158349,3.601,7.466016449
2021-05-23 09:00:00,4.662,5.313422004,3.277380026,3.751968073,4.636873897,5.24180942,4.076,7.314565561
2021-05-23 10:00:00,5.435,5.271958583,3.549146814,4.521142451,5.039236528,5.627262353,5.31,10.87018466
2021-05-23 11:00:00,6.362,5.608063131,3.791913975,4.809034145,5.360329973,6.063450874,5.08,11.20321887
2021-05-23 12:00:00,6.328,6.150308717,4.157291138,5.274397897,5.867073345,6.855425951,5.561,6.39515
2021-05-23 13:00:00,6.848,6.623562771,4.13478064,5.246523211,5.849346598,6.613424989,5.427,8.966501035
2021-05-23 14:00:00,5.236,5.357168572,3.621100657,4.594511471,5.119908329,5.997926496,5.524,10.42589292
2021-05-23 15:00:00,4.944,5.22415292,3.566073982,4.090422896,4.99086923,5.842411564,5.468,9.511994982
2021-05-23 16:00:00,4.962,5.819065655,3.589941419,4.552303941,5.081125553,5.746426056,5.085,7.631936579
2021-05-23 17:00:00,5.034,5.253580472,5.042802073,4.639549057,4.861106515,5.814467957,4.979,7.939595735
2021-05-23 18:00:00,4.942,5.6797343,3.837646306,4.867160059,5.42688138,6.186710463,5.072,6.975963589
2021-05-23 19:00:00,5.169,5.993887023,3.867492339,3.738340756,5.72944999,6.480536461,4.702,6.298644728
2021-05-23 20:00:00,6.541,7.522243855,5.136,7.926946815,7.189489197,8.56,4.437,5.252595209
2021-05-23 21:00:00,6.316,7.444711072,5.033196814,6.375409827,7.114104973,8.001048229,4.228,4.835760599
2021-05-23 22:00:00,6.192,6.783429268,4.506425677,5.762466488,6.423808294,7.267359092,3.606,3.564320472
2021-05-23 23:00:00,5.15,6.990292027,3.250533969,4.994011878,5.519913004,6.242727823,2.875,2.086
2021-05-24 00:00:00,3.888,4.424853154,2.843332457,3.934218411,4.38570992,4.960169749,2.848,3.048998228
2021-05-24 01:00:00,3.247,3.604251748,2.590074561,3.28613445,3.66269401,4.142465888,2.688,3.088873552
2021-05-24 02:00:00,2.94,3.469567902,2.345207826,2.975487635,3.316379813,3.604464345,2.614,2.854951796
2021-05-24 03:00:00,2.651,3.585711902,2.081,2.892016727,2.982068416,2.991329079,2.666,2.73310236
2021-05-24 04:00:00,2.501,2.951506861,2.081,2.536070103,2.821223239,3.196361958,2.503,3.175188641
2021-05-24 05:00:00,2.484,2.931387604,2.081,2.513985841,2.801524383,3.168995181,3.222,3.472454466
2021-05-24 06:00:00,2.943,3.473204601,2.345075206,2.978863257,3.319445848,3.747089016,4.484,4.854815794
2021-05-24 07:00:00,3.748,4.310764913,2.985277852,3.752356266,4.999981064,4.781629868,7.102,6.222014667
2021-05-24 08:00:00,3.661,4.320264499,2.318306813,4.838016305,4.12487554,4.670529999,8.228,10.70261997
2021-05-24 09:00:00,3.82,4.509105171,3.040122472,3.865964126,4.012844293,5.288937016,9.074,10.91346514
2021-05-24 10:00:00,4.196,4.947947129,3.448871909,4.25023739,4.732353448,5.352946986,10.176,11.22336527
2021-05-24 11:00:00,4.499,5.609753911,3.58866643,4.553096804,5.859380802,5.739491642,10.762,11.67019637
2021-05-24 12:00:00,4.978,5.527433167,3.722745111,5.037876447,5.618294542,6.482089167,10.521,11.60730624
2021-05-24 13:00:00,5.14,6.065545806,3.530245042,5.221536945,5.806619794,6.558750443,9.988,11.09282255
2021-05-24 14:00:00,4.51,5.322106385,3.597458887,4.20109155,5.238667319,5.699230222,9.798,11.28122569
2021-05-24 15:00:00,4.408,5.308295073,3.034591428,2.081,5.45454377,5.623326678,8.844,9.789577139
2021-05-24 16:00:00,4.493,5.301056821,3.584906043,4.483425353,5.181345361,5.461469894,8.778,10.12293513
2021-05-24 17:00:00,4.578,5.402276645,3.65166861,4.629908148,5.163688561,6.043384114,7.301,8.106283105
2021-05-24 18:00:00,4.808,5.673653661,3.83526166,4.862569123,5.421272406,5.896424478,6.714,7.327153448
2021-05-24 19:00:00,5.078,5.992249971,4.047489227,5.138919303,5.713920999,6.47792857,6.155,6.445852934
2021-05-24 20:00:00,6.373,7.520427841,4.699895695,6.449386675,7.188402647,7.96625,5.023,5.498131762
2021-05-24 21:00:00,6.305,7.443532347,5.031797117,6.462910577,7.116000823,7.082779445,4.554,4.957591734
2021-05-24 22:00:00,5.694,6.719489463,5.980762062,5.762412134,6.388887239,7.261993081,3.87,4.250247094
2021-05-24 23:00:00,4.893,5.773795904,3.900639243,4.951540033,5.263057201,7.457250525,3.326,3.535923561
2021-05-25 00:00:00,3.888,4.587952241,4.384374342,3.9345812,4.384823842,5.107025917,3.117,3.069041449
2021-05-25 01:00:00,3.247,3.831542516,2.157149467,3.377461032,3.663329873,3.450263046,2.689,3.070540685
2021-05-25 02:00:00,2.94,3.469386068,2.345106294,2.975309767,3.316120986,2.785696961,2.777,3.085280871
2021-05-25 03:00:00,2.651,2.784537599,2.081,2.682741589,2.984255788,3.015851462,2.883,3.133346379
2021-05-25 04:00:00,2.501,2.951205735,2.081,3.264886053,2.541056679,3.331233666,3.074,3.205275511
2021-05-25 05:00:00,2.484,2.758326283,2.081,2.51372408,2.081,3.168047166,3.388,3.777500741
2021-05-25 06:00:00,2.943,3.081614647,2.347351887,2.747929237,3.560316069,4.329708383,4.604,5.02801143
2021-05-25 07:00:00,3.748,4.422746283,2.501612877,3.562607193,4.50804186,4.814720977,6.896,7.48527503
2021-05-25 08:00:00,3.661,4.461565,2.920263107,3.704868153,4.129392892,4.67067585,8.76,9.550868889
2021-05-25 09:00:00,3.82,4.330865125,3.047277136,4.340681807,4.308762806,5.107594359,10.417,10.30793502
2021-05-25 10:00:00,4.196,4.951482229,3.348863725,4.246475799,4.73414683,5.352841228,11.186,11.64589064
2021-05-25 11:00:00,4.499,5.436874445,3.864688829,4.552897715,5.075329627,5.739410026,11.066,11.89378741
2021-05-25 12:00:00,4.978,5.215279741,3.970746559,5.037739104,5.61491706,6.350348752,10.918,11.68973112
2021-05-25 13:00:00,5.14,6.061582423,4.099963366,6.013778416,5.796411327,6.56012875,10.993,11.95065839
2021-05-25 14:00:00,4.51,5.903110955,3.596303004,5.056383856,5.087040382,5.752283033,10.416,8.609017226
2021-05-25 15:00:00,4.408,5.833599446,2.847818836,4.461063095,4.972095997,5.623298417,10.142,7.982141173
2021-05-25 16:00:00,4.493,5.615308779,3.583709788,4.104974912,4.663121708,5.741563417,9.582,8.444575703
2021-05-25 17:00:00,4.578,5.446129675,3.651643404,3.995822813,6.016349304,5.839643312,8.071,7.214599387
2021-05-25 18:00:00,4.808,5.674322591,4.034567327,4.865678136,5.423211117,6.134277277,6.918,8.515902078
2021-05-25 19:00:00,5.078,5.993978271,4.048788972,5.138893853,5.727719273,6.477992431,6.139,6.757735478
2021-05-25 20:00:00,6.373,7.575181863,5.199950007,6.449126438,7.187697058,7.96625,4.986,5.336273504
2021-05-25 21:00:00,6.305,7.44126184,5.02994947,6.381393113,7.112946627,8.044431273,4.43,4.927927613
2021-05-25 22:00:00,5.694,6.719113207,4.5298189,5.754887265,6.425022588,7.265169438,3.545,3.801744986
2021-05-25 23:00:00,4.893,5.773873416,4.005220857,4.951624973,5.539511556,6.928257291,2.868,4.367075326
2021-05-26 00:00:00,3.888,3.790241219,3.101361652,3.934828269,4.385674852,4.85286613,2.825,3.290388783
2021-05-26 01:00:00,3.247,3.831796668,2.590082783,3.286918929,3.662062203,4.147510745,2.748,3.066137062
2021-05-26 02:00:00,2.94,3.469427984,2.314614474,2.975480645,2.94090218,3.750730476,2.818,3.039780932
2021-05-26 03:00:00,2.651,3.12855384,2.551321516,2.683032365,2.990320498,3.382073591,2.874,3.206887491
2021-05-26 04:00:00,2.501,2.951414495,2.081,2.531310897,2.818331745,3.190800882,2.952,2.637716284
2021-05-26 05:00:00,2.484,2.630322739,2.081,3.697432,2.80192914,3.168856326,3.359,3.691261446
2021-05-26 06:00:00,2.943,2.920743319,3.668643452,2.968731626,3.528755954,5.123057804,4.234,4.318549806
2021-05-26 07:00:00,3.748,4.420209595,2.989623634,3.792952043,4.549740203,4.697305955,6.802,7.694429415
2021-05-26 08:00:00,3.661,4.32019066,2.797250017,3.686297065,3.817191885,4.669035698,8.732,9.645095859
2021-05-26 09:00:00,3.82,4.509684358,3.046988822,3.865838546,4.308749548,5.279408015,9.484,10.39344255
2021-05-26 10:00:00,4.196,4.951212904,3.082439433,5.057801804,4.438459594,5.704379655,10.785,11.89203904
2021-05-26 11:00:00,4.499,4.627531878,3.588551916,4.936936219,5.074203014,4.259499917,10.927,11.45471065
2021-05-26 12:00:00,4.978,5.874067037,3.990989561,5.037593842,5.614757237,6.350184433,10.676,11.65020389
2021-05-26 13:00:00,5.14,6.065240978,4.098973854,5.201419385,5.794495973,6.557758551,10.296,11.23157116
2021-05-26 14:00:00,4.51,5.321699939,3.597223252,4.563817893,5.078808164,5.752787971,9.966,11.07844544
2021-05-26 15:00:00,4.408,5.288214905,2.346255704,4.460549255,5.226888867,4.945668288,9.345,10.89779936
2021-05-26 16:00:00,4.493,5.250738439,3.583518616,4.546711529,5.067491929,4.674277529,8.834,9.551761334
2021-05-26 17:00:00,4.578,5.401554463,3.650978779,4.267339799,5.163301658,5.825248158,7.726,8.553261721
2021-05-26 18:00:00,4.808,5.673001696,3.835159573,4.865238392,5.423089017,6.133048336,6.947,7.569157134
2021-05-26 19:00:00,5.078,6.167444284,4.0487814,5.138896028,5.745784327,6.142306897,6.33,6.861918397
2021-05-26 20:00:00,6.373,7.528875263,5.081578809,6.44658164,6.325466365,8.126844051,5.38,5.907976625
2021-05-26 21:00:00,6.305,7.676212381,5.028886982,6.380261375,7.012657362,7.96625,5.063,5.372231966
2021-05-26 22:00:00,5.694,6.718707506,4.541458171,5.710463844,6.421440839,7.482352167,4.11,4.533833963
2021-05-26 23:00:00,4.893,5.77351051,3.902575502,4.950080253,5.51857628,6.517540335,3.547,3.729801277
2021-05-27 00:00:00,3.888,3.691745693,3.098558594,3.934289495,4.385288162,5.447574644,3.232,3.662799807
2021-05-27 01:00:00,3.247,3.532536175,2.589543492,3.285044248,3.661139611,4.103171702,3.077,3.291646265
2021-05-27 02:00:00,2.94,3.469076776,2.344557515,2.975040099,3.316173071,3.743860417,2.974,3.525400731
2021-05-27 03:00:00,2.651,3.128127755,2.114599598,3.212452799,2.992186626,3.050222224,3.184,3.55456236
2021-05-27 04:00:00,2.501,2.950991561,2.083222544,2.531100108,2.82132966,4.501610573,3.533,3.77995912
2021-05-27 05:00:00,2.484,4.179732951,2.081,2.513842833,2.186157342,4.2328804,3.521,3.867575912
2021-05-27 06:00:00,2.943,3.473039195,2.349296325,2.978392145,3.427852706,3.873278131,4.581,5.118538205
2021-05-27 07:00:00,3.748,4.423042791,2.989778041,3.488995349,4.227822012,4.782129023,7.768,8.153038666
2021-05-27 08:00:00,3.661,4.31960352,3.341935839,3.898565657,4.129552057,4.670644407,9.168,9.800719008
2021-05-27 09:00:00,3.82,4.507591854,3.049621838,4.465606564,5.25512121,4.649693831,10.34,10.01450731
2021-05-27 10:00:00,4.196,4.951424308,3.528113648,4.854011043,3.90206343,5.351668885,11.455,13.13676262
2021-05-27 11:00:00,4.499,3.576803228,3.588890667,4.553357283,5.075099785,5.739806134,11.496,12.1290116
2021-05-27 12:00:00,4.978,5.874742817,3.968015585,5.040329735,5.615488619,6.407224536,11.084,12.03167789
2021-05-27 13:00:00,5.14,6.065856506,4.583036876,4.99708376,5.797763333,6.55742104,10.66,11.54933244
2021-05-27 14:00:00,4.51,5.321672995,3.613760017,4.564416316,5.083600993,4.343451775,10.943,10.98949628
2021-05-27 15:00:00,4.408,5.192346889,3.516289942,4.457858084,4.974608795,5.623973086,10.711,10.71159079
2021-05-27 16:00:00,4.493,5.302408804,3.584040285,4.525523093,5.068241768,5.731918925,9.979,10.73625523
2021-05-27 17:00:00,4.578,5.402520942,3.646512862,4.63313494,5.165081307,5.840444497,8.554,8.793701596
2021-05-27 18:00:00,4.808,5.67389767,3.834891006,4.865825664,5.423294087,6.133776823,7.749,7.69499201
2021-05-27 19:00:00,5.078,5.992232091,4.050581417,5.139043659,7.599514948,5.583048356,6.629,7.272464453
2021-05-27 20:00:00,6.373,7.405966036,4.961610138,6.29701449,6.774171279,7.93547888,5.427,6.024843545
2021-05-27 21:00:00,6.305,6.477650157,5.033985948,6.201532684,7.904808897,7.96625,4.909,4.977284077
2021-05-27 22:00:00,5.694,6.709925788,4.46065181,6.112749798,6.413797027,7.253859624,4.269,4.919981748
2021-05-27 23:00:00,4.893,5.773631325,4.051422464,5.68267577,5.438759182,5.834566466,3.373,4.430582561
2021-05-28 00:00:00,3.888,4.588403327,3.101515137,3.740989924,4.385851808,4.960886463,3.17,3.692301798
2021-05-28 01:00:00,3.247,3.832879482,2.590710269,3.285752623,3.662904985,4.142128282,3.045,3.450124097
2021-05-28 02:00:00,2.94,3.470764421,2.345615602,2.975794554,3.338151859,3.747593706,3.173,3.290594026
2021-05-28 03:00:00,2.651,3.051754497,2.081,2.682913364,2.984478882,3.108143672,3.449,3.604480805
2021-05-28 04:00:00,2.501,2.596989319,2.174958185,2.531764492,4.170870712,3.467600861,3.436,3.748031877
2021-05-28 05:00:00,2.484,2.933574889,2.081,2.121773154,3.090648035,3.823091197,3.581,3.751194919
2021-05-28 06:00:00,2.943,3.459623832,2.348305391,2.980015116,3.320620112,3.755660541,4.816,4.924361403
2021-05-28 07:00:00,3.748,4.424209711,2.996062878,4.627009435,4.228918972,4.781430289,7.22,7.92403538
2021-05-28 08:00:00,3.661,5.060768142,2.921255598,4.212781326,4.760907628,4.67276144,8.654,6.857218647
2021-05-28 09:00:00,3.82,4.509053496,2.848735374,3.875339188,4.310492525,4.87421459,9.876,9.058897333
2021-05-28 10:00:00,4.196,4.953389639,4.536836798,4.249772458,4.73496916,5.347928209,11.167,12.28217351
2021-05-28 11:00:00,4.499,5.311146164,2.895023877,4.55458693,5.076443719,5.741775677,10.645,12.55361141
2021-05-28 12:00:00,4.978,5.876691983,3.694141496,4.278301727,5.569735197,7.96625,10.668,11.65182351
2021-05-28 13:00:00,5.14,6.068008598,4.229241545,5.124648214,5.800122602,6.559862327,10.12,11.32741087
2021-05-28 14:00:00,4.51,5.324755922,4.239890296,4.740833246,5.089631112,5.756252107,10.084,11.29687306
2021-05-28 15:00:00,4.408,5.422902148,3.515979631,4.463397379,4.972629905,5.627214235,9.65,9.855073586
2021-05-28 16:00:00,4.493,5.33933143,2.963861877,4.549765693,5.070805063,5.735121422,9.354,10.31840857
2021-05-28 17:00:00,4.578,5.967369494,3.653656986,4.615053016,5.168306058,5.843843542,7.654,4.96651585
2021-05-28 18:00:00,4.808,7.063263049,5.099979834,4.868027142,6.201786978,6.137412661,6.698,7.463988402
2021-05-28 19:00:00,5.078,5.9963611,4.054044089,5.140484031,5.551728578,6.482043743,6.181,7.003595997
2021-05-28 20:00:00,6.373,7.203775773,5.632855785,5.966314546,6.886823654,7.790358472,5.576,6.00224869
2021-05-28 21:00:00,6.305,7.820879446,5.031670791,6.383901795,7.107617657,7.401103265,5.26,3.613876814
2021-05-28 22:00:00,5.694,6.766282027,3.894589636,5.445641719,6.39406359,7.23156098,4.749,4.886276436
2021-05-28 23:00:00,4.893,5.777784707,3.905175987,4.965468057,5.52307587,6.244150698,3.762,3.892463952
2021-05-29 00:00:00,4.248,4.597256387,3.12053528,3.939945851,4.394443793,5.709084816,3.352,3.604310499
2021-05-29 01:00:00,3.874,3.812120013,2.576426046,3.268938159,3.644299348,3.508053088,3.06,3.322924033
2021-05-29 02:00:00,3.367,3.692210299,2.335571175,2.963445135,3.303189879,3.735701684,2.766,2.411197469
2021-05-29 03:00:00,2.818,3.158090182,2.134576628,2.708192483,3.015860109,3.413302534,2.811,3.286802185
2021-05-29 04:00:00,2.654,3.138627526,2.796352119,2.568127421,2.862470867,3.237305137,3.228,2.668066333
2021-05-29 05:00:00,2.626,2.990617934,2.081,2.566507937,2.860803631,3.236891711,3.332,3.628163602
2021-05-29 06:00:00,2.683,3.648408862,3.234396718,2.766187886,3.578762647,4.229040851,3.959,4.487529105
2021-05-29 07:00:00,3.592,5.176806095,3.191369707,4.049198603,4.170543338,5.103744297,4.763,6.460887648
2021-05-29 08:00:00,3.646,4.644986173,3.799333102,3.938688903,4.439039468,5.020557145,6.248,9.397761533
2021-05-29 09:00:00,4.662,4.497664094,3.579876428,4.164527729,4.6427618,5.249746362,7.218,7.966035731
2021-05-29 10:00:00,5.435,5.165291085,3.598427696,4.628477139,4.753679599,5.755446184,7.475,11.36219754
2021-05-29 11:00:00,6.362,5.705179598,3.761562389,4.893084084,5.453399415,6.168011219,7.392,11.42143725
2021-05-29 12:00:00,6.328,6.094037109,4.255371233,5.399711611,7.228939972,6.805671991,8.144,9.3656
2021-05-29 13:00:00,6.848,6.511653708,5.574217855,5.584856992,6.224228142,7.039470537,7.482,10.85488719
2021-05-29 14:00:00,5.236,5.793988895,3.916491162,4.969591525,4.861153565,6.263786834,7.604,10.72140139
2021-05-29 15:00:00,4.944,5.933772669,3.858690006,5.191521844,5.433743704,6.162669469,7.456,8.947858538
2021-05-29 16:00:00,4.962,6.639815024,3.960748196,5.024649232,5.488017079,7.311692974,7.12,7.103385259
2021-05-29 17:00:00,5.034,6.002293747,4.05722885,5.144769527,5.77797746,6.487043267,6.732,8.290423843
2021-05-29 18:00:00,4.942,7.080432731,3.990791343,5.408368872,6.516232981,6.817047778,5.948,6.831748494
2021-05-29 19:00:00,5.169,6.646899127,4.492939232,5.7002944,6.161035392,6.953672862,5.638,6.283134028
2021-05-29 20:00:00,6.541,7.710594336,5.211956737,5.778642782,7.370176533,7.489800895,5.025,5.602152272
2021-05-29 21:00:00,6.316,8.110467133,5.918431338,6.955313971,7.75292774,8.56,5.083,5.432032158
2021-05-29 22:00:00,6.192,7.663738452,5.749611677,6.270757999,7.017975149,7.958287618,4.254,4.6705387
2021-05-29 23:00:00,5.15,6.90245566,5.063311779,5.526727152,6.159996764,6.952300528,3.306,3.496207272
2021-05-30 00:00:00,4.248,5.255408254,3.410980847,4.506903744,5.707937472,5.680088446,2.804,3.151695717
2021-05-30 01:00:00,3.874,3.840540155,3.275614719,3.818915511,4.13363201,4.814110593,2.668,2.086
2021-05-30 02:00:00,3.367,4.430465436,2.988247793,3.798878666,4.049067832,4.324063563,2.5,2.864785143
2021-05-30 03:00:00,2.818,4.383954586,2.173427373,3.941298119,4.192233958,4.741427924,2.636,2.893391862
2021-05-30 04:00:00,2.654,4.172052883,2.790112404,3.280061839,5.052009925,4.428421905,3.128,3.062010011
2021-05-30 05:00:00,2.626,3.904617197,2.638766677,3.347997205,3.732577114,4.220964991,2.986,2.626050557
2021-05-30 06:00:00,2.683,4.164274428,2.815231843,3.565633589,3.411099212,4.502293229,3.394,4.224827483
2021-05-30 07:00:00,3.592,4.829136812,3.290445582,3.736621397,4.615952329,5.220572833,3.974,7.566240995
2021-05-30 08:00:00,3.646,4.3256795,2.923985602,2.76489813,4.315703999,4.676453869,4.438,9.132745024
2021-05-30 09:00:00,4.662,3.763181661,3.140846075,2.929288893,4.113777484,4.652254058,4.946,8.510277247
2021-05-30 10:00:00,5.435,4.629344571,3.128520012,3.969215705,4.548611234,5.000729435,5.322,7.544
2021-05-30 11:00:00,6.362,5.810620826,3.832070103,4.861832012,6.788037008,6.12868477,6.056,11.27620435
2021-05-30 12:00:00,6.328,6.214205955,4.200673532,5.265132656,5.940586273,6.718280137,6.162,11.47881087
2021-05-30 13:00:00,6.848,7.161122124,4.316597618,5.476511717,6.1040356,6.883648576,6.56,10.18852063
2021-05-30 14:00:00,5.236,5.623054957,3.800892719,4.657947282,4.346076493,5.911573817,6.322,10.61902246
2021-05-30 15:00:00,4.944,5.889667724,3.140852075,4.755325332,5.240930024,5.928042123,6.363,9.749021696
2021-05-30 16:00:00,4.962,5.298996015,3.763233056,5.246664095,5.326308987,6.01828655,5.672,9.849488317
2021-05-30 17:00:00,5.034,5.492782178,3.712833773,4.709175532,5.162536986,5.965817185,5.445,8.495961903
2021-05-30 18:00:00,4.942,5.737794691,3.812040261,5.305328751,5.819594823,6.203618012,5.69,6.92268548
2021-05-30 19:00:00,5.169,6.046304486,4.086981993,5.131778586,6.006930997,6.510211635,5.706,6.153078955
2021-05-30 20:00:00,6.541,7.101524011,4.800253391,6.016649812,6.78802945,7.677309426,5.177,5.544231116
2021-05-30 21:00:00,6.316,7.496920583,5.136,6.428674754,7.165392484,8.104221737,5.072,5.354452785
2021-05-30 22:00:00,6.192,6.578703642,4.283369217,5.665930417,6.316849099,7.143021071,4.409,4.612577816
2021-05-30 23:00:00,5.15,5.837028006,3.945983703,5.000374138,5.644126672,6.282525268,3.316,3.402905248
2021-05-31 00:00:00,3.888,4.880008417,3.097611019,3.818974482,4.380315548,4.955946746,3.076,3.815096143
2021-05-31 01:00:00,3.247,3.829938966,2.588829328,3.284464324,3.660953307,4.140672625,2.988,3.629493946
2021-05-31 02:00:00,2.94,3.471925707,4.173780649,2.975550084,3.317915983,5.005489697,2.895,3.044059412
2021-05-31 03:00:00,2.651,4.374874163,2.9572409,3.752745598,4.182800609,4.728883525,2.851,3.112355036
2021-05-31 04:00:00,2.501,3.897456764,2.325737666,3.340155968,4.664343186,4.195610861,3.106,4.539724795
2021-05-31 05:00:00,2.484,3.586794242,2.484968021,3.151334149,3.512395815,3.833498311,3.136,3.345847465
2021-05-31 06:00:00,2.943,3.780583221,3.76912197,3.24925268,3.621621487,3.911426066,4.104,4.459904278
2021-05-31 07:00:00,3.748,5.512958646,2.886937238,3.706829547,4.109276429,4.647080969,7.142,6.927873854
2021-05-31 08:00:00,3.661,4.351585232,2.941421805,3.731900733,4.04818306,4.607428444,8.474,9.196603231
2021-05-31 09:00:00,3.82,4.250181446,2.871893735,3.644076534,4.070299848,4.588489728,9.964,9.425853631
2021-05-31 10:00:00,4.196,4.272307041,2.081,3.675393225,4.200385022,4.96818143,10.35,11.37185675
2021-05-31 11:00:00,4.499,5.228795122,3.534596594,4.484142355,4.997933538,5.645020481,10.237,12.20604716
2021-05-31 12:00:00,4.978,5.796920275,3.918643647,4.971582722,5.541026235,6.266582319,10.728,11.75171365
2021-05-31 13:00:00,5.14,6.955790485,4.701723291,7.479147393,6.57185016,7.228545117,10.037,11.13222007
2021-05-31 14:00:00,4.51,7.402261999,4.94938458,6.322100968,5.933013612,8.002418805,9.765,10.62471238
2021-05-31 15:00:00,4.408,7.783797935,5.199727864,6.835708658,8.526417134,8.317443742,9.586,9.837450601
2021-05-31 16:00:00,4.493,8.869780668,5.995372153,7.544135855,7.349429471,9.588728482,9.25,10.16546228
2021-05-31 17:00:00,4.578,8.076233304,5.699263123,7.231639726,8.060254718,9.240678415,7.736,8.502054323
2021-05-31 18:00:00,4.808,8.132616923,5.333116277,6.973042271,7.774140794,8.791695401,6.671,7.063644627
2021-05-31 19:00:00,5.078,7.900661132,5.315212966,6.776180468,9.019255804,8.541710826,5.543,6.286460606
2021-05-31 20:00:00,6.373,9.17034682,6.198596301,7.927107298,7.96625,9.913702066,4.908,5.479247609
2021-05-31 21:00:00,6.305,8.83524806,6.100952055,7.738676828,8.586983072,9.625080747,4.696,4.501948433
2021-05-31 22:00:00,5.694,7.96625,6.319068075,7.704897372,8.935245284,10.05650573,3.904,2.501080033
2021-05-31 23:00:00,4.893,9.332053184,6.128505144,7.96625,8.804597577,7.96625,3.104,3.5725891
2021-06-01 00:00:00,7.26,8.679969912,6.038916503,8.335835292,8.825853713,9.203256354,2.826,3.122786255
2021-06-01 01:00:00,7.028,7.367703326,4.870213422,6.179699153,7.49224753,7.787924804,2.715,3.119889219
2021-06-01 02:00:00,6.588,7.384328218,4.99299674,6.335719708,7.739163554,7.99138831,2.719,3.51021096
2021-06-01 03:00:00,6.012,7.138570192,4.825449346,6.12159676,7.259750716,7.235193405,2.701,3.275641656
2021-06-01 04:00:00,5.588,6.648751195,4.494172888,5.693805296,5.884518427,7.641289226,3.208,3.437013458
2021-06-01 05:00:00,5.374,6.426104382,4.315339189,5.471505037,6.102668535,6.901873466,3.456,3.431263423
2021-06-01 06:00:00,5.38,6.408704154,4.270355521,5.471344435,6.235612369,6.911132023,4.344,4.52456011
2021-06-01 07:00:00,5.74,6.591815099,4.60971727,5.848461203,6.518574346,7.372025519,6.825,7.526600871
2021-06-01 08:00:00,5.315,6.20879297,4.651866104,5.423449976,6.045348204,6.792165546,8.374,8.90619764
2021-06-01 09:00:00,5.15,6.004071508,4.242938909,5.121496288,5.853446024,5.938661621,9.439,10.91194731
2021-06-01 10:00:00,5.354,6.349236358,4.20426125,5.425600217,6.090635209,6.884125304,10.742,11.20611208
2021-06-01 11:00:00,5.889,6.962027989,4.747421029,6.023167609,6.754239531,7.594064273,10.155,10.96668536
2021-06-01 12:00:00,6.405,7.629490391,6.448052634,6.539194412,7.292634097,8.247918985,10.366,11.4124647
2021-06-01 13:00:00,7.05,8.385514636,5.669447624,7.09711179,7.184378253,9.067334207,10.152,10.94601683
2021-06-01 14:00:00,7.345,8.611867687,6.403579713,7.550834749,8.234313088,9.509787117,9.591,6.397688957
2021-06-01 15:00:00,7.504,8.973292988,6.065386319,6.328498967,8.262633534,9.098063345,8.857,10.01282699
2021-06-01 16:00:00,7.607,9.083540916,5.997356851,7.789865295,8.684206496,9.820036242,8.475,9.683225425
2021-06-01 17:00:00,7.172,8.394277858,5.785183843,7.342211042,8.181040653,8.920784823,7.689,8.315333809
2021-06-01 18:00:00,6.872,7.983987905,5.53803434,7.026201406,7.831352148,9.435665288,7.082,7.424817024
2021-06-01 19:00:00,6.642,8.581435198,5.333195396,6.761705734,9.147832418,8.531881047,5.744,5.082478001
2021-06-01 20:00:00,7.1,8.712542706,5.69425766,6.451348805,8.052724005,9.239613261,4.884,2.086
2021-06-01 21:00:00,7.556,8.956101705,6.053844874,7.680499463,8.557804525,9.632308066,4.295,4.926444255
2021-06-01 22:00:00,7.709,9.129376876,6.747781161,7.829493897,8.725488136,9.870053237,3.776,4.137708693
2021-06-01 23:00:00,7.81,9.014004473,6.236814659,7.926686212,8.835114404,9.7625,3.176,3.319862243
2021-06-02 00:00:00,7.26,8.58857439,5.063008857,7.365500095,8.209336413,9.284727603,2.936,3.103509245
2021-06-02 01:00:00,7.028,7.624421948,5.150808011,6.844853512,7.287011277,8.242328316,2.796,2.943124713
2021-06-02 02:00:00,6.588,8.956243713,5.135942264,6.516981834,7.263743695,8.213760447,2.8,2.90018016
2021-06-02 03:00:00,6.012,7.070915575,4.779550771,6.276756913,6.738461201,7.642794683,2.659,2.914696098
2021-06-02 04:00:00,5.588,6.266378215,4.676197654,5.649772106,6.300893318,7.122337225,2.992,2.942491053
2021-06-02 05:00:00,5.374,6.314561558,4.269154909,5.413500586,5.238088683,6.796746379,2.904,3.361150601
2021-06-02 06:00:00,5.38,6.214198143,4.275964286,5.315769842,6.045246418,7.295473851,4.093,4.414806672
2021-06-02 07:00:00,5.74,7.848160493,4.587694489,5.819446603,6.879010234,7.335042644,6.286,6.849095456
2021-06-02 08:00:00,5.315,5.998290245,4.222144814,5.372828308,5.988508592,8.203124717,7.18,9.068685737
2021-06-02 09:00:00,5.15,6.057557039,4.261334322,5.222687634,4.64745541,6.570120953,8.258,9.783591065
2021-06-02 10:00:00,5.354,6.301150109,4.259236865,5.403981135,7.713323794,6.811254426,9.698,10.58973978
2021-06-02 11:00:00,5.889,6.946528774,4.693141778,5.957222638,6.639870358,7.220646298,9.62,10.52233132
2021-06-02 12:00:00,6.405,7.555444604,5.141617092,6.479719712,7.222381608,8.168790548,9.45,10.98554537
2021-06-02 13:00:00,7.05,8.499905926,6.081947788,7.133224025,9.063733828,8.991985226,8.988,10.33765484
2021-06-02 14:00:00,7.345,8.678968002,6.551171404,7.39914575,8.295707516,9.383507211,8.628,10.4193166
2021-06-02 15:00:00,7.504,8.871652033,5.757321478,7.608341819,8.456747397,9.591040823,8.357,9.724400276
2021-06-02 16:00:00,7.607,8.995218429,6.854389687,7.657758855,8.596602961,9.723055949,7.616,9.208385495
2021-06-02 17:00:00,7.172,8.478652047,6.401013101,6.927258474,8.104356246,9.7625,6.827,8.305505195
2021-06-02 18:00:00,6.872,8.311173232,5.490293518,6.965742768,7.763818757,8.742532015,6.316,6.084240045
2021-06-02 19:00:00,6.642,7.848395241,4.879459307,7.469734415,7.572201732,8.488540261,5.702,6.174421187
2021-06-02 20:00:00,7.1,8.386397516,5.676916639,6.808519456,8.01599005,8.388018635,4.945,5.355492503
2021-06-02 21:00:00,7.556,8.922133265,6.030870035,7.651989133,8.606134592,9.644323917,4.4,4.694092704
2021-06-02 22:00:00,7.709,9.100321578,6.23595401,6.808151568,7.858156791,9.846603743,3.522,3.84862998
2021-06-02 23:00:00,7.81,9.189068764,6.230478862,7.90464128,8.803985968,9.964544777,3.113,3.198088785
2021-06-03 00:00:00,7.26,8.566814333,5.790844362,7.346912702,8.031120102,9.257119154,2.715,3.399523695
2021-06-03 01:00:00,7.028,7.894442152,6.93567502,6.812792855,8.012324629,8.963453505,2.616,2.809954553
2021-06-03 02:00:00,6.588,7.677456267,5.2432946,6.652011497,7.395269589,8.386019047,2.587,2.863489392
2021-06-03 03:00:00,6.012,6.964829845,4.977346086,7.133119015,6.764561231,7.649723216,2.569,3.274578853
2021-06-03 04:00:00,5.588,6.59326655,4.457012051,5.654755853,6.302411008,6.812191418,2.614,3.013855495
2021-06-03 05:00:00,5.374,6.317641471,4.274809739,5.409723902,6.756433792,6.660151054,2.908,3.183122183
2021-06-03 06:00:00,5.38,6.309254241,4.280122331,5.430326058,6.054247527,7.763916194,4.043,4.550950325
2021-06-03 07:00:00,5.74,6.78471277,4.607071426,5.736966609,6.488263188,7.33461465,6.088,6.33956433
2021-06-03 08:00:00,5.315,6.270013661,4.48952188,5.375607258,6.007483769,6.778125675,7.388,8.117733237
2021-06-03 09:00:00,5.15,7.337981244,4.099758258,5.201067132,5.797549465,6.556250356,8.688,9.383033128
2021-06-03 10:00:00,5.354,6.307601528,4.254257983,5.40831169,6.02913028,6.818597024,9.319,10.34446294
2021-06-03 11:00:00,5.889,6.944627765,5.430631466,5.956588074,6.638329934,7.508563364,9.25,10.42693862
2021-06-03 12:00:00,6.405,6.953618462,5.106305296,7.24211914,7.220843201,8.166788312,9.948,10.696895
2021-06-03 13:00:00,7.05,7.703764597,6.580330132,7.053358804,7.949321658,8.990435869,9.172,7.497779097
2021-06-03 14:00:00,7.345,9.7625,5.707062428,7.96452485,8.285607327,9.664418898,9.706,7.778234637
2021-06-03 15:00:00,7.504,8.857989097,5.98835288,7.360494445,8.46820578,9.7625,9.052,10.41459797
2021-06-03 16:00:00,7.607,8.980851293,6.070530188,7.702636794,8.58524856,9.905186819,8.528,9.37437731
2021-06-03 17:00:00,7.172,8.468195332,5.724179563,7.260383947,8.094535458,9.154855638,7.407,8.180726747
2021-06-03 18:00:00,6.872,8.114001797,5.438433216,6.957786165,7.53471161,8.771862076,6.914,7.549641081
2021-06-03 19:00:00,6.642,7.966455603,5.298292044,6.725327677,7.988120192,8.671070482,5.81,5.652820643
2021-06-03 20:00:00,7.1,7.77804578,5.971926713,7.948838574,7.970011512,9.913839159,4.919,5.272537981
2021-06-03 21:00:00,7.556,8.275277137,6.022999828,7.757249816,8.641896974,9.642254425,4.439,5.048448705
2021-06-03 22:00:00,7.709,9.118945873,5.815647409,7.802571075,8.696799754,9.835944276,3.763,4.149586118
2021-06-03 23:00:00,7.81,9.336520284,6.230386774,7.905158508,8.99719191,9.964947418,2.854,3.466788276
2021-06-04 00:00:00,7.26,8.567794255,6.274261305,7.586850615,8.191593806,8.768848409,2.652,2.989248053
2021-06-04 01:00:00,7.028,8.293862387,5.606207399,7.112723069,7.926859645,8.966130828,2.566,2.709827674
2021-06-04 02:00:00,6.588,7.776754429,5.183338213,6.666752981,7.433349409,7.605867796,2.457,2.775421816
2021-06-04 03:00:00,6.012,7.524011227,4.662810756,6.085153261,6.782338708,7.121268487,2.852,2.790804316
2021-06-04 04:00:00,5.588,6.577878858,4.45196205,5.648524118,6.398876038,7.185440642,2.876,3.619464471
2021-06-04 05:00:00,5.374,6.341640971,4.286596932,5.274345542,6.061762863,7.072227778,3.066,3.117797658
2021-06-04 06:00:00,5.38,6.348311466,4.342739226,5.444225373,6.068049435,6.860982312,4.333,5.326950013
2021-06-04 07:00:00,5.74,6.494287846,4.408023014,5.02278591,6.118658677,7.306891801,6.076,5.160138528
2021-06-04 08:00:00,5.315,5.991276114,4.237485928,5.036526805,5.981668357,6.748039106,7.386,9.679448127
2021-06-04 09:00:00,5.15,6.076063653,4.108736048,5.212108993,5.809294284,6.566705214,8.317,9.190834243
2021-06-04 10:00:00,5.354,6.317533722,4.297856167,5.416862637,5.69288694,6.830657713,9.367,10.270795
2021-06-04 11:00:00,5.889,6.94989091,4.695872115,5.96068817,6.643103089,8.014703096,9.636,10.44218683
2021-06-04 12:00:00,6.405,7.182856967,4.457599076,6.483771434,7.225078762,8.15786589,9.954,8.855602113
2021-06-04 13:00:00,7.05,8.324041939,6.098808825,7.250065121,7.952801934,8.994475901,9.48,10.39356743
2021-06-04 14:00:00,7.345,8.666999327,5.856920552,7.425153377,8.28946998,8.981270378,9.208,10.10734776
2021-06-04 15:00:00,7.504,8.859521181,5.993742141,8.641838547,8.46327939,9.57182998,9.193,10.13881727
2021-06-04 16:00:00,7.607,8.975404766,6.066984395,7.69804583,8.580345656,9.7625,8.484,9.324351551
2021-06-04 17:00:00,7.172,7.29264188,5.71997125,7.257136285,8.088602983,9.148083261,7.659,8.464914142
2021-06-04 18:00:00,6.872,8.108801538,5.466316334,6.953643107,7.750878205,8.765677549,7.042,8.118851111
2021-06-04 19:00:00,6.642,7.837383435,5.753165174,6.719588891,7.813323561,8.472734259,6.316,6.407270734
2021-06-04 20:00:00,7.1,8.378405815,4.986077336,6.875809495,8.008492776,9.057337806,5.445,5.772147432
2021-06-04 21:00:00,7.556,9.515318453,5.838409586,8.426823483,8.521634913,9.607951735,4.771,3.580340797
2021-06-04 22:00:00,7.709,9.095712824,6.150224108,7.800411729,8.693791814,9.318371064,4.01,4.3517857
2021-06-04 23:00:00,7.81,9.216796914,6.230148215,7.904080061,8.365381836,9.964023504,3.198,3.417074994
2021-06-05 00:00:00,6.413,8.570127941,5.794004903,6.74170217,8.193271997,9.266646668,2.714,2.9913572
2021-06-05 01:00:00,6.56,7.608313191,5.666959628,7.113748394,7.928835009,8.967477661,2.514,2.086
2021-06-05 02:00:00,6.223,7.77785306,5.222813494,6.670278279,7.434436635,7.795680503,2.436,2.746420303
2021-06-05 03:00:00,5.556,7.098927036,4.798430988,4.9026611,7.183378071,7.674514605,2.373,2.780191797
2021-06-05 04:00:00,5.049,6.595919424,4.46303133,5.656891078,6.305006421,7.130489334,2.86,3.137087061
2021-06-05 05:00:00,5.046,7.576714517,4.243077819,5.405561861,6.061593529,6.932658016,2.854,2.086
2021-06-05 06:00:00,4.923,6.798463149,4.804566335,5.64593137,6.032310691,6.977442401,3.264,3.364324915
2021-06-05 07:00:00,5.095,6.757707745,4.685499379,5.796384077,6.459908587,7.30583103,3.782,7.691424603
2021-06-05 08:00:00,5.38,6.24690791,4.218568468,5.734690435,5.930916725,6.745025482,4.762,8.333952644
2021-06-05 09:00:00,5.915,6.305293696,3.950837986,5.011683099,5.7903217,6.32136722,5.702,9.730070864
2021-06-05 10:00:00,6.336,6.072956235,4.071015409,5.211154563,5.799778486,6.560029457,6.696,10.94328335
2021-06-05 11:00:00,6.875,6.680718301,4.516767684,6.203661903,6.385905503,7.223961928,7.074,11.19219934
2021-06-05 12:00:00,7.45,7.752198794,4.915748001,6.23697765,6.569691695,7.870560456,7.796,11.56194607
2021-06-05 13:00:00,7.542,8.566441541,5.022166567,6.875096139,7.663252727,8.692645668,7.419,10.97459539
2021-06-05 14:00:00,7.932,8.348508478,4.998536826,7.159561047,7.943980102,9.025203376,7.114,11.20305824
2021-06-05 15:00:00,8.436,8.520423963,5.758057351,7.306873937,8.070459647,9.209431123,6.712,10.49795377
2021-06-05 16:00:00,8.49,8.623347414,5.828907034,7.26447229,8.154925025,9.09283389,6.75,8.9654
2021-06-05 17:00:00,7.74,8.09188356,4.412701906,6.939533886,7.734629187,8.747788552,6.084,8.655632664
2021-06-05 18:00:00,7.278,7.595294575,5.134016432,6.513620657,7.259606173,8.21224352,6.376,7.611465789
2021-06-05 19:00:00,6.698,7.30535887,4.938094678,6.264701608,7.328123995,7.897209182,6.185,6.626788379
2021-06-05 20:00:00,6.114,8.18357975,5.266648991,6.720636192,7.490752283,9.251917876,5.776,6.078720189
2021-06-05 21:00:00,7.242,8.367010443,5.657638788,7.178088784,7.99978009,9.049755495,5.246,5.371615895
2021-06-05 22:00:00,7.333,8.552386687,5.782228438,7.334396142,7.789934295,8.679850643,4.685,4.477753701
2021-06-05 23:00:00,7.327,9.030182578,6.3675,7.435689714,8.287224469,9.374037611,3.731,2.376490929
2021-06-06 00:00:00,6.413,8.022923514,5.412078854,6.956666636,7.670570567,9.128784474,3.066,3.321969607
2021-06-06 01:00:00,6.56,7.500918474,5.235595072,6.643040629,7.404866225,8.373464877,2.758,3.079663076
2021-06-06 02:00:00,6.223,7.16650218,4.887088747,6.196381341,6.473253011,9.026420526,2.64,3.049585808
2021-06-06 03:00:00,5.556,6.55559568,4.430593062,6.736261498,6.266700133,7.087005498,2.618,3.070684697
2021-06-06 04:00:00,5.049,6.166699512,4.317628627,5.201270102,5.797138603,7.025340944,3.033,2.086
2021-06-06 05:00:00,5.046,5.834080323,3.943596447,4.906392414,5.576632233,6.307087284,2.992,3.532012683
2021-06-06 06:00:00,4.923,5.875041567,5.339851354,5.040377118,5.615736087,6.306234461,3.119,4.833884082
2021-06-06 07:00:00,5.095,6.347618424,4.290667521,5.443904172,6.033536095,6.862497455,3.558,6.886516913
2021-06-06 08:00:00,5.38,5.868346226,3.966542465,5.032585291,5.501893128,6.358227084,3.906,8.752190233
2021-06-06 09:00:00,5.915,5.694494453,3.848806269,4.73806432,5.443863788,6.156648675,4.428,10.55755285
2021-06-06 10:00:00,6.336,5.957342061,3.839598547,5.108743116,5.845544889,6.440215363,5.159,11.35345502
2021-06-06 11:00:00,6.875,6.609668301,4.467788258,5.504146569,6.317863365,7.142005681,5.781,11.41254063
2021-06-06 12:00:00,7.45,7.239447113,6.134764853,6.208222086,6.921134501,7.826255063,5.922,7.2381
2021-06-06 13:00:00,7.542,8.02145438,4.30368641,7.337600337,7.667263932,8.671649357,6.185,11.27513877
2021-06-06 14:00:00,7.932,8.39070394,5.790163055,7.195748885,8.252699162,7.753881397,6.294,11.02037511
2021-06-06 15:00:00,8.436,8.319370716,5.813532163,7.147640115,8.220960096,8.549907503,6.212,10.58628419
2021-06-06 16:00:00,8.49,8.744514614,5.91075686,7.499219581,8.358473459,9.453198659,5.824,11.10493989
2021-06-06 17:00:00,7.74,8.834332559,5.686362183,7.214473025,8.043387725,9.100163782,5.494,7.558085142
2021-06-06 18:00:00,7.278,8.073413338,5.695650857,6.924316322,7.707905443,8.726553076,5.919,7.370940752
2021-06-06 19:00:00,6.698,8.744222086,5.322636135,6.701056208,6.601144807,8.447004057,5.744,3.685581625
2021-06-06 20:00:00,6.114,8.366180105,6.3675,7.172190308,7.994061758,8.939193607,5.338,5.93860811
2021-06-06 21:00:00,7.242,8.907782482,6.021190814,7.637814553,8.514516306,9.618838371,4.868,5.292332451
2021-06-06 22:00:00,7.333,9.094152521,6.146346317,7.794090715,8.691376039,9.832056557,4.0,4.468288296
2021-06-06 23:00:00,7.327,9.209538651,6.228240281,7.901968433,8.808013443,9.928678122,3.045,3.57708379
2021-06-07 00:00:00,7.26,8.168726601,5.942244088,7.349245428,7.640601825,9.258884469,2.842,3.169082346
2021-06-07 01:00:00,7.028,8.292129946,5.605226767,7.110364747,7.930431807,8.963210681,2.791,2.505764258
2021-06-07 02:00:00,6.588,7.774452455,4.577035564,6.667343509,7.431023705,8.404656353,2.722,2.969879351
2021-06-07 03:00:00,6.012,7.095947849,4.794166154,6.086020307,6.782145479,7.779572057,2.69,2.938962521
2021-06-07 04:00:00,5.588,6.594585256,3.460901471,5.655241833,6.716615932,7.129198759,3.138,3.363997523
2021-06-07 05:00:00,5.374,6.34056157,4.286719373,4.582036269,6.062122009,6.855850148,3.216,3.528896225
2021-06-07 06:00:00,5.38,6.348870384,4.292487046,5.44440543,6.070096674,6.863462343,4.184,4.663845898
2021-06-07 07:00:00,5.74,6.979380858,4.579377942,5.809037554,6.474626245,7.251722356,6.276,5.964162093
2021-06-07 08:00:00,5.315,6.272097569,4.239627697,5.378882333,5.99525271,6.780545044,7.968,8.734529065
2021-06-07 09:00:00,5.15,6.07741583,4.108186068,5.211922768,5.764164493,6.481719639,9.529,10.38125334
2021-06-07 10:00:00,5.354,6.317512585,4.113205915,5.418521117,6.03921536,6.830369464,10.834,11.75698002
2021-06-07 11:00:00,5.889,6.948837214,4.696766543,5.959769869,6.642649326,7.512813377,10.798,11.68898186
2021-06-07 12:00:00,6.405,7.558428826,5.099809572,5.195198376,7.224708062,8.150863041,11.302,12.2593829
2021-06-07 13:00:00,7.05,8.242604183,6.172991259,7.136372303,7.952235515,8.796985916,10.82,11.8797159
2021-06-07 14:00:00,7.345,8.653139163,5.858750272,7.433222357,8.284888769,9.370143283,10.476,11.59826277
2021-06-07 15:00:00,7.504,8.855237923,5.986803352,7.594159403,8.463809787,9.572960918,9.844,10.8829651
2021-06-07 16:00:00,7.607,8.976414652,6.067775963,7.480400524,8.580461187,9.704965797,9.752,10.63662943
2021-06-07 17:00:00,7.172,8.463578914,4.353936047,7.277324145,8.090789063,9.149456328,8.202,8.7333752
2021-06-07 18:00:00,6.872,8.103838484,5.481523952,6.953537655,7.747644528,9.503915544,6.672,7.222954988
2021-06-07 19:00:00,6.642,6.834000698,5.297945982,6.721771279,7.255058693,8.473295185,5.578,6.383641939
2021-06-07 20:00:00,7.1,7.735000702,6.177056755,7.184016031,8.004556463,8.993894322,5.132,5.288533359
2021-06-07 21:00:00,7.556,8.916706906,6.026950192,7.647288941,8.575247196,9.639433342,4.658,5.403995648
2021-06-07 22:00:00,7.709,9.68381654,6.149153627,7.811746384,8.695530821,9.834508572,3.862,4.311359755
2021-06-07 23:00:00,7.81,9.216315049,6.229708853,8.434912915,8.940644199,9.7625,3.17,3.577568322
2021-06-08 00:00:00,7.26,8.500631703,6.839804992,7.347399027,8.038259491,9.265973604,2.946,3.22764527
2021-06-08 01:00:00,7.028,8.292900206,5.605575107,7.824496358,8.240180308,8.823766288,2.744,3.979736749
2021-06-08 02:00:00,6.588,7.773813996,5.254915292,6.772676594,8.395834477,8.406838598,2.695,3.020148339
2021-06-08 03:00:00,6.012,7.094928553,4.795801126,6.08453746,6.778095363,7.519085053,2.755,3.144802813
2021-06-08 04:00:00,5.588,6.595153949,4.455392058,5.65103621,5.699611808,7.129557722,3.234,3.760355973
2021-06-08 05:00:00,5.374,6.247153818,4.286652677,5.438361676,7.194708179,6.855736429,3.343,3.701203263
2021-06-08 06:00:00,5.38,5.877408947,4.301448656,5.44464884,6.068516872,6.86093103,4.728,4.855504525
2021-06-08 07:00:00,5.74,6.773609519,4.578804118,5.647666222,6.660485789,7.322658616,6.782,6.75344142
2021-06-08 08:00:00,5.315,7.659257028,4.240147305,5.37878741,5.995170848,6.780447339,8.359,7.654976556
2021-06-08 09:00:00,5.15,6.104869252,4.107934995,5.212527295,5.809909931,6.57073968,9.735,10.65693064
2021-06-08 10:00:00,5.354,6.318011791,4.270773804,5.418338132,6.039266763,6.815212611,10.785,12.00409166
2021-06-08 11:00:00,5.889,6.832633805,4.73118517,5.959618988,6.642616171,7.077552792,10.971,12.03229172
2021-06-08 12:00:00,6.405,7.55850942,5.093749613,6.575715369,7.406164319,8.17105271,11.106,12.23149999
2021-06-08 13:00:00,7.05,8.204447194,5.623538124,7.134666923,7.952343066,8.98788754,10.61,11.65993133
2021-06-08 14:00:00,7.345,8.66762026,5.858695126,7.434405317,8.285020779,9.338897873,10.62,11.5810413
2021-06-08 15:00:00,7.504,8.855425198,5.984118859,7.594560437,8.463976853,9.573158133,10.398,11.08265586
2021-06-08 16:00:00,7.607,8.457840858,6.048244322,7.061299329,8.576762506,9.724800934,9.764,10.63545316
2021-06-08 17:00:00,7.172,8.453151063,5.723768961,7.251950802,8.089896452,9.149432389,8.791,9.285805164
2021-06-08 18:00:00,6.872,8.217046983,5.527778409,7.549338104,8.876281762,8.766724068,7.609,7.633914949
2021-06-08 19:00:00,6.642,7.838358187,5.296626729,7.489274297,7.492115368,8.47297258,6.554,7.016091066
2021-06-08 20:00:00,7.1,8.480318463,5.667967544,7.180435796,8.008625548,9.114265847,5.516,4.34322438
2021-06-08 21:00:00,7.556,8.917562762,7.508214706,9.025814829,8.522944368,9.486043931,4.948,5.637681117
2021-06-08 22:00:00,7.709,9.095580774,7.669525634,7.801623363,8.69718116,9.7625,3.987,5.343989857
2021-06-08 23:00:00,7.81,9.216344008,6.229010782,7.904526975,8.921504912,9.963344173,3.265,3.68110406
2021-06-09 00:00:00,7.26,8.56697387,5.102621933,6.666778111,8.189154261,9.64302978,3.095,3.483589583
2021-06-09 01:00:00,7.028,8.715368248,5.607353101,6.821752152,7.927401941,8.989362065,2.852,2.086
2021-06-09 02:00:00,6.588,8.574018524,7.321001677,6.667153844,7.327974057,8.404512756,2.767,2.086
2021-06-09 03:00:00,6.012,7.100459984,4.795095555,6.084359308,6.781396964,8.170428715,2.796,3.066205121
2021-06-09 04:00:00,5.588,6.594906282,4.457306702,5.652377258,6.553993628,7.128602186,3.475,3.932531748
2021-06-09 05:00:00,5.374,6.341388381,4.096372133,6.70818847,5.521337778,6.825341314,3.352,3.708438674
2021-06-09 06:00:00,5.38,6.370459055,4.368040772,5.444467419,6.068519299,6.886222497,4.52,5.034349194
2021-06-09 07:00:00,5.74,6.435541175,4.578588632,5.808674231,6.474588872,7.322658593,7.012,7.26892383
2021-06-09 08:00:00,5.315,6.271421436,4.239591456,5.377561489,5.997004082,6.780805438,8.41,9.173543301
2021-06-09 09:00:00,5.15,6.53498839,4.10730691,5.316544407,5.491029423,6.569700467,10.05,10.08212183
2021-06-09 10:00:00,5.354,6.298438616,4.269269624,5.459927398,6.039158316,6.830232809,11.166,12.03232836
2021-06-09 11:00:00,5.889,6.948620963,4.68838245,6.31948317,6.642632406,7.518662121,11.328,12.33312328
2021-06-09 12:00:00,6.405,7.56342256,4.493019767,6.452825017,7.224724379,8.286828972,11.275,12.22193061
2021-06-09 13:00:00,7.05,8.319444677,5.69475746,7.129751832,7.952256922,8.993859602,10.438,11.34264527
2021-06-09 14:00:00,7.345,8.842151836,4.53511247,7.422884934,8.284993819,9.370086702,10.044,10.91069584
2021-06-09 15:00:00,7.504,8.909125411,5.985146676,7.594224001,8.451135393,9.587227578,9.532,10.91489402
2021-06-09 16:00:00,7.607,8.585415771,6.06815845,7.507797658,8.580496184,9.704440097,8.842,10.5318796
2021-06-09 17:00:00,7.172,8.46347296,5.759084582,6.75575059,8.869242467,9.149488821,7.617,9.418449788
2021-06-09 18:00:00,6.872,8.109431664,5.481479912,6.952339437,7.751457064,8.773704551,6.92,9.208621133
2021-06-09 19:00:00,6.642,7.914637402,5.298095234,6.625591919,7.492136132,8.473378819,6.148,5.764871307
2021-06-09 20:00:00,7.1,8.378456333,5.664052152,7.174590404,8.005948038,9.109273604,5.845,7.094638626
2021-06-09 21:00:00,7.556,8.91661095,5.507353451,7.646812663,8.522948924,9.639376292,5.504,5.965825209
2021-06-09 22:00:00,7.709,8.985830009,6.148950067,7.801247321,8.694776444,9.834554794,4.446,4.973008927
2021-06-09 23:00:00,7.81,9.216360156,6.227601063,7.903830678,9.7625,9.7625,3.666,4.109233233
2021-06-10 00:00:00,7.26,8.56722968,6.142105355,7.34858659,8.189081648,9.261148258,3.423,3.606928197
2021-06-10 01:00:00,7.028,8.293617755,5.561507342,7.51854497,8.101937655,8.622101793,2.981,3.233808874
2021-06-10 02:00:00,6.588,7.774297458,5.254987651,6.667152214,7.430687227,8.404460845,2.879,3.130531526
2021-06-10 03:00:00,6.012,7.094548243,4.795554511,6.084232244,6.779948077,7.744759849,2.812,3.056489062
2021-06-10 04:00:00,5.588,6.301457646,4.457304538,5.655139165,6.30316694,7.128923439,3.292,3.8090154
2021-06-10 05:00:00,5.374,6.341656125,4.286675151,4.872827806,5.394954329,6.849854775,3.502,3.701192075
2021-06-10 06:00:00,5.38,6.345769823,4.289275046,5.444635311,6.068023263,6.862595425,4.826,5.14190749
2021-06-10 07:00:00,5.74,6.795441682,4.578788715,5.814806021,6.47461584,7.271169654,6.474,7.096460276
2021-06-10 08:00:00,5.315,6.271964942,4.239565899,4.898190859,5.990924286,6.682958439,8.508,9.30282996
2021-06-10 09:00:00,5.15,6.07732791,4.765293208,5.211262235,5.807812878,6.56995839,9.76,9.518009478
2021-06-10 10:00:00,5.354,6.317467021,4.270706009,5.140664715,6.039019115,6.461862189,10.706,10.44227114
2021-06-10 11:00:00,5.889,6.949443491,4.705876595,5.959100396,6.658768782,7.016365966,11.011,11.16321196
2021-06-10 12:00:00,6.405,7.087621849,5.064076606,6.481948602,7.224618019,8.102777899,11.338,10.13795912
2021-06-10 13:00:00,7.05,8.208575684,5.104575798,7.123962263,9.187759129,8.992315521,10.796,10.50380243
2021-06-10 14:00:00,7.345,8.667516701,5.858870882,7.286932294,8.284981211,9.370182697,10.596,11.55579949
2021-06-10 15:00:00,7.504,8.85783974,5.985687621,8.179927735,8.464396385,9.572741043,9.91,10.71839866
2021-06-10 16:00:00,7.607,8.976790833,5.431605915,7.698393468,8.580568714,9.704452483,9.375,10.37984728
2021-06-10 17:00:00,7.172,8.347557623,5.72097752,7.252866527,8.455869431,9.149415781,8.501,9.651184599
2021-06-10 18:00:00,6.872,8.109471754,5.481846429,7.749142784,7.752043426,8.766925661,7.5,7.88759938
2021-06-10 19:00:00,6.642,7.838752975,5.271773279,6.722482876,7.492594202,8.473939305,6.487,6.939293798
2021-06-10 20:00:00,7.1,8.852258635,5.663395138,7.185529719,8.008368383,9.063061161,5.765,6.38483956
2021-06-10 21:00:00,7.556,9.492967451,6.02676617,9.438186281,8.522963276,9.23456429,5.542,5.786482997
2021-06-10 22:00:00,7.709,9.097147113,5.493385489,7.793747871,9.7625,9.487879103,4.687,5.157375338
2021-06-10 23:00:00,7.81,9.216139532,6.230740936,7.973782576,10.14699171,9.7625,3.636,4.152119696
2021-06-11 00:00:00,7.26,8.598933345,5.62898274,7.86085703,8.189095109,9.415665026,3.094,3.532011631
2021-06-11 01:00:00,7.028,7.909706097,6.109446919,7.125756119,8.614455274,9.077615885,2.89,2.086
2021-06-11 02:00:00,6.588,7.79080878,5.254978672,6.667235234,7.16995013,8.412611194,2.992,3.079599725
2021-06-11 03:00:00,6.012,5.312155913,4.795487107,6.066539324,6.778842745,7.669589394,2.966,3.074218196
2021-06-11 04:00:00,5.588,6.594145117,4.462665925,5.653778102,6.303069511,7.128690388,3.192,3.467611155
2021-06-11 05:00:00,5.374,6.342462675,4.286690706,5.438594619,5.95077066,6.406731327,3.429,3.787194395
2021-06-11 06:00:00,5.38,6.348712104,4.291258279,5.444879681,6.068311472,6.863520322,4.708,4.543834089
2021-06-11 07:00:00,5.74,6.533601589,4.578531828,5.296098028,6.5763438,7.321046167,6.179,7.077694549
2021-06-11 08:00:00,5.315,6.271987044,4.23954267,5.384601609,5.995123888,6.75529103,8.354,9.249006064
2021-06-11 09:00:00,5.15,6.077273628,4.107912413,6.68588691,6.492610727,6.563961637,9.148,8.382189646
2021-06-11 10:00:00,5.354,6.044447722,3.950880723,5.418225716,6.113436136,6.830125889,9.81,8.547690626
2021-06-11 11:00:00,5.889,7.579316559,4.697261325,5.953484271,6.642872246,7.512646569,10.711,8.187018286
2021-06-11 12:00:00,6.405,7.921226678,5.110443112,6.606809931,7.224355423,8.166122975,11.248,9.665043496
2021-06-11 13:00:00,7.05,8.319413677,5.630019944,6.645136025,7.952203167,8.99192831,10.993,9.614445868
2021-06-11 14:00:00,7.345,8.656150815,5.85869105,7.427650545,8.28451472,9.370395473,10.207,11.32833884
2021-06-11 15:00:00,7.504,8.791655137,5.990987374,7.594094635,8.332639256,9.571925429,9.711,10.54552631
2021-06-11 16:00:00,7.607,9.246832194,7.350516105,7.679061761,8.580562867,9.704339045,9.087,9.93853216
2021-06-11 17:00:00,7.172,8.451108279,5.720694989,7.256576034,8.089786562,9.202388786,8.529,9.469891276
2021-06-11 18:00:00,6.872,7.699133666,5.48162491,6.734841611,7.5869939,8.80738622,7.284,7.44364801
2021-06-11 19:00:00,6.642,7.840976657,5.299501958,6.723546431,7.606438751,8.475367707,6.182,6.796880742
2021-06-11 20:00:00,7.1,8.378366902,5.663333195,7.185971187,8.009535766,9.056783893,5.996,6.417223754
2021-06-11 21:00:00,7.556,9.7625,6.060938545,7.646706652,8.529464796,9.639356469,5.62,4.973054319
2021-06-11 22:00:00,7.709,9.132446241,6.349476887,7.80120824,8.671974476,9.835252129,4.784,4.99604726
2021-06-11 23:00:00,7.81,9.216279274,5.987340843,7.97969214,8.809449188,9.7625,3.836,4.0731409
2021-06-12 00:00:00,6.413,8.567321225,5.79265121,7.346988619,8.189199036,9.261322017,3.128,3.404818193
2021-06-12 01:00:00,6.56,8.293761148,5.607016795,6.757619757,7.927896331,9.019743112,2.909,3.01760988
2021-06-12 02:00:00,6.223,7.775014835,5.675544275,6.668197844,7.431938561,8.405474706,2.562,3.103439663
2021-06-12 03:00:00,5.556,7.11039379,6.079268306,6.085459278,5.855475992,7.671198743,2.762,4.789975602
2021-06-12 04:00:00,5.049,6.596356856,4.458786212,5.484359201,6.3046143,7.129657379,3.14,3.395100264
2021-06-12 05:00:00,5.046,6.334413585,4.288676232,5.441083572,6.064622105,6.858773853,3.28,3.336023432
2021-06-12 06:00:00,4.923,6.715696934,4.294179498,5.448127935,4.290025698,7.013644944,3.681,2.582166989
2021-06-12 07:00:00,5.095,6.780352297,4.588243874,5.81283059,6.480458578,6.468069062,4.498,6.615067185
2021-06-12 08:00:00,5.38,6.278973061,4.244242861,5.370484785,7.358845658,6.788264206,5.538,8.148761414
2021-06-12 09:00:00,5.915,6.086100093,5.818687198,5.189340518,5.81755199,6.579296056,6.194,6.911140435
2021-06-12 10:00:00,6.336,6.488656851,4.295580618,5.696587201,6.07441247,6.8699759,6.932,7.55859319
2021-06-12 11:00:00,6.875,6.989236057,4.724350625,6.012004093,6.680451883,7.555753631,7.938,8.904551207
2021-06-12 12:00:00,7.45,7.618696828,5.132316254,6.518513866,7.257026724,8.212446597,7.72,8.591863774
2021-06-12 13:00:00,7.542,8.365160642,4.686325841,7.081628388,8.002510332,10.6125,7.778,8.681829774
2021-06-12 14:00:00,7.932,8.716195088,5.89196686,7.475571379,8.331486634,9.422680262,7.223,9.1287
2021-06-12 15:00:00,8.436,8.906669947,6.02050291,7.506261867,8.513004113,9.628897212,7.179,9.750255867
2021-06-12 16:00:00,8.49,8.599872594,6.104616254,7.745341477,8.127150006,8.476563563,7.088,9.977269354
2021-06-12 17:00:00,7.74,8.520959896,5.647017228,7.165997711,8.144854305,9.285293025,6.474,8.93830627
2021-06-12 18:00:00,7.278,8.167487847,5.094893018,7.000264568,7.804989116,9.696589603,6.395,7.66442331
2021-06-12 19:00:00,6.698,7.900445268,5.340289243,6.774855084,7.547965436,9.514868956,6.419,6.91821886
2021-06-12 20:00:00,6.114,8.323014577,6.477839032,7.239773422,8.075811032,9.12537502,5.849,6.333341386
2021-06-12 21:00:00,7.242,8.979423487,6.072864309,7.701250644,8.202378257,9.708035974,5.752,5.865016231
2021-06-12 22:00:00,7.333,9.160800954,6.36242217,7.858406035,8.756564608,9.906860241,4.624,4.969643294
2021-06-12 23:00:00,7.327,9.279892741,6.272225954,7.95777115,8.870270194,10.03216553,3.86,4.198344025
2021-06-13 00:00:00,6.413,8.629848794,5.831377896,7.382600234,9.537671825,9.688806634,3.052,3.21106986
2021-06-13 01:00:00,6.56,8.35708455,5.106941826,7.380567201,7.987530532,9.021969701,2.851,3.036180101
2021-06-13 02:00:00,6.223,7.837650515,5.297856012,6.568946069,7.491837685,8.478972543,2.751,2.968326604
2021-06-13 03:00:00,5.556,7.045646059,4.822667629,6.25607118,6.042962519,7.73703095,2.768,2.949536195
2021-06-13 04:00:00,5.049,6.456180941,4.49741115,5.572342602,6.359914996,6.154417862,3.016,3.190234161
2021-06-13 05:00:00,5.046,6.38534222,4.316142901,5.47475748,6.299075617,6.660087141,3.291,3.574958083
2021-06-13 06:00:00,4.923,6.389225351,3.91159011,5.47987867,6.107125107,6.676453123,3.684,4.30604662
2021-06-13 07:00:00,5.095,6.812629752,4.585779982,5.746246518,6.511150327,7.364143232,3.975,6.582072598
2021-06-13 08:00:00,5.38,6.308607387,4.265095075,5.383153524,5.997353342,6.819897479,4.336,8.762671123
2021-06-13 09:00:00,5.915,6.111907627,4.130866983,5.240401806,5.841921087,6.607304977,4.38,7.894851013
2021-06-13 10:00:00,6.336,7.623422978,4.292553646,5.446659294,6.070305382,6.867446363,5.436,8.797078244
2021-06-13 11:00:00,6.875,6.968373455,4.603970484,5.985733992,6.671702522,6.980575257,5.631,8.929204567
2021-06-13 12:00:00,7.45,7.563007463,4.880162598,6.485986829,7.229133029,8.176582108,6.149,9.483614854
2021-06-13 13:00:00,7.542,8.322349616,5.6253749,8.92424603,7.92989531,8.996995641,6.406,9.481776947
2021-06-13 14:00:00,7.932,8.669300135,5.580885829,7.434157868,8.285109248,9.37087681,6.028,7.3669
2021-06-13 15:00:00,8.436,8.856227062,5.984812065,7.595076917,8.465249707,10.27496336,5.688,10.68261384
2021-06-13 16:00:00,8.49,8.977485297,6.594170668,8.039260369,8.5812004,9.705184243,5.529,10.02383622
2021-06-13 17:00:00,7.74,7.826922775,5.721166284,6.990361184,8.353067203,9.183093304,5.905,8.84475132
2021-06-13 18:00:00,7.278,7.917548212,5.476835042,6.955216378,7.749463356,8.76362649,5.829,7.711182714
2021-06-13 19:00:00,6.698,7.840216769,5.301831212,7.935080538,7.49446938,7.52358046,5.809,6.676796917
2021-06-13 20:00:00,6.114,8.378929723,5.662777552,7.451249092,8.009076468,8.952039259,5.452,6.113235883
2021-06-13 21:00:00,7.242,9.560877024,6.011273044,7.646861775,8.523354495,9.63963603,5.191,4.341456071
2021-06-13 22:00:00,7.333,9.097476852,6.149405964,7.877479338,8.882176484,9.836124128,4.54,4.910846782
2021-06-13 23:00:00,7.327,10.55723093,6.230054857,7.896147027,8.809425792,9.962157421,3.6,4.797632961
2021-06-14 00:00:00,7.26,8.566926501,5.788995245,7.346195094,8.322141074,9.261287944,2.94,3.256168135
2021-06-14 01:00:00,7.028,8.29300394,5.606290799,7.231960875,7.926875016,8.817057201,2.782,3.059728723
2021-06-14 02:00:00,6.588,7.774011517,5.254663654,5.796381392,6.932233345,8.437520911,2.717,3.471191312
2021-06-14 03:00:00,6.012,7.094036355,4.795080925,6.083605934,6.780709384,8.44283518,2.696,2.727736549
2021-06-14 04:00:00,5.588,6.555285953,4.4568428,6.772990906,6.302386267,7.127885287,2.984,3.377496566
2021-06-14 05:00:00,5.374,6.34090462,4.286037008,5.438045483,6.060993193,7.022678008,3.181,3.683242178
2021-06-14 06:00:00,5.38,6.815805841,4.290869617,5.443917828,6.06279444,6.943442164,4.05,4.271818253
2021-06-14 07:00:00,5.74,6.774789813,4.846743044,5.78011924,6.473871022,7.898373724,6.312,6.92159691
2021-06-14 08:00:00,5.315,6.271440879,3.724495211,5.378606665,5.994471189,8.082445669,8.5,9.184984921
2021-06-14 09:00:00,5.15,6.076612154,3.316364224,5.21157686,6.009203719,6.563682336,10.156,8.937575708
2021-06-14 10:00:00,5.354,6.007738445,4.197032652,5.417858803,6.039310764,6.829790427,11.315,9.774201531
2021-06-14 11:00:00,5.889,6.960538067,4.702074896,5.959570276,6.642432419,7.512496297,11.442,10.27424711
2021-06-14 12:00:00,6.405,7.558394603,5.109046552,6.481986156,7.210426432,7.312642915,11.79,10.4767653
2021-06-14 13:00:00,7.05,8.24143768,5.623724361,6.106723109,7.952933187,8.993310753,11.036,8.960904891
2021-06-14 14:00:00,7.345,8.709766562,5.859150521,8.641770285,8.759800321,9.848489954,10.506,11.41754401
2021-06-14 15:00:00,7.504,8.856337273,5.983019275,7.589893208,8.465084397,9.573838265,9.849,10.71463995
2021-06-14 16:00:00,7.607,8.977713684,6.068363289,8.873087944,8.581451252,9.7625,9.404,10.4191998
2021-06-14 17:00:00,7.172,8.464465529,6.495501491,6.944531319,8.090572502,9.155036009,7.922,7.592831629
2021-06-14 18:00:00,6.872,8.110550435,5.486408197,6.955303881,8.092240973,8.767956676,7.051,6.749890626
2021-06-14 19:00:00,6.642,7.83744791,6.03671766,6.776874619,8.465370725,8.474053782,6.293,6.938379649
2021-06-14 20:00:00,7.1,8.37940611,6.233023784,7.159229682,8.007048141,9.120560769,5.474,6.082557607
2021-06-14 21:00:00,7.556,8.917522998,6.027750592,8.040280492,8.492969774,9.6077436,5.056,5.720286266
2021-06-14 22:00:00,7.709,9.099064411,6.148811779,7.803337257,8.56275144,9.862984418,4.348,4.804658901
2021-06-14 23:00:00,7.81,8.989350618,5.612961913,7.904466775,8.811563029,10.09789056,3.502,3.91692564
2021-06-15 00:00:00,7.26,8.547606353,5.790755572,7.346806168,8.188681113,9.264296465,3.096,3.323139584
2021-06-15 01:00:00,7.028,8.292013853,5.605841725,7.656358881,7.923919172,8.963743626,3.006,3.157313472
2021-06-15 02:00:00,6.588,7.774589201,5.255224256,6.667405513,7.543634573,8.473707342,2.788,3.217189979
2021-06-15 03:00:00,6.012,7.341899075,4.79598388,6.066404164,6.78211817,7.670316855,2.848,3.715353416
2021-06-15 04:00:00,5.588,6.582581802,4.457948383,5.583220389,6.304196324,6.699934933,3.334,3.559204651
2021-06-15 05:00:00,5.374,6.343802125,4.28862487,5.845343842,6.062924698,6.856653438,3.289,3.662736736
2021-06-15 06:00:00,5.38,5.673989194,4.292164633,5.467532991,6.069047596,5.77172834,4.702,4.316881793
2021-06-15 07:00:00,5.74,6.774620387,4.582071353,5.888547726,6.475513205,7.332430287,6.496,7.142138236
2021-06-15 08:00:00,5.315,6.271426812,3.878568187,6.142600761,5.836417523,6.781480465,8.393,9.08649306
2021-06-15 09:00:00,5.15,6.077484583,4.566814091,6.573959102,5.809566552,5.401019855,9.364,10.22031835
2021-06-15 10:00:00,5.354,6.2689833,4.270305615,5.436281993,6.03919066,6.830359883,10.434,11.43456577
2021-06-15 11:00:00,5.889,6.948819054,4.696903099,5.951512691,6.641948348,8.343442552,10.467,10.87505532
2021-06-15 12:00:00,6.405,8.906210121,5.105029548,6.480973129,7.223546541,8.169773141,10.618,10.2394572
2021-06-15 13:00:00,7.05,8.317748271,5.622319575,7.133170515,8.424826095,8.985174635,10.204,11.17004479
2021-06-15 14:00:00,7.345,8.665222367,5.857252975,7.431177312,8.282554457,9.907992375,10.08,10.93683259
2021-06-15 15:00:00,7.504,8.852098985,5.550947546,6.498825955,8.461526909,9.411762238,9.897,10.74791106
2021-06-15 16:00:00,7.607,8.972508554,6.06693488,7.69558528,8.577358522,8.915103035,9.29,9.97934521
2021-06-15 17:00:00,7.172,8.459930696,5.718502623,7.148819669,8.086495213,9.145499595,8.215,8.949382143
2021-06-15 18:00:00,6.872,8.10592119,4.934023507,6.952173498,7.74763666,8.762990007,7.41,8.139458132
2021-06-15 19:00:00,6.642,7.918039827,5.29584384,6.719020163,7.488851168,8.46975292,6.497,7.113222417
2021-06-15 20:00:00,7.1,8.380875778,7.029985618,7.186830425,8.005994243,9.054388832,5.421,6.254929381
2021-06-15 21:00:00,7.556,8.913733219,5.894508335,7.644162833,8.891350742,9.636291237,5.076,5.71541925
2021-06-15 22:00:00,7.709,9.095166736,5.855255279,7.081231177,8.700136544,9.832362011,4.344,4.881914341
2021-06-15 23:00:00,7.81,9.211187343,5.308482439,7.902610464,8.631505866,9.7625,3.448,4.040595344
2021-06-16 00:00:00,7.26,8.564193826,5.78905384,7.34469798,8.186244409,9.258569781,3.037,3.619411524
2021-06-16 01:00:00,7.028,8.289524334,5.537359755,8.22423774,6.623505593,9.569794412,2.903,3.16032202
2021-06-16 02:00:00,6.588,7.873303285,5.253744483,6.569592373,7.429393633,8.402372828,2.856,3.136228725
2021-06-16 03:00:00,6.012,7.09459229,4.795390948,6.192497648,6.781172197,7.573753231,2.772,3.120262973
2021-06-16 04:00:00,5.588,7.562642574,5.232422776,5.657356181,6.307333722,6.558682333,3.303,3.760725881
2021-06-16 05:00:00,5.374,6.350845951,4.293035599,5.447544741,6.071108793,6.982381436,3.367,3.655159007
2021-06-16 06:00:00,5.38,6.359353501,4.29725264,6.825702875,5.345163392,6.874836903,4.482,4.987596381
2021-06-16 07:00:00,5.74,7.338285015,4.586212147,5.820552583,6.522188439,9.392750819,6.788,6.984875818
2021-06-16 08:00:00,5.315,6.284574569,4.276983676,5.389930717,6.01457708,6.794246985,7.966,8.491160259
2021-06-16 09:00:00,5.15,6.090385173,4.116878526,5.335195005,5.821671898,6.288871043,9.514,10.25829334
2021-06-16 10:00:00,5.354,6.331338372,4.279759902,6.910948394,6.052034812,6.844787033,9.983,11.65809725
2021-06-16 11:00:00,5.889,6.963537016,4.706840687,6.009326519,6.66260276,6.879345063,10.266,11.15995453
2021-06-16 12:00:00,6.405,7.57490511,4.639000045,6.495624265,7.238858466,8.192927286,10.264,11.05436814
2021-06-16 13:00:00,7.05,8.335363228,7.108496349,7.148445505,8.596673501,9.011138712,9.626,10.40327317
2021-06-16 14:00:00,7.345,8.684292089,6.021591484,7.448230084,8.298553387,9.385144036,9.183,9.970963744
2021-06-16 15:00:00,7.504,9.7625,5.179468701,7.607775923,8.480663583,9.104899594,8.438,8.568002037
2021-06-16 16:00:00,7.607,8.994815096,5.538761275,7.760437585,8.501276944,9.722548005,8.204,10.15349591
2021-06-16 17:00:00,7.172,8.571147912,5.731823492,7.272001079,8.606820953,9.167039349,6.921,8.95857751
2021-06-16 18:00:00,6.872,8.124607619,5.483280724,6.96846873,7.669008597,8.783162064,6.716,8.00945541
2021-06-16 19:00:00,6.642,7.846716805,5.303704469,6.728760558,7.120091341,8.511275508,6.06,7.164576548
2021-06-16 20:00:00,7.1,8.956988482,5.667040238,7.162913401,7.943902942,9.061522198,5.845,6.27931543
2021-06-16 21:00:00,7.556,8.898061948,6.288106912,7.656499018,8.526014327,9.642653159,5.249,5.688811109
2021-06-16 22:00:00,7.709,9.092838406,6.148743121,7.801042009,8.694903131,9.7625,4.393,5.135320624
2021-06-16 23:00:00,7.81,9.215125077,6.226379723,7.899548956,8.778520388,9.957995549,3.431,4.044012878
2021-06-17 00:00:00,7.26,8.528619638,5.705500868,7.799860818,7.180109911,8.09120917,3.209,3.411598492
2021-06-17 01:00:00,7.028,8.222017678,5.557461663,7.0511078,7.85903132,8.857501867,2.742,3.187778102
2021-06-17 02:00:00,6.588,7.705729568,5.39035334,7.270165834,7.368691552,8.291146316,2.737,3.155371038
2021-06-17 03:00:00,6.012,6.998038612,4.731303555,6.002206529,6.69045613,7.612884678,2.796,3.150089031
2021-06-17 04:00:00,5.588,6.457809464,4.365489892,6.387858011,6.172829781,6.982347792,3.4,3.630967828
2021-06-17 05:00:00,5.374,6.249928469,4.212763159,5.376593845,6.027535674,6.505545124,3.311,3.512787263
2021-06-17 06:00:00,5.38,6.203493107,3.589735201,5.320086858,5.929713719,6.706353812,4.668,5.646627265
2021-06-17 07:00:00,5.74,6.576434573,4.25041908,5.640531573,6.287469382,6.86755481,6.332,8.936287389
2021-06-17 08:00:00,5.315,6.265626083,3.838289523,5.321872452,5.989029502,6.773493956,8.029,8.387724526
2021-06-17 09:00:00,5.15,6.218793565,3.908676545,5.370309958,5.985957041,7.348673542,9.192,9.76906277
2021-06-17 10:00:00,5.354,7.852679764,4.341539824,6.335266468,6.27561234,7.781916896,10.13,8.288214428
2021-06-17 11:00:00,5.889,7.18997789,4.894551081,6.189795011,6.897599241,7.801232887,10.441,10.40901054
2021-06-17 12:00:00,6.405,7.84696679,5.304883436,7.11108534,8.213136672,8.484951429,10.659,10.32361633
2021-06-17 13:00:00,7.05,8.447499813,5.710207455,7.243975843,8.075522444,9.132277129,10.61,9.852279118
2021-06-17 14:00:00,7.345,8.817759332,6.253203191,7.570406892,8.348616588,9.541990933,10.014,9.604143093
2021-06-17 15:00:00,7.504,9.408073728,6.212183185,7.822882138,8.719257195,9.860342421,10.13,8.192883961
2021-06-17 16:00:00,7.607,9.123822882,6.236743559,7.778309581,8.822819933,9.7625,9.59,8.446148556
2021-06-17 17:00:00,7.172,8.621826294,5.828790402,8.100299909,8.243985127,9.319346661,8.322,8.684749084
2021-06-17 18:00:00,6.872,7.430190288,5.553392111,7.045786456,7.852998302,8.898018317,7.574,9.578922634
2021-06-17 19:00:00,6.642,7.802062984,6.117127136,6.71353542,7.46749922,8.572575754,6.732,4.879998732
2021-06-17 20:00:00,7.1,8.337949119,5.251179507,6.473424706,7.969937015,9.010355543,6.022,6.793846713
2021-06-17 21:00:00,7.556,8.895941031,7.134033902,7.707067805,8.503455199,9.637283306,5.695,6.619452975
2021-06-17 22:00:00,7.709,9.337395301,6.13114749,7.792498252,8.674965333,9.810283553,4.935,5.358446421
2021-06-17 23:00:00,7.81,9.219348454,6.180919053,7.840528243,8.740659176,9.884677693,3.934,2.086
2021-06-18 00:00:00,7.26,7.062967124,6.189647921,7.028219416,7.816084042,8.975856001,3.384,4.182376374
2021-06-18 01:00:00,7.028,8.430151887,5.178932996,6.939408814,6.641751192,8.747929195,3.068,2.536751866
2021-06-18 02:00:00,6.588,7.618999005,5.604396677,6.533970248,7.282615296,8.236172835,3.035,3.447898753
2021-06-18 03:00:00,6.012,6.758696206,5.115365285,5.910663891,6.587919937,7.591635283,3.12,3.654435119
2021-06-18 04:00:00,5.588,6.111673286,4.278399059,5.355715229,6.049845952,6.811036191,3.37,3.656765168
2021-06-18 05:00:00,5.374,6.231378161,4.212059273,5.343930418,5.963433016,6.73603549,3.406,3.963947547
2021-06-18 06:00:00,5.38,6.147295883,4.892266253,5.271643547,5.875930897,6.646916286,4.438,4.843441396
2021-06-18 07:00:00,5.74,6.547704909,4.523263729,5.52678256,6.120034214,6.966949117,6.364,6.856035471
2021-06-18 08:00:00,5.315,6.394415703,4.324415101,6.009197071,6.115448193,6.920833615,8.404,7.23754307
2021-06-18 09:00:00,5.15,7.896362792,4.904629117,5.708022972,6.361355387,7.194594809,9.241,8.580951284
2021-06-18 10:00:00,5.354,6.547946682,4.755649731,6.034848319,6.724990261,7.201053078,10.426,9.229959294
2021-06-18 11:00:00,5.889,7.677365246,6.348993827,6.584044569,7.869544767,8.299840955,10.041,9.793360161
2021-06-18 12:00:00,6.405,8.325249892,3.573851189,7.188503241,7.957662777,9.00350793,10.71,9.403643202
2021-06-18 13:00:00,7.05,9.7625,5.894823571,6.587998924,8.334935707,9.428589981,10.591,8.56093028
2021-06-18 14:00:00,7.345,9.867263876,6.672588086,7.828879987,9.117971753,9.867925467,10.697,5.330145138
2021-06-18 15:00:00,7.504,9.038102119,7.710984312,8.465062481,9.108356854,9.7625,10.373,8.55093479
2021-06-18 16:00:00,7.607,9.618738719,6.501756347,8.248960622,9.210144461,10.09036057,9.721,8.479148473
2021-06-18 17:00:00,7.172,8.877746781,5.985032095,7.595658685,8.466055297,10.36162672,8.698,8.363250222
2021-06-18 18:00:00,6.872,8.390967629,5.668832676,7.201411377,8.020563557,9.525160145,8.27,7.964750373
2021-06-18 19:00:00,6.642,7.422830867,5.328790896,7.390245142,7.53542297,8.519410459,7.18,7.540011544
2021-06-18 20:00:00,7.1,8.507488602,5.493157059,6.96295014,7.016153706,8.689146548,6.704,6.767885773
2021-06-18 21:00:00,7.556,8.844710958,5.988407162,7.59665866,8.468207692,9.577404526,6.021,6.615230152
2021-06-18 22:00:00,7.709,9.018930562,6.096317763,7.777579598,9.391792423,9.750521488,5.178,5.547609846
2021-06-18 23:00:00,7.81,9.024650943,6.097139347,7.739260364,8.626131349,9.763360334,4.09,4.460430021
2021-06-19 00:00:00,6.413,7.911442666,5.326511072,6.785610008,7.26363074,7.626453087,3.638,3.958142643
2021-06-19 01:00:00,6.56,7.983894334,5.410909484,6.819899973,7.575919162,8.567987464,3.278,2.086
2021-06-19 02:00:00,6.223,7.468588611,5.048435978,6.260595532,7.12970055,8.075003581,3.117,3.873251222
2021-06-19 03:00:00,5.556,6.682877764,4.517134943,5.73099063,6.387678646,7.2237656,3.108,3.315891522
2021-06-19 04:00:00,5.049,6.068886974,4.102955254,5.209199964,5.801366697,6.560897725,3.456,3.705184252
2021-06-19 05:00:00,5.046,5.996418564,4.054644411,5.135441395,5.732281102,6.437526464,3.405,3.714879547
2021-06-19 06:00:00,4.923,5.848742233,3.963521017,5.018198075,5.609691024,6.325691165,4.032,4.662891317
2021-06-19 07:00:00,5.095,5.982811563,4.092759221,5.192543623,6.631011714,6.257660807,4.518,6.361578867
2021-06-19 08:00:00,5.38,6.612034295,4.282430728,5.328946,6.055580039,6.849621641,5.591,6.082299998
2021-06-19 09:00:00,5.915,6.973980199,5.966591123,5.982669945,5.942333899,7.472666281,7.092,7.278720395
2021-06-19 10:00:00,6.336,7.411461083,5.009782384,6.355964469,7.197488817,8.012109156,8.084,8.011526067
2021-06-19 11:00:00,6.875,7.971583214,6.467594613,6.862824268,7.684114543,9.200959577,7.744,8.589149855
2021-06-19 12:00:00,7.45,8.625282204,5.880180598,7.459425858,8.313650011,9.020588834,7.828,8.639134568
2021-06-19 13:00:00,7.542,9.306251627,5.980712392,7.589088055,8.879152051,9.564895148,7.572,8.377194523
2021-06-19 14:00:00,7.932,9.047781462,6.106934539,7.966922608,8.879902256,9.36583086,7.451,8.869854011
2021-06-19 15:00:00,8.436,9.823344348,6.643511626,8.428506899,9.396323394,10.59390968,7.648,8.569670724
2021-06-19 16:00:00,8.49,9.247025956,6.684843764,9.130576549,9.416072288,10.6125,7.308,8.083305835
2021-06-19 17:00:00,7.74,9.097680932,6.119114903,7.76445058,9.522738356,9.786101743,6.848,7.629583676
2021-06-19 18:00:00,7.278,8.568363221,5.768904124,7.321894656,8.157400694,8.882705352,6.77,8.895359296
2021-06-19 19:00:00,6.698,7.919934281,5.353596172,6.791962134,7.572660753,8.558504421,7.014,7.719727748
2021-06-19 20:00:00,6.114,7.78825357,5.265167083,6.679075847,7.394994178,8.416045058,6.766,7.050251252
2021-06-19 21:00:00,7.242,8.396180089,5.909766877,7.532050122,8.397167066,8.331550746,6.437,6.890363397
2021-06-19 22:00:00,7.333,8.959376031,6.038673754,8.072495397,9.092484552,9.650776449,5.639,5.885241795
2021-06-19 23:00:00,7.327,8.772450766,6.014055186,7.601875648,8.505419581,8.485383805,4.546,4.261247425
2021-06-20 00:00:00,6.413,7.702152152,5.173979926,6.556530766,7.308126069,8.265341924,3.845,3.963927465
2021-06-20 01:00:00,6.56,7.866615958,5.320658838,6.962857145,7.519389621,8.507332054,3.538,3.57602082
2021-06-20 02:00:00,6.223,7.242231665,4.989079375,6.329906924,7.002437662,7.979050067,3.38,3.472347162
2021-06-20 03:00:00,5.556,6.665544389,4.421140574,5.53650666,6.165600895,6.979196568,3.456,3.613329161
2021-06-20 04:00:00,5.049,5.859283685,3.602434245,5.024874786,6.074912029,6.333621001,3.531,3.890217929
2021-06-20 05:00:00,5.046,5.931890748,3.981687986,5.084988271,5.854424866,6.411361906,3.673,4.038494298
2021-06-20 06:00:00,4.923,5.783287879,3.776908229,6.972623931,6.991777091,6.579948404,4.133,4.820474874
2021-06-20 07:00:00,5.095,5.968554918,4.034434423,5.118564405,5.705105895,6.454836622,4.582,5.976756482
2021-06-20 08:00:00,5.38,5.443066454,4.256741844,4.029083651,6.031298305,6.285478398,5.033,5.797189205
2021-06-20 09:00:00,5.915,6.921547107,4.679700759,5.93645569,5.764014464,7.483231318,4.94,5.585199141
2021-06-20 10:00:00,6.336,7.413485517,5.009210769,6.35616482,6.881306175,8.115362633,5.75,6.568540322
2021-06-20 11:00:00,6.875,8.045427316,5.444123008,6.899796407,7.251002485,8.697497449,6.636,7.321293891
2021-06-20 12:00:00,7.45,9.119786562,5.99358235,7.47926258,8.336255258,8.86246102,6.538,7.383826639
2021-06-20 13:00:00,7.542,8.786933374,5.990866276,7.479629056,8.471679912,9.581120545,6.971,7.716780589
2021-06-20 14:00:00,7.932,9.313196934,6.199624405,7.863961954,8.801677916,9.915409309,6.96,7.985110052
2021-06-20 15:00:00,8.436,9.65074773,6.524014674,8.27664006,8.968560031,10.24167514,6.87,8.01665
2021-06-20 16:00:00,8.49,9.733878478,6.576235797,8.373749301,9.201111232,10.6125,6.387,7.514464044
2021-06-20 17:00:00,7.74,9.095090389,6.121609391,7.799847305,8.693565415,9.832505506,6.25,6.93516984
2021-06-20 18:00:00,7.278,8.142442837,5.779417722,7.321467976,8.146138705,9.24275878,6.62,6.182791777
2021-06-20 19:00:00,6.698,7.863137716,5.314758524,6.74057979,7.515997756,8.982932934,6.712,8.04791649
2021-06-20 20:00:00,6.114,7.60582565,5.142050101,6.501032026,7.273505629,8.558717681,6.402,7.163850676
2021-06-20 21:00:00,7.242,8.578264327,5.796539874,7.356634215,8.199598332,9.205700453,6.453,6.534270581
2021-06-20 22:00:00,7.333,8.700983317,5.201998343,7.27162718,8.319213045,9.409262262,5.518,5.88386088
2021-06-20 23:00:00,7.327,8.687943241,5.492362899,8.257704337,7.327521502,9.368419005,4.608,4.008075998
2021-06-21 00:00:00,6.413,7.51549011,4.983288215,5.95809569,7.18389982,8.124700512,3.63,3.839533989
2021-06-21 01:00:00,6.56,7.925329515,5.357170981,6.949127733,7.575462876,8.567736983,3.489,3.99349415
2021-06-21 02:00:00,6.223,6.76198165,5.040785318,6.395722992,7.128123964,8.051391608,3.423,2.158783695
2021-06-21 03:00:00,5.556,6.563528117,4.924677947,5.628723852,6.273718874,7.095363614,3.47,3.551349358
2021-06-21 04:00:00,5.049,5.971155037,3.995681013,5.12307376,5.709901746,6.458257776,3.689,3.90621008
2021-06-21 05:00:00,5.046,6.016377544,4.055276997,5.159588508,5.751199928,6.50425231,3.82,4.003635243
2021-06-21 06:00:00,4.923,5.949051646,4.022522302,5.102754493,5.57064085,6.432313976,4.748,4.88488606
2021-06-21 07:00:00,5.095,6.233483136,4.212774664,5.342778079,5.86072361,7.524687162,5.17,5.800451082
2021-06-21 08:00:00,5.38,6.215909978,3.952614171,5.330542785,5.94134786,6.858785073,5.593,7.24162325
2021-06-21 09:00:00,5.915,7.788681772,5.012432177,5.560866628,6.692611666,7.001841401,5.74,5.310601523
2021-06-21 10:00:00,6.336,6.869030015,4.643050951,5.890748731,6.565780364,7.637199428,6.315,8.355124442
2021-06-21 11:00:00,6.875,7.526162918,5.253072869,6.423843384,7.180137946,8.11915267,5.996,9.308738511
2021-06-21 12:00:00,7.45,8.758280611,5.544432833,7.024788725,7.651118892,9.578407042,6.106,9.331904893
2021-06-21 13:00:00,7.542,8.585339791,5.803264505,7.362711356,8.206358448,8.897483126,6.02,7.26225
2021-06-21 14:00:00,7.932,8.86535418,6.034864998,7.655753574,8.532761718,9.650304257,6.05,9.238171207
2021-06-21 15:00:00,8.436,9.566775653,6.269308159,7.421939319,9.090404218,10.02613562,6.068,7.609849603
2021-06-21 16:00:00,8.49,10.18158269,6.3675,8.09369428,9.188514345,10.13469579,6.184,8.371601306
2021-06-21 17:00:00,7.74,8.848557232,5.98092364,6.668065631,9.086304299,9.565726063,6.202,8.633197258
2021-06-21 18:00:00,7.278,7.624157038,5.658647969,8.510351196,8.001885354,8.658618736,6.036,7.839675663
2021-06-21 19:00:00,6.698,7.856824758,6.021675074,7.512835092,7.509984335,9.232178793,5.702,7.498231976
2021-06-21 20:00:00,6.114,8.03273574,5.105851789,6.589420367,7.346559717,8.311571553,5.614,6.76827993
2021-06-21 21:00:00,7.242,8.561437872,5.877689895,7.645685267,8.183487771,10.36860256,5.743,6.797290214
2021-06-21 22:00:00,7.333,8.675244187,4.950432145,7.721575601,8.220344429,9.116357454,5.122,5.862497569
2021-06-21 23:00:00,7.327,8.74918378,5.917007942,7.517031564,8.393235835,9.463101556,4.014,4.137000092
2021-06-22 00:00:00,7.26,7.874438966,4.278237283,6.752380022,7.510078069,8.512454367,3.643,3.967239396
2021-06-22 01:00:00,7.028,8.032188766,5.429418579,6.888681513,7.686262338,8.515853497,3.253,3.709352379
2021-06-22 02:00:00,6.588,7.854966208,4.663328584,6.444978301,7.183875854,8.125087888,3.133,3.60116555
2021-06-22 03:00:00,6.012,6.736451565,4.55383566,5.902660145,6.438654474,7.226160993,3.175,3.596669626
2021-06-22 04:00:00,5.588,6.190449443,4.184025573,5.390345698,5.38831324,6.691662755,3.935,4.147357925
2021-06-22 05:00:00,5.374,6.118306438,4.135620386,5.246923342,6.401337402,6.722167355,4.156,4.299598711
2021-06-22 06:00:00,5.38,5.495981272,4.111603221,5.229503016,6.039370032,6.593233104,5.253,5.399722535
2021-06-22 07:00:00,5.74,6.391617977,4.287740431,5.481380087,6.449901734,7.490934189,7.088,6.794172577
2021-06-22 08:00:00,5.315,5.381667258,5.089377278,5.079519443,5.966069231,7.324345091,9.976,8.467620465
2021-06-22 09:00:00,5.15,6.379505779,4.310771316,5.471086259,5.266731265,6.896707944,11.221,9.538185575
2021-06-22 10:00:00,5.354,6.727091437,4.651894908,4.725121646,6.388772255,7.531868167,12.05,10.37824226
2021-06-22 11:00:00,5.889,7.372570917,2.762183483,6.324765293,7.047146113,7.97017286,12.132,10.80808663
2021-06-22 12:00:00,6.405,8.045351459,5.438583068,6.900058018,7.750631888,8.698028437,12.532,10.69451289
2021-06-22 13:00:00,7.05,8.54538356,5.770431227,7.32568581,8.168953844,9.238041655,11.69,10.5249409
2021-06-22 14:00:00,7.345,8.826797176,5.988550748,7.597811337,8.859846873,9.577622859,11.34,10.5155711
2021-06-22 15:00:00,7.504,9.087495696,7.353786132,7.793352713,8.468450641,9.823893583,10.573,11.40119481
2021-06-22 16:00:00,7.607,8.959408208,6.206603554,7.874170132,8.747201094,9.7625,10.268,9.55982611
2021-06-22 17:00:00,7.172,8.751631117,5.366067087,7.507084684,8.303949014,9.731135378,9.266,8.558138611
2021-06-22 18:00:00,6.872,8.324448576,5.626880937,7.139061298,7.956931143,9.000725427,8.073,8.570072989
2021-06-22 19:00:00,6.642,9.078191271,5.272881159,6.769386736,7.478260963,8.5510884,7.088,5.568865011
2021-06-22 20:00:00,7.1,8.149568886,5.478116598,6.952348719,7.859710249,7.710966426,6.034,6.969004408
2021-06-22 21:00:00,7.556,8.727250904,5.650076589,7.491513127,8.349610178,9.444560445,5.382,7.358669642
2021-06-22 22:00:00,7.709,8.633314566,4.634000714,7.620251279,8.485130756,9.383214488,4.822,6.069177899
2021-06-22 23:00:00,7.81,8.992984607,6.08799419,7.710180343,8.597004357,9.72212691,3.839,4.532668016
2021-06-23 00:00:00,7.26,8.213900926,5.552233559,7.044400451,7.851427634,8.879841668,3.493,4.172665902
2021-06-23 01:00:00,7.028,7.933120914,5.588864114,7.093990833,7.903070114,8.938947235,3.4,3.815509761
2021-06-23 02:00:00,6.588,7.768797377,5.248755556,6.662512322,7.517308254,8.398534274,3.31,3.738834784
2021-06-23 03:00:00,6.012,7.128754255,4.821362087,6.093681505,6.814096627,7.707296402,3.347,3.65145441
2021-06-23 04:00:00,5.588,6.387274138,4.483471015,5.665182749,6.340066277,7.170444312,3.834,4.564272844
2021-06-23 05:00:00,5.374,6.513411635,4.263139879,5.458141279,6.141224211,6.890867422,3.697,2.294570435
2021-06-23 06:00:00,5.38,6.380016172,4.267254693,5.472576077,6.099592152,6.898494009,5.111,5.73616885
2021-06-23 07:00:00,5.74,6.815765771,4.607071286,5.43867266,6.512501112,7.368245912,7.02,7.73651179
2021-06-23 08:00:00,5.315,6.317080687,4.270062121,5.3874627,6.038386758,6.70634425,9.189,9.871925363
2021-06-23 09:00:00,5.15,4.920954085,3.298011498,5.250906206,6.978656123,6.826170366,10.51,11.30839083
2021-06-23 10:00:00,5.354,6.36415703,4.303220433,5.459612732,6.085162919,6.883064909,11.466,12.26026049
2021-06-23 11:00:00,5.889,6.995037156,5.309269981,6.00021432,6.832162904,7.563202735,11.466,12.40019826
2021-06-23 12:00:00,6.405,7.602616204,5.140919272,6.521464278,7.6616744,8.222511561,11.242,11.95634999
2021-06-23 13:00:00,7.05,8.364732504,5.959483925,7.173515817,7.995483157,8.015681779,10.841,11.79543761
2021-06-23 14:00:00,7.345,8.710562749,5.899797257,7.670780524,8.326036726,9.416609083,10.793,11.64553885
2021-06-23 15:00:00,7.504,8.893564498,6.011657835,7.626895758,8.866986313,9.615339651,10.336,12.17665081
2021-06-23 16:00:00,7.607,9.006152293,6.086305698,7.722979053,8.608622737,9.602726246,9.671,10.63762771
2021-06-23 17:00:00,7.172,7.836259978,6.093102008,7.27635475,8.07660879,9.181941063,8.283,7.982801224
2021-06-23 18:00:00,6.872,8.137374577,5.500636196,6.979074363,7.826355189,8.633487585,7.741,8.621397744
2021-06-23 19:00:00,6.642,7.884069022,5.425128102,6.790979377,7.536744726,8.52190678,6.604,7.693487208
2021-06-23 20:00:00,7.1,8.302553206,5.649031478,7.270100227,7.995576294,9.649553908,6.078,5.819753584
2021-06-23 21:00:00,7.556,8.848032291,5.97279339,7.385436807,8.446948992,9.552437523,6.022,6.553360001
2021-06-23 22:00:00,7.709,8.039048889,6.079027949,7.71280491,8.596569317,9.733497015,5.246,5.750883512
2021-06-23 23:00:00,7.81,9.147646587,6.190180315,7.844863198,8.743768326,9.7625,4.17,4.460428945
2021-06-24 00:00:00,7.26,8.583217927,5.729749661,7.360868313,8.204334189,9.278943021,3.759,4.106669406
2021-06-24 01:00:00,7.028,8.651409541,5.617745824,7.127544224,7.944307495,9.083213471,3.316,3.732963136
2021-06-24 02:00:00,6.588,7.840708369,5.153950659,6.680187925,7.445632775,7.983265905,3.322,3.5587555
2021-06-24 03:00:00,6.012,5.283661984,3.884043758,6.093674979,6.936913298,7.500819394,3.367,3.697851702
2021-06-24 04:00:00,5.588,5.71005275,4.464801761,5.701472836,6.52639851,7.140554087,3.566,2.086
2021-06-24 05:00:00,5.374,6.347308734,4.260030596,5.96879321,6.06702099,6.861759896,3.679,4.41192591
2021-06-24 06:00:00,5.38,6.364532197,4.293656901,5.447460572,6.071717445,7.098796511,4.908,5.889204346
2021-06-24 07:00:00,5.74,6.923205892,4.58222053,5.750609976,6.481951907,7.328372133,7.72,8.216037486
2021-06-24 08:00:00,5.315,6.276532116,5.154785217,5.382671517,6.000104893,6.785180544,9.816,10.51620037
2021-06-24 09:00:00,5.15,6.080167125,4.074775413,5.214919008,5.812421281,6.57382813,11.035,10.59252563
2021-06-24 10:00:00,5.354,7.631838321,4.272455062,5.419889258,5.245597026,6.832928969,12.667,10.56683942
2021-06-24 11:00:00,5.889,7.160201221,4.710207836,5.965153182,6.644226079,7.514422773,12.85,11.95355834
2021-06-24 12:00:00,6.405,7.560095824,5.110091929,6.483444245,7.226362323,8.586466722,13.081,11.90868317
2021-06-24 13:00:00,7.05,8.196247783,5.624568658,7.060576856,6.666925076,8.995808837,12.893,11.49027745
2021-06-24 14:00:00,7.345,8.670235567,5.67840826,7.480600335,8.28572413,9.371430877,12.323,11.42313016
2021-06-24 15:00:00,7.504,8.782735104,5.986768758,7.62206926,8.456420687,9.586364018,11.772,12.83046622
2021-06-24 16:00:00,7.607,8.977703281,6.068368506,7.844927481,8.728460296,9.932821369,11.05,11.64089802
2021-06-24 17:00:00,7.172,8.465012952,5.405431049,7.259546046,8.091424285,9.151273596,9.912,10.59542531
2021-06-24 18:00:00,6.872,8.110534041,5.948986913,6.95489692,7.50881054,8.767970012,8.258,9.968111737
2021-06-24 19:00:00,6.642,7.838643262,5.298239595,6.722316637,7.492659214,8.542540958,7.266,8.099803307
2021-06-24 20:00:00,7.1,8.375210861,5.632047105,7.184792621,7.70702093,9.056928696,6.752,7.207656293
2021-06-24 21:00:00,7.556,9.7625,6.026908384,8.057653482,8.522735173,9.639079961,5.994,5.447580316
2021-06-24 22:00:00,7.709,9.096182572,6.107755639,7.801055312,8.689172415,9.950051038,5.698,6.304676054
2021-06-24 23:00:00,7.81,9.214941225,6.225855638,7.901849702,6.883747378,9.7625,4.079,4.444558782
2021-06-25 00:00:00,7.26,8.568326776,5.791181736,7.347404275,8.11712274,9.26197185,3.452,4.374035875
2021-06-25 01:00:00,7.028,8.101982306,5.605863363,7.112279087,7.788321665,8.965436024,3.471,3.927320783
2021-06-25 02:00:00,6.588,7.412182174,5.254707707,6.666678138,7.216977285,8.403707842,3.38,3.239933463
2021-06-25 03:00:00,6.012,8.885229881,4.795048659,6.083596218,5.982615024,7.668311922,3.486,3.811877257
2021-06-25 04:00:00,5.588,6.804870393,4.456734038,5.654287115,6.302193512,7.127680101,4.235,5.113756866
2021-06-25 05:00:00,5.374,6.341829554,4.288996799,5.4389044,6.06198989,6.889640763,4.378,4.547436896
2021-06-25 06:00:00,5.38,6.34931707,4.290166339,5.445019785,4.936035944,6.862532282,5.799,6.278261615
2021-06-25 07:00:00,5.74,6.773520959,4.576937934,5.805004297,6.474220422,8.134032593,7.886,8.652321042
2021-06-25 08:00:00,5.315,6.271482212,4.239198008,5.378267114,6.070220074,6.779943992,9.723,8.352762686
2021-06-25 09:00:00,5.15,6.073288223,4.19403144,5.211399411,6.462793342,6.569381802,11.672,9.935418389
2021-06-25 10:00:00,5.354,6.317742061,4.270333679,5.417902883,6.039474848,6.830105507,12.98,11.64808684
2021-06-25 11:00:00,5.889,6.949247669,4.633503199,5.959113319,6.640920693,7.51237891,13.454,11.71678778
2021-06-25 12:00:00,6.405,7.557763661,4.914105671,6.515861923,7.224157482,8.170416166,13.518,11.6083685
2021-06-25 13:00:00,7.05,8.318971744,5.618928339,7.130157575,7.620063191,9.220747916,13.158,10.89576962
2021-06-25 14:00:00,7.345,9.141209852,5.914420454,7.432763338,8.093693926,9.368174869,12.762,9.770412856
2021-06-25 15:00:00,7.504,8.695766213,5.985115862,7.593414561,8.461128683,9.572239052,12.0,12.81968714
2021-06-25 16:00:00,7.607,8.886472616,7.288817421,7.697633388,8.577503375,9.437392518,11.478,12.90033587
2021-06-25 17:00:00,7.172,8.463000361,5.72032623,7.257114558,8.088953008,9.148384666,10.667,11.91091742
2021-06-25 18:00:00,6.872,8.107037445,5.674678372,6.875727389,7.792276037,8.758010883,9.0,10.23191375
2021-06-25 19:00:00,6.642,7.841043992,4.631898015,6.724351395,7.713215974,8.406224765,7.928,8.465535535
2021-06-25 20:00:00,7.1,8.675249537,5.66299774,7.184757899,9.31916868,9.056828481,7.302,7.52269511
2021-06-25 21:00:00,7.556,8.914027559,6.082844473,7.267850268,8.630077811,9.637625848,7.16,6.754517527
2021-06-25 22:00:00,7.709,9.096687752,6.145166213,7.801234687,8.089581764,9.834076934,6.436,5.605702662
2021-06-25 23:00:00,7.81,9.216140907,6.138136059,7.822003497,8.80932351,9.7625,5.585,4.275121487
2021-06-26 00:00:00,6.413,8.382961027,5.790079304,7.346732943,8.189655352,9.263194037,4.367,4.346216937
2021-06-26 01:00:00,6.56,8.294315251,5.798176925,7.153989878,8.135531147,8.964634281,3.783,3.948623405
2021-06-26 02:00:00,6.223,7.394972587,4.205549488,6.668262909,7.432234917,8.404930773,3.75,3.746481167
2021-06-26 03:00:00,5.556,7.096229108,5.507581296,6.175833401,6.782608293,7.671425812,3.673,4.01475371
2021-06-26 04:00:00,5.049,6.51792993,4.478801373,5.657121975,6.284706373,7.131390886,4.502,4.859670838
2021-06-26 05:00:00,5.046,6.339991599,4.288732646,5.376755152,6.064760444,6.859050876,4.347,5.271995495
2021-06-26 06:00:00,4.923,6.348704192,4.038422583,5.448212559,7.002941416,6.867938371,4.838,6.318031813
2021-06-26 07:00:00,5.095,5.947870532,3.929355736,6.0544693,6.479584253,7.328604244,5.236,8.742513724
2021-06-26 08:00:00,5.38,6.279140283,4.24438744,5.28623845,6.00307941,6.786185687,7.377,8.358088029
2021-06-26 09:00:00,5.915,6.085908688,4.114054805,5.221291401,5.817656649,6.612086306,8.094,9.147418267
2021-06-26 10:00:00,6.336,6.355697701,4.30858748,5.449287975,6.073496909,6.805958154,9.922,11.10097295
2021-06-26 11:00:00,6.875,6.988750988,4.721177918,5.993409101,6.677102007,7.551739106,10.082,11.37614777
2021-06-26 12:00:00,7.45,7.600601243,5.350966055,6.517873899,7.195504397,8.053829769,9.902,10.95875814
2021-06-26 13:00:00,7.542,8.364486099,5.65257931,7.170011414,7.9982313,9.0429753,9.328,10.46747605
2021-06-26 14:00:00,7.932,8.715710183,5.889804403,7.468158767,8.331301619,9.416677239,9.562,10.76287328
2021-06-26 15:00:00,8.436,8.906382236,5.778197264,7.365994062,8.513248257,9.628423408,8.898,11.5943
2021-06-26 16:00:00,8.49,9.030982646,6.104475918,7.742356578,8.632228444,8.724629837,8.732,12.92067497
2021-06-26 17:00:00,7.74,8.520586793,5.759561442,7.285652287,8.143518307,9.208403569,8.624,12.77541686
2021-06-26 18:00:00,7.278,8.165643433,5.518948584,7.00380685,8.375263033,9.407640538,8.475,9.180039051
2021-06-26 19:00:00,6.698,8.024999229,5.34037343,6.778917711,7.455595212,8.539061033,7.815,7.831917267
2021-06-26 20:00:00,6.114,8.441129929,6.466747516,7.239018954,8.068499828,9.248075295,7.586,6.951314843
2021-06-26 21:00:00,7.242,9.185339468,6.068261826,7.701373294,8.589631669,9.707969073,7.422,6.530223307
2021-06-26 22:00:00,7.333,8.133855036,5.997821147,7.856398633,7.66683352,9.908603712,6.381,5.452043382
2021-06-26 23:00:00,7.327,9.734720631,6.241784701,8.133230797,8.104275538,10.03250876,5.128,2.944238549
2021-06-27 00:00:00,6.413,8.629877985,5.832624463,7.400886815,8.248912502,9.330909491,4.268,4.28977365
2021-06-27 01:00:00,6.56,8.356058524,4.72868202,7.166059503,7.363585236,9.033400317,3.662,3.819462163
2021-06-27 02:00:00,6.223,7.982299149,6.083502977,6.720705508,8.001079382,8.479208758,3.663,3.703486211
2021-06-27 03:00:00,5.556,8.467183477,4.837125944,6.847803028,6.840132329,7.917564682,3.734,2.086
2021-06-27 04:00:00,5.049,6.650098118,4.494906752,5.705512474,6.191634455,6.56501404,4.469,4.887835874
2021-06-27 05:00:00,5.046,6.097674309,4.391512176,5.474608996,5.917277042,6.901495641,4.736,5.063357382
2021-06-27 06:00:00,4.923,6.31971984,4.318945638,5.479307449,6.108486447,6.907207593,4.678,6.644556967
2021-06-27 07:00:00,5.095,6.89845178,4.604803037,5.842192346,6.484973221,7.364596063,5.193,9.213611142
2021-06-27 08:00:00,5.38,6.186554324,4.468082295,5.408028484,7.077940476,6.825695139,5.662,10.28060396
2021-06-27 09:00:00,5.915,6.112580905,4.899962832,5.21088188,5.842754427,6.649621927,5.602,11.66926764
2021-06-27 10:00:00,6.336,6.351509995,4.442074168,5.416699193,6.071093001,6.866357431,6.488,13.45544418
2021-06-27 11:00:00,6.875,7.829632563,4.374601846,5.98669808,6.867484726,7.545008214,7.377,13.79526532
2021-06-27 12:00:00,7.45,7.56448637,5.113068434,6.923341337,7.230371534,8.17797221,7.828,13.27222142
2021-06-27 13:00:00,7.542,8.156527888,5.453924054,7.004917098,7.954977514,9.000505771,7.843,12.79566919
2021-06-27 14:00:00,7.932,8.697339905,4.857526574,8.72760864,8.288809179,8.725880684,7.907,13.16172424
2021-06-27 15:00:00,8.436,8.859515858,6.3675,7.596281099,8.440114048,9.577651779,7.572,9.09305
2021-06-27 16:00:00,8.49,8.879215149,6.070560394,7.701919746,8.583166285,10.10158763,7.151,11.95097616
2021-06-27 17:00:00,7.74,8.467502273,5.723542867,7.260704993,8.093116184,9.153781091,6.876,12.36612553
2021-06-27 18:00:00,7.278,8.057256181,5.484263177,6.958544358,7.751427268,8.772015454,7.653,10.61584487
2021-06-27 19:00:00,6.698,7.860938026,5.30182479,6.801533599,7.497501565,8.468917289,7.724,9.761082377
2021-06-27 20:00:00,6.114,8.382051099,5.274713897,7.188351057,8.001169596,10.49168775,7.155,7.928826817
2021-06-27 21:00:00,7.242,8.920723385,5.888354923,7.649982114,8.526601475,9.170467702,7.299,7.971647822
2021-06-27 22:00:00,7.333,7.411862032,6.152576614,7.805048861,8.302436472,9.836274699,6.28,6.896324279
2021-06-27 23:00:00,7.327,9.220619919,4.543287099,7.902600047,8.813481012,9.967730369,4.798,5.296722494
2021-06-28 00:00:00,7.26,8.565863766,5.906083692,8.20427344,8.187673316,9.260154643,4.415,5.219884464
2021-06-28 01:00:00,7.028,8.293730783,5.604896447,7.739497537,7.758038972,8.96133009,4.058,4.937760949
2021-06-28 02:00:00,6.588,6.405770846,5.253944449,7.579763591,7.571539684,8.40207775,4.02,2.906798608
2021-06-28 03:00:00,6.012,7.076116651,4.793929482,6.077012567,6.013396312,7.667489492,4.15,4.716978829
2021-06-28 04:00:00,5.588,6.484419171,4.458958387,5.653209841,6.30097465,6.43147994,5.193,2.510873347
2021-06-28 05:00:00,5.374,6.340036604,4.285447179,5.437166218,6.059970707,6.853526259,5.328,4.828844163
2021-06-28 06:00:00,5.38,6.34743987,4.305541571,5.4430064,6.066700973,7.642091041,6.905,7.445834825
2021-06-28 07:00:00,5.74,6.767987026,4.201837423,5.807158693,6.468691038,7.395773101,9.325,10.15059524
2021-06-28 08:00:00,5.315,6.270069791,4.238219027,5.377196599,5.993240403,6.955446068,13.799,12.84575326
2021-06-28 09:00:00,5.15,6.075116601,4.106604847,4.722513913,5.807826079,6.567796628,14.816,14.08709006
2021-06-28 10:00:00,5.354,6.433209657,3.89610474,5.529633509,5.952924572,6.828016731,16.163,15.85505312
2021-06-28 11:00:00,5.889,6.946784747,4.696105834,5.957881808,6.351665328,7.510591417,16.614,16.07386857
2021-06-28 12:00:00,6.405,7.633397302,5.10774572,6.39947615,7.22173992,8.057599355,16.34,15.36455908
2021-06-28 13:00:00,7.05,8.834597634,5.622302716,6.867136308,7.950622128,8.997572715,16.16,14.84472649
2021-06-28 14:00:00,7.345,9.242033838,5.857695812,7.432191131,8.784142329,9.367764595,15.614,15.37604263
2021-06-28 15:00:00,7.504,8.853599411,5.984685955,7.5928182,8.367589831,9.57134887,14.604,16.02770098
2021-06-28 16:00:00,7.607,9.7625,6.06688134,7.277781937,8.580177503,9.674400062,13.772,12.87854565
2021-06-28 17:00:00,7.172,8.452055007,5.114491712,7.891756298,9.358389642,9.148324414,12.472,12.54886859
2021-06-28 18:00:00,6.872,9.391753945,5.480961698,7.194607516,7.710727731,8.765852753,10.465,11.29553575
2021-06-28 19:00:00,6.642,7.837504066,5.297954494,6.793291825,6.9890437,8.472781856,9.063,9.16978177
2021-06-28 20:00:00,7.1,8.347472159,5.662987882,7.18514547,8.164956567,9.057336154,7.724,8.737295047
2021-06-28 21:00:00,7.556,8.916682787,6.026957088,7.646826297,8.521104426,9.639881552,7.23,8.32945288
2021-06-28 22:00:00,7.709,10.17585874,6.149423243,7.781666908,8.695920929,9.831277232,6.223,6.887196686
2021-06-28 23:00:00,7.81,9.412459212,6.227293037,7.904599514,8.810594377,9.7625,5.238,6.338064812
2021-06-29 00:00:00,7.26,8.620637454,5.790497627,7.348118955,8.190091844,9.268545496,4.664,6.427472477
2021-06-29 01:00:00,7.028,7.824287541,5.606862038,7.113624614,8.318039182,8.967288977,4.571,2.086
2021-06-29 02:00:00,6.588,7.371192166,5.25579026,5.188887492,7.432726618,9.822237177,4.366,4.759763548
2021-06-29 03:00:00,6.012,7.402399373,4.796984626,6.085953852,5.654513591,7.671385726,4.241,3.839149011
2021-06-29 04:00:00,5.588,6.596562592,4.589834094,5.657967389,6.174630213,6.159605312,5.062,5.647917568
2021-06-29 05:00:00,5.374,6.344374149,4.279847479,6.252390035,6.518728455,6.989518333,5.33,5.946373431
2021-06-29 06:00:00,5.38,6.348240616,4.293310864,5.403789357,4.777276543,6.868354085,7.014,7.666769837
2021-06-29 07:00:00,5.74,6.821628319,4.611062548,5.811876385,6.475084626,7.326221434,9.696,7.439629259
2021-06-29 08:00:00,5.315,6.26483967,4.23466191,5.369716124,5.490003939,6.897569262,13.546,14.55686433
2021-06-29 09:00:00,5.15,6.077548873,3.870941564,5.215224056,5.812221833,6.574602572,15.36,16.66645946
2021-06-29 10:00:00,5.354,6.322352254,4.273593351,5.421975263,6.016195435,6.834740618,16.757,18.8807612
2021-06-29 11:00:00,5.889,6.953790479,3.662045586,5.964162368,6.646899496,7.599177314,16.705,18.70776747
2021-06-29 12:00:00,6.405,7.355386924,4.971764664,6.765411067,7.733556683,9.108693235,16.046,17.39808567
2021-06-29 13:00:00,7.05,8.133054319,5.408631864,6.86269682,7.340479379,8.791368642,16.34,17.68137535
2021-06-29 14:00:00,7.345,8.672632233,5.862193574,6.409325136,8.292701457,9.368450377,15.92,17.22775104
2021-06-29 15:00:00,7.504,8.020883237,6.464019642,6.644027157,8.469914505,9.57887452,14.657,15.23289977
2021-06-29 16:00:00,7.607,8.982281306,6.063716188,7.703094483,8.585558803,9.710184188,14.108,15.3507317
2021-06-29 17:00:00,7.172,8.468932587,5.724537883,7.26310603,8.095071723,9.153827541,12.062,13.56033471
2021-06-29 18:00:00,6.872,8.115056385,5.48540104,6.890471297,7.756760571,8.772870256,10.548,11.43627753
2021-06-29 19:00:00,6.642,7.831907938,5.294038222,6.716598101,6.548416189,7.25124664,9.566,10.04008279
2021-06-29 20:00:00,7.1,8.37194761,5.634071095,7.179804785,8.396016257,9.053231557,8.284,8.973689411
2021-06-29 21:00:00,7.556,9.7625,6.023298621,7.526267837,8.517523951,9.7625,7.831,7.309836827
2021-06-29 22:00:00,7.709,9.091534568,6.145475896,7.150524848,8.694533955,9.828620638,6.695,7.32630379
2021-06-29 23:00:00,7.81,9.205752447,6.226266337,7.713591007,8.800800934,9.957266854,5.101,6.147473518
2021-06-30 00:00:00,7.26,8.570939755,5.793456614,7.350332903,8.194561904,9.265709177,4.368,5.126972322
2021-06-30 01:00:00,7.028,8.489535153,6.109810163,7.116308465,7.858355949,8.975794682,4.206,4.804791351
2021-06-30 02:00:00,6.588,8.067611405,5.260745603,6.673049459,7.434670946,8.122658722,4.217,4.637428992
2021-06-30 03:00:00,6.012,7.101077195,4.799950444,6.089803039,6.787602292,8.217066825,4.442,4.861382761
2021-06-30 04:00:00,5.588,5.74746685,4.750066167,5.736792313,6.311228875,7.136902019,4.98,5.563861859
2021-06-30 05:00:00,5.374,6.350294206,4.292964977,5.44477712,5.813100759,6.860351017,5.216,6.07225698
2021-06-30 06:00:00,5.38,6.3588552,4.298246367,5.412903959,6.484251301,6.874278643,7.212,6.884972529
2021-06-30 07:00:00,5.74,6.809334793,4.772192263,5.676498948,6.486412519,7.427370374,9.75,10.64037866
2021-06-30 08:00:00,5.315,6.262809357,4.203197783,5.371346044,5.966503038,6.687001748,13.999,14.48210036
2021-06-30 09:00:00,5.15,6.114397445,5.062787963,5.224098419,5.825225655,6.766808354,15.291,16.63784025
2021-06-30 10:00:00,5.354,6.340542097,4.281300201,5.431547861,5.885088116,6.848371014,16.734,18.03472973
2021-06-30 11:00:00,5.889,6.881591498,4.707341381,5.976548582,6.659171973,7.531385063,16.702,18.20727912
2021-06-30 12:00:00,6.405,7.161628622,4.183617847,6.13964611,6.843701975,7.741040996,16.333,18.53535369
2021-06-30 13:00:00,7.05,9.660374041,5.209696549,6.823388292,7.603576921,8.600453471,15.338,15.95882579
2021-06-30 14:00:00,7.345,9.935538846,6.709922589,8.512019021,9.761463152,10.73003364,14.556,17.62172109
2021-06-30 15:00:00,7.504,10.41439276,5.910775919,8.930236898,10.53316295,11.2585509,13.726,16.14506839
2021-06-30 16:00:00,7.607,11.8852731,8.033809592,9.7625,11.36052379,12.84959777,13.013,15.43223389
2021-06-30 17:00:00,7.172,11.30218613,7.632085446,9.680607795,10.80612146,12.2182608,11.173,13.37821625
2021-06-30 18:00:00,6.872,10.79828616,8.631423527,8.726541488,10.32195094,11.67210997,10.779,11.64630026
2021-06-30 19:00:00,6.642,10.39385884,7.370901929,8.981292078,9.935038358,11.23587068,9.55,10.6415222
2021-06-30 20:00:00,7.1,10.98693936,7.42640773,9.422612491,10.50200624,12.01951143,8.954,9.039012353
2021-06-30 21:00:00,7.556,11.5801917,7.772102169,9.931440306,10.97328655,12.19491642,8.015,8.616147164
2021-06-30 22:00:00,7.709,9.7625,7.989443631,10.13770209,9.7625,12.77769842,7.131,7.675319028
2021-06-30 23:00:00,7.81,11.93801001,8.069427539,10.35508143,11.41986966,9.7625,5.794,6.176657191
2021-07-01 00:00:00,10.529,12.70362643,7.627896674,10.19051513,10.79018499,12.20274702,4.732,5.124695835
2021-07-01 01:00:00,10.234,11.01172734,8.754565744,9.443724416,10.52582331,11.9045389,4.158,4.710677056
2021-07-01 02:00:00,9.702,10.46161299,7.091207256,8.865616222,10.02696846,11.34592607,4.093,4.75221765
2021-07-01 03:00:00,8.884,9.807412136,6.440511508,9.375481002,9.374500316,10.60235949,4.568,4.926848411
2021-07-01 04:00:00,8.3,9.307647356,6.493113186,7.978668186,8.892866467,10.05095928,4.946,5.592481814
2021-07-01 05:00:00,7.916,9.047885223,6.116387962,7.751925102,8.748055957,9.780548696,5.708,6.268148793
2021-07-01 06:00:00,7.694,9.0501265,6.117398112,7.125313948,8.655672845,9.785159709,7.032,7.915275724
2021-07-01 07:00:00,7.729,9.593007096,6.401717873,8.121787036,9.082454034,10.78630084,9.593,9.265729262
2021-07-01 08:00:00,7.292,8.634409046,6.457695463,7.402585011,8.25060996,9.323066434,13.686,14.10718984
2021-07-01 09:00:00,6.892,8.765935336,5.92668428,7.517001436,7.83607049,9.373813235,14.616,14.29924456
2021-07-01 10:00:00,6.974,9.30210828,6.084537143,7.707001646,8.604191725,9.643503663,15.86,17.32612082
2021-07-01 11:00:00,7.364,9.628531598,6.508676691,9.381722506,9.203466006,10.41035382,16.168,17.68911085
2021-07-01 12:00:00,8.157,9.630777722,6.511404722,8.27870636,9.172704551,10.41293766,16.918,17.77638466
2021-07-01 13:00:00,8.842,10.42390242,6.35415141,8.939323162,9.969958874,12.08037056,16.19,17.71314507
2021-07-01 14:00:00,9.645,11.33193695,7.69873237,9.651278036,10.75741557,12.02019364,16.074,16.55050551
2021-07-01 15:00:00,10.34,11.85994478,8.086784539,10.12904074,11.33660506,12.79210955,14.971,15.76001603
2021-07-01 16:00:00,10.536,12.05065739,8.146419871,10.33501619,11.52016956,13.02820858,13.844,15.09892997
2021-07-01 17:00:00,9.816,11.31181035,7.645833804,9.725717184,10.81213975,12.22826164,12.316,13.462898
2021-07-01 18:00:00,9.192,10.76183044,7.232713722,8.309061376,10.23171437,11.08114914,10.915,11.71131385
2021-07-01 19:00:00,8.756,10.98807182,6.864374172,8.702259537,9.921938945,12.34908506,9.784,8.551026709
2021-07-01 20:00:00,9.302,10.80746183,7.305373952,9.229244449,10.33050852,10.20641938,8.503,9.352656026
2021-07-01 21:00:00,9.852,11.45500065,7.889960096,9.848910867,10.9794481,12.59092721,8.067,8.970581025
2021-07-01 22:00:00,10.188,11.99155256,8.105256779,9.979406914,11.29494429,12.9599402,7.185,8.006858723
2021-07-01 23:00:00,10.681,12.09034006,8.497166628,10.1693735,12.01740812,13.35125,5.809,6.467173617
2021-07-02 00:00:00,10.529,12.3926038,8.327323858,10.6440978,11.8510493,13.39674274,4.687,6.613599443
2021-07-02 01:00:00,10.234,12.04496411,6.824567945,9.937644408,11.7260214,13.02106884,4.248,5.023481449
2021-07-02 02:00:00,9.702,11.41720437,8.768963353,9.787723671,11.68837806,12.33947013,4.158,4.598177183
2021-07-02 03:00:00,8.884,10.20447465,8.356847753,8.964758521,9.991987811,11.26918114,4.384,5.012567484
2021-07-02 04:00:00,8.3,9.654939891,6.601113093,8.374667151,9.334620493,11.0580907,5.069,4.483498943
2021-07-02 05:00:00,7.916,9.314349724,6.295752062,7.987908861,9.391317847,10.11406627,5.98,6.176854889
2021-07-02 06:00:00,7.694,9.049055843,6.32189869,7.760523163,8.682144599,9.67636353,6.958,7.750407093
2021-07-02 07:00:00,7.729,9.093299972,6.211270989,7.79885275,8.69192974,9.824611708,9.63,10.80320025
2021-07-02 08:00:00,7.292,9.143971329,5.495602407,7.358673421,8.201838678,9.276181044,12.35,12.32464217
2021-07-02 09:00:00,6.892,8.111792519,4.39080146,6.956747863,7.356789612,8.585944046,14.151,12.28827612
2021-07-02 10:00:00,6.974,8.211853596,5.261693676,7.042404478,7.849342509,8.902684437,15.266,16.8194035
2021-07-02 11:00:00,7.364,8.675278274,5.631707785,7.439972514,8.652020722,9.359186483,15.718,17.29083549
2021-07-02 12:00:00,8.157,10.16754799,6.612081162,8.241520212,9.823254288,10.57352854,15.886,17.49048454
2021-07-02 13:00:00,8.842,10.57557883,7.148526407,9.416343677,10.1103581,11.43252439,15.854,17.39232383
2021-07-02 14:00:00,9.645,11.18047301,7.688541031,9.755006706,10.8741325,12.53120924,15.785,14.55852058
2021-07-02 15:00:00,10.34,12.19724267,8.244778536,10.4409822,11.6589301,13.18595822,14.258,15.69685674
2021-07-02 16:00:00,10.536,12.96018254,8.402282257,10.47719437,11.88166124,13.43796401,13.46,13.74792532
2021-07-02 17:00:00,9.816,11.57942104,7.829005087,10.12207276,11.07106467,12.51959247,12.308,13.36498148
2021-07-02 18:00:00,9.192,10.85510179,7.332399073,9.302658967,10.30734874,11.43256577,10.666,11.67962619
2021-07-02 19:00:00,8.756,10.33428162,6.985432647,8.862483252,9.878965354,10.35433692,9.866,10.17894524
2021-07-02 20:00:00,9.302,11.07170812,7.421947084,9.328566525,10.49535115,12.41390551,8.438,9.38678319
2021-07-02 21:00:00,9.852,11.62651313,7.931674375,9.972409934,12.72194515,12.57305042,8.21,8.946192555
2021-07-02 22:00:00,10.188,12.02688901,8.130174145,10.32193864,11.46987231,13.00290768,7.711,9.604034048
2021-07-02 23:00:00,10.681,12.06866903,8.524444804,12.19403914,12.04973676,13.35125,6.616,4.802821183
2021-07-03 00:00:00,9.118,11.90205539,9.585791329,10.6608151,12.22140175,14.1,5.658,5.606703098
2021-07-03 01:00:00,9.284,12.08341752,8.168653203,10.3653897,11.55003452,13.06285825,4.888,5.052367086
2021-07-03 02:00:00,9.041,11.45678002,7.81970083,9.825125154,10.94691431,12.30030548,4.741,4.902140216
2021-07-03 03:00:00,8.386,10.4928957,7.015393115,8.997080815,9.855408751,11.34157479,4.77,5.218159299
2021-07-03 04:00:00,7.947,9.513099867,6.628655818,8.40801991,9.370856191,10.44133714,5.192,5.852239527
2021-07-03 05:00:00,7.201,10.16392218,6.321357122,8.192262536,8.939156706,10.10988029,5.364,4.508661489
2021-07-03 06:00:00,6.87,9.218448788,7.255910389,7.41416106,8.689325063,9.826487808,5.966,7.649567878
2021-07-03 07:00:00,6.656,8.612808025,6.173254086,7.83236566,8.729454315,9.872899848,6.198,11.85599021
2021-07-03 08:00:00,6.586,7.749801824,6.398437516,7.390416187,8.236773136,9.316008545,7.55,11.66188988
2021-07-03 09:00:00,6.373,8.146045866,5.506458566,6.985866548,7.882316075,9.069020127,9.28,10.15439334
2021-07-03 10:00:00,7.014,8.243156844,4.742472227,6.990081366,7.386504457,8.777389872,10.266,11.822
2021-07-03 11:00:00,7.486,8.661206278,5.830467539,8.669633566,8.114549434,9.409206317,10.241,17.42214276
2021-07-03 12:00:00,7.568,9.723209074,6.572454676,8.230888215,9.421105521,11.89862935,10.28,17.64360478
2021-07-03 13:00:00,9.274,10.51952474,7.11057451,9.024444309,10.05504252,11.36481588,10.057,17.5771274
2021-07-03 14:00:00,10.247,11.39528301,7.423160677,9.773002162,12.49801998,12.31965386,9.966,17.19742784
2021-07-03 15:00:00,11.2,12.0365203,8.096046431,10.47661411,11.67671389,13.20532362,9.898,14.10021333
2021-07-03 16:00:00,11.28,12.4460079,8.412383248,10.6745303,11.49000034,13.56449693,9.372,14.66429711
2021-07-03 17:00:00,10.4,10.94550758,7.839856933,9.945585014,11.08536536,12.53737462,8.887,13.32105656
2021-07-03 18:00:00,9.065,10.86076769,7.28337091,9.313966771,9.952712748,11.74064246,8.669,11.48279293
2021-07-03 19:00:00,8.928,10.34530498,6.993244207,8.820667342,9.889555516,11.18502365,8.72,9.77691826
2021-07-03 20:00:00,8.803,10.84604463,7.038399669,8.908773601,9.929539949,11.23378555,8.394,7.132278803
2021-07-03 21:00:00,9.242,10.90602141,7.371933571,9.353011785,10.42473122,11.52806874,8.416,8.634786802
2021-07-03 22:00:00,9.437,11.55627233,8.133470102,8.748661279,9.78803202,12.03900503,7.565,8.073545388
2021-07-03 23:00:00,10.237,12.08058871,8.165696285,10.3651948,11.54717109,13.05962702,6.115,6.596981273
2021-07-04 00:00:00,9.118,10.77748961,7.846555948,9.227559333,9.894185984,11.63219023,5.132,5.379056649
2021-07-04 01:00:00,9.284,10.94937363,7.406539017,9.397534986,9.527308195,11.8437721,4.518,4.972473542
2021-07-04 02:00:00,9.041,11.43912431,7.762932968,9.815229875,10.93958564,12.37221198,4.222,4.971388738
2021-07-04 03:00:00,8.386,10.47859489,7.083147573,8.98663792,9.932896345,11.14773479,4.354,4.864577135
2021-07-04 04:00:00,7.947,9.701257521,6.615108381,8.396527354,9.359067761,10.58453129,5.168,2.537600348
2021-07-04 05:00:00,7.201,9.338130437,5.841359281,8.008281704,8.925805214,9.948746201,5.21,6.107774406
2021-07-04 06:00:00,6.87,9.107020945,6.13527434,7.784071213,8.675127802,9.812346827,5.224,7.754886407
2021-07-04 07:00:00,6.656,8.89039458,6.190149224,7.840196371,8.814185162,9.85729449,5.398,10.33888216
2021-07-04 08:00:00,6.586,8.607663075,5.590440728,7.376498081,8.223108494,9.320392155,6.063,12.98048234
2021-07-04 09:00:00,6.373,6.915746069,5.490757394,6.973254581,8.270505002,8.789634452,6.416,11.80863516
2021-07-04 10:00:00,7.014,8.228375246,5.55632228,7.055401248,8.105891012,8.895272213,8.074,16.97909828
2021-07-04 11:00:00,7.486,8.76479322,5.873495524,7.471355641,7.867116953,9.449494793,8.036,9.4484
2021-07-04 12:00:00,7.568,9.53059738,6.505986461,7.479413134,9.160825738,10.51868924,7.923,16.97603185
2021-07-04 13:00:00,9.274,10.42248862,7.054214681,8.948070392,9.972905011,11.85117587,8.216,17.13679174
2021-07-04 14:00:00,10.247,11.4384872,7.694556243,9.762227123,10.88109696,12.14641712,8.049,16.33936962
2021-07-04 15:00:00,11.2,12.8476335,8.197046926,10.46580098,12.72736717,13.19295133,7.632,13.62364249
2021-07-04 16:00:00,11.28,12.43512538,8.411415694,11.15335823,11.88661442,13.44302554,8.066,14.24897136
2021-07-04 17:00:00,10.4,11.58549687,7.033465253,10.28651221,11.28834637,12.5245897,7.344,12.81323044
2021-07-04 18:00:00,9.065,10.84910303,7.333428712,9.304069573,10.37050757,12.13622369,7.454,10.80603564
2021-07-04 19:00:00,8.928,10.09218606,6.984578876,8.855193119,9.886600137,11.88310962,7.9,8.596305467
2021-07-04 20:00:00,8.803,10.28364869,7.420986037,9.751906495,11.86065679,11.86297979,7.623,6.9520275
2021-07-04 21:00:00,9.242,11.62320198,8.000412971,9.973598374,11.11326886,12.56968262,7.282,8.104104229
2021-07-04 22:00:00,9.437,12.02522909,8.12833878,9.999320272,11.69943105,12.99993508,6.445,7.255935484
2021-07-04 23:00:00,10.237,12.60521192,8.520689545,10.8948127,12.04916663,13.62720457,5.481,6.051312598
2021-07-05 00:00:00,10.529,12.42208274,8.397469103,10.2893411,12.67515085,13.35125,4.412,4.884147717
2021-07-05 01:00:00,10.234,12.07652875,8.163093974,10.35756397,11.54324142,13.20939403,4.062,4.718640139
2021-07-05 02:00:00,9.702,11.44873374,7.760106598,9.818257833,10.88789252,12.3767319,4.164,4.35707692
2021-07-05 03:00:00,8.884,10.48277349,7.820194437,8.990253279,10.13778261,11.33157424,4.119,4.527312405
2021-07-05 04:00:00,8.3,9.794304215,7.911353526,8.288169413,9.362874222,10.2132753,5.108,5.611735249
2021-07-05 05:00:00,7.916,9.341183711,6.314027922,8.010828661,8.928828866,10.17095482,5.602,6.18692822
2021-07-05 06:00:00,7.694,9.07923293,6.137076514,9.201330438,8.837593135,9.15936287,6.634,7.973653116
2021-07-05 07:00:00,7.729,9.120553983,6.16498349,7.821743371,8.717958857,9.680525902,9.092,10.70677052
2021-07-05 08:00:00,7.292,8.604918122,5.819866464,7.379671296,8.997170696,9.35628802,12.903,13.0830123
2021-07-05 09:00:00,6.892,8.132996092,5.498196736,6.97467933,7.77390623,8.792850174,14.988,13.12790684
2021-07-05 10:00:00,6.974,7.641573376,5.922591429,7.058289481,7.865744184,8.896839715,15.396,16.64369902
2021-07-05 11:00:00,7.364,8.690020278,5.998900806,7.449295222,8.074865438,9.394611579,15.14,16.5206017
2021-07-05 12:00:00,8.157,9.554010801,6.526592902,8.255066409,9.194944287,10.40605403,15.425,13.07024361
2021-07-05 13:00:00,8.842,10.45928756,7.05299752,8.948249686,9.973501076,11.30013682,15.444,16.89650121
2021-07-05 14:00:00,9.645,12.23059606,7.687899497,9.042047033,10.89977022,12.36622293,14.855,16.40594516
2021-07-05 15:00:00,10.34,12.21927615,8.457056269,10.46440521,11.66357881,13.19108984,13.557,14.83361401
2021-07-05 16:00:00,10.536,11.61575928,8.224840944,10.66270178,11.88451157,13.91320147,12.846,12.45586847
2021-07-05 17:00:00,9.816,11.58040741,8.95289981,9.934120495,11.07316009,12.45917879,11.342,12.28496301
2021-07-05 18:00:00,9.192,10.84746544,7.332957939,9.302657673,10.36826292,11.72640865,9.63,10.59521778
2021-07-05 19:00:00,8.756,9.989330338,6.984552885,8.86147315,9.859827217,10.45217958,7.956,9.149197565
2021-07-05 20:00:00,9.302,11.37761127,7.420117022,10.54701689,10.49277426,11.94022696,6.599,7.13425226
2021-07-05 21:00:00,9.852,11.62647169,7.859097316,9.970724724,11.11380308,12.46415328,6.392,9.085260658
2021-07-05 22:00:00,10.188,12.02369399,8.127110906,10.31112721,11.49318487,12.99527298,5.754,7.061349842
2021-07-05 23:00:00,10.681,12.60385617,8.520174239,10.70552861,11.12113852,13.62687349,4.956,5.356998412
2021-07-06 00:00:00,10.529,12.42456379,10.02160421,10.645961,11.8763266,13.43193235,4.364,4.701371713
2021-07-06 01:00:00,10.234,12.07725341,8.154501426,10.38664127,11.82932438,13.06066836,3.947,4.221066425
2021-07-06 02:00:00,9.702,11.44885787,7.738836734,9.787065107,10.94357307,12.55839423,3.854,4.254651948
2021-07-06 03:00:00,8.884,10.54773709,6.802173856,8.990490746,10.02086698,11.33413249,3.875,4.183099988
2021-07-06 04:00:00,8.3,9.761915448,6.724205945,8.398743801,9.36208766,10.58835947,4.634,4.324283683
2021-07-06 05:00:00,7.916,9.050475329,6.309650345,7.975414452,8.929908858,10.09840842,5.406,5.900764702
2021-07-06 06:00:00,7.694,9.080366828,6.144329419,7.298332253,8.678507261,9.815667065,6.774,7.638182839
2021-07-06 07:00:00,7.729,9.12063697,6.165049231,7.821813914,9.206153015,9.860558096,9.001,9.679583067
2021-07-06 08:00:00,7.292,8.604912004,5.816539255,7.379551398,8.224913925,9.302465797,11.785,12.70159209
2021-07-06 09:00:00,6.892,8.134391253,5.497418965,6.973936291,7.773955314,8.792429313,13.694,14.88222676
2021-07-06 10:00:00,6.974,8.448078298,5.77628034,7.057745861,7.866457862,10.59445884,14.549,15.46632045
2021-07-06 11:00:00,7.364,8.375472124,5.099135522,7.452557023,8.306382949,9.269610205,14.623,15.87140015
2021-07-06 12:00:00,8.157,9.564187148,6.505732748,8.254528955,9.201456429,10.39961903,14.847,14.0906031
2021-07-06 13:00:00,8.842,10.43469334,7.021995665,8.892595322,8.913289738,11.27959291,15.348,17.47893376
2021-07-06 14:00:00,9.645,11.38174854,7.693461393,10.91811223,10.88336182,12.30428752,14.296,15.94463291
2021-07-06 15:00:00,10.34,12.18065447,8.68992646,9.484602229,11.6637865,13.19051055,13.109,14.07972974
2021-07-06 16:00:00,10.536,12.43416344,8.408429593,10.66262094,11.48217832,13.57159462,12.201,13.68771728
2021-07-06 17:00:00,9.816,11.58300045,7.841537273,11.19968112,11.07352833,12.52113807,10.688,11.3731496
2021-07-06 18:00:00,9.192,10.84724825,7.332142608,9.295827483,9.860100818,11.62243832,9.388,10.06905514
2021-07-06 19:00:00,8.756,10.33274635,6.984281014,8.863553926,9.876655426,11.17019278,8.64,9.254007317
2021-07-06 20:00:00,9.302,11.0682976,7.558451153,9.41448058,10.49561488,11.87001052,7.264,8.206369054
2021-07-06 21:00:00,9.852,11.62613729,7.858650006,9.972284544,11.11256577,12.56852304,6.674,7.369946195
2021-07-06 22:00:00,10.188,11.75714422,8.126821958,10.31054944,11.49253559,13.22055596,6.226,4.677977102
2021-07-06 23:00:00,10.681,12.08484637,8.274345521,10.80189807,12.04801399,13.35125,5.089,4.640063238
2021-07-07 00:00:00,10.529,12.42673356,8.399577061,10.21621402,11.87557628,13.43230798,4.32,4.599094584
2021-07-07 01:00:00,10.234,12.07747179,8.163633337,10.36105361,11.53874539,13.03856545,3.712,4.279339675
2021-07-07 02:00:00,9.702,11.44928987,8.396245308,10.34833165,10.9514537,13.33245556,3.668,4.097150792
2021-07-07 03:00:00,8.884,10.48392554,7.08651379,9.366521286,9.952689667,11.33290142,3.753,5.693275824
2021-07-07 04:00:00,8.3,9.794752181,6.620713493,8.808722392,9.361051688,10.58820436,4.549,4.950942598
2021-07-07 05:00:00,7.916,9.757004645,6.314373908,8.010820862,8.54857644,10.09848101,5.046,3.79614366
2021-07-07 06:00:00,7.694,9.079440975,6.142588229,8.240873853,8.67490958,9.962789774,6.268,7.055572659
2021-07-07 07:00:00,7.729,9.408325816,6.166277212,9.636709785,8.285521742,9.882886707,8.628,9.607016886
2021-07-07 08:00:00,7.292,8.605458543,5.816563946,7.379415445,8.224725258,9.297034515,11.688,12.83086139
2021-07-07 09:00:00,6.892,8.133078017,5.421736822,6.991269481,7.773905686,8.792259959,13.09,14.1835564
2021-07-07 10:00:00,6.974,8.229846594,5.564890753,7.057790205,7.912834588,8.896547445,14.691,15.81000978
2021-07-07 11:00:00,7.364,8.164280776,5.901050668,6.912069232,7.475663347,9.911345881,14.776,15.93596103
2021-07-07 12:00:00,8.157,9.528322731,6.559043294,8.254827092,9.20722008,10.35784539,14.896,16.168805
2021-07-07 13:00:00,8.842,10.43592553,7.052533795,8.870929158,10.20109239,11.27993976,13.99,17.1304
2021-07-07 14:00:00,9.645,11.38207094,7.569211818,9.325685699,10.87941054,12.30450991,13.795,16.16885638
2021-07-07 15:00:00,10.34,12.2027382,8.246684917,10.46351379,11.96942723,13.19095884,12.194,13.40674232
2021-07-07 16:00:00,10.536,12.4331244,8.404126351,10.66256351,11.88432823,13.44098597,11.679,14.34368816
2021-07-07 17:00:00,9.816,11.58264073,8.314189917,9.93392686,11.64314415,12.48483982,9.418,10.37711533
2021-07-07 18:00:00,9.192,10.8471964,7.332123437,9.200459788,10.36833699,11.72725575,8.91,10.1175187
2021-07-07 19:00:00,8.756,10.57274025,7.016725131,8.861190201,9.836630764,10.66765404,9.034,6.536245279
2021-07-07 20:00:00,9.302,10.97403333,7.467807947,9.614447812,10.56396378,11.86674485,7.784,8.343459898
2021-07-07 21:00:00,9.852,11.53167958,7.858639564,9.967973099,11.13465279,12.56839855,6.787,7.668960227
2021-07-07 22:00:00,10.188,12.01960287,8.12674311,10.31116595,11.4920247,13.02071363,6.389,7.884383001
2021-07-07 23:00:00,10.681,12.41437965,8.519378425,12.06126927,12.04793301,13.35125,5.345,6.058775891
2021-07-08 00:00:00,10.529,12.42494633,8.398677655,10.65540922,11.87648577,13.35125,4.552,4.963877545
2021-07-08 01:00:00,10.234,12.07687039,7.505308317,10.16612298,11.54372488,13.81362346,4.025,4.361313226
2021-07-08 02:00:00,9.702,11.44552199,7.73898989,9.81902664,10.45563748,12.3776402,3.857,3.92200874
2021-07-08 03:00:00,8.884,10.48393337,6.297632537,9.008855978,10.02334029,11.33355501,4.039,4.446500672
2021-07-08 04:00:00,8.3,9.411727519,6.366568542,8.38707927,9.439895986,10.5889453,4.45,5.032282141
2021-07-08 05:00:00,7.916,9.341843793,4.468704833,8.183546262,8.979401455,10.10588758,4.944,5.63859626
2021-07-08 06:00:00,7.694,9.078889452,6.137243755,7.782429096,8.682396689,9.816693524,6.54,6.958332477
2021-07-08 07:00:00,7.729,9.120785072,6.26742333,9.057401285,8.718443063,9.860091043,8.69,10.01788306
2021-07-08 08:00:00,7.292,8.605125364,5.72878976,6.314222403,8.228012313,9.302715814,12.247,11.5206989
2021-07-08 09:00:00,6.892,8.434092579,5.48965348,7.217684369,7.773960468,10.57726755,13.872,12.21439591
2021-07-08 10:00:00,6.974,8.229798513,5.562894092,7.057778604,8.226246323,8.896761138,15.007,14.89136307
2021-07-08 11:00:00,7.364,9.650676537,5.874048703,7.503774519,8.306667169,9.394431043,15.415,12.85780636
2021-07-08 12:00:00,8.157,9.625842404,6.851165823,8.249292198,9.200725227,10.40605139,15.643,15.07494819
2021-07-08 13:00:00,8.842,10.78967967,6.250945303,8.948225586,10.40798575,11.27996217,15.689,16.16701462
2021-07-08 14:00:00,9.645,11.13955442,8.18242536,9.760997925,12.22241471,12.30435339,15.225,17.11722947
2021-07-08 15:00:00,10.34,12.16115924,8.24791456,10.44430625,9.738875229,13.19087832,14.151,12.78837507
2021-07-08 16:00:00,10.536,12.38385248,8.965942649,12.05172972,11.88112206,13.44102133,13.464,14.68816187
2021-07-08 17:00:00,9.816,11.58217617,7.847838525,9.93394504,11.07212724,12.38900867,11.825,10.29785494
2021-07-08 18:00:00,9.192,10.61765135,7.332131235,10.5166942,10.2040215,11.72643016,10.388,10.36361778
2021-07-08 19:00:00,8.756,10.33269958,6.964682098,8.854332436,9.876550176,11.26180839,9.206,9.966784646
2021-07-08 20:00:00,9.302,10.97700449,7.419865143,9.413768444,11.61727138,11.86675345,8.063,8.849934537
2021-07-08 21:00:00,9.852,11.53071715,7.858217584,9.970621527,11.11266709,12.56840985,7.794,8.536021564
2021-07-08 22:00:00,10.188,12.02255605,8.127577545,10.31053156,11.49182098,12.93548392,7.102,8.008861834
2021-07-08 23:00:00,10.681,12.604311,8.519988752,10.82066001,11.98368281,13.62600437,5.739,6.311078755
2021-07-09 00:00:00,10.529,12.43117861,8.397855286,10.71361075,10.91384152,13.58390972,4.62,5.113418407
2021-07-09 01:00:00,10.234,12.54190381,8.163302575,10.59296269,11.52796915,13.00635984,4.151,4.152001796
2021-07-09 02:00:00,9.702,11.44904774,7.450929241,9.818712146,10.94369011,12.37613887,4.142,5.49606414
2021-07-09 03:00:00,8.884,10.4830377,7.662566035,8.990757695,10.02066652,11.70711738,4.458,4.762051574
2021-07-09 04:00:00,8.3,9.794547601,6.601450225,8.399181052,8.725086617,12.40335741,5.042,5.518838109
2021-07-09 05:00:00,7.916,9.338974116,5.769151989,7.715611036,8.929088988,10.16981542,5.709,5.702015439
2021-07-09 06:00:00,7.694,8.99642377,6.407358205,7.766515975,8.67865227,9.814768958,7.082,6.846456201
2021-07-09 07:00:00,7.729,9.118001004,6.165151422,7.821999474,8.717441713,9.860070253,9.486,11.14241515
2021-07-09 08:00:00,7.292,8.602075013,5.816542641,7.589451109,8.726355713,9.321133827,12.854,10.75812592
2021-07-09 09:00:00,6.892,8.266795349,6.927720906,6.974809194,7.542025918,8.789327627,14.202,12.1436357
2021-07-09 10:00:00,6.974,8.203842274,5.462104763,7.057835945,7.763374582,8.896894096,15.044,13.46692726
2021-07-09 11:00:00,7.364,8.399002918,5.873977515,6.741454699,7.387038362,9.36593399,15.302,13.99430785
2021-07-09 12:00:00,8.157,10.6881912,6.506462243,8.255043008,9.200789774,10.40610292,15.829,12.97045928
2021-07-09 13:00:00,8.842,10.86251965,7.052546436,8.94828468,9.968661997,11.28026852,16.035,17.63228328
2021-07-09 14:00:00,9.645,11.3707742,7.801735519,9.547214093,10.8373247,12.30440627,15.277,16.66229441
2021-07-09 15:00:00,10.34,12.20193793,8.36498621,10.46262484,12.13815444,12.75834077,14.367,12.01075481
2021-07-09 16:00:00,10.536,12.4332233,8.404198003,10.66289164,11.87347704,13.44055517,13.668,15.18372742
2021-07-09 17:00:00,9.816,12.92425929,7.782419971,10.1437796,11.08944738,12.52412331,11.674,11.0599684
2021-07-09 18:00:00,9.192,10.81714616,7.243986985,9.302547924,10.36834676,11.7265563,9.896,10.2565674
2021-07-09 19:00:00,8.756,10.33270037,6.660990611,8.858469,9.87655107,11.17021562,8.72,10.21098315
2021-07-09 20:00:00,9.302,10.92435252,7.413472017,9.413679383,10.49182617,11.87054596,8.285,8.965287315
2021-07-09 21:00:00,9.852,11.62654958,7.858594921,10.05071839,11.11633218,12.58137236,8.223,8.688211802
2021-07-09 22:00:00,10.188,12.02255936,8.126607749,10.25962156,11.53794243,12.99707052,7.542,8.092594568
2021-07-09 23:00:00,10.681,12.61417345,8.519855845,10.80162403,12.04006028,13.35125,6.148,6.069747553
2021-07-10 00:00:00,9.118,12.42528311,9.099445697,11.16717248,12.61042615,13.26774116,4.908,5.256069352
2021-07-10 01:00:00,9.284,12.28185577,7.898712337,10.35693651,11.54365313,13.05645196,4.532,4.837247995
2021-07-10 02:00:00,9.041,12.16097217,7.739408777,9.818126202,10.94301009,12.40389624,4.324,2.724159063
2021-07-10 03:00:00,8.386,10.481404,7.079057081,8.989063623,10.01893376,11.37746568,4.424,4.73902339
2021-07-10 04:00:00,7.947,9.749339993,7.295803079,7.832216724,9.357216606,9.523165998,5.174,5.471112974
2021-07-10 05:00:00,7.201,9.332210801,6.307259329,8.003336319,8.922162335,8.762263965,5.251,5.948853208
2021-07-10 06:00:00,6.87,9.063921209,5.993519304,7.08415478,8.665822846,9.799071444,5.94,6.653402305
2021-07-10 07:00:00,6.656,9.098429988,7.395031439,7.120469822,8.328788141,9.83381123,6.506,10.197621
2021-07-10 08:00:00,6.586,8.568854725,5.792426471,7.347741904,8.18712869,9.263983014,8.581,9.623725437
2021-07-10 09:00:00,6.373,6.878161258,4.850344454,6.930957691,7.994048398,8.707065145,10.077,11.24923086
2021-07-10 10:00:00,7.014,7.971472127,5.17524118,7.610221672,7.619510173,8.994350619,11.42,12.72237972
2021-07-10 11:00:00,7.486,9.190695172,4.656979953,7.212965468,8.039324515,9.092480559,11.412,9.553567714
2021-07-10 12:00:00,7.568,9.300002288,6.30423849,7.998329173,8.94149267,10.08226133,11.64,12.28272905
2021-07-10 13:00:00,9.274,10.11604012,6.837387684,8.647012945,9.668813302,10.93555429,10.698,13.386
2021-07-10 14:00:00,10.247,11.04533501,7.464852352,9.648012625,10.55824799,11.93890775,10.566,16.88961268
2021-07-10 15:00:00,11.2,11.84433808,8.006131841,9.553587453,11.32151017,12.76570594,10.059,12.1842612
2021-07-10 16:00:00,11.28,12.0677818,8.149240265,10.33923245,11.61063662,13.03338929,9.783,15.19466234
2021-07-10 17:00:00,10.4,11.17165934,7.559626255,9.593500575,10.69434954,11.60538996,8.914,11.33936512
2021-07-10 18:00:00,9.065,10.43967269,7.834321902,8.909334037,9.929885772,11.2311236,9.118,10.36385679
2021-07-10 19:00:00,8.928,11.90282281,6.649062242,8.433429968,9.010899359,12.08184964,8.819,8.383184717
2021-07-10 20:00:00,8.803,9.988175743,7.071185269,9.359695451,9.999036962,11.38602547,8.061,8.583030115
2021-07-10 21:00:00,9.242,11.69961409,7.505126965,9.901577861,9.770164458,12.08731857,8.143,7.946288644
2021-07-10 22:00:00,9.437,11.48789138,8.710440669,9.861026695,10.811411,13.60456057,7.64,8.060499506
2021-07-10 23:00:00,10.237,12.0805023,8.165340761,10.35948768,11.54699922,13.45231461,6.406,6.039178663
2021-07-11 00:00:00,9.118,11.90142875,8.044449602,10.06360724,12.11198475,13.0713883,5.516,5.970459434
2021-07-11 01:00:00,9.284,11.55290368,7.809030127,9.908071065,11.0427776,10.26806796,4.502,4.692365384
2021-07-11 02:00:00,9.041,10.63291984,7.386808103,9.369567826,10.43005157,11.81179582,4.235,4.311948282
2021-07-11 03:00:00,8.386,9.967966217,5.883427132,8.283131649,9.603173913,10.77819157,4.114,4.491075752
2021-07-11 04:00:00,7.947,9.133444638,6.349073733,8.019554823,8.88862213,9.7159265,5.098,5.383249256
2021-07-11 05:00:00,7.201,8.884404458,6.23189606,7.619180448,8.492222806,9.604948718,5.019,5.772481751
2021-07-11 06:00:00,6.87,8.637420894,5.366525308,7.459203473,8.780013795,9.402898261,5.492,6.674761936
2021-07-11 07:00:00,6.656,8.758009996,5.769007099,7.510955289,8.371484346,9.468019632,5.864,10.18196479
2021-07-11 08:00:00,6.586,8.257992596,5.604202768,7.101176621,7.896419118,8.909440777,6.342,10.50180413
2021-07-11 09:00:00,6.373,7.807536394,5.064195652,6.778441567,7.462900414,8.440394436,6.428,13.17098719
2021-07-11 10:00:00,7.014,7.922930154,5.355396171,6.794591979,7.573159103,8.631719198,7.899,14.03837672
2021-07-11 11:00:00,7.486,8.323663197,5.55311802,7.04703964,7.22902804,9.082975446,8.497,14.24939053
2021-07-11 12:00:00,7.568,9.357415192,6.324970735,8.915892894,8.9440898,10.17146621,8.978,14.40561211
2021-07-11 13:00:00,9.274,10.27324162,6.957975373,8.946211442,10.30731766,11.01290323,9.137,10.50755
2021-07-11 14:00:00,10.247,11.20590755,7.664828324,11.09204921,10.8388251,12.25756471,8.865,17.26578847
2021-07-11 15:00:00,11.2,12.17371078,8.229469816,10.44057963,11.46054468,13.15998351,8.375,12.60628291
2021-07-11 16:00:00,11.28,12.41531674,8.392104661,10.64742918,11.86661577,13.42170372,8.18,14.7948847
2021-07-11 17:00:00,10.4,11.57161873,7.822861242,9.924958685,11.13038324,11.98282247,7.85,11.10625729
2021-07-11 18:00:00,9.065,10.30445863,7.328438655,9.304677778,10.36304653,11.61248969,8.202,7.178866832
2021-07-11 19:00:00,8.928,10.33013693,6.982646443,8.859173334,9.874283197,11.1676741,8.058,10.01627587
2021-07-11 20:00:00,8.803,10.69183423,7.419769189,8.895235645,10.49089819,11.86702246,7.464,8.784617814
2021-07-11 21:00:00,9.242,11.62596344,7.859525454,9.970344451,11.11270946,12.39580327,7.972,8.981664956
2021-07-11 22:00:00,9.437,11.65420834,8.126596933,9.450054581,11.39564125,12.99707537,7.557,8.155957773
2021-07-11 23:00:00,10.237,12.6042537,8.519857431,10.8099522,12.14335495,14.1,5.841,6.420139971
2021-07-12 00:00:00,10.529,12.42463056,8.399264625,10.65551777,11.87686201,13.22406469,5.155,6.741640573
2021-07-12 01:00:00,10.234,12.0776172,8.163303348,10.3767372,11.44754805,11.76899089,4.597,5.206511011
2021-07-12 02:00:00,9.702,11.44910349,7.738843109,9.818715463,10.9436637,12.37705156,4.407,4.766607989
2021-07-12 03:00:00,8.884,10.80566919,7.825494111,9.682632386,9.683980329,11.33196186,4.686,4.765457915
2021-07-12 04:00:00,8.3,9.546542506,6.620919249,7.281339656,9.277792711,10.58857279,5.286,5.886736769
2021-07-12 05:00:00,7.916,9.338420896,6.314244476,8.011060597,8.925940591,10.09855521,6.086,6.204932822
2021-07-12 06:00:00,7.694,9.079488729,6.13723436,7.786449049,8.750201352,9.815537327,7.57,7.190128124
2021-07-12 07:00:00,7.729,9.121253341,6.660170184,7.821869593,8.712402436,9.860037631,9.694,10.62614522
2021-07-12 08:00:00,7.292,8.605082137,5.816564701,7.362852154,8.077047418,9.224486804,13.375,11.92979988
2021-07-12 09:00:00,6.892,8.587074335,5.49737785,6.048588511,7.773430335,8.763709425,15.468,12.74693594
2021-07-12 10:00:00,6.974,8.880125106,5.563238451,7.626699275,7.734404389,8.896884254,16.538,15.23650737
2021-07-12 11:00:00,7.364,8.690047342,5.873690635,7.452453636,8.306702223,9.39439936,16.928,15.46267734
2021-07-12 12:00:00,8.157,9.625841528,6.506887393,8.254748999,9.160012024,10.39720507,16.652,15.33323121
2021-07-12 13:00:00,8.842,10.43413661,7.05105495,8.948267536,8.844763885,11.30686176,16.385,18.00348536
2021-07-12 14:00:00,9.645,11.38146876,7.693478785,9.760887182,10.8794468,12.44416418,16.004,17.58991812
2021-07-12 15:00:00,10.34,13.09319297,8.247819065,11.2572068,10.61357401,12.83450179,15.198,12.74086007
2021-07-12 16:00:00,10.536,12.43412835,8.404221757,10.66259694,11.88436419,13.58021655,14.301,14.32890347
2021-07-12 17:00:00,9.816,11.58357411,7.667029266,11.19642233,11.0723443,12.52251037,12.884,11.62168487
2021-07-12 18:00:00,9.192,10.84733006,7.333833646,9.302488576,10.35794269,11.72689648,11.154,10.40152542
2021-07-12 19:00:00,8.756,10.33261445,6.984357958,8.864842361,9.876640424,11.44160944,9.546,9.53066524
2021-07-12 20:00:00,9.302,10.97583504,7.419770555,9.411984441,10.49245662,11.86681598,7.594,8.382011302
2021-07-12 21:00:00,9.852,11.62351714,7.857936729,9.971151416,11.09524788,12.34073015,6.841,8.467120474
2021-07-12 22:00:00,10.188,11.84176655,9.251451105,10.31045126,11.49182833,13.36310554,6.416,8.914637091
2021-07-12 23:00:00,10.681,12.61081958,8.519733633,10.80819089,12.04052026,13.35125,5.246,6.035085177
2021-07-13 00:00:00,10.529,12.42590691,8.444850253,10.67500778,11.91974592,13.43331736,4.578,5.195558613
2021-07-13 01:00:00,10.234,13.35125,8.16588089,10.35696889,11.54345061,13.06098813,4.189,2.483830295
2021-07-13 02:00:00,9.702,10.35668126,7.816950552,9.819127649,10.94363729,12.37707589,4.051,4.653020121
2021-07-13 03:00:00,8.884,10.4837929,6.742763559,8.997981611,10.02066821,11.60252095,4.294,4.919531548
2021-07-13 04:00:00,8.3,9.779532695,6.62075342,8.496569871,9.362391771,10.59038967,5.02,5.666792225
2021-07-13 05:00:00,7.916,10.37542394,5.518243172,8.014437912,9.053162294,10.09859767,5.666,5.904682381
2021-07-13 06:00:00,7.694,9.078739187,6.662684454,7.855517328,9.941130056,9.815421767,6.686,7.067636142
2021-07-13 07:00:00,7.729,8.879444207,6.16515154,7.8219143,8.71979512,9.859931865,9.196,10.53711012
2021-07-13 08:00:00,7.292,8.605073212,5.816624048,7.379637705,8.225207348,9.302552547,11.849,13.77727907
2021-07-13 09:00:00,6.892,8.133557133,5.497456898,6.974776256,7.774014234,8.797198997,14.172,15.35592373
2021-07-13 10:00:00,6.974,8.224192377,5.56323034,7.057038848,7.86650656,8.896898396,15.644,17.00210131
2021-07-13 11:00:00,7.364,8.69006099,5.005247653,7.452567554,8.310905029,9.668908535,15.558,16.94868461
2021-07-13 12:00:00,8.157,9.608349317,6.49461846,8.255014055,9.193045502,10.40148813,15.632,17.0020802
2021-07-13 13:00:00,8.842,10.43817178,7.054010989,8.948377641,9.973571479,11.27787434,15.756,17.2927811
2021-07-13 14:00:00,9.645,11.38721081,6.851565838,9.258333715,12.00417729,12.30282615,15.259,16.0431247
2021-07-13 15:00:00,10.34,12.26220402,8.247929219,10.46499977,11.66328162,13.35125,14.136,15.34244427
2021-07-13 16:00:00,10.536,11.7845913,8.404231256,10.66248816,11.88422213,13.38435729,13.349,13.95142304
2021-07-13 17:00:00,9.816,11.58361041,7.829787858,9.933995578,10.96398195,12.52230026,11.701,12.61491045
2021-07-13 18:00:00,9.192,10.84692426,7.332131682,9.089771171,10.36839778,11.72645408,9.587,10.19847704
2021-07-13 19:00:00,8.756,10.05361492,6.984354901,8.84417944,11.08825418,11.17030906,8.712,9.36069325
2021-07-13 20:00:00,9.302,10.97937821,7.419880873,9.413591027,10.05979372,11.86684212,6.927,8.41404905
2021-07-13 21:00:00,9.852,11.37199551,7.782360036,9.275331197,11.06079278,12.56843811,6.484,8.07614816
2021-07-13 22:00:00,10.188,12.02256554,8.126656895,10.31029765,11.49182037,12.56757439,6.115,7.881840342
2021-07-13 23:00:00,10.681,12.51877922,8.519850669,11.58329053,12.04792016,13.75733154,5.174,6.037589029
2021-07-14 00:00:00,10.529,12.42491834,8.47406309,10.91852964,11.8765867,13.43245426,4.431,5.690372998
2021-07-14 01:00:00,10.234,11.24609861,8.166107648,10.35704187,11.54359665,13.05575648,4.276,3.892452966
2021-07-14 02:00:00,9.702,11.44901557,7.643092997,10.03688953,10.92251536,12.37712297,4.268,4.691970396
2021-07-14 03:00:00,8.884,10.48377,7.086519674,9.596798805,10.02090818,11.33350156,4.461,4.91629926
2021-07-14 04:00:00,8.3,9.794223614,6.796655858,8.400135213,9.362196077,10.56340781,5.005,5.634405019
2021-07-14 05:00:00,7.916,9.343247041,6.751295103,8.064604054,8.929193671,10.48022521,5.701,6.958402733
2021-07-14 06:00:00,7.694,9.080780684,6.164512576,7.858060844,8.678539001,9.704524385,6.775,7.493721849
2021-07-14 07:00:00,7.729,9.278334667,5.193497071,7.821869494,8.717098776,10.63495831,8.762,10.73647077
2021-07-14 08:00:00,7.292,8.605083354,5.847717248,7.379599839,8.225367022,9.615911697,12.464,13.48420596
2021-07-14 09:00:00,6.892,8.133092755,5.497505142,7.786355993,6.717308441,9.143325818,14.186,15.41759009
2021-07-14 10:00:00,6.974,8.34724659,5.858753762,7.398063163,6.946928439,8.89771845,15.164,16.48498394
2021-07-14 11:00:00,7.364,9.110472277,7.085693567,7.452276679,8.306569723,9.39479599,15.454,16.10649031
2021-07-14 12:00:00,8.157,9.625837918,6.506573759,8.150963826,7.723687319,10.40627206,15.015,16.38005513
2021-07-14 13:00:00,8.842,10.35335273,7.05295484,8.948507615,9.973532754,11.33028111,14.487,17.57900742
2021-07-14 14:00:00,9.645,10.77255926,7.693454029,9.538577802,10.87919825,12.30438751,13.955,15.22059965
2021-07-14 15:00:00,10.34,12.20366082,8.255254289,10.32287784,11.66324463,13.19085151,12.928,16.90527131
2021-07-14 16:00:00,10.536,12.43311344,7.400210278,10.66180871,11.88401723,12.31223458,12.176,15.2473303
2021-07-14 17:00:00,9.816,11.58215024,7.414253158,12.13171178,11.07223419,12.51966083,10.503,12.71155214
2021-07-14 18:00:00,9.192,10.84769858,7.292098468,9.301902566,10.36835318,11.72641473,9.338,10.80185247
2021-07-14 19:00:00,8.756,10.33270199,6.983433112,8.861122542,8.819857328,11.60774957,8.414,9.730739549
2021-07-14 20:00:00,9.302,10.9667024,6.398695395,9.413919609,10.3737254,12.10685482,7.644,8.606019865
2021-07-14 21:00:00,9.852,11.62605857,7.858602425,10.32910696,11.11466461,12.61971176,7.056,7.594887573
2021-07-14 22:00:00,10.188,11.98986316,8.126640151,10.0062311,11.49167511,13.00345236,7.162,7.763381285
2021-07-14 23:00:00,10.681,12.60434102,8.519853651,11.05604227,13.35125,13.35125,6.008,6.243443236
2021-07-15 00:00:00,10.529,12.42496558,8.387207314,10.65551351,11.87643126,13.21317372,5.084,5.684684609
2021-07-15 01:00:00,10.234,12.0767924,8.13236107,10.3286799,11.5437467,13.1614286,4.614,5.034088237
2021-07-15 02:00:00,9.702,11.44905095,7.73789224,9.818528893,10.94368416,12.37714046,4.56,5.018538614
2021-07-15 03:00:00,8.884,10.48375243,7.089616462,8.990750062,10.02091796,11.33352978,4.735,5.175646941
2021-07-15 04:00:00,8.3,9.794588828,6.641052385,8.399789338,9.686001275,10.58865444,5.513,5.965905752
2021-07-15 05:00:00,7.916,10.27184966,6.28249843,8.03726682,8.928838898,10.09911877,6.187,3.850744538
2021-07-15 06:00:00,7.694,10.04009386,6.346282601,7.478514412,8.678534603,9.815421724,7.389,5.99172633
2021-07-15 07:00:00,7.729,9.120766886,6.161697784,8.347319655,8.720095544,9.858158827,10.265,11.15298838
2021-07-15 08:00:00,7.292,8.604826972,5.816533987,8.860684717,8.224869535,9.302580607,13.206,14.22414528
2021-07-15 09:00:00,6.892,8.133049587,5.549135788,6.974816387,7.055108045,9.571679996,15.497,15.12043686
2021-07-15 10:00:00,6.974,8.336395304,5.562966802,7.435172843,8.25273448,8.896983034,15.948,15.38370206
2021-07-15 11:00:00,7.364,8.690003032,5.874244047,7.495529726,8.306421598,9.394402706,15.757,15.39779551
2021-07-15 12:00:00,8.157,9.655189787,6.506548925,8.256041113,9.20098648,10.33717502,15.993,15.08632782
2021-07-15 13:00:00,8.842,10.43441904,6.968825313,8.487313838,10.16753984,11.48262701,15.638,17.43356692
2021-07-15 14:00:00,9.645,12.21833547,7.693799597,9.803885971,10.8793004,12.19701311,15.168,13.94209168
2021-07-15 15:00:00,10.34,12.06844332,8.2482448,10.46424435,11.6632833,13.19035754,14.516,16.05331308
2021-07-15 16:00:00,10.536,12.47479946,8.40419822,10.57934176,11.75638965,13.35125,14.024,15.21632802
2021-07-15 17:00:00,9.816,11.58365869,7.829900722,10.01490543,11.07222092,12.82184821,12.759,11.85646367
2021-07-15 18:00:00,9.192,10.84680499,7.332104174,9.302448496,10.36837096,11.72645653,10.196,10.97652478
2021-07-15 19:00:00,8.756,10.153356,6.983574238,8.799370287,9.267301139,11.17023821,9.042,9.230412716
2021-07-15 20:00:00,9.302,11.69005242,7.419849183,9.413920758,10.49243943,12.03680455,7.94,8.589503239
2021-07-15 21:00:00,9.852,11.46220502,7.858595272,10.42594413,11.11305543,12.56843558,7.348,8.817016243
2021-07-15 22:00:00,10.188,12.02256371,7.81326552,10.31080964,11.4918903,12.99829539,6.81,7.662674778
2021-07-15 23:00:00,10.681,12.60433344,8.520854883,10.80532405,12.04728397,12.6288968,5.692,6.345706705
2021-07-16 00:00:00,10.529,12.42365427,8.398633086,10.07403849,11.87645672,13.35125,4.608,5.645392313
2021-07-16 01:00:00,10.234,11.05303788,8.164071599,10.35690084,11.54191773,13.05576111,4.488,5.049017721
2021-07-16 02:00:00,9.702,11.48970528,7.739631008,10.52488472,10.54144284,12.37671928,4.433,4.956147461
2021-07-16 03:00:00,8.884,10.4851317,7.052189675,8.990749277,10.38697421,11.33428973,4.714,5.137376044
2021-07-16 04:00:00,8.3,9.794536829,6.620665724,8.994503291,9.362153529,11.07283949,5.336,5.802587685
2021-07-16 05:00:00,7.916,9.341238932,6.068715893,8.01100549,9.14781095,10.09863246,5.988,6.313520016
2021-07-16 06:00:00,7.694,9.079781386,6.137244703,7.786363073,8.803384698,9.815399775,7.314,8.022761673
2021-07-16 07:00:00,7.729,9.120738012,6.1653409,7.821867475,8.718297907,9.859585493,9.997,11.00072297
2021-07-16 08:00:00,7.292,8.605051085,5.486072115,7.380345546,8.224672658,9.302563039,13.288,14.63402184
2021-07-16 09:00:00,6.892,8.133370219,5.147619577,6.974643116,7.37350929,8.772700908,15.453,12.61986629
2021-07-16 10:00:00,6.974,7.361058216,5.066553671,7.057830599,7.866163631,8.675094081,16.458,13.83280856
2021-07-16 11:00:00,7.364,8.730996773,5.873759147,7.452478771,8.306252911,9.394738071,16.57,14.48609944
2021-07-16 12:00:00,8.157,9.625836897,6.505802788,8.568353298,9.200907291,10.40608248,16.422,13.74221842
2021-07-16 13:00:00,8.842,12.14334723,7.508518908,8.9482434,11.57871011,11.27916271,15.92,15.84113795
2021-07-16 14:00:00,9.645,11.38178651,7.722558046,9.760895655,10.87934538,13.13573121,15.874,12.24399017
2021-07-16 15:00:00,10.34,12.2330033,9.032880153,10.08233519,12.7699109,13.19086213,14.175,15.68010113
2021-07-16 16:00:00,10.536,12.42829193,8.404399097,10.66264661,11.88525359,12.82375504,13.767,14.99476531
2021-07-16 17:00:00,9.816,11.58358223,7.829848241,9.933549326,11.07213022,12.47314028,12.511,10.79174403
2021-07-16 18:00:00,9.192,9.371272781,7.332133984,9.102974883,10.26229596,11.72643861,10.322,11.518571
2021-07-16 19:00:00,8.756,10.33277587,7.197753208,8.768997451,9.876681979,11.16446103,9.396,9.270219438
2021-07-16 20:00:00,9.302,10.97707591,7.420532109,9.413806222,10.59426557,11.86581995,8.341,8.558072995
2021-07-16 21:00:00,9.852,13.18538315,7.855960207,10.00422812,11.11283545,12.56840457,7.838,5.72592704
2021-07-16 22:00:00,10.188,12.45886997,8.139395493,10.31054718,12.80290909,11.82755423,7.292,5.526296865
2021-07-16 23:00:00,10.681,12.60423494,7.430052138,10.80836716,12.04803206,13.41233227,6.816,6.035857785
2021-07-17 00:00:00,9.118,12.42493692,8.46,10.65551078,11.87846001,13.43099833,5.589,5.795016249
2021-07-17 01:00:00,9.284,12.07676307,8.163167165,10.92749504,12.43651379,12.2093387,4.874,5.119045945
2021-07-17 02:00:00,9.041,11.44839148,7.738502179,9.81801432,10.94298638,10.53073849,4.603,5.197136674
2021-07-17 03:00:00,8.386,10.48156662,7.084977601,8.989604034,10.01858303,11.33112256,4.682,5.079196044
2021-07-17 04:00:00,7.947,9.790704459,6.617355314,7.330136567,9.357648407,10.55647541,5.201,5.785380224
2021-07-17 05:00:00,7.201,9.331489627,6.298954546,8.003259944,8.918861517,10.08863261,5.526,6.189954673
2021-07-17 06:00:00,6.87,9.066370331,6.12671138,7.772606238,8.631308452,9.79864277,6.102,7.786985156
2021-07-17 07:00:00,6.656,9.096448959,6.14752338,7.801184687,8.692072854,8.988040398,6.611,10.97391347
2021-07-17 08:00:00,6.586,8.706313614,5.79225585,7.371590269,7.774019713,9.353057232,7.993,14.47022024
2021-07-17 09:00:00,6.373,8.081721429,5.463760772,7.3729579,7.259530727,7.947822547,9.694,10.69954279
2021-07-17 10:00:00,7.014,7.971422941,5.388254659,6.836209984,7.619520238,8.615670699,11.23,12.66851402
2021-07-17 11:00:00,7.486,8.409953655,5.685202091,6.715883051,8.039402247,9.092477107,11.183,12.37375969
2021-07-17 12:00:00,7.568,9.709023217,6.306106532,7.998338645,8.914776149,10.08249698,11.179,12.52998571
2021-07-17 13:00:00,9.274,10.11535428,6.814107656,8.674804573,9.668806447,10.9352328,10.142,12.9145
2021-07-17 14:00:00,10.247,11.043592,7.464803553,9.471592772,10.55623782,11.93722975,9.932,11.47681962
2021-07-17 15:00:00,11.2,11.36233739,7.93040867,9.194946535,11.98169633,12.80440355,9.668,15.67047698
2021-07-17 16:00:00,11.28,12.05611418,8.149260714,10.33916686,12.29599367,12.57041099,9.655,15.15662308
2021-07-17 17:00:00,10.4,10.26036873,7.578771713,10.52390403,10.69140515,12.09333729,9.561,9.768638524
2021-07-17 18:00:00,9.065,10.38891247,7.729486525,8.909402171,9.765882257,11.23086697,8.851,10.77058072
2021-07-17 19:00:00,8.928,9.836937293,6.656708235,8.436251514,9.40252146,11.0686311,8.177,9.125189084
2021-07-17 20:00:00,8.803,10.46081503,7.070939454,8.971650392,10.03228285,11.30788936,7.786,8.527847217
2021-07-17 21:00:00,9.242,11.10308871,6.319891706,9.522000308,11.04992289,12.002098,7.767,8.134852297
2021-07-17 22:00:00,9.437,11.49873565,7.772298314,9.194318916,10.99057114,13.61419559,7.278,7.514012851
2021-07-17 23:00:00,10.237,12.08038718,8.165620529,10.44274479,11.35478687,13.06183074,6.329,5.896419662
2021-07-18 00:00:00,9.118,11.90112145,8.041489137,10.20617853,11.37575147,12.86563548,5.431,5.73554429
2021-07-18 01:00:00,9.284,11.55295391,7.809992904,9.907776528,10.29001808,12.56224976,4.782,5.345742901
2021-07-18 02:00:00,9.041,10.14059353,7.385408162,9.919574239,10.44379393,11.80788236,4.54,6.407333009
2021-07-18 03:00:00,8.386,9.6433123,6.657358161,8.548364304,9.570969958,10.77579137,4.624,4.954243619
2021-07-18 04:00:00,7.947,9.299036906,6.306401402,7.974823297,8.878092104,10.09174619,5.426,5.777220515
2021-07-18 05:00:00,7.201,8.779689573,6.005401664,7.382253181,8.50640293,9.604552572,5.271,6.221151937
2021-07-18 06:00:00,6.87,8.636288493,5.879291245,7.459398099,8.313926358,9.099619267,5.498,6.897452566
2021-07-18 07:00:00,6.656,9.520279589,5.920026509,7.430622007,8.359834556,9.812625793,5.833,11.14996719
2021-07-18 08:00:00,6.586,8.261092494,5.179255507,7.084616634,7.896425612,8.930675689,6.354,14.47910113
2021-07-18 09:00:00,6.373,7.807212748,5.277569767,6.695666871,7.462920995,8.439804958,6.802,12.58781482
2021-07-18 10:00:00,7.014,8.381397077,5.354334412,6.795228281,7.64858855,8.562312433,7.316,11.7598269
2021-07-18 11:00:00,7.486,8.449149151,5.626486146,6.927269583,8.030940514,9.082974404,8.53,13.96109191
2021-07-18 12:00:00,7.568,9.357309363,6.324228068,8.024626338,8.343331206,10.11576118,8.262,14.48682493
2021-07-18 13:00:00,9.274,10.18627474,7.407822869,9.036200325,9.736466452,11.01209748,8.294,9.8095
2021-07-18 14:00:00,10.247,11.02830823,7.66354971,9.724423781,11.17925843,12.25854746,8.178,12.68632409
2021-07-18 15:00:00,11.2,12.32313253,8.228596088,9.363240963,11.63625709,13.68258201,7.9,15.8442876
2021-07-18 16:00:00,11.28,12.42171861,8.388172698,11.95687633,11.8672332,14.1,8.188,15.48856716
2021-07-18 17:00:00,10.4,11.57309735,7.822814726,9.921030347,10.74885654,12.5111471,8.098,11.50074845
2021-07-18 18:00:00,9.065,10.84173672,7.326417336,9.297725509,10.36318949,11.72047268,7.788,10.66162492
2021-07-18 19:00:00,8.928,11.51386889,6.982740026,10.06723832,9.868329756,11.60461799,7.955,6.657618082
2021-07-18 20:00:00,8.803,10.97625484,6.782231388,9.713712365,9.72537465,11.86632064,7.776,9.21259649
2021-07-18 21:00:00,9.242,11.62629975,7.861725242,9.963442714,10.92858311,12.56834643,7.378,9.170897929
2021-07-18 22:00:00,9.437,12.17996261,8.126967138,10.31042081,11.55147096,12.99852724,6.641,7.598720875
2021-07-18 23:00:00,10.237,12.60440607,8.519859088,10.80939407,12.05101937,13.62180268,5.777,6.329213523
2021-07-19 00:00:00,10.529,12.42649445,10.10777358,10.65522676,11.63932747,13.42869148,4.866,6.01478505
2021-07-19 01:00:00,10.234,12.07678045,8.160413817,10.93010187,11.54367158,13.1138588,4.516,5.299122405
2021-07-19 02:00:00,9.702,11.44908666,8.213792585,9.818578182,10.94158703,12.43858559,4.584,4.96784946
2021-07-19 03:00:00,8.884,10.48370238,6.832697503,8.984337881,10.02094648,11.03938472,4.72,5.178512856
2021-07-19 04:00:00,8.3,9.794589609,6.620163028,8.399006868,9.362289347,10.62382953,5.481,5.478625693
2021-07-19 05:00:00,7.916,9.341216353,6.315584439,8.369844526,8.929170748,10.09652854,6.121,6.256122395
2021-07-19 06:00:00,7.694,9.07946656,6.137245581,7.786453434,9.115595959,9.815399337,7.108,7.743621291
2021-07-19 07:00:00,7.729,9.120655931,6.164817805,7.823245461,10.0825005,9.860072066,10.962,12.00729496
2021-07-19 08:00:00,7.292,8.609602547,4.943924718,7.359687217,8.209810032,9.303483548,13.723,16.76258806
2021-07-19 09:00:00,6.892,8.135255177,5.500186365,6.974766491,7.77414251,8.792290945,15.412,14.21545354
2021-07-19 10:00:00,6.974,8.377394299,5.552541616,7.05778694,6.970695019,8.896901879,16.124,15.89629191
2021-07-19 11:00:00,7.364,8.689957994,5.895560246,7.460726313,8.306421646,9.172035006,16.606,15.66701696
2021-07-19 12:00:00,8.157,9.625841859,6.50648691,8.254998996,9.201623027,10.40608468,16.817,15.90266886
2021-07-19 13:00:00,8.842,10.42366406,6.83537679,8.948276989,9.97367649,11.68582992,16.637,17.31353532
2021-07-19 14:00:00,9.645,11.24466165,7.693504883,9.759918872,10.89878544,12.38281863,16.28,14.73502945
2021-07-19 15:00:00,10.34,10.8779361,7.508917847,10.46286772,11.66382123,13.19097498,15.027,16.25865955
2021-07-19 16:00:00,10.536,12.43325848,8.401380965,9.896225659,11.8843555,13.44102427,14.408,16.32604671
2021-07-19 17:00:00,9.816,11.58360605,7.829879334,9.933944282,11.07220699,12.521633,12.586,12.0135088
2021-07-19 18:00:00,9.192,11.26279542,7.330865784,9.41923025,10.36869145,11.67401853,9.618,8.64998601
2021-07-19 19:00:00,8.756,10.33263239,6.984349528,8.861031833,9.667508176,11.17022026,8.604,9.251904533
2021-07-19 20:00:00,9.302,10.9778335,7.419855268,9.413724417,10.3623708,11.1164546,7.659,8.446395222
2021-07-19 21:00:00,9.852,11.62605986,7.858721607,9.970418493,9.994437168,12.56844299,7.013,8.00236313
2021-07-19 22:00:00,10.188,11.99744215,8.1266191,10.70893168,11.94977219,12.99707777,6.749,7.472115503
2021-07-19 23:00:00,10.681,12.60436404,8.570658761,12.05062617,12.05057461,13.35125,5.855,6.510818336
2021-07-20 00:00:00,10.529,12.42495748,8.398395803,10.37642643,11.87646705,13.43210184,5.142,5.731968545
2021-07-20 01:00:00,10.234,11.58337475,7.559293211,9.352945526,11.47140598,13.05580497,4.678,5.820301328
2021-07-20 02:00:00,9.702,11.44918023,7.738945523,9.818576906,10.94363803,12.37799334,4.455,4.935187838
2021-07-20 03:00:00,8.884,10.75980768,7.086482014,10.35237894,10.01057261,11.33350414,4.628,4.954902489
2021-07-20 04:00:00,8.3,10.32426916,6.617114354,8.452229414,9.362208037,10.58815701,5.154,5.720219219
2021-07-20 05:00:00,7.916,9.647610493,6.240965538,7.821065207,8.929171995,10.09463143,5.64,4.7946285
2021-07-20 06:00:00,7.694,9.086443726,6.137236536,7.786446177,8.67861805,9.704524396,7.568,7.682110621
2021-07-20 07:00:00,7.729,8.493611207,7.286003032,7.823568596,8.71837392,9.860053292,10.572,11.67255197
2021-07-20 08:00:00,7.292,8.605083456,5.902615131,7.379951475,8.225177308,9.303068278,13.026,14.16986534
2021-07-20 09:00:00,6.892,8.071435286,5.493809534,6.482005726,7.773919401,8.781998303,14.98,16.15618699
2021-07-20 10:00:00,6.974,8.229472507,5.520618319,6.633800861,9.11771366,9.002422653,16.196,17.53380083
2021-07-20 11:00:00,7.364,8.690046016,5.871587321,7.45245334,7.967385075,9.397941316,15.946,17.25668336
2021-07-20 12:00:00,8.157,9.62583529,7.676927863,8.253765267,8.144199184,10.50144346,16.416,17.70433975
2021-07-20 13:00:00,8.842,10.4341958,7.169214691,8.948348027,9.918496473,11.28272755,15.295,17.58944607
2021-07-20 14:00:00,9.645,11.3557128,7.693568815,9.760628338,10.77356737,12.54438669,14.861,16.08790243
2021-07-20 15:00:00,10.34,12.44161007,8.247847836,10.37301501,11.66326651,13.25063051,14.134,12.90928236
2021-07-20 16:00:00,10.536,12.43318776,8.403959989,10.66132908,11.88436559,13.35125,13.288,15.4375975
2021-07-20 17:00:00,9.816,11.57798221,7.829815645,9.590269888,11.1045246,12.52233103,11.378,12.26411872
2021-07-20 18:00:00,9.192,10.84728658,7.332532589,8.79856461,10.36835427,11.72646196,9.141,10.24394271
2021-07-20 19:00:00,8.756,10.54630771,7.118183354,8.917845428,9.876955397,11.40438956,8.167,8.920553409
2021-07-20 20:00:00,9.302,10.97704103,7.421655558,9.4137703,10.47201947,12.1357736,7.222,8.020865256
2021-07-20 21:00:00,9.852,11.63227104,7.858500643,9.970435667,10.8956416,12.56832581,6.653,7.307283232
2021-07-20 22:00:00,10.188,11.93478803,8.125836451,10.31008023,11.3436759,12.9972095,6.046,6.951833993
2021-07-20 23:00:00,10.681,13.19103298,8.519869017,10.86960937,12.04856701,13.62601704,4.982,6.197190995
2021-07-21 00:00:00,10.529,12.12146545,8.396656285,10.90611,11.87648931,13.43200951,4.263,5.132827201
2021-07-21 01:00:00,10.234,12.07680928,8.523022691,10.3572206,11.54371063,13.05594435,4.015,4.622684892
2021-07-21 02:00:00,9.702,11.44904744,7.744650733,9.818546462,10.94358873,12.37722638,4.13,4.611095671
2021-07-21 03:00:00,8.884,10.37105744,7.090604766,8.990864713,10.59730411,11.33353641,4.3,4.73582029
2021-07-21 04:00:00,8.3,9.794557278,6.62021671,8.399730475,9.362282404,10.80682359,5.075,5.664265841
2021-07-21 05:00:00,7.916,9.330468282,6.316652435,8.010997764,8.9273437,10.5813336,5.576,6.136849446
2021-07-21 06:00:00,7.694,9.07947045,6.638691537,7.786430842,8.728808062,10.26986805,6.614,7.556774268
2021-07-21 07:00:00,7.729,9.119719181,6.161647658,7.822309441,8.718191661,9.861321431,9.315,11.20480804
2021-07-21 08:00:00,7.292,8.605077651,5.816631823,7.37963077,8.22450859,9.300071597,12.252,13.31020172
2021-07-21 09:00:00,6.892,7.422500101,5.555272579,6.990255493,7.772046517,8.792290721,14.148,14.52277309
2021-07-21 10:00:00,6.974,8.228238818,6.232379505,7.054064011,7.862082238,8.896888868,15.811,17.09002797
2021-07-21 11:00:00,7.364,8.690130542,5.873886122,7.452648476,8.317911262,9.415170364,15.558,16.96942716
2021-07-21 12:00:00,8.157,9.625820193,6.506560234,7.712996255,8.934116798,11.27534183,15.634,16.7426975
2021-07-21 13:00:00,8.842,10.87686709,7.052952469,8.948229737,9.973542582,11.27759342,14.242,17.29716319
2021-07-21 14:00:00,9.645,11.38177035,7.709350058,10.21937892,10.86059407,12.44354631,13.791,16.23775556
2021-07-21 15:00:00,10.34,12.20159926,7.395265637,10.28195698,12.4312145,13.19089014,12.936,15.45559364
2021-07-21 16:00:00,10.536,12.29954487,8.404268736,10.66240537,11.88436349,13.44099017,12.344,15.49594925
2021-07-21 17:00:00,9.816,11.58356827,7.829844487,9.93706429,11.83103277,12.52179931,10.01,13.30798612
2021-07-21 18:00:00,9.192,10.84733664,7.331987276,9.30244648,10.22021099,11.72874754,9.032,10.73519346
2021-07-21 19:00:00,8.756,10.33408264,6.988469145,8.000850026,9.876641673,11.17629319,8.284,9.151980049
2021-07-21 20:00:00,9.302,10.97702238,7.419881051,9.423366233,9.910930202,11.86715339,7.5,8.328852226
2021-07-21 21:00:00,9.852,11.62608516,7.858643569,9.480878823,11.73593556,12.56815556,6.852,7.978597157
2021-07-21 22:00:00,10.188,11.92581537,7.92011967,10.31041755,11.49182986,13.13429085,6.715,7.345522976
2021-07-21 23:00:00,10.681,12.60434915,8.519818753,10.70113871,12.01735624,13.35125,5.746,6.178580092
2021-07-22 00:00:00,10.529,12.42510495,8.293191258,10.65552727,11.87651217,13.43220915,4.73,5.086083815
2021-07-22 01:00:00,10.234,11.51351,8.163239525,10.3570703,11.54284509,13.05571281,4.27,2.086
2021-07-22 02:00:00,9.702,11.4490322,8.309545653,9.818605457,10.94362925,12.37706116,4.247,4.676577337
2021-07-22 03:00:00,8.884,10.48375482,7.086205933,8.990734364,9.905148784,11.34023589,4.342,4.911516213
2021-07-22 04:00:00,8.3,9.79466678,6.620329363,8.399731331,9.3621592,10.83749896,5.21,5.599371894
2021-07-22 05:00:00,7.916,7.573115851,6.378654422,8.057291146,8.929064821,10.05873019,5.689,6.471979168
2021-07-22 06:00:00,7.694,9.079548166,6.320043572,7.787267022,8.504368199,9.815396908,6.709,7.291391723
2021-07-22 07:00:00,7.729,9.118883554,6.163048562,7.853013756,8.718139847,9.61784437,10.136,10.91695885
2021-07-22 08:00:00,7.292,8.604337326,5.816575192,7.380698949,8.2257194,10.00974672,12.623,12.15947894
2021-07-22 09:00:00,6.892,8.133015254,5.497502899,6.975232149,7.834286026,8.791985156,14.139,13.74936871
2021-07-22 10:00:00,6.974,7.932552906,5.403249573,7.058960193,7.866512309,8.900917184,15.366,11.06613503
2021-07-22 11:00:00,7.364,10.69828894,5.769287221,7.452486688,8.306304714,9.394430227,15.366,15.08867863
2021-07-22 12:00:00,8.157,9.62611287,6.278707477,8.254790024,9.199974818,10.24713989,15.58,15.36529586
2021-07-22 13:00:00,8.842,10.44665479,6.669453503,8.949769501,9.973568708,11.27991275,15.12,16.63048878
2021-07-22 14:00:00,9.645,11.38178678,7.693426103,9.760880152,10.93237604,12.30435276,14.884,16.36647445
2021-07-22 15:00:00,10.34,12.20201711,7.60382697,10.46423751,11.66366955,13.19094027,13.812,15.2733234
2021-07-22 16:00:00,10.536,12.4344762,8.406916667,10.57955668,11.88347247,13.44759646,13.756,14.9875689
2021-07-22 17:00:00,9.816,9.801205632,7.829866123,9.936977557,11.26371354,12.54302627,12.444,12.75922421
2021-07-22 18:00:00,9.192,10.85001736,7.378311184,9.30247107,10.41584821,11.72646391,10.24,10.81867256
2021-07-22 19:00:00,8.756,10.25670178,6.442078827,8.861078096,9.374136334,11.17034669,9.404,8.97180631
2021-07-22 20:00:00,9.302,11.89103422,7.41988525,9.413843972,10.4924277,11.84468958,7.754,8.401377642
2021-07-22 21:00:00,9.852,11.86573543,7.858619955,9.795329633,11.54115975,12.56937043,6.86,4.843363675
2021-07-22 22:00:00,10.188,12.02256876,8.149436162,10.44385864,11.4916165,12.99708018,6.632,7.345871937
2021-07-22 23:00:00,10.681,12.60306873,8.51229787,10.72629944,12.11205766,13.35125,5.758,6.259331635
2021-07-23 00:00:00,10.529,12.4193222,8.400109864,10.65537823,11.87647078,13.35125,4.659,5.313296904
2021-07-23 01:00:00,10.234,12.07656473,8.30251119,10.3569956,11.69249864,13.05354523,4.2,4.60254925
2021-07-23 02:00:00,9.702,11.44904657,7.770089393,9.496852257,10.78072201,12.37707594,4.198,4.676251744
2021-07-23 03:00:00,8.884,10.48316962,7.086547767,9.017773701,9.623986862,11.37423176,4.306,4.70058015
2021-07-23 04:00:00,8.3,9.794709555,6.620653254,8.40000337,9.358438665,10.58772969,4.823,5.339191957
2021-07-23 05:00:00,7.916,9.0171373,6.720597062,8.010999861,8.889155151,10.09878188,5.78,5.985023081
2021-07-23 06:00:00,7.694,9.492837565,6.137270639,7.786432715,9.385820312,8.924556117,6.632,6.987240098
2021-07-23 07:00:00,7.729,9.120653025,6.166080196,7.822379694,8.718805966,9.860062603,9.41,10.31547772
2021-07-23 08:00:00,7.292,8.574397994,5.812467102,7.379604087,8.221527438,9.302583292,12.408,10.74307311
2021-07-23 09:00:00,6.892,8.133047223,5.497507081,6.974796943,7.774079939,8.496786803,13.858,12.28373152
2021-07-23 10:00:00,6.974,7.172836843,6.676967396,6.959115397,7.974117095,8.896896308,15.476,13.17934529
2021-07-23 11:00:00,7.364,8.657773957,5.873051659,7.677093804,8.306488504,8.343523314,15.428,13.67847504
2021-07-23 12:00:00,8.157,9.625365652,6.505536537,8.254311125,9.195767695,10.40596208,15.631,13.58034012
2021-07-23 13:00:00,8.842,10.35011938,7.052260869,8.948245276,9.95390635,11.27997545,15.608,16.22955094
2021-07-23 14:00:00,9.645,11.3817853,7.69344418,11.14026361,10.87924532,12.30349671,15.013,16.68326732
2021-07-23 15:00:00,10.34,12.59126232,8.247493886,10.46422105,11.66330322,13.19099292,14.102,15.50006509
2021-07-23 16:00:00,10.536,12.44076401,9.190892498,10.66260511,11.59634652,13.2496597,13.811,15.12946081
2021-07-23 17:00:00,9.816,12.18962898,7.829494222,9.66365703,11.07222075,12.52259724,11.821,12.98704488
2021-07-23 18:00:00,9.192,10.99832992,7.143333057,9.302449051,10.31043314,11.72644263,10.077,11.02824301
2021-07-23 19:00:00,8.756,9.75118554,6.983643322,7.742819384,9.876447326,11.17031993,8.689,8.728963638
2021-07-23 20:00:00,9.302,10.97784826,7.420317582,9.415104595,10.39516024,12.02932554,8.348,8.371794117
2021-07-23 21:00:00,9.852,11.62718593,7.321105009,11.27560274,11.10183984,12.56845497,7.755,7.64741903
2021-07-23 22:00:00,10.188,12.02256621,8.126612574,10.31041714,11.49207014,12.99769442,7.065,7.575718711
2021-07-23 23:00:00,10.681,12.60436307,8.26177772,10.7246935,12.07490871,13.62597513,5.986,6.364789627
2021-07-24 00:00:00,9.118,12.42334321,8.399570184,10.6554675,11.84970215,14.1,5.128,5.366141608
2021-07-24 01:00:00,9.284,12.12308578,8.163215696,10.35688622,10.62404383,13.07609337,4.558,4.792722254
2021-07-24 02:00:00,9.041,11.44836288,9.021236784,9.818112092,10.77014786,12.37598931,4.395,6.088888348
2021-07-24 03:00:00,8.386,10.48125783,7.084831642,8.988910353,9.687295751,10.94652527,4.492,4.753368632
2021-07-24 04:00:00,7.947,9.789905046,6.616394636,8.39536037,9.357538626,10.57930083,4.94,5.309992392
2021-07-24 05:00:00,7.201,9.332153374,6.119598465,8.003189225,8.920225625,10.08863362,5.262,5.992602902
2021-07-24 06:00:00,6.87,9.063918306,6.126659719,7.58221907,8.889689617,9.737327698,5.565,7.023455249
2021-07-24 07:00:00,6.656,9.096364603,6.147499765,7.534969585,8.982729812,9.833690498,6.296,9.98686702
2021-07-24 08:00:00,6.586,8.569476019,5.792239363,7.374967474,8.190302754,9.263673737,8.447,9.482885454
2021-07-24 09:00:00,6.373,8.081780794,5.462877852,6.931026826,7.727612896,8.713168805,9.65,10.66805859
2021-07-24 10:00:00,7.014,7.797127168,5.389056727,6.836194544,8.210670549,8.401855296,11.023,12.34702175
2021-07-24 11:00:00,7.486,6.721427196,5.685200971,7.210537175,7.785670394,9.092483507,10.912,12.28610097
2021-07-24 12:00:00,7.568,9.379838356,6.236002175,7.997669079,8.914451808,10.08251523,10.757,12.07453764
2021-07-24 13:00:00,9.274,10.11605767,6.674520846,8.67482297,9.668795728,10.93526071,9.919,12.67645
2021-07-24 14:00:00,10.247,11.04369596,8.58970852,9.47038316,10.57889608,12.21802287,10.183,16.60106974
2021-07-24 15:00:00,11.2,11.84396569,8.006637837,10.15755826,11.32184644,12.80105167,9.772,15.6538546
2021-07-24 16:00:00,11.28,12.05608604,8.149270906,10.33913964,11.52492463,13.03396534,9.359,15.68801927
2021-07-24 17:00:00,10.4,11.18658225,7.561665023,11.29110468,10.51329291,12.09335513,9.234,13.08438678
2021-07-24 18:00:00,9.065,10.41295655,7.017501827,8.909364039,10.33657385,11.23095499,8.894,9.522192488
2021-07-24 19:00:00,8.928,10.17726922,6.693373949,8.435946636,9.402578454,10.63417954,8.432,9.432633495
2021-07-24 20:00:00,8.803,10.45767988,7.071179692,8.899057536,10.89342181,11.30914969,7.843,8.405071223
2021-07-24 21:00:00,9.242,11.10343091,7.503850992,10.88354743,10.61296334,12.68784378,7.457,7.870492268
2021-07-24 22:00:00,9.437,11.49879393,8.242174625,9.841912339,10.99100275,12.42966856,7.026,7.33765007
2021-07-24 23:00:00,10.237,11.7100788,8.166872973,10.36664788,11.54709762,13.91749824,5.742,6.230076925
2021-07-25 00:00:00,9.118,11.78509951,8.129328716,11.52728207,11.37563633,12.86529182,5.098,5.395511226
2021-07-25 01:00:00,9.284,12.47146081,7.708320845,9.860868473,10.83436333,12.75831254,4.25,2.574237352
2021-07-25 02:00:00,9.041,11.35866102,7.385492984,9.370100167,10.20663577,11.81174785,4.153,3.827955136
2021-07-25 03:00:00,8.386,9.984504352,6.737769958,8.548952607,9.416998238,10.66974059,4.097,4.622138511
2021-07-25 04:00:00,7.947,9.611558245,6.28016796,7.912978051,8.888620788,10.05290756,4.672,5.05432708
2021-07-25 05:00:00,7.201,8.88660876,6.005492087,7.16168045,8.491569775,9.604595122,4.778,5.680552695
2021-07-25 06:00:00,6.87,8.496864999,5.879299013,7.459086055,8.313422789,9.402873383,4.99,4.737827975
2021-07-25 07:00:00,6.656,8.758142181,5.919964293,7.510802807,8.372089273,9.468124607,5.558,10.72576016
2021-07-25 08:00:00,6.586,8.261091623,5.584113023,7.087086925,7.792143836,8.638125197,6.232,13.60627811
2021-07-25 09:00:00,6.373,7.806589594,5.27746951,6.696091749,7.28119278,8.440557896,6.874,14.28193694
2021-07-25 10:00:00,7.014,7.922309068,5.334184536,6.798951644,7.57353387,8.564900362,7.487,14.31089542
2021-07-25 11:00:00,7.486,8.401466618,5.679242519,7.20509826,8.033347633,9.082979561,8.272,13.76735191
2021-07-25 12:00:00,7.568,9.292574693,6.22117645,8.025280935,8.944131641,9.744789473,8.703,12.86865274
2021-07-25 13:00:00,9.274,10.1862857,6.883767185,8.735529199,10.20254322,11.94985357,8.756,10.0694
2021-07-25 14:00:00,10.247,11.22460521,7.664851294,9.70853383,10.83872677,12.03891541,8.553,16.72445982
2021-07-25 15:00:00,11.2,12.17099684,8.759883649,10.44040934,11.63621096,13.28486518,8.396,15.80881936
2021-07-25 16:00:00,11.28,12.42538108,8.042220772,10.64727893,11.86728567,13.4216361,8.338,15.52376493
2021-07-25 17:00:00,10.4,11.57403202,6.981996757,10.97631281,11.08522351,12.51140822,7.924,13.05001597
2021-07-25 18:00:00,9.065,10.84349368,7.328486818,9.984115047,10.36437576,11.72054952,7.748,11.78484017
2021-07-25 19:00:00,8.928,10.32995892,6.982879038,8.859514,9.585385161,11.1676629,8.02,9.326533564
2021-07-25 20:00:00,8.803,10.97632479,7.419328543,10.37790533,11.20323617,11.86604186,7.512,8.422993255
2021-07-25 21:00:00,9.242,11.62603496,7.858577679,9.970331921,11.11276893,12.34449517,7.271,8.07807297
2021-07-25 22:00:00,9.437,11.15617344,8.127384704,10.88582777,11.0526021,12.47750004,6.639,5.249015451
2021-07-25 23:00:00,10.237,12.60425711,8.481155864,10.79462622,12.0479351,13.62612172,5.532,6.236769584
2021-07-26 00:00:00,10.529,12.42607685,8.548138022,10.65554248,11.87646781,13.4340204,4.602,5.245885579
2021-07-26 01:00:00,10.234,12.07671295,8.196343711,10.34023424,11.9237942,13.0557574,4.36,4.889081524
2021-07-26 02:00:00,9.702,10.52282222,7.607331695,9.902994907,10.94362961,12.37708436,4.328,3.862468874
2021-07-26 03:00:00,8.884,10.47311645,7.086456266,8.907704991,10.02121429,11.27926022,4.568,5.11545071
2021-07-26 04:00:00,8.3,9.79464717,5.968800007,8.39919652,9.361897409,10.58852103,5.144,5.553563212
2021-07-26 05:00:00,7.916,9.341442338,6.314441797,7.961634544,8.928604589,10.09842511,5.388,5.74387438
2021-07-26 06:00:00,7.694,9.571732301,6.137197051,9.23411739,8.678632964,10.44667108,7.21,6.974055399
2021-07-26 07:00:00,7.729,9.120777407,5.98173662,7.82189914,8.718141079,9.860089231,11.236,10.8742428
2021-07-26 08:00:00,7.292,8.605053293,5.818879924,7.579961001,8.225240719,9.30258076,14.317,12.77874475
2021-07-26 09:00:00,6.892,8.133806433,5.497546109,6.97481285,7.774013038,8.763254953,16.298,15.21613826
2021-07-26 10:00:00,6.974,8.231555491,5.484787816,7.057797495,7.866508671,8.896900164,17.084,16.13777744
2021-07-26 11:00:00,7.364,8.690079838,5.874035858,7.451700063,8.306441299,9.394512795,16.658,15.5729552
2021-07-26 12:00:00,8.157,9.627721359,6.506879335,8.254935891,9.200308013,10.63792999,16.826,15.61705345
2021-07-26 13:00:00,8.842,10.43282745,7.046082457,8.94829613,9.973559022,11.28003359,16.732,18.1942391
2021-07-26 14:00:00,9.645,11.38175887,7.693473967,8.700626302,10.87933549,12.30425775,15.994,17.45120576
2021-07-26 15:00:00,10.34,12.20192523,8.19705857,10.46636541,11.66327534,13.35125,15.174,16.57876468
2021-07-26 16:00:00,10.536,12.43321619,8.398594738,10.6625732,11.85174228,13.51465979,14.812,16.26205597
2021-07-26 17:00:00,9.816,11.66245144,6.923480445,9.933938656,11.07219926,12.40979812,13.215,13.42985172
2021-07-26 18:00:00,9.192,10.84033896,7.331893387,9.299966714,10.36868375,11.72643627,10.808,10.19544759
2021-07-26 19:00:00,8.756,10.33136609,6.984290319,8.861175437,9.877184284,11.16872456,9.207,9.755411309
2021-07-26 20:00:00,9.302,10.98242179,7.419878608,9.414405338,10.49241616,11.85990303,7.659,8.512060356
2021-07-26 21:00:00,9.852,11.62603326,7.843280055,9.970385013,11.11351762,12.5683113,7.072,8.111521825
2021-07-26 22:00:00,10.188,13.12653893,7.965283074,10.30785727,11.694471,12.99651669,6.624,7.321696842
2021-07-26 23:00:00,10.681,12.60437555,8.494548517,9.772455394,12.0470617,14.24599969,5.685,7.070471536
2021-07-27 00:00:00,10.529,12.45276013,8.398646244,10.35940502,11.87644971,13.31569717,5.052,5.517058028
2021-07-27 01:00:00,10.234,12.08088032,8.164071639,10.9582869,11.54492258,13.05669034,4.829,5.238853341
2021-07-27 02:00:00,9.702,11.44903751,7.135121528,9.725727662,11.07706576,12.37707359,4.7,5.096581892
2021-07-27 03:00:00,8.884,10.48374337,7.078517008,8.992729929,10.02092726,11.30438275,4.679,5.189399598
2021-07-27 04:00:00,8.3,9.794596006,5.968647081,8.399732212,9.362252495,10.58849928,5.182,5.797883863
2021-07-27 05:00:00,7.916,9.341436521,6.313661768,8.011004786,8.813998253,10.09820901,5.47,6.150717994
2021-07-27 06:00:00,7.694,10.37224708,6.137262164,7.7948219,8.659842861,9.815448143,6.96,7.422617036
2021-07-27 07:00:00,7.729,9.121340623,6.165186574,7.487475076,8.007092952,9.860059287,9.947,10.79243566
2021-07-27 08:00:00,7.292,8.595953099,5.813019393,7.364446469,7.916632923,9.302185739,13.45,14.66793879
2021-07-27 09:00:00,6.892,8.216377882,5.49623307,7.867756886,7.774009392,8.792936755,15.578,17.02667883
2021-07-27 10:00:00,6.974,8.22970361,5.921248201,7.057832853,7.907462765,8.896884889,16.336,18.00272215
2021-07-27 11:00:00,7.364,8.519989948,5.87384441,6.650755973,8.306330684,9.400118262,16.287,18.19073707
2021-07-27 12:00:00,8.157,9.625939888,6.506566794,9.878133748,9.261185836,10.40552212,16.39,17.84842066
2021-07-27 13:00:00,8.842,10.41535367,7.052958321,8.967820083,10.43207417,11.28076727,16.723,18.47667761
2021-07-27 14:00:00,9.645,11.26254836,7.902616754,9.760654362,10.87940861,12.30368964,15.904,17.57966544
2021-07-27 15:00:00,10.34,12.20195539,8.24787586,10.46491981,11.66468429,13.39671964,15.166,16.75194061
2021-07-27 16:00:00,10.536,10.74397159,8.404221805,10.66343354,11.88812255,13.43615843,14.726,16.27664139
2021-07-27 17:00:00,9.816,11.58363813,7.385245588,9.931078968,11.07226368,12.30457426,12.734,13.85521103
2021-07-27 18:00:00,9.192,10.84726064,7.330737694,9.30243595,10.369306,12.97494812,9.994,10.78487471
2021-07-27 19:00:00,8.756,10.33679533,8.319463419,8.953510031,9.876751038,11.17029861,8.674,9.897875112
2021-07-27 20:00:00,9.302,10.67289551,7.419737196,9.4131279,10.49199602,11.86748848,7.552,7.240022259
2021-07-27 21:00:00,9.852,11.62610919,7.857927646,9.918959787,11.11300731,12.56847877,7.341,8.200485393
2021-07-27 22:00:00,10.188,12.02266608,8.126619193,10.31047325,11.49189295,12.99676544,6.605,7.568082183
2021-07-27 23:00:00,10.681,12.44814456,8.519611648,10.8059711,12.04797765,13.35125,5.806,6.445584912
2021-07-28 00:00:00,10.529,12.43695632,8.399538068,10.41421725,11.8513653,13.54955884,5.248,5.583484286
2021-07-28 01:00:00,10.234,12.08221013,8.158243958,11.06788477,11.36198867,13.05576662,4.78,5.232658114
2021-07-28 02:00:00,9.702,12.11719063,7.738945321,9.818569624,10.82067073,12.37706127,4.792,5.040024793
2021-07-28 03:00:00,8.884,9.006497255,7.086430251,8.314833453,10.02049596,11.33345088,4.904,5.250573714
2021-07-28 04:00:00,8.3,9.796663096,5.657948766,8.29653928,9.360740711,10.58693566,5.63,6.156019786
2021-07-28 05:00:00,7.916,9.34124427,6.314254329,8.002331229,8.851156744,10.09853017,5.664,5.41106115
2021-07-28 06:00:00,7.694,9.94860319,6.136807513,7.786343533,9.144430858,9.711521773,7.22,6.974235834
2021-07-28 07:00:00,7.729,9.118774778,6.165719682,7.821797464,8.718628729,9.83378509,10.747,11.24693608
2021-07-28 08:00:00,7.292,8.604913439,4.946943815,7.379499339,8.598636207,9.306615363,14.567,14.93421312
2021-07-28 09:00:00,6.892,8.132832793,5.491723666,6.073730226,7.806872421,8.790481174,16.021,17.38220049
2021-07-28 10:00:00,6.974,8.224821776,6.664431535,7.05805015,7.866911039,8.96377043,16.973,18.49159208
2021-07-28 11:00:00,7.364,8.689991866,5.873912129,7.458932772,8.306514446,9.221437885,16.901,18.38053411
2021-07-28 12:00:00,8.157,9.626769434,6.499076658,9.380021706,9.201662179,10.40686947,16.551,17.90917285
2021-07-28 13:00:00,8.842,10.43413591,7.052959872,8.435384896,9.883820704,11.17563139,15.634,18.51212994
2021-07-28 14:00:00,9.645,11.38090377,7.693470954,9.760210006,10.8787973,12.30390377,14.625,17.71797719
2021-07-28 15:00:00,10.34,12.2019525,8.248041896,10.46426322,11.6632976,13.19196735,13.712,17.24848622
2021-07-28 16:00:00,10.536,13.16957778,10.00936098,11.52072198,11.69629397,13.31098102,13.789,14.69862972
2021-07-28 17:00:00,9.816,11.58558209,8.355894796,9.932668781,11.07221475,12.67989956,11.606,14.45443706
2021-07-28 18:00:00,9.192,10.19058512,7.288184622,9.407901082,10.36844977,11.72635751,10.369,10.18808677
2021-07-28 19:00:00,8.756,10.33255686,6.984224999,8.853099803,9.878554189,11.17207588,9.194,10.18730324
2021-07-28 20:00:00,9.302,10.976482,7.396413852,9.413482143,10.51021611,11.70302566,8.646,8.922274273
2021-07-28 21:00:00,9.852,11.62554544,9.145983952,9.969933041,11.10362712,12.65391465,7.676,8.360089933
2021-07-28 22:00:00,10.188,12.26093984,8.637364824,9.690495706,11.4923794,13.04211552,6.697,5.799661016
2021-07-28 23:00:00,10.681,12.6253825,8.519324187,10.80875011,12.04223744,13.35125,6.054,6.378360675
2021-07-29 00:00:00,10.529,12.40036397,8.461713119,10.65582268,12.02092098,13.43202234,5.11,5.76295906
2021-07-29 01:00:00,10.234,12.07729188,8.16366884,11.6450776,11.54412279,13.58734723,4.886,5.254457164
2021-07-29 02:00:00,9.702,11.44969782,7.739182287,9.723717394,12.22692725,12.3768081,4.608,5.08382549
2021-07-29 03:00:00,8.884,10.8960781,7.086636988,9.096445184,11.40197407,10.81914649,4.773,4.374779444
2021-07-29 04:00:00,8.3,10.18398896,6.61979238,8.394363298,9.362226842,10.58856488,5.726,5.963268123
2021-07-29 05:00:00,7.916,9.34167333,5.540957015,8.011048331,8.73763123,10.09855442,5.862,6.207738576
2021-07-29 06:00:00,7.694,8.993706118,6.136209552,7.783173057,8.678464116,9.81527573,7.398,7.991928488
2021-07-29 07:00:00,7.729,9.462490099,6.16495227,7.102683861,8.717820415,9.684011259,11.284,10.98787106
2021-07-29 08:00:00,7.292,8.606357136,5.816215231,7.379542806,8.256682086,9.435724613,13.583,14.84586409
2021-07-29 09:00:00,6.892,8.132517479,5.497147835,6.687504842,7.773634851,8.791465978,15.587,14.99616497
2021-07-29 10:00:00,6.974,8.229306765,5.787274229,7.058326988,7.866207158,8.857714908,16.422,16.58619199
2021-07-29 11:00:00,7.364,8.689566539,5.873676592,7.665690293,8.306077539,9.39395408,16.392,16.28353072
2021-07-29 12:00:00,8.157,9.631321001,6.508507268,8.257536152,8.937716846,10.40926145,16.404,16.22998683
2021-07-29 13:00:00,8.842,10.43399195,7.052823246,9.390753726,10.00592227,11.6622421,16.279,18.13420915
2021-07-29 14:00:00,9.645,11.47014131,7.13703745,9.761025599,10.87926193,12.38327109,15.942,14.05715816
2021-07-29 15:00:00,10.34,13.22719247,8.086722371,10.39091985,11.66358023,13.17368291,15.09,14.76147516
2021-07-29 16:00:00,10.536,12.43293785,9.11754525,10.6627345,11.88481428,13.44095415,14.452,15.73819797
2021-07-29 17:00:00,9.816,11.78455781,7.837904419,9.332485545,11.07280218,12.52319639,13.224,14.33543722
2021-07-29 18:00:00,9.192,10.84746279,7.332041149,9.145541627,10.36832278,11.66371627,10.604,11.60924195
2021-07-29 19:00:00,8.756,10.31846069,6.984821841,8.859413373,9.876969551,11.87461766,8.834,11.11176503
2021-07-29 20:00:00,9.302,10.97779639,7.420251396,9.413713777,10.4929827,12.76032829,7.854,8.568441199
2021-07-29 21:00:00,9.852,11.62645204,7.858845436,10.08697413,10.22233557,13.11703593,7.435,8.10333823
2021-07-29 22:00:00,10.188,12.02789161,8.13017839,10.03588654,11.18103404,13.00283763,6.978,7.495930265
2021-07-29 23:00:00,10.681,12.60432546,8.519849202,11.67945635,12.04839601,13.35125,5.416,5.909236188
2021-07-30 00:00:00,10.529,12.43019998,9.685136003,10.65999428,11.88104876,13.43775497,4.287,5.109564382
2021-07-30 01:00:00,10.234,12.30133593,7.793439111,10.15767841,11.4147875,13.06108633,3.994,2.086
2021-07-30 02:00:00,9.702,11.67009575,7.742037559,9.831309544,10.94779694,12.38202359,3.923,3.500216277
2021-07-30 03:00:00,8.884,10.48777878,7.665534402,8.994276879,10.02473707,11.33879611,3.976,4.740394567
2021-07-30 04:00:00,8.3,10.42102815,5.766185776,8.508114,9.48213164,11.92532786,4.953,3.327472121
2021-07-30 05:00:00,7.916,9.457506581,6.290903762,8.241884294,9.6423239,10.10124551,5.252,5.585204962
2021-07-30 06:00:00,7.694,9.081019923,6.137840944,7.787767316,8.680105665,9.817464733,7.116,7.822280813
2021-07-30 07:00:00,7.729,9.893489372,6.165041291,7.420114567,8.718371013,10.07224223,9.67,10.05421498
2021-07-30 08:00:00,7.292,8.604495081,5.816265792,7.3736459,8.224619136,9.301948479,13.507,14.2339465
2021-07-30 09:00:00,6.892,8.131296962,5.496340977,7.124448249,7.768230586,8.497725109,15.69,15.0201704
2021-07-30 10:00:00,6.974,8.160887501,5.560910564,7.022681964,7.863631736,8.894640274,16.74,14.54976672
2021-07-30 11:00:00,7.364,8.685745927,6.424431953,6.504128067,8.304545708,9.389987108,16.285,14.65076499
2021-07-30 12:00:00,8.157,9.521731318,5.407392695,8.165805253,9.10137204,10.29381835,16.438,14.47339029
2021-07-30 13:00:00,8.842,10.42800829,7.048041125,8.943303539,9.967637749,10.6639718,16.326,17.9759346
2021-07-30 14:00:00,9.645,11.37476345,7.730282126,9.754778332,10.87185896,12.29663163,15.596,17.12390534
2021-07-30 15:00:00,10.34,12.19398212,8.243066124,10.45740964,11.65568141,13.18076865,15.029,16.55549015
2021-07-30 16:00:00,10.536,10.69184132,8.41638927,10.35565143,11.87037056,13.45258856,14.014,15.38271345
2021-07-30 17:00:00,9.816,12.06227346,8.042229091,9.911359944,11.13096188,12.51227886,13.142,13.97921796
2021-07-30 18:00:00,9.192,10.83695863,7.449960873,9.289735181,10.35853986,11.71833409,11.01,12.19656691
2021-07-30 19:00:00,8.756,10.32183261,6.977013598,8.851805679,9.866110581,11.15937854,10.126,9.908595145
2021-07-30 20:00:00,9.302,10.96142816,7.41208692,10.15633556,10.4813751,11.80735597,8.312,8.377469381
2021-07-30 21:00:00,9.852,11.53556187,7.850353666,9.212797674,11.10118125,12.55525462,8.104,7.789394327
2021-07-30 22:00:00,10.188,12.41149623,8.126426322,10.12845471,11.49163401,12.99675126,7.702,7.311971422
2021-07-30 23:00:00,10.681,12.36436693,7.529680934,10.99178451,12.15286755,13.35125,6.27,4.115646683
2021-07-31 00:00:00,9.118,12.52966899,8.481273265,10.76522173,12.0253904,13.57034286,5.136,5.379302681
2021-07-31 01:00:00,9.284,12.26847835,8.380240984,10.48144601,11.6824347,13.18762969,4.469,4.649642119
2021-07-31 02:00:00,9.041,11.63341019,7.861743225,9.925029076,11.62380308,12.57366247,4.316,4.562912717
2021-07-31 03:00:00,8.386,11.15457213,7.222214542,8.774357711,10.92382347,11.47374832,4.527,4.685083316
2021-07-31 04:00:00,7.947,9.940853977,6.76920297,8.588219357,9.572310133,10.82603498,5.07,5.675038961
2021-07-31 05:00:00,7.201,8.636434474,6.455516105,8.190057747,9.297262397,11.27962843,5.188,3.482934899
2021-07-31 06:00:00,6.87,9.230245829,7.355586224,8.255496206,8.822720358,8.514466955,5.736,8.716803164
2021-07-31 07:00:00,6.656,9.134530933,6.171624474,7.8336715,8.731291483,10.60620171,6.343,9.718870009
2021-07-31 08:00:00,6.586,8.681411204,6.008788064,7.43921809,8.297090484,8.993042161,8.495,15.10709802
2021-07-31 09:00:00,6.373,7.787245617,5.51064033,7.108591255,7.808248668,8.832788591,10.302,11.73486581
2021-07-31 10:00:00,7.014,8.199336199,5.542450558,6.925860752,9.202468855,9.004703229,11.818,13.24158782
2021-07-31 11:00:00,7.486,8.523955224,6.499947824,7.500350482,8.1576386,9.732086285,11.978,13.09090463
2021-07-31 12:00:00,7.568,9.285587052,6.383898,8.101554986,9.02985246,10.03833577,11.908,13.39296759
2021-07-31 13:00:00,9.274,8.770923467,6.881989911,8.731227122,9.731810216,10.99688662,10.77,13.7747
2021-07-31 14:00:00,10.247,11.23194879,7.653706986,9.632357277,10.73610097,12.19400673,10.875,17.51558434
2021-07-31 15:00:00,11.2,11.42672566,8.230859211,10.01291022,11.64095343,12.81391747,10.032,16.67007547
2021-07-31 16:00:00,11.28,12.25051666,8.144749888,10.32978412,11.77630965,12.39297343,9.961,15.74555369
2021-07-31 17:00:00,10.4,11.3641138,7.622480413,9.568073,11.44438484,12.06140488,9.86,14.39712123
2021-07-31 18:00:00,9.065,10.22619727,6.149676175,9.768125281,9.93312642,11.18793525,9.82,11.92575141
2021-07-31 19:00:00,8.928,9.713574902,6.617073285,8.394492189,9.356468956,10.58194979,9.664,10.42416451
2021-07-31 20:00:00,8.803,10.04291418,6.788213339,8.222901809,9.483978956,10.85933584,8.997,8.307343538
2021-07-31 21:00:00,9.242,10.60865976,7.27849598,9.175332402,10.1080751,11.46857722,8.326,7.828221801
2021-07-31 22:00:00,9.437,11.20068166,7.571708075,10.82111913,10.7057908,12.10852906,7.627,7.53415683
2021-07-31 23:00:00,10.237,11.52129445,7.919731085,10.04794672,11.19695349,14.0012793,6.38,5.833290491
2021-08-01 00:00:00,9.09,12.15,7.987608288,10.46040714,11.2924513,12.15,5.368,5.062608973
2021-08-01 01:00:00,8.745,11.49683807,7.771292416,9.771325567,10.9893946,12.33261411,4.476,4.944835562
2021-08-01 02:00:00,8.478,10.92961271,8.537045494,9.37312132,10.44714085,11.81357171,4.343,4.873317999
2021-08-01 03:00:00,7.868,9.995039578,6.756112699,8.571643683,9.298475109,10.80520496,4.398,4.28833131
2021-08-01 04:00:00,7.335,9.310106541,6.310106107,8.006435988,8.915272226,10.07262739,5.226,5.622800894
2021-08-01 05:00:00,7.06,9.367161013,5.988494718,7.093851151,8.261825367,9.577461335,5.169,4.612711172
2021-08-01 06:00:00,6.69,8.522059197,5.742859169,7.286053638,8.598682045,9.184680234,5.134,8.189291488
2021-08-01 07:00:00,5.98,8.593498743,5.614852959,7.122226661,7.938566688,8.978374914,5.652,10.67277739
2021-08-01 08:00:00,6.312,7.888444063,5.332155352,6.763888802,7.663652192,8.528328419,6.8,16.69244582
2021-08-01 09:00:00,6.252,5.869662477,4.965961327,6.299680797,6.822556427,8.020266228,7.047,13.59987784
2021-08-01 10:00:00,6.35,7.32583913,4.915956276,6.434370067,7.034185544,6.95068566,7.467,15.05334534
2021-08-01 11:00:00,6.494,7.526913404,4.998916733,6.504677571,7.250011717,8.167357231,8.543,15.42844217
2021-08-01 12:00:00,7.21,8.637498136,5.744404836,7.125147864,8.123111858,8.512869573,8.714,14.97218764
2021-08-01 13:00:00,7.196,9.288866257,6.199050622,7.85388628,8.76761857,9.913947172,8.731,10.2327
2021-08-01 14:00:00,8.168,9.983356612,6.951785018,8.819751854,9.111689591,11.85516296,8.898,17.94057809
2021-08-01 15:00:00,9.365,11.3243868,7.654742036,9.714825691,11.50920001,12.23178132,8.361,16.99100931
2021-08-01 16:00:00,9.72,11.57510881,7.561105026,9.818014116,11.06317563,12.51180797,8.593,15.96461906
2021-08-01 17:00:00,8.378,10.6036606,7.213831425,9.067961173,10.22368001,11.56287864,8.315,14.8594514
2021-08-01 18:00:00,7.056,9.878541734,5.902565891,8.46730993,9.468389457,10.67731894,7.886,12.08718905
2021-08-01 19:00:00,7.53,9.314385762,5.916825136,7.992603591,8.888485893,10.0696988,8.22,10.99054093
2021-08-01 20:00:00,7.496,9.888555965,6.683754982,8.575338906,9.452128926,10.68967342,7.758,8.639360864
2021-08-01 21:00:00,7.535,10.92387544,8.434335949,9.385424254,9.998716534,11.31151157,7.558,8.07647791
2021-08-01 22:00:00,7.978,10.76992426,7.279858945,9.226970225,10.29446154,11.64285219,7.194,7.904523444
2021-08-01 23:00:00,8.813,11.65359601,7.950838192,9.754059067,11.23845602,12.48741087,5.872,8.158935587
2021-08-02 00:00:00,10.131,11.9439864,8.090117301,10.02079581,11.41984075,12.66375,4.989,5.606644026
2021-08-02 01:00:00,9.878,11.64724588,8.164730594,9.982096305,10.5920726,12.58957449,4.36,4.986772339
2021-08-02 02:00:00,9.436,11.1251061,7.519394043,9.545405033,10.63313157,11.39608633,4.375,4.952586943
2021-08-02 03:00:00,8.663,10.21235762,6.902972229,8.157213214,9.761561528,11.04007982,4.476,5.057317308
2021-08-02 04:00:00,8.121,9.57317642,6.469500156,9.009564526,9.150573333,10.34649342,5.512,5.85615046
2021-08-02 05:00:00,7.701,9.078045146,6.132911045,7.759102477,8.171846658,9.814224972,5.746,6.078185895
2021-08-02 06:00:00,7.328,8.645035113,5.839531773,7.408158493,8.466174999,9.302735316,7.996,8.785253294
2021-08-02 07:00:00,7.027,8.284030954,5.543706544,7.109311088,7.918050764,8.328296029,9.87,10.75514164
2021-08-02 08:00:00,6.731,7.9343135,5.36395621,6.259168338,7.585201905,8.578742516,14.639,16.1427346
2021-08-02 09:00:00,6.236,7.352253288,3.676145105,6.305208777,7.027709242,7.0294329,17.046,15.48316432
2021-08-02 10:00:00,6.164,7.790387429,5.763931497,6.23331737,8.88459703,7.808099219,17.276,15.28279137
2021-08-02 11:00:00,6.276,7.512629546,4.962193474,6.347619447,7.07879862,8.002070491,18.111,17.06341817
2021-08-02 12:00:00,7.07,8.437925792,5.730219207,7.808981664,8.065498908,9.118896909,18.084,17.26680175
2021-08-02 13:00:00,7.556,8.914459309,6.025699409,7.644986487,8.52095324,9.637031182,17.621,19.25188017
2021-08-02 14:00:00,8.586,10.78831698,6.847962955,8.688176342,9.684914018,10.95217962,16.676,15.94188216
2021-08-02 15:00:00,9.575,11.29906622,7.637721684,10.20514846,10.35950068,12.68924164,15.627,17.05231845
2021-08-02 16:00:00,9.797,11.5475166,7.816035176,10.03420886,10.13194211,12.51706628,15.009,16.45267369
2021-08-02 17:00:00,9.042,10.67011097,7.213559633,9.151921924,10.91149932,11.53659206,13.546,14.70354621
2021-08-02 18:00:00,8.311,9.809713792,6.63068834,8.412714491,9.376630816,10.60479233,10.881,11.91600578
2021-08-02 19:00:00,7.82,9.230978474,6.238614523,7.168996329,8.819362331,9.978743678,9.656,10.81964247
2021-08-02 20:00:00,8.266,9.757375689,7.181382819,8.421001628,9.327038094,10.54820842,8.145,8.902038812
2021-08-02 21:00:00,8.716,10.28893371,7.253686012,8.814828559,9.800470291,10.88061257,6.932,8.08917135
2021-08-02 22:00:00,9.12,10.76952966,7.279399383,9.217071164,10.29410817,11.6402443,6.521,7.567616717
2021-08-02 23:00:00,9.832,11.60617136,7.845199865,9.953398891,11.0963887,12.54559667,5.418,6.141051046
2021-08-03 00:00:00,10.131,11.95348099,8.792635145,10.25353309,11.35241651,12.66375,4.602,5.355736331
2021-08-03 01:00:00,9.878,11.65758374,7.88004139,9.981410055,11.1425489,12.60392701,4.272,4.78187241
2021-08-03 02:00:00,9.436,11.19204133,7.3743771,9.550540887,10.64267332,12.10885132,4.108,2.086
2021-08-03 03:00:00,8.663,10.22402225,6.910853084,8.459957739,9.772456622,11.05273259,4.61,5.040885414
2021-08-03 04:00:00,8.121,9.582393025,6.478493215,8.501118862,9.161226064,10.36114539,5.13,5.667018466
2021-08-03 05:00:00,7.701,8.707205461,6.143393474,7.794227558,10.12327337,9.822965304,5.498,6.279381043
2021-08-03 06:00:00,7.328,8.648126006,5.927589633,7.457484499,8.266361637,9.360840701,7.36,8.706668714
2021-08-03 07:00:00,7.027,8.292046711,5.599658159,7.111569877,7.926647654,9.344582927,10.08,10.78616569
2021-08-03 08:00:00,6.731,8.149052032,5.369234246,6.811996052,7.592711405,8.632309553,14.067,13.3159475
2021-08-03 09:00:00,6.236,7.358977293,4.974153026,5.943175635,7.033983741,7.955330929,16.154,17.65085035
2021-08-03 10:00:00,6.164,7.273784397,4.916023696,6.237954421,6.952721639,7.250876372,17.651,19.06641137
2021-08-03 11:00:00,6.276,7.40598442,5.006227214,6.016836872,7.837783054,7.204474496,17.524,19.18174118
2021-08-03 12:00:00,7.07,8.411465582,5.674531923,7.805497451,8.02441031,9.074077192,17.605,19.10222881
2021-08-03 13:00:00,7.556,8.922979052,5.935081678,7.646580682,8.522965297,9.639273591,17.678,19.08656023
2021-08-03 14:00:00,8.586,10.13183518,6.84858815,8.639483455,9.681195961,10.95314434,17.008,18.29151993
2021-08-03 15:00:00,9.575,11.29812264,7.63752655,9.690053937,10.05292253,12.21492486,15.082,16.72214711
2021-08-03 16:00:00,9.797,11.5610455,8.664095175,9.913913123,12.48948918,12.49792974,14.384,15.8703428
2021-08-03 17:00:00,9.042,10.67037208,7.213015191,8.547345913,10.1988302,11.53546548,13.636,14.71057698
2021-08-03 18:00:00,8.311,10.24394302,6.629460475,10.19594081,9.374760856,10.52907423,11.115,9.716512606
2021-08-03 19:00:00,7.82,9.230564548,5.78645287,7.935465536,8.820785594,9.976339581,9.914,10.90757864
2021-08-03 20:00:00,8.266,9.751679336,6.593640089,8.365338414,9.324056827,10.35475315,8.046,9.057552737
2021-08-03 21:00:00,8.716,10.26404452,6.940354355,8.820937656,9.910431023,11.1195949,7.475,8.235341597
2021-08-03 22:00:00,9.12,10.76425031,7.276058837,9.80227308,10.11404869,11.49532988,6.872,7.488849331
2021-08-03 23:00:00,9.832,11.60306213,7.843840415,9.950503789,11.0906685,12.57036527,5.726,5.475495891
2021-08-04 00:00:00,10.131,11.95513529,8.084337688,10.25262818,11.42739848,12.92400431,4.74,5.38294697
2021-08-04 01:00:00,9.878,11.6565731,7.87935256,9.997180842,11.14210243,12.78601672,4.496,4.920965791
2021-08-04 02:00:00,9.436,11.09322221,7.514816807,9.326540509,11.2508926,11.96979041,4.484,4.404750125
2021-08-04 03:00:00,8.663,10.22370684,6.91016639,8.766651495,9.935176847,11.06054571,4.606,5.112334989
2021-08-04 04:00:00,8.121,9.583396343,6.478153185,8.184761316,9.16014017,10.36027617,5.478,5.77865604
2021-08-04 05:00:00,7.701,9.08837952,5.162276506,7.793799148,8.686504869,8.797259542,5.698,6.04351647
2021-08-04 06:00:00,7.328,8.647686229,5.845312338,7.965588455,8.265757561,9.347301823,7.066,8.123232978
2021-08-04 07:00:00,7.027,8.291805822,5.566602332,7.113750024,8.400131042,8.964806974,10.027,10.93803958
2021-08-04 08:00:00,6.731,8.058911704,5.030074762,6.811938533,6.94367316,8.637262692,13.806,15.53280104
2021-08-04 09:00:00,6.236,7.35888703,4.973936528,6.310896295,7.033483452,7.955460569,15.756,16.90480932
2021-08-04 10:00:00,6.164,7.273947728,4.91682152,6.238041343,5.810130674,7.801691531,17.441,18.89973608
2021-08-04 11:00:00,6.276,7.406086658,5.00600376,6.351359096,7.079086755,8.00601023,17.798,19.2042331
2021-08-04 12:00:00,7.07,8.315395619,5.669576361,7.11927162,7.976746408,9.021058732,16.947,19.2488646
2021-08-04 13:00:00,7.556,8.916550674,6.024269031,7.302607338,8.522910019,9.639242982,16.035,19.12700481
2021-08-04 14:00:00,8.586,10.13757285,6.84868116,7.736518073,9.692127221,10.95341541,15.787,19.15250721
2021-08-04 15:00:00,9.575,11.29600041,7.633869027,9.689989651,12.01135669,12.21498136,14.306,16.50604148
2021-08-04 16:00:00,9.797,11.41035047,7.811023147,9.963638055,10.92561787,12.66375,12.993,15.856096
2021-08-04 17:00:00,9.042,10.66999224,7.212443205,9.15060944,10.19909926,11.53488232,11.826,15.00354383
2021-08-04 18:00:00,8.311,9.805688049,6.629353815,8.410618197,9.355349188,10.60247963,10.749,12.57053404
2021-08-04 19:00:00,7.82,9.026723646,6.237707548,7.913918461,8.639932375,9.975883892,10.051,11.16457308
2021-08-04 20:00:00,8.266,9.75442442,6.593438961,8.365745665,9.319800663,10.54508468,8.404,9.29749755
2021-08-04 21:00:00,8.716,10.28546371,7.738728041,8.789700371,9.400000222,10.24893772,7.775,8.439098942
2021-08-04 22:00:00,9.12,10.49839392,7.271010699,9.230035166,10.04626086,11.63508854,7.444,7.982803372
2021-08-04 23:00:00,9.832,11.68431683,7.311430783,10.33260845,11.10424777,12.49404977,6.345,7.961042338
2021-08-05 00:00:00,10.131,11.67779234,8.128457673,10.2528605,11.42768261,12.66375,5.264,7.100654311
2021-08-05 01:00:00,9.878,11.65684542,7.87942816,9.996614819,11.14232373,12.60175321,4.623,5.097695435
2021-08-05 02:00:00,9.436,11.13523461,7.526497697,9.595662054,10.64357149,12.0378117,4.708,5.117366704
2021-08-05 03:00:00,8.663,10.22303236,6.113077678,8.76793441,9.771765618,11.0516852,4.842,5.333839197
2021-08-05 04:00:00,8.121,9.930296137,5.862166877,8.337384654,9.160103129,10.36022259,5.152,6.040748497
2021-08-05 05:00:00,7.701,8.460739658,6.066870055,7.792826117,8.683261487,9.851141575,5.534,6.219518948
2021-08-05 06:00:00,7.328,9.785986441,5.945439808,7.418789291,8.265565249,9.350737999,7.378,8.034845896
2021-08-05 07:00:00,7.027,8.152737855,5.605184384,7.110789086,7.925206036,9.536861695,9.954,10.78363619
2021-08-05 08:00:00,6.731,7.715513132,4.710081279,6.811795026,7.592379683,8.585422313,14.165,15.9216418
2021-08-05 09:00:00,6.236,7.358928622,4.974219368,6.322437505,7.033907854,7.956882971,16.584,15.44266113
2021-08-05 10:00:00,6.164,7.290447275,4.916813678,6.238058325,6.952640326,7.862935215,18.049,17.18654568
2021-08-05 11:00:00,6.276,7.406245079,5.002681652,6.238717576,6.220790157,7.031360992,17.65,19.50414524
2021-08-05 12:00:00,7.07,8.341938746,5.617475934,7.154937512,7.974944744,9.019507157,17.774,19.34730276
2021-08-05 13:00:00,7.556,8.916607281,5.589518713,6.642755193,8.523536217,10.03080753,17.278,19.05189755
2021-08-05 14:00:00,8.586,10.13181263,6.848707679,9.22547153,9.600141514,11.031465,16.853,18.38241729
2021-08-05 15:00:00,9.575,11.30194244,8.574883129,9.690032299,10.79892001,12.21493333,15.087,16.13461438
2021-08-05 16:00:00,9.797,11.56110893,7.803962614,9.914174334,11.05012483,12.49822435,14.48,15.74192014
2021-08-05 17:00:00,9.042,10.67017766,7.231960922,9.15130489,9.981159623,11.53505903,13.366,14.85663585
2021-08-05 18:00:00,8.311,9.807542912,6.629360836,8.411166191,9.008676207,10.85401946,11.002,11.91013114
2021-08-05 19:00:00,7.82,8.059094556,6.257214901,7.912766184,9.588685338,9.971854461,10.393,11.01732028
2021-08-05 20:00:00,8.266,9.766126579,6.593447302,8.765539424,9.323830803,11.11116128,9.11,9.624910344
2021-08-05 21:00:00,8.716,10.28545991,6.872919623,8.820710053,9.831453083,11.11918274,8.396,8.798710835
2021-08-05 22:00:00,9.12,10.75532018,7.77241672,9.218053889,11.01963688,11.62709908,7.446,8.285150821
2021-08-05 23:00:00,9.832,11.22871282,8.409429335,9.761289795,11.09773547,12.55090264,6.394,7.383352299
2021-08-06 00:00:00,10.131,11.96631744,8.082784519,10.2444976,11.4379445,12.66375,5.246,5.791542064
2021-08-06 01:00:00,9.878,11.65145861,7.284758048,9.985867396,11.12929113,12.58836371,4.774,5.878154827
2021-08-06 02:00:00,9.436,11.55109029,6.784474575,9.549695244,10.19243994,12.03787995,4.832,4.254760807
2021-08-06 03:00:00,8.663,10.22305404,7.04085028,8.762274719,9.771590893,10.56449437,4.848,5.291471119
2021-08-06 04:00:00,8.121,9.343096321,6.478000985,8.218743267,9.160400255,10.36032155,5.749,5.952496059
2021-08-06 05:00:00,7.701,9.087840557,6.037499036,7.927358121,8.686661399,9.825472551,6.31,6.287661435
2021-08-06 06:00:00,7.328,8.647676179,5.753143397,7.366695429,8.38080272,9.349618355,7.692,9.09808516
2021-08-06 07:00:00,7.027,8.287718931,5.605713329,7.165415136,7.617509626,8.964671292,9.618,10.58783522
2021-08-06 08:00:00,6.731,7.101259554,5.369174582,6.811940779,7.592524122,8.198402266,14.685,13.91108693
2021-08-06 09:00:00,6.236,7.359074875,4.971400124,6.69223617,6.992142433,7.955650925,16.829,13.63291397
2021-08-06 10:00:00,6.164,7.284042508,4.918042717,6.232498811,7.802366177,7.863621313,17.938,15.51003674
2021-08-06 11:00:00,6.276,7.406429624,5.006173277,6.351453561,7.079231495,7.718517202,17.72,19.35278658
2021-08-06 12:00:00,7.07,7.761612625,5.575276717,6.962565649,7.974732437,9.455681215,17.448,18.48471118
2021-08-06 13:00:00,7.556,8.916427287,6.027558241,7.898889702,8.527356923,9.55732853,17.008,19.17774497
2021-08-06 14:00:00,8.586,10.13209614,6.838104526,8.68913055,9.684702207,10.95340269,16.277,17.79719743
2021-08-06 15:00:00,9.575,11.29921417,7.637508731,9.691244143,10.8003345,12.24776849,14.881,16.29416888
2021-08-06 16:00:00,9.797,11.56108716,7.814098205,9.914649022,11.05074253,12.49817659,13.95,15.24475995
2021-08-06 17:00:00,9.042,10.6819529,6.184194175,8.335333614,9.956846939,11.53442633,13.296,14.6045356
2021-08-06 18:00:00,8.311,9.806420991,6.680511438,8.410716153,9.368707655,10.60241275,10.9,12.62412776
2021-08-06 19:00:00,7.82,9.22792897,6.278325368,7.913732669,8.820958376,9.976005071,9.82,10.79748341
2021-08-06 20:00:00,8.266,8.799720169,6.593410559,8.363564794,9.335612267,10.54494975,7.9,8.409203826
2021-08-06 21:00:00,8.716,10.41002757,6.952499499,8.814145774,9.83120672,11.11883994,7.918,8.90648173
2021-08-06 22:00:00,9.12,9.891165171,7.109421997,9.209882121,9.864217696,11.60710215,7.649,8.322756429
2021-08-06 23:00:00,9.832,11.60500198,7.836208522,9.97384939,11.11671595,12.57156781,6.669,7.006325049
2021-08-07 00:00:00,9.09,11.97280984,8.093122771,10.26888115,11.32486309,12.15,5.342,5.887690461
2021-08-07 01:00:00,8.745,11.63382626,7.863852512,9.971993765,10.93443669,12.57682483,4.744,5.234392617
2021-08-07 02:00:00,8.478,11.12819881,7.513347678,9.543437618,11.36821705,11.96862623,4.376,4.996143573
2021-08-07 03:00:00,7.868,10.61825895,6.524256937,8.753917033,9.754206063,11.27134989,4.556,3.272706641
2021-08-07 04:00:00,7.335,9.543837383,6.675734322,8.184643094,9.122525634,10.31677898,5.405,6.069598636
2021-08-07 05:00:00,7.06,9.014135864,6.093030521,7.730428157,9.379744181,9.734309028,5.271,5.66411445
2021-08-07 06:00:00,6.69,8.187993552,5.534654085,7.021832562,7.82650964,8.851007209,5.922,8.092251438
2021-08-07 07:00:00,5.98,7.778792821,5.258088421,6.722633533,7.434863522,8.12562865,6.402,10.47359062
2021-08-07 08:00:00,6.312,7.372227072,5.500603055,6.331267598,7.03109492,7.982672198,8.566,14.82812012
2021-08-07 09:00:00,6.252,6.755092045,4.53150836,5.681726816,6.946881074,7.302360929,10.488,11.64488284
2021-08-07 10:00:00,6.35,6.628294659,4.472414628,5.684028361,6.856044387,7.1652284,11.9,13.14019885
2021-08-07 11:00:00,6.494,6.247657104,4.566768677,5.761967023,6.421895361,7.258085021,11.735,16.99280193
2021-08-07 12:00:00,7.21,7.328967082,5.035509799,6.518529266,7.26492001,8.335914375,11.16,13.685
2021-08-07 13:00:00,7.196,7.793765016,5.397424847,6.981775882,7.489048116,8.88471232,10.81,17.30096016
2021-08-07 14:00:00,8.168,9.376528132,5.525241666,7.988743367,8.903667172,10.07004817,10.715,16.54287746
2021-08-07 15:00:00,9.365,10.43661594,8.177477918,8.950311142,9.975293839,11.28258175,10.624,15.05368503
2021-08-07 16:00:00,9.72,10.67657997,7.04899712,9.010249025,10.46389634,12.14057431,10.372,11.10784108
2021-08-07 17:00:00,8.378,9.483725015,6.451687952,8.130682967,9.161737118,10.57980091,9.848,13.33111633
2021-08-07 18:00:00,7.056,8.573873904,6.92807939,7.352438802,8.194692362,8.964082466,9.546,10.84912958
2021-08-07 19:00:00,7.53,7.967232298,5.392095438,6.31470751,7.657953501,8.613336667,8.947,10.31158485
2021-08-07 20:00:00,7.496,9.605458357,5.732415258,7.272919855,8.108499815,8.987243822,8.273,8.016803806
2021-08-07 21:00:00,7.535,8.992999993,6.088445702,7.724553834,8.609702257,9.737403475,7.848,9.532135698
2021-08-07 22:00:00,7.978,9.454379709,6.385513188,8.113352326,9.037084906,10.22133834,7.151,7.968991504
2021-08-07 23:00:00,8.813,10.3641584,6.999924365,8.881552679,9.89788068,11.77129451,6.167,6.56923454
2021-08-08 00:00:00,9.09,10.69764482,6.627775382,9.171887783,10.22543744,11.56480915,5.284,5.451035086
2021-08-08 01:00:00,8.745,10.35089536,6.590669479,8.79366498,11.05357173,11.61254596,4.56,5.702399503
2021-08-08 02:00:00,8.478,9.861455573,6.662780914,8.453229101,9.42183889,10.68888425,4.38,4.775420967
2021-08-08 03:00:00,7.868,8.865341777,6.049113613,7.674789182,8.55407291,9.675850618,4.314,4.81120252
2021-08-08 04:00:00,7.335,7.574430948,5.625592768,7.137322749,7.989378118,8.997141378,4.797,4.476447176
2021-08-08 05:00:00,7.06,7.853672108,5.308537922,6.735226127,7.506591869,9.009897411,4.878,5.682790216
2021-08-08 06:00:00,6.69,7.459769571,5.133658096,6.396173395,6.754346754,6.92014495,5.409,7.904206135
2021-08-08 07:00:00,5.98,7.166923469,4.84552725,6.383395927,6.851673449,7.748484531,5.789,10.12645156
2021-08-08 08:00:00,6.312,7.08132826,4.786599542,6.072140483,6.768681046,7.657280261,6.67,14.883052
2021-08-08 09:00:00,6.252,6.542633417,4.498742567,5.203233559,6.253852519,6.897915695,6.5,12.61448743
2021-08-08 10:00:00,6.35,6.50290697,4.394896107,5.362505349,6.214769368,7.048631047,7.503,13.99517971
2021-08-08 11:00:00,6.494,6.676388422,4.512823551,5.734639628,6.381530487,7.208972852,8.076,16.4490784
2021-08-08 12:00:00,7.21,7.656422597,5.175475115,6.478836517,7.089075785,8.269086324,8.266,9.5519
2021-08-08 13:00:00,7.196,8.271341431,5.591961599,7.433894006,7.906269378,8.941851244,8.306,16.60270752
2021-08-08 14:00:00,8.168,9.52273697,6.374812255,8.958607722,8.842380245,10.8979918,8.025,12.5951456
2021-08-08 15:00:00,9.365,10.73799624,7.259378947,9.210506804,10.2654288,11.61003915,7.848,14.38267711
2021-08-08 16:00:00,9.72,11.04847325,6.761275413,9.399252905,10.5606428,11.94400081,7.981,13.67421674
2021-08-08 17:00:00,8.378,10.21143531,8.015117987,8.381261518,10.54072353,11.88272784,7.936,12.84474652
2021-08-08 18:00:00,7.056,9.734575348,6.597012962,8.348283425,9.30492484,10.52347419,7.714,11.1399472
2021-08-08 19:00:00,7.53,9.046686476,6.20653452,7.880581612,8.783604689,9.933988299,7.799,9.897112568
2021-08-08 20:00:00,7.496,9.736656478,6.586316458,8.350286702,9.30691583,10.52611071,7.93,8.893629464
2021-08-08 21:00:00,7.535,10.93642881,6.948306002,9.271074331,9.825298195,11.11189396,7.596,6.070266177
2021-08-08 22:00:00,7.978,10.73199851,7.257021183,9.206952387,10.26207097,11.60627638,7.358,7.896128904
2021-08-08 23:00:00,8.813,11.63030082,7.861774295,9.934615941,11.11654719,12.15,5.917,6.543642309
2021-08-09 00:00:00,10.131,12.66375,8.093465031,9.981843951,11.44589475,13.02319691,5.18,5.343559486
2021-08-09 01:00:00,9.878,11.39602834,7.865118277,9.967671747,11.12211349,12.57861289,4.7,5.127073482
2021-08-09 02:00:00,9.436,11.13533245,6.498680929,9.323620534,10.87564086,12.03726676,4.673,4.974428909
2021-08-09 03:00:00,8.663,10.22318164,7.198572972,8.188228377,9.771832405,11.05176209,4.852,5.21922645
2021-08-09 04:00:00,8.121,9.446441822,6.476180581,8.218725181,9.084264135,10.40106655,5.312,5.826063345
2021-08-09 05:00:00,7.701,8.995719405,6.344057831,7.793692076,8.975004686,9.49015403,5.553,5.507153187
2021-08-09 06:00:00,7.328,8.786946009,5.937002382,7.626797087,8.666243672,9.351211428,7.383,7.87265197
2021-08-09 07:00:00,7.027,8.750884944,5.605022575,7.111650868,8.074261406,8.973956493,9.5,10.52566439
2021-08-09 08:00:00,6.731,7.943498001,5.36841603,6.590913097,8.37928103,8.587402941,12.712,13.91202576
2021-08-09 09:00:00,6.236,9.186563639,4.974425008,6.310288479,7.034233611,7.955602861,13.901,14.4189225
2021-08-09 10:00:00,6.164,8.556861957,4.161372647,7.363044472,7.158823298,8.256465539,14.562,15.01517036
2021-08-09 11:00:00,6.276,7.031581556,5.419987369,6.351452415,7.079329359,7.892590174,14.366,15.84130654
2021-08-09 12:00:00,7.07,8.343285117,5.639577,7.24410562,7.974928653,9.019417062,14.73,16.22094714
2021-08-09 13:00:00,7.556,8.916452236,6.020209147,7.409757271,8.523133228,9.639503324,14.574,15.98761253
2021-08-09 14:00:00,8.586,10.13220101,6.84792974,8.687219216,9.684886669,10.95346582,14.006,15.46100191
2021-08-09 15:00:00,9.575,10.73426271,7.63770503,9.688628161,10.80037416,12.21516994,12.496,13.34988792
2021-08-09 16:00:00,9.797,11.6786732,7.814789236,9.914767848,11.05093154,12.08965289,11.596,12.80784704
2021-08-09 17:00:00,9.042,10.67077549,7.117980709,9.15127251,10.19929891,11.58848725,11.15,12.356581
2021-08-09 18:00:00,8.311,9.807608237,6.629420174,8.335456196,9.374656588,10.83664491,9.526,10.29125646
2021-08-09 19:00:00,7.82,9.223115241,6.237957596,8.304660752,8.820803738,9.975870934,9.25,10.04205304
2021-08-09 20:00:00,8.266,9.754527798,6.655187158,8.365312188,9.248096359,10.52837305,8.304,8.345582832
2021-08-09 21:00:00,8.716,10.28543519,6.595952177,8.817721577,9.812287891,10.8249375,7.498,8.4365362
2021-08-09 22:00:00,9.12,10.74687494,7.26454169,9.354370148,10.27182428,11.69849585,6.816,9.087207969
2021-08-09 23:00:00,9.832,11.61930615,7.853857628,9.782658015,11.10555932,12.66375,5.73,6.458012172
2021-08-10 00:00:00,10.131,12.15977008,8.084819435,10.39805639,11.44698933,12.66375,4.948,5.609151646
2021-08-10 01:00:00,9.878,11.65099196,8.503795235,9.991310833,12.18885032,12.59527676,4.689,5.15502188
2021-08-10 02:00:00,9.436,11.11673457,7.526726223,9.549284273,10.34365784,12.03949177,4.682,6.514692118
2021-08-10 03:00:00,8.663,10.68124126,6.915393768,8.767015401,9.771578077,10.74826677,4.944,5.274171621
2021-08-10 04:00:00,8.121,9.583108681,6.487369874,8.218499896,9.160081668,10.36021857,5.678,5.90174847
2021-08-10 05:00:00,7.701,8.168091261,6.188956375,7.793527859,8.686504141,9.824324985,5.672,4.678444155
2021-08-10 06:00:00,7.328,8.647497431,5.992646803,7.416003927,8.265764514,9.349066618,7.672,7.966811199
2021-08-10 07:00:00,7.027,8.292369854,6.398117032,7.056726415,7.926238374,8.953852745,9.801,10.39943685
2021-08-10 08:00:00,6.731,8.038360977,5.369097004,6.811827539,6.618054911,8.586889369,12.115,13.36729775
2021-08-10 09:00:00,6.236,7.368296893,4.974204668,7.203760625,7.034026509,8.26867076,13.939,15.30793177
2021-08-10 10:00:00,6.164,7.273802571,4.916781837,6.227161167,5.810256941,7.863431181,14.439,15.75874127
2021-08-10 11:00:00,6.276,7.406069431,5.233643612,6.558529005,7.079130374,8.006370523,14.101,15.33925387
2021-08-10 12:00:00,7.07,8.441441026,5.639439866,7.154911631,7.8801981,9.019318388,14.362,11.36820944
2021-08-10 13:00:00,7.556,8.002939758,6.027085493,7.646764874,8.591489897,9.639303667,14.384,15.0694181
2021-08-10 14:00:00,8.586,10.91661194,6.835515233,8.688881268,9.684301355,10.95417669,13.915,13.82799484
2021-08-10 15:00:00,9.575,11.29909993,7.643535745,9.218645112,10.81830209,12.21501878,12.858,13.61639517
2021-08-10 16:00:00,9.797,11.55515941,7.814499272,9.914205677,11.05074202,12.5435177,11.922,12.69356908
2021-08-10 17:00:00,9.042,10.87525891,7.211855137,8.816324224,10.97126557,11.53508092,11.125,11.91092922
2021-08-10 18:00:00,8.311,9.807556519,6.628953259,8.410979934,9.377410019,10.30526964,9.498,11.90614745
2021-08-10 19:00:00,7.82,9.664816388,6.259583327,7.643388366,8.648631812,10.05650296,8.794,7.951505923
2021-08-10 20:00:00,8.266,9.754643831,7.296492475,8.365419562,9.323972444,10.54518731,7.945,8.883686581
2021-08-10 21:00:00,8.716,10.28556799,6.951070185,8.820734801,9.831413133,11.11925737,7.442,8.332452052
2021-08-10 22:00:00,9.12,10.76221867,7.948081672,9.229543637,10.28806449,11.63401166,6.883,7.661003752
2021-08-10 23:00:00,9.832,11.60331833,7.843132091,9.950220076,11.92311923,12.34298304,5.65,6.373101641
2021-08-11 00:00:00,10.131,11.95531047,8.081146598,10.25340547,11.42747653,12.91820674,4.849,5.291426997
2021-08-11 01:00:00,9.878,12.22754984,7.824262477,9.994630788,11.19821674,12.60160524,4.563,4.964994904
2021-08-11 02:00:00,9.436,11.13511685,8.30078336,9.549338987,10.64364219,12.03772437,4.482,4.920389685
2021-08-11 03:00:00,8.663,10.22941362,6.91028271,8.767097645,9.771668792,11.05163679,4.673,5.214518263
2021-08-11 04:00:00,8.121,9.58336267,6.042993032,8.218535264,9.160096956,10.32834473,5.328,5.828431997
2021-08-11 05:00:00,7.701,9.230298942,6.142784429,7.793335252,8.686931667,9.824262341,5.513,5.493233576
2021-08-11 06:00:00,7.328,9.888852682,5.841499813,7.502098387,8.06387288,9.919462166,6.62,5.535329215
2021-08-11 07:00:00,7.027,8.292658882,5.780345339,7.111415833,7.926259552,9.196370722,8.986,9.986654123
2021-08-11 08:00:00,6.731,7.94310842,5.371769943,6.812032165,7.592477241,10.06097675,11.912,12.87419409
2021-08-11 09:00:00,6.236,7.358931104,4.974279243,6.310930691,7.820372597,8.934451638,13.204,14.43047422
2021-08-11 10:00:00,6.164,7.273999668,4.933324704,6.256435427,8.341991948,7.863644152,14.239,15.79076357
2021-08-11 11:00:00,6.276,7.406131694,5.005688615,6.351208373,7.079185983,8.131736016,13.596,15.29948622
2021-08-11 12:00:00,7.07,8.343105024,5.639203201,7.154963596,7.975305842,9.065608623,13.628,15.50156994
2021-08-11 13:00:00,7.556,8.91650015,6.024352884,7.644138244,7.307498619,9.543739785,14.13,15.63900287
2021-08-11 14:00:00,8.586,10.47670236,7.100165118,8.50463369,9.684849355,10.95336959,13.628,14.99009588
2021-08-11 15:00:00,9.575,11.29919452,7.687797008,11.3803873,10.80060723,12.29941107,12.006,13.45599478
2021-08-11 16:00:00,9.797,11.56115693,7.274308606,8.841314355,11.01907784,12.49826924,11.483,12.55597891
2021-08-11 17:00:00,9.042,10.66592538,7.211837631,9.158505839,9.906398717,11.53505363,9.82,11.84646711
2021-08-11 18:00:00,8.311,9.853902817,6.629359465,7.241340026,9.374556614,10.60256585,8.81,10.36949536
2021-08-11 19:00:00,7.82,9.053870016,5.900773956,7.913950069,8.845972498,9.977870698,8.835,9.68925824
2021-08-11 20:00:00,8.266,9.754382995,6.593486163,8.365314596,9.890037514,10.14462905,8.423,9.05375649
2021-08-11 21:00:00,8.716,10.28580369,6.957277103,8.820580044,9.830912289,11.11982177,7.74,8.476027696
2021-08-11 22:00:00,9.12,10.38681404,7.274808458,9.230069082,10.28816908,11.6345475,7.342,7.867169237
2021-08-11 23:00:00,9.832,11.60332746,7.843028066,9.947159393,10.25268649,12.66375,6.091,6.492644474
2021-08-12 00:00:00,10.131,11.9549223,8.152326306,10.25274891,11.42758926,12.66375,5.016,5.471074147
2021-08-12 01:00:00,9.878,11.65673834,7.879524498,9.997610676,10.74164032,12.59986471,4.698,5.007549619
2021-08-12 02:00:00,9.436,11.13294481,7.5263877,9.549358358,10.64313467,12.03769447,4.752,5.073310879
2021-08-12 03:00:00,8.663,10.21925601,7.578932551,8.763727596,9.766200633,11.05170307,4.948,5.256926607
2021-08-12 04:00:00,8.121,9.202876597,5.428060215,7.953302017,9.161733957,10.36015455,5.627,5.811815287
2021-08-12 05:00:00,7.701,8.887785171,6.142397755,7.793118261,8.686501131,9.824360348,5.598,6.164381179
2021-08-12 06:00:00,7.328,8.647534167,4.865666433,7.416089147,8.265784596,9.34815507,6.756,7.603535916
2021-08-12 07:00:00,7.027,7.907667614,5.412914721,7.111434993,7.942809242,9.748228554,9.315,9.665811183
2021-08-12 08:00:00,6.731,7.943014533,5.456603791,6.808857186,7.59241215,8.586907834,11.542,12.73457
2021-08-12 09:00:00,6.236,7.402787772,4.974239733,6.310904043,7.033811755,8.088859934,12.886,12.84370916
2021-08-12 10:00:00,6.164,7.27395342,6.2443263,6.320806244,9.010544956,7.863568447,14.237,15.28246941
2021-08-12 11:00:00,6.276,7.4061305,5.006132041,6.354203228,7.556911349,7.926427007,13.884,15.08833971
2021-08-12 12:00:00,7.07,8.343188016,5.639487625,7.154952841,7.974801819,9.019358276,14.008,15.04752906
2021-08-12 13:00:00,7.556,8.91569276,6.084507493,7.646447816,7.589663789,9.639318046,13.864,15.4074845
2021-08-12 14:00:00,8.586,10.04086448,6.849625753,8.686231754,9.686536352,10.95338778,13.632,15.42043645
2021-08-12 15:00:00,9.575,11.40463631,7.668712319,10.31002395,10.80212081,12.21455929,12.119,11.81133143
2021-08-12 16:00:00,9.797,11.57839106,7.814725261,9.914722624,11.05095161,12.4982966,11.252,12.49116812
2021-08-12 17:00:00,9.042,10.67038791,7.212378222,9.236733453,9.883717419,11.5345915,10.388,11.37073668
2021-08-12 18:00:00,8.311,9.805787637,6.629360158,8.41086464,9.372893288,10.59614095,9.441,10.29855254
2021-08-12 19:00:00,7.82,9.226337322,6.237623968,7.913962275,8.828735664,9.976161785,8.687,9.749280534
2021-08-12 20:00:00,8.266,9.754471773,6.105873089,8.364978885,9.165734643,10.69347634,8.109,9.159490259
2021-08-12 21:00:00,8.716,10.28550536,7.505658623,8.509975029,9.831819104,10.05895871,7.956,8.645560729
2021-08-12 22:00:00,9.12,10.76224418,7.274534275,9.229584488,10.28736286,11.63455939,7.382,7.901519733
2021-08-12 23:00:00,9.832,11.60242775,8.416826734,9.428925237,10.76864091,12.54239692,5.992,6.548279123
2021-08-13 00:00:00,10.131,11.95529167,5.669102858,11.45815237,11.42747863,12.77803558,4.961,5.579584035
2021-08-13 01:00:00,9.878,11.6567339,7.881531065,9.996682303,11.14253424,12.60016109,4.634,5.19615991
2021-08-13 02:00:00,9.436,10.95823497,7.947178285,9.549281843,10.64357254,12.36413652,4.604,5.012112495
2021-08-13 03:00:00,8.663,10.22297582,6.908261793,8.767087617,10.05896213,11.12683253,4.592,5.140334495
2021-08-13 04:00:00,8.121,9.58239659,6.477829053,8.218608985,9.160562903,10.34926104,4.899,6.006107896
2021-08-13 05:00:00,7.701,9.087705135,6.139963927,7.793549156,8.685010529,9.82528347,5.5,5.944099665
2021-08-13 06:00:00,7.328,8.658736496,5.845499004,7.416047649,8.266050297,8.78990539,6.964,7.698507115
2021-08-13 07:00:00,7.027,9.02868471,5.605770577,7.112510077,7.926161355,8.582654924,8.349,7.649318828
2021-08-13 08:00:00,6.731,7.942979571,5.368982947,6.81183986,7.589559324,8.58684047,11.036,12.06386706
2021-08-13 09:00:00,6.236,7.35981328,5.660172044,6.310927889,7.033831047,7.153404986,12.029,13.2492653
2021-08-13 10:00:00,6.164,7.273166299,4.924812712,6.237477115,6.952922664,9.293776629,13.371,15.20372464
2021-08-13 11:00:00,6.276,7.406013353,5.089479238,6.351376117,7.113850912,8.00644609,13.518,14.873665
2021-08-13 12:00:00,7.07,7.958409859,4.986539765,7.247988636,7.974830472,9.013638768,13.89,15.14101067
2021-08-13 13:00:00,7.556,8.916568731,6.026878129,7.63174872,8.435725935,9.639498909,13.89,15.02470854
2021-08-13 14:00:00,8.586,10.13215374,6.848661601,9.199502804,9.24554782,10.95372877,13.612,14.97626555
2021-08-13 15:00:00,9.575,11.29404304,7.638071508,9.689798229,10.08692493,11.36229557,12.21,13.47839692
2021-08-13 16:00:00,9.797,11.46965677,7.814831812,9.879352669,11.05065793,12.30980794,11.369,12.40110118
2021-08-13 17:00:00,9.042,10.65919785,7.384726356,9.150905464,10.19953206,11.53509064,10.7,10.66317662
2021-08-13 18:00:00,8.311,9.807630197,6.629399562,8.410812417,9.374697057,10.53494245,9.404,10.18169856
2021-08-13 19:00:00,7.82,9.228167221,7.4212873,7.911243818,9.10249957,9.671713973,9.118,9.668600972
2021-08-13 20:00:00,8.266,9.754608162,6.600049588,8.365425451,9.351678927,10.54515478,8.418,9.130662665
2021-08-13 21:00:00,8.716,9.261708851,6.952585552,8.17671632,9.83084577,10.8355429,7.764,8.495175021
2021-08-13 22:00:00,9.12,10.76222608,7.630181525,8.882910986,10.29447067,11.63525093,7.102,8.119009178
2021-08-13 23:00:00,9.832,11.43029261,7.842427558,9.951389373,11.05956919,12.66375,6.136,7.5804467
2021-08-14 00:00:00,9.09,11.96047051,8.081130307,10.25337896,11.4274595,12.15,5.174,5.708467812
2021-08-14 01:00:00,8.745,11.63354985,8.048071094,9.992234577,11.14214444,12.60155471,4.256,4.904313229
2021-08-14 02:00:00,8.478,11.13510362,7.526884925,9.466448854,10.64371327,12.03957324,4.443,4.987728645
2021-08-14 03:00:00,7.868,10.222916,6.481456188,8.767180381,9.771623417,11.05236856,4.592,5.314465908
2021-08-14 04:00:00,7.335,9.583252473,6.477561662,7.317633135,9.160222551,10.36011776,5.214,5.589721299
2021-08-14 05:00:00,7.06,9.087604031,6.291129324,7.793489508,8.686482125,9.824650664,5.302,5.58104921
2021-08-14 06:00:00,6.69,7.99888977,5.8452194,7.430591043,8.265697785,9.348472916,5.954,6.880374313
2021-08-14 07:00:00,5.98,9.270047297,5.13964762,7.111407071,7.493499183,8.963778132,6.472,8.911730261
2021-08-14 08:00:00,6.312,7.942851926,5.368367868,6.811876732,7.592095856,8.588227915,7.774,12.09475891
2021-08-14 09:00:00,6.252,6.041939617,5.014904383,6.649248512,7.031820805,7.955384494,9.092,11.0624881
2021-08-14 10:00:00,6.35,6.731914065,4.917705551,6.238141858,6.952590708,7.226376437,10.565,13.15920216
2021-08-14 11:00:00,6.494,7.406737281,5.460573601,6.240490406,7.080472587,8.311771816,10.188,14.40637106
2021-08-14 12:00:00,7.21,8.561983676,5.200160297,7.128956812,7.850620423,9.20153583,10.814,14.73454869
2021-08-14 13:00:00,7.196,8.917831744,6.027137556,7.712146625,8.490677154,9.639344416,10.294,12.4361
2021-08-14 14:00:00,8.168,10.13206792,6.848711696,9.373877229,9.7696736,12.55841584,10.367,14.34386889
2021-08-14 15:00:00,9.365,11.29919605,7.637655547,9.663043909,11.24243218,12.2151968,9.852,13.18756803
2021-08-14 16:00:00,9.72,11.55719815,7.803985565,9.915052321,11.05903358,12.49821689,10.05,12.4183419
2021-08-14 17:00:00,8.378,10.66913267,7.232782362,9.150531783,10.24335184,11.53500808,9.309,10.21408002
2021-08-14 18:00:00,7.056,9.739568642,6.630421944,7.873570058,9.374575335,10.59957232,9.206,10.32992124
2021-08-14 19:00:00,7.53,9.228048393,6.315149562,7.913933337,8.820832448,9.976126032,8.512,9.674195295
2021-08-14 20:00:00,7.496,8.550308719,5.979299274,7.587547548,7.42193732,9.722097788,8.035,6.67083406
2021-08-14 21:00:00,7.535,8.866278962,6.006478761,7.607168569,8.499234088,9.612614244,7.572,8.449359314
2021-08-14 22:00:00,7.978,9.415761827,6.641414411,9.19403797,8.998983876,9.77293646,7.389,7.763319063
2021-08-14 23:00:00,8.813,10.39993282,6.745641159,8.918004977,9.940859775,11.24286427,5.969,6.660356295
2021-08-15 00:00:00,9.09,10.72953096,7.25023006,9.199103068,10.25333227,11.59633266,5.254,5.620900654
2021-08-15 01:00:00,8.745,10.31888722,6.967718327,8.813474199,10.6362731,11.13858932,4.707,4.782159059
2021-08-15 02:00:00,8.478,10.00458865,7.176173557,8.524434372,9.562955657,11.01880701,4.543,4.777764843
2021-08-15 03:00:00,7.868,8.439732593,6.275642509,7.82935071,8.885078072,10.03491731,4.619,4.939005638
2021-08-15 04:00:00,7.335,9.583404419,6.461664874,8.211736459,9.160300379,10.35961009,4.89,5.012030287
2021-08-15 05:00:00,7.06,8.712313545,6.141093979,7.79354962,7.656846116,9.824348419,4.966,5.582801529
2021-08-15 06:00:00,6.69,8.646874673,5.844460036,7.416045117,8.266014764,9.347498827,5.284,7.359055785
2021-08-15 07:00:00,5.98,8.292372669,5.68156245,7.123420449,7.858701612,8.949371284,5.64,9.075095113
2021-08-15 08:00:00,6.312,7.942370185,4.082326864,6.815578085,7.288930015,9.218170937,6.086,11.5227944
2021-08-15 09:00:00,6.252,7.358947651,4.974534587,6.310956567,7.034059736,7.9554431,6.154,12.91232098
2021-08-15 10:00:00,6.35,7.273968247,5.677817202,6.395650754,6.958717052,7.863060517,6.898,14.15634601
2021-08-15 11:00:00,6.494,7.405797296,5.104631125,6.351838482,7.530869025,8.006490132,6.796,14.35798902
2021-08-15 12:00:00,7.21,8.845554918,5.639453899,7.15479518,7.974479242,9.019456722,7.04,13.92781956
2021-08-15 13:00:00,7.196,8.915991893,6.511503496,7.646735758,9.245159759,9.639336135,7.08,8.77105
2021-08-15 14:00:00,8.168,10.13200923,6.849173849,9.540065539,9.68462416,10.95996442,7.134,14.33059059
2021-08-15 15:00:00,9.365,11.29920929,7.393211837,9.785145501,11.21598878,12.21509044,7.358,12.24243461
2021-08-15 16:00:00,9.72,11.35279332,7.814625788,9.923008816,11.05080502,12.49763429,7.558,12.50313659
2021-08-15 17:00:00,8.378,10.67192593,7.113826518,9.150661557,11.73581122,11.42936338,7.066,10.74508565
2021-08-15 18:00:00,7.056,9.807604844,6.700633602,8.40712343,9.133335848,10.60256525,6.886,10.65528851
2021-08-15 19:00:00,7.53,9.228364702,7.184159995,7.948663733,8.820814524,9.977135126,7.627,10.0963473
2021-08-15 20:00:00,7.496,9.853027149,8.070070004,8.365356078,9.323896278,10.53853402,7.627,9.376053058
2021-08-15 21:00:00,7.535,10.28562269,6.952496193,8.647919136,10.00751806,10.83124283,6.984,9.007373893
2021-08-15 22:00:00,7.978,10.7626753,7.2747581,9.229680733,10.04587526,11.63444905,6.372,8.043048306
2021-08-15 23:00:00,8.813,11.60247127,7.842622692,9.950138018,11.09030052,12.15,5.329,7.010416383
2021-08-16 00:00:00,10.131,11.95531319,8.081289864,10.25269874,11.35042945,12.66375,4.687,5.68099292
2021-08-16 01:00:00,9.878,11.71950616,7.880368669,9.996884029,11.14151887,12.60162693,4.424,5.414327843
2021-08-16 02:00:00,9.436,12.10115768,7.473976115,9.549356615,10.64338898,12.03765649,4.665,4.569667766
2021-08-16 03:00:00,8.663,10.15608814,5.781350778,8.768014325,9.772418357,11.05143485,5.037,5.46794237
2021-08-16 04:00:00,8.121,9.498691786,6.518541099,8.218566509,8.846944254,10.36090072,5.414,5.899341209
2021-08-16 05:00:00,7.701,9.119383905,6.142871257,7.794163991,8.682060786,9.854511962,5.484,6.002127907
2021-08-16 06:00:00,7.328,8.647567037,5.943804104,7.415777501,7.359419015,9.366865985,7.086,7.76911403
2021-08-16 07:00:00,7.027,8.85187221,5.6051906,7.111464371,7.900102191,8.964615994,8.876,9.610950368
2021-08-16 08:00:00,6.731,8.717013672,5.368907494,5.555559808,7.592367322,8.063725819,10.924,9.366709391
2021-08-16 09:00:00,6.236,7.358937657,4.974200867,6.169453399,7.065530541,7.140188748,12.035,13.06880526
2021-08-16 10:00:00,6.164,7.273961824,4.917069796,6.09192112,6.43824603,7.863586018,13.206,14.48056223
2021-08-16 11:00:00,6.276,7.359217198,5.008130734,5.04923999,7.079726625,8.006449233,13.296,14.65274884
2021-08-16 12:00:00,7.07,8.342786091,5.639626305,7.396518119,9.244059861,8.981738798,13.45,14.79193175
2021-08-16 13:00:00,7.556,8.919079379,6.084459895,7.646769262,8.523388619,9.63880036,13.398,14.66166582
2021-08-16 14:00:00,8.586,9.233997883,6.504818271,8.741554461,9.684784343,10.95337764,12.904,13.61298742
2021-08-16 15:00:00,9.575,11.14106123,8.630481688,9.690476885,10.79966796,12.21602762,12.192,13.2657115
2021-08-16 16:00:00,9.797,11.39366476,7.814605811,9.311435006,11.05084955,12.49812763,11.73,12.89212369
2021-08-16 17:00:00,9.042,10.71542829,7.212375083,10.00151741,10.19876371,11.60753064,11.439,11.10020288
2021-08-16 18:00:00,8.311,9.806510126,6.62940277,8.41085987,8.752515511,10.60214461,10.726,11.0667237
2021-08-16 19:00:00,7.82,9.228696714,6.234377874,7.913824723,8.663265408,9.976132591,10.046,10.44479794
2021-08-16 20:00:00,8.266,9.75445215,6.564373854,8.445662843,9.297882818,10.80400619,8.896,9.468413568
2021-08-16 21:00:00,8.716,10.28483797,6.908446504,8.395088069,9.831309757,11.1192797,8.388,8.820977881
2021-08-16 22:00:00,9.12,10.86055537,6.637494908,9.228327884,10.28698828,11.63472943,7.392,8.188041757
2021-08-16 23:00:00,9.832,11.60103983,7.842373672,10.0633125,11.38740363,12.54265057,6.511,6.797361611
2021-08-17 00:00:00,10.131,11.38953215,9.591343219,10.25274225,11.4206802,12.66375,5.28,5.760070328
2021-08-17 01:00:00,9.878,11.05606246,7.197957593,10.83978663,11.24402918,12.60156624,4.854,5.216083701
2021-08-17 02:00:00,9.436,12.34550181,7.046123114,9.549407113,10.64326468,12.03776488,4.749,2.086
2021-08-17 03:00:00,8.663,9.866495915,6.909918587,8.767133165,9.93085858,11.05180655,4.83,5.315258379
2021-08-17 04:00:00,8.121,9.58338163,6.480638094,8.218627636,9.157919716,10.3601422,5.42,5.699274024
2021-08-17 05:00:00,7.701,9.294909738,6.065714321,8.330816588,8.688369828,9.824367581,5.292,5.60744109
2021-08-17 06:00:00,7.328,8.647569258,5.84770452,7.416075162,8.265261975,10.21847655,6.975,8.58446589
2021-08-17 07:00:00,7.027,8.294697473,5.605192219,6.191122863,7.926415811,10.08934617,8.386,9.213783529
2021-08-17 08:00:00,6.731,8.380029019,5.368962258,6.834792163,7.592433061,8.586890331,10.289,10.45390261
2021-08-17 09:00:00,6.236,7.358990672,5.111440458,6.310946801,7.347099607,7.91066599,11.472,12.69357826
2021-08-17 10:00:00,6.164,7.274323999,4.916675414,6.236767775,6.953021284,7.863647371,12.594,13.73490887
2021-08-17 11:00:00,6.276,7.405741973,5.717581674,6.265682125,7.079155436,8.006409427,12.612,13.95525842
2021-08-17 12:00:00,7.07,8.343030395,5.341353449,7.154974886,7.975029594,9.035203482,13.213,14.44739176
2021-08-17 13:00:00,7.556,8.916561334,6.197150155,7.64681455,8.051584346,9.638060881,12.779,14.34012196
2021-08-17 14:00:00,8.586,10.11764684,6.847265033,8.689137036,9.684839286,10.95330813,12.574,13.79716209
2021-08-17 15:00:00,9.575,11.27898994,7.725957686,9.719195054,10.80035122,12.43149849,11.332,12.59385371
2021-08-17 16:00:00,9.797,11.56112161,7.814772877,10.13360716,11.05159842,12.58884611,10.497,11.9290362
2021-08-17 17:00:00,9.042,10.61940336,7.212413338,9.150668813,8.393121573,11.53596206,9.892,9.906312024
2021-08-17 18:00:00,8.311,9.907814109,6.629457405,8.303871745,9.374624134,10.59292233,9.798,10.77947258
2021-08-17 19:00:00,7.82,9.22979836,6.243150002,7.860224433,8.786864609,9.976339054,9.2,10.00360334
2021-08-17 20:00:00,8.266,9.755769755,6.188855203,8.365595094,9.533029141,10.54505657,7.963,8.744718212
2021-08-17 21:00:00,8.716,10.28554954,7.492898657,8.820867212,9.567217802,11.119308,7.528,8.385329599
2021-08-17 22:00:00,9.12,10.76226945,7.274714063,9.229595916,10.28717446,11.44467817,6.582,7.401808969
2021-08-17 23:00:00,9.832,11.55625611,8.235726618,9.948072424,10.16078136,12.5428912,5.39,6.185004359
2021-08-18 00:00:00,10.131,12.24329435,8.081168295,10.25140228,11.42766616,12.66375,4.76,2.086
2021-08-18 01:00:00,9.878,11.65681891,7.878683778,9.99687762,10.39455855,12.27034964,4.317,5.912074065
2021-08-18 02:00:00,9.436,11.18292955,7.526633919,9.549672891,10.64389616,12.03778903,4.187,4.857124091
2021-08-18 03:00:00,8.663,9.437476919,6.815100869,8.767359327,10.35047277,11.2919953,4.336,4.313125031
2021-08-18 04:00:00,8.121,9.583481485,6.44893096,8.264118085,9.063840939,10.22837669,4.248,5.410972763
2021-08-18 05:00:00,7.701,9.025020096,6.14274483,7.796549005,8.685509435,9.912243757,4.678,3.981610607
2021-08-18 06:00:00,7.328,8.647516075,5.845411411,7.546313586,8.266036637,9.348638021,6.592,7.145766951
2021-08-18 07:00:00,7.027,7.310993164,5.594800594,7.109367671,7.485712512,8.964726261,8.092,8.748828284
2021-08-18 08:00:00,6.731,7.93953648,5.369090952,6.963805846,7.58553033,8.586971453,10.018,10.98243638
2021-08-18 09:00:00,6.236,7.358772559,5.754245984,6.295694609,7.034133216,7.690205444,11.594,12.51767669
2021-08-18 10:00:00,6.164,7.27306015,4.085576812,6.238675359,6.952973375,7.863557573,13.02,13.07976171
2021-08-18 11:00:00,6.276,7.406070151,5.006091706,6.55641901,7.078952325,8.003455241,12.392,13.787147
2021-08-18 12:00:00,7.07,8.056059024,5.630120533,6.459435318,7.410499704,9.019145073,13.164,14.27018275
2021-08-18 13:00:00,7.556,8.916292589,6.058702626,7.002483951,8.522964025,9.750542457,12.724,13.71165107
2021-08-18 14:00:00,8.586,10.13156173,6.852439551,8.689027672,9.684330141,10.95916823,12.247,13.62271943
2021-08-18 15:00:00,9.575,11.29835639,7.674837979,9.689440298,10.79971309,11.93667472,11.153,12.47940962
2021-08-18 16:00:00,9.797,11.55747473,7.773595657,9.914637943,11.04994382,12.44784071,10.23,11.82700075
2021-08-18 17:00:00,9.042,10.56830235,7.211749966,9.127259598,10.19812512,11.53392476,9.001,10.87315214
2021-08-18 18:00:00,8.311,9.773974104,6.628534394,8.409730424,9.374868129,10.60111789,8.47,10.76673921
2021-08-18 19:00:00,7.82,9.987291561,6.238124845,7.912688178,8.819326591,9.974100532,8.55,9.511099546
2021-08-18 20:00:00,8.266,9.752871428,6.595346006,7.427124131,9.322231164,10.13307956,7.826,8.965097698
2021-08-18 21:00:00,8.716,10.28304528,6.916118667,8.815173358,9.973615936,11.08263969,7.272,7.917021036
2021-08-18 22:00:00,9.12,10.78648618,7.27349783,9.225508661,10.28542482,11.63263191,6.61,7.065985753
2021-08-18 23:00:00,9.832,12.66291497,7.84172602,9.9129582,11.08850169,12.54103445,5.431,5.849612751
2021-08-19 00:00:00,10.131,11.95385788,8.080094383,10.20505132,11.43309836,12.66375,4.636,5.149867719
2021-08-19 01:00:00,9.878,11.65533333,7.884220673,10.075817,11.28393259,12.56753136,4.342,4.863734974
2021-08-19 02:00:00,9.436,10.15693511,7.525886999,9.548258607,10.64256105,12.03630003,4.324,4.747623104
2021-08-19 03:00:00,8.663,10.71964139,6.828530946,8.766086718,10.95910645,11.05032944,4.34,4.776774286
2021-08-19 04:00:00,8.121,9.582364845,6.960474146,8.217727915,9.1778689,10.36139206,4.938,5.327619367
2021-08-19 05:00:00,7.701,9.086070215,6.142170059,7.792820101,8.959961073,9.823472948,5.081,6.091515638
2021-08-19 06:00:00,7.328,8.648083238,5.842620827,7.415725087,8.676545215,9.32111215,6.574,7.057403062
2021-08-19 07:00:00,7.027,8.292365674,5.392177256,7.111745964,7.926260481,8.964383304,7.99,8.444756783
2021-08-19 08:00:00,6.731,8.231048802,5.358482351,6.809787056,7.592815118,8.587227884,9.825,9.861781085
2021-08-19 09:00:00,6.236,7.299713162,5.008588364,6.354222281,7.08237893,8.010043505,11.418,11.62053329
2021-08-19 10:00:00,6.164,7.841280407,4.917665175,6.002012888,7.91879191,7.86494156,12.356,12.26368845
2021-08-19 11:00:00,6.276,7.407884981,5.007247233,6.352827174,8.291814881,8.008252121,12.902,14.29931722
2021-08-19 12:00:00,7.07,8.34499427,5.641558421,8.948009193,7.946286038,9.020597303,13.104,13.25044169
2021-08-19 13:00:00,7.556,8.918374595,6.028810723,7.648559481,8.320066576,9.640775138,13.122,13.13341069
2021-08-19 14:00:00,8.586,11.28334129,6.849180081,8.690919968,9.686763244,11.00175225,12.902,11.77783254
2021-08-19 15:00:00,9.575,11.30056573,7.63889597,9.692372793,10.47027399,12.21612194,11.994,12.83092528
2021-08-19 16:00:00,9.797,11.39527008,7.815767893,9.916065835,11.05219447,12.49948529,10.905,12.03487301
2021-08-19 17:00:00,9.042,10.67226309,7.288721894,9.61211167,10.20109698,11.5354859,9.952,11.09445284
2021-08-19 18:00:00,8.311,9.808682312,6.629738458,8.410812884,9.3752936,10.58466101,9.01,10.75425686
2021-08-19 19:00:00,7.82,9.228306789,6.237732563,7.914094952,8.439085897,9.956061888,8.824,9.907478347
2021-08-19 20:00:00,8.266,9.768833906,6.602559623,8.376839788,9.036870872,10.55907201,8.065,8.831367713
2021-08-19 21:00:00,8.716,10.25155546,6.956462108,8.288127648,9.797861083,11.08810191,7.44,9.286330956
2021-08-19 22:00:00,9.12,10.29593121,7.251923997,9.200588873,10.11529772,11.30750848,6.742,7.413799798
2021-08-19 23:00:00,9.832,11.58480715,7.833273596,9.934332588,11.0734562,12.03587279,5.483,6.004913228
2021-08-20 00:00:00,10.131,11.91947997,8.083062255,10.22108729,11.37845024,12.66375,4.669,5.18135941
2021-08-20 01:00:00,9.878,11.25232219,7.838071749,9.945366242,11.43,12.53672537,4.2,5.639707134
2021-08-20 02:00:00,9.436,11.13533246,7.6178572,9.549895153,10.64428463,12.03851703,4.48,4.832187351
2021-08-20 03:00:00,8.663,10.22392617,6.910821305,8.767960392,9.772799778,11.05264858,4.372,6.45533216
2021-08-20 04:00:00,8.121,9.585594358,6.481783218,8.156131088,9.161311052,8.885603175,4.746,5.219173017
2021-08-20 05:00:00,7.701,9.089405059,6.14325371,7.794893633,7.75137045,9.826964166,5.246,5.425664258
2021-08-20 06:00:00,7.328,8.649560716,5.8465885,7.419958703,8.267720986,9.229530978,6.434,7.403320662
2021-08-20 07:00:00,7.027,7.827412272,5.679671903,7.113695077,8.492412659,8.966948662,8.235,7.572415489
2021-08-20 08:00:00,6.731,7.946215495,5.371625148,6.814383967,7.343733324,8.589720327,9.796,8.93508053
2021-08-20 09:00:00,6.236,7.563217188,5.0332978,6.486791135,7.229793365,8.177002554,11.406,10.23090239
2021-08-20 10:00:00,6.164,5.910130479,4.927447685,6.245437863,6.955791786,8.467564141,12.67,9.066996689
2021-08-20 11:00:00,6.276,7.409305834,4.969653939,7.638594271,7.084799149,8.43821328,12.842,14.24577374
2021-08-20 12:00:00,7.07,8.346245737,5.641374899,7.203819535,7.977798719,8.590163464,13.033,12.18093833
2021-08-20 13:00:00,7.556,8.865247375,6.034823138,7.647307585,8.520035977,9.642155548,12.664,11.9299064
2021-08-20 14:00:00,8.586,10.1341327,6.85064647,8.660043943,9.672321304,10.95531198,12.394,13.75272573
2021-08-20 15:00:00,9.575,11.30096451,7.639101557,9.691934964,10.80374842,13.08624702,11.625,12.80073553
2021-08-20 16:00:00,9.797,11.56211587,7.816200099,9.91556683,11.83875059,12.49894668,11.471,13.21319294
2021-08-20 17:00:00,9.042,8.864145527,6.237389027,9.724821903,10.19919766,11.52614705,10.192,11.29901471
2021-08-20 18:00:00,8.311,11.41165132,6.628678592,8.41135243,9.428756964,10.60135425,9.681,9.225091784
2021-08-20 19:00:00,7.82,9.226012417,6.236309754,7.912369629,8.821029345,9.973868795,9.535,9.331076325
2021-08-20 20:00:00,8.266,9.801955326,6.625387484,8.416647045,9.369894906,10.59721112,8.296,8.766320211
2021-08-20 21:00:00,8.716,9.189166481,6.867500175,9.449849187,9.708838536,10.98056131,7.78,6.733420048
2021-08-20 22:00:00,9.12,10.64610512,6.912534653,9.129703546,9.672285836,11.50896966,7.071,6.487456261
2021-08-20 23:00:00,9.832,11.54195646,7.834196547,11.60311251,11.03249785,12.47713837,5.718,5.222498522
2021-08-21 00:00:00,9.09,11.89051569,7.831515727,10.19668415,11.36558615,12.15,4.914,4.895032669
2021-08-21 01:00:00,8.745,11.54531406,7.803986868,9.982539008,11.03536653,12.48080056,4.477,4.516854989
2021-08-21 02:00:00,8.478,11.14082017,7.510831982,8.988211421,10.62059222,12.01161336,4.136,3.9892281
2021-08-21 03:00:00,7.868,10.65425228,6.877551341,8.679536055,10.69712817,10.79587774,4.362,4.580142022
2021-08-21 04:00:00,7.335,9.994065836,6.419101519,8.145975606,9.173922764,10.26952262,4.729,5.034739943
2021-08-21 05:00:00,7.06,9.158034654,5.906440151,7.494768758,8.35347292,9.447643252,4.585,4.900545978
2021-08-21 06:00:00,6.69,8.44081067,5.468052528,7.072074752,8.91533141,8.917952115,5.526,6.419649651
2021-08-21 07:00:00,5.98,7.794596719,5.306118093,6.731139836,7.503209301,8.572310482,6.02,6.807589089
2021-08-21 08:00:00,6.312,6.135412541,5.074747503,6.39200243,7.129074178,8.064103279,6.963,5.727148607
2021-08-21 09:00:00,6.252,7.134629513,4.82272997,6.10378888,6.81973272,7.728430774,8.206,9.262289823
2021-08-21 10:00:00,6.35,7.672754022,4.611143705,5.360626258,6.434335286,7.256211484,9.618,8.751452829
2021-08-21 11:00:00,6.494,6.804340207,4.570300756,5.242965842,6.505783171,7.370162698,9.343,11.4977
2021-08-21 12:00:00,7.21,7.706104049,3.882367226,6.608443376,7.365693544,8.330372467,9.98,11.92144667
2021-08-21 13:00:00,7.196,8.242347613,5.571855211,7.068511843,7.878091348,8.910537574,9.77,10.82747732
2021-08-21 14:00:00,8.168,9.389252063,6.367372277,7.590512914,9.018180459,10.25805284,9.903,14.33820416
2021-08-21 15:00:00,9.365,10.37984014,7.015947292,8.901481093,9.921429834,11.20976349,9.702,13.1997005
2021-08-21 16:00:00,9.72,10.59716775,7.874001124,9.087508367,10.12937645,11.45588297,9.998,12.67929334
2021-08-21 17:00:00,8.378,9.674289554,6.513171989,8.296561572,9.247167999,10.84095462,9.41,12.09256215
2021-08-21 18:00:00,7.056,8.790619754,5.341138106,7.538665857,8.402540908,9.503045829,9.032,10.46383451
2021-08-21 19:00:00,7.53,7.903297341,5.543140422,7.031228735,7.882835534,9.532863938,8.702,9.569311438
2021-08-21 20:00:00,7.496,8.756103029,5.935344651,7.52614246,8.396930505,9.487079507,8.034,8.393846647
2021-08-21 21:00:00,7.535,9.100193009,6.151263147,7.804473011,8.698271532,9.597769991,7.672,8.021135207
2021-08-21 22:00:00,7.978,9.590448039,6.482963409,8.223053774,9.16796977,10.43379113,7.007,6.646837979
2021-08-21 23:00:00,8.813,10.4928423,7.17531578,9.002145357,10.02960123,11.34286289,5.74,5.739035522
2021-08-22 00:00:00,9.09,10.57100909,7.326766527,9.295659802,10.40148447,11.71776522,5.054,4.244733928
2021-08-22 01:00:00,8.745,10.49068971,6.293429241,9.008666217,9.990175838,11.34154078,4.52,4.721578414
2021-08-22 02:00:00,8.478,10.0842033,7.085451043,8.648202689,9.408644719,11.03941004,4.363,4.645073347
2021-08-22 03:00:00,7.868,9.170060818,6.485448557,7.863044808,8.765799096,9.771562456,4.573,4.735956846
2021-08-22 04:00:00,7.335,8.857070408,5.770413171,6.886877977,8.15843125,9.222672526,4.891,3.898831433
2021-08-22 05:00:00,7.06,8.052258208,5.442864781,6.514817496,7.692890444,8.70497274,4.916,5.79794288
2021-08-22 06:00:00,6.69,7.637094473,5.162175565,6.549606129,7.293227758,8.257184829,5.102,6.847568031
2021-08-22 07:00:00,5.98,7.042650216,4.949110703,7.902143995,6.996990281,7.914880304,5.567,7.803891642
2021-08-22 08:00:00,6.312,7.255348538,4.904057797,6.222042187,6.934702248,7.843246334,5.983,9.883983563
2021-08-22 09:00:00,6.252,7.009471368,4.7376312,6.011257653,6.698405682,6.932334648,6.231,11.40810901
2021-08-22 10:00:00,6.35,6.653649845,4.496844235,5.704463237,6.358111019,7.190915225,7.316,12.77590933
2021-08-22 11:00:00,6.494,7.088292255,4.661768514,5.84660866,6.516542329,7.37009966,7.94,9.6876
2021-08-22 12:00:00,7.21,7.879897147,5.266232246,6.679175986,7.444498065,9.010770859,8.424,13.1791877
2021-08-22 13:00:00,7.196,8.112722284,5.674636827,7.885224475,8.014713263,8.989278293,7.966,12.93453375
2021-08-22 14:00:00,8.168,10.36150685,6.521518186,8.274560628,9.047785331,10.43002933,8.107,15.04326093
2021-08-22 15:00:00,9.365,10.85433637,7.336957724,9.308494085,10.38082391,11.73425427,8.061,13.939493
2021-08-22 16:00:00,9.72,11.07461934,7.596767595,9.464350589,10.6672056,12.06610924,8.084,13.69781915
2021-08-22 17:00:00,8.378,10.32198461,6.973775008,8.852739536,9.866858498,11.15924369,7.274,12.24876336
2021-08-22 18:00:00,7.056,9.727841376,6.575810495,8.342640809,9.298603864,10.51666956,7.37,10.87954199
2021-08-22 19:00:00,7.53,9.259409102,6.205135984,7.872807754,8.736745573,9.924129717,8.042,11.10838692
2021-08-22 20:00:00,7.496,9.541311314,6.607076438,7.886733489,9.343374495,10.54798067,7.349,8.779940547
2021-08-22 21:00:00,7.535,9.632983165,6.861172976,8.35187175,9.075163357,11.31755024,6.914,6.667743176
2021-08-22 22:00:00,7.978,10.63780146,7.191174133,9.123186066,10.16869639,11.50605963,6.32,8.227867933
2021-08-22 23:00:00,8.813,11.53612783,7.797772328,9.893349003,11.02610669,12.15,5.08,5.43421605
2021-08-23 00:00:00,10.131,12.00335832,8.608293112,10.26681796,11.15447304,12.85081875,4.434,3.597593709
2021-08-23 01:00:00,9.878,11.54945396,7.739032097,9.903920446,11.15569951,12.86261637,4.38,5.688327686
2021-08-23 02:00:00,9.436,11.12335748,7.553184817,8.599548627,10.64223198,12.0199516,4.282,4.753798584
2021-08-23 03:00:00,8.663,10.28691376,6.908147181,8.849416035,9.77071939,11.91525798,4.472,4.941365069
2021-08-23 04:00:00,8.121,8.455033433,6.477487443,8.218988335,9.082141982,10.36018453,4.767,5.692549098
2021-08-23 05:00:00,7.701,9.088656608,6.724715602,7.794388391,8.576606522,9.822525429,5.758,5.913314871
2021-08-23 06:00:00,7.328,8.654754751,5.846169977,7.416964727,8.267074638,9.349871623,7.588,7.058879282
2021-08-23 07:00:00,7.027,8.293827859,5.606194593,7.111445442,7.9277404,8.966154505,9.51,8.65088756
2021-08-23 08:00:00,6.731,7.974588591,5.370167208,6.811821943,7.812660494,8.588603153,12.581,11.33188506
2021-08-23 09:00:00,6.236,7.567239405,5.131735577,5.440036509,7.23338346,8.180805853,14.831,13.93548582
2021-08-23 10:00:00,6.164,6.928442788,4.927814959,6.239314293,6.954305077,7.863021536,16.023,14.41740636
2021-08-23 11:00:00,6.276,7.24017838,5.006273486,4.546518022,7.080411946,8.008416761,15.492,16.70696199
2021-08-23 12:00:00,7.07,8.344414074,5.640309384,7.156063922,8.020608968,9.020588225,15.817,14.82483004
2021-08-23 13:00:00,7.556,8.915864302,6.880339825,7.580477964,8.523901304,9.640501959,15.31,14.4557791
2021-08-23 14:00:00,8.586,10.05271895,6.856795967,8.362637857,9.810005919,10.93492427,14.668,15.86607955
2021-08-23 15:00:00,9.575,11.29955953,7.820704658,9.690366332,10.8007233,12.21657116,13.371,14.5745797
2021-08-23 16:00:00,9.797,11.56103318,7.814671335,9.920728471,11.05152609,11.84999127,13.092,14.37843621
2021-08-23 17:00:00,9.042,10.67032827,7.212433358,9.147766082,10.19918063,11.53432559,12.63,12.83843439
2021-08-23 18:00:00,8.311,10.22096247,4.860935464,8.06701845,9.37439148,11.40112514,9.981,8.966139583
2021-08-23 19:00:00,7.82,9.228537201,6.237581037,9.028132759,8.772287547,9.97847333,8.798,9.492643685
2021-08-23 20:00:00,8.266,10.08879028,6.613184809,8.385578836,9.085542909,10.57637959,7.508,8.559277931
2021-08-23 21:00:00,8.716,9.943858257,7.640429958,8.631608638,9.759145238,11.03715352,6.488,7.37887666
2021-08-23 22:00:00,9.12,10.69782559,7.230613744,9.174467884,10.22558026,12.66375,5.744,7.226235123
2021-08-23 23:00:00,9.832,11.62536082,7.818040606,9.924408353,11.06170166,12.51231111,4.714,5.741027002
2021-08-24 00:00:00,10.131,11.68184498,8.073454355,10.24305473,12.34715447,12.66375,4.188,4.706304703
2021-08-24 01:00:00,9.878,11.63562734,7.864994928,9.977674504,10.5471975,12.57875423,4.262,4.710104685
2021-08-24 02:00:00,9.436,11.1399096,7.53167385,9.553607432,10.64885398,11.9320265,4.206,4.813207116
2021-08-24 03:00:00,8.663,10.22846451,6.901670049,8.743381972,9.776994639,11.05763631,4.256,4.882637157
2021-08-24 04:00:00,8.121,9.589185344,6.488317734,8.247429267,9.291692033,10.3664543,5.172,6.046922999
2021-08-24 05:00:00,7.701,9.093631321,6.229547184,7.798594485,8.681879043,9.827741359,5.707,6.176952545
2021-08-24 06:00:00,7.328,8.653352959,5.751922761,7.432703396,8.207801928,9.354898386,6.775,7.313550121
2021-08-24 07:00:00,7.027,8.610918432,5.609319211,7.115462329,7.931573885,8.973363305,8.678,7.420448615
2021-08-24 08:00:00,6.731,7.94749217,5.372563467,6.816351274,7.884229664,8.592398144,11.986,13.43365483
2021-08-24 09:00:00,6.236,7.601239557,5.020171339,6.369091543,7.09872336,7.049066643,14.267,14.81849752
2021-08-24 10:00:00,6.164,7.278025041,4.91960209,6.136535348,6.956925636,8.250433451,15.126,16.2219573
2021-08-24 11:00:00,6.276,7.411710348,5.008118807,6.354096382,7.082248277,8.250112728,15.434,16.80347697
2021-08-24 12:00:00,7.07,8.345021537,7.246463771,7.157412646,7.97694403,9.087071943,15.424,16.65451432
2021-08-24 13:00:00,7.556,8.871823896,6.028406099,8.362127849,8.525078417,9.643285232,15.226,16.61347985
2021-08-24 14:00:00,8.586,9.506379925,6.510693512,8.691649856,9.717958549,10.9552919,14.822,16.11177974
2021-08-24 15:00:00,9.575,11.29866026,7.637575581,9.702279636,10.80123359,12.30661094,13.86,14.92089841
2021-08-24 16:00:00,9.797,11.69464972,7.291738098,10.25539733,12.09970129,12.50392594,13.01,14.28777333
2021-08-24 17:00:00,9.042,10.67066412,7.212344432,9.150466565,10.67984141,11.53484145,12.074,12.9867894
2021-08-24 18:00:00,8.311,9.709086451,6.90504657,9.74131992,9.374031845,10.60169299,10.366,10.17363962
2021-08-24 19:00:00,7.82,9.227284291,5.905547317,7.913222157,8.940295756,10.02286938,8.878,10.00355419
2021-08-24 20:00:00,8.266,9.658254664,6.598688665,8.364403697,9.322821186,10.20030035,7.484,8.41576829
2021-08-24 21:00:00,8.716,11.02053553,5.979918186,9.790555096,9.810278736,11.11777298,6.832,6.078005472
2021-08-24 22:00:00,9.12,10.76091061,7.272928884,9.228469679,9.877153228,11.63330131,6.155,6.991894938
2021-08-24 23:00:00,9.832,11.60187573,7.892972581,9.953149654,11.26456638,12.53309913,5.158,5.726972205
2021-08-25 00:00:00,10.131,11.76526199,8.080305445,9.639127112,11.135657,12.66375,4.575,3.396561455
2021-08-25 01:00:00,9.878,11.637995,7.843366646,9.751183136,11.09606398,12.61327428,4.301,4.726725607
2021-08-25 02:00:00,9.436,11.13626344,7.525212114,9.109087284,10.6336211,12.10448259,4.304,4.802292157
2021-08-25 03:00:00,8.663,10.21723603,8.426004345,8.766122335,9.497056833,11.05042927,4.38,5.137177664
2021-08-25 04:00:00,8.121,9.582763731,6.473792481,8.135653486,9.160199368,10.40064024,4.567,5.460750582
2021-08-25 05:00:00,7.701,9.08677771,5.484148275,7.792281421,8.492389107,9.815928731,5.173,6.617983455
2021-08-25 06:00:00,7.328,8.642592132,5.499241015,6.982472859,8.627830744,9.347401536,7.002,7.39622158
2021-08-25 07:00:00,7.027,7.241638171,5.605741433,7.110830558,8.610121568,8.7996374,8.782,8.894556666
2021-08-25 08:00:00,6.731,8.018754053,5.367098031,6.811056292,7.592258005,8.576444122,11.275,12.94021606
2021-08-25 09:00:00,6.236,7.363632234,4.755799808,5.786102223,7.03337092,8.717622192,13.298,14.40888783
2021-08-25 10:00:00,6.164,7.272936895,4.918349827,6.227778105,6.95363649,8.421987259,14.8,16.14396215
2021-08-25 11:00:00,6.276,7.523140154,4.506873602,6.350142738,7.428805304,7.404048991,14.924,16.36586884
2021-08-25 12:00:00,7.07,8.342136066,6.046461732,7.08384869,8.076023638,9.017477178,15.599,17.00786755
2021-08-25 13:00:00,7.556,8.923656081,6.148695324,7.268133993,8.531507344,9.619992602,14.07,15.32318497
2021-08-25 14:00:00,8.586,11.52291149,6.855506038,8.695856165,9.694357665,10.94554241,13.282,14.27579985
2021-08-25 15:00:00,9.575,11.21355797,7.673463475,9.688999446,10.79812356,12.21707569,12.268,15.45717162
2021-08-25 16:00:00,9.797,11.5599248,8.330883414,9.881368965,10.9710022,12.49621359,11.375,15.0277943
2021-08-25 17:00:00,9.042,11.26013452,7.216262178,9.149806451,10.19797719,11.53920386,10.548,11.20199448
2021-08-25 18:00:00,8.311,9.449636822,6.628416886,8.916364679,9.055433199,10.59844508,9.683,11.1198684
2021-08-25 19:00:00,7.82,9.227083901,6.231346732,7.91313074,8.820048664,9.974752358,9.311,10.20633657
2021-08-25 20:00:00,8.266,8.983188789,6.592740846,7.758795523,9.363445193,10.54378966,7.845,8.597215208
2021-08-25 21:00:00,8.716,10.24167674,6.919831267,8.819103021,8.992059891,11.1166457,7.21,8.059383114
2021-08-25 22:00:00,9.12,10.77600234,7.081309098,9.241115554,9.934425737,11.6681418,6.575,7.156786958
2021-08-25 23:00:00,9.832,11.37320344,6.539093846,9.079640738,12.37309365,12.74019361,5.51,4.262137184
2021-08-26 00:00:00,10.131,11.95336326,8.079623706,10.31097916,11.47880977,12.66375,4.74,5.316206829
2021-08-26 01:00:00,9.878,11.64195308,7.877983384,9.982372875,11.1402889,12.02611918,4.401,4.866954152
2021-08-26 02:00:00,9.436,11.133073,7.525382496,9.581832564,10.6416318,12.10997384,4.347,5.310694859
2021-08-26 03:00:00,8.663,10.87401338,6.908774254,8.37420961,9.769789198,11.02100446,4.697,2.671396465
2021-08-26 04:00:00,8.121,10.51170007,6.479361968,8.216611251,9.158327108,10.35801444,4.893,2.897740664
2021-08-26 05:00:00,7.701,9.551769004,6.141609439,7.791761769,8.684519364,9.727577054,5.594,4.678759316
2021-08-26 06:00:00,7.328,8.645893442,5.816093481,7.414715145,8.262794228,10.63036074,6.791,7.354599178
2021-08-26 07:00:00,7.027,8.366421691,5.603767549,7.110299404,7.924144253,8.968353357,9.005,9.77787253
2021-08-26 08:00:00,6.731,7.940667657,5.367617931,6.809975512,7.592744878,8.58442994,12.328,12.9979906
2021-08-26 09:00:00,6.236,7.361747458,4.972608765,6.308901469,7.031922283,8.245767963,14.526,13.39076426
2021-08-26 10:00:00,6.164,7.139487632,4.915196071,6.256758948,6.950578904,8.009726639,15.868,14.67250188
2021-08-26 11:00:00,6.276,7.404279135,5.004897402,6.35000802,6.985175146,6.871964071,15.51,15.06554825
2021-08-26 12:00:00,7.07,9.27096312,5.639378912,7.152576717,7.972387938,8.96788987,16.041,12.58834814
2021-08-26 13:00:00,7.556,8.938965239,6.041901346,7.667325535,8.544349841,9.663888454,15.506,13.96895305
2021-08-26 14:00:00,8.586,10.15989602,6.86754056,7.763920777,9.711310804,10.98334604,15.602,16.39070264
2021-08-26 15:00:00,9.575,11.29651806,7.635822765,9.693195611,11.07306386,11.44580901,14.429,14.79538396
2021-08-26 16:00:00,9.797,11.55860409,7.812944138,9.912444895,11.04825669,12.49570363,12.99,13.97867197
2021-08-26 17:00:00,9.042,10.01644236,7.210760725,9.062868289,10.15064484,11.53318601,12.388,12.30495838
2021-08-26 18:00:00,8.311,9.804995914,6.629301475,8.411958695,8.735026326,10.73613734,10.006,10.73807355
2021-08-26 19:00:00,7.82,9.22559766,6.235978487,7.911796415,8.816857019,9.97338403,9.236,9.809399876
2021-08-26 20:00:00,8.266,9.75174807,6.591601591,9.100180684,9.321296908,10.55235338,7.725,8.606324093
2021-08-26 21:00:00,8.716,10.28022852,6.873108948,8.81603979,9.82645269,11.11356033,7.537,8.147290519
2021-08-26 22:00:00,9.12,10.79536528,7.297058884,10.38281773,10.31887499,12.23658786,6.772,7.346748704
2021-08-26 23:00:00,9.832,11.78142765,7.837679108,9.943838714,11.07919918,12.53634001,5.297,6.005450901
2021-08-27 00:00:00,10.131,11.72969751,7.997112803,10.24462515,11.41964771,12.9152636,4.478,5.041981883
2021-08-27 01:00:00,9.878,11.64705252,7.686970239,9.98838369,11.13183063,12.59391657,4.32,4.649957875
2021-08-27 02:00:00,9.436,11.10869388,7.508864294,9.526641805,10.61800918,12.00917172,4.382,4.794452749
2021-08-27 03:00:00,8.663,10.24554432,6.890773527,8.742489367,9.033213103,10.54760135,4.748,4.726853963
2021-08-27 04:00:00,8.121,9.552498408,6.456687002,8.21408905,9.481392535,9.816442557,5.214,5.393436266
2021-08-27 05:00:00,7.701,9.054754554,6.120542111,8.071423988,8.65502553,9.788665479,5.828,5.528811414
2021-08-27 06:00:00,7.328,8.612762415,5.823176067,7.572574315,8.232579847,9.354899328,7.06,6.42018393
2021-08-27 07:00:00,7.027,8.49153173,5.579942452,6.688279885,7.490238527,8.924108837,8.403,8.578216684
2021-08-27 08:00:00,6.731,7.904821779,5.740768324,6.777285821,7.670576318,8.617619028,11.355,12.65635184
2021-08-27 09:00:00,6.236,7.496257411,4.289233822,6.2745078,6.993201627,7.909340946,13.644,11.74838713
2021-08-27 10:00:00,6.164,7.229355307,4.886039812,6.19977383,6.910227311,7.814287694,14.594,13.42215383
2021-08-27 11:00:00,6.276,7.979074281,5.680668431,6.311092651,7.034233282,7.961005395,14.742,13.23275531
2021-08-27 12:00:00,7.07,8.293166659,5.032498439,7.071235842,9.270150769,8.965357796,14.624,13.65697098
2021-08-27 13:00:00,7.556,8.873455048,6.025434899,9.191141612,8.521816613,9.638151888,14.246,12.30932828
2021-08-27 14:00:00,8.586,10.13369716,6.629964413,8.919534559,9.686158834,10.37039823,13.596,16.06210862
2021-08-27 15:00:00,9.575,12.57001519,7.596855344,9.638355397,10.75224128,12.28708864,12.752,11.49856989
2021-08-27 16:00:00,9.797,11.49976797,7.772674056,9.566566339,10.96892449,12.83098561,11.826,13.04757315
2021-08-27 17:00:00,9.042,10.60891635,6.633143846,9.496546581,10.14040348,11.51204999,10.349,11.52054001
2021-08-27 18:00:00,8.311,9.746638864,6.588438841,8.358986584,10.44128095,10.53709306,9.064,10.05945715
2021-08-27 19:00:00,7.82,9.235605202,6.242154097,7.919459478,8.827887501,10.03215435,8.56,9.441732679
2021-08-27 20:00:00,8.266,9.54329452,6.453022361,8.229245581,9.138364238,11.65417212,7.802,8.152464618
2021-08-27 21:00:00,8.716,10.86953048,6.618974585,9.119329409,9.802539281,10.58556539,7.33,7.701497259
2021-08-27 22:00:00,9.12,10.77530723,7.283507361,9.245918322,11.05212364,12.66375,6.55,6.905774512
2021-08-27 23:00:00,9.832,11.54601611,8.261734293,9.895572241,11.03636665,12.48183401,5.294,5.512116743
2021-08-28 00:00:00,9.09,11.90112372,8.045408232,10.20625479,11.37571388,12.15,4.385,4.77120901
2021-08-28 01:00:00,8.745,11.60532063,7.844393038,11.17740361,11.36186359,12.54584328,3.981,4.322458398
2021-08-28 02:00:00,8.478,11.08696482,7.493951571,9.507746879,11.45137213,11.98553061,4.198,4.442911045
2021-08-28 03:00:00,7.868,11.23006953,6.879509575,8.728290103,9.824366731,11.00358413,4.139,4.319561889
2021-08-28 04:00:00,7.335,9.541732898,6.449794023,8.182966712,9.12063184,10.31467757,4.786,5.286604528
2021-08-28 05:00:00,7.06,9.050109176,6.117466913,7.793293168,8.650570116,9.672324249,4.542,5.188614215
2021-08-28 06:00:00,6.69,8.614730413,7.184215321,7.387201008,8.227436413,9.3121965,4.996,5.911798988
2021-08-28 07:00:00,5.98,8.262901144,5.58233954,7.354847962,7.897419445,8.932662876,5.742,9.258549758
2021-08-28 08:00:00,6.312,7.917797001,5.351970893,6.788819384,7.568245429,8.435311463,7.076,12.4145539
2021-08-28 09:00:00,6.252,7.338119831,4.959995797,6.292880406,7.01329996,7.93439495,9.167,10.25600658
2021-08-28 10:00:00,6.35,7.257365596,4.905602837,5.425026215,6.937018856,7.682757332,10.11,12.30593655
2021-08-28 11:00:00,6.494,7.766538418,4.095534821,6.660408681,7.423562257,9.620861267,10.352,11.60760966
2021-08-28 12:00:00,7.21,9.187683735,6.024443317,7.167928038,8.013511628,7.166950669,10.647,9.479267563
2021-08-28 13:00:00,7.196,9.843679514,6.104948449,7.964371507,8.637251355,9.763662143,9.51,8.917513728
2021-08-28 14:00:00,8.168,10.19349085,6.890280526,8.741629889,9.743520629,11.01978906,9.822,12.24405
2021-08-28 15:00:00,9.365,10.02074875,7.644685827,10.8133198,10.8097846,12.22623515,9.428,12.51651329
2021-08-28 16:00:00,9.72,11.5742866,7.82515285,11.13915375,11.06586533,12.5150337,9.186,12.74378664
2021-08-28 17:00:00,8.378,10.69080115,7.227083754,10.51745714,10.21860738,11.14714564,8.608,11.35617958
2021-08-28 18:00:00,7.056,9.831746402,6.646565797,8.432602615,9.097840889,10.62923921,8.428,9.794760044
2021-08-28 19:00:00,7.53,9.379692392,6.34097471,7.947666796,8.965530587,10.13987454,8.012,8.842153413
2021-08-28 20:00:00,7.496,9.531886868,6.518420207,8.168834944,9.11151594,10.30449127,7.405,7.962953173
2021-08-28 21:00:00,7.535,8.253597676,6.069630431,7.76594763,8.714814492,9.840426244,6.95,7.47604208
2021-08-28 22:00:00,7.978,10.36700327,7.08087148,8.982647738,10.02174419,11.70009481,6.406,6.856112013
2021-08-28 23:00:00,8.813,10.58484359,7.154581195,9.102282179,10.11693278,11.44209256,5.338,5.033587856
2021-08-29 00:00:00,9.09,10.9304929,7.258762417,8.391632798,10.42841555,11.78990729,4.406,4.313566107
2021-08-29 01:00:00,8.745,10.50125263,7.098299171,10.45342404,10.03680458,11.35244691,3.988,4.257290587
2021-08-29 02:00:00,8.478,8.450822041,6.883490128,8.298050165,11.06424223,11.03560637,3.984,4.163395515
2021-08-29 03:00:00,7.868,9.460009519,6.06279499,8.11229629,9.040509776,10.22659121,3.923,4.90938794
2021-08-29 04:00:00,7.335,8.825817575,5.950262164,7.541407307,8.325634964,9.541801855,4.504,5.809023542
2021-08-29 05:00:00,7.06,8.49584515,5.742981191,7.287906577,7.904564154,9.458928016,4.612,5.394230985
2021-08-29 06:00:00,6.69,8.052376423,5.442973085,6.905615047,7.696900852,8.70515934,4.73,5.602436889
2021-08-29 07:00:00,5.98,7.206874994,4.871441991,6.180406291,6.888311726,7.791009585,4.954,9.152803877
2021-08-29 08:00:00,6.312,7.589781711,5.130486471,6.509160076,7.287051813,8.195482192,5.341,12.66641488
2021-08-29 09:00:00,6.252,7.510012196,5.076373981,6.440645074,7.17934886,8.114544831,5.596,11.3009294
2021-08-29 10:00:00,6.35,7.615019815,4.902611708,6.530653901,7.279541326,8.233196976,6.742,12.82104298
2021-08-29 11:00:00,6.494,8.561810378,4.731318931,6.673557927,7.431882366,8.405339272,7.467,10.86770176
2021-08-29 12:00:00,7.21,8.607918031,6.056944714,7.128230856,8.228903946,9.751942204,7.427,13.08569407
2021-08-29 13:00:00,7.196,8.536987662,5.613025555,7.321176258,8.160099167,9.228856074,7.128,12.39118224
2021-08-29 14:00:00,8.168,9.744102378,6.584154958,8.355776777,9.314575343,10.53526119,7.366,8.7216
2021-08-29 15:00:00,9.365,11.20673678,7.510429116,9.464150547,10.62543901,12.02370684,7.334,12.68016198
2021-08-29 16:00:00,9.72,10.55438497,7.755991551,8.592705873,10.92549539,12.42430817,7.584,12.42999448
2021-08-29 17:00:00,8.378,9.927424001,6.560095544,8.130765147,9.487590609,10.73142847,6.914,11.5084696
2021-08-29 18:00:00,7.056,8.360402596,5.646328947,7.16771113,7.984288506,9.030120732,7.153,9.726695803
2021-08-29 19:00:00,7.53,8.899410418,6.808489457,7.363743537,9.945350734,9.620769624,7.368,8.898034547
2021-08-29 20:00:00,7.496,8.846313172,5.979461776,7.586493115,8.462273319,10.34793269,7.19,8.215215822
2021-08-29 21:00:00,7.535,8.879474399,6.000535735,7.622529984,8.48749122,9.598194721,7.023,7.764998688
2021-08-29 22:00:00,7.978,10.85019363,7.33407624,9.244454335,10.32365027,11.73025697,6.439,7.090135963
2021-08-29 23:00:00,8.813,12.15,8.277455079,10.49971554,11.70436027,12.15,5.02,6.344606923
2021-08-30 00:00:00,10.131,9.957595046,6.533838274,8.297768407,9.248555207,10.45992233,4.153,4.807027657
2021-08-30 01:00:00,9.878,9.465930681,6.191020178,7.849143662,8.748573236,9.992965459,4.056,4.49777769
2021-08-30 02:00:00,9.436,11.06479694,7.479287928,9.489105587,11.94500992,12.6520761,4.111,4.662469433
2021-08-30 03:00:00,8.663,10.14331802,5.489466186,8.409734013,9.695545376,10.96548899,4.204,4.662957853
2021-08-30 04:00:00,8.121,9.495378689,5.774910402,8.14314089,9.076174745,10.524007,4.937,5.539652893
2021-08-30 05:00:00,7.701,10.5089035,6.079261578,7.722203466,8.95370721,10.0274672,5.69,4.991302244
2021-08-30 06:00:00,7.328,8.704948063,5.848034042,7.328703118,8.169058974,9.037359661,7.341,5.336805597
2021-08-30 07:00:00,7.027,7.942142338,5.509670955,7.255742836,7.964281214,8.848314402,9.172,9.867741956
2021-08-30 08:00:00,6.731,7.830487584,5.899891408,6.715395999,7.484840307,8.465277339,12.432,13.53771705
2021-08-30 09:00:00,6.236,7.242461114,5.113550135,5.687525689,6.92234764,7.830419057,14.418,13.550706
2021-08-30 10:00:00,6.164,7.153319925,4.225886818,6.135104568,6.837382056,9.064100664,15.108,14.2354739
2021-08-30 11:00:00,6.276,7.281222873,4.9223932,5.784130091,7.037712421,7.871878889,15.174,14.55167832
2021-08-30 12:00:00,7.07,8.177041107,5.555020796,7.088552544,7.852362516,8.88168152,15.52,14.70504338
2021-08-30 13:00:00,7.556,8.762829248,5.938389162,7.534158849,8.397452727,9.497384586,14.994,14.03003163
2021-08-30 14:00:00,8.586,9.997144478,6.757400233,8.488374046,10.52927336,10.80760848,14.076,16.24362524
2021-08-30 15:00:00,9.575,11.16047099,6.88735325,9.571219647,10.66779894,12.06497651,13.104,14.31181282
2021-08-30 16:00:00,9.797,10.8423122,7.71817084,9.792009513,11.42459291,12.34387445,12.403,13.61014013
2021-08-30 17:00:00,9.042,10.52276492,7.112595884,9.024243228,10.05833587,11.37535296,11.154,12.21773898
2021-08-30 18:00:00,8.311,9.504424121,6.84481399,8.280388877,9.229198383,11.27092165,9.244,10.229469
2021-08-30 19:00:00,7.82,8.353609104,5.912461282,7.737055841,8.360558502,9.455984689,8.076,8.263037368
2021-08-30 20:00:00,8.266,9.967865935,6.593476176,8.365323869,9.323856786,10.54543988,6.595,7.220164093
2021-08-30 21:00:00,8.716,10.28641855,6.952469504,8.820755695,9.831415278,11.11928681,6.16,7.884274017
2021-08-30 22:00:00,9.12,10.76296492,7.274680628,9.229529923,10.28714962,11.63434718,5.302,6.846958265
2021-08-30 23:00:00,9.832,11.60268364,7.934243917,9.991056803,11.13789835,11.55635903,4.617,5.828553706
2021-08-31 00:00:00,10.131,8.089270077,6.029358065,7.649708035,8.528029881,9.642767005,4.214,3.765733627
2021-08-31 01:00:00,9.878,8.41580123,5.68888338,7.216474787,8.045061875,8.807839114,4.128,4.543165391
2021-08-31 02:00:00,9.436,8.167539443,5.445235302,6.908561304,7.700309715,8.707306328,4.109,4.597099966
2021-08-31 03:00:00,8.663,7.469734435,4.958586683,6.248297666,6.732049776,7.847562183,4.088,4.582974691
2021-08-31 04:00:00,8.121,10.29716481,5.227006998,8.080758723,9.010012603,10.19008276,5.113,2.583151102
2021-08-31 05:00:00,7.701,8.865448463,7.247214071,7.657408501,8.550847849,9.159284003,5.662,6.168234908
2021-08-31 06:00:00,7.328,8.489470111,5.645948018,7.279262663,8.115305911,9.176034199,6.919,7.304080045
2021-08-31 07:00:00,7.027,7.531805067,4.628899024,5.872938388,6.764201227,7.230681759,9.228,10.22189964
2021-08-31 08:00:00,6.731,5.216465181,4.377352762,5.396933744,6.926641217,6.803254582,12.18,13.1999072
2021-08-31 09:00:00,6.236,5.84028536,4.447327915,5.263979356,6.094143546,6.290373946,14.268,15.2788247
2021-08-31 10:00:00,6.164,7.120881253,4.814272128,6.107033706,6.607328477,7.698195695,14.702,15.9905945
2021-08-31 11:00:00,6.276,7.336729479,4.90612178,6.225668829,6.937827716,7.490573295,14.912,16.19295828
2021-08-31 12:00:00,7.07,8.201646651,5.544249906,7.031562697,7.836846169,8.866445188,14.844,16.13309889
2021-08-31 13:00:00,7.556,8.782358555,5.7123714,7.532182959,8.397512612,9.495630584,14.747,14.56741073
2021-08-31 14:00:00,8.586,10.72013362,6.758988418,8.582381788,9.656397998,10.59514447,14.038,13.09428703
2021-08-31 15:00:00,9.575,11.18492083,7.560402314,9.577509906,10.69116159,12.09627739,12.901,14.00368747
2021-08-31 16:00:00,9.797,11.52671175,6.684849883,9.794684285,10.5839946,12.38703057,12.053,13.72814799
2021-08-31 17:00:00,9.042,10.5778092,7.152798544,9.064896931,10.11234537,11.43643945,11.535,12.50491712
2021-08-31 18:00:00,8.311,9.613307419,6.576425507,8.344080826,9.300190283,10.51838387,9.844,10.56129051
2021-08-31 19:00:00,7.82,9.175528733,5.503394742,7.150847776,7.783500131,8.801467204,9.188,8.792403863
2021-08-31 20:00:00,8.266,8.11544411,5.631464489,6.94939476,7.755220076,8.773312813,7.262,8.122852526
2021-08-31 21:00:00,8.716,8.176144789,5.024026785,7.011535987,7.814731759,8.837811077,6.62,8.889202004
2021-08-31 22:00:00,9.12,11.24348435,7.129653374,10.51316615,10.26702543,12.41872175,5.858,5.785006908
2021-08-31 23:00:00,9.832,11.59258616,7.902596515,11.27737697,9.63530731,12.52341275,4.818,5.825224857
2021-09-01 00:00:00,7.664,9.050781188,6.022524543,7.636990646,8.651202838,9.761980911,4.161,5.074807899
2021-09-01 01:00:00,7.23,8.555745774,4.305988064,7.332193488,8.178002655,8.987045345,4.067,4.497268005
2021-09-01 02:00:00,6.716,8.642720697,6.299689593,7.053057419,9.106096093,9.446351501,4.072,4.452732343
2021-09-01 03:00:00,6.047,7.444990309,5.031898587,6.468745508,7.14167907,8.048701813,4.282,4.733876944
2021-09-01 04:00:00,5.605,6.762378988,4.707292863,6.040096892,6.043729384,7.613795528,4.824,5.271272746
2021-09-01 05:00:00,5.36,6.763249035,4.571514239,6.914399807,6.464851241,6.329834278,5.469,5.92668175
2021-09-01 06:00:00,5.577,7.503379628,4.769966698,6.025172035,7.584774485,7.595119727,6.994,7.581921014
2021-09-01 07:00:00,5.706,6.959635172,4.704339965,5.760473344,7.324709108,7.728867169,9.696,10.30007551
2021-09-01 08:00:00,5.234,6.51510748,4.40382592,5.586656195,6.227501961,6.989727314,12.034,14.00013354
2021-09-01 09:00:00,5.074,6.800374619,4.275392532,5.986341695,6.043448217,6.834328624,13.74,14.38762666
2021-09-01 10:00:00,5.321,7.608582916,4.134816405,5.950837381,6.419266727,6.905114265,15.042,15.24714979
2021-09-01 11:00:00,5.788,6.372827615,4.840902423,6.141836942,5.99170311,7.742168789,14.72,16.08996412
2021-09-01 12:00:00,6.718,8.18931308,5.578399615,7.074632895,7.886443999,8.919537396,15.096,16.25381177
2021-09-01 13:00:00,7.226,8.84109248,5.685286438,7.581829844,8.029109282,9.558843953,13.62,14.89318643
2021-09-01 14:00:00,7.888,10.2613965,6.497242459,8.243846517,9.187716168,10.39115591,12.967,14.27603035
2021-09-01 15:00:00,8.536,10.29544303,7.00674878,8.890077222,9.908236821,11.2063609,12.168,13.78607594
2021-09-01 16:00:00,8.164,10.17049577,6.851659282,8.901186148,9.47755637,10.69587189,10.924,12.1605377
2021-09-01 17:00:00,7.645,10.26211712,6.281249311,7.969716591,8.880436081,9.769051039,9.288,11.28595667
2021-09-01 18:00:00,7.078,8.622936104,5.818698039,7.386302903,8.228250906,9.286761106,8.468,10.59626503
2021-09-01 19:00:00,7.298,8.853195342,7.811753195,7.592207081,8.462367991,9.57080799,8.438,9.034614381
2021-09-01 20:00:00,8.378,9.957615718,6.585356323,8.596110251,9.059890177,10.83606943,7.21,8.005843945
2021-09-01 21:00:00,8.44,10.67,6.987954595,8.65123343,7.228928822,10.90421188,6.629,7.164878981
2021-09-01 22:00:00,8.416,10.30549885,8.472516123,8.875948638,9.891618818,11.18895506,5.671,5.250324014
2021-09-01 23:00:00,8.058,10.76666165,7.277705968,8.668352807,10.29096204,10.67,4.678,5.349598434
2021-09-02 00:00:00,7.664,8.429321116,7.167815184,8.664831057,8.465535845,9.592794006,3.914,4.441193836
2021-09-02 01:00:00,7.23,8.126802358,5.713446502,7.248332058,8.038008829,9.969656746,3.851,4.172288246
2021-09-02 02:00:00,6.716,8.101441329,4.926241027,6.462220256,7.800910489,8.660961452,3.918,4.369785989
2021-09-02 03:00:00,6.047,7.13261384,4.775680489,6.114276585,6.816793528,7.710554159,4.156,4.72862921
2021-09-02 04:00:00,5.605,6.721377705,4.54338238,5.810091748,5.282100766,7.919464925,4.396,5.294834471
2021-09-02 05:00:00,5.36,6.422668618,4.348661701,5.28766752,6.265666598,6.667173142,5.4,5.872863031
2021-09-02 06:00:00,5.577,6.683577041,4.474744916,5.737022888,6.39533322,7.349116739,7.018,7.593054943
2021-09-02 07:00:00,5.706,8.098099009,4.544474618,5.772087481,6.432712365,7.271191104,9.154,9.325079025
2021-09-02 08:00:00,5.234,6.173244372,4.187358264,5.294364373,5.030791672,6.667454284,11.891,13.2095935
2021-09-02 09:00:00,5.074,6.496186456,4.045225429,5.131949047,5.720479909,6.469626305,13.951,12.63129236
2021-09-02 10:00:00,5.321,6.45554359,4.313186101,5.470440515,6.095981215,8.147881564,15.268,16.47420011
2021-09-02 11:00:00,5.788,6.925156506,4.681253524,5.938941593,6.619451481,7.486626656,14.723,16.10984182
2021-09-02 12:00:00,6.718,8.013921384,5.416741242,8.241458906,7.659542458,8.66452186,15.007,16.05229607
2021-09-02 13:00:00,7.226,8.60865061,5.818484828,7.382728542,8.408324151,9.742118945,15.013,13.58136036
2021-09-02 14:00:00,7.888,9.384862133,6.344263766,8.141516436,8.981756792,10.14720693,14.711,13.11120094
2021-09-02 15:00:00,8.536,10.14645615,6.858860082,8.732262545,9.698655089,10.67,13.4,13.81762926
2021-09-02 16:00:00,8.164,9.7011328,6.558967047,8.322712181,9.275852323,10.48967764,12.298,13.46552222
2021-09-02 17:00:00,7.645,9.08748194,6.142605886,7.793368452,8.809289918,9.824142399,11.532,12.61928291
2021-09-02 18:00:00,7.078,8.414650598,5.691799604,7.341284708,8.046736243,9.097025049,9.672,10.79715608
2021-09-02 19:00:00,7.298,8.671521617,6.320796291,7.722823975,8.284383467,9.37391744,8.721,9.248257266
2021-09-02 20:00:00,8.378,11.21721975,6.647028113,8.52070118,9.495689705,10.7394586,7.614,8.153719138
2021-09-02 21:00:00,8.44,10.57757573,6.74799285,8.493527154,9.569890505,10.82302199,6.5,7.5045111
2021-09-02 22:00:00,8.416,10.12806117,6.950548971,8.566096668,9.680795072,10.94889979,5.748,6.505995667
2021-09-02 23:00:00,8.058,10.67,6.840379674,8.683876135,9.813790419,10.9424983,4.922,4.321986639
2021-09-03 00:00:00,7.664,8.673100806,5.828598204,7.978947628,8.29021962,8.842103355,4.07,3.938383855
2021-09-03 01:00:00,7.23,8.533674084,5.139026945,8.058257593,8.15382842,9.213518867,3.967,4.370533367
2021-09-03 02:00:00,6.716,7.813818104,5.213805527,7.16610163,7.468869733,8.549090874,4.143,4.375924753
2021-09-03 03:00:00,6.047,7.022888094,6.016405215,6.021795973,6.124261148,7.591533494,4.238,4.492840569
2021-09-03 04:00:00,5.605,6.610366407,5.35964114,5.668971349,6.318552149,7.146140055,4.879,4.632565301
2021-09-03 05:00:00,5.36,6.323669229,4.548470291,5.497171859,6.042785267,6.834283196,5.589,5.914572135
2021-09-03 06:00:00,5.577,6.578515794,4.444364352,5.641688959,6.369796425,7.217308035,6.852,7.555350692
2021-09-03 07:00:00,5.706,6.730672212,4.584732717,5.772742227,6.4356414,6.885886015,9.272,10.12854775
2021-09-03 08:00:00,5.234,6.3684386,4.105491959,5.201798429,5.797881693,6.558256462,12.125,13.16649625
2021-09-03 09:00:00,5.074,5.879978248,3.974504164,5.042542094,5.616441565,6.355876547,13.406,14.7672754
2021-09-03 10:00:00,5.321,6.278893364,4.2439398,5.384565788,6.001543446,6.787676974,15.056,17.03859631
2021-09-03 11:00:00,5.788,6.830323613,4.617198983,5.845997044,6.528713562,7.383901581,14.414,15.8954201
2021-09-03 12:00:00,6.718,9.067501419,5.47902194,6.801635658,7.686651509,8.530945662,14.369,15.36950289
2021-09-03 13:00:00,7.226,8.521767903,4.783029791,7.313611118,8.150403045,9.218830249,14.366,12.31154687
2021-09-03 14:00:00,7.888,9.309966519,6.300205411,7.984036957,8.898882967,10.06454664,13.518,11.85491943
2021-09-03 15:00:00,8.536,10.07454177,6.912079084,8.235969028,9.630255269,10.67,12.642,13.94715426
2021-09-03 16:00:00,8.164,9.636602211,6.445822622,8.262052168,9.211877213,10.4175748,12.079,13.30197565
2021-09-03 17:00:00,7.645,9.024415215,6.092496135,7.739247364,8.518679629,9.756255078,10.856,12.62417445
2021-09-03 18:00:00,7.078,8.355582577,5.648009015,7.165714072,7.986742821,9.033032216,10.067,11.11416961
2021-09-03 19:00:00,7.298,8.022081938,6.715098371,7.388678805,8.23530224,9.313985156,9.444,9.293720794
2021-09-03 20:00:00,8.378,10.38869367,6.673958112,7.790202039,9.437768353,10.67142968,8.012,8.40406349
2021-09-03 21:00:00,8.44,9.105393174,6.74012419,8.561386755,10.67,10.771421,7.104,7.635187513
2021-09-03 22:00:00,8.416,9.933937923,6.71677621,8.520677091,9.479996309,10.7409882,6.31,6.6184872
2021-09-03 23:00:00,8.058,9.513691821,6.29836336,8.158588206,9.093497151,10.28732002,5.3,5.518854496
2021-09-04 00:00:00,6.203,9.038246063,6.105336295,7.75169283,8.635809875,9.897601287,4.254,4.535629947
2021-09-04 01:00:00,5.802,8.517687428,5.75775117,7.305410151,8.142062306,9.225100092,3.934,4.592669103
2021-09-04 02:00:00,5.782,7.944569119,5.314747745,6.742941479,7.516684288,8.49954706,3.905,5.707997551
2021-09-04 03:00:00,5.048,7.071492969,4.779889453,6.064359388,7.689734075,8.02591224,4.118,5.034298723
2021-09-04 04:00:00,4.6,6.953637855,4.463337466,5.662752128,6.31157924,7.138359839,4.983,5.461457238
2021-09-04 05:00:00,4.339,6.311033238,4.266945763,5.01435842,6.03348898,6.823201727,4.874,6.692586064
2021-09-04 06:00:00,4.414,6.924724163,4.437592427,5.581343148,6.273315502,7.096117561,5.212,6.592150501
2021-09-04 07:00:00,4.589,6.696523806,4.526041936,5.742364289,6.400958223,7.297243024,5.579,10.29166216
2021-09-04 08:00:00,4.889,6.095469646,4.064047916,5.228403669,5.826750688,6.591934122,6.854,14.17234025
2021-09-04 09:00:00,4.986,5.767680761,4.016119269,5.072986536,5.690463223,6.379644769,9.16,14.67326189
2021-09-04 10:00:00,5.355,6.236947856,4.560476251,5.344382272,6.711731971,6.741891352,10.113,12.3441
2021-09-04 11:00:00,6.558,6.575543283,3.832739195,5.810577783,6.476348955,7.900783037,10.248,15.84730068
2021-09-04 12:00:00,6.914,7.85535154,5.308905083,6.736751319,7.371510047,8.205294669,10.734,15.69116161
2021-09-04 13:00:00,7.074,8.425689099,5.69809178,7.22915066,7.658762311,9.050963003,9.69,11.22370682
2021-09-04 14:00:00,6.601,8.567358053,6.200350675,8.397702836,8.767984036,9.91647759,9.537,10.33206023
2021-09-04 15:00:00,6.725,8.8425,7.595986066,8.46985536,9.253708171,10.67976273,8.994,13.98842987
2021-09-04 16:00:00,6.853,9.343960244,6.316277659,8.014594392,8.931256245,8.8425,8.881,12.75148977
2021-09-04 17:00:00,5.992,7.712633929,5.213173289,6.613991817,7.371946697,8.338451993,8.132,11.40013896
2021-09-04 18:00:00,5.395,6.971586042,4.712600309,5.979429675,5.821922133,7.536862559,8.226,10.28387368
2021-09-04 19:00:00,6.318,7.160167236,4.821822654,5.143951705,6.917735305,7.725500041,8.119,10.13908596
2021-09-04 20:00:00,7.074,8.527137565,7.285066944,7.380891143,8.8425,9.219670923,7.379,8.123985145
2021-09-04 21:00:00,6.606,8.461319991,5.719421688,7.256389224,7.672231429,9.147184898,7.276,7.301732531
2021-09-04 22:00:00,6.569,8.373869882,5.682451675,7.209778342,8.036635909,9.089304058,6.71,6.51540139
2021-09-04 23:00:00,6.97,7.743195667,4.788434973,6.848502582,7.65788769,8.632365233,5.61,3.898004846
2021-09-05 00:00:00,6.203,7.547484319,5.081928842,6.442952403,7.181168034,8.121787281,4.614,4.315159842
2021-09-05 01:00:00,5.802,6.99878808,4.605950251,6.002104878,6.652602047,7.566107343,4.043,4.236146959
2021-09-05 02:00:00,5.782,6.420877211,4.34087269,5.50700179,6.138024439,6.813968534,3.947,2.800594218
2021-09-05 03:00:00,5.048,5.984994474,4.045424802,5.131357759,5.493795693,6.473849415,4.076,4.452102655
2021-09-05 04:00:00,4.6,5.516572233,3.811429679,4.730633549,5.272729196,5.928206974,4.26,5.493640337
2021-09-05 05:00:00,4.339,5.278485697,3.281153304,4.527048045,4.896818844,5.203834498,4.442,5.415768699
2021-09-05 06:00:00,4.414,5.586149322,3.77599997,4.790681438,5.33963604,6.039066084,4.7,7.296577883
2021-09-05 07:00:00,4.589,5.792783062,3.916449238,4.967376226,5.537077852,6.25690701,4.932,10.07382668
2021-09-05 08:00:00,4.889,6.049019051,3.82519965,5.188450244,5.784548837,5.851990036,5.29,13.94186518
2021-09-05 09:00:00,4.986,5.840232678,3.995284857,5.286798049,5.649508175,6.389484612,5.768,10.7986078
2021-09-05 10:00:00,5.355,6.198407654,4.212408029,5.345849813,6.079163828,6.738217682,7.038,8.4387
2021-09-05 11:00:00,6.558,6.802915234,4.598397094,5.834115772,6.502555365,7.089792692,7.338,15.69798597
2021-09-05 12:00:00,6.914,7.908687305,5.633776507,6.785276569,7.562283531,8.493622549,7.273,15.53853265
2021-09-05 13:00:00,7.074,8.518776033,5.757421799,7.305614439,8.608812612,9.309206409,6.956,12.05021169
2021-09-05 14:00:00,6.601,9.304712947,6.263413196,7.97961361,8.744585548,10.05892459,7.017,11.69419736
2021-09-05 15:00:00,6.725,8.8425,6.807499064,8.638039724,8.8425,10.46009457,6.655,13.33906711
2021-09-05 16:00:00,6.853,9.635126703,6.51212205,8.339230705,9.197490256,10.41608155,6.598,12.21820546
2021-09-05 17:00:00,5.992,9.023620561,6.373581004,7.738385864,8.381557258,9.75505052,6.371,10.99098135
2021-09-05 18:00:00,5.395,8.355063974,5.647484305,7.165127552,7.602641474,9.032307818,6.547,9.727580139
2021-09-05 19:00:00,6.318,8.627016083,5.823675051,7.417119606,8.600531994,9.312660136,7.194,8.844615466
2021-09-05 20:00:00,7.074,9.874856869,6.66718747,8.469143243,9.482835686,8.8425,7.03,7.770892603
2021-09-05 21:00:00,6.606,9.963356726,6.731368836,8.543805306,9.523717185,11.28063799,6.464,7.038365684
2021-09-05 22:00:00,6.569,9.446652182,6.715368543,8.519838699,9.49602404,10.73926393,5.655,6.170051124
2021-09-05 23:00:00,6.97,9.512478768,6.429815479,8.15759427,9.092326066,10.28280035,4.228,4.542577777
2021-09-06 00:00:00,7.664,8.806618925,6.243512328,7.000095832,8.416468891,9.7649368,3.713,5.11294008
2021-09-06 01:00:00,7.23,8.532711437,5.766714862,7.317502093,8.154911796,9.222575253,3.766,4.909518213
2021-09-06 02:00:00,6.716,7.903178249,4.608771586,6.796523068,7.575312471,8.565239805,3.85,4.368737632
2021-09-06 03:00:00,6.047,7.135593849,4.81951434,6.223798233,7.180369059,8.687442999,4.077,5.139468242
2021-09-06 04:00:00,5.605,6.549512612,4.370587088,5.670603387,6.484707594,7.150309471,5.129,4.538661676
2021-09-06 05:00:00,5.36,6.326790173,4.275321469,5.423905316,6.039133881,6.837321559,5.786,5.120772353
2021-09-06 06:00:00,5.577,6.526636602,4.459928372,5.635168177,5.524392377,7.11571355,7.075,7.762432928
2021-09-06 07:00:00,5.706,6.733615283,4.550865045,5.774569603,6.436615995,7.279398596,9.328,10.21823691
2021-09-06 08:00:00,5.234,5.992163897,4.163847693,5.298317859,5.903990789,6.6782407,11.755,12.85320245
2021-09-06 09:00:00,5.074,5.240836016,3.948860619,5.135980342,4.663544816,6.947091797,13.037,14.3177219
2021-09-06 10:00:00,5.321,6.280203657,4.244615136,5.385220132,6.002131626,5.935917408,14.318,15.45929203
2021-09-06 11:00:00,5.788,6.830662451,4.267195476,5.858728117,6.940219685,7.416103867,14.308,15.25182452
2021-09-06 12:00:00,6.718,7.925527528,4.758205029,6.799119214,7.578086741,9.132573374,14.104,15.57358847
2021-09-06 13:00:00,7.226,8.52368501,5.25150363,7.31329735,8.035356265,10.56710303,13.966,13.15520594
2021-09-06 14:00:00,7.888,8.558903392,6.809354163,8.086685026,9.92302688,10.06352877,13.612,12.6146521
2021-09-06 15:00:00,8.536,10.01549301,6.80682443,8.645275152,9.544575656,10.67,11.756,13.034856
2021-09-06 16:00:00,8.164,9.634738205,8.303972587,7.857966885,8.066727652,10.41568619,10.824,11.77077744
2021-09-06 17:00:00,7.645,9.022322732,6.098605536,7.736871691,8.607582946,10.60451343,9.441,10.6583306
2021-09-06 18:00:00,7.078,8.353244647,5.646319177,7.060572377,7.984116446,9.031225966,8.456,9.406680231
2021-09-06 19:00:00,7.298,8.612723261,4.926030178,7.386282814,8.444068405,9.018245019,7.625,8.363758941
2021-09-06 20:00:00,8.378,9.928394657,7.883641083,8.469482974,9.076837115,10.67639804,6.627,7.617260235
2021-09-06 21:00:00,8.44,10.42236432,6.732769929,8.542024063,9.520838258,9.99308193,5.738,4.953428458
2021-09-06 22:00:00,8.416,9.932268519,6.713683306,8.517770118,9.493719479,10.73744272,4.919,6.064729513
2021-09-06 23:00:00,8.058,9.487678764,6.429231474,8.162819435,9.089964332,9.878421422,3.818,4.390418169
2021-09-07 00:00:00,7.664,9.044426609,6.114974076,7.64052848,8.645201004,9.611894969,3.504,3.925130714
2021-09-07 01:00:00,7.23,8.648212268,5.252776516,5.839991979,8.358168097,9.225368439,3.582,2.086
2021-09-07 02:00:00,6.716,7.925781244,5.357340629,6.794032103,7.575876372,8.568179233,3.686,4.05276795
2021-09-07 03:00:00,6.047,7.134499798,4.777515392,6.119870029,7.06250928,7.743783756,3.744,5.382653639
2021-09-07 04:00:00,5.605,6.606385231,3.503071602,7.231973026,6.322429806,7.150816751,4.896,5.406569194
2021-09-07 05:00:00,5.36,6.325351639,4.092734076,5.424739025,6.787801511,7.708337832,5.506,6.181494495
2021-09-07 06:00:00,5.577,6.581556164,4.448779893,5.707628403,5.121493292,6.128479796,6.582,7.475150031
2021-09-07 07:00:00,5.706,6.600553085,4.55298884,4.481213294,6.138382448,7.279545017,9.274,10.00780519
2021-09-07 08:00:00,5.234,6.176705622,4.175121952,5.297096177,5.903738199,6.677399236,11.644,12.70992808
2021-09-07 09:00:00,5.074,5.986428077,4.047372328,5.125322405,5.725142866,6.473246354,13.346,14.17728329
2021-09-07 10:00:00,5.321,5.219067818,4.244699432,5.385073562,6.409826992,6.419958106,14.613,15.04901374
2021-09-07 11:00:00,5.788,5.985317912,3.567271285,5.856966633,6.529409856,8.068766627,14.239,15.62442518
2021-09-07 12:00:00,6.718,7.925078854,5.358728074,6.798843002,7.577844602,8.704148996,14.385,15.75885534
2021-09-07 13:00:00,7.226,8.527261678,5.76370435,7.264145938,5.738790468,10.5459726,13.867,15.0691535
2021-09-07 14:00:00,7.888,9.308406395,5.454429055,7.694829886,9.60466791,10.05999192,13.199,14.42808812
2021-09-07 15:00:00,8.536,9.942446335,6.586482108,8.785976709,9.62842919,10.67,11.666,12.95610968
2021-09-07 16:00:00,8.164,10.02093432,6.512168236,8.080367317,9.208845387,10.41500902,10.976,11.92962803
2021-09-07 17:00:00,7.645,9.02164649,6.112730932,7.744626509,8.665297322,9.464888998,9.785,10.71799187
2021-09-07 18:00:00,7.078,8.712258568,5.645835699,7.049026432,7.983814742,9.029769997,8.395,8.167279398
2021-09-07 19:00:00,7.298,8.612190478,5.821384746,7.385691724,8.232295886,9.310442648,8.064,8.831129659
2021-09-07 20:00:00,8.378,9.886383945,6.683471006,8.479127709,9.450194396,10.68272241,7.2,8.023297405
2021-09-07 21:00:00,8.44,9.959765327,6.724687515,8.541424156,9.520124419,10.58685782,6.592,7.164119623
2021-09-07 22:00:00,8.416,9.931476665,6.713144134,8.994868028,8.941759687,10.30783887,5.772,6.235630901
2021-09-07 23:00:00,8.058,10.10569674,6.427589224,8.183742589,8.430247025,10.27979052,4.43,3.331817656
2021-09-08 00:00:00,7.664,9.349802217,5.976145171,8.319349281,10.45959253,10.49921066,3.865,3.187575999
2021-09-08 01:00:00,7.23,8.540752809,5.767012494,7.322419499,8.155207605,9.208485478,3.931,4.511088966
2021-09-08 02:00:00,6.716,7.922196726,5.357077982,6.79661344,7.575419775,8.370831729,3.907,4.217893739
2021-09-08 03:00:00,6.047,7.135840605,4.406631286,6.152100667,6.810534285,7.580626375,4.309,3.964347249
2021-09-08 04:00:00,5.605,5.854305339,4.365887275,5.672119509,5.137038732,6.957962889,5.19,5.696008098
2021-09-08 05:00:00,5.36,6.333554687,4.275464172,5.424220729,5.670993198,6.837845309,5.599,5.91154855
2021-09-08 06:00:00,5.577,6.755643983,4.448372148,5.643985696,5.294170404,7.114294512,6.913,5.784092753
2021-09-08 07:00:00,5.706,6.733458667,4.551793064,5.774633047,6.435934785,7.279255727,9.252,10.43345607
2021-09-08 08:00:00,5.234,6.176751363,4.175166438,5.315505431,5.990259477,6.683281193,11.631,12.57225646
2021-09-08 09:00:00,5.074,5.987775492,4.047251407,5.134952299,5.724011661,6.411387587,13.348,14.52515711
2021-09-08 10:00:00,5.321,6.279147395,4.244473656,5.38487682,6.837381084,6.78811229,14.702,15.82294766
2021-09-08 11:00:00,5.788,7.577070068,4.616874492,6.025357307,6.528739423,7.401419935,14.47,15.78511857
2021-09-08 12:00:00,6.718,7.927774228,5.135888242,6.798711621,8.640094421,8.57052768,14.336,15.69209906
2021-09-08 13:00:00,7.226,8.529360014,5.763880575,7.312781536,8.1507487,9.218377277,12.849,14.0024609
2021-09-08 14:00:00,7.888,9.308931817,6.641201895,7.652275451,8.89747924,10.06431328,12.28,13.41693178
2021-09-08 15:00:00,8.536,10.07307361,6.812260027,8.638557755,9.628495851,10.67,10.328,12.55569375
2021-09-08 16:00:00,8.164,9.634086668,6.512094953,7.297319838,9.202393747,10.41497427,9.752,11.82148067
2021-09-08 17:00:00,7.645,9.02162583,6.171789257,7.736851645,8.623058568,9.751471148,8.782,10.89270527
2021-09-08 18:00:00,7.078,7.84424939,5.624459267,7.162478818,8.450707634,9.887481089,8.169,9.379515591
2021-09-08 19:00:00,7.298,9.070488654,5.820099478,7.386172727,8.23202823,9.182197711,8.37,9.106062895
2021-09-08 20:00:00,8.378,9.886638877,6.876210479,8.478721348,9.248557492,10.68802257,7.392,8.700887359
2021-09-08 21:00:00,8.44,9.21251139,6.731523316,8.610794567,9.51999739,10.76775484,6.382,7.329710542
2021-09-08 22:00:00,8.416,10.58578626,6.545319151,8.517191865,9.606657254,11.09626934,5.698,6.556853357
2021-09-08 23:00:00,8.058,9.509011442,6.233046167,9.218839197,9.088316342,10.27981413,4.427,5.007322961
2021-09-09 00:00:00,7.664,9.044094969,7.623519274,7.756994582,8.740708311,9.693891073,3.948,4.478193163
2021-09-09 01:00:00,7.23,8.531932864,5.767117496,7.316935201,8.155257111,9.223029749,3.936,4.287458918
2021-09-09 02:00:00,6.716,8.27638933,5.839817256,6.796698361,7.480942913,8.56772961,3.962,5.449515879
2021-09-09 03:00:00,6.047,7.1358886,4.855782259,6.681407014,6.82087193,7.714392013,4.226,4.663073598
2021-09-09 04:00:00,5.605,6.614282965,4.4708766,5.672375142,6.32255032,7.170576582,4.93,5.523786814
2021-09-09 05:00:00,5.36,6.318031608,3.281775796,5.424395096,6.029408492,6.837789759,5.48,6.012182451
2021-09-09 06:00:00,5.577,6.581216695,4.448513302,5.644066431,6.290722841,7.168035839,7.144,8.223600292
2021-09-09 07:00:00,5.706,6.764263726,4.551499364,5.418074734,6.036042167,7.278728131,9.706,10.29979544
2021-09-09 08:00:00,5.234,6.176343557,4.174972317,4.935241285,6.64293946,6.65876908,11.813,11.31540362
2021-09-09 09:00:00,5.074,6.113499353,4.04736802,5.135784317,5.723352869,6.435321255,13.452,13.1689884
2021-09-09 10:00:00,5.321,6.279201761,4.244360841,5.385091161,5.876864186,6.78814133,14.725,15.56875233
2021-09-09 11:00:00,5.788,6.829489476,4.616909294,5.857545681,6.535351696,7.381782848,14.674,15.48796028
2021-09-09 12:00:00,6.718,7.927676617,5.164732705,6.867642791,7.589497576,8.569176164,14.805,15.32867483
2021-09-09 13:00:00,7.226,8.527308951,6.562909438,7.311676498,8.151649938,9.225016776,14.006,12.74104137
2021-09-09 14:00:00,7.888,9.311081569,6.291881113,8.460488306,8.897978055,9.920290875,14.136,12.47041539
2021-09-09 15:00:00,8.536,10.07311272,6.808856827,9.133572857,9.628231121,10.45815608,12.644,12.27398253
2021-09-09 16:00:00,8.164,8.95615385,6.512056196,8.262289846,8.920773455,10.27261863,11.438,11.38325755
2021-09-09 17:00:00,7.645,9.189443726,6.098163058,7.736806048,8.623310003,9.562613377,10.514,11.08520534
2021-09-09 18:00:00,7.078,8.352527455,5.64545314,7.206702278,7.983702048,9.029938047,9.159,9.639728333
2021-09-09 19:00:00,7.298,8.53401657,5.822975882,7.791956281,8.231939239,9.310247284,8.56,9.206565503
2021-09-09 20:00:00,8.378,9.397117162,6.68289328,8.940466003,9.450566543,10.47081122,7.669,8.34239735
2021-09-09 21:00:00,8.44,9.731242039,6.733563979,8.54762405,9.520037689,10.67,7.06,7.792931613
2021-09-09 22:00:00,8.416,9.931485735,6.054093221,8.538104908,8.572697505,10.7363595,6.41,6.796617803
2021-09-09 23:00:00,8.058,9.69813585,6.427587863,8.134502052,9.081987909,10.27915356,4.65,5.045332962
2021-09-10 00:00:00,7.664,9.044464885,6.113557476,7.756405261,8.459359112,9.777542636,3.951,4.531873524
2021-09-10 01:00:00,7.23,9.609265077,5.767074677,7.316830418,8.153721866,9.223428349,3.93,4.216015078
2021-09-10 02:00:00,6.716,7.926093152,5.379041649,6.796657471,7.575628341,8.567716998,4.004,4.538902666
2021-09-10 03:00:00,6.047,7.387939585,4.812816455,6.525901357,6.82083036,7.714254609,4.164,4.55754033
2021-09-10 04:00:00,5.605,5.809537727,4.47088034,5.671997137,6.287091864,8.274784594,5.159,5.300372878
2021-09-10 05:00:00,5.36,6.325737947,4.275035768,5.398177878,6.045897325,6.837486131,5.438,5.890438051
2021-09-10 06:00:00,5.577,6.581215898,5.386536357,5.643939476,5.542565651,7.108930986,6.584,6.936059243
2021-09-10 07:00:00,5.706,6.73343686,4.551700478,5.774463093,6.368205531,7.021339777,8.822,9.75770757
2021-09-10 08:00:00,5.234,6.16882779,4.164167563,5.29861211,5.903064481,7.398791324,11.166,9.031913929
2021-09-10 09:00:00,5.074,5.989237356,4.047178289,5.24044555,5.950841376,5.428514869,12.89,11.47020635
2021-09-10 10:00:00,5.321,6.278969739,4.244371898,5.384889242,6.001826071,6.78804546,13.345,14.7952806
2021-09-10 11:00:00,5.788,6.84773226,4.616853588,5.857505451,7.3979358,7.38382068,13.382,14.64302617
2021-09-10 12:00:00,6.718,9.437876172,5.35820069,6.798658816,7.577898807,8.57196489,13.213,12.44892371
2021-09-10 13:00:00,7.226,8.527092498,5.642680484,7.312844136,8.228127488,8.883903676,12.399,11.28095376
2021-09-10 14:00:00,7.888,9.308551572,6.428294023,8.087400525,8.809660864,10.06365809,11.642,10.83916049
2021-09-10 15:00:00,8.536,9.734988886,6.80873291,8.638495595,9.861556421,10.96590733,10.539,11.5966347
2021-09-10 16:00:00,8.164,8.604378842,6.512136519,8.262093755,9.211398154,10.67,9.891,9.54374451
2021-09-10 17:00:00,7.645,9.021733089,6.098168076,7.736892267,8.623475595,9.752088829,9.322,10.24845583
2021-09-10 18:00:00,7.078,8.257956147,5.723933057,7.163018632,7.983912521,9.115749351,8.352,9.668463421
2021-09-10 19:00:00,7.298,8.324276513,5.897065502,7.49782495,9.123363781,9.310427492,7.98,4.926205178
2021-09-10 20:00:00,8.378,9.886816393,6.683025841,8.430104995,9.452384376,10.70165976,7.386,7.908816384
2021-09-10 21:00:00,8.44,9.960156409,6.395503523,8.542911413,9.520375703,10.76739819,6.73,7.360795468
2021-09-10 22:00:00,8.416,9.928118563,6.713336036,8.518306477,9.540654985,10.73680118,5.882,6.368215451
2021-09-10 23:00:00,8.058,9.509338419,6.427815743,8.156365637,8.833711269,10.57906714,4.563,4.705517812
2021-09-11 00:00:00,6.203,8.8425,6.11484292,8.8425,8.645830679,9.78849568,3.676,3.99606284
2021-09-11 01:00:00,5.802,8.533493771,5.767301708,7.317400583,8.116948954,9.022000376,3.45,3.881376879
2021-09-11 02:00:00,5.782,6.980653758,5.358427765,6.796586742,7.026989279,8.567575658,3.436,3.323798989
2021-09-11 03:00:00,5.048,7.071752107,4.820933564,5.998428981,7.208006994,7.70386397,3.837,5.194663352
2021-09-11 04:00:00,4.6,6.605536196,4.464661316,7.308545438,6.313804508,7.140858102,4.454,5.14090368
2021-09-11 05:00:00,4.339,6.303170976,3.773454056,5.405718801,5.756815007,6.814498186,4.759,5.436934327
2021-09-11 06:00:00,4.414,6.537764795,4.419349834,5.712379325,6.250906764,7.068221303,5.06,5.759622603
2021-09-11 07:00:00,4.589,6.6552204,4.489200871,5.70808109,6.211970509,7.195954644,5.618,9.238114272
2021-09-11 08:00:00,4.889,6.050661866,3.013253305,5.189002865,5.729560891,6.541599844,6.828,7.741261075
2021-09-11 09:00:00,4.986,6.504502032,3.495734787,4.435613313,4.943841927,5.591406786,8.689,8.339559233
2021-09-11 10:00:00,5.355,5.400012951,3.648683965,4.631861643,5.161749376,5.83787138,9.341,14.26259655
2021-09-11 11:00:00,6.558,5.892210267,2.505584283,5.792112244,5.632077661,6.372909595,9.408,11.1274
2021-09-11 12:00:00,6.914,6.932686334,4.686422149,5.945299247,5.534254112,7.50245396,9.676,14.20525064
2021-09-11 13:00:00,7.074,7.506465235,5.053217129,6.411132348,7.145341451,8.088410931,8.844,9.998345184
2021-09-11 14:00:00,6.601,8.763868118,5.543126126,7.03241941,7.838529869,8.8425,8.562,9.029575059
2021-09-11 15:00:00,6.725,8.907203187,6.021392542,7.635101613,8.515030493,9.630604145,7.662,8.732573541
2021-09-11 16:00:00,6.853,8.411002946,5.417124603,7.110128684,8.041221567,8.424570871,7.653,10.65223978
2021-09-11 17:00:00,5.992,7.426539306,5.002556619,6.981393787,7.081284944,8.085592176,7.748,10.03627944
2021-09-11 18:00:00,5.395,6.659596837,4.110355419,6.175513736,6.833373217,7.197178659,7.648,8.776674153
2021-09-11 19:00:00,6.318,6.891121719,5.899549358,6.021565621,6.587141308,7.450459121,7.634,8.53839678
2021-09-11 20:00:00,7.074,8.153900338,5.519204481,6.999872508,8.8425,8.105164322,7.262,8.373885804
2021-09-11 21:00:00,6.606,8.172305746,5.570286022,7.109708237,7.845559831,8.904549579,6.849,5.748365572
2021-09-11 22:00:00,6.569,7.722775553,4.721075795,5.804052113,7.42736049,8.381708708,6.316,5.964122863
2021-09-11 23:00:00,6.97,8.728762944,5.472275866,7.054808526,7.863017224,8.790140716,5.014,3.970237175
2021-09-12 00:00:00,6.203,7.868051345,4.9478635,6.277480924,6.99690837,7.913440463,4.065,3.350914589
2021-09-12 01:00:00,5.802,7.271964434,4.592634982,5.838271622,6.506400996,7.358559895,3.722,3.314145233
2021-09-12 02:00:00,5.782,6.203742567,4.492294315,5.320235448,5.929840244,7.677509721,3.778,5.113761693
2021-09-12 03:00:00,5.048,5.43826892,3.67540535,4.782967115,5.197553126,5.878628655,4.085,4.17175955
2021-09-12 04:00:00,4.6,4.947997875,3.369652018,4.275034715,4.764470888,5.505089145,4.192,4.833513235
2021-09-12 05:00:00,4.339,3.855607155,3.260551047,4.136524793,4.607742551,5.214681852,4.141,4.721052341
2021-09-12 06:00:00,4.414,5.273676466,3.093388732,4.522687939,5.040486407,4.728609089,4.304,5.803132354
2021-09-12 07:00:00,4.589,5.491302741,3.711804877,4.709263018,5.175172474,5.892757626,4.672,8.766346252
2021-09-12 08:00:00,4.889,4.998732807,3.894058475,4.286845875,4.77792192,5.52971424,5.253,8.689821291
2021-09-12 09:00:00,4.986,4.958216847,3.291434802,4.179572384,4.658798567,5.268702398,5.353,10.56118035
2021-09-12 10:00:00,5.355,5.228605387,3.534646298,4.514243403,5.071653407,5.652994947,6.841,8.5468
2021-09-12 11:00:00,6.558,5.844770121,3.862977288,5.012390913,5.588919274,6.003079364,7.345,13.76049302
2021-09-12 12:00:00,6.914,7.009490233,4.738981011,6.043455246,6.659854693,7.576589661,7.432,13.78705855
2021-09-12 13:00:00,7.074,7.677469485,5.183051984,6.584239644,7.662056899,8.305689138,7.384,10.58995448
2021-09-12 14:00:00,6.601,9.127263535,5.832397067,7.238239234,9.196806261,9.887476892,6.984,10.38118869
2021-09-12 15:00:00,6.725,9.959177694,6.732687171,8.540823641,9.519601123,8.8425,6.66,10.55093281
2021-09-12 16:00:00,6.853,8.687475331,6.459947379,8.191708403,9.135244347,10.33165565,6.635,11.35519771
2021-09-12 17:00:00,5.992,8.972848816,6.064681707,7.694380578,8.576029399,9.699449293,6.844,9.548131294
2021-09-12 18:00:00,5.395,8.508615073,5.625921698,7.384434408,7.963135371,9.197131649,6.499,8.940393678
2021-09-12 19:00:00,6.318,7.940597012,5.810554413,7.372176976,8.216909243,9.677289331,7.033,8.225084747
2021-09-12 20:00:00,7.074,9.880307806,6.678014767,8.478459754,9.443433047,10.68034965,6.747,7.544094605
2021-09-12 21:00:00,6.606,9.884022187,6.730669254,8.53928752,9.517819908,10.71207144,6.027,6.815411562
2021-09-12 22:00:00,6.569,8.8425,6.712755508,8.698155055,9.492309266,10.73589478,5.196,4.57519836
2021-09-12 23:00:00,6.97,9.525228759,6.070933957,8.8425,8.8425,10.27951611,3.79,4.223165526
2021-09-13 00:00:00,7.664,9.045689437,6.271015795,7.756494177,8.650446603,9.77765179,3.356,3.922293728
2021-09-13 01:00:00,7.23,8.531717186,5.787395127,7.316619055,8.156112556,9.194655012,3.421,3.593895786
2021-09-13 02:00:00,6.716,8.628165796,5.357219851,6.794460844,7.575228095,8.465601331,3.502,2.086
2021-09-13 03:00:00,6.047,7.133669176,4.823393772,6.119857961,6.58107484,7.816974029,3.571,3.871637979
2021-09-13 04:00:00,5.605,6.614178195,4.514519668,5.943754241,6.322518047,7.253914697,4.437,4.761901041
2021-09-13 05:00:00,5.36,6.325680435,4.275147351,7.129136691,6.037970488,7.24392754,5.17,5.14984378
2021-09-13 06:00:00,5.577,6.58122763,5.170484243,5.242610491,6.290697167,7.114686296,6.11,5.923146463
2021-09-13 07:00:00,5.706,5.813166265,4.551468615,6.999480956,6.43521246,7.279279438,7.992,6.187490117
2021-09-13 08:00:00,5.234,7.106908481,3.906696229,5.497593839,5.908972521,6.677125818,10.81,6.319833603
2021-09-13 09:00:00,5.074,5.987691346,2.67581829,5.134604975,5.723374781,6.472990098,11.726,10.93399786
2021-09-13 10:00:00,5.321,6.171875472,4.244412817,5.391495767,6.001944236,6.784098841,12.923,14.12706771
2021-09-13 11:00:00,5.788,6.812691446,4.609330694,5.857502508,6.528771157,7.876169279,13.102,13.33157614
2021-09-13 12:00:00,6.718,7.927728753,5.35868865,6.694963929,7.577758761,8.586594684,12.68,13.77967511
2021-09-13 13:00:00,7.226,8.532883906,5.636593758,7.271324969,8.150743135,9.218399712,12.654,11.26552668
2021-09-13 14:00:00,7.888,10.13978036,6.288035153,7.982602466,8.897495604,10.16858792,12.59,9.403359889
2021-09-13 15:00:00,8.536,10.07338436,6.808813549,8.623275908,9.500441631,11.00601254,11.163,9.584309512
2021-09-13 16:00:00,8.164,9.63400108,6.51683634,8.261651885,9.599485979,10.41591121,9.899,9.987062504
2021-09-13 17:00:00,7.645,8.911350519,6.098151123,7.736864759,8.623288846,9.753859197,8.922,9.679598008
2021-09-13 18:00:00,7.078,8.399165564,5.645879641,7.163043423,8.05536199,9.035285254,7.71,8.64422285
2021-09-13 19:00:00,7.298,8.612138686,6.557691754,7.376019976,8.231960805,8.562449713,7.5,8.288020884
2021-09-13 20:00:00,8.378,9.885937816,6.83680328,8.474952845,9.450322276,10.67,6.818,7.653668255
2021-09-13 21:00:00,8.44,9.989158085,6.73235674,8.540305914,8.882975349,11.00998246,6.132,6.757022441
2021-09-13 22:00:00,8.416,9.931486636,6.713029902,8.892958383,9.373828264,10.738215,5.145,5.807448697
2021-09-13 23:00:00,8.058,9.845747539,6.427780341,8.154902457,9.089759522,10.27669962,3.859,3.487471626
2021-09-14 00:00:00,7.664,9.044177132,6.113433818,9.627840526,8.64072035,9.607300114,3.444,3.865474282
2021-09-14 01:00:00,7.23,8.531911357,5.766992813,7.315512418,8.156018572,9.611801538,3.502,4.053079326
2021-09-14 02:00:00,6.716,7.926313126,5.356402371,6.796666165,7.575396924,8.567038767,3.512,3.963030976
2021-09-14 03:00:00,6.047,7.135886016,4.823586493,6.120197658,6.786983985,6.872379794,3.522,3.997139615
2021-09-14 04:00:00,5.605,6.954031356,5.722845853,5.672344632,6.322304872,7.176151748,4.724,4.977629093
2021-09-14 05:00:00,5.36,6.506870297,4.275442298,5.424173759,6.045854437,6.838885783,4.935,5.381520599
2021-09-14 06:00:00,5.577,6.580915224,4.448572651,5.643983658,6.290718396,7.113153094,5.796,5.992627168
2021-09-14 07:00:00,5.706,6.733488283,4.551286682,5.774513795,6.353707282,7.279278716,7.652,8.425287623
2021-09-14 08:00:00,5.234,6.175313658,4.174258803,4.262894839,5.903731308,6.677129847,9.369,10.24551392
2021-09-14 09:00:00,5.074,5.987804633,4.047471119,5.134462639,6.129229385,6.472998159,11.119,12.14465514
2021-09-14 10:00:00,5.321,6.274727257,4.24520162,5.38491024,6.001940259,6.785616784,12.483,13.9497854
2021-09-14 11:00:00,5.788,6.830934029,4.61549021,5.857468987,6.497483028,7.591254568,12.489,13.71076854
2021-09-14 12:00:00,6.718,7.927520058,5.393398409,6.860501671,7.57760641,8.488629092,12.239,13.54660109
2021-09-14 13:00:00,7.226,8.528143568,6.526866432,6.482160719,8.15055675,9.218383374,11.442,12.23863027
2021-09-14 14:00:00,7.888,9.304627017,6.428736565,7.982761382,8.866585388,10.06292475,11.161,12.06273287
2021-09-14 15:00:00,8.536,11.05170908,6.808914287,8.633132977,9.087995564,10.67,9.944,9.967721587
2021-09-14 16:00:00,8.164,9.557858878,6.511945024,8.26209133,9.212912216,10.41486155,9.798,11.25203146
2021-09-14 17:00:00,7.645,9.021808274,6.989474644,7.736852259,8.582413506,9.752981352,9.514,9.594936811
2021-09-14 18:00:00,7.078,8.352729411,5.451892474,7.160996115,7.985282732,9.029569581,8.685,8.793373293
2021-09-14 19:00:00,7.298,8.563421684,5.821376455,7.385684832,8.232014074,9.436229496,8.642,8.660519338
2021-09-14 20:00:00,8.378,9.886513957,6.14233048,8.478665947,9.450016534,10.68258342,7.462,7.910817727
2021-09-14 21:00:00,8.44,9.959796266,7.227307678,8.907350065,9.52114288,10.76714689,6.424,6.862956935
2021-09-14 22:00:00,8.416,10.67,6.713142556,8.51690243,9.379044123,10.73622671,5.62,4.024065253
2021-09-14 23:00:00,8.058,9.288752717,6.427578619,8.197824905,9.089645448,10.41655364,4.088,2.225937127
2021-09-15 00:00:00,7.664,8.901820872,6.113473022,7.750489042,8.646974543,9.643522494,3.556,4.197738157
2021-09-15 01:00:00,7.23,9.510940706,5.76729891,7.316889696,9.495951598,9.218778481,3.558,3.872577742
2021-09-15 02:00:00,6.716,7.92532022,5.521941829,6.796593819,7.575661334,8.513551385,3.659,3.979323618
2021-09-15 03:00:00,6.047,7.355402082,4.962666152,6.118701033,6.820966184,7.714310426,3.594,2.086
2021-09-15 04:00:00,5.605,6.614754723,4.470914769,5.672560372,6.321730052,6.863583439,4.006,4.90427761
2021-09-15 05:00:00,5.36,6.326544134,4.275492795,5.426021342,6.04584238,6.83789087,4.643,5.263386089
2021-09-15 06:00:00,5.577,7.144584036,3.473495191,5.644018881,6.319809583,7.114192926,5.531,5.670363812
2021-09-15 07:00:00,5.706,6.732745596,4.551710286,5.774565882,6.409256864,9.094135823,7.337,8.112632663
2021-09-15 08:00:00,5.234,6.176497261,4.174982129,5.826683369,5.897931442,6.645635183,9.384,10.12925279
2021-09-15 09:00:00,5.074,5.987463468,4.820668026,4.877083451,5.723998114,6.473213993,11.552,12.40662926
2021-09-15 10:00:00,5.321,6.736473299,3.567417896,5.100482754,5.141611332,7.850500144,12.89,11.59553206
2021-09-15 11:00:00,5.788,6.830257359,4.615679784,5.842969295,6.528842788,7.368880725,12.67,13.21198868
2021-09-15 12:00:00,6.718,7.92772533,6.669870321,6.798726471,7.577799817,8.56973648,12.596,13.12722328
2021-09-15 13:00:00,7.226,9.022799736,5.763969888,7.312860685,9.438505449,6.806354334,10.651,11.37306119
2021-09-15 14:00:00,7.888,9.308404466,6.292017009,7.984766752,8.898179685,10.06321271,10.309,11.69274201
2021-09-15 15:00:00,8.536,10.0732313,7.304246108,8.664644792,9.628217535,10.8912916,9.283,11.56142191
2021-09-15 16:00:00,8.164,9.634817812,6.512124079,8.261994796,9.208754788,10.41250393,8.86,10.21704644
2021-09-15 17:00:00,7.645,9.021959082,6.098028714,7.736859462,8.624985917,9.762343083,8.417,9.705225465
2021-09-15 18:00:00,7.078,8.402644297,5.645900045,7.152624866,7.983818353,8.510618479,8.223,8.610438303
2021-09-15 19:00:00,7.298,8.612154929,4.527272809,7.962259666,8.231960487,9.202961347,8.23,8.567261818
2021-09-15 20:00:00,8.378,9.88661257,6.682857134,8.478653427,9.457722308,10.68784315,7.236,7.851193289
2021-09-15 21:00:00,8.44,9.960198814,6.73229056,8.404257512,9.748743743,10.76833387,6.201,6.7465518
2021-09-15 22:00:00,8.416,9.931725474,6.71312723,7.542819432,9.458142425,10.67,5.243,5.775840752
2021-09-15 23:00:00,8.058,9.508953362,6.425909109,8.154914054,8.191132251,10.01377716,4.198,4.399019837
2021-09-16 00:00:00,7.664,9.031342331,6.110200048,7.756083603,8.644795431,10.67,3.673,3.861758762
2021-09-16 01:00:00,7.23,7.160367009,5.767106449,8.066951169,8.15521447,9.299071368,3.481,2.623342074
2021-09-16 02:00:00,6.716,8.60895586,5.886794363,6.802296753,7.575180082,8.567990004,3.576,3.96264409
2021-09-16 03:00:00,6.047,5.993349438,4.82350616,6.119526577,6.839495009,7.714300538,3.684,3.908459469
2021-09-16 04:00:00,5.605,6.61430685,4.468462563,5.8323697,6.322302823,7.150597586,4.475,4.855948834
2021-09-16 05:00:00,5.36,6.325121151,4.2758847,5.301455806,6.046153393,6.837884297,4.966,5.186945967
2021-09-16 06:00:00,5.577,6.581256017,4.448582462,5.643988241,6.289984917,7.114837986,5.812,6.184532392
2021-09-16 07:00:00,5.706,6.733877092,4.054414294,5.745525515,6.438112094,7.279306381,7.414,9.54117355
2021-09-16 08:00:00,5.234,6.176489003,4.174963373,5.297083064,5.904040711,6.888764338,9.006,8.992731118
2021-09-16 09:00:00,5.074,5.987691194,4.047183548,5.166636129,5.19499509,6.47148485,10.532,11.10149693
2021-09-16 10:00:00,5.321,5.973776707,4.244512107,5.516933705,5.744943602,6.786223526,11.561,11.51248973
2021-09-16 11:00:00,5.788,6.831705659,4.857993004,5.85754758,6.528498624,7.271499342,11.679,12.98288446
2021-09-16 12:00:00,6.718,7.927940291,5.388947612,6.804898686,7.577745227,8.37790195,11.618,12.76952557
2021-09-16 13:00:00,7.226,8.529109131,5.763915729,8.485508763,8.150162423,9.218277785,11.116,11.97412204
2021-09-16 14:00:00,7.888,9.308392312,6.291976864,7.98276726,8.772694958,10.06289939,10.519,11.48072718
2021-09-16 15:00:00,8.536,10.67,6.809067604,8.638557319,9.627350783,10.88954691,9.587,8.264357319
2021-09-16 16:00:00,8.164,9.410486719,6.504292384,8.211966951,9.208950351,10.41496891,8.854,8.992905989
2021-09-16 17:00:00,7.645,9.021662388,6.097986648,7.735794123,8.622226965,9.752866148,8.248,9.278530685
2021-09-16 18:00:00,7.078,8.353492021,6.103805468,7.663810003,8.095629423,10.46836326,7.459,8.732949729
2021-09-16 19:00:00,7.298,8.611648641,5.821474322,8.035985811,8.232059247,8.952195296,7.646,8.697718184
2021-09-16 20:00:00,8.378,9.886638191,6.682818058,8.390407969,8.047997824,10.52962939,6.84,7.771996051
2021-09-16 21:00:00,8.44,9.961099053,6.728874194,8.541374839,9.520125997,10.76711958,5.782,6.542827497
2021-09-16 22:00:00,8.416,10.37375066,6.713125156,8.331810523,9.49282277,10.73645103,4.918,3.928950697
2021-09-16 23:00:00,8.058,9.24691508,6.429555375,7.915175963,10.56327189,10.38799966,3.842,4.231104256
2021-09-17 00:00:00,7.664,9.044478138,6.113586363,7.757330973,8.645258601,10.67,3.367,3.793221969
2021-09-17 01:00:00,7.23,8.534901487,5.777244513,7.3168745,8.15290341,9.223440029,3.458,3.624246514
2021-09-17 02:00:00,6.716,7.923738581,5.356926982,6.797068778,7.5753619,8.567702148,3.622,4.456297457
2021-09-17 03:00:00,6.047,7.13239679,5.105379801,6.749581333,6.820931657,7.714255901,3.638,3.943625871
2021-09-17 04:00:00,5.605,7.887025812,4.472605869,5.672503581,6.322268346,7.587363159,4.072,4.417406248
2021-09-17 05:00:00,5.36,6.325441642,5.337817496,5.424010805,6.042910035,6.838172612,4.672,4.94974444
2021-09-17 06:00:00,5.577,6.581212709,4.360864384,5.643918349,6.286912513,7.114692798,5.559,5.826141447
2021-09-17 07:00:00,5.706,8.016178131,4.551413285,5.733556017,6.436191577,6.459674898,6.896,8.009565638
2021-09-17 08:00:00,5.234,6.078554389,3.032254629,5.37310691,5.903793506,6.676862116,8.436,7.183015172
2021-09-17 09:00:00,5.074,6.063220112,3.834639289,5.134959528,5.278642745,6.747443492,10.0,9.867220194
2021-09-17 10:00:00,5.321,6.2790887,4.244340817,5.627192009,6.00191895,6.788071742,11.115,9.548608686
2021-09-17 11:00:00,5.788,6.028185445,4.617681819,5.857289481,5.542114532,7.383831155,11.369,12.36163593
2021-09-17 12:00:00,6.718,7.92767964,5.358709334,6.798671532,7.577692795,8.570256921,11.094,12.5944882
2021-09-17 13:00:00,7.226,8.526410621,5.76425632,7.3127775,8.170201485,9.218335462,10.691,11.92297045
2021-09-17 14:00:00,7.888,9.325580016,6.758627434,7.975351971,8.896891865,9.789288148,10.312,11.38445029
2021-09-17 15:00:00,8.536,10.07424569,6.809770811,8.764187655,9.628159194,10.88955138,9.109,10.18474621
2021-09-17 16:00:00,8.164,9.934663375,6.512072819,8.261443417,9.208924033,10.4142919,9.035,9.814636606
2021-09-17 17:00:00,7.645,9.021628873,6.216512763,7.485706034,8.502293831,9.752953659,8.731,11.91247597
2021-09-17 18:00:00,7.078,8.352561754,5.782686813,7.163110898,7.576231682,9.869452113,7.888,8.672588754
2021-09-17 19:00:00,7.298,8.612257983,6.692474196,7.385806919,8.232066334,9.31038294,7.836,8.366229725
2021-09-17 20:00:00,8.378,9.883870665,6.684589902,8.478836986,9.450671083,10.05111108,7.268,7.857177187
2021-09-17 21:00:00,8.44,9.956362497,6.732491274,8.541619651,10.67,10.27789664,6.47,6.768369285
2021-09-17 22:00:00,8.416,10.0033786,6.713330501,8.517852756,9.493312583,10.73656444,5.833,4.854546998
2021-09-17 23:00:00,8.058,9.509333708,6.427850036,8.155119016,9.089526543,10.28006106,4.44,3.88913003
2021-09-18 00:00:00,6.203,9.04513242,6.108246009,7.757010201,8.645254172,9.77999507,3.436,3.883993718
2021-09-18 01:00:00,5.802,8.532363172,6.104105866,7.317420591,8.155588665,8.564924222,3.264,3.603168479
2021-09-18 02:00:00,5.782,7.925696883,5.354083358,6.796805791,7.575474075,8.567899196,3.13,3.458127219
2021-09-18 03:00:00,5.048,7.131510941,4.821493373,5.715499345,6.78615457,7.711223641,3.153,3.668987229
2021-09-18 04:00:00,4.6,6.604925735,4.4640723,5.664694801,6.315180134,7.098882826,3.774,4.325777706
2021-09-18 05:00:00,4.339,6.30334594,4.260735652,5.405649932,6.026739799,6.814293765,4.111,4.898615858
2021-09-18 06:00:00,4.414,6.537730418,4.628225922,5.602710226,6.600187449,7.06771855,4.828,5.687338944
2021-09-18 07:00:00,4.589,6.65662402,4.499480465,6.128559265,6.362585944,7.192791178,5.531,7.69491364
2021-09-18 08:00:00,4.889,6.050685039,4.084005122,5.301248606,5.804597989,5.519951822,6.334,7.005423648
2021-09-18 09:00:00,4.986,5.145977947,3.496108117,4.435591504,5.432972996,5.591359573,7.658,8.623139209
2021-09-18 10:00:00,5.355,5.400131696,3.650241115,4.630962372,5.159512166,5.837752259,8.712,9.589213971
2021-09-18 11:00:00,6.558,5.892063457,3.982565018,5.053062686,5.63058593,6.369791816,8.856,10.28905
2021-09-18 12:00:00,6.914,6.920728292,6.471142984,7.312881927,6.520553575,7.516280418,8.947,12.55407348
2021-09-18 13:00:00,7.074,7.476713152,5.053259631,6.412075727,7.145451448,8.081779819,8.261,12.04391654
2021-09-18 14:00:00,6.601,8.20054255,5.541024652,7.032696376,7.750754377,8.865257076,8.044,11.03157801
2021-09-18 15:00:00,6.725,8.909858707,6.023095876,7.377309295,8.513495256,9.815614442,7.514,10.15475551
2021-09-18 16:00:00,6.853,8.029119046,7.034410068,7.212976166,8.039733628,8.828491261,7.377,10.03740939
2021-09-18 17:00:00,5.992,7.400816153,5.004343465,6.348096825,7.07359761,7.567941073,7.094,10.52475
2021-09-18 18:00:00,5.395,5.81562274,4.500144555,5.709464179,6.359077557,7.714171905,6.912,6.96565219
2021-09-18 19:00:00,6.318,6.891527892,4.658536029,5.910048319,6.591579994,6.977084568,7.444,8.284649977
2021-09-18 20:00:00,7.074,8.16223647,5.516068732,6.72626049,7.801985595,8.8425,6.852,7.378516798
2021-09-18 21:00:00,6.606,8.235249624,5.578789711,7.46882138,7.875025132,8.902127998,6.354,6.185461024
2021-09-18 22:00:00,6.569,8.8425,5.240765452,6.649051261,7.853683718,8.381111017,5.413,2.998137593
2021-09-18 23:00:00,6.97,9.084279493,5.537490349,7.054842476,7.863160556,8.895511668,4.55,3.675514511
2021-09-19 00:00:00,6.203,6.601310526,4.96795646,5.214175948,6.996842523,7.913275208,3.49,3.565989996
2021-09-19 01:00:00,5.802,6.806904578,4.617569812,5.857416415,6.482906262,7.358538518,3.253,3.653594392
2021-09-19 02:00:00,5.782,5.915734748,4.154972864,5.320228056,5.920435571,6.70657335,3.202,2.086
2021-09-19 03:00:00,5.048,5.438291188,3.676204006,4.663724796,5.198250485,5.998423097,3.49,3.41543856
2021-09-19 04:00:00,4.6,4.984987501,2.674219153,4.280305379,4.808181691,5.389328379,3.51,5.28506544
2021-09-19 05:00:00,4.339,3.680994054,3.810006677,4.136724058,4.610884331,5.21470962,3.702,4.804942436
2021-09-19 06:00:00,4.414,5.440813921,2.583199269,4.522609751,5.406963906,5.701205575,4.1,5.815794565
2021-09-19 07:00:00,4.589,5.49083742,3.713585644,4.70924677,5.24385154,5.74410615,4.397,7.828234282
2021-09-19 08:00:00,4.889,4.9987751,3.334965247,4.277419625,4.778167858,5.402536808,4.616,8.543604894
2021-09-19 09:00:00,4.986,4.873754693,2.445960543,4.179467239,5.343229838,5.268879205,5.004,10.26962302
2021-09-19 10:00:00,5.355,5.228333361,3.534728221,4.484558238,4.998176598,5.652976063,5.848,11.28206461
2021-09-19 11:00:00,6.558,5.845298806,3.95094528,5.012409847,5.583700143,6.368684225,6.542,8.39845
2021-09-19 12:00:00,6.914,7.008830964,4.737409025,6.007415958,6.591064482,6.909805606,6.944,13.46598981
2021-09-19 13:00:00,7.074,7.677375666,5.832556461,6.584141268,7.338551441,7.453457643,6.616,12.82844275
2021-09-19 14:00:00,6.601,9.146023135,6.183264638,7.843727721,8.75760606,9.887400474,6.614,12.49386061
2021-09-19 15:00:00,6.725,10.69816075,6.732062032,8.540774873,9.560133481,8.8425,6.628,8.167475822
2021-09-19 16:00:00,6.853,10.9957993,6.427365484,8.654458427,9.330508952,10.44650658,6.815,11.1905977
2021-09-19 17:00:00,5.992,8.972127157,6.106302967,7.69439598,8.057095547,9.698797961,7.158,9.582724605
2021-09-19 18:00:00,5.395,7.855026615,6.973045645,7.137727292,7.95560501,8.46931639,7.303,9.454077911
2021-09-19 19:00:00,6.318,8.596428098,6.502588995,7.372172374,7.601174761,9.293231511,7.29,9.17103981
2021-09-19 20:00:00,7.074,8.8425,6.6780376,8.472553354,9.303743395,10.29547518,6.752,7.115281207
2021-09-19 21:00:00,6.606,9.957382224,6.961564519,8.539307564,9.243281504,10.27501015,6.175,7.027009671
2021-09-19 22:00:00,6.569,9.930922467,6.538483712,8.420791038,8.8425,10.73604605,5.148,5.737351154
2021-09-19 23:00:00,6.97,8.55419661,6.402317145,8.154608974,9.089005061,10.2842188,4.155,3.326585666
2021-09-20 00:00:00,7.664,8.050820496,6.113617622,7.756063888,8.645239456,9.77764282,3.834,3.053246536
2021-09-20 01:00:00,7.23,8.531635782,5.766942755,7.316675566,8.15503867,9.432881429,3.89,4.724416923
2021-09-20 02:00:00,6.716,7.664066548,5.356994228,6.797322327,7.575245824,8.583008797,4.076,4.530661307
2021-09-20 03:00:00,6.047,7.138349697,4.773903423,6.119499552,6.826587211,7.714149211,4.018,4.449476688
2021-09-20 04:00:00,5.605,6.613945052,4.471741392,6.61824824,6.32289615,6.96804679,4.36,4.886388523
2021-09-20 05:00:00,5.36,6.476685742,5.448133581,5.420617364,6.045842763,6.843190939,5.118,5.45455695
2021-09-20 06:00:00,5.577,6.822337455,4.447863304,5.562493872,6.284190028,7.184956759,6.256,5.56627152
2021-09-20 07:00:00,5.706,6.733477752,4.55123537,5.774533011,6.437405438,7.449211131,8.268,8.781188202
2021-09-20 08:00:00,5.234,6.17648744,4.168571847,5.296891531,5.906173499,6.672560271,10.615,10.09147451
2021-09-20 09:00:00,5.074,5.987674694,4.047379399,5.134976685,5.723364969,6.472142165,12.616,12.2395029
2021-09-20 10:00:00,5.321,6.279138083,4.119285434,5.384945902,5.713993134,6.788097145,13.62,13.14000661
2021-09-20 11:00:00,5.788,6.828158916,4.61690406,5.85749046,6.528839379,7.383299105,13.456,14.7538505
2021-09-20 12:00:00,6.718,7.927749157,5.443071255,6.798730733,7.577758799,8.570486498,13.201,14.25062874
2021-09-20 13:00:00,7.226,7.564514341,5.645217927,7.339818435,8.912940997,9.218397795,12.544,12.96505992
2021-09-20 14:00:00,7.888,9.308419451,6.291680718,7.25391483,8.897532819,9.986920295,12.247,13.33243332
2021-09-20 15:00:00,8.536,10.28845484,6.808642333,8.785977087,9.627928063,10.67,10.541,11.37239813
2021-09-20 16:00:00,8.164,9.634101077,6.402384911,9.631212656,9.852692202,10.41429187,10.14,11.08828446
2021-09-20 17:00:00,7.645,9.021644827,6.098273592,7.412400909,9.059183534,9.752696659,9.896,11.93196512
2021-09-20 18:00:00,7.078,8.81847753,5.645872858,7.163080227,7.984034018,9.029895214,8.964,9.729558936
2021-09-20 19:00:00,7.298,8.220381507,5.821362133,7.382593511,8.209527763,9.310225329,8.355,9.063789298
2021-09-20 20:00:00,8.378,9.886616645,6.682899676,8.265354947,9.440868239,10.6880397,6.98,7.911991014
2021-09-20 21:00:00,8.44,9.959725915,6.732275028,8.541411287,9.520131762,10.74201696,5.875,6.872613539
2021-09-20 22:00:00,8.416,9.931537648,6.709871195,8.523014209,9.494192437,10.73821235,5.188,5.670990542
2021-09-20 23:00:00,8.058,9.508462341,6.42760925,8.156552102,9.084386316,10.27981966,4.131,4.554505217
2021-09-21 00:00:00,7.664,9.044244813,6.113428755,7.758497549,8.253218764,9.777243936,3.74,4.349684751
2021-09-21 01:00:00,7.23,8.911992189,5.767126011,6.906652102,7.615810079,9.223483505,3.787,2.837639933
2021-09-21 02:00:00,6.716,7.894592574,5.371699926,7.736796948,7.607526919,8.567641596,4.274,4.741439646
2021-09-21 03:00:00,6.047,7.255031011,4.823516848,6.119521225,6.852750514,7.714732989,4.252,4.526518509
2021-09-21 04:00:00,5.605,6.616348091,4.474686774,5.675240686,6.28775714,7.150387221,4.756,5.094038743
2021-09-21 05:00:00,5.36,7.712354205,4.276130341,5.429786405,7.024580502,6.795375352,5.385,4.379011899
2021-09-21 06:00:00,5.577,6.581213541,4.449401558,5.644065919,6.290827037,7.192171622,6.176,6.816348773
2021-09-21 07:00:00,5.706,6.72652513,4.551445628,5.774696589,6.286865698,7.278968406,8.005,8.964159484
2021-09-21 08:00:00,5.234,6.04169997,3.562432895,4.836311686,6.937808689,7.159593994,10.444,11.33749299
2021-09-21 09:00:00,5.074,6.093950786,4.04737375,5.135992884,5.729265254,6.473423414,12.5,13.68733143
2021-09-21 10:00:00,5.321,6.279136042,4.901698008,5.384737006,6.002090596,6.901529354,13.368,14.58844412
2021-09-21 11:00:00,5.788,6.830245831,4.617018459,6.607624944,6.528608775,7.15337907,13.52,14.67977913
2021-09-21 12:00:00,6.718,7.926917375,5.356090497,6.705875052,7.579726646,9.005180748,13.634,14.67172907
2021-09-21 13:00:00,7.226,8.527186844,5.76260992,7.366314518,8.150738579,9.218126645,13.27,13.05878787
2021-09-21 14:00:00,7.888,9.477141614,5.461315119,7.982774216,8.897390125,10.06304594,12.088,12.91126163
2021-09-21 15:00:00,8.536,10.07307257,6.812900445,8.638561118,9.628398364,10.96320375,10.886,11.63349098
2021-09-21 16:00:00,8.164,9.650361518,6.513294446,8.262084767,9.206950026,10.41500488,10.176,10.9225802
2021-09-21 17:00:00,7.645,9.020697389,6.866078204,7.736828407,8.623335169,9.752908502,9.779,11.25462474
2021-09-21 18:00:00,7.078,8.352531385,5.646193551,7.162881588,7.9311501,8.632618462,8.634,9.589247969
2021-09-21 19:00:00,7.298,8.803816711,5.821316773,7.341690038,7.978213982,8.355772274,8.368,9.483495868
2021-09-21 20:00:00,8.378,10.26400868,6.775873634,8.478640156,9.450193915,10.67,7.19,7.014287219
2021-09-21 21:00:00,8.44,9.371594925,6.327492466,8.541357271,10.231582,10.6913485,6.424,7.075161252
2021-09-21 22:00:00,8.416,8.958890648,6.586105286,8.517878992,9.906537434,10.73676053,5.236,5.827026539
2021-09-21 23:00:00,8.058,10.34039669,6.427604214,8.1548674,9.564122563,10.27978524,4.536,3.47293052
2021-09-22 00:00:00,7.664,9.03611865,5.79684732,7.756165098,8.547893163,9.793704735,3.958,4.548608377
2021-09-22 01:00:00,7.23,8.531465962,5.718620126,7.316295107,8.155537368,9.93434906,3.978,4.416172652
2021-09-22 02:00:00,6.716,7.925322429,5.259230955,6.914326426,7.575410629,8.567765134,4.106,4.567458422
2021-09-22 03:00:00,6.047,6.891441722,4.823483418,6.327026774,6.820828307,7.532020701,3.947,4.593552375
2021-09-22 04:00:00,5.605,6.384749381,4.470854086,5.672327021,6.321028994,7.150538536,4.246,5.109986892
2021-09-22 05:00:00,5.36,6.325232745,4.275112237,5.352392424,6.045739732,8.206996556,5.156,5.781206974
2021-09-22 06:00:00,5.577,6.58126008,4.32563156,5.644018026,6.290282695,7.114716342,6.478,6.959793773
2021-09-22 07:00:00,5.706,6.73348747,4.551477753,5.774563524,6.436014485,7.311655061,8.156,8.635185611
2021-09-22 08:00:00,5.234,6.169983372,4.174870384,5.718418275,7.024009086,6.67729348,10.324,11.18398703
2021-09-22 09:00:00,5.074,5.987468992,4.047340921,5.131421813,5.551781312,5.921702756,13.022,13.15228332
2021-09-22 10:00:00,5.321,6.279188321,4.244360625,5.384741571,6.001957498,6.782600595,13.067,14.33844434
2021-09-22 11:00:00,5.788,6.365156777,4.077426292,5.85762702,6.528689875,7.384169831,13.362,14.47593806
2021-09-22 12:00:00,6.718,7.927859252,5.358715124,6.799081101,8.819034281,8.57040682,13.566,14.11895279
2021-09-22 13:00:00,7.226,8.547082565,5.859822624,7.312732932,8.151451721,8.87605078,11.307,12.52569042
2021-09-22 14:00:00,7.888,9.308400401,6.291939025,7.982778671,8.780673337,10.058812,11.192,12.39039804
2021-09-22 15:00:00,8.536,10.07308441,7.458813745,8.68385015,9.625185075,10.67,9.75,11.44880075
2021-09-22 16:00:00,8.164,9.553262491,6.512240358,8.261856119,9.666010962,10.41501154,9.45,10.85518456
2021-09-22 17:00:00,7.645,8.854858173,6.098210377,7.736838479,8.623437137,9.753313672,8.995,10.19752444
2021-09-22 18:00:00,7.078,8.352518243,5.645878167,7.163047767,9.255105746,8.690537072,8.608,9.396884803
2021-09-22 19:00:00,7.298,8.79774819,5.933822524,7.386507494,8.110849993,9.310232919,8.611,9.91203658
2021-09-22 20:00:00,8.378,9.798858304,6.682812592,8.479152185,8.477041552,10.68783697,7.74,8.040437822
2021-09-22 21:00:00,8.44,9.945049125,6.762939962,8.899745966,9.519450498,10.76708278,7.107,7.765929668
2021-09-22 22:00:00,8.416,9.928180559,7.424016847,8.516913011,9.493009317,10.73646396,5.775,6.181323508
2021-09-22 23:00:00,8.058,9.508917806,6.423438878,8.155387306,9.089925517,9.575082302,5.028,5.154527827
2021-09-23 00:00:00,7.664,8.931377645,6.113300537,7.745490788,8.644840498,9.36948381,4.422,4.659700479
2021-09-23 01:00:00,7.23,8.531889978,5.566480035,7.073160525,8.155594742,9.223481319,4.393,4.311925786
2021-09-23 02:00:00,6.716,7.925302675,5.357449872,6.797690086,7.57580019,8.567765221,4.092,4.466862632
2021-09-23 03:00:00,6.047,7.13623085,4.823479281,6.058320823,6.820878199,7.715789838,4.239,4.594781367
2021-09-23 04:00:00,5.605,6.614194419,4.47090028,5.641948613,6.266099349,5.681233984,4.728,5.19037105
2021-09-23 05:00:00,5.36,6.218075299,3.966207857,5.424362853,6.782979318,6.837932002,5.594,5.733700344
2021-09-23 06:00:00,5.577,7.911566809,5.017479207,5.6475191,6.861668276,7.180090857,6.086,5.998454086
2021-09-23 07:00:00,5.706,7.082708382,4.553059703,5.143994657,6.436228846,7.933545636,7.392,7.950836009
2021-09-23 08:00:00,5.234,6.176486578,4.119350001,5.29689473,5.903897218,6.677139261,9.971,10.54556727
2021-09-23 09:00:00,5.074,6.220852436,4.047674818,5.106468082,5.724777668,5.824385341,11.469,11.00161062
2021-09-23 10:00:00,5.321,6.279050878,4.244353111,5.384875181,7.789098213,6.788467658,12.274,13.44894065
2021-09-23 11:00:00,5.788,6.850016633,4.585190545,6.108141118,6.888367151,6.702776297,12.766,13.7009956
2021-09-23 12:00:00,6.718,7.928970208,5.357555671,6.798745841,7.577797936,8.458064202,12.816,13.03619659
2021-09-23 13:00:00,7.226,8.355921731,5.760825311,9.097843965,8.150753423,9.220605647,11.382,11.18932673
2021-09-23 14:00:00,7.888,9.308073797,6.292095451,7.982831491,8.897480295,10.06353731,11.21,11.2988875
2021-09-23 15:00:00,8.536,10.07229294,6.803074297,8.607052141,9.628413827,10.72229518,9.834,11.24052704
2021-09-23 16:00:00,8.164,9.63085946,6.511985241,7.962205211,9.178039381,10.2434338,9.074,10.02124094
2021-09-23 17:00:00,7.645,9.021643023,6.098105376,7.844987735,8.623368973,9.745415356,8.876,9.646728149
2021-09-23 18:00:00,7.078,8.374755556,6.539947141,7.163066251,8.318281897,9.029673591,8.028,8.60846577
2021-09-23 19:00:00,7.298,8.332266515,5.82135654,7.691855833,8.231971775,9.309931012,8.133,8.757475054
2021-09-23 20:00:00,8.378,9.886973449,6.685754726,8.478664704,9.480423536,10.5967857,6.974,8.627886948
2021-09-23 21:00:00,8.44,9.95979071,6.492618697,8.35003912,9.701021594,10.67,6.034,6.572998445
2021-09-23 22:00:00,8.416,9.93141234,6.629017637,8.517122742,9.494424093,10.94561717,5.35,5.71528552
2021-09-23 23:00:00,8.058,9.600457157,6.462900837,8.144544223,9.087367779,10.27978138,4.127,4.605085646
2021-09-24 00:00:00,7.664,10.32719273,6.112926741,7.334690958,8.645505824,9.77494528,3.532,3.803519339
2021-09-24 01:00:00,7.23,8.5332438,5.767073087,7.304722659,8.15521746,9.170010562,3.434,3.761691468
2021-09-24 02:00:00,6.716,7.925272783,5.357565307,6.795694895,7.575507817,8.579602916,3.4,3.75994423
2021-09-24 03:00:00,6.047,7.134603488,4.719446865,6.117060067,6.241824818,7.714052201,3.548,3.78999189
2021-09-24 04:00:00,5.605,6.446305172,3.679703873,5.672447763,6.32236014,7.14899407,4.188,3.054377587
2021-09-24 05:00:00,5.36,6.06300666,4.275650652,5.518937951,6.04527978,6.620685386,4.53,4.726355065
2021-09-24 06:00:00,5.577,6.581011735,4.450154773,5.643754215,6.394396407,7.114696034,5.375,6.042040703
2021-09-24 07:00:00,5.706,7.306608103,4.551476164,5.35303249,6.436971244,7.701446632,6.804,7.410053648
2021-09-24 08:00:00,5.234,6.176489526,3.562425208,5.294096624,5.903794744,6.678023519,8.376,9.251132461
2021-09-24 09:00:00,5.074,6.018813526,4.047242153,4.695644481,5.734630269,6.472999436,9.772,10.84518187
2021-09-24 10:00:00,5.321,6.279229057,4.246907318,5.391568752,6.568006675,5.019789455,10.89,11.9626083
2021-09-24 11:00:00,5.788,6.397475888,4.616876765,5.856973281,6.528676382,7.383958157,10.694,12.02717035
2021-09-24 12:00:00,6.718,7.953769879,6.061696679,6.970993286,7.757379004,8.570265058,10.388,11.3208089
2021-09-24 13:00:00,7.226,8.527150264,5.763959124,7.313058147,8.15009971,9.214979752,9.5,10.35276648
2021-09-24 14:00:00,7.888,9.316238661,6.292016412,7.983660207,8.899276809,10.14623609,9.202,10.65415297
2021-09-24 15:00:00,8.536,10.07353924,6.80886606,8.635669454,9.628059538,10.67,8.674,9.694656162
2021-09-24 16:00:00,8.164,9.634053781,6.511776882,8.283055901,9.202525752,9.450231707,8.366,9.302698373
2021-09-24 17:00:00,7.645,9.641610714,6.002293498,7.736251338,8.623521238,9.75242686,8.248,9.210264395
2021-09-24 18:00:00,7.078,8.352542263,5.645648359,7.163016678,7.98379334,9.028276212,7.722,7.655597268
2021-09-24 19:00:00,7.298,8.663439083,6.194410523,7.399882948,8.58393907,9.310177664,7.242,7.629727986
2021-09-24 20:00:00,8.378,9.886499039,6.682840334,8.475679519,9.449989402,10.68877102,6.64,7.125299223
2021-09-24 21:00:00,8.44,9.961856826,6.795050702,8.541428383,9.519006181,10.76719187,5.486,5.925944584
2021-09-24 22:00:00,8.416,9.931369262,6.932069799,8.517144848,9.569676091,10.73662268,4.657,5.102328591
2021-09-24 23:00:00,8.058,9.508727169,6.336376587,8.154739141,9.112187102,10.27978518,3.659,4.138942771
2021-09-25 00:00:00,6.203,8.792952316,6.114392249,7.500528697,8.645142098,8.8425,3.068,3.442536469
2021-09-25 01:00:00,5.802,8.536858842,5.765355484,7.317085084,8.153250595,9.228064247,2.89,3.017441658
2021-09-25 02:00:00,5.782,8.8425,5.359848874,6.796604419,7.575951262,8.500035392,2.901,2.086
2021-09-25 03:00:00,5.048,7.134394905,4.819407659,6.117889476,5.839145712,7.711954072,2.989,3.042126776
2021-09-25 04:00:00,4.6,6.606641488,4.466084877,5.708867626,6.314924521,7.144890459,3.321,3.889164935
2021-09-25 05:00:00,4.339,6.307374465,4.262722637,4.332427469,6.028942258,6.818605978,3.77,4.334984848
2021-09-25 06:00:00,4.414,6.546940493,4.425381932,4.977463317,5.82931482,7.078582012,4.03,5.609809235
2021-09-25 07:00:00,4.589,7.240971888,4.511828376,5.7242031,6.378706125,7.215863896,4.486,4.064979329
2021-09-25 08:00:00,4.889,6.038620938,4.112180683,4.86118649,5.815053811,6.874101218,5.389,7.399015867
2021-09-25 09:00:00,4.986,5.848591722,3.849999917,5.015506434,5.590164463,6.327531068,6.864,10.69524489
2021-09-25 10:00:00,5.355,5.462862485,2.893957199,4.565558349,5.735639601,5.76811691,7.488,8.96425
2021-09-25 11:00:00,6.558,5.945995573,3.956004368,5.099232359,5.683526604,6.427985668,7.795,11.75021162
2021-09-25 12:00:00,6.914,6.977497252,4.725629892,5.948083239,6.676007851,9.02972745,7.652,11.48719637
2021-09-25 13:00:00,7.074,7.516874438,4.719361561,6.447076615,7.182812693,7.171658634,7.504,10.77161049
2021-09-25 14:00:00,6.601,8.237037026,5.345974193,6.565696948,8.8425,8.904683403,7.191,10.30609664
2021-09-25 15:00:00,6.725,8.940716912,6.043674451,7.667426012,8.546014136,9.665454382,6.446,9.465276407
2021-09-25 16:00:00,6.853,7.979562262,5.823833107,7.237930762,8.066294765,8.866229247,6.609,3.981632527
2021-09-25 17:00:00,5.992,7.341346057,5.307970217,6.659607831,7.42254123,8.392865701,6.608,8.730149164
2021-09-25 18:00:00,5.395,6.847277398,4.490888046,5.618841294,5.897091632,7.392573521,6.479,7.380895935
2021-09-25 19:00:00,6.318,6.980831218,4.717790032,5.985779175,6.672669618,7.546362267,6.442,7.701658468
2021-09-25 20:00:00,7.074,8.162683472,5.534824954,7.024462808,7.826818651,8.852037898,6.27,6.843867709
2021-09-25 21:00:00,6.606,8.237243446,4.941322626,7.064755527,7.874243599,8.891180661,5.46,7.801270311
2021-09-25 22:00:00,6.569,8.206259316,5.602004729,7.037411063,7.843982181,8.871324967,4.75,5.148893079
2021-09-25 23:00:00,6.97,7.784255626,5.336376392,6.675161402,7.035686114,9.716209181,3.922,4.0229221
2021-09-26 00:00:00,6.203,7.331305068,4.948025357,6.277528891,6.907213309,7.909412178,3.306,3.359995153
2021-09-26 01:00:00,5.802,6.460766494,4.601367963,5.83735796,6.508032259,7.359203441,3.025,3.06948701
2021-09-26 02:00:00,5.782,6.203877448,4.350739396,5.209725805,5.885323016,6.699669876,2.844,3.090066548
2021-09-26 03:00:00,5.048,5.216019098,3.675240145,4.663419516,5.197759126,5.878197245,2.9,3.224025559
2021-09-26 04:00:00,4.6,4.981771971,3.367383577,4.272457645,4.761877723,4.768271345,3.141,3.717166596
2021-09-26 05:00:00,4.339,4.814195808,4.438639621,4.492751389,4.544483034,5.205920018,3.33,4.323232951
2021-09-26 06:00:00,4.414,5.274373315,3.56518276,4.518476278,5.244152033,5.617176993,3.407,5.628943791
2021-09-26 07:00:00,4.589,5.503332893,3.718761171,4.709042327,5.14859602,5.937241259,3.718,7.229781557
2021-09-26 08:00:00,4.889,4.99642028,3.228230132,4.28683354,4.77845197,5.33252689,3.88,8.827821374
2021-09-26 09:00:00,4.986,4.789877011,3.294462301,3.77851508,4.658842656,5.269062847,4.252,10.749448
2021-09-26 10:00:00,5.355,5.22901761,3.22228815,4.797696948,4.998194457,5.866276502,5.224,11.94653851
2021-09-26 11:00:00,6.558,5.846900959,3.950364712,5.01193463,6.821722034,6.317738177,5.88,11.97910734
2021-09-26 12:00:00,6.914,7.007315022,5.448031449,6.030304798,6.697982917,7.574647256,6.008,7.7671
2021-09-26 13:00:00,7.074,7.718667094,6.031639547,6.685946099,7.339365595,8.221831888,6.048,11.07390913
2021-09-26 14:00:00,6.601,9.138659636,5.532359512,7.836192593,8.761300031,9.818871088,5.99,10.70514156
2021-09-26 15:00:00,6.725,9.953163206,6.727200965,8.563624429,9.50402941,10.58234629,5.821,9.666076104
2021-09-26 16:00:00,6.853,9.552664834,6.457148053,8.199160827,9.130457761,10.58603062,6.23,9.208015327
2021-09-26 17:00:00,5.992,8.945347683,5.925470197,7.690384383,8.573144908,9.693403663,6.218,8.957117365
2021-09-26 18:00:00,5.395,8.387681369,5.623569599,7.135749352,7.952088882,8.993825915,6.754,7.764784885
2021-09-26 19:00:00,6.318,8.593283152,5.805706432,7.369538554,8.20123092,9.289806199,6.702,7.948404066
2021-09-26 20:00:00,7.074,8.8425,6.442949699,8.247096082,9.441813305,8.8425,6.099,7.082768297
2021-09-26 21:00:00,6.606,9.955019641,6.449172933,8.540780311,8.8425,10.76156003,5.563,7.929979327
2021-09-26 22:00:00,6.569,9.929142313,6.594226616,8.219921404,9.489203196,10.73385293,4.975,5.24008457
2021-09-26 23:00:00,6.97,9.456853168,6.88356587,8.152744491,9.515713284,10.27716488,3.895,4.772129724
2021-09-27 00:00:00,7.664,9.043012024,6.112860378,7.839604101,8.356954541,9.776021367,3.378,3.763523781
2021-09-27 01:00:00,7.23,8.463175696,6.619796598,7.338574864,8.155541821,9.335684132,3.319,3.600459876
2021-09-27 02:00:00,6.716,7.925466339,5.357588058,7.985419913,7.575629709,8.608596943,3.17,3.549953578
2021-09-27 03:00:00,6.047,6.904035677,4.823596046,6.099874502,6.579714917,7.714695029,3.095,2.553041572
2021-09-27 04:00:00,5.605,8.319269448,4.589532628,5.184882501,6.322492785,7.150593206,3.764,2.086
2021-09-27 05:00:00,5.36,7.635019017,4.266782283,5.424589864,6.046116267,6.838106844,4.356,3.701449576
2021-09-27 06:00:00,5.577,6.582065643,4.448765213,5.703163384,6.290983412,6.616730732,5.546,5.969987011
2021-09-27 07:00:00,5.706,6.301213195,3.579100368,5.774866839,6.585335213,6.878261194,6.874,7.591157493
2021-09-27 08:00:00,5.234,6.189055369,4.243563166,5.301986999,5.904024522,6.679144395,8.264,9.088483561
2021-09-27 09:00:00,5.074,5.015035076,4.047451952,5.135576986,5.910149794,6.474127383,10.243,11.19777244
2021-09-27 10:00:00,5.321,6.279534869,4.242638407,4.596371675,6.005638938,6.791401399,11.338,12.40578626
2021-09-27 11:00:00,5.788,6.83043007,4.617387333,5.932295316,6.652967563,8.014227152,11.401,12.54288442
2021-09-27 12:00:00,6.718,7.928625184,5.396255118,6.800016072,7.580012594,8.54597593,11.666,12.7016599
2021-09-27 13:00:00,7.226,8.528272725,5.764046722,7.023064588,8.146732132,9.238047546,10.82,12.09148204
2021-09-27 14:00:00,7.888,9.30969164,6.259337761,9.090517504,9.116813166,10.0649682,10.458,11.44997042
2021-09-27 15:00:00,8.536,10.17062157,6.809851395,8.283820736,9.635215116,10.67,9.157,9.985814141
2021-09-27 16:00:00,8.164,9.635741462,6.513381515,8.250649729,9.238343139,10.4168439,8.773,9.66255549
2021-09-27 17:00:00,7.645,8.673630336,6.099412969,7.739171808,8.625125044,9.745326242,8.37,9.386074479
2021-09-27 18:00:00,7.078,8.354645314,5.828732679,7.164803083,7.988048948,9.032820674,7.466,8.083708184
2021-09-27 19:00:00,7.298,8.614332982,6.49248936,7.387456162,8.074389281,9.312577928,7.528,8.146720378
2021-09-27 20:00:00,8.378,9.888757522,7.158662671,7.016636157,9.452341281,10.69044739,6.581,7.167285505
2021-09-27 21:00:00,8.44,9.532295048,6.733368654,8.543006425,9.522284717,10.84388343,5.591,7.073000306
2021-09-27 22:00:00,8.416,9.933756059,6.714850691,8.405009705,9.894257203,10.74021551,4.889,6.888831328
2021-09-27 23:00:00,8.058,10.67,6.484689784,8.244968635,9.091254745,10.28205774,3.87,2.965883962
2021-09-28 00:00:00,7.664,9.046468054,6.116329352,7.757116069,8.647105131,9.939763858,3.484,4.513120443
2021-09-28 01:00:00,7.23,8.53380155,5.768293256,7.318293851,8.507805347,9.418691604,3.392,4.518109527
2021-09-28 02:00:00,6.716,7.926334401,5.159588172,5.612651366,7.582237167,8.384720344,3.37,3.704494575
2021-09-28 03:00:00,6.047,7.137216037,4.824024421,7.197911435,6.822358097,7.936096555,3.448,3.578734335
2021-09-28 04:00:00,5.605,5.664722628,4.532792833,5.672843109,6.322834887,7.151147842,3.604,2.690918099
2021-09-28 05:00:00,5.36,6.898353456,4.274843406,5.185028923,6.045857854,6.837944156,4.486,4.898065618
2021-09-28 06:00:00,5.577,6.580734332,4.44875706,5.643307963,6.368234324,7.864233441,5.496,6.218229757
2021-09-28 07:00:00,5.706,6.150889892,4.55071013,5.773603297,6.435153885,7.111288073,7.379,7.795657141
2021-09-28 08:00:00,5.234,6.177813858,5.863586679,5.814322104,5.900097158,6.674401295,8.978,9.628267583
2021-09-28 09:00:00,5.074,5.985198399,4.045857709,5.144768484,5.723033898,7.500131615,10.456,11.38257859
2021-09-28 10:00:00,5.321,6.502628808,4.242300199,5.382336258,5.99905245,6.784913892,11.522,12.68011321
2021-09-28 11:00:00,5.788,6.826550299,4.585242144,5.854399,6.525237416,7.893580223,11.86,12.67880266
2021-09-28 12:00:00,6.718,7.908584057,5.811312376,6.191507106,7.572023937,8.565658982,11.489,12.6083045
2021-09-28 13:00:00,7.226,8.522050172,5.759619898,7.375639117,8.14603104,9.88642369,10.785,12.10420224
2021-09-28 14:00:00,7.888,9.20721601,6.309936738,7.978463527,8.893091876,10.057267,10.574,11.1705372
2021-09-28 15:00:00,8.536,10.33841376,6.726091433,8.633342866,9.57060104,10.67,9.909,9.93446476
2021-09-28 16:00:00,8.164,9.636963537,6.515392318,8.786979407,9.212052002,10.41844061,9.202,9.439002106
2021-09-28 17:00:00,7.645,8.767162014,6.099436919,7.817739529,8.596969985,9.756718454,8.908,8.437005763
2021-09-28 18:00:00,7.078,8.364458533,5.640493159,7.155947193,7.974922259,9.020972134,8.008,8.722701801
2021-09-28 19:00:00,7.298,8.604030133,4.52880389,7.395578438,8.107900394,9.300188578,7.856,8.573192448
2021-09-28 20:00:00,8.378,9.870325368,6.049579149,8.471030728,9.915198207,10.67824338,6.47,7.230163555
2021-09-28 21:00:00,8.44,9.950024859,6.725857405,8.532963178,9.510782682,10.77610946,5.732,6.424052754
2021-09-28 22:00:00,8.416,10.35212623,6.686866344,8.51779213,9.493726175,10.01858978,5.094,5.720668385
2021-09-28 23:00:00,8.058,10.12294499,6.533655952,8.681889792,8.823814711,9.655231742,3.832,4.401518367
2021-09-29 00:00:00,7.664,9.046159723,5.858827234,7.752253911,9.789748027,9.772316239,3.504,3.206243842
2021-09-29 01:00:00,7.23,8.376994333,5.763289226,7.051004363,8.671931278,9.217489838,3.404,3.769523956
2021-09-29 02:00:00,6.716,7.918883965,5.351909986,6.79155977,7.77812359,8.619392333,3.459,4.68523423
2021-09-29 03:00:00,6.047,7.127640802,4.816652405,6.112378911,6.813894668,7.705416506,3.232,3.7434231
2021-09-29 04:00:00,5.605,7.814923914,4.220514843,5.45802876,6.29631384,7.606637108,3.976,3.623151015
2021-09-29 05:00:00,5.36,6.312917149,4.267461432,5.414275248,6.256968402,7.112467704,4.647,6.418644923
2021-09-29 06:00:00,5.577,6.31919594,4.439112004,5.635319408,6.277336698,7.25662431,5.947,6.373610994
2021-09-29 07:00:00,5.706,6.716992285,4.029950691,5.760456437,6.417813384,7.262320859,6.876,7.274597938
2021-09-29 08:00:00,5.234,6.20517449,4.160342888,5.277675859,6.357324836,6.543169408,8.907,8.976488379
2021-09-29 09:00:00,5.074,5.965481052,4.177799753,5.010764568,6.679665652,5.580053934,10.25,11.52835218
2021-09-29 10:00:00,5.321,6.259203159,4.22688879,5.362710598,5.977295763,6.760160973,11.118,12.5584796
2021-09-29 11:00:00,5.788,6.806346932,4.837578716,5.831814296,6.422203423,7.016769156,11.345,12.47693981
2021-09-29 12:00:00,6.718,8.5437579,5.342918836,6.769627517,7.543674287,8.533261699,11.608,12.51734644
2021-09-29 13:00:00,7.226,7.883216067,5.656282361,7.27990665,8.113960602,9.498978575,10.135,10.88089256
2021-09-29 14:00:00,7.888,9.2266396,6.263002909,7.945879144,8.59043457,10.01641489,9.607,10.59052781
2021-09-29 15:00:00,8.536,10.02543606,6.776540287,8.826322991,9.583013344,10.83804749,8.844,9.560263738
2021-09-29 16:00:00,8.164,9.601332941,6.490031374,8.234021139,9.708537452,10.13751674,8.186,9.182118295
2021-09-29 17:00:00,7.645,8.983068941,6.072076513,7.70377238,8.586249842,9.712839942,8.389,9.120122983
2021-09-29 18:00:00,7.078,8.47972073,5.600844272,7.272849158,7.920691554,8.957336495,8.09,7.260536044
2021-09-29 19:00:00,7.298,8.536638266,5.352781796,7.099074368,8.341432182,9.153094268,8.059,8.61417175
2021-09-29 20:00:00,8.378,9.802711579,6.627267838,8.406160197,9.369669001,10.59645967,7.106,7.387718906
2021-09-29 21:00:00,8.44,10.67,6.670900762,8.463067313,8.752930154,10.89559934,6.169,6.57024918
2021-09-29 22:00:00,8.416,9.852552913,6.259463431,8.449506568,9.417509563,10.85699099,5.116,5.015892473
2021-09-29 23:00:00,8.058,10.85231474,7.201412459,9.434352843,10.18174351,10.67,4.044,4.558379072
2021-09-30 00:00:00,7.664,8.947970813,6.051699809,7.677922079,9.121027342,9.679379485,3.667,4.336495957
2021-09-30 01:00:00,7.23,8.573079231,5.727896594,7.17500916,7.997352688,9.217064855,3.547,3.558753383
2021-09-30 02:00:00,6.716,7.37941489,4.349306846,5.938300918,6.110976984,7.452020484,3.466,2.51377164
2021-09-30 03:00:00,6.047,6.883817496,4.11273061,5.217841256,5.815522842,7.043360612,3.47,2.130928614
2021-09-30 04:00:00,5.605,5.669716217,3.72534438,4.726592887,5.269250824,5.887192401,4.088,3.503520093
2021-09-30 05:00:00,5.36,4.318627422,4.240148875,3.703497029,4.127867811,4.668519994,4.739,5.097661992
2021-09-30 06:00:00,5.577,4.536734308,3.06673962,3.741285271,4.336542522,4.904470893,5.854,6.118620047
2021-09-30 07:00:00,5.706,4.61110925,3.116198698,3.954502895,4.159510599,5.70702473,7.192,6.731884132
2021-09-30 08:00:00,5.234,4.89844293,3.307414933,5.527326753,4.580077856,5.306187029,8.956,8.43370953
2021-09-30 09:00:00,5.074,5.084815622,3.484868756,4.350686713,4.848691016,5.484348336,10.467,11.36722302
2021-09-30 10:00:00,5.321,5.326892891,3.454530375,3.889188304,5.086400214,5.825704042,11.21,12.10477299
2021-09-30 11:00:00,5.788,4.817738633,3.256276433,4.131416729,4.605121149,5.208246437,11.131,12.13058979
2021-09-30 12:00:00,6.718,5.953836839,4.009648627,5.082015205,5.663670319,6.416737897,11.228,12.16525101
2021-09-30 13:00:00,7.226,6.537049219,4.416081866,5.606076407,6.246776171,6.979279446,10.892,10.05158668
2021-09-30 14:00:00,7.888,7.372320677,4.954710043,6.287297076,7.004221012,7.924992178,10.322,9.265998098
2021-09-30 15:00:00,8.536,7.389093991,6.396891794,6.326837354,7.051732758,7.975388022,9.236,8.738041966
2021-09-30 16:00:00,8.164,9.536336053,6.442504152,8.17698003,9.113226872,10.30691167,8.641,8.420365075
2021-09-30 17:00:00,7.645,8.890218706,5.822572722,7.663741299,8.542148446,9.660523977,8.268,8.267159282
2021-09-30 18:00:00,7.078,6.430840707,4.346925718,5.514608093,6.290773304,6.952142606,7.55,8.152671406
2021-09-30 19:00:00,7.298,7.348167488,4.412759767,5.368598453,6.408808116,7.16699195,7.436,7.46323029
2021-09-30 20:00:00,8.378,7.994295847,5.403561754,6.857831179,7.806043982,8.64299328,6.228,6.653034436
2021-09-30 21:00:00,8.44,8.077491004,5.960667051,6.902163604,8.523418285,8.736207973,5.718,6.405161442
2021-09-30 22:00:00,8.416,9.919360733,6.640730897,8.511265372,9.481483126,10.67,4.93,5.483319757
2021-09-30 23:00:00,8.058,9.511235574,6.427584318,8.154804513,9.089128943,10.28149272,3.998,4.532128624
2021-10-01 00:00:00,3.544,3.960517503,2.835073969,3.595614244,4.008103152,4.53356788,3.228,2.6621338
2021-10-01 01:00:00,3.288,3.898853087,2.635350481,3.562279682,3.857211866,4.014144316,3.12,3.401828393
2021-10-01 02:00:00,2.922,3.473263348,2.347491357,2.982423354,3.319959039,3.75440646,3.047,3.331617794
2021-10-01 03:00:00,2.818,3.353289194,2.171691948,2.466008974,3.205144863,3.62501257,3.124,3.40948268
2021-10-01 04:00:00,2.741,3.26420727,2.206849954,2.147685414,3.11460763,4.643293855,3.305,3.751510507
2021-10-01 05:00:00,2.55,3.038018111,2.081,2.398930799,2.815716735,3.284335975,3.753,4.366221916
2021-10-01 06:00:00,2.646,3.148968946,2.156859869,2.713436795,3.009436351,3.40361435,4.254,5.368971579
2021-10-01 07:00:00,2.856,4.752004511,3.212116506,4.926177435,4.542251705,5.104951986,4.928,5.635155092
2021-10-01 08:00:00,3.974,5.485353597,3.707269887,4.061598405,5.244356075,5.930368133,5.664,7.148053379
2021-10-01 09:00:00,4.253,6.376391027,4.309882098,5.468297178,7.347875349,6.411744734,6.214,11.50204196
2021-10-01 10:00:00,4.414,6.535481544,4.384272101,5.599420333,6.241291767,7.37155001,6.824,8.579
2021-10-01 11:00:00,4.978,6.180049962,4.228598992,5.596360758,5.984396978,6.774393679,7.104,11.80224765
2021-10-01 12:00:00,5.584,7.030560821,4.617638273,5.921559334,6.601062406,7.481873145,7.355,11.82456243
2021-10-01 13:00:00,5.554,6.814649457,3.54298108,6.922488696,6.011436908,7.367067109,7.13,9.548168427
2021-10-01 14:00:00,4.555,4.730984261,3.783317217,4.803169728,5.353950541,5.764149282,7.321,8.830904659
2021-10-01 15:00:00,4.604,6.128880417,4.142809176,5.347481349,5.81967203,6.625630088,7.098,7.984141357
2021-10-01 16:00:00,4.422,5.510999454,3.668352446,4.654789046,5.973927971,5.866737283,7.248,7.817959351
2021-10-01 17:00:00,4.639,5.708839575,3.920416103,4.631497359,4.96885386,5.700820016,6.498,7.565208891
2021-10-01 18:00:00,5.03,6.208320203,4.196591496,5.32520858,5.900182279,6.710620326,6.794,7.744284321
2021-10-01 19:00:00,6.563,7.987340888,5.39879694,6.849621246,7.634590406,7.728092513,7.46,7.796607623
2021-10-01 20:00:00,6.602,8.000655223,5.390388943,6.893632936,7.648112401,8.645996655,6.733,6.894441107
2021-10-01 21:00:00,5.942,7.189481805,4.860250285,6.192788832,6.866663398,7.772908399,6.157,6.248442323
2021-10-01 22:00:00,5.198,6.282860223,4.245996379,5.386817762,6.004032583,6.576871477,5.282,5.26709932
2021-10-01 23:00:00,4.162,8.2525,5.528399922,7.023491594,7.82658098,8.2525,4.252,3.047630627
2021-10-02 00:00:00,3.544,4.155488907,2.802025844,3.269549517,3.966581172,4.49289056,3.446,3.576941334
2021-10-02 01:00:00,3.288,3.839250647,2.595053957,3.099659432,4.929089933,3.907551922,3.248,4.129419324
2021-10-02 02:00:00,2.922,3.31906758,2.24547246,2.846393679,3.172543471,3.535663556,3.136,4.338397215
2021-10-02 03:00:00,2.818,2.994120555,2.081,2.567723996,2.861944915,3.236744511,3.291,3.554544378
2021-10-02 04:00:00,2.741,2.951135591,2.081,2.458062861,2.73973923,2.903228154,3.524,3.715341832
2021-10-02 05:00:00,2.55,3.050924675,2.081,3.959592469,2.916481192,3.298395499,3.934,4.276425053
2021-10-02 06:00:00,2.646,4.188145562,2.601675378,3.229995458,3.691537471,4.162707356,4.442,5.146533889
2021-10-02 07:00:00,2.856,3.376073179,2.277317731,2.892855681,3.228655405,3.649999616,4.778,5.323173376
2021-10-02 08:00:00,3.974,4.821200905,2.081,4.024231288,4.485387672,5.074573243,5.524,6.080033446
2021-10-02 09:00:00,4.253,5.009599988,3.538347398,4.248813752,4.798314463,5.595921535,7.23,10.49630776
2021-10-02 10:00:00,4.414,5.208724767,3.511885509,4.478157989,4.978881558,6.028730738,8.456,11.29011459
2021-10-02 11:00:00,4.978,5.416859237,3.302406171,4.190211218,3.697763367,5.91225135,8.519,9.79685
2021-10-02 12:00:00,5.584,5.51200879,3.589405929,4.561554546,5.083982788,4.596042074,8.32,11.00301583
2021-10-02 13:00:00,5.554,5.158201463,3.908424333,4.617217073,4.930253846,5.576213713,7.758,8.599022625
2021-10-02 14:00:00,4.555,4.856274369,3.346410127,4.228401591,4.733877416,5.352752448,7.512,8.399947303
2021-10-02 15:00:00,4.604,5.42201286,2.996472827,4.648213244,5.183058237,5.825611619,6.814,7.60874981
2021-10-02 16:00:00,4.422,5.086528146,3.438126945,4.362065282,5.007055063,5.498676456,6.538,7.205630406
2021-10-02 17:00:00,4.639,5.446079828,3.099751829,4.670394458,5.410775135,5.887547963,6.549,7.165423628
2021-10-02 18:00:00,5.03,6.414641341,3.373265636,5.500484583,6.335837466,6.934583017,6.796,7.531819928
2021-10-02 19:00:00,6.563,7.590547378,5.641365534,6.509257464,7.255749215,8.206168187,6.72,7.529133499
2021-10-02 20:00:00,6.602,8.2525,5.849023908,6.697249935,7.464206571,8.2525,6.248,6.678470814
2021-10-02 21:00:00,5.942,7.31491189,4.866690001,6.173947589,6.889373308,7.783426328,6.048,4.588785674
2021-10-02 22:00:00,5.198,6.177760966,4.249940686,5.29809666,6.05685416,7.144406372,5.418,5.07934881
2021-10-02 23:00:00,4.162,6.659766655,4.522246317,4.813247837,6.364996429,7.592672477,4.274,4.120628166
2021-10-03 00:00:00,3.544,4.182662741,2.713499746,3.205428464,3.998385246,4.522451313,3.492,3.605962168
2021-10-03 01:00:00,3.288,4.750775437,2.450372231,3.108860083,3.197595743,3.91985852,3.17,2.355173897
2021-10-03 02:00:00,2.922,3.265010589,2.081,2.864677099,2.983996771,3.829429585,3.146,3.364407435
2021-10-03 03:00:00,2.818,3.024291081,2.081,2.674259995,2.890612796,3.222173746,3.183,3.645706577
2021-10-03 04:00:00,2.741,2.136498039,2.081,2.492584045,2.66744782,3.142329617,3.092,3.756462891
2021-10-03 05:00:00,2.55,3.164686398,2.081,2.714407137,3.0284959,3.421205811,3.444,4.260636453
2021-10-03 06:00:00,2.646,4.033580883,2.081,3.41350159,3.80380724,4.302911651,3.602,5.132646554
2021-10-03 07:00:00,2.856,4.100003046,2.773038019,3.518221307,3.921362597,4.457210505,4.08,5.520486046
2021-10-03 08:00:00,3.974,4.765837445,3.217834035,4.117466376,4.554181051,4.815542344,4.688,6.750211128
2021-10-03 09:00:00,4.253,5.173570432,3.504055351,4.436832502,4.416939452,4.970939567,5.0,10.34746926
2021-10-03 10:00:00,4.414,5.286528142,3.628623447,4.603694834,5.529746756,5.797881043,5.701,7.48075
2021-10-03 11:00:00,4.978,5.111788086,4.2171172,4.399255425,4.886112857,4.932577561,6.223,11.59282897
2021-10-03 12:00:00,5.584,5.552461245,3.149403828,4.781688608,5.307425719,6.002641557,6.236,11.15762487
2021-10-03 13:00:00,5.554,5.429944653,3.833429853,4.722785616,5.158403666,5.834184453,6.226,9.204881447
2021-10-03 14:00:00,4.555,5.200303815,3.511260678,4.178265622,4.95801713,5.327700179,6.028,9.08351063
2021-10-03 15:00:00,4.604,5.392712714,3.699128623,4.698394255,5.238035655,5.924166403,6.295,8.28220633
2021-10-03 16:00:00,4.422,5.333018308,3.604499057,4.573574418,5.097589828,5.765313327,6.315,7.893414279
2021-10-03 17:00:00,4.639,5.801874738,3.849158815,4.883007774,5.156157217,6.15538438,6.159,7.718452926
2021-10-03 18:00:00,5.03,8.2525,4.503631492,5.714231886,6.368591461,7.203080101,6.396,7.758703706
2021-10-03 19:00:00,6.563,7.622786745,5.29839901,6.721873089,7.492454492,8.473852275,6.505,7.497531683
2021-10-03 20:00:00,6.602,8.055380271,5.445051425,6.542097182,7.699847577,8.2525,5.948,6.924374478
2021-10-03 21:00:00,5.942,7.440091296,3.899594439,6.384281775,7.116496633,7.868458803,5.436,6.226001163
2021-10-03 22:00:00,5.198,8.234990507,4.339662245,5.505999352,6.136724849,6.939006224,4.818,3.326770065
2021-10-03 23:00:00,4.162,5.367123656,3.627815647,4.602431867,5.130157635,5.421697788,3.824,5.971533582
2021-10-04 00:00:00,3.733,4.419120525,2.986816286,5.121662308,4.223569287,4.781022013,3.44,3.919872548
2021-10-04 01:00:00,3.28,4.547805992,2.621539822,3.328206565,3.85875649,4.191887353,3.414,2.086
2021-10-04 02:00:00,3.034,3.589005879,2.425517202,3.077322888,3.399041156,3.879156505,3.44,3.725092578
2021-10-04 03:00:00,2.762,3.269499575,3.492970885,2.803859459,2.081,3.53330056,3.452,3.874591049
2021-10-04 04:00:00,2.656,3.142746248,2.114745106,2.730962167,3.28165619,3.343726599,4.02,4.044679656
2021-10-04 05:00:00,2.814,3.475848422,2.24336593,2.853684651,3.180156324,3.596708819,4.538,3.190461844
2021-10-04 06:00:00,3.498,4.133975249,3.497873624,3.545152503,6.009038934,4.469370648,5.316,6.781327221
2021-10-04 07:00:00,4.187,5.931418868,2.589031872,4.043232075,4.46176841,5.047094381,7.19,5.778568717
2021-10-04 08:00:00,4.06,4.838269032,3.163052108,4.147907767,4.619591458,5.228933889,8.786,7.755500696
2021-10-04 09:00:00,4.02,5.046669618,3.397420504,4.322614518,6.164668045,5.433579387,9.622,10.49088433
2021-10-04 10:00:00,4.152,6.044611541,3.510151199,4.456854957,4.967534363,5.618177354,10.609,11.67052255
2021-10-04 11:00:00,4.364,5.156460785,3.484248737,4.420478744,4.21357987,5.572400808,10.578,11.604784
2021-10-04 12:00:00,4.728,5.583762265,3.766983139,4.787515654,5.338139469,6.036611352,10.67,11.72296888
2021-10-04 13:00:00,4.589,5.419715142,4.264187078,4.651951569,5.180626535,6.130492041,10.344,10.48947928
2021-10-04 14:00:00,4.412,5.21078639,3.505886977,4.468684727,4.980222108,5.631227006,10.168,10.15927596
2021-10-04 15:00:00,4.44,5.3373422,4.214996483,4.579451601,5.72473668,5.769892213,9.158,9.040792273
2021-10-04 16:00:00,4.52,5.309309883,3.356888068,4.577414947,5.108073269,5.770430397,8.8,8.320184975
2021-10-04 17:00:00,4.822,6.080137584,3.847248037,5.023825772,5.442158228,6.731557488,8.362,8.354261987
2021-10-04 18:00:00,5.64,6.658146784,4.49859807,6.561473506,6.364910404,7.203884118,7.582,7.995861754
2021-10-04 19:00:00,6.634,7.831548243,5.293690981,6.715911526,7.899296474,8.466354881,7.03,7.654383819
2021-10-04 20:00:00,6.816,8.471845647,4.498171834,6.885835191,7.69076441,8.52,6.336,5.647913201
2021-10-04 21:00:00,6.297,7.43311495,5.024373681,6.37444571,7.104884572,8.03564756,5.615,6.025664635
2021-10-04 22:00:00,5.428,6.822769817,4.325974874,5.493479959,6.124340422,6.689779478,4.75,4.246649999
2021-10-04 23:00:00,4.535,5.190438978,3.618527027,4.597246023,5.116830982,5.840694246,3.686,4.219643133
2021-10-05 00:00:00,3.733,4.406094893,2.977557394,4.351321492,4.21150988,4.782645706,3.562,4.086635265
2021-10-05 01:00:00,3.28,3.908656514,2.081,3.369312466,3.696998359,4.181249149,3.547,3.899012611
2021-10-05 02:00:00,3.034,3.954105407,2.418848081,3.067211761,3.42178752,3.8683456,3.363,3.103189195
2021-10-05 03:00:00,2.762,3.287879399,2.203017698,2.795163071,3.093245296,3.527167087,3.293,3.708723691
2021-10-05 04:00:00,2.656,3.132278323,2.081,2.687433246,2.911493298,3.386398278,4.024,4.253449389
2021-10-05 05:00:00,2.814,3.319255582,2.081,2.455107699,3.172792048,3.58745589,4.552,4.813982171
2021-10-05 06:00:00,3.498,3.860894249,2.863215131,2.215471255,3.944747031,4.461532541,5.534,5.911281835
2021-10-05 07:00:00,4.187,5.209210636,3.186328886,3.392151689,4.722333568,5.327250487,7.06,6.610097093
2021-10-05 08:00:00,4.06,4.791177894,2.081,4.108955018,4.579094414,5.1158935,7.794,8.349855325
2021-10-05 09:00:00,4.02,4.749500491,3.210402977,4.8337565,4.323629554,5.134867534,9.433,10.2656008
2021-10-05 10:00:00,4.152,4.905386968,3.315819631,4.20613795,4.487200572,6.779537451,9.942,11.02207895
2021-10-05 11:00:00,4.364,5.150866098,3.481702646,4.41717562,4.925526615,5.422080919,10.256,11.11617839
2021-10-05 12:00:00,4.728,5.729420507,3.779958137,3.987894166,5.3342267,5.62814899,10.644,9.888429463
2021-10-05 13:00:00,4.589,5.416964268,3.416921581,4.645495646,5.169527177,5.855716726,9.97,10.75837795
2021-10-05 14:00:00,4.412,5.207788965,3.520178516,4.221704006,4.977307087,5.512289573,9.77,10.69865716
2021-10-05 15:00:00,4.44,5.240785143,3.542514648,3.843301018,5.009452085,5.665635188,8.647,9.44145353
2021-10-05 16:00:00,4.52,5.334518184,4.712933823,4.570499699,4.262090479,5.768463672,7.994,8.651226246
2021-10-05 17:00:00,4.822,7.154005426,3.847159819,5.9148253,5.439806164,7.698257754,7.756,6.696344216
2021-10-05 18:00:00,5.64,6.656859815,4.499523048,5.713765089,6.363780202,7.196192121,6.937,7.821453805
2021-10-05 19:00:00,6.634,7.829578109,5.292375422,6.714613404,7.451275592,8.464571821,6.394,7.592701438
2021-10-05 20:00:00,6.816,8.044300213,5.437512894,6.898726006,7.452038102,8.52,5.764,6.690603835
2021-10-05 21:00:00,6.297,7.428936787,5.004245114,6.373359432,7.103733475,8.215708912,4.958,5.804231125
2021-10-05 22:00:00,5.428,6.73273766,4.553397918,5.494046632,6.405447399,6.914220849,4.48,4.748808399
2021-10-05 23:00:00,4.535,5.352713432,3.657304459,4.590270823,5.116294868,5.902483811,3.516,2.941521471
2021-10-06 00:00:00,3.733,4.482622059,2.979502025,3.77759995,4.20553415,4.763153843,3.21,2.423168478
2021-10-06 01:00:00,3.28,3.86660786,2.081,3.319093621,3.699385719,4.184401189,3.369,3.68831438
2021-10-06 02:00:00,3.034,3.214631214,3.126466463,2.809402392,3.404762028,3.622563941,3.171,3.373788338
2021-10-06 03:00:00,2.762,3.239255856,2.20362315,2.081,3.739191737,3.52436174,2.934,3.333551637
2021-10-06 04:00:00,2.656,3.134081224,2.118577078,2.307533709,2.995714272,3.388120738,3.362,3.978230327
2021-10-06 05:00:00,2.814,3.320168322,2.589080331,2.847570114,3.173135543,3.705965882,3.964,4.486655918
2021-10-06 06:00:00,3.498,4.128035469,2.790057317,4.755278186,3.809080393,4.931118828,4.71,5.404614768
2021-10-06 07:00:00,4.187,4.942239676,2.081,5.520264116,4.809571719,5.341081522,6.04,7.337916498
2021-10-06 08:00:00,4.06,4.796931776,3.792800098,4.109153353,4.572042222,5.179744294,7.273,8.142509594
2021-10-06 09:00:00,4.02,4.544652759,3.207608646,4.071387888,5.588007362,5.100270869,9.402,9.77230317
2021-10-06 10:00:00,4.152,4.901510896,3.313670947,4.203004218,4.684621376,5.447012898,9.715,10.51013011
2021-10-06 11:00:00,4.364,5.150374753,3.480829519,4.416207875,5.378060812,5.566967888,10.072,10.77808945
2021-10-06 12:00:00,4.728,5.038689173,3.803936147,4.799824321,5.320880869,7.283267612,10.139,10.90634609
2021-10-06 13:00:00,4.589,5.415078578,3.849475568,4.643986624,5.175880675,5.854008629,9.0,10.34421022
2021-10-06 14:00:00,4.412,4.665708068,3.128360605,4.463819692,4.991630142,5.617893645,8.687,10.31904717
2021-10-06 15:00:00,4.44,5.239261485,2.510931981,4.493047492,5.008394849,5.587706057,7.84,9.212081083
2021-10-06 16:00:00,4.52,5.335464145,3.599314042,4.574117216,5.249786219,5.775247441,7.598,8.705754127
2021-10-06 17:00:00,4.822,5.690070908,3.846321386,4.909095203,5.206862053,6.151289954,7.054,8.735645058
2021-10-06 18:00:00,5.64,6.655402761,4.494268219,5.707446777,6.891828674,7.128022679,6.936,8.705581356
2021-10-06 19:00:00,6.634,6.00555818,5.291555815,6.713577633,7.483625363,8.462987222,7.008,7.441666418
2021-10-06 20:00:00,6.816,7.946273465,5.436864464,6.87145289,7.688140579,8.52,6.482,6.781832117
2021-10-06 21:00:00,6.297,7.430746988,5.022741063,6.369909439,7.102976983,8.030681918,5.297,5.72984719
2021-10-06 22:00:00,5.428,6.405267102,4.32966049,5.49325709,6.699138537,7.360510758,4.336,4.887755502
2021-10-06 23:00:00,4.535,5.352226116,3.61722727,4.584890844,5.115817265,5.785355477,3.696,3.939818382
2021-10-07 00:00:00,3.733,4.405273517,2.979455214,3.842226833,4.210458629,5.32621973,3.306,3.665857015
2021-10-07 01:00:00,3.28,3.854946795,2.616642332,3.310729451,3.118684768,4.190896867,3.244,3.525815322
2021-10-07 02:00:00,3.034,3.580381539,2.419988323,3.0217717,3.422325859,3.870508971,3.084,3.437029744
2021-10-07 03:00:00,2.762,3.259451692,2.201675899,2.795228841,3.114370684,3.005692304,3.068,3.24266295
2021-10-07 04:00:00,2.656,3.134413877,2.119784106,4.150442526,3.584531134,3.332549723,3.635,4.048779729
2021-10-07 05:00:00,2.814,3.320758958,2.244650624,2.224228979,2.267775748,3.589841386,4.254,4.699410696
2021-10-07 06:00:00,3.498,3.937309856,2.827902535,3.537760767,3.945640606,4.399009525,4.986,4.719514096
2021-10-07 07:00:00,4.187,4.940974038,3.339869066,4.446452587,4.722202363,5.341503883,6.511,6.905419237
2021-10-07 08:00:00,4.06,5.269202497,3.33560295,4.109163191,4.575123544,4.557755632,7.534,7.531757254
2021-10-07 09:00:00,4.02,4.741907372,2.891228563,4.068423266,4.534468245,5.103196266,8.517,9.695580915
2021-10-07 10:00:00,4.152,4.901072073,3.311911066,4.201882179,4.683645448,5.296258438,9.5,10.44347546
2021-10-07 11:00:00,4.364,5.149778979,3.480786129,4.416521692,4.918684044,5.568042753,9.202,10.65477036
2021-10-07 12:00:00,4.728,5.579065553,3.77128721,4.784866106,5.235728612,6.031927743,9.679,10.55031609
2021-10-07 13:00:00,4.589,5.068655865,3.660458757,4.644136614,4.736935718,6.968618772,9.422,10.11049895
2021-10-07 14:00:00,4.412,5.551040593,3.819833412,4.469402496,4.742987524,5.627957241,9.318,10.29125494
2021-10-07 15:00:00,4.44,5.238942297,3.541588509,4.493523326,5.008115002,5.700801239,8.49,9.354154368
2021-10-07 16:00:00,4.52,5.334168391,3.605401591,4.570226168,5.090975858,6.549933974,8.066,9.208147388
2021-10-07 17:00:00,4.822,5.689902631,3.846340636,4.880018398,5.439062242,6.223035926,7.954,9.294566441
2021-10-07 18:00:00,5.64,6.65569723,4.498839782,5.715086969,5.564032298,6.661058989,7.376,7.688068184
2021-10-07 19:00:00,6.634,7.829751346,5.175146585,6.712906221,7.420633043,7.973138069,6.998,7.702310621
2021-10-07 20:00:00,6.816,8.130282508,5.002017025,6.867297535,7.317954602,8.52,6.333,7.509341711
2021-10-07 21:00:00,6.297,7.430216518,4.714840636,6.372766904,7.102835063,8.179229107,5.336,5.622655151
2021-10-07 22:00:00,5.428,6.405417418,4.329744992,5.493259473,6.122580498,6.924625786,4.556,4.963366607
2021-10-07 23:00:00,4.535,6.562246458,3.617478928,4.589828945,5.115546051,5.883999006,3.658,3.457641797
2021-10-08 00:00:00,3.733,4.404391276,2.977524311,3.779316106,4.210512245,4.764693226,3.343,3.602287708
2021-10-08 01:00:00,3.28,3.872621607,2.617827356,3.321047199,3.701861615,4.186661635,3.202,3.979505732
2021-10-08 02:00:00,3.034,3.558358669,2.41952935,3.199885055,2.899032516,3.869512166,3.157,3.423842052
2021-10-08 03:00:00,2.762,3.259137585,2.081,2.795422607,3.192229959,3.662525054,3.174,3.315011392
2021-10-08 04:00:00,2.656,3.134155756,2.081,3.162054039,4.262768849,4.690862707,3.865,4.045064223
2021-10-08 05:00:00,2.814,3.320555015,2.244519137,2.838251203,3.173969312,3.570952582,4.338,4.495004366
2021-10-08 06:00:00,3.498,4.128034225,2.796705733,3.541313767,3.946177472,4.462632531,5.105,5.51315149
2021-10-08 07:00:00,4.187,4.940839541,3.444413725,4.188498574,5.036076477,4.87335328,6.272,8.349296137
2021-10-08 08:00:00,4.06,4.791017296,3.379260597,4.108693335,4.613748099,5.179387083,7.722,8.522324011
2021-10-08 09:00:00,4.02,4.743864296,3.204549255,4.068148879,4.534524165,5.128380132,8.718,10.04411243
2021-10-08 10:00:00,4.152,4.899655081,3.357706151,4.201896301,4.68334257,5.294070725,9.464,10.07274381
2021-10-08 11:00:00,4.364,5.150471934,3.482203698,4.289125049,4.922640241,5.269181278,9.524,10.29856688
2021-10-08 12:00:00,4.728,5.659581098,3.77140092,4.785185404,5.333126532,5.78608829,9.856,10.74936751
2021-10-08 13:00:00,4.589,5.41193019,3.66254788,4.644069352,5.176342236,4.934078017,9.503,10.48790485
2021-10-08 14:00:00,4.412,5.206582385,3.225222742,4.465092677,4.97670875,5.628618877,9.353,10.09024904
2021-10-08 15:00:00,4.44,5.239618617,3.54172261,4.49269016,5.008698651,5.664359759,8.64,10.40627374
2021-10-08 16:00:00,4.52,5.331250984,3.605660466,4.574163084,5.09860774,5.520847337,8.174,9.102791155
2021-10-08 17:00:00,4.822,5.690524175,3.846693901,4.880116988,6.351468651,5.350016848,7.701,8.532263137
2021-10-08 18:00:00,5.64,6.655781804,4.498943212,5.707890874,6.362001638,7.195492732,7.142,7.328216052
2021-10-08 19:00:00,6.634,7.702097636,5.290770802,6.71257658,7.688848837,8.446489234,6.958,7.557716984
2021-10-08 20:00:00,6.816,8.043683789,5.437271842,6.982522509,6.774966454,8.52,6.042,6.759817073
2021-10-08 21:00:00,6.297,7.401458231,5.022921731,5.983200213,7.278381856,8.129679787,5.251,5.764289402
2021-10-08 22:00:00,5.428,6.405854322,4.329228527,5.353867148,6.123080212,6.924912581,4.422,4.9092979
2021-10-08 23:00:00,4.535,5.6865939,3.499037713,4.589925827,5.115337803,5.787638601,3.796,4.124684153
2021-10-09 00:00:00,3.544,4.934352815,3.943281365,4.192733678,4.790517063,4.761585563,3.242,2.399296397
2021-10-09 01:00:00,3.288,3.868787059,2.624834957,3.322683882,3.699704791,4.186115468,2.89,3.34992804
2021-10-09 02:00:00,2.922,3.583579992,2.419273722,3.068619775,3.781824125,3.868235396,2.835,3.284095992
2021-10-09 03:00:00,2.818,3.257305631,2.201803557,2.793081126,3.11289988,3.521259921,2.951,3.275613955
2021-10-09 04:00:00,2.741,3.131326193,2.325735122,4.500238523,3.654913465,3.385173021,3.558,3.73369111
2021-10-09 05:00:00,2.55,3.316741283,2.241212408,3.958470771,3.261792871,3.585604931,3.914,4.394449982
2021-10-09 06:00:00,2.646,4.122673929,2.935540099,3.432543964,4.057437234,4.4569085,4.251,5.411733881
2021-10-09 07:00:00,2.856,4.934259673,3.335292747,4.232282951,4.71643703,5.325101325,4.771,7.970323757
2021-10-09 08:00:00,3.974,4.782459621,3.232189014,4.341107735,4.563502405,5.170187875,5.204,6.433247431
2021-10-09 09:00:00,4.253,4.733220061,3.199340222,4.059110793,4.524191234,5.116789401,6.129,9.706876325
2021-10-09 10:00:00,4.414,4.886158345,3.311353708,4.190305412,4.670368447,5.851113832,7.418,10.67078843
2021-10-09 11:00:00,4.978,5.101061573,3.411427135,4.373113209,4.874081225,5.504124771,7.797,8.96655
2021-10-09 12:00:00,5.584,5.524987049,3.728283703,4.738192044,5.281044418,5.971998457,7.779,10.91529467
2021-10-09 13:00:00,5.554,5.355099614,3.621045959,4.828172528,5.11244263,5.780947048,7.409,10.48879562
2021-10-09 14:00:00,4.555,5.098266657,3.58065898,4.988011588,4.917160385,6.036105005,7.363,10.36618159
2021-10-09 15:00:00,4.604,5.173384428,3.496860962,5.08694763,4.942596201,5.423633918,6.766,9.642227273
2021-10-09 16:00:00,4.422,5.850536483,3.310028865,4.743488059,5.031458304,5.690476262,6.673,8.9162264
2021-10-09 17:00:00,4.639,5.31493499,3.796308168,4.992428794,5.681612898,6.071413347,6.476,8.483605989
2021-10-09 18:00:00,5.03,6.587855534,4.454702878,5.656169603,6.269849507,6.597379529,6.612,7.499687559
2021-10-09 19:00:00,6.563,7.751891761,5.239869005,5.32393119,7.413185508,8.380905202,6.64,7.549923789
2021-10-09 20:00:00,6.602,8.2525,5.382396974,6.663985069,7.612246133,8.2525,6.024,5.259729026
2021-10-09 21:00:00,5.942,7.349098737,4.940896644,6.302456598,6.526066043,7.94129753,5.455,5.665133774
2021-10-09 22:00:00,5.198,5.851409257,4.285710672,5.421567883,6.177493152,6.832708865,5.124,4.694150681
2021-10-09 23:00:00,4.162,5.269092703,3.095879717,5.44884393,5.237892811,5.695838348,4.513,3.985058615
2021-10-10 00:00:00,3.544,4.228098359,2.921293656,3.706149599,3.989551328,4.672143496,4.004,3.638229523
2021-10-10 01:00:00,3.288,3.788744986,2.561222289,3.249409704,3.525644823,4.100790014,3.18,4.124782865
2021-10-10 02:00:00,2.922,3.496263827,2.359712976,2.998370793,3.269868357,3.77969048,3.038,3.158873498
2021-10-10 03:00:00,2.818,3.176066136,2.159301011,2.942483719,3.03495643,4.118070683,3.017,3.22136189
2021-10-10 04:00:00,2.741,3.052441944,2.081,2.459553213,3.134096798,3.299924509,3.23,3.741258403
2021-10-10 05:00:00,2.55,3.242937833,2.191788858,2.781331476,3.097354431,3.532260072,3.327,4.60501387
2021-10-10 06:00:00,2.646,4.073041629,2.752590063,3.493485803,3.893458263,4.403444842,3.434,5.418427328
2021-10-10 07:00:00,2.856,4.889293717,2.704199924,4.304949467,4.653159665,5.285500454,3.966,6.79248607
2021-10-10 08:00:00,3.974,4.741869733,3.205247222,4.066569954,4.525139919,5.837102154,4.312,8.387519009
2021-10-10 09:00:00,4.253,4.813184657,3.175008348,3.285800574,4.487858362,5.077819807,4.653,9.773046065
2021-10-10 10:00:00,4.414,4.857887582,3.544605076,3.665233547,4.959211404,4.883079057,5.486,10.93240607
2021-10-10 11:00:00,4.978,4.305894649,4.389926511,4.380490049,4.882442841,5.643963724,6.117,7.71075
2021-10-10 12:00:00,5.584,6.987722272,3.744742942,4.75119537,5.295313135,5.988551239,6.41,9.924610375
2021-10-10 13:00:00,5.554,5.411041283,4.526866512,4.640494471,5.172178323,5.849446398,6.705,10.84528235
2021-10-10 14:00:00,4.555,5.620027738,2.216402094,4.463184947,4.974660227,5.620128386,6.408,9.728267638
2021-10-10 15:00:00,4.604,5.238350836,2.903837798,4.493621098,4.873247977,5.690130794,6.324,10.54528232
2021-10-10 16:00:00,4.422,5.333520302,3.605174006,4.573911983,5.784006282,5.982310707,6.344,9.403964413
2021-10-10 17:00:00,4.639,5.504423835,3.846226686,4.880362729,5.209966402,6.151499241,6.292,8.361280663
2021-10-10 18:00:00,5.03,7.111088136,3.912820092,4.959958596,6.361913349,7.195097593,6.3,6.721196597
2021-10-10 19:00:00,6.563,7.943885066,5.699748147,5.906575881,7.481561755,8.532808749,6.026,7.867423227
2021-10-10 20:00:00,6.602,8.04350181,5.679814127,6.897939668,7.24912334,8.696410311,5.509,6.908750332
2021-10-10 21:00:00,5.942,7.319541455,5.022986728,6.372313106,7.103019873,8.2525,5.272,5.837980882
2021-10-10 22:00:00,5.198,6.405982992,5.599135989,5.490824757,6.122867549,6.92577473,4.632,4.9280246
2021-10-10 23:00:00,4.162,5.283731268,3.618461966,3.941361029,5.116000986,5.785880585,3.714,2.086
2021-10-11 00:00:00,3.733,4.40518151,2.977682653,3.778822969,4.210737081,5.595124426,3.24,3.607082871
2021-10-11 01:00:00,3.28,3.862659864,2.616231529,3.321116247,5.486039716,4.122044823,3.188,3.71342896
2021-10-11 02:00:00,3.034,3.548621441,2.418813828,3.075399119,3.427744783,4.175552518,3.244,2.726489487
2021-10-11 03:00:00,2.762,3.022187474,2.203169269,2.928898985,3.261020118,3.518789037,3.294,3.448253024
2021-10-11 04:00:00,2.656,3.132597448,2.081,2.765309284,2.836937231,3.388340848,3.566,4.186291737
2021-10-11 05:00:00,2.814,3.988858578,2.244618068,2.847918682,3.138811044,2.913987991,4.366,4.574359144
2021-10-11 06:00:00,3.498,4.12847676,2.790076637,3.541725243,4.514559263,4.462356261,5.313,5.419134892
2021-10-11 07:00:00,4.187,4.855852513,3.339786265,4.238831647,4.722935325,5.481265999,6.532,7.068255023
2021-10-11 08:00:00,4.06,4.043028471,3.238936588,4.108586897,4.579644099,5.179500116,7.668,7.254761737
2021-10-11 09:00:00,4.02,5.340554281,4.167253579,3.976423051,5.837234916,5.115225451,9.5,8.920848492
2021-10-11 10:00:00,4.152,4.899681151,3.30733687,4.175281823,3.633150289,5.297506128,10.702,11.64942776
2021-10-11 11:00:00,4.364,4.376269185,3.48316101,4.416417709,4.922434545,5.567153355,11.002,12.16667798
2021-10-11 12:00:00,4.728,5.491100025,3.770756289,4.915400756,5.332763037,6.044601612,10.898,12.08024392
2021-10-11 13:00:00,4.589,5.418891062,3.662295094,4.450195062,5.176255228,4.406038145,10.08,10.91188228
2021-10-11 14:00:00,4.412,4.360772161,3.52059276,4.391353675,6.242492068,5.636779746,10.101,11.06285007
2021-10-11 15:00:00,4.44,4.107071747,2.937842203,4.467412897,5.487805756,5.32987595,9.5,10.73235174
2021-10-11 16:00:00,4.52,5.217157861,3.605459906,4.574344455,4.856129166,5.766099862,8.736,9.488097346
2021-10-11 17:00:00,4.822,5.995704215,3.84479485,4.862037281,5.438371196,6.150431711,8.106,9.0848732
2021-10-11 18:00:00,5.64,6.65560892,4.498878231,5.739848476,6.361875094,7.400955412,7.553,8.210781323
2021-10-11 19:00:00,6.634,7.879003052,5.291158908,6.713134282,8.419494044,8.294795012,7.281,7.844549154
2021-10-11 20:00:00,6.816,7.519174655,5.436958119,6.89673679,7.687675275,8.52,6.31,6.025135054
2021-10-11 21:00:00,6.297,7.229336493,5.996966808,6.370773525,7.054194614,8.269292864,5.258,5.865670174
2021-10-11 22:00:00,5.428,6.404930567,4.329727265,5.493473714,6.121979579,6.860361052,4.386,5.039136565
2021-10-11 23:00:00,4.535,5.351545376,2.821382321,4.589539158,5.11540937,6.81516695,3.658,3.97455141
2021-10-12 00:00:00,3.733,4.395921012,2.977715547,3.777916295,4.210889392,4.761522151,3.279,3.64967981
2021-10-12 01:00:00,3.28,3.870593569,3.964517115,3.319386393,4.411248912,4.185767744,3.188,3.668790559
2021-10-12 02:00:00,3.034,3.580239477,2.596076299,3.122739968,3.422008129,3.891115226,3.232,3.574624736
2021-10-12 03:00:00,2.762,3.258129632,2.203078639,2.795207784,2.081,2.542020955,3.113,3.704666581
2021-10-12 04:00:00,2.656,3.13417134,2.118770577,2.687998217,2.995929867,3.388273443,3.804,3.980685394
2021-10-12 05:00:00,2.814,3.315292015,2.2445206,3.068554933,3.174386125,3.589923619,4.27,4.687054729
2021-10-12 06:00:00,3.498,4.127954419,2.790254712,3.541406821,3.945693025,4.463712403,5.064,5.741587835
2021-10-12 07:00:00,4.187,5.4291494,3.327579464,4.237338507,4.731680609,5.340188667,6.348,6.513127026
2021-10-12 08:00:00,4.06,4.832088567,2.120163712,4.10889014,4.579635363,5.780181368,7.848,8.485691728
2021-10-12 09:00:00,4.02,4.743883738,2.915935888,4.059894898,4.534475287,5.724093417,9.486,10.33118024
2021-10-12 10:00:00,4.152,4.899652709,3.312103963,4.040073322,4.68340402,4.650442812,10.342,11.48054032
2021-10-12 11:00:00,4.364,5.14809619,3.481019894,4.803287296,4.918906425,5.704965537,10.735,11.91787355
2021-10-12 12:00:00,4.728,5.578128897,3.779379179,4.785718228,5.566519018,6.031640833,11.351,12.03625906
2021-10-12 13:00:00,4.589,5.415368631,3.669303455,4.644155502,4.875024566,5.854316475,10.984,10.68775276
2021-10-12 14:00:00,4.412,5.421844403,3.519302384,4.465088746,4.97663526,5.62847353,10.779,10.5061076
2021-10-12 15:00:00,4.44,5.351536916,2.793844899,4.493539353,5.008142536,5.663552497,9.794,8.949376693
2021-10-12 16:00:00,4.52,5.345328814,3.605455998,5.354270965,5.098431861,5.766726789,9.2,9.98900754
2021-10-12 17:00:00,4.822,5.673977617,3.847194322,4.87522006,5.465177338,6.151476959,8.457,9.254333318
2021-10-12 18:00:00,5.64,6.655572839,4.498788221,5.663764806,6.361795276,7.195033107,7.826,8.491832254
2021-10-12 19:00:00,6.634,6.987109976,5.29145346,8.078071056,7.482989526,8.520441239,7.358,6.478935978
2021-10-12 20:00:00,6.816,8.106555547,5.436874367,6.904438132,7.689217243,8.52,6.169,7.02881481
2021-10-12 21:00:00,6.297,7.242097662,5.020003416,6.37064688,7.102852416,7.762929518,5.422,3.745325862
2021-10-12 22:00:00,5.428,6.419423649,4.329753727,5.49225092,6.122612134,6.916306726,4.62,4.980275545
2021-10-12 23:00:00,4.535,5.351625809,3.652995273,4.589434952,5.115319823,5.785417895,4.03,4.540047284
2021-10-13 00:00:00,3.733,4.405175161,2.973395405,3.776901893,4.209859854,5.002288727,3.596,3.522833505
2021-10-13 01:00:00,3.28,3.87032922,2.711393009,3.161018671,3.654778352,4.706792463,3.448,3.701862503
2021-10-13 02:00:00,3.034,3.580306459,2.419480552,3.070412828,3.421685119,3.798507821,3.402,3.711204667
2021-10-13 03:00:00,2.762,3.510197335,2.203026918,2.795174968,2.75896833,3.283595318,3.478,2.086
2021-10-13 04:00:00,2.656,2.966758691,2.118542495,2.685180771,2.253490038,3.388305571,3.882,4.289281198
2021-10-13 05:00:00,2.814,3.32083722,2.244710135,2.847807187,3.738020827,2.627193674,4.118,4.652723527
2021-10-13 06:00:00,3.498,4.127884734,2.79194026,3.540071177,3.945707655,4.462435603,4.97,5.615952183
2021-10-13 07:00:00,4.187,4.945079459,3.817554933,4.959457146,4.722836354,5.341465048,6.275,6.975760842
2021-10-13 08:00:00,4.06,4.791080117,3.238690288,4.030175959,4.578580062,6.10985918,7.806,8.78208025
2021-10-13 09:00:00,4.02,4.801199835,3.206624253,4.068317249,4.534489926,5.090048634,9.344,10.13888842
2021-10-13 10:00:00,4.152,4.899673591,3.311921032,4.202576935,4.683543731,5.002678142,10.735,10.33916097
2021-10-13 11:00:00,4.364,5.149804637,4.218204969,4.416856934,4.922650546,5.572005888,10.686,11.63996719
2021-10-13 12:00:00,4.728,5.579356003,3.612745583,5.632468242,5.333042739,5.766359227,10.668,11.75256803
2021-10-13 13:00:00,4.589,5.299871534,3.660466638,4.644154213,5.176259519,5.85463691,9.442,10.38406142
2021-10-13 14:00:00,4.412,5.206487081,3.523184386,4.464546614,5.390233467,5.630679914,8.916,10.51017416
2021-10-13 15:00:00,4.44,5.239556104,3.053654384,4.391392726,5.0083804,5.663333285,8.017,10.29616786
2021-10-13 16:00:00,4.52,5.435750719,3.72287191,4.045962392,5.576177568,5.865585467,7.377,7.970586606
2021-10-13 17:00:00,4.822,5.429195516,3.93571105,5.730814919,5.439099938,6.151604412,7.824,8.918144325
2021-10-13 18:00:00,5.64,6.655646637,4.49902716,5.708557469,6.466442945,7.195080697,7.674,8.394708719
2021-10-13 19:00:00,6.634,7.828584351,5.291559467,6.70116625,7.483344493,8.463137622,7.424,7.947769141
2021-10-13 20:00:00,6.816,8.043409049,5.436878628,6.898062781,8.25718319,8.52,6.565,7.59443225
2021-10-13 21:00:00,6.297,7.430897909,5.016731217,5.187425407,7.102861808,8.032738313,5.556,5.745194423
2021-10-13 22:00:00,5.428,6.40537102,4.329723221,5.493230892,6.122652638,6.924676158,4.252,4.76711545
2021-10-13 23:00:00,4.535,5.351593399,3.617419855,4.588606344,4.758909132,5.785456721,3.47,3.958366143
2021-10-14 00:00:00,3.733,4.405044093,3.398039212,3.683107426,4.21065555,4.76216597,3.219,3.607805026
2021-10-14 01:00:00,3.28,3.87096315,2.616558452,2.57189547,3.699850975,4.184683342,3.114,3.53198049
2021-10-14 02:00:00,3.034,3.575820253,2.420059462,3.13801734,3.422292943,3.870510459,3.158,3.802801764
2021-10-14 03:00:00,2.762,3.258657835,2.202954011,2.795284369,3.115352328,3.524049333,3.228,3.494859159
2021-10-14 04:00:00,2.656,3.134265159,2.118553148,2.081,2.996519301,3.388236137,3.681,3.969341004
2021-10-14 05:00:00,2.814,3.305617938,2.196573768,2.97479856,2.376020053,3.5852641,4.156,4.373911214
2021-10-14 06:00:00,3.498,4.302232086,2.79021156,3.539791829,3.945591516,4.462440228,5.103,2.086
2021-10-14 07:00:00,4.187,4.651845813,3.339804861,4.23728778,4.548527445,5.34129918,6.152,3.601518893
2021-10-14 08:00:00,4.06,4.504178955,3.23654077,3.996040051,4.494502199,5.17928571,7.254,8.270755616
2021-10-14 09:00:00,4.02,4.744596189,3.20696884,4.055629156,4.534270159,3.648695567,8.802,9.787597277
2021-10-14 10:00:00,4.152,5.667823711,4.084127943,4.195446376,4.053497929,5.296689189,9.24,8.847728542
2021-10-14 11:00:00,4.364,5.149959687,3.45025368,5.138147038,4.92257953,5.566935047,9.326,11.04820684
2021-10-14 12:00:00,4.728,5.47441697,4.543580699,4.784821543,5.331981627,6.031629501,9.567,8.671990277
2021-10-14 13:00:00,4.589,4.954427529,3.284441114,4.644118274,5.180898282,4.87922517,8.914,11.00205
2021-10-14 14:00:00,4.412,5.206491829,2.628440225,4.316216873,4.976565437,5.629033857,8.694,10.18246319
2021-10-14 15:00:00,4.44,5.239364854,3.541269724,5.015805869,5.008189224,5.664255044,8.659,10.02920558
2021-10-14 16:00:00,4.52,5.329833175,3.605483123,4.645933137,5.629524286,5.579050165,8.498,8.938724135
2021-10-14 17:00:00,4.822,5.69032328,3.846351031,4.935628505,5.584974213,6.065852288,8.099,8.66488297
2021-10-14 18:00:00,5.64,6.656224486,4.562781101,5.70750216,6.361803427,7.195062327,7.29,7.933620843
2021-10-14 19:00:00,6.634,7.735452589,2.872859854,6.675818123,7.480798446,8.422063179,6.864,7.455368471
2021-10-14 20:00:00,6.816,8.043331383,6.120507515,6.973132891,7.688313742,8.4025988,5.776,6.484036637
2021-10-14 21:00:00,6.297,6.597116138,5.022926687,6.373549862,7.10279571,8.00083102,4.796,5.640881921
2021-10-14 22:00:00,5.428,6.279981284,4.330265291,6.347481857,6.122805434,6.493312654,4.181,4.853226517
2021-10-14 23:00:00,4.535,5.351755229,3.617520996,4.589628533,5.020983946,5.785565551,3.3,4.358151715
2021-10-15 00:00:00,3.733,4.404955103,2.977613514,3.777700038,4.209786064,4.489972801,2.885,3.326087754
2021-10-15 01:00:00,3.28,3.872693515,2.618127079,3.321175488,3.702262377,4.186825022,2.867,3.207860438
2021-10-15 02:00:00,3.034,3.578885454,3.806400928,2.68654037,4.351428369,3.869205576,2.845,3.185837345
2021-10-15 03:00:00,2.762,3.260039822,2.202885875,2.756631336,2.73149636,3.524763522,2.981,3.425574242
2021-10-15 04:00:00,2.656,3.134090784,2.118476335,2.688747891,2.193726077,3.401558913,3.249,3.74836608
2021-10-15 05:00:00,2.814,3.319812771,2.244427882,2.847637521,3.174037704,3.589987616,3.69,4.068679358
2021-10-15 06:00:00,3.498,4.812358117,2.789814219,3.539929038,3.944144493,4.364850904,4.62,2.086
2021-10-15 07:00:00,4.187,4.940941751,3.339755342,4.237284003,4.209980763,5.542063223,5.87,5.850280479
2021-10-15 08:00:00,4.06,4.576033368,3.238416569,4.158803752,4.842154087,5.175533208,7.629,8.209073456
2021-10-15 09:00:00,4.02,4.743779706,3.206680095,4.068285351,4.534315833,5.128460065,8.832,9.629114552
2021-10-15 10:00:00,4.152,4.899688012,3.311957795,4.182303767,4.683399575,5.296849176,9.267,10.19142957
2021-10-15 11:00:00,4.364,5.134464305,3.481031926,4.6077863,5.045252642,5.567323954,9.608,10.54742747
2021-10-15 12:00:00,4.728,5.197577447,4.15549298,4.78472852,5.333125651,6.405270018,10.073,11.07801253
2021-10-15 13:00:00,4.589,5.37034691,3.661299298,4.644170064,5.105348548,5.854405743,9.806,9.020692901
2021-10-15 14:00:00,4.412,4.641561906,3.519338343,3.492501685,4.976197953,5.628886155,9.616,9.038790705
2021-10-15 15:00:00,4.44,5.23849902,2.821704802,4.493504439,5.070898801,5.664337925,9.198,10.39637236
2021-10-15 16:00:00,4.52,5.246805342,3.605705997,4.574420936,5.114621194,5.766437738,8.258,8.369248798
2021-10-15 17:00:00,4.822,5.69055929,3.802837118,4.694344701,6.562162683,5.680824547,7.614,8.406892419
2021-10-15 18:00:00,5.64,6.654860702,4.469151575,5.707975195,6.257737335,6.517342265,7.322,7.786090426
2021-10-15 19:00:00,6.634,7.827619705,5.291131849,6.699112929,8.116582299,8.465744009,6.559,7.614058551
2021-10-15 20:00:00,6.816,7.406560084,5.437111944,6.892195269,7.688510097,8.52,5.829,6.415079612
2021-10-15 21:00:00,6.297,7.429921848,5.015062006,6.106977357,5.731687918,8.033641973,5.25,5.774082753
2021-10-15 22:00:00,5.428,6.405867389,4.330099872,7.098748524,6.63674679,6.925326392,4.517,4.759974308
2021-10-15 23:00:00,4.535,5.352700919,3.61774698,5.880850322,4.72516163,5.782347987,3.564,3.810942974
2021-10-16 00:00:00,3.544,4.404570303,2.786941156,4.28501387,4.155812243,4.761530887,3.059,3.354275912
2021-10-16 01:00:00,3.288,4.174072279,2.616854771,3.186511446,3.947990146,4.165186838,2.834,3.164079152
2021-10-16 02:00:00,2.922,3.577567187,2.081,3.067625474,3.418949479,3.873388265,2.87,3.316574563
2021-10-16 03:00:00,2.818,3.257106301,2.245826925,2.827936553,3.113321969,3.521061163,3.063,3.364341792
2021-10-16 04:00:00,2.741,2.768078752,2.116525353,2.505789825,2.989578407,3.384962692,3.651,2.086
2021-10-16 05:00:00,2.55,3.316549303,2.081,3.184527167,2.987196891,3.585425575,3.741,3.868203365
2021-10-16 06:00:00,2.646,4.12248337,2.786573816,3.535390662,3.94444354,4.460861936,4.35,5.210083603
2021-10-16 07:00:00,2.856,4.937583772,3.335089868,3.938569417,4.714213033,5.418279967,4.794,5.337381685
2021-10-16 08:00:00,3.974,4.780857498,3.168787602,4.081490697,4.948428593,5.171960563,5.042,8.323429206
2021-10-16 09:00:00,4.253,4.732706311,2.56920402,4.059026684,3.320124023,5.042972201,6.63,9.782021317
2021-10-16 10:00:00,4.414,4.852567477,3.309388101,4.178638909,4.501173101,5.245842963,7.352,10.69508912
2021-10-16 11:00:00,4.978,5.09803397,3.446326628,4.132968922,4.872837856,5.588893216,7.634,10.32656565
2021-10-16 12:00:00,5.584,5.524294565,3.734014455,4.737573416,5.280427551,4.600537188,8.011,9.21265
2021-10-16 13:00:00,5.554,5.356302803,3.618498808,4.593548897,5.574335915,5.790667442,7.579,8.383373406
2021-10-16 14:00:00,4.555,5.143502182,3.630729634,4.411030169,4.947636139,5.560413876,7.47,9.800433198
2021-10-16 15:00:00,4.604,5.17265478,3.496485738,4.909774189,4.944249124,5.591699958,6.956,9.993235381
2021-10-16 16:00:00,4.422,5.262838634,4.035284372,4.513581969,6.145111972,5.788168725,6.787,7.339134264
2021-10-16 17:00:00,4.639,5.615376138,3.795682113,4.815958576,4.041151724,6.279723598,6.868,8.515103594
2021-10-16 18:00:00,5.03,7.022236805,4.451739468,5.647776809,6.29519502,7.119766945,7.138,5.679306795
2021-10-16 19:00:00,6.563,7.750619008,5.239118709,6.646878252,7.408540454,8.378996495,6.77,7.237991524
2021-10-16 20:00:00,6.602,8.013579134,5.381808549,6.42192005,7.610771622,8.2525,6.026,6.385242825
2021-10-16 21:00:00,5.942,7.348253063,4.966510582,6.301288237,7.02330638,7.330718808,5.772,5.934859754
2021-10-16 22:00:00,5.198,6.835088181,4.27296953,5.03985278,7.452519264,5.871190288,5.116,2.086
2021-10-16 23:00:00,4.162,5.269138469,3.560490063,3.79860476,5.034846099,5.163152766,4.289,4.062270609
2021-10-17 00:00:00,3.544,4.533812901,2.920358782,3.702442603,4.128784693,4.671551787,3.739,2.69838112
2021-10-17 01:00:00,3.288,3.787513525,2.081,3.248134842,3.62074135,3.236125071,3.366,3.468333401
2021-10-17 02:00:00,2.922,3.494257547,2.383485835,2.730632582,3.376639493,3.777405381,3.256,3.109626717
2021-10-17 03:00:00,2.818,3.16996578,2.145923613,2.971447792,3.034985135,3.892338271,3.056,3.546022373
2021-10-17 04:00:00,2.741,3.720442955,2.081,2.661622594,2.918386124,3.298044096,3.274,2.75674597
2021-10-17 05:00:00,2.55,3.241396782,2.192463992,2.779774247,3.098368935,3.504247498,3.427,4.203314745
2021-10-17 06:00:00,2.646,4.071625608,2.725214357,3.492895028,3.891933744,4.401822467,4.015,7.295440416
2021-10-17 07:00:00,2.856,4.407132395,3.3026795,4.319546169,4.67295635,5.110627627,4.412,5.951318931
2021-10-17 08:00:00,3.974,4.740566126,3.20475052,4.065538877,4.677152719,5.124826253,4.809,9.781995305
2021-10-17 09:00:00,4.253,4.695723012,3.174146465,3.626575878,3.657867399,6.301381496,5.198,9.896254056
2021-10-17 10:00:00,4.414,4.851037499,3.735449431,4.81271518,4.420014195,5.247394621,5.903,10.52042815
2021-10-17 11:00:00,4.978,6.377730146,3.452736829,5.662213277,4.881065948,6.071773982,6.06,10.42253984
2021-10-17 12:00:00,5.584,5.538427782,3.743669619,4.748324879,5.294231631,5.986028446,6.714,8.1995
2021-10-17 13:00:00,5.554,5.410657533,3.048051089,4.972968324,5.344085767,5.846732367,6.96,9.22892971
2021-10-17 14:00:00,4.555,5.203860842,3.518127675,4.462859519,4.976201959,5.673472373,7.13,10.01144442
2021-10-17 15:00:00,4.604,4.94946348,3.541410971,4.492418025,5.007066709,5.537836972,6.264,9.578107798
2021-10-17 16:00:00,4.422,5.333459289,3.605106504,4.57391167,5.748319776,5.765871155,5.854,7.230388702
2021-10-17 17:00:00,4.639,5.690076685,5.45132737,4.879816778,4.568750438,6.498248358,6.403,8.247551169
2021-10-17 18:00:00,5.03,6.656677036,4.505325783,5.709988566,6.361822821,7.195197492,6.428,7.646482186
2021-10-17 19:00:00,6.563,7.827119216,4.941153527,6.645791704,7.481337873,7.65621798,6.086,6.897417475
2021-10-17 20:00:00,6.602,7.828090909,5.435712626,6.501115143,7.600895051,8.2525,5.54,6.383657158
2021-10-17 21:00:00,5.942,7.440605891,5.022421014,6.372849282,7.109026007,8.033169195,5.341,5.85707684
2021-10-17 22:00:00,5.198,5.843724668,5.710791003,5.492953463,6.121469124,6.925003815,4.325,4.518726979
2021-10-17 23:00:00,4.162,6.139130115,3.617715901,4.543663616,5.395079123,5.785869336,3.422,2.086
2021-10-18 00:00:00,3.733,4.405429617,5.175509558,3.775960068,4.212009408,4.594877695,3.202,3.961390249
2021-10-18 01:00:00,3.28,3.884740609,3.791136367,3.320548498,3.701062789,4.428108592,3.071,2.086
2021-10-18 02:00:00,3.034,3.594417366,2.5063928,3.068926192,2.816418848,3.868445978,3.133,3.479816064
2021-10-18 03:00:00,2.762,3.236546806,2.220392911,2.789898355,3.114843725,3.523669931,3.108,3.436170945
2021-10-18 04:00:00,2.656,3.134291728,2.392710382,2.081,2.928011268,3.392934849,3.654,5.248565915
2021-10-18 05:00:00,2.814,3.026403133,2.244645815,2.817343236,2.550539592,2.782084999,3.95,5.118556653
2021-10-18 06:00:00,3.498,4.733977768,2.791312102,4.006955048,3.945697499,4.463973797,5.352,5.645150567
2021-10-18 07:00:00,4.187,6.564115257,2.561389633,4.234563115,4.194533454,5.341504575,6.761,4.974234043
2021-10-18 08:00:00,4.06,4.784676303,3.238079987,4.979894607,4.574066445,5.180342963,7.597,8.313304639
2021-10-18 09:00:00,4.02,4.788306118,3.235819462,4.066873801,4.534629014,5.12846889,9.18,10.45017165
2021-10-18 10:00:00,4.152,4.895899518,3.311693386,4.200415831,4.683408053,5.295471524,9.963,11.38882769
2021-10-18 11:00:00,4.364,5.896715264,3.480662172,3.728030595,4.922306782,5.568084201,9.388,10.28096793
2021-10-18 12:00:00,4.728,4.681334197,3.526899304,4.556318913,5.353439661,6.431926373,9.942,10.22840189
2021-10-18 13:00:00,4.589,5.173336572,3.66052446,4.664562445,5.157174048,5.85435,9.753,9.223171294
2021-10-18 14:00:00,4.412,5.206056034,3.519309054,5.137366197,4.825769014,5.628302376,9.044,9.897721236
2021-10-18 15:00:00,4.44,4.500634824,3.54166922,4.493298631,4.537670577,5.664049698,8.744,9.704396081
2021-10-18 16:00:00,4.52,5.33400874,3.605483975,4.258473286,5.119414514,5.766281182,8.274,7.6982524
2021-10-18 17:00:00,4.822,5.690867847,4.303687368,4.87999524,5.438909251,6.151606058,7.581,8.217142657
2021-10-18 18:00:00,5.64,6.655586611,4.208171074,5.853665283,6.361952926,6.297044608,6.94,7.574342294
2021-10-18 19:00:00,6.634,7.824022092,5.272080958,6.70570401,7.494173534,8.292520598,6.373,7.049279838
2021-10-18 20:00:00,6.816,8.52,5.430644545,6.897949521,7.742213811,8.52,5.726,4.081819792
2021-10-18 21:00:00,6.297,7.712896429,5.022982188,6.372683473,7.101049514,7.25483554,5.039,5.688929904
2021-10-18 22:00:00,5.428,6.493823058,3.729122134,5.493236981,6.123061524,6.830150218,4.287,2.086
2021-10-18 23:00:00,4.535,5.351697352,2.081,4.589442997,4.705218833,6.148402945,3.599,3.92198285
2021-10-19 00:00:00,3.733,4.405226311,2.999286631,3.777878984,5.156013003,4.762307921,3.178,3.632734475
2021-10-19 01:00:00,3.28,3.995064154,2.354182602,2.754413047,3.699810306,4.184493272,3.173,2.687440434
2021-10-19 02:00:00,3.034,3.579780125,2.509320278,3.113291732,3.42215279,4.083888208,3.214,3.348238474
2021-10-19 03:00:00,2.762,3.259347417,2.081,3.153898316,2.214577301,3.523575306,3.122,3.347219354
2021-10-19 04:00:00,2.656,2.98797743,2.081,2.515318198,3.14193191,3.576665298,3.318,2.807840724
2021-10-19 05:00:00,2.814,3.005292906,2.931730952,2.84704371,3.174165026,2.947843043,4.196,4.188623203
2021-10-19 06:00:00,3.498,4.128065444,2.81566797,3.540025673,3.945167184,4.462475211,5.56,5.703308759
2021-10-19 07:00:00,4.187,4.941144209,2.727298584,4.262207604,3.749717751,5.341462204,6.476,6.88653196
2021-10-19 08:00:00,4.06,4.776315408,3.238474377,4.1088733,4.578038794,5.179681032,7.336,7.854793233
2021-10-19 09:00:00,4.02,4.360365691,3.20659674,4.121649451,4.53676474,5.133866799,8.451,8.090879298
2021-10-19 10:00:00,4.152,4.894976876,3.207195844,4.201967581,4.683378392,5.297585524,9.323,10.81805
2021-10-19 11:00:00,4.364,5.149889292,3.445041276,4.416432615,4.822906694,5.449212531,9.2,10.19348615
2021-10-19 12:00:00,4.728,5.579516179,4.337553552,4.265880088,5.332975172,6.871432186,9.407,10.53139896
2021-10-19 13:00:00,4.589,5.415732106,3.660533748,3.896868543,5.175542181,5.854230341,9.341,10.77592216
2021-10-19 14:00:00,4.412,4.718550658,3.519292198,4.429723504,4.975748522,5.618877145,8.758,9.439973917
2021-10-19 15:00:00,4.44,5.239491195,3.541543844,3.899799264,5.077293085,5.664121401,8.116,9.019671377
2021-10-19 16:00:00,4.52,5.333910031,2.318677866,3.673399862,5.098464238,5.766277296,6.967,7.612127881
2021-10-19 17:00:00,4.822,5.690286073,3.846340495,4.879221217,5.44333582,6.15154181,7.232,8.151150404
2021-10-19 18:00:00,5.64,6.65537626,4.528624346,5.711880073,6.361745947,7.195088703,6.924,7.493911426
2021-10-19 19:00:00,6.634,7.537978505,5.291702044,6.316758312,8.447027761,7.622329761,6.314,7.137305363
2021-10-19 20:00:00,6.816,8.043008712,5.436825571,6.898614806,7.916765775,8.695578021,5.624,6.388259187
2021-10-19 21:00:00,6.297,7.504546897,5.423327584,6.369531747,7.14585161,8.52,4.778,5.397751235
2021-10-19 22:00:00,5.428,6.405410391,4.157187819,5.49335787,6.122636046,6.924604322,4.034,4.444941832
2021-10-19 23:00:00,4.535,5.351616683,3.617401721,4.590246988,5.123009205,6.073203028,3.445,3.813728868
2021-10-20 00:00:00,3.733,4.405141082,2.977598947,2.858457619,4.21033605,5.149091707,3.12,3.427215455
2021-10-20 01:00:00,3.28,3.870797062,2.616320082,3.319424491,3.1561111,4.354551836,3.096,4.073701391
2021-10-20 02:00:00,3.034,3.580308069,2.420093656,3.07033826,3.422379626,3.873714238,3.025,3.296291986
2021-10-20 03:00:00,2.762,3.419357466,2.203139621,2.795168414,2.081,3.222522189,2.99,3.068303128
2021-10-20 04:00:00,2.656,3.175384807,2.118571794,2.831692656,2.995852442,3.388618461,3.626,3.742612306
2021-10-20 05:00:00,2.814,3.320278999,2.081,2.847795669,3.176604414,3.589224462,3.948,4.377807208
2021-10-20 06:00:00,3.498,4.127873118,3.570192453,3.540032816,4.091511439,4.848706655,4.822,5.485675868
2021-10-20 07:00:00,4.187,4.961326476,3.339810878,4.455413135,4.726454429,5.341469537,5.947,6.534058506
2021-10-20 08:00:00,4.06,4.791122272,4.427105127,4.109317104,4.579591249,5.179419621,7.07,7.754813738
2021-10-20 09:00:00,4.02,4.743898486,3.305145627,4.160573043,4.534495457,5.127631748,8.533,9.469250064
2021-10-20 10:00:00,4.152,4.947007034,2.84131796,4.201902995,4.649448156,4.782680448,8.779,8.336501047
2021-10-20 11:00:00,4.364,5.149853118,4.010813965,4.416796527,4.922950565,5.613084241,9.593,11.03195
2021-10-20 12:00:00,4.728,5.579380038,3.771369959,4.78482966,5.333118934,6.031741319,9.586,10.4134576
2021-10-20 13:00:00,4.589,5.415367478,3.660500639,4.644156927,5.176300145,6.005883612,8.415,10.03910259
2021-10-20 14:00:00,4.412,5.206464066,3.519310331,4.381208564,4.975295758,5.628406575,8.268,9.353155079
2021-10-20 15:00:00,4.44,5.242126899,3.542586493,4.452983317,5.015511925,5.662860704,7.762,8.647373858
2021-10-20 16:00:00,4.52,5.335893683,3.605452589,4.574324988,5.098571108,5.968958253,7.232,7.775453215
2021-10-20 17:00:00,4.822,5.690302548,3.846344469,4.879945194,5.437727517,6.096113029,7.526,7.999886132
2021-10-20 18:00:00,5.64,7.286850357,4.499751479,5.707697907,6.361715863,7.195041926,6.752,6.181363269
2021-10-20 19:00:00,6.634,7.828503494,5.291710754,6.71371258,7.971154552,8.463277166,6.655,7.290360669
2021-10-20 20:00:00,6.816,8.043357454,4.809722563,6.89785169,7.688284621,8.52,5.907,6.525226845
2021-10-20 21:00:00,6.297,7.408076271,5.022877084,6.372746796,7.102862962,7.676473586,5.204,5.552705925
2021-10-20 22:00:00,5.428,6.40546865,4.329676304,5.493272508,6.122661726,6.92467144,4.344,4.719943345
2021-10-20 23:00:00,4.535,5.872238871,3.617363649,4.58907999,5.115371187,5.891992764,3.532,2.086
2021-10-21 00:00:00,3.733,3.883328915,2.977606028,3.777481151,4.210654711,4.762211873,3.026,3.413197724
2021-10-21 01:00:00,3.28,3.86901811,2.616619395,3.319663343,2.373652429,4.184650576,3.049,3.471955411
2021-10-21 02:00:00,3.034,3.568867963,2.420051463,3.069364507,2.818373014,3.847202144,2.942,3.297944217
2021-10-21 03:00:00,2.762,3.25927288,2.202864208,2.79130437,3.325037975,3.523425915,2.861,3.253696164
2021-10-21 04:00:00,2.656,3.134090662,2.118582834,2.689882218,2.995235269,3.122331069,3.378,3.734555575
2021-10-21 05:00:00,2.814,3.435517574,2.081,2.847688124,4.045099211,3.58991536,3.932,4.306936006
2021-10-21 06:00:00,3.498,4.154759825,3.642772547,3.414468157,4.52100585,4.462442803,5.104,5.339053645
2021-10-21 07:00:00,4.187,4.941275558,3.342500278,4.238627788,4.670782825,4.19874369,5.716,6.335763809
2021-10-21 08:00:00,4.06,5.392346944,3.237699087,3.032044091,5.264254702,5.179219499,7.303,5.111303487
2021-10-21 09:00:00,4.02,4.528191761,3.206634915,4.083701325,4.535938058,5.128383232,8.618,9.179955362
2021-10-21 10:00:00,4.152,4.7784584,3.257642177,4.199390841,4.683979455,5.689896187,9.058,9.782332486
2021-10-21 11:00:00,4.364,5.149723891,3.506440595,4.415943421,5.02760878,5.567297518,9.244,10.12195973
2021-10-21 12:00:00,4.728,5.579531336,3.94131242,4.784826396,5.330688371,5.997382257,9.246,10.094237
2021-10-21 13:00:00,4.589,5.414822584,3.660613073,4.64416169,5.198015809,5.854310618,8.446,9.5153482
2021-10-21 14:00:00,4.412,5.206500507,3.520132302,4.43410775,4.976687821,5.764865697,8.516,9.509837057
2021-10-21 15:00:00,4.44,5.238135088,3.541730209,4.493394156,5.041373725,5.666358998,7.88,8.583587642
2021-10-21 16:00:00,4.52,5.110066803,2.763989377,4.317026893,5.469550303,5.592938693,7.188,7.48861565
2021-10-21 17:00:00,4.822,5.689691654,3.846345697,4.879449732,5.439125769,6.151583876,7.361,7.632558936
2021-10-21 18:00:00,5.64,6.65552743,4.435908524,5.707782894,6.36163527,7.195282515,7.036,7.689500494
2021-10-21 19:00:00,6.634,7.828088791,5.291263978,6.713282383,7.482525181,8.462622811,7.144,7.299573419
2021-10-21 20:00:00,6.816,8.044640657,5.435585278,6.900222317,7.297619118,8.52,6.02,7.597826876
2021-10-21 21:00:00,6.297,6.998356097,5.022969307,6.232975513,7.673859923,8.587260474,5.062,5.583121669
2021-10-21 22:00:00,5.428,6.405496124,4.331542913,5.491927596,6.122732811,6.909889036,4.368,6.240113332
2021-10-21 23:00:00,4.535,5.05623808,3.6174615,4.593318632,5.115804335,5.785503643,3.376,2.086
2021-10-22 00:00:00,3.733,4.404938299,2.977627685,3.777170282,4.210355414,4.761962495,2.931,3.328723002
2021-10-22 01:00:00,3.28,3.873318094,2.617635945,3.809220241,3.701683516,4.186477468,2.977,3.334950701
2021-10-22 02:00:00,3.034,3.765925517,2.564987913,3.070194657,3.374111696,4.087716613,2.924,3.277210564
2021-10-22 03:00:00,2.762,2.955861309,3.444223681,2.794481277,3.118732855,3.5232843,2.905,2.086
2021-10-22 04:00:00,2.656,3.134076547,2.11855719,2.74668085,2.995816856,3.388102109,3.488,2.67865613
2021-10-22 05:00:00,2.814,2.698477537,2.081,2.847669533,2.180286451,3.101802758,3.818,4.15748235
2021-10-22 06:00:00,3.498,4.127726344,2.983317529,3.540097708,3.945850208,4.464632478,4.726,5.110198422
2021-10-22 07:00:00,4.187,4.829568193,3.341814109,4.232834887,5.351213289,5.34136812,6.04,5.607695389
2021-10-22 08:00:00,4.06,4.787813463,3.238416768,4.439335374,4.579347354,3.892506905,6.576,6.200034011
2021-10-22 09:00:00,4.02,4.601305238,3.206324726,2.604368956,4.534520451,5.204057482,7.949,8.768997884
2021-10-22 10:00:00,4.152,4.899723157,3.362278566,3.943863199,4.701515358,5.267719555,8.884,9.936284496
2021-10-22 11:00:00,4.364,5.061622955,4.08840418,4.416529287,4.680447914,5.565707345,8.978,9.913036527
2021-10-22 12:00:00,4.728,5.579494908,4.425714947,5.126969816,5.313281985,6.031810086,9.045,9.987229262
2021-10-22 13:00:00,4.589,4.121928317,3.794323738,4.830929101,5.176435962,5.798655769,8.666,9.471056159
2021-10-22 14:00:00,4.412,5.29086733,3.518776575,4.878652787,4.976821925,5.759266509,8.108,8.981220029
2021-10-22 15:00:00,4.44,5.166389446,3.54178411,4.493634844,5.006196359,6.594869648,7.844,8.623816666
2021-10-22 16:00:00,4.52,6.211773949,3.605756994,4.446499149,5.098664661,5.766553258,7.335,8.063464771
2021-10-22 17:00:00,4.822,5.690582621,3.846579724,4.02778788,5.317325199,6.151763152,7.636,7.06313223
2021-10-22 18:00:00,5.64,6.651107597,4.49906358,5.708058987,6.362789894,7.194783904,7.049,7.82943112
2021-10-22 19:00:00,6.634,7.824170922,5.194744798,6.794907379,7.480616157,8.460460731,6.524,7.073793122
2021-10-22 20:00:00,6.816,8.043798289,5.437042749,6.536641283,8.52,8.52,5.672,6.216066065
2021-10-22 21:00:00,6.297,7.33141671,5.023194421,6.372114509,8.077405645,8.033548167,4.943,5.749021367
2021-10-22 22:00:00,5.428,6.411610038,4.549651998,5.493749461,6.993477384,6.924746928,4.426,4.687228272
2021-10-22 23:00:00,4.535,5.35240594,3.625490532,4.589954939,5.162163641,5.012567145,3.566,3.743274871
2021-10-23 00:00:00,3.544,5.115794972,2.977469489,3.777555989,3.994998823,4.762706899,3.0,2.086
2021-10-23 01:00:00,3.288,3.872037527,2.617204209,3.320522823,3.757307583,4.185741012,2.843,3.25900909
2021-10-23 02:00:00,2.922,3.57904758,2.419399294,3.069883618,3.420918727,3.86897952,2.72,3.091956206
2021-10-23 03:00:00,2.818,3.963686258,2.193770827,2.98933295,3.114723773,3.522763968,2.85,2.086
2021-10-23 04:00:00,2.741,3.133687785,2.115308042,2.864243279,2.995093241,3.512029068,3.188,3.634759164
2021-10-23 05:00:00,2.55,3.319197213,2.297029136,2.846696385,3.173204142,3.588371972,3.418,3.874601385
2021-10-23 06:00:00,2.646,4.788077087,2.789129177,2.967222074,3.619641004,4.231168047,4.216,2.802107889
2021-10-23 07:00:00,2.856,4.938822388,3.33751495,4.235416059,4.721561593,4.983928313,4.332,6.266887365
2021-10-23 08:00:00,3.974,4.797718799,3.236575306,4.104388493,4.578050964,5.176307363,4.898,5.36922259
2021-10-23 09:00:00,4.253,4.740283533,3.204176758,4.065743134,4.54369383,5.125706095,6.033,8.879371257
2021-10-23 10:00:00,4.414,4.94828103,3.197394816,4.270288182,4.918368507,5.206619765,6.557,9.554788366
2021-10-23 11:00:00,4.978,5.679991165,3.758555167,4.441325896,4.916606589,5.560600615,6.8,9.434359536
2021-10-23 12:00:00,5.584,5.569830806,3.765854178,4.692794515,5.324104756,6.019314671,6.935,9.741470453
2021-10-23 13:00:00,5.554,5.406652071,3.653111988,4.635089711,6.468616876,5.48648378,7.281,9.061483142
2021-10-23 14:00:00,4.555,4.947201533,3.50924517,4.452347919,4.978979746,5.602233376,6.861,8.858028695
2021-10-23 15:00:00,4.604,5.173131061,3.496719866,4.433019128,4.939461703,5.670587269,5.948,8.37315
2021-10-23 16:00:00,4.422,4.976525818,3.557762345,4.513814147,5.030605996,5.690162844,5.713,9.204806464
2021-10-23 17:00:00,4.639,5.616298874,3.795717953,4.932502129,5.367534882,6.069096165,5.868,6.499152225
2021-10-23 18:00:00,5.03,6.576337362,4.445282154,5.639446439,6.845314702,5.939922361,6.318,7.729682272
2021-10-23 19:00:00,6.563,7.760900073,5.066298982,6.655567359,7.417678472,8.2525,6.1,6.819948228
2021-10-23 20:00:00,6.602,7.966792169,5.385096734,6.079317633,7.472445581,8.612569244,5.596,6.12253147
2021-10-23 21:00:00,5.942,7.348230909,4.114315735,6.293437023,7.023692285,8.507587389,5.152,5.4960687
2021-10-23 22:00:00,5.198,6.757592151,4.289271472,6.156362488,6.430411177,6.832370944,4.744,4.819627875
2021-10-23 23:00:00,4.162,5.26535746,3.493147338,4.511919106,5.032936508,5.692169365,3.978,3.951487787
2021-10-24 00:00:00,3.544,4.321582488,2.710853079,3.703241668,4.131953274,4.668192473,3.319,3.52471802
2021-10-24 01:00:00,3.288,3.785168451,2.558554056,3.246284787,3.61808001,3.92911475,3.148,3.39264322
2021-10-24 02:00:00,2.922,3.49649213,2.574832512,3.554397232,3.334638768,3.775816551,3.044,3.200375817
2021-10-24 03:00:00,2.818,3.55872886,2.144621971,2.722977042,3.084872335,3.365968281,2.954,3.239859913
2021-10-24 04:00:00,2.741,3.051963109,3.251246141,2.581041051,2.92054075,2.083370661,3.316,3.673056205
2021-10-24 05:00:00,2.55,2.914929426,3.1639331,2.794268016,3.11467311,3.523678048,3.378,3.975923349
2021-10-24 06:00:00,2.646,4.069447257,2.674583864,3.48999172,3.889236458,4.399875719,3.466,5.17793062
2021-10-24 07:00:00,2.856,4.927086614,3.302329923,4.189715827,4.425324201,5.281609226,4.086,5.001690152
2021-10-24 08:00:00,3.974,4.732882508,3.202948182,4.191025059,4.527837453,5.101398362,4.085,5.857459304
2021-10-24 09:00:00,4.253,4.717120248,3.172399125,4.02025718,4.486086454,5.84469421,4.318,8.674125772
2021-10-24 10:00:00,4.414,4.836017408,3.248664546,3.264703312,4.637215298,5.244700781,4.718,9.338249159
2021-10-24 11:00:00,4.978,5.144168618,3.179089753,4.418962882,4.917341953,5.217495435,5.231,6.5136
2021-10-24 12:00:00,5.584,5.575975047,3.769120907,4.781927113,5.905231401,6.028272294,5.329,9.299337597
2021-10-24 13:00:00,5.554,5.412701755,3.664940032,4.790059489,5.174474057,4.786797392,5.482,8.813725072
2021-10-24 14:00:00,4.555,5.205472472,3.339008798,4.464203785,4.389662593,5.627408305,5.483,9.101997971
2021-10-24 15:00:00,4.604,5.239062632,3.550841975,4.492911927,5.007964507,5.626483029,5.302,8.077156136
2021-10-24 16:00:00,4.422,5.333530413,3.610643225,4.574882187,4.449958647,5.825149225,5.074,7.505079996
2021-10-24 17:00:00,4.639,7.039591911,3.846434863,4.880181848,5.439330799,6.139760032,5.231,7.549493163
2021-10-24 18:00:00,5.03,6.555880051,4.499038661,5.708025353,6.362184752,7.166282372,5.664,7.862732025
2021-10-24 19:00:00,6.563,6.931714397,5.292711292,6.712691,7.481905688,8.461309059,5.599,3.939390688
2021-10-24 20:00:00,6.602,8.043924826,5.402991827,6.836752017,7.401606834,8.2525,5.073,5.712317234
2021-10-24 21:00:00,5.942,7.431511805,5.128674461,6.373240584,7.103554586,8.034876524,4.645,5.153848264
2021-10-24 22:00:00,5.198,6.197157183,4.333357144,5.493900342,6.137226052,6.927433313,4.001,4.469957869
2021-10-24 23:00:00,4.162,5.850758531,3.635570825,4.590294305,5.116474422,5.625099136,2.938,3.463364561
2021-10-25 00:00:00,3.733,4.404114763,2.977531905,3.774617694,4.209770569,4.730200741,2.814,3.137462534
2021-10-25 01:00:00,3.28,2.822491466,2.270749665,3.320558819,4.064177118,4.186059819,2.72,2.086
2021-10-25 02:00:00,3.034,3.986737705,2.419239406,3.068962786,3.421219573,3.869143764,2.754,2.086
2021-10-25 03:00:00,2.762,3.266397074,2.698594089,2.794318023,3.11558332,3.451343948,2.745,2.35088208
2021-10-25 04:00:00,2.656,2.081,2.081,2.735352001,2.969039289,3.388455967,3.122,2.728734938
2021-10-25 05:00:00,2.814,3.321097738,2.242784461,2.170756028,3.07891624,3.590019456,3.606,3.655453233
2021-10-25 06:00:00,3.498,4.120857646,2.78622097,4.319530988,3.870023078,4.835672293,4.814,4.969509789
2021-10-25 07:00:00,4.187,4.940832784,2.739109672,4.237541631,5.205820706,5.342063876,5.82,5.135286846
2021-10-25 08:00:00,4.06,4.805751891,3.354326042,4.108111604,4.637762483,5.419876469,6.887,6.230464235
2021-10-25 09:00:00,4.02,5.20159601,3.205582856,4.100762007,4.535333555,5.128523538,7.939,8.445729013
2021-10-25 10:00:00,4.152,4.918360768,3.311819108,4.201719139,4.683443046,6.11389415,8.344,9.083021459
2021-10-25 11:00:00,4.364,5.148889969,3.470526634,4.703102861,4.921174212,5.940374758,8.561,9.84515
2021-10-25 12:00:00,4.728,5.571632475,3.887806698,4.78481643,5.333059143,6.107045988,8.546,9.606558065
2021-10-25 13:00:00,4.589,5.41845669,3.660495206,4.644457176,5.176153529,5.854297,7.792,8.733205045
2021-10-25 14:00:00,4.412,5.641313763,3.519857921,4.463611167,4.976583568,6.073638301,7.938,6.759907406
2021-10-25 15:00:00,4.44,5.239311395,3.541577912,4.49365105,5.007863086,5.664077604,7.318,8.608797522
2021-10-25 16:00:00,4.52,5.333773891,3.59452171,4.177263122,5.326446188,5.84154792,6.759,7.45720795
2021-10-25 17:00:00,4.822,6.262460116,3.842452913,5.337128823,5.040240071,6.15138026,7.427,6.963859764
2021-10-25 18:00:00,5.64,7.11723938,4.284874981,5.707632005,6.366401969,7.194943452,7.059,5.702506186
2021-10-25 19:00:00,6.634,7.745871625,4.989606692,6.712660928,7.481826709,8.461828796,6.082,6.669232269
2021-10-25 20:00:00,6.816,8.047463916,5.451089195,6.899459956,7.688026174,8.52,5.439,5.793063788
2021-10-25 21:00:00,6.297,7.432804703,4.98361356,5.988647886,7.102609254,8.307035243,4.634,5.118736694
2021-10-25 22:00:00,5.428,6.405341532,4.347132727,4.660187318,6.122379142,6.017182986,3.778,4.392669311
2021-10-25 23:00:00,4.535,5.351342177,3.61757736,4.588861711,5.131553901,5.619381691,3.102,3.545584406
2021-10-26 00:00:00,3.733,4.425549671,2.946943803,4.234988462,4.226096045,4.7623225,2.822,3.252831416
2021-10-26 01:00:00,3.28,3.851029368,2.616815024,3.289292177,3.70008504,4.1863948,2.863,3.198259901
2021-10-26 02:00:00,3.034,3.699836946,2.420293785,3.070568599,3.422459315,3.863348389,2.85,3.266328533
2021-10-26 03:00:00,2.762,3.258613902,2.203524442,3.211224311,3.115770948,3.523633421,2.734,3.052472611
2021-10-26 04:00:00,2.656,2.154933987,2.118990992,2.534845327,2.997785229,4.110559986,3.093,3.40317989
2021-10-26 05:00:00,2.814,4.072015023,2.244793997,2.847941682,3.991383179,3.590166857,3.565,2.773231597
2021-10-26 06:00:00,3.498,4.233806013,4.120711557,3.344590647,3.943162546,4.462465125,4.624,5.050293663
2021-10-26 07:00:00,4.187,4.699126304,3.343929643,4.238532621,4.723375905,5.341966146,5.565,5.518505317
2021-10-26 08:00:00,4.06,4.790991498,3.238382114,4.108544896,4.579400499,5.231637295,6.496,7.166130342
2021-10-26 09:00:00,4.02,4.743990125,3.206686997,4.068444489,6.012970104,5.128626431,7.678,8.565159257
2021-10-26 10:00:00,4.152,4.90151929,3.312014641,4.202008028,4.683372048,5.296959794,8.366,9.9521
2021-10-26 11:00:00,4.364,5.150485969,3.511858151,4.418311124,4.921048465,5.568011922,8.456,9.910837582
2021-10-26 12:00:00,4.728,5.578743457,3.391182039,3.307642809,5.269951861,6.028788936,8.654,9.381910341
2021-10-26 13:00:00,4.589,5.415361354,3.660427098,4.644164134,5.175752707,5.70330581,8.458,8.905623538
2021-10-26 14:00:00,4.412,5.206644663,3.486572841,4.465104276,4.976464934,5.628507256,8.163,8.542386257
2021-10-26 15:00:00,4.44,5.23982549,3.974120955,4.493256153,5.008153051,5.715742863,7.799,10.22794241
2021-10-26 16:00:00,4.52,5.333760025,3.605806998,4.573722965,5.09815699,7.014543188,6.756,7.482187142
2021-10-26 17:00:00,4.822,5.671332448,3.79152821,4.879938332,5.438887414,6.232954537,6.838,7.582208527
2021-10-26 18:00:00,5.64,6.655293041,4.499642591,5.70699683,6.361497932,7.200127236,6.902,7.735853192
2021-10-26 19:00:00,6.634,7.8278594,4.95967864,6.643603018,6.954032219,8.462462672,6.232,6.784994574
2021-10-26 20:00:00,6.816,8.042800277,5.436645624,6.889181181,7.687711892,7.479327073,5.179,6.039969289
2021-10-26 21:00:00,6.297,7.944011324,5.022518327,6.372150489,7.102334408,8.032719654,4.561,2.086
2021-10-26 22:00:00,5.428,6.403690022,5.015232019,5.855531437,6.116070805,6.731396343,4.14,4.590169732
2021-10-26 23:00:00,4.535,5.350911013,3.616916975,4.588950758,5.114761585,5.784650893,3.503,4.4533029
2021-10-27 00:00:00,3.733,4.403797604,2.976738355,3.728227238,4.209502329,4.760960678,3.086,3.362443841
2021-10-27 01:00:00,3.28,3.879441714,2.081,3.317497759,3.697012688,4.181235028,3.056,3.255683478
2021-10-27 02:00:00,3.034,3.57845025,2.416553273,3.06972975,4.670159152,2.931024459,2.978,3.392717212
2021-10-27 03:00:00,2.762,3.242610727,2.081,2.932519639,3.161907975,3.521243423,2.942,3.250503291
2021-10-27 04:00:00,2.656,2.797905324,2.117452425,2.686659292,2.994075061,3.387128586,3.384,3.527073337
2021-10-27 05:00:00,2.814,3.320973298,2.244603792,2.84769436,3.174171129,3.721827805,3.609,3.984619123
2021-10-27 06:00:00,3.498,4.128262764,2.822359292,3.540365386,3.945926536,3.85727407,4.808,5.355153937
2021-10-27 07:00:00,4.187,4.941351908,3.340372971,4.237978678,4.604325396,5.342301222,5.772,6.232708081
2021-10-27 08:00:00,4.06,3.878124929,3.239088712,4.109529977,4.580255437,5.232619819,6.82,5.160238946
2021-10-27 09:00:00,4.02,4.7453954,3.206225397,4.070382053,4.535880754,5.311821587,7.759,8.449082523
2021-10-27 10:00:00,4.152,4.900753616,3.313041897,5.717293173,4.68467086,4.980617064,8.896,9.16782566
2021-10-27 11:00:00,4.364,4.688821953,3.28383474,4.543890019,4.924334546,5.56971825,8.328,9.230104825
2021-10-27 12:00:00,4.728,5.34095038,3.77240904,4.418075013,5.335124781,6.034076572,8.198,9.193829829
2021-10-27 13:00:00,4.589,5.891527431,3.661795679,4.645054259,5.151667895,5.856460198,8.41,9.327674257
2021-10-27 14:00:00,4.412,4.950488094,3.495813629,5.135408627,5.067489794,5.630777458,7.682,8.550007168
2021-10-27 15:00:00,4.44,5.241300959,3.542873409,4.422269413,5.112144198,5.666046333,7.607,8.272586984
2021-10-27 16:00:00,4.52,5.33531738,3.606409606,4.575500645,5.099803923,5.54313043,6.706,7.486347554
2021-10-27 17:00:00,4.822,5.691325946,3.847032655,4.880819541,5.407431444,4.750472265,7.306,8.208732272
2021-10-27 18:00:00,5.64,6.65610559,4.498712787,5.708015884,6.09174105,7.070801909,7.158,7.802047283
2021-10-27 19:00:00,6.634,7.832066736,5.299052204,6.724505976,7.49339673,8.475192698,6.34,6.831023026
2021-10-27 20:00:00,6.816,8.039393265,5.438279407,6.897410485,7.68775249,8.52,5.818,6.134386634
2021-10-27 21:00:00,6.297,7.429943495,5.021995467,6.371678704,8.403540047,8.032012533,5.079,5.322063158
2021-10-27 22:00:00,5.428,6.403471888,4.328429587,5.491717039,6.121034249,6.92308306,4.17,4.546560555
2021-10-27 23:00:00,4.535,5.35006044,3.61589117,4.54357854,5.114135006,5.78291061,3.601,3.874694012
2021-10-28 00:00:00,3.544,4.350686861,2.864747419,3.730213008,4.198001564,4.623802142,3.107,3.535047771
2021-10-28 01:00:00,3.288,3.557481184,2.610075838,3.422060902,3.012855351,4.185912863,2.87,3.287828319
2021-10-28 02:00:00,2.922,3.525700194,2.61867576,3.060433031,3.413027974,4.521907944,2.8,2.086
2021-10-28 03:00:00,2.818,3.249775602,3.142664768,2.786984859,3.10598301,3.513164086,2.798,3.198604369
2021-10-28 04:00:00,2.741,3.124639978,2.112286977,2.756828891,2.986975193,3.367929916,3.05,3.664974015
2021-10-28 05:00:00,2.55,3.234612337,2.997989744,2.774002362,3.091842162,3.485831378,3.264,3.840425233
2021-10-28 06:00:00,2.646,3.783659232,4.039316779,3.222202119,3.616011038,4.09020489,3.916,6.62139578
2021-10-28 07:00:00,2.856,3.639244783,2.96500544,3.761810472,4.192889128,4.552038103,4.12,5.895664959
2021-10-28 08:00:00,3.974,4.819811654,2.969829951,4.10405883,4.573746407,5.686462321,4.639,6.858012695
2021-10-28 09:00:00,4.253,4.883719923,3.300880297,3.946911782,4.693192862,5.279541564,5.222,7.600666059
2021-10-28 10:00:00,4.414,5.050348668,3.41576809,4.304829676,4.717842406,7.160530137,5.859,8.983525312
2021-10-28 11:00:00,4.978,5.459392375,3.691273051,4.683323974,5.193729354,5.903644805,5.92,7.26455
2021-10-28 12:00:00,5.584,5.998999698,4.055090162,6.265626088,5.729430399,6.485306569,6.317,9.130065718
2021-10-28 13:00:00,5.554,5.884105337,3.973284541,5.045858441,5.624096117,5.862161318,6.116,9.018951979
2021-10-28 14:00:00,4.555,5.308574585,3.499679431,4.544118105,5.074596271,6.175150067,5.727,7.675503561
2021-10-28 15:00:00,4.604,6.126858072,4.02304072,4.588885711,5.114643101,5.918394518,5.457,8.016917677
2021-10-28 16:00:00,4.422,5.331720711,3.570100143,4.810453816,5.101692387,5.761728863,5.321,7.48149157
2021-10-28 17:00:00,4.639,5.316289683,3.822222134,4.845952432,5.401134255,6.108674302,5.762,5.849025874
2021-10-28 18:00:00,5.03,6.435866369,4.351245849,7.033248139,6.151954535,6.957541612,5.686,7.424645579
2021-10-28 19:00:00,6.563,7.685583891,4.547770853,6.765805174,6.461100676,8.490234674,5.598,5.799039143
2021-10-28 20:00:00,6.602,8.2525,5.405082482,7.61900505,7.644164087,8.2525,5.374,3.3653498
2021-10-28 21:00:00,5.942,7.32589662,4.957137505,6.280843571,7.007475794,7.917959678,4.448,5.154784483
2021-10-28 22:00:00,5.198,6.359114722,4.298219311,5.454090658,6.078429615,6.874587315,3.576,4.427138447
2021-10-28 23:00:00,4.162,5.314745,3.556738232,4.511838451,5.160878985,5.687660275,3.104,3.578798407
2021-10-29 00:00:00,3.733,4.155760354,2.922521167,3.83946509,4.136173445,4.677455275,2.812,2.645080071
2021-10-29 01:00:00,3.28,5.113892365,2.413655962,3.312113542,3.691917188,4.175787772,2.786,2.977889817
2021-10-29 02:00:00,3.034,3.572939835,2.081,3.079054205,3.409806293,3.861730096,2.944,3.027887402
2021-10-29 03:00:00,2.762,3.250912013,2.081,2.788393244,3.107639437,3.796573703,2.819,2.431725951
2021-10-29 04:00:00,2.656,3.110259862,2.17796359,2.681165251,2.991846917,3.379782199,3.086,3.297118357
2021-10-29 05:00:00,2.814,3.173787164,2.145275684,2.721696157,3.033668258,3.429685929,3.714,3.738699111
2021-10-29 06:00:00,3.498,3.507174372,2.61184837,3.059635997,3.362104204,3.801887354,4.473,4.569696308
2021-10-29 07:00:00,4.187,3.95283024,2.672045878,3.023965224,3.779994502,4.273306563,5.282,5.818945261
2021-10-29 08:00:00,4.06,4.789054939,3.242308485,4.113465001,4.584825831,5.185341784,6.56,6.253325317
2021-10-29 09:00:00,4.02,4.982895427,3.368184796,4.271351919,4.746788362,5.387174846,7.637,7.090443929
2021-10-29 10:00:00,4.152,5.160033376,3.487109831,4.428892472,5.488057627,5.627805198,7.938,8.746826223
2021-10-29 11:00:00,4.364,5.682424225,3.841091682,4.873506317,5.431231876,6.14515721,8.356,9.165516581
2021-10-29 12:00:00,4.728,6.295101695,4.252010652,5.394597699,6.016382776,6.802625304,8.379,9.139208135
2021-10-29 13:00:00,4.589,7.589587103,4.196639478,5.324765078,5.934557139,6.940108264,8.293,7.011501823
2021-10-29 14:00:00,4.412,5.320861411,3.686113527,4.588479898,5.113899392,5.783621369,8.272,7.938789381
2021-10-29 15:00:00,4.44,5.327522481,3.653531668,3.949837219,5.15820564,5.833865935,7.299,7.777971206
2021-10-29 16:00:00,4.52,5.294149145,3.050186708,4.645274543,6.248989176,6.129567445,6.982,7.748221064
2021-10-29 17:00:00,4.822,4.648871131,3.763728606,4.775276137,5.316652157,5.916567595,6.955,6.340383891
2021-10-29 18:00:00,5.64,6.194670781,4.187097559,5.312650302,5.921226876,6.696719471,6.686,7.233036473
2021-10-29 19:00:00,6.634,7.042204565,5.563997116,6.699141436,7.475413208,8.932315539,6.016,6.608754819
2021-10-29 20:00:00,6.816,7.861345253,5.329560475,6.733725218,7.539642297,8.52,5.68,6.206107863
2021-10-29 21:00:00,6.297,6.863449179,4.842052137,6.142183893,7.19762406,7.742828265,4.991,5.335623947
2021-10-29 22:00:00,5.428,6.615711371,4.229140125,5.658619827,5.52005695,6.626126726,4.238,4.533336776
2021-10-29 23:00:00,4.535,5.083435005,3.436139338,4.360733778,4.859018993,5.428232069,3.407,3.800348487
2021-10-30 00:00:00,3.544,4.173556276,2.821690625,3.400754043,3.990137234,4.512739835,2.734,3.868062555
2021-10-30 01:00:00,3.288,3.648229524,2.465584097,3.128095719,3.4866296,3.941957711,2.662,3.712067997
2021-10-30 02:00:00,2.922,3.081450751,2.327723467,2.081,3.318860442,3.753167609,2.698,3.078742369
2021-10-30 03:00:00,2.818,3.203563839,2.129829544,3.117586675,3.150992695,3.406325352,2.664,2.787461692
2021-10-30 04:00:00,2.741,3.173531822,2.081,2.595023369,2.892251644,3.325695997,3.003,3.242628921
2021-10-30 05:00:00,2.55,3.004239474,2.081,2.678902281,2.870330872,3.246275277,3.125,4.694471624
2021-10-30 06:00:00,2.646,3.544875378,2.104162778,2.671932818,2.979799688,3.307554053,4.098,4.470841118
2021-10-30 07:00:00,2.856,3.36468218,2.268038401,2.398030238,3.629880178,3.637596478,4.272,5.570890559
2021-10-30 08:00:00,3.974,4.724713222,3.193590978,4.051784354,4.516081844,5.362813071,4.902,5.380270611
2021-10-30 09:00:00,4.253,5.014857537,2.541255072,4.300610773,6.161998672,5.420517059,5.476,6.027484858
2021-10-30 10:00:00,4.414,7.033107281,3.518732431,4.464297378,4.95826548,5.627565995,6.732,9.092667098
2021-10-30 11:00:00,4.978,7.241295216,3.89328166,5.036055134,5.752760311,6.3481522,6.754,7.709103089
2021-10-30 12:00:00,5.584,6.58837707,4.452700282,6.001181829,6.365168368,7.13487699,7.506,8.6319
2021-10-30 13:00:00,5.554,6.55130011,5.478859377,6.551132362,6.551731919,7.092644601,7.4,8.284921895
2021-10-30 14:00:00,4.555,5.376530057,3.634840457,4.610784153,5.138982634,5.812186302,6.81,7.495848549
2021-10-30 15:00:00,4.604,5.436332519,3.673841879,4.661365821,4.811706655,5.875907136,6.54,7.319599281
2021-10-30 16:00:00,4.422,5.221720486,4.004031842,4.257973532,4.991379639,6.243788862,6.149,7.585596656
2021-10-30 17:00:00,4.639,4.629357817,3.706857427,4.698978273,5.237045335,5.787134273,6.24,6.958779408
2021-10-30 18:00:00,5.03,5.947011672,4.019309867,5.097647662,5.678903343,6.423948253,6.226,7.780225312
2021-10-30 19:00:00,6.563,7.776521674,5.034025509,6.581168267,7.433107699,8.2525,6.092,6.607601216
2021-10-30 20:00:00,6.602,7.79922754,5.271912512,6.970142493,7.455016445,7.891059683,5.393,5.912030447
2021-10-30 21:00:00,5.942,7.021536889,4.745818895,5.705063688,6.656417492,7.590588166,4.948,5.577977096
2021-10-30 22:00:00,5.198,7.303866811,4.619933024,6.452888143,5.873069003,6.642245383,4.434,2.502631133
2021-10-30 23:00:00,4.162,4.922504495,3.327263852,4.221467095,4.70520993,5.323817466,3.605,3.668859218
2021-10-31 00:00:00,3.544,4.185938186,2.827647035,4.095983378,4.006028623,4.529996443,3.182,2.989721415
2021-10-31 01:00:00,3.288,3.509359318,2.372038688,3.008590522,4.115297965,3.795830074,2.924,2.818728386
2021-10-31 02:00:00,2.922,3.339455291,2.094994502,2.658064666,3.457944178,3.225519958,2.574,2.086
2021-10-31 03:00:00,2.818,2.881139763,2.081,2.470848762,2.901357673,3.111958298,2.478,2.73046105
2021-10-31 04:00:00,2.741,2.763284349,2.081,2.081,2.125141208,2.95711713,2.57,2.969768244
2021-10-31 05:00:00,2.55,2.903729343,2.081,2.4925699,2.778372276,3.142529225,2.936,3.512088684
2021-10-31 06:00:00,2.646,3.368322473,2.276908277,2.808327553,3.219559687,3.566084615,3.258,4.114258727
2021-10-31 07:00:00,2.856,3.779860972,2.948533143,3.243134505,3.61366916,4.086410866,3.685,5.554671345
2021-10-31 08:00:00,3.974,4.7052756,3.067725962,4.036249457,4.497413412,5.086760649,3.798,5.721552067
2021-10-31 09:00:00,4.253,4.954124773,3.34863588,4.616282898,4.740182901,5.355681055,4.066,6.851803722
2021-10-31 10:00:00,4.414,5.14026909,3.475148249,4.408734059,4.913694161,5.793858508,4.68,9.589623624
2021-10-31 11:00:00,4.978,5.577625833,3.770308022,4.783470836,7.11867564,6.032345092,5.28,9.37236623
2021-10-31 12:00:00,5.584,6.202610842,4.193959375,5.320974805,5.930681037,6.465448947,5.84,7.1783
2021-10-31 13:00:00,5.554,6.144257674,4.153320545,5.269512138,5.87331573,6.642633837,6.13,8.648934455
2021-10-31 14:00:00,4.555,5.182312916,3.555917524,4.511468833,5.028412956,5.422528899,5.828,7.076327135
2021-10-31 15:00:00,4.604,5.222749594,3.704682965,4.423151242,4.206663118,5.646093101,6.242,7.866286889
2021-10-31 16:00:00,4.422,5.234117451,3.537759231,4.488726251,5.003043584,5.658346462,5.632,7.819338374
2021-10-31 17:00:00,4.639,4.607365501,3.839214052,4.108339362,5.376965996,6.137658089,5.587,7.331270384
2021-10-31 18:00:00,5.03,6.361976909,4.300354451,5.368374877,6.081124991,6.877630559,5.804,8.112738048
2021-10-31 19:00:00,6.563,7.791085401,5.026125894,6.68426029,8.2525,8.2525,5.99,7.393148533
2021-10-31 20:00:00,6.602,7.951594079,5.741133242,6.738556139,7.623106782,7.749602175,5.708,6.546608261
2021-10-31 21:00:00,5.942,7.368424309,4.824584927,6.121070419,6.823348244,7.716070985,5.412,5.318513768
2021-10-31 22:00:00,5.198,6.144498164,4.153135342,5.104322269,6.666834574,6.643259071,4.704,5.081632472
2021-10-31 23:00:00,4.162,5.155052066,2.860904231,4.227129221,4.71151341,5.700651187,3.745,4.020977704
2021-11-01 00:00:00,3.378,4.146122636,2.652041949,3.432929861,3.838775604,4.322013,3.13,3.595756271
2021-11-01 01:00:00,2.796,3.284285825,2.219553021,2.825483599,2.699376596,3.549783659,2.786,3.331921363
2021-11-01 02:00:00,2.386,2.643719197,2.081,2.272514968,2.535071785,2.86700735,2.916,3.2488262
2021-11-01 03:00:00,2.293,2.540325929,2.081,2.178555087,2.428190522,2.748922586,2.97,2.861554269
2021-11-01 04:00:00,2.208,2.438680328,2.081,2.081,2.328494719,2.636212763,3.233,3.525682844
2021-11-01 05:00:00,2.482,2.707833585,2.081,2.410328514,2.423318515,3.011853933,3.683,2.086
2021-11-01 06:00:00,3.473,3.586620834,2.081,3.07596049,3.424650593,3.877471264,4.05,4.516386201
2021-11-01 07:00:00,4.11,3.707601103,3.00049292,3.8409475,4.011372246,4.537067894,5.458,5.983576634
2021-11-01 08:00:00,3.99,4.672691947,3.188347971,4.013056184,4.347563953,5.057552186,5.874,6.431743519
2021-11-01 09:00:00,4.024,4.984765425,3.368887584,4.270289271,4.148369431,5.602410951,6.847,7.334123613
2021-11-01 10:00:00,4.22,5.268912921,4.081615364,4.449417023,5.368604005,5.598496094,7.709,7.858510803
2021-11-01 11:00:00,4.473,5.481977627,3.667883796,4.653617821,5.243264855,5.021347128,9.098,8.972853842
2021-11-01 12:00:00,4.864,5.987052948,4.016830562,5.553536108,5.721332526,6.541726334,9.184,9.996018672
2021-11-01 13:00:00,4.781,5.918789979,4.000324219,5.07530254,5.657848052,6.330964098,9.329,9.157022863
2021-11-01 14:00:00,4.51,4.907581888,3.203855595,4.590184829,5.115969072,7.030876022,8.966,9.469857166
2021-11-01 15:00:00,4.327,5.161013767,5.355646625,4.498125237,5.013699936,5.668275507,8.882,7.337369604
2021-11-01 16:00:00,4.615,5.526463681,3.646639589,4.618733977,4.864235216,5.822221929,7.777,8.534828126
2021-11-01 17:00:00,5.434,6.081054187,4.117394135,5.217035616,5.813763111,6.573969161,8.166,7.893693191
2021-11-01 18:00:00,6.397,6.959537706,4.712329689,5.978694842,6.66373546,7.536785584,7.923,8.511070194
2021-11-01 19:00:00,6.844,8.075448057,5.81404867,7.212356312,7.718922825,8.525062825,7.258,7.776941279
2021-11-01 20:00:00,7.07,8.169000316,5.52222102,7.006244103,7.815270217,8.831796325,6.662,6.83237298
2021-11-01 21:00:00,6.556,7.509540209,5.457203387,6.439875329,7.179679604,8.115194103,5.858,6.473904014
2021-11-01 22:00:00,5.506,6.382808814,4.527564737,5.472808808,6.100656067,6.899754687,4.719,5.207685942
2021-11-01 23:00:00,4.379,5.105675487,3.071051693,4.660593736,4.880800631,5.806233447,3.948,4.426186756
2021-11-02 00:00:00,3.378,4.107597942,2.73831705,3.52172589,3.54500222,4.438442321,3.414,3.029239187
2021-11-02 01:00:00,2.796,4.069933698,2.373994241,2.884929672,3.225653526,3.63667721,3.12,2.086
2021-11-02 02:00:00,2.386,2.850745644,2.081,2.10643486,2.694576199,2.463133085,3.076,3.416862632
2021-11-02 03:00:00,2.293,2.708729605,2.081,2.3232817,2.589245047,2.926907103,3.168,3.522212562
2021-11-02 04:00:00,2.208,2.608243834,2.722130423,2.23524675,4.308159065,2.820202607,3.345,3.58287502
2021-11-02 05:00:00,2.482,2.905305054,2.081,2.514307538,2.802408571,2.510454906,3.864,3.413549235
2021-11-02 06:00:00,3.473,4.097561509,2.836942449,3.517053207,3.843129296,4.433983555,3.95,4.599108469
2021-11-02 07:00:00,4.11,4.944751765,3.280285614,4.161851186,4.349845439,5.246051718,5.246,5.790428219
2021-11-02 08:00:00,3.99,4.365072007,3.215128224,4.428310657,3.976727455,5.143531603,6.046,6.479469083
2021-11-02 09:00:00,4.024,5.326659452,3.186519865,4.067070231,4.635281361,5.061622538,7.296,5.2557257
2021-11-02 10:00:00,4.22,4.654263565,3.294176565,4.264197099,4.897970274,5.299509452,8.626,6.000139808
2021-11-02 11:00:00,4.473,5.280233763,3.569053972,4.5289689,5.047188457,4.934676534,9.364,9.938115499
2021-11-02 12:00:00,4.864,5.742245754,3.243654618,4.923626662,5.487805959,6.206079445,8.621,9.782998378
2021-11-02 13:00:00,4.781,5.824995845,3.814241829,4.839203936,5.396075361,6.694103949,8.482,9.349964936
2021-11-02 14:00:00,4.51,5.322461452,3.597628455,4.81589374,5.082359737,5.752096117,8.535,9.383647834
2021-11-02 15:00:00,4.327,5.08518274,3.451335925,4.378783663,4.882529739,5.518483015,7.706,8.423656857
2021-11-02 16:00:00,4.615,5.424363234,2.900317781,4.65203282,5.895923167,5.730732803,7.676,8.263490728
2021-11-02 17:00:00,5.434,7.636909901,4.33447843,5.306422629,6.12906958,6.930417056,7.118,5.152709883
2021-11-02 18:00:00,6.397,7.705173764,5.101807252,7.524218868,7.214621189,8.164404391,7.662,8.361173105
2021-11-02 19:00:00,6.844,8.074675754,5.460817675,6.875658205,7.718339514,8.819822117,7.23,7.655912952
2021-11-02 20:00:00,7.07,8.34187087,5.638178896,7.152996244,7.97742834,8.8375,5.906,6.736427314
2021-11-02 21:00:00,6.556,7.734027095,5.409167252,6.632420557,7.320122428,8.360735014,5.218,6.045569927
2021-11-02 22:00:00,5.506,6.453606724,4.36109635,5.532448304,6.167132528,6.974847094,4.211,5.089038477
2021-11-02 23:00:00,4.379,5.140960087,3.47741749,4.414604096,4.915125104,5.598201503,3.656,4.067233889
2021-11-03 00:00:00,3.378,4.030613735,2.682665163,3.77894329,3.876084114,6.098471834,3.039,2.086
2021-11-03 01:00:00,2.796,3.324719066,2.081,3.093508527,3.165374803,3.58341947,2.718,2.983047494
2021-11-03 02:00:00,2.386,2.814757223,2.081,2.415969879,2.690835118,3.040761529,2.758,3.788703052
2021-11-03 03:00:00,2.293,2.705081659,2.081,2.405932802,2.583298593,2.929411311,2.72,3.04919896
2021-11-03 04:00:00,2.208,2.606864284,2.081,2.514360765,2.081,2.940991921,2.833,3.197084328
2021-11-03 05:00:00,2.482,2.944491858,2.081,2.081,2.798570933,3.175516124,3.29,3.715856854
2021-11-03 06:00:00,3.473,4.098502438,2.739302695,3.516045733,3.917564248,4.430988891,3.814,4.067776826
2021-11-03 07:00:00,4.11,4.850033927,3.279402602,4.159266389,4.636572096,5.243890402,4.444,5.318693096
2021-11-03 08:00:00,3.99,4.609058504,3.15987474,4.035765335,4.533607799,5.083658327,5.418,6.213309834
2021-11-03 09:00:00,4.024,4.745184359,3.208190664,4.357302492,4.532588269,5.129868146,6.8,7.300837684
2021-11-03 10:00:00,4.22,4.976917186,3.364096457,4.191210894,4.555219636,5.379504092,7.72,8.225196289
2021-11-03 11:00:00,4.473,5.279754465,3.568589686,4.528216058,5.046676486,5.70456677,8.41,9.464714451
2021-11-03 12:00:00,4.864,5.741207147,3.881461491,4.923627249,5.485371955,6.252721913,8.61,9.159546308
2021-11-03 13:00:00,4.781,5.643213896,3.814512529,4.839343132,5.393515742,6.10062644,8.57,9.9015
2021-11-03 14:00:00,4.51,4.942890114,3.263647484,4.565204782,5.088372796,5.774429195,7.954,8.813904908
2021-11-03 15:00:00,4.327,5.106730602,3.439625184,4.379703253,4.849844711,5.521069494,7.434,6.831536346
2021-11-03 16:00:00,4.615,5.02777148,3.680149999,3.750434343,5.204086254,6.306308785,7.344,8.110771015
2021-11-03 17:00:00,5.434,6.410688734,3.614667334,5.504008886,6.128105433,6.930788804,6.642,7.683497768
2021-11-03 18:00:00,6.397,7.547603172,5.101762053,6.44390698,7.213657304,8.160470321,6.556,7.980916865
2021-11-03 19:00:00,6.844,7.728531284,5.45838918,6.8757882,7.143918617,7.637368039,6.373,7.052367603
2021-11-03 20:00:00,7.07,8.341925911,5.354253577,6.914330367,7.974906849,8.8375,6.482,6.662101436
2021-11-03 21:00:00,6.556,8.593389625,5.22868639,6.634377066,7.393882333,8.131549759,5.608,5.97071882
2021-11-03 22:00:00,5.506,6.496542759,4.391421817,6.135222721,7.639924743,7.02170362,4.363,4.850481719
2021-11-03 23:00:00,4.379,5.166550239,3.492430866,5.343047623,4.718304446,5.600033898,3.814,4.173516859
2021-11-04 00:00:00,3.378,3.864366224,2.693288525,3.314144741,3.809580943,4.308542104,3.102,3.383226508
2021-11-04 01:00:00,2.796,3.926594619,2.229698652,2.828821029,3.14475079,3.566011057,2.768,2.945068647
2021-11-04 02:00:00,2.386,2.814502382,2.173749706,2.413517992,2.26154297,3.042541301,2.798,3.129335343
2021-11-04 03:00:00,2.293,3.30596316,2.081,2.31953947,2.585246121,2.923891507,2.883,2.086
2021-11-04 04:00:00,2.208,2.605109338,2.081,2.234112786,2.490103056,2.815832111,2.899,3.143644165
2021-11-04 05:00:00,2.482,2.929819295,2.081,2.985166796,2.80308962,3.16513729,3.516,5.88956351
2021-11-04 06:00:00,3.473,3.339642758,2.770980046,3.515764284,3.917240818,4.432372509,4.038,4.272078756
2021-11-04 07:00:00,4.11,6.191990776,2.601146308,5.074441135,4.279126219,5.244631451,5.007,6.081300691
2021-11-04 08:00:00,3.99,4.709070578,3.179379621,4.038799197,4.499610842,5.090420903,5.729,6.166602133
2021-11-04 09:00:00,4.024,4.748416392,3.209331621,3.702136362,4.138571193,5.133047326,6.515,7.394020672
2021-11-04 10:00:00,4.22,6.221372149,3.366324473,4.251698182,4.760210254,5.383778535,7.518,6.364866625
2021-11-04 11:00:00,4.473,5.281515454,3.56913963,4.527678326,4.379738896,5.136127647,8.542,9.412145631
2021-11-04 12:00:00,4.864,5.739443839,3.880490651,4.914263279,5.487538624,7.642272683,8.268,9.190302441
2021-11-04 13:00:00,4.781,5.643294462,3.814358951,4.790260644,5.393933296,6.215247625,8.756,9.74356558
2021-11-04 14:00:00,4.51,5.323072488,3.598340681,4.495746288,5.090327885,5.75472621,8.272,8.938125368
2021-11-04 15:00:00,4.327,5.107145009,3.440428516,4.158711695,5.316147064,5.521945082,7.817,8.528184961
2021-11-04 16:00:00,4.615,5.480183251,3.681737492,4.660300764,5.201571689,5.855644874,7.224,7.234169888
2021-11-04 17:00:00,5.434,6.406100191,4.086466404,5.49420971,6.123315526,6.925383928,7.254,7.751775099
2021-11-04 18:00:00,6.397,7.54288186,5.232466586,6.472797316,7.665806881,8.154240312,7.126,7.925943972
2021-11-04 19:00:00,6.844,8.157193303,5.455337372,6.913588954,7.714431936,8.8375,6.44,7.277684921
2021-11-04 20:00:00,7.07,8.337777068,5.635916421,6.893339282,7.848495678,9.013237384,6.122,7.529742935
2021-11-04 21:00:00,6.556,7.732202946,5.226477032,6.630573362,7.092219452,8.358352845,5.493,6.064476308
2021-11-04 22:00:00,5.506,6.497802049,4.392465925,5.572855151,6.327136877,8.28738771,4.578,4.994944871
2021-11-04 23:00:00,4.379,5.16734985,3.49407808,4.165866252,4.939691183,5.627673316,4.012,4.404373751
2021-11-05 00:00:00,3.378,3.986650176,2.475987603,3.659166941,3.810899628,4.310186204,3.022,3.469435818
2021-11-05 01:00:00,2.796,3.300035023,2.081,2.829985555,3.153373636,3.567637079,2.836,3.268464362
2021-11-05 02:00:00,2.386,2.8125019,2.081,2.295523481,2.264293824,3.038026794,2.908,3.11186591
2021-11-05 03:00:00,2.293,2.70432777,2.081,2.318072667,2.566891178,2.974374446,2.854,4.450932968
2021-11-05 04:00:00,2.208,2.578844844,2.081,2.233467894,2.489516509,2.815324245,2.906,3.461896161
2021-11-05 05:00:00,2.482,2.926604962,2.081,2.509943205,2.797449497,3.16368577,3.649,3.921770072
2021-11-05 06:00:00,3.473,4.100419402,2.770253386,3.397924812,4.679635961,4.433709152,3.794,4.193355975
2021-11-05 07:00:00,4.11,4.850061197,3.277786944,4.156903909,4.575497654,5.243188428,4.722,5.301823167
2021-11-05 08:00:00,3.99,4.440149023,3.182453196,4.037913046,4.500580948,5.090111823,5.639,5.921958291
2021-11-05 09:00:00,4.024,4.748861966,3.206468305,4.072428892,4.538971558,5.132835019,6.651,7.001324838
2021-11-05 10:00:00,4.22,4.979933908,2.847214906,4.395467136,4.756733505,5.30550974,7.764,8.221004319
2021-11-05 11:00:00,4.473,5.278307998,3.567880724,4.370383412,5.046356096,5.706350846,8.956,9.814337005
2021-11-05 12:00:00,4.864,5.739710119,3.949150206,4.853441886,5.486383946,6.204712391,9.048,8.795042498
2021-11-05 13:00:00,4.781,5.641806001,4.616380175,4.838430592,5.3804995,6.099065122,9.253,10.15393612
2021-11-05 14:00:00,4.51,5.321856239,3.640453525,4.436145701,5.087151827,5.398302672,9.061,8.867215022
2021-11-05 15:00:00,4.327,5.106283642,3.452387619,4.379104968,4.880863891,6.081929425,8.123,8.70272716
2021-11-05 16:00:00,4.615,5.4469887,3.551724813,4.671244024,5.206279407,5.847496993,8.038,8.174299858
2021-11-05 17:00:00,5.434,6.41338601,4.335237607,5.501071774,6.130487078,6.933328844,7.371,7.784864004
2021-11-05 18:00:00,6.397,7.446029453,5.102941368,6.715112387,8.734043496,8.161606821,7.232,7.768048425
2021-11-05 19:00:00,6.844,8.078175395,5.429037645,6.968467125,7.767800585,8.732072057,6.905,7.223441533
2021-11-05 20:00:00,7.07,7.937679275,5.640941954,7.156587284,7.976933977,8.8375,6.344,5.418838063
2021-11-05 21:00:00,6.556,7.166104083,5.231379363,7.845240254,7.397775169,8.366677977,5.758,3.252706023
2021-11-05 22:00:00,5.506,6.500995483,4.396470021,5.573023078,6.213482994,6.065223065,4.714,4.930343983
2021-11-05 23:00:00,4.379,4.89134206,3.495851874,4.4351678,4.943331746,5.590823409,4.134,4.254885972
2021-11-06 00:00:00,3.515,4.861419826,2.697946226,3.42267486,2.526164294,4.317352579,3.389,3.131993531
2021-11-06 01:00:00,3.054,3.305204909,2.234248331,2.839108623,3.159246828,3.740932413,2.976,3.20831385
2021-11-06 02:00:00,3.108,2.822458492,2.081,2.421163674,2.697656341,2.764661711,2.836,3.319313909
2021-11-06 03:00:00,2.786,2.714157764,2.081,2.32593103,2.081,2.835436348,2.778,3.214798122
2021-11-06 04:00:00,2.641,3.056720952,2.712571578,2.242392177,2.498945831,3.321957534,2.95,2.086717404
2021-11-06 05:00:00,2.97,3.024321493,2.081,2.519800413,2.789729768,3.176400325,3.269,3.681048198
2021-11-06 06:00:00,2.891,4.109275262,2.536339415,3.52387889,3.927401789,4.442339942,3.544,3.952795257
2021-11-06 07:00:00,3.378,4.861363314,4.501874589,4.169454672,4.647205415,5.255911138,4.566,5.836105652
2021-11-06 08:00:00,3.957,4.952882983,3.186887491,3.86188272,4.682640638,4.423154666,4.997,6.073164833
2021-11-06 09:00:00,4.476,4.761944,3.218809984,3.788270616,4.551711286,5.410615152,5.44,7.196374124
2021-11-06 10:00:00,4.581,6.042450934,3.375645739,4.282758979,4.773320905,5.414769582,5.782,7.395936547
2021-11-06 11:00:00,5.105,5.40509035,2.899993494,4.539398295,5.05956998,5.733906361,6.996,9.18992465
2021-11-06 12:00:00,6.592,5.75528488,3.890248264,4.936164893,5.500661085,6.221623096,7.026,9.166841121
2021-11-06 13:00:00,6.628,5.657897769,3.823889037,4.853171099,4.570516816,6.111739523,7.43,8.78255
2021-11-06 14:00:00,6.091,6.986432643,4.526974391,6.164217308,6.85976376,8.551195965,7.637,8.803765001
2021-11-06 15:00:00,5.498,6.359997851,4.385554794,5.564066252,6.244894282,7.033494707,7.494,8.476971046
2021-11-06 16:00:00,5.185,6.118195889,4.133812538,4.346387086,5.848543994,6.61459567,6.788,7.615529366
2021-11-06 17:00:00,5.474,7.196348139,4.365288001,5.156989886,6.171544271,6.984391464,6.563,7.759126546
2021-11-06 18:00:00,7.071,8.419491049,5.641006051,7.156133207,8.017707769,9.020605802,6.666,7.549854138
2021-11-06 19:00:00,7.387,8.716517536,5.892577707,7.471967089,7.683949485,9.23375,6.142,6.776412245
2021-11-06 20:00:00,7.12,8.506766672,5.678528023,7.205533257,8.084518642,9.082042268,5.763,5.668867889
2021-11-06 21:00:00,6.516,8.2204643,5.197324222,6.630548944,6.968042973,8.305458445,5.405,4.555206036
2021-11-06 22:00:00,5.649,6.666210348,4.505766728,5.710366683,5.759398201,7.207813536,5.016,4.612912153
2021-11-06 23:00:00,5.076,5.987337756,4.052291564,5.137199182,5.778109513,6.473957752,4.636,4.156574536
2021-11-07 00:00:00,3.515,4.272047076,2.803806547,3.557182676,4.038491941,4.484242906,3.852,3.224213698
2021-11-07 01:00:00,3.054,3.604036494,2.435842185,3.404014482,3.444808992,3.896061971,3.245,2.981510036
2021-11-07 02:00:00,3.108,3.667542264,2.47934831,2.994579262,3.505666927,3.959810555,3.037,2.75926986
2021-11-07 03:00:00,2.786,3.248945753,2.224459284,2.819476965,3.142505835,3.554043005,3.036,2.943522636
2021-11-07 04:00:00,2.641,3.105790622,2.106456465,2.462378333,3.118173624,2.607486143,2.749,2.99037761
2021-11-07 05:00:00,2.97,3.503741016,2.160671717,3.005660408,3.352255975,3.788905325,3.213,3.347291222
2021-11-07 06:00:00,2.891,3.2960945,2.612217583,2.926580757,3.366435078,3.688184909,3.337,3.766887427
2021-11-07 07:00:00,3.378,3.98030553,2.694543282,3.418552216,3.812871617,4.315962854,3.812,4.87280508
2021-11-07 08:00:00,3.957,4.7142612,3.186567621,4.04286325,4.506894204,5.096375164,4.191,6.019365549
2021-11-07 09:00:00,4.476,4.753285693,3.212566264,4.07648516,4.521707312,5.132207694,4.412,6.94742169
2021-11-07 10:00:00,4.581,4.983728903,3.368681197,4.086850963,4.763794797,7.445509592,4.618,8.098044994
2021-11-07 11:00:00,5.105,5.29190406,3.570130625,4.529282367,5.456110766,5.709727309,5.533,9.398126786
2021-11-07 12:00:00,6.592,5.742239964,3.881277273,4.924275008,6.823762469,6.20772371,5.97,9.631647117
2021-11-07 13:00:00,6.628,5.643726693,3.814800438,4.839640403,5.394371689,6.297867315,6.416,7.3784
2021-11-07 14:00:00,6.091,4.480148718,3.673960995,4.564918099,5.087405464,5.241621639,6.242,8.848000194
2021-11-07 15:00:00,5.498,5.023108772,3.523606088,4.2694061,4.880944449,5.336855141,5.936,8.750078185
2021-11-07 16:00:00,5.185,5.445119123,3.682681133,4.669645682,6.895080364,6.072381612,6.075,9.4803965
2021-11-07 17:00:00,5.474,6.036199985,3.958149847,5.49809976,6.402584396,6.930954882,5.429,7.603524691
2021-11-07 18:00:00,7.071,7.756986474,5.101597541,6.472319221,7.307737688,8.372301774,5.67,5.156179269
2021-11-07 19:00:00,7.387,8.075142521,5.363652225,6.924529023,7.635008213,8.868015485,5.64,7.344665042
2021-11-07 20:00:00,7.12,8.414926392,6.848462378,7.152998897,7.972559161,9.017022814,5.32,6.708140545
2021-11-07 21:00:00,6.516,7.734102676,5.227837529,7.203495544,7.392678915,9.23375,5.03,5.868669177
2021-11-07 22:00:00,5.649,6.49495694,4.390112786,6.952958513,6.265587036,7.021417829,4.355,4.791736006
2021-11-07 23:00:00,5.076,4.613666346,3.485036149,4.431101887,4.936979168,5.583358247,3.835,4.513784221
2021-11-08 00:00:00,3.378,3.983757113,2.715804725,3.416429938,3.807756259,4.307631204,3.137,3.782814321
2021-11-08 01:00:00,2.796,3.29849291,2.230304101,2.82875861,3.152910873,3.565864775,2.97,3.025098367
2021-11-08 02:00:00,2.386,2.813465261,2.081,2.081,2.318216532,2.081,2.966,3.282177587
2021-11-08 03:00:00,2.293,2.703721139,2.081,2.841123361,2.584877552,3.05476847,2.896,3.153219532
2021-11-08 04:00:00,2.208,2.605037229,2.081,2.233749719,2.081,2.903350042,2.89,3.723526334
2021-11-08 05:00:00,2.482,2.652514806,2.081,2.510196894,2.795425349,2.875373388,3.293,3.90669685
2021-11-08 06:00:00,3.473,4.09965984,2.770026515,3.514836595,3.919432228,4.309264714,3.676,4.137641005
2021-11-08 07:00:00,4.11,4.850007557,3.280202039,4.160008176,4.635337066,5.243141462,4.939,5.32474303
2021-11-08 08:00:00,3.99,5.130362083,3.182680645,4.037954452,4.332658603,5.088927033,5.672,4.894486855
2021-11-08 09:00:00,4.024,4.820670909,3.209868498,4.069772787,4.447166856,5.155285753,6.54,7.108950965
2021-11-08 10:00:00,4.22,5.44181224,3.41921084,4.35412562,3.920616975,5.383677278,7.12,5.843673853
2021-11-08 11:00:00,4.473,5.278528867,3.566408651,4.526766575,5.04565908,5.716868237,8.166,8.987840458
2021-11-08 12:00:00,4.864,5.739933775,4.791191157,4.21195351,5.486544733,6.837129123,8.818,8.765430318
2021-11-08 13:00:00,4.781,5.641962637,3.813649435,4.838462783,5.392320437,6.098640586,9.11,9.93822228
2021-11-08 14:00:00,4.51,5.322172494,3.048849494,4.564151263,5.087467424,5.753443566,8.547,9.148659395
2021-11-08 15:00:00,4.327,5.106111462,3.510489795,4.378966772,5.910414558,6.955980411,8.538,8.751316115
2021-11-08 16:00:00,4.615,5.446464155,3.673687678,4.668670324,5.204670617,5.886488964,8.024,8.368707671
2021-11-08 17:00:00,5.434,6.351079114,4.330732095,5.498649852,6.086991458,6.931253528,7.708,7.519809011
2021-11-08 18:00:00,6.397,7.546206456,5.117876521,6.444290708,7.214700176,8.158866695,7.326,7.910256889
2021-11-08 19:00:00,6.844,8.076288344,4.705685846,6.925741182,7.713068267,7.982213895,7.047,7.58555244
2021-11-08 20:00:00,7.07,8.37772843,4.8910355,7.152595686,7.973779148,8.8375,6.228,6.87627883
2021-11-08 21:00:00,6.556,7.73557965,5.3025,6.632817435,7.394046629,8.372946217,5.328,5.548919287
2021-11-08 22:00:00,5.506,6.497551617,4.390967351,5.571202548,6.209672565,7.968317697,4.041,4.4785692
2021-11-08 23:00:00,4.379,4.529432471,3.492450799,4.424827698,4.938510868,5.584969524,3.533,4.192878176
2021-11-09 00:00:00,3.378,3.985316192,2.667571353,3.419755914,3.809524117,4.308907709,3.084,2.394256861
2021-11-09 01:00:00,2.796,3.16838793,2.230663796,2.82379553,3.153399645,3.566459771,2.827,3.515265031
2021-11-09 02:00:00,2.386,2.814756744,2.081,2.413870428,2.691061908,2.801590101,2.828,3.169268261
2021-11-09 03:00:00,2.293,2.705188185,2.081,2.319908963,2.585708687,2.924484659,2.764,3.106091992
2021-11-09 04:00:00,2.208,2.605236859,2.679574361,2.172375913,2.487763738,2.760966419,2.793,3.075784356
2021-11-09 05:00:00,2.482,2.92761524,2.751517972,2.51133257,3.233557561,3.165721399,3.446,3.862633812
2021-11-09 06:00:00,3.473,4.098442128,2.770378329,3.514842044,3.746319701,4.12627977,3.698,4.11945991
2021-11-09 07:00:00,4.11,4.850242798,2.328382215,4.159501194,4.636021262,5.243419629,4.804,5.408533503
2021-11-09 08:00:00,3.99,4.69670508,3.182685251,4.014764149,4.500815143,5.086964152,6.145,6.340971629
2021-11-09 09:00:00,4.024,4.748782655,3.209943526,4.915961555,4.53891041,5.133694053,6.274,6.866663074
2021-11-09 10:00:00,4.22,4.977522784,3.366074217,4.271221083,4.760234784,5.383749296,8.041,7.88629698
2021-11-09 11:00:00,4.473,5.279007212,3.561071287,4.527019532,5.045642694,5.697806458,8.485,9.290008794
2021-11-09 12:00:00,4.864,5.740217098,3.885522376,4.923060122,5.486824721,6.188194387,8.61,9.471695466
2021-11-09 13:00:00,4.781,5.129355547,3.813800697,4.571838343,5.529818307,6.099468849,9.169,9.846814455
2021-11-09 14:00:00,4.51,5.332161075,3.597365421,4.564249764,5.086722804,5.75333736,8.478,8.932100593
2021-11-09 15:00:00,4.327,5.106380314,3.450489447,4.383522667,4.88003077,5.518356984,7.975,8.432897275
2021-11-09 16:00:00,4.615,5.447905426,3.757359802,4.670253857,5.205441963,5.987503655,7.545,8.322621223
2021-11-09 17:00:00,5.434,6.927521855,4.333463846,5.038524536,6.129283436,7.580984177,6.901,7.544496432
2021-11-09 18:00:00,6.397,7.548823966,5.102686239,6.279150954,7.2154865,7.998586397,7.29,7.725086869
2021-11-09 19:00:00,6.844,8.179816062,5.459091752,6.925981499,7.719695999,8.926278272,6.885,7.608322528
2021-11-09 20:00:00,7.07,7.665768183,5.437820935,7.154809998,8.8375,8.8375,6.174,6.027699769
2021-11-09 21:00:00,6.556,7.736763386,5.231435873,6.634632969,7.343000653,8.361016661,5.117,5.589514365
2021-11-09 22:00:00,5.506,6.496939864,4.396743552,5.572510977,4.364863925,7.412287329,4.136,4.628731046
2021-11-09 23:00:00,4.379,5.167375263,3.491965999,4.431467095,6.088469034,5.586005473,3.56,4.06882392
2021-11-10 00:00:00,3.378,3.986132218,2.698246077,3.418196033,3.799383054,4.778121264,3.046,3.438551181
2021-11-10 01:00:00,2.796,2.713488945,2.230027224,2.829277229,3.153805207,3.298649817,2.896,4.074424699
2021-11-10 02:00:00,2.386,2.815478974,2.081,2.553752095,2.081,3.043719338,2.915,3.164268353
2021-11-10 03:00:00,2.293,2.70565824,2.081,2.320487158,2.587323367,3.664142815,2.798,3.075709243
2021-11-10 04:00:00,2.208,2.6056206,2.081,3.014511663,2.490501246,2.780840708,2.859,3.012311919
2021-11-10 05:00:00,2.482,2.928651194,2.081,2.511598867,2.799528388,3.166198439,3.111,3.574195208
2021-11-10 06:00:00,3.473,4.098487605,2.770330145,3.558054723,4.315426238,4.430651107,3.656,3.915070458
2021-11-10 07:00:00,4.11,4.850139308,3.278421686,4.159442542,4.6361044,5.243383306,4.568,6.769555366
2021-11-10 08:00:00,3.99,4.706480591,3.182709391,4.240651117,4.26787101,5.092210373,5.546,6.19925566
2021-11-10 09:00:00,4.024,4.736099143,3.209596629,4.072376601,4.546569222,5.135313068,6.289,6.762501863
2021-11-10 10:00:00,4.22,4.979033073,3.366160871,4.271253197,4.760063561,5.383766152,7.219,7.871545581
2021-11-10 11:00:00,4.473,5.279124099,3.266695031,4.527918762,5.035785161,5.667927034,8.399,8.656466323
2021-11-10 12:00:00,4.864,5.732491623,5.121125418,4.967677019,5.487391711,6.197155244,8.254,9.022132497
2021-11-10 13:00:00,4.781,5.641871517,3.931980515,4.838452893,5.450041766,6.099246877,7.726,9.365207985
2021-11-10 14:00:00,4.51,5.322108435,3.693504119,4.564366611,5.088092365,5.753512926,7.621,8.622513773
2021-11-10 15:00:00,4.327,4.798108325,3.451615046,5.02929371,4.875701587,6.151981459,6.952,7.983137375
2021-11-10 16:00:00,4.615,5.4460413,3.681236048,4.673238507,5.205430919,5.888273334,6.549,7.895732164
2021-11-10 17:00:00,5.434,6.212543519,4.334582192,4.630682334,6.126959732,6.932363091,6.578,7.275556993
2021-11-10 18:00:00,6.397,7.548951057,5.102373157,6.22585582,6.949913938,8.160857958,6.3,7.303687158
2021-11-10 19:00:00,6.844,8.665055583,5.459261604,7.042347805,6.888710719,8.692030462,6.01,5.625456048
2021-11-10 20:00:00,7.07,8.354114497,5.307944062,7.436729731,8.095637482,8.8375,5.946,7.030886222
2021-11-10 21:00:00,6.556,7.629086455,5.229555033,6.635879142,7.884238322,8.48137673,5.246,5.763283074
2021-11-10 22:00:00,5.506,6.497593486,4.392032189,6.047116741,6.209169828,7.024245947,4.375,4.746222888
2021-11-10 23:00:00,4.379,6.952668341,3.487981159,5.195250727,5.019864014,5.62184052,3.808,2.601529499
2021-11-11 00:00:00,3.378,3.991778147,2.694499834,3.418603669,3.810597134,4.435531977,3.081,3.54294395
2021-11-11 01:00:00,2.796,4.747235959,2.230329091,2.081,3.153967642,3.716491189,2.682,2.086
2021-11-11 02:00:00,2.386,2.786596586,2.081,2.41480158,2.691541697,3.041483289,2.704,2.959009627
2021-11-11 03:00:00,2.293,2.706031151,2.081,2.322078329,4.063132748,2.752775581,2.73,3.113115065
2021-11-11 04:00:00,2.208,2.782175049,2.081,2.23423528,2.233604078,2.816645943,2.79,2.086
2021-11-11 05:00:00,2.482,2.926147677,2.081,2.511963318,3.134249423,3.151309687,3.328,3.546695746
2021-11-11 06:00:00,3.473,4.564155142,2.68507192,3.515084675,3.915317104,4.44764171,3.837,4.136335996
2021-11-11 07:00:00,4.11,4.061091609,3.742744969,4.377341624,5.081006303,6.349679525,4.416,4.868703461
2021-11-11 08:00:00,3.99,4.317103681,3.182582239,4.03776805,4.500466703,5.089964139,5.344,5.975092785
2021-11-11 09:00:00,4.024,4.747753143,3.209580144,4.072106192,4.538834011,5.133326704,6.136,6.418456622
2021-11-11 10:00:00,4.22,4.979775443,3.513440784,4.271437948,4.199475045,5.383401269,6.928,7.784007655
2021-11-11 11:00:00,4.473,5.277919602,4.246050433,4.527622402,4.894299107,5.70615102,7.698,8.503489524
2021-11-11 12:00:00,4.864,5.739643488,3.862600139,4.859348943,5.442363061,4.916157753,8.014,8.746627345
2021-11-11 13:00:00,4.781,5.642505702,3.549254216,4.838356659,5.393053727,6.099119665,8.209,8.807659158
2021-11-11 14:00:00,4.51,6.058355152,3.597479852,4.615389998,5.087088528,5.752483666,7.576,8.267656916
2021-11-11 15:00:00,4.327,5.106077806,2.380381835,4.412664393,4.88089645,5.520347151,7.084,7.888395896
2021-11-11 16:00:00,4.615,5.446375474,3.681457187,4.668628638,5.199114465,5.888653917,7.147,7.697694736
2021-11-11 17:00:00,5.434,6.616231253,5.586791358,6.105634609,5.263482595,7.205141027,6.67,7.232891283
2021-11-11 18:00:00,6.397,7.15252786,5.102645594,6.474371691,6.549425674,8.1576197,6.727,7.372577253
2021-11-11 19:00:00,6.844,8.077434263,5.45986103,6.926821505,7.719365759,8.540863621,6.749,8.587696526
2021-11-11 20:00:00,7.07,8.346335928,5.349094853,7.181027128,7.975419329,8.8375,5.97,6.611356881
2021-11-11 21:00:00,6.556,8.023038525,4.975266151,7.966355039,8.8375,8.363995346,5.331,4.804124135
2021-11-11 22:00:00,5.506,6.477481642,4.392207167,5.573453038,5.997682084,7.024977101,4.804,5.204022546
2021-11-11 23:00:00,4.379,5.168268488,3.4934579,4.930508637,4.947440488,5.968253551,4.164,4.426710086
2021-11-12 00:00:00,3.378,3.987117908,3.4320904,3.421256218,3.662931394,3.807855515,3.626,3.894659164
2021-11-12 01:00:00,2.796,2.514801788,2.081,3.598260014,3.010167148,3.935513482,3.104,4.858242979
2021-11-12 02:00:00,2.386,2.648668353,2.081,2.432655304,2.693343028,3.044813672,2.954,3.295301384
2021-11-12 03:00:00,2.293,2.830323362,2.081,2.155636717,2.081,2.590994574,3.098,3.172337686
2021-11-12 04:00:00,2.208,2.606256379,2.081,2.212999105,2.4950803,2.81745642,3.082,3.284634212
2021-11-12 05:00:00,2.482,2.929931333,2.409264194,2.081,2.800581396,3.167401951,3.678,3.880553376
2021-11-12 06:00:00,3.473,4.098531743,2.770258748,3.514855082,3.917402074,4.430761049,4.018,4.217318112
2021-11-12 07:00:00,4.11,4.968718846,3.2726159,4.159425023,5.572780182,4.755387868,4.702,5.147495065
2021-11-12 08:00:00,3.99,5.58619861,3.182764196,4.035342619,4.55237102,5.090281048,5.566,5.995684443
2021-11-12 09:00:00,4.024,4.748356554,3.602579275,5.174058228,4.539070539,5.133616026,6.247,6.918688554
2021-11-12 10:00:00,4.22,4.97937196,3.365947279,4.347016462,4.760087262,5.384344116,7.28,7.815826602
2021-11-12 11:00:00,4.473,5.571371146,3.56793837,4.526347421,4.364950644,5.71167667,7.631,5.792509646
2021-11-12 12:00:00,4.864,5.739799829,4.402244236,4.907558981,5.557953588,6.205346619,7.764,8.500381888
2021-11-12 13:00:00,4.781,5.616668157,3.817144318,4.838280831,5.153043992,6.09914143,7.993,8.499089703
2021-11-12 14:00:00,4.51,3.842179138,3.597096287,4.680078615,5.086760197,5.753285305,7.644,8.410156724
2021-11-12 15:00:00,4.327,5.122417454,3.451241571,4.504343906,4.909975102,5.523120695,7.222,7.724041532
2021-11-12 16:00:00,4.615,6.697139612,3.249144729,4.671113682,5.207152722,5.888243448,6.819,5.632128486
2021-11-12 17:00:00,5.434,6.26513285,4.335997362,5.500780904,6.13021845,6.63587322,6.794,6.272088575
2021-11-12 18:00:00,6.397,7.957449049,5.103227134,6.466859068,7.216453983,8.161365925,6.623,5.614666732
2021-11-12 19:00:00,6.844,8.077850113,5.459784236,7.099550412,7.737305861,8.732050684,6.61,7.852700514
2021-11-12 20:00:00,7.07,8.314063484,5.639764857,6.914519147,8.126894501,8.981382952,5.802,6.081274056
2021-11-12 21:00:00,6.556,7.737683317,5.230242102,6.636808433,7.396126007,8.8375,5.241,6.143340046
2021-11-12 22:00:00,5.506,6.487251268,4.392839072,5.589566493,6.211904681,7.023669688,4.693,2.578715437
2021-11-12 23:00:00,4.379,5.513657204,3.508264248,4.492928387,4.941192098,5.588441091,4.038,4.390463462
2021-11-13 00:00:00,3.515,3.988018635,2.081,3.42007964,3.811960519,4.882065548,3.315,3.670818865
2021-11-13 01:00:00,3.054,3.301974119,2.236343768,2.819987112,3.155003698,3.569045162,2.855,3.26272488
2021-11-13 02:00:00,3.108,2.817997043,2.081,2.416603355,2.692502305,3.046229048,2.729,3.097269161
2021-11-13 03:00:00,2.786,2.707725328,3.141810971,2.380117812,2.081,2.927899441,2.7,3.070506904
2021-11-13 04:00:00,2.641,2.608263017,2.081,2.081,2.485506222,2.819864884,2.78,3.262139165
2021-11-13 05:00:00,2.97,2.932003292,2.081,2.514451157,3.058718374,3.169657591,3.246,3.540374794
2021-11-13 06:00:00,2.891,4.100257462,2.772688343,3.517830831,3.920844436,4.434413631,3.528,3.976205697
2021-11-13 07:00:00,3.378,4.456925797,4.568702313,4.273556034,4.52455014,5.247232224,4.08,4.649375477
2021-11-13 08:00:00,3.957,4.738709191,3.18530425,3.18470245,4.503458028,5.094448981,4.552,5.411412722
2021-11-13 09:00:00,4.476,4.752175677,2.182138207,4.075936301,3.712366625,5.100392572,4.576,6.779965958
2021-11-13 10:00:00,4.581,4.984351316,3.369159315,4.274636744,4.746303719,5.371604162,5.235,7.585487892
2021-11-13 11:00:00,5.105,4.380516462,3.571288789,4.530093007,5.049918252,5.736248374,6.114,8.194234969
2021-11-13 12:00:00,6.592,5.744809651,3.785885858,4.926417151,5.451277267,5.788919487,5.884,7.3485
2021-11-13 13:00:00,6.628,5.311863644,3.816454543,4.904088268,5.359508375,5.901256324,6.208,5.708675745
2021-11-13 14:00:00,6.091,7.187521202,4.858211336,6.164111762,6.717660552,7.205422728,6.208,8.069283641
2021-11-13 15:00:00,5.498,6.748840113,4.386362186,5.564075129,6.201616813,7.013931784,6.39,6.151240565
2021-11-13 16:00:00,5.185,6.001861621,4.340969086,5.247553234,5.849438971,6.61464561,5.72,7.222389125
2021-11-13 17:00:00,5.474,6.460016333,4.453938188,5.539712678,7.584702698,7.12751538,5.756,7.069474105
2021-11-13 18:00:00,7.071,8.33609266,5.735359002,7.156134604,7.975924402,8.686340491,5.776,6.807346442
2021-11-13 19:00:00,7.387,8.717185462,5.892342804,7.470666538,8.332330802,9.23375,5.985,6.744212389
2021-11-13 20:00:00,7.12,8.323982575,5.747918398,7.205607668,8.031199846,9.084706069,5.39,5.880570376
2021-11-13 21:00:00,6.516,7.555849446,5.501082567,6.594598358,7.349904954,8.322764696,4.695,5.427739668
2021-11-13 22:00:00,5.649,5.977281689,5.245119116,6.488994302,6.334972449,7.486822431,4.675,3.83456889
2021-11-13 23:00:00,5.076,5.589704669,4.048965393,5.136991769,5.719830815,6.475575858,4.377,3.95794976
2021-11-14 00:00:00,3.515,4.203628406,2.803385211,3.55723281,3.964928642,3.197400102,3.593,2.291747797
2021-11-14 01:00:00,3.054,3.604856342,2.525104529,3.090720749,3.44480679,3.331048439,2.934,3.147401963
2021-11-14 02:00:00,3.108,3.667678286,2.381639014,3.14663863,3.505707537,3.963694076,2.67,2.814231863
2021-11-14 03:00:00,2.786,3.287658636,2.216868171,2.081,3.360640895,3.553832587,2.644,2.630930643
2021-11-14 04:00:00,2.641,3.116535169,2.596658275,2.677476823,2.978642197,3.369254921,2.765,3.679078682
2021-11-14 05:00:00,2.97,3.577408327,2.369161805,3.005646358,3.350152945,3.789267931,2.992,3.255982114
2021-11-14 06:00:00,2.891,3.411586018,2.081,4.198272849,3.260974469,3.688119199,3.222,3.795518636
2021-11-14 07:00:00,3.378,3.986479093,2.694513112,3.418695121,3.807343781,4.271695053,3.17,4.437368475
2021-11-14 08:00:00,3.957,2.926449564,3.183184987,3.728307869,4.497150295,4.566260399,3.46,5.436569265
2021-11-14 09:00:00,4.476,4.58968064,3.209807047,4.07268932,4.928195674,6.918565548,3.682,6.372810852
2021-11-14 10:00:00,4.581,4.963487915,3.219647777,4.263610344,4.759754477,5.383294382,3.879,7.616367637
2021-11-14 11:00:00,5.105,5.277878306,3.567615347,5.300230961,5.044977174,5.698707286,4.554,6.3342
2021-11-14 12:00:00,6.592,5.738960266,3.879290313,4.922093542,5.451808206,6.184314387,4.898,8.470994718
2021-11-14 13:00:00,6.628,5.942030291,3.812898198,4.837510813,5.391867658,7.04445179,4.942,8.399583433
2021-11-14 14:00:00,6.091,5.323413177,4.866165003,4.563021331,5.100183042,5.360941724,4.963,8.194668033
2021-11-14 15:00:00,5.498,5.104352825,3.450402374,4.391793442,4.920835161,5.518311045,5.166,7.616850715
2021-11-14 16:00:00,5.185,5.361200994,3.961825825,4.668805204,5.205740057,5.885379723,4.898,4.479740955
2021-11-14 17:00:00,5.474,6.431139566,4.315441031,5.767614179,6.127395124,6.929987128,5.312,7.154172966
2021-11-14 18:00:00,7.071,7.458995072,5.804773165,6.471944015,6.989911419,8.108905656,5.356,6.932018922
2021-11-14 19:00:00,7.387,8.175977126,5.110993145,6.835923343,7.718157544,8.947438538,5.508,6.741796192
2021-11-14 20:00:00,7.12,8.054363948,5.63771172,6.311423092,7.972298419,9.23375,5.272,6.037620015
2021-11-14 21:00:00,6.516,7.734779468,5.227834581,6.631397541,7.492303855,8.423761913,4.864,5.44384281
2021-11-14 22:00:00,5.649,6.700729786,4.358000224,5.570130679,7.173035217,7.021497323,4.032,3.813102298
2021-11-14 23:00:00,5.076,5.165106262,3.429713566,4.960642793,4.937052805,5.679807973,3.896,4.109318863
2021-11-15 00:00:00,3.378,3.009590116,2.87570711,2.339853781,3.735843905,4.306814112,3.205,3.505714508
2021-11-15 01:00:00,2.796,3.298558345,2.229785032,2.845718124,2.62727064,3.566037314,2.797,3.14973348
2021-11-15 02:00:00,2.386,2.814657465,2.95391094,2.412783474,2.689269736,4.148086183,2.885,3.109808193
2021-11-15 03:00:00,2.293,3.6342086,2.081,2.318139306,2.584711808,2.921610494,2.998,2.086
2021-11-15 04:00:00,2.208,2.60968424,2.081,2.234904337,2.165484061,2.814911469,2.934,3.28095758
2021-11-15 05:00:00,2.482,2.924445944,2.081,2.510210235,2.798089741,3.164285667,3.29,3.82331485
2021-11-15 06:00:00,3.473,3.672679728,2.617111196,3.726074911,3.737933387,4.430596439,3.794,2.981151398
2021-11-15 07:00:00,4.11,5.411852078,3.27841224,4.159353649,4.86069432,5.243245743,4.288,2.086
2021-11-15 08:00:00,3.99,4.708541557,3.18272722,4.037764497,5.389515514,5.090212737,5.306,5.730099508
2021-11-15 09:00:00,4.024,4.748688864,3.209821742,4.07280587,4.539076929,5.133595509,6.364,6.927532664
2021-11-15 10:00:00,4.22,6.190319174,3.366190169,4.270778631,4.760232073,5.380561552,7.145,4.687833546
2021-11-15 11:00:00,4.473,5.278541721,3.567929562,4.457253134,4.521276525,6.36373094,7.864,8.549038352
2021-11-15 12:00:00,4.864,6.320316498,3.88128765,4.922497386,5.486552071,6.176897209,8.056,6.796099004
2021-11-15 13:00:00,4.781,5.580607703,4.885309243,4.911380953,5.4223965,6.099137124,7.804,8.52334681
2021-11-15 14:00:00,4.51,3.589454206,3.597189075,4.135495854,5.087197427,7.041310746,7.668,8.370408686
2021-11-15 15:00:00,4.327,5.106849023,2.962681828,4.379147607,4.882679201,5.520263691,7.422,7.80638235
2021-11-15 16:00:00,4.615,5.444865252,3.573431899,5.31847598,4.169399571,5.078534167,6.938,7.709936877
2021-11-15 17:00:00,5.434,6.411718845,3.977086971,5.495591952,6.391178444,6.931517496,6.67,7.129385208
2021-11-15 18:00:00,6.397,7.629576117,5.105713968,6.472950328,6.423512722,8.159762568,6.689,7.047890775
2021-11-15 19:00:00,6.844,8.074789584,5.458543496,6.011712713,7.834014275,7.859748232,6.152,6.778640291
2021-11-15 20:00:00,7.07,8.342123069,5.638837334,7.154067417,8.393790616,8.088798643,5.57,6.465319541
2021-11-15 21:00:00,6.556,7.734362635,5.229032626,6.633743358,7.39402126,8.361562534,4.989,5.622919288
2021-11-15 22:00:00,5.506,6.485754767,4.390232317,5.525869175,6.215138651,6.400982118,4.109,3.59471533
2021-11-15 23:00:00,4.379,5.167227918,3.489997997,4.961900841,3.961604572,5.585358169,3.513,4.550157835
2021-11-16 00:00:00,3.378,3.903841092,2.493932081,3.417732846,3.804339587,4.30748483,3.064,3.517340893
2021-11-16 01:00:00,2.796,3.201127913,2.229969892,2.927736692,3.321218079,3.158779029,2.706,2.086
2021-11-16 02:00:00,2.386,2.081,2.081,2.265731066,2.690485145,3.042900179,2.625,3.148131429
2021-11-16 03:00:00,2.293,2.705457333,2.081,2.679508084,2.585354037,2.92160778,2.655,2.979369432
2021-11-16 04:00:00,2.208,2.591477894,2.081,2.654152521,3.003874596,2.64837474,2.734,2.105941472
2021-11-16 05:00:00,2.482,2.928857956,2.15378963,2.511465077,2.796074526,2.186073105,3.182,3.451858145
2021-11-16 06:00:00,3.473,4.098517544,2.800175406,3.514848602,3.919620928,3.950343876,3.63,4.000976167
2021-11-16 07:00:00,4.11,4.850246412,3.278384391,4.159537379,4.292193881,5.243430006,4.345,4.69966206
2021-11-16 08:00:00,3.99,4.708661301,3.182868969,4.03809043,4.500716113,4.699568081,5.264,5.518251358
2021-11-16 09:00:00,4.024,4.749176434,3.210262181,4.070729549,4.832076126,5.13395711,5.923,8.539724126
2021-11-16 10:00:00,4.22,4.941463152,3.365646901,4.265158449,4.71013865,5.37594039,6.938,7.715713121
2021-11-16 11:00:00,4.473,5.277619479,3.277058792,4.526927783,5.045649867,5.241448595,7.357,8.291604207
2021-11-16 12:00:00,4.864,4.839166612,3.879945112,4.923403118,5.44795291,6.208821789,7.613,8.18388391
2021-11-16 13:00:00,4.781,5.641993527,3.813911352,5.131545242,5.393064652,6.099380527,7.797,8.622151315
2021-11-16 14:00:00,4.51,5.897708307,4.303543235,5.80564437,5.087715778,5.646636299,7.637,7.443426695
2021-11-16 15:00:00,4.327,6.21750445,3.453897069,4.374024362,4.881157891,5.386784697,7.042,7.700272305
2021-11-16 16:00:00,4.615,5.373798513,3.681099836,5.15845214,5.041064937,7.255867671,6.924,7.544893781
2021-11-16 17:00:00,5.434,6.412289705,4.334352878,5.499137231,4.872934503,6.926428064,6.479,7.038626569
2021-11-16 18:00:00,6.397,7.46115337,5.102525065,6.473060127,7.215483799,8.160599607,6.561,7.301932323
2021-11-16 19:00:00,6.844,8.075974525,5.459233459,6.925994609,7.719436084,8.730914064,6.254,6.778344375
2021-11-16 20:00:00,7.07,8.343299713,5.63937658,6.774586252,7.944776379,8.8375,6.074,6.469875105
2021-11-16 21:00:00,6.556,7.630957086,5.228793332,6.634640756,7.394825903,8.280212825,4.992,5.373062408
2021-11-16 22:00:00,5.506,6.497309638,4.391511099,6.464663263,5.34405728,7.534297024,4.206,4.804906953
2021-11-16 23:00:00,4.379,5.167329349,2.530241819,4.431449705,4.958708404,5.524604749,3.69,4.291750386
2021-11-17 00:00:00,3.378,3.986185484,2.694508519,3.384940207,4.943103585,4.476744625,3.1,3.313925417
2021-11-17 01:00:00,2.796,3.298420716,2.230367134,2.829928762,3.38725571,3.288374835,2.775,2.956608135
2021-11-17 02:00:00,2.386,2.815594422,2.081,2.41454344,2.691116181,3.042313682,2.786,3.095695642
2021-11-17 03:00:00,2.293,2.705923663,2.081,2.324789714,2.585649795,2.968965604,2.792,2.823390717
2021-11-17 04:00:00,2.208,2.605627985,2.081,2.234573686,2.491484837,3.268487608,2.774,3.123513929
2021-11-17 05:00:00,2.482,2.081,2.091558843,2.511839737,2.70305195,3.135602214,3.264,2.58504598
2021-11-17 06:00:00,3.473,4.098502861,2.770593415,3.514774701,4.720319218,4.635721741,3.578,4.031672928
2021-11-17 07:00:00,4.11,4.850143699,3.427846268,4.159845928,4.986945684,5.14014335,4.258,4.743645932
2021-11-17 08:00:00,3.99,4.708534137,2.920537178,4.03798085,4.500329439,5.091992035,5.254,5.827723458
2021-11-17 09:00:00,4.024,4.748507372,3.208184386,4.072386515,4.539022283,5.139386158,6.374,6.665225221
2021-11-17 10:00:00,4.22,4.974788097,3.3661572,4.28416017,4.720186793,5.38358005,7.176,7.597928321
2021-11-17 11:00:00,4.473,5.497386178,2.529577984,5.829513954,4.378677786,5.853742868,7.631,8.186679149
2021-11-17 12:00:00,4.864,5.323081728,3.566511096,4.858707918,5.486922772,6.342351158,7.605,8.342515355
2021-11-17 13:00:00,4.781,5.251231984,3.813611268,3.748646352,5.686833369,6.100826893,7.858,8.606956541
2021-11-17 14:00:00,4.51,5.199172886,4.884974442,4.5668597,5.087266174,5.752910684,7.424,8.49291699
2021-11-17 15:00:00,4.327,5.106072857,3.451242503,4.378987318,4.879790768,5.520033132,6.79,7.664295404
2021-11-17 16:00:00,4.615,5.533006816,3.692164012,4.670557314,5.34705558,5.887469853,6.55,7.325078051
2021-11-17 17:00:00,5.434,6.588568596,4.334532872,5.570537484,6.136628611,7.001245998,6.393,6.023268917
2021-11-17 18:00:00,6.397,7.548996694,5.633803734,5.511218833,7.215818851,9.481929246,6.336,7.068152841
2021-11-17 19:00:00,6.844,8.076527428,5.459301617,6.927019031,7.719694,8.731024069,6.173,6.904249179
2021-11-17 20:00:00,7.07,8.343182785,4.87812641,7.155157022,7.97487419,8.8375,6.14,6.778208908
2021-11-17 21:00:00,6.556,7.736624859,5.229686618,6.634844684,7.395107458,8.36370983,5.488,5.895878156
2021-11-17 22:00:00,5.506,6.497621896,4.392016971,5.281401049,6.368307079,7.998282344,4.602,5.056793124
2021-11-17 23:00:00,4.379,5.349134405,3.493088786,4.426553616,4.910365602,5.58638588,4.114,3.76250596
2021-11-18 00:00:00,3.378,3.986441423,2.09379845,3.418796528,3.810800571,4.309301854,3.224,3.527409917
2021-11-18 01:00:00,2.796,3.780086393,2.231624879,2.829671889,3.154228588,3.524518146,2.97,2.086
2021-11-18 02:00:00,2.386,2.815672098,2.081,2.374021102,2.691456693,3.044030631,2.903,3.195095541
2021-11-18 03:00:00,2.293,2.706383275,2.081,2.915448016,2.594789616,2.921999373,2.963,3.731522035
2021-11-18 04:00:00,2.208,2.600732857,2.081,2.234581271,2.090112417,2.817224389,2.996,3.23934423
2021-11-18 05:00:00,2.482,2.732557471,2.081,2.512255622,2.800006564,3.166381088,3.326,5.773079095
2021-11-18 06:00:00,3.473,4.0982567,2.770165632,3.514623392,4.082134205,4.430416677,3.948,4.187541547
2021-11-18 07:00:00,4.11,4.850039567,3.278292395,4.12062426,4.34478885,4.755420717,4.676,5.40700438
2021-11-18 08:00:00,3.99,4.708711254,3.18300539,4.037580609,4.500472709,4.412764744,5.492,5.902778141
2021-11-18 09:00:00,4.024,4.748395866,3.209697405,4.076576456,4.59775006,5.198720855,6.254,6.690573688
2021-11-18 10:00:00,4.22,5.1189586,3.366773308,4.676859666,4.565943075,5.383698134,7.142,7.513665147
2021-11-18 11:00:00,4.473,5.837835895,3.567923894,5.211358864,5.045337523,5.706469994,7.734,8.260011354
2021-11-18 12:00:00,4.864,5.739720909,3.879759396,4.9223543,5.261686963,6.124152211,7.296,8.269532541
2021-11-18 13:00:00,4.781,5.642103995,3.813659024,5.412546338,5.392853014,4.629918641,7.826,9.171747665
2021-11-18 14:00:00,4.51,5.490777451,3.603282047,4.564514014,5.087081913,5.754662666,8.117,8.437375907
2021-11-18 15:00:00,4.327,5.106013851,4.834507101,4.228193984,4.70639227,5.519976957,7.214,7.668711921
2021-11-18 16:00:00,4.615,5.446353408,4.366187811,4.948391983,5.722867673,5.887265991,6.666,7.893412794
2021-11-18 17:00:00,5.434,6.413114504,4.391490939,5.601988831,5.487334629,6.786520597,6.954,7.642838948
2021-11-18 18:00:00,6.397,7.549481145,4.798860896,6.474459613,7.2180173,8.158458166,7.094,7.206241772
2021-11-18 19:00:00,6.844,8.077060301,5.465009804,6.928397366,7.519828241,8.731881205,6.916,7.10615279
2021-11-18 20:00:00,7.07,8.252268102,5.639929519,7.156764318,7.970007733,8.8375,6.534,6.95447678
2021-11-18 21:00:00,6.556,7.448168681,5.28247312,6.635136193,7.974214536,8.625229085,5.862,4.005174754
2021-11-18 22:00:00,5.506,6.504099979,4.395373222,5.574061547,5.231739172,7.218921119,5.017,5.344311329
2021-11-18 23:00:00,4.379,4.735720174,3.958567454,4.435413157,4.940190416,5.587175018,4.258,4.783828193
2021-11-19 00:00:00,3.378,5.102491743,2.693545415,2.578479682,3.813265618,4.24673818,3.194,2.88824074
2021-11-19 01:00:00,2.796,3.300334932,2.230848736,2.830361089,2.609477315,3.567501977,2.933,3.311307152
2021-11-19 02:00:00,2.386,2.815713754,2.081,2.415522039,2.691156934,3.044766619,3.037,3.332520123
2021-11-19 03:00:00,2.293,2.120811404,2.081,2.268660804,2.582396498,2.927292296,2.894,4.205055156
2021-11-19 04:00:00,2.208,2.606258218,2.081,2.234477034,2.491174733,2.83777295,2.923,3.230046845
2021-11-19 05:00:00,2.482,2.950289482,2.434920695,2.51267121,4.359909215,3.180203592,3.668,3.860374856
2021-11-19 06:00:00,3.473,4.121455628,2.691776418,3.514919091,2.840848532,4.323842495,3.735,2.086
2021-11-19 07:00:00,4.11,4.851065561,3.278328417,4.865810384,4.636165033,5.243370059,4.086,4.761879965
2021-11-19 08:00:00,3.99,4.708604298,4.649533431,3.131658514,5.445954695,5.090270404,5.154,5.640323316
2021-11-19 09:00:00,4.024,5.695097929,3.220800969,4.072430025,4.501370634,5.133596743,5.693,6.218244513
2021-11-19 10:00:00,4.22,4.979972906,3.366190836,3.889074563,4.758737848,5.872568814,6.666,7.385118755
2021-11-19 11:00:00,4.473,5.276940301,3.567957756,3.951126807,5.044005808,5.706250857,7.2,8.042553953
2021-11-19 12:00:00,4.864,5.739656015,3.879796732,4.921487145,5.488446506,6.205049288,7.402,8.147967527
2021-11-19 13:00:00,4.781,5.641871122,3.80468234,4.838321407,5.39272175,6.09918141,7.756,8.503256988
2021-11-19 14:00:00,4.51,5.322064104,3.61718391,2.639588715,5.392306318,6.222131702,7.366,8.208746194
2021-11-19 15:00:00,4.327,5.105257971,3.452877406,4.376331148,5.01880479,5.51972168,6.86,7.462061246
2021-11-19 16:00:00,4.615,5.446753597,3.674027134,5.011377939,4.52914932,5.888263638,6.542,7.062332327
2021-11-19 17:00:00,5.434,6.413209604,4.279412048,5.499956424,6.130570242,6.062894897,6.516,7.108920558
2021-11-19 18:00:00,6.397,6.712128692,5.103235832,6.474530894,7.215489942,8.161685895,6.211,5.344692748
2021-11-19 19:00:00,6.844,8.8375,5.413617307,7.989313053,7.720743183,8.8375,6.201,5.433877987
2021-11-19 20:00:00,7.07,8.377854291,5.640174704,6.876725437,7.975723195,9.02046963,6.177,5.838253261
2021-11-19 21:00:00,6.556,6.257991541,5.230345626,6.635729258,7.338516088,8.364877909,5.675,6.097083968
2021-11-19 22:00:00,5.506,6.498789183,4.392827781,5.572274485,6.417717093,6.958313898,4.776,5.208942842
2021-11-19 23:00:00,4.379,5.1690314,3.506455775,4.432611041,5.699656713,5.602032159,4.454,4.617146445
2021-11-20 00:00:00,3.515,3.987780091,2.68108419,3.420038295,3.811540749,4.311145327,3.496,3.701666568
2021-11-20 01:00:00,3.054,3.301394804,2.231285256,2.081,3.155656681,3.329351557,2.92,3.297702017
2021-11-20 02:00:00,3.108,2.999361268,2.081,2.416600404,2.964937657,2.907329749,2.875,3.07192161
2021-11-20 03:00:00,2.786,2.708459332,2.081,2.322051022,2.588463046,3.597563932,2.718,3.147152565
2021-11-20 04:00:00,2.641,2.60823754,2.081,2.237377208,2.653119238,2.81965231,2.765,3.129299315
2021-11-20 05:00:00,2.97,2.938007198,2.129642411,2.803518135,2.081,3.166609062,3.403,3.05352481
2021-11-20 06:00:00,2.891,4.102104418,2.772701158,3.373343745,4.00255866,4.433124559,3.436,3.818889271
2021-11-20 07:00:00,3.378,4.853937623,3.346377271,4.162666623,6.020489944,5.29158402,4.023,4.430667103
2021-11-20 08:00:00,3.957,4.634470565,3.184842204,4.041407816,4.388624669,6.443546383,4.402,4.589505066
2021-11-20 09:00:00,4.476,4.751787158,3.234377961,4.052853422,4.542705248,5.138636932,4.814,6.467591658
2021-11-20 10:00:00,4.581,4.984398902,4.6802706,4.274587924,5.613102768,5.388942195,5.345,7.317576102
2021-11-20 11:00:00,5.105,5.283187569,3.571198068,5.110583086,5.051211159,5.711468323,6.414,7.976512261
2021-11-20 12:00:00,6.592,5.74483229,5.670334043,4.638994234,6.611401918,6.203125559,6.004,7.959331975
2021-11-20 13:00:00,6.628,5.659347719,3.816167661,4.842900067,5.397757284,6.104154061,6.478,7.4497
2021-11-20 14:00:00,6.091,7.187787638,4.773292777,6.163937933,6.850332136,7.774025678,6.22,7.728397719
2021-11-20 15:00:00,5.498,6.487544908,5.599816636,5.564090202,6.201593644,7.014329403,6.362,7.1811935
2021-11-20 16:00:00,5.185,6.715151226,4.068647066,5.24727391,6.206893865,6.614535401,5.814,6.024581112
2021-11-20 17:00:00,5.474,6.459799216,4.365833448,5.540581561,6.238897958,6.982734369,5.712,6.684290454
2021-11-20 18:00:00,7.071,7.379508962,5.640290891,7.231881962,7.984166978,9.020755127,6.014,6.534327988
2021-11-20 19:00:00,7.387,8.717184735,5.89228744,8.891715619,8.331637992,9.23375,5.877,6.432108787
2021-11-20 20:00:00,7.12,8.402333261,5.030737421,7.108048215,7.607198519,9.0814211,5.526,6.172703394
2021-11-20 21:00:00,6.516,7.689342896,5.197639106,6.594260268,7.349916638,8.313011843,5.204,5.728605178
2021-11-20 22:00:00,5.649,6.665957051,4.739183173,5.74638958,6.371941323,7.203157555,4.818,4.720187249
2021-11-20 23:00:00,5.076,5.992205863,4.048983589,5.136686028,5.725610557,6.475447444,4.208,3.815544211
2021-11-21 00:00:00,3.515,4.147984576,2.77341128,3.557333709,3.964819558,4.720182524,3.558,3.613486214
2021-11-21 01:00:00,3.054,3.603940743,2.440412174,3.090653184,3.272314374,3.896064067,2.758,2.882303756
2021-11-21 02:00:00,3.108,3.954275323,2.491037255,3.145347141,3.505874381,3.965005189,2.682,2.839448106
2021-11-21 03:00:00,2.786,3.287691154,2.081,2.819520991,3.142704834,3.545841399,2.682,3.404593182
2021-11-21 04:00:00,2.641,2.644865357,2.081,2.672750993,2.939637712,3.369170623,2.615,2.790006476
2021-11-21 05:00:00,2.97,3.504817951,2.36906252,3.005711472,3.350109096,2.949360921,3.083,3.380385447
2021-11-21 06:00:00,2.891,3.404221073,2.306048429,2.828455998,3.261794805,3.68817426,3.312,3.846954445
2021-11-21 07:00:00,3.378,3.986287188,2.694581037,3.41861273,3.517537231,4.798345049,3.084,4.230150987
2021-11-21 08:00:00,3.957,4.603755398,3.323845275,4.745270749,4.500588689,5.102566509,3.438,4.91714026
2021-11-21 09:00:00,4.476,4.748398481,3.209679816,4.072234821,4.522405687,5.541067572,3.644,6.312247162
2021-11-21 10:00:00,4.581,4.979487491,3.366792379,4.270015036,4.851451559,6.598630204,3.712,6.841382801
2021-11-21 11:00:00,5.105,5.167183005,3.514619099,4.527855356,5.043032886,5.710808355,4.445,8.036142854
2021-11-21 12:00:00,6.592,5.738862465,3.879152032,4.921607439,5.485549315,6.204057255,4.66,7.947427939
2021-11-21 13:00:00,6.628,5.640169307,4.926003627,4.922007343,5.391670692,6.097896197,4.754,8.102606807
2021-11-21 14:00:00,6.091,6.057253828,3.596451163,4.562921794,5.085717449,5.751884926,4.704,6.16515
2021-11-21 15:00:00,5.498,5.104763181,3.450308576,4.377691517,5.073044696,5.517835836,4.747,7.02860208
2021-11-21 16:00:00,5.185,5.54829973,3.679608999,4.668382076,5.203330467,5.884878781,4.731,5.85203933
2021-11-21 17:00:00,5.474,6.604706976,4.332845899,5.522162331,6.128424962,7.015603963,4.581,6.001960419
2021-11-21 18:00:00,7.071,7.536807849,5.20550747,6.471520192,7.213036049,8.075006746,4.738,6.880786026
2021-11-21 19:00:00,7.387,8.074625705,5.383801981,6.923899473,7.717197095,8.590903026,5.361,6.547757216
2021-11-21 20:00:00,7.12,8.340275022,5.637574742,7.156114845,7.64019926,9.016311582,5.137,6.184419036
2021-11-21 21:00:00,6.516,7.733550229,5.227688967,6.630096186,6.539884043,8.360508893,4.558,5.626046567
2021-11-21 22:00:00,5.649,6.49457354,4.390040657,5.568913839,6.207895894,7.021054318,4.046,4.748032228
2021-11-21 23:00:00,5.076,4.865242934,3.567717722,4.64256053,4.936712289,5.637208332,3.71,4.282223486
2021-11-22 00:00:00,3.378,3.983528515,2.624649241,2.614196644,3.759150358,4.306455357,3.228,3.56031651
2021-11-22 01:00:00,2.796,3.299125224,2.229324142,2.081,3.15344597,3.527304988,2.78,2.942868182
2021-11-22 02:00:00,2.386,2.649626205,2.081,2.412287014,2.688848763,3.041040985,2.724,2.935518662
2021-11-22 03:00:00,2.293,3.201662467,2.081,2.315072909,2.584105895,2.950376386,2.682,2.931375905
2021-11-22 04:00:00,2.208,2.081,2.081,2.234201757,2.455650146,2.81652289,2.897,2.336042686
2021-11-22 05:00:00,2.482,2.924778581,2.081,2.50079257,2.796841985,2.665704787,2.843,3.416157481
2021-11-22 06:00:00,3.473,5.364157714,2.771419321,3.514537291,3.757750108,4.670604779,3.731,2.452166702
2021-11-22 07:00:00,4.11,4.849916874,3.278366267,4.159442069,4.39469225,5.929184062,3.916,4.383511728
2021-11-22 08:00:00,3.99,4.708426882,2.917442611,4.038068648,4.681592177,4.739814427,4.758,5.271748378
2021-11-22 09:00:00,4.024,4.748609175,3.20984326,3.52726408,4.647493177,5.133559001,6.06,6.933591389
2021-11-22 10:00:00,4.22,5.010635488,3.200517915,4.132429639,4.781597759,5.383617334,7.063,7.853139936
2021-11-22 11:00:00,4.473,5.841855086,3.557265229,4.644436293,5.045492368,5.706386948,7.664,7.813106348
2021-11-22 12:00:00,4.864,5.739916618,3.879737586,4.922342969,5.486429939,6.224226823,7.524,8.319496431
2021-11-22 13:00:00,4.781,5.533742343,3.813603607,4.83865145,5.392564795,6.099315284,7.503,8.154858528
2021-11-22 14:00:00,4.51,5.31697873,3.738257017,4.766863554,5.192700338,5.754118924,7.406,8.193051205
2021-11-22 15:00:00,4.327,5.268621024,3.451638773,5.022855024,4.880743769,5.456340494,6.728,7.395398407
2021-11-22 16:00:00,4.615,5.454139644,3.680383608,4.668372743,5.202533067,5.885585275,6.3,7.016945154
2021-11-22 17:00:00,5.434,6.411149522,3.464955043,5.500336452,6.129893415,6.930593582,6.123,6.837675189
2021-11-22 18:00:00,6.397,7.546428199,5.035495113,6.472637823,7.099554601,8.159334138,6.89,7.051828405
2021-11-22 19:00:00,6.844,7.014796701,5.458334418,6.917645451,8.457055839,8.662173201,6.362,6.152961672
2021-11-22 20:00:00,7.07,8.341752631,5.636942662,7.529605214,7.973531578,8.8375,5.92,7.135008646
2021-11-22 21:00:00,6.556,7.735249556,5.228597948,6.634665611,7.393701124,8.470343301,5.034,5.713297828
2021-11-22 22:00:00,5.506,6.496844785,4.39104096,5.571143447,6.209488845,7.022418991,4.3,4.903999333
2021-11-22 23:00:00,4.379,4.667961641,3.694616826,4.429838489,6.190109008,5.906912522,3.846,4.141957266
2021-11-23 00:00:00,3.378,3.496985621,2.693686408,3.54881191,3.808428248,4.308035921,3.276,3.370150105
2021-11-23 01:00:00,2.796,3.34693958,2.23024693,2.829240111,3.141478754,3.566450272,2.828,3.131378178
2021-11-23 02:00:00,2.386,2.814178979,2.081,2.583533219,2.690156908,2.969174226,2.878,3.246891181
2021-11-23 03:00:00,2.293,3.441155702,2.081,2.318479099,2.582685775,2.921838484,2.904,3.07348566
2021-11-23 04:00:00,2.208,2.580008856,2.081,2.233758141,2.699964619,2.815959874,2.772,2.738872739
2021-11-23 05:00:00,2.482,2.928061408,2.081,2.509098908,2.798844013,2.081,3.4,3.694063925
2021-11-23 06:00:00,3.473,4.301182066,4.159616548,3.513002443,4.316244021,3.943607622,4.032,4.242384165
2021-11-23 07:00:00,4.11,4.84256331,3.098342008,5.849983648,4.59238168,5.242248788,4.474,4.759428455
2021-11-23 08:00:00,3.99,4.765990968,3.25317943,4.03820201,4.501049387,5.090098702,5.42,5.678580416
2021-11-23 09:00:00,4.024,4.748915783,2.811307291,3.864613187,4.539307595,5.133902398,6.518,6.787766379
2021-11-23 10:00:00,4.22,5.150194999,3.366428028,4.258747232,4.706104418,6.05731666,7.48,8.289155695
2021-11-23 11:00:00,4.473,5.118329583,3.568202113,5.504779382,5.052432356,5.70700255,7.921,8.727263418
2021-11-23 12:00:00,4.864,5.738925597,3.624237828,4.922758936,5.4478694,5.374772195,7.87,8.428941887
2021-11-23 13:00:00,4.781,5.673753246,3.814278915,4.838765056,5.39353379,6.098363235,7.956,8.81998276
2021-11-23 14:00:00,4.51,5.322488531,3.310009654,4.564067383,5.091209709,5.754384439,7.528,8.421074941
2021-11-23 15:00:00,4.327,5.106399564,3.450136292,4.379477847,4.881105886,5.255177751,7.413,7.974524881
2021-11-23 16:00:00,4.615,5.796706286,3.678704774,4.66088059,5.377525639,5.886826619,6.812,7.155670514
2021-11-23 17:00:00,5.434,6.412023947,4.334244625,5.746520662,6.234571382,6.930837627,6.952,7.112660728
2021-11-23 18:00:00,6.397,7.548421662,5.102276064,6.475715925,6.890812986,7.816252527,6.716,7.452124716
2021-11-23 19:00:00,6.844,8.07668873,4.930566295,6.925751948,7.719429802,8.742740338,6.861,7.197094496
2021-11-23 20:00:00,7.07,7.698033767,5.621112826,7.154556383,7.041025752,8.8375,6.258,5.74803634
2021-11-23 21:00:00,6.556,7.746121228,5.229317064,6.634441173,7.39495336,8.364773914,5.623,5.749654607
2021-11-23 22:00:00,5.506,5.173297864,3.696602354,5.572843763,8.025074742,7.478115027,4.54,2.864270209
2021-11-23 23:00:00,4.379,5.174013406,3.492673273,4.430567547,4.938986215,5.586202131,3.884,4.222447415
2021-11-24 00:00:00,3.378,3.986113738,2.527049696,3.416832029,3.815278128,4.309108143,3.294,3.623641534
2021-11-24 01:00:00,2.796,3.299457949,2.230496782,2.829843208,3.056867595,3.665371986,2.978,3.450102064
2021-11-24 02:00:00,2.386,2.815365965,2.081,2.997604215,2.691077451,3.044527145,2.848,3.222059188
2021-11-24 03:00:00,2.293,2.703605455,2.081,2.320472454,2.586195999,2.927615803,2.722,3.072308002
2021-11-24 04:00:00,2.208,3.057281626,2.081,2.235277898,2.490617803,2.571220889,2.918,2.086
2021-11-24 05:00:00,2.482,2.981992292,2.081,2.298428124,2.799177404,3.163023536,3.292,3.549600391
2021-11-24 06:00:00,3.473,4.553933455,2.769692511,3.514761526,3.914146269,4.430405259,3.535,2.727807194
2021-11-24 07:00:00,4.11,4.852244891,3.278951939,4.159714333,3.663197664,5.243786096,4.094,4.668055286
2021-11-24 08:00:00,3.99,4.949955203,3.18296129,4.08953903,4.507650356,5.852352776,4.88,4.504650574
2021-11-24 09:00:00,4.024,4.748998992,2.898947765,4.729975582,4.70639908,5.133711266,5.883,7.90268785
2021-11-24 10:00:00,4.22,4.980255323,3.46979762,4.182683668,4.750069723,5.386721733,7.188,7.764362751
2021-11-24 11:00:00,4.473,5.278881189,3.568180284,4.27897145,5.046206337,5.719604478,7.771,8.398202205
2021-11-24 12:00:00,4.864,4.368638482,3.992303196,5.0030558,5.486669755,6.796616558,7.289,6.781047529
2021-11-24 13:00:00,4.781,5.642168615,3.81718849,5.219935771,5.393149302,6.099570121,8.11,8.432703779
2021-11-24 14:00:00,4.51,5.322424982,3.597277108,3.487766177,5.230601174,6.857854478,7.349,8.168046816
2021-11-24 15:00:00,4.327,5.106474564,3.451709938,4.379255794,5.847081103,5.520719089,6.727,7.825315
2021-11-24 16:00:00,4.615,5.445974832,4.139554807,4.670139211,5.205648049,6.572192812,6.115,7.009058149
2021-11-24 17:00:00,5.434,6.417936516,4.334495422,5.570834445,6.129424,6.932169311,6.054,6.94493545
2021-11-24 18:00:00,6.397,7.647323032,5.10361276,6.138699167,7.215672007,8.160280266,6.282,2.713026592
2021-11-24 19:00:00,6.844,7.230752422,5.506762344,8.342265276,7.720059282,8.731102092,5.898,7.112771414
2021-11-24 20:00:00,7.07,8.3433418,4.383239672,7.154454679,7.974818523,8.8375,5.934,6.560099296
2021-11-24 21:00:00,6.556,7.750540284,5.37668234,6.81969581,7.394618206,8.363015048,5.326,5.802219075
2021-11-24 22:00:00,5.506,6.569866839,4.391927877,5.228454391,6.212816588,6.290614416,4.703,4.930248003
2021-11-24 23:00:00,4.379,4.982977318,3.49290864,4.430204643,4.940066774,5.618416581,3.884,4.240393715
2021-11-25 00:00:00,3.378,3.264989016,3.624518541,3.418074602,3.809731282,4.30875486,3.42,3.70641267
2021-11-25 01:00:00,2.796,3.299443674,2.379071257,2.081,3.136306493,3.565541472,2.934,4.13694467
2021-11-25 02:00:00,2.386,2.693782097,2.081,2.414130832,2.690577228,3.043129091,2.907,3.281384477
2021-11-25 03:00:00,2.293,2.789873429,2.081,2.527157592,2.081,2.924528116,3.063,3.159096695
2021-11-25 04:00:00,2.208,2.604822464,2.081,2.233792214,3.822162547,2.81597076,3.148,3.297258308
2021-11-25 05:00:00,2.482,2.928843998,2.081,2.670995179,3.268531465,3.195010084,3.411,3.804740832
2021-11-25 06:00:00,3.473,4.097621786,2.769741101,3.051121233,4.016608551,4.428134862,3.841,4.183895144
2021-11-25 07:00:00,4.11,4.846566414,3.095509562,4.087428119,4.636232923,5.256291466,4.674,4.559351417
2021-11-25 08:00:00,3.99,4.709009421,3.359383209,4.038168196,4.500857965,5.090383433,5.63,5.873697445
2021-11-25 09:00:00,4.024,5.377950413,3.209980128,4.072201123,4.539875939,5.135042772,6.449,5.471878789
2021-11-25 10:00:00,4.22,4.857279685,3.366317288,3.809994285,4.760304357,5.38381805,7.454,8.142515904
2021-11-25 11:00:00,4.473,5.278702556,3.56859134,4.526915929,5.045673087,5.356691453,8.458,8.457787081
2021-11-25 12:00:00,4.864,5.776353324,3.879410355,6.934418721,5.484210051,6.557016203,7.972,7.888013859
2021-11-25 13:00:00,4.781,5.642133513,3.813760594,4.838527916,5.369891292,6.09958324,7.768,8.463712143
2021-11-25 14:00:00,4.51,5.322709533,3.59757378,4.690183104,5.087354931,5.75299101,7.52,8.04539633
2021-11-25 15:00:00,4.327,5.10512819,3.267461637,4.379148283,4.881097892,5.520252342,7.058,8.146278717
2021-11-25 16:00:00,4.615,5.506123149,3.032683298,4.670579323,6.048883134,6.035966579,6.738,7.20632289
2021-11-25 17:00:00,5.434,6.330102362,4.334384436,5.499586857,6.133559594,6.932412304,6.934,7.092516528
2021-11-25 18:00:00,6.397,7.549004391,5.104602733,7.952281963,7.215754092,8.8375,6.528,7.206825337
2021-11-25 19:00:00,6.844,8.05461468,5.461421871,8.046451476,7.740822465,8.731105767,6.742,7.181010925
2021-11-25 20:00:00,7.07,8.342424092,5.609833961,7.441909993,7.974804467,9.181912547,6.099,6.292970735
2021-11-25 21:00:00,6.556,7.509964483,5.877998046,6.63294768,7.410581469,8.361346177,5.283,5.881307946
2021-11-25 22:00:00,5.506,6.497016426,4.391853688,5.571633944,6.221032386,7.024270489,4.408,5.099141281
2021-11-25 23:00:00,4.379,5.166938424,4.762205321,4.320335599,4.938851682,6.837717192,3.673,4.334318991
2021-11-26 00:00:00,3.378,3.983993528,2.692767281,3.416628299,3.885991309,4.351647611,3.168,3.694244119
2021-11-26 01:00:00,2.796,3.301679149,2.237381537,2.945310428,3.152949565,3.566166103,2.776,3.171108609
2021-11-26 02:00:00,2.386,2.813477639,2.081,2.4126292,2.68901404,3.041647598,2.791,2.899424787
2021-11-26 03:00:00,2.293,2.70366571,2.081,2.081,2.584212583,2.922568869,2.803,2.781363654
2021-11-26 04:00:00,2.208,2.585066111,2.081,2.206241572,2.488330656,2.814700029,2.74,3.065971477
2021-11-26 05:00:00,2.482,2.928389267,2.081,2.081,2.799022365,3.165842225,3.343,3.587591483
2021-11-26 06:00:00,3.473,4.09676741,2.768517153,3.588859013,3.993967298,4.428074882,3.271,3.720924914
2021-11-26 07:00:00,4.11,4.849765862,3.278179475,3.467259501,5.880468273,5.242875709,3.909,4.498568634
2021-11-26 08:00:00,3.99,6.155880629,3.178731462,4.0377306,4.500368906,5.088889508,4.972,4.002181367
2021-11-26 09:00:00,4.024,4.000596079,3.209662392,4.070681196,4.537259747,5.133287829,6.429,6.996569712
2021-11-26 10:00:00,4.22,4.978353225,4.69701974,3.375437339,4.75992723,5.382487824,6.883,7.504548319
2021-11-26 11:00:00,4.473,5.276542864,3.567827256,4.526656056,5.044638639,5.999153052,7.278,8.008034237
2021-11-26 12:00:00,4.864,5.739821518,3.995905206,4.461524583,5.22840594,6.164170374,6.72,7.387194781
2021-11-26 13:00:00,4.781,5.642021854,3.812122502,4.838545875,5.39304095,6.099634322,7.01,7.823859189
2021-11-26 14:00:00,4.51,5.568993385,3.608775439,4.564398169,5.087445287,5.498382495,6.972,8.176835408
2021-11-26 15:00:00,4.327,5.097715847,3.435431656,4.379234312,5.487077113,5.520358844,6.796,7.132780278
2021-11-26 16:00:00,4.615,4.974712086,3.681113057,5.107447115,5.318231496,5.578976063,6.486,7.086274084
2021-11-26 17:00:00,5.434,6.412975525,3.943627581,5.500040423,6.129897914,7.133877771,6.252,6.660302987
2021-11-26 18:00:00,6.397,7.739735916,5.109632586,6.473864426,7.172767547,8.161426027,5.968,6.646626209
2021-11-26 19:00:00,6.844,8.164650227,5.308849237,6.923290738,7.77294611,8.732678128,5.779,6.575711221
2021-11-26 20:00:00,7.07,8.407783478,5.639970495,7.185545029,8.470868958,8.8375,5.419,6.103352426
2021-11-26 21:00:00,6.556,7.732856652,5.227237828,6.632564226,7.391794943,7.30913194,5.523,5.734177455
2021-11-26 22:00:00,5.506,6.497201449,4.361520314,5.690764213,6.741995661,7.02463836,5.251,4.907293752
2021-11-26 23:00:00,4.379,5.174474864,3.493081356,4.479425381,4.938768406,6.045074809,4.315,2.086
2021-11-27 00:00:00,3.515,4.555501113,2.691642839,3.33758938,3.908636548,4.304828103,3.57,2.086
2021-11-27 01:00:00,3.054,3.295246301,2.222364357,2.819586631,3.122784774,3.555129628,2.946,3.242602687
2021-11-27 02:00:00,3.108,2.830168748,2.081,2.408929605,2.686282054,3.038051444,2.737,3.11255531
2021-11-27 03:00:00,2.786,2.699840526,2.081,2.31609054,2.579301212,2.974465855,2.564,2.901481052
2021-11-27 04:00:00,2.641,2.804416938,2.081,2.228497719,2.483871589,2.808973851,2.464,2.086
2021-11-27 05:00:00,2.97,2.912836957,2.081,3.257933381,2.764071181,3.150426836,3.23,3.374253484
2021-11-27 06:00:00,2.891,4.695675277,2.764092373,3.50635532,4.35144887,5.705199696,3.558,3.607369146
2021-11-27 07:00:00,3.378,4.778322592,3.221635869,4.145700645,4.589519506,5.224539004,3.784,3.615047913
2021-11-27 08:00:00,3.957,5.054649605,3.171376276,4.023543694,4.484657087,4.531572518,4.232,5.304472234
2021-11-27 09:00:00,4.476,4.727314327,3.197838189,3.554631112,4.330708807,5.11467429,4.39,6.695935975
2021-11-27 10:00:00,4.581,4.96279645,3.35399537,4.257051028,4.736755201,5.364084022,5.134,7.34346949
2021-11-27 11:00:00,5.105,5.983458578,3.690392022,4.51256702,5.074752452,5.602553517,6.054,6.630195942
2021-11-27 12:00:00,6.592,5.729159444,3.871719682,4.91391821,6.68523448,6.194357338,6.215,7.089559797
2021-11-27 13:00:00,6.628,5.631620397,3.806615991,4.829519645,5.382482385,6.08812444,6.308,7.3071
2021-11-27 14:00:00,6.091,5.068389971,3.589686786,4.55441184,4.668609588,5.741149704,6.354,6.786203105
2021-11-27 15:00:00,5.498,5.093632187,3.443106801,4.368484303,5.108963559,5.576749237,6.113,7.341553776
2021-11-27 16:00:00,5.185,5.432666262,3.654573886,4.658992078,5.876445278,5.873082933,5.293,7.393462483
2021-11-27 17:00:00,5.474,6.022212111,4.324931984,5.488963293,6.101526138,6.916534101,5.626,4.465870033
2021-11-27 18:00:00,7.071,6.562272249,5.092707573,6.461013229,7.201200751,8.144342719,5.981,6.556437182
2021-11-27 19:00:00,7.387,9.23375,5.54025,7.018127573,7.703296424,8.713876637,5.776,5.03449178
2021-11-27 20:00:00,7.12,8.326588393,4.655176151,7.034603108,7.127778088,9.001505637,5.752,6.13679169
2021-11-27 21:00:00,6.516,7.672265092,5.186210447,6.579519854,7.333615305,8.294427176,5.326,5.415193494
2021-11-27 22:00:00,5.649,6.666216949,4.505963127,5.716876809,6.39181547,7.469283301,4.742,4.870214454
2021-11-27 23:00:00,5.076,5.990018229,4.048914544,4.335260726,6.007517708,6.475745914,4.013,4.192291152
2021-11-28 00:00:00,3.515,4.149981308,2.513095172,3.140670904,3.964386108,4.486342263,3.408,3.56456305
2021-11-28 01:00:00,3.054,3.604007228,3.328949871,3.089340029,3.444260617,3.897898114,2.868,3.024677869
2021-11-28 02:00:00,3.108,3.744018167,2.479177449,3.146683237,3.505658217,3.964953113,2.577,2.810604811
2021-11-28 03:00:00,2.786,3.236318093,2.189851237,2.77868144,2.741465468,3.594681474,2.77,2.839240537
2021-11-28 04:00:00,2.641,2.081,2.081,2.081,2.081,4.029599314,2.568,2.598561752
2021-11-28 05:00:00,2.97,4.238132049,2.141420643,2.985158523,2.767268202,3.18322091,2.736,2.086
2021-11-28 06:00:00,2.891,3.401900643,2.276624669,2.883440825,3.36348177,3.39973321,3.173,4.983791926
2021-11-28 07:00:00,3.378,4.819738881,3.305755478,5.465676932,4.606549146,6.62548562,3.102,4.884335482
2021-11-28 08:00:00,3.957,4.665215486,3.163380395,4.011401526,4.469288833,5.064328881,3.232,5.416173608
2021-11-28 09:00:00,4.476,5.302416648,3.666221911,3.130202084,4.512944987,5.109177057,3.352,4.005245848
2021-11-28 10:00:00,4.581,4.954149893,3.232964905,4.248653111,4.735466497,5.355713065,3.756,7.843201178
2021-11-28 11:00:00,5.105,5.254717683,3.552628468,4.506043222,5.022369232,5.101172215,4.341,8.035657591
2021-11-28 12:00:00,6.592,5.732820129,3.629480218,4.840653537,5.476085413,5.277192916,4.688,7.628953306
2021-11-28 13:00:00,6.628,5.63815913,3.81019402,4.834004006,5.415778099,6.093584369,4.983,6.2836
2021-11-28 14:00:00,6.091,5.318768423,3.59523011,4.561408257,5.085411767,5.836378096,5.248,7.462823163
2021-11-28 15:00:00,5.498,4.981149192,3.423685841,4.34369404,5.276004668,5.478715414,4.832,7.168664176
2021-11-28 16:00:00,5.185,6.209443626,3.530347057,4.636469997,5.168797742,5.494919008,4.595,6.730862559
2021-11-28 17:00:00,5.474,6.374851161,4.308455922,5.504173349,6.093700489,8.68405043,4.552,6.548383446
2021-11-28 18:00:00,7.071,7.512731987,5.078603145,6.443344385,7.180806557,8.122258498,5.139,6.519296611
2021-11-28 19:00:00,7.387,8.042797144,5.436474915,7.303706513,8.154390594,9.23375,5.464,6.23121625
2021-11-28 20:00:00,7.12,8.311373455,5.618047189,7.12813011,7.944500996,8.985072298,5.216,6.113893478
2021-11-28 21:00:00,6.516,8.441741293,6.453322509,6.628627097,7.288213693,8.287958939,4.836,4.766159469
2021-11-28 22:00:00,5.649,6.469411124,4.372726316,4.078868258,6.183560986,6.993739085,4.372,4.809336273
2021-11-28 23:00:00,5.076,5.180761348,3.501734074,4.164446064,4.949791375,5.6013089,3.876,4.30705142
2021-11-29 00:00:00,3.378,3.97766167,2.688688492,3.409377362,4.488839224,4.310100688,3.14,3.402520117
2021-11-29 01:00:00,2.796,3.70785675,2.225703952,2.820859057,3.146975014,3.706490486,2.658,2.086
2021-11-29 02:00:00,2.386,2.810182863,2.081,2.409945098,2.641637466,3.40984916,2.901,3.049328377
2021-11-29 03:00:00,2.293,2.702330762,2.081,2.316968096,2.582422097,2.92119002,2.768,2.922246271
2021-11-29 04:00:00,2.208,2.602718948,2.081,2.232059795,2.487829917,2.814187844,2.782,2.998382341
2021-11-29 05:00:00,2.482,2.933336814,2.081,2.64174404,2.798078127,3.209860605,3.156,2.839812766
2021-11-29 06:00:00,3.473,4.097797207,2.817633619,3.514343428,3.909142842,4.426034851,3.616,3.646636436
2021-11-29 07:00:00,4.11,5.189030911,4.901900069,6.031483103,4.924366268,5.800929143,4.241,3.49752012
2021-11-29 08:00:00,3.99,4.710088368,3.183765652,5.155745009,4.928047032,5.092067296,5.05,5.639552183
2021-11-29 09:00:00,4.024,4.719767435,3.214551216,4.867492808,4.542645409,5.104566296,5.677,6.347815468
2021-11-29 10:00:00,4.22,4.018553673,3.368495287,4.273708635,4.763323271,5.387268316,6.906,7.437655833
2021-11-29 11:00:00,4.473,5.213408548,3.644952671,4.530432585,4.731472119,5.055142105,7.466,8.244193626
2021-11-29 12:00:00,4.864,5.744929815,4.216145392,4.92723554,5.491363044,6.210565243,7.495,8.214108078
2021-11-29 13:00:00,4.781,5.64789382,4.568666671,4.842176406,5.398187517,6.105310338,7.672,8.312493437
2021-11-29 14:00:00,4.51,5.330049399,2.552313066,4.569954317,5.780376326,5.760795185,7.038,7.750219535
2021-11-29 15:00:00,4.327,5.057834478,3.434227809,4.337552931,5.232531761,5.467818569,6.934,7.327136327
2021-11-29 16:00:00,4.615,5.398134388,3.656777859,4.634259854,5.160553811,6.251400666,6.139,7.679848367
2021-11-29 17:00:00,5.434,6.365253205,4.27029768,5.458815435,6.074431824,6.876716766,6.241,6.73829953
2021-11-29 18:00:00,6.397,7.502508431,5.072531392,6.432926296,7.171291483,8.110040393,6.525,6.832529045
2021-11-29 19:00:00,6.844,8.031302236,5.428588879,6.887233031,7.677294526,8.680432743,6.076,6.591524108
2021-11-29 20:00:00,7.07,8.302755745,6.398353958,7.120188213,7.891601146,8.8375,5.618,6.355330369
2021-11-29 21:00:00,6.556,7.748245237,5.237415951,6.609375637,7.406202121,8.376193508,4.9,7.113041106
2021-11-29 22:00:00,5.506,6.243140634,4.384179312,5.653131623,6.092676253,7.071932675,4.088,4.791983018
2021-11-29 23:00:00,4.379,5.138053101,3.530359744,5.894019129,4.665847295,5.646075387,3.778,4.186588122
2021-11-30 00:00:00,3.378,4.041886394,2.732575358,3.466876728,3.580476436,4.163776751,3.198,3.408601446
2021-11-30 01:00:00,2.796,3.380738156,2.415352937,2.683569703,3.321666536,4.150352055,2.838,3.131131502
2021-11-30 02:00:00,2.386,2.592227038,2.081,2.463094034,2.738554049,3.253739585,2.748,3.140532181
2021-11-30 03:00:00,2.293,2.825762709,2.081,2.368064122,2.639518914,2.972991041,2.708,3.182088887
2021-11-30 04:00:00,2.208,2.766580773,2.081,2.081,2.530288523,2.917988684,2.915,3.728984732
2021-11-30 05:00:00,2.482,3.25366316,2.081,3.133382577,4.268085277,2.941358643,3.182,3.355101614
2021-11-30 06:00:00,3.473,4.12786906,2.828321595,3.593091588,4.00475889,4.751616033,3.374,4.683382257
2021-11-30 07:00:00,4.11,4.401767003,3.373112296,4.279311323,4.769678012,5.394383955,3.988,4.358462459
2021-11-30 08:00:00,3.99,4.843591309,2.950557132,4.179029896,4.629640487,5.670928599,5.036,5.650363831
2021-11-30 09:00:00,4.024,4.813461459,3.288254025,4.180122597,4.851640256,5.273008715,6.281,6.648372511
2021-11-30 10:00:00,4.22,5.10269882,3.449167385,4.375966996,4.862994167,5.518459062,7.338,7.870232346
2021-11-30 11:00:00,4.473,5.394379895,3.964596709,3.878078608,4.653902649,6.042251331,7.81,8.367528834
2021-11-30 12:00:00,4.864,5.848606543,3.953320408,5.015667728,5.590349281,6.322045375,7.358,9.1218
2021-11-30 13:00:00,4.781,5.690241551,3.707335299,4.877481097,5.436471141,6.148558912,7.932,8.47099668
2021-11-30 14:00:00,4.51,5.359571008,3.623519629,5.74101997,3.980287395,5.683109419,7.492,7.764426627
2021-11-30 15:00:00,4.327,5.135171064,3.471101349,4.404591516,4.878132648,5.551583164,6.692,7.426567065
2021-11-30 16:00:00,4.615,5.467143876,3.69503194,4.684140895,5.229433549,5.872224744,6.523,6.916174313
2021-11-30 17:00:00,5.434,6.423523195,3.729807457,5.509199015,6.1405075,6.944449984,6.069,6.831926705
2021-11-30 18:00:00,6.397,7.55131091,5.104700988,6.472381303,7.218361819,8.162451904,6.201,6.987288879
2021-11-30 19:00:00,6.844,8.070652149,4.586714053,6.920732059,7.565039584,8.706115743,6.246,6.890482461
2021-11-30 20:00:00,7.07,7.474802667,5.481926126,7.143048022,7.961522567,8.8375,6.053,6.471897436
2021-11-30 21:00:00,6.556,8.205056902,5.956480283,6.470567265,7.369030638,8.341010244,4.814,5.576730381
2021-11-30 22:00:00,5.506,6.437805957,4.382978317,5.547353264,6.185216955,6.993837132,4.328,4.839623852
2021-11-30 23:00:00,4.379,5.545805847,3.746854466,4.752982772,5.297570699,6.677877781,3.718,4.01633649
2021-12-01 00:00:00,4.608,5.977817964,3.64977868,4.630317577,5.238370305,5.836869477,2.95,2.335869466
2021-12-01 01:00:00,3.667,3.319030461,2.103595168,2.843132066,3.167724662,4.753984943,2.819,3.124617611
2021-12-01 02:00:00,3.168,3.485215132,2.498034089,4.548345128,3.532406895,3.507109576,2.894,3.09092076
2021-12-01 03:00:00,2.919,3.402096761,2.299544276,2.316701352,3.526306294,3.703807649,2.867,3.13452218
2021-12-01 04:00:00,2.762,3.218822828,2.254440631,2.761646095,3.076697018,3.479831505,2.822,3.351791562
2021-12-01 05:00:00,3.104,3.139518508,2.13624622,2.681673638,2.819479945,3.187201031,3.336,2.330524534
2021-12-01 06:00:00,4.066,6.127536437,3.221034202,4.091958652,4.556669046,5.153550893,3.289,3.851637331
2021-12-01 07:00:00,4.856,4.886237733,3.275725383,3.783926961,4.670533558,5.282260771,3.919,4.259151029
2021-12-01 08:00:00,4.734,4.754603796,3.213850661,3.999231939,4.544761039,5.139972407,5.038,5.406300897
2021-12-01 09:00:00,4.824,4.806609611,3.411541961,4.122178883,4.594432858,5.196164291,6.192,6.628604651
2021-12-01 10:00:00,5.136,4.829482583,3.362896667,4.135343403,4.598901242,5.209305287,7.25,7.907604567
2021-12-01 11:00:00,5.254,6.366651542,3.930913802,4.336186815,4.833006262,5.465296929,7.724,6.935755051
2021-12-01 12:00:00,5.712,5.717256454,3.585093939,4.548465359,5.069654613,5.733692552,7.39,7.54669948
2021-12-01 13:00:00,6.069,5.739952077,3.472146832,4.15118549,5.484247585,6.205033366,7.801,8.255711764
2021-12-01 14:00:00,5.648,6.73597637,4.552982128,5.77696348,6.438519508,7.281865439,7.062,7.929967106
2021-12-01 15:00:00,5.796,5.284860207,3.974274708,4.534757102,4.852409163,6.311688618,6.332,7.948254067
2021-12-01 16:00:00,6.298,5.728753653,3.873015029,4.480752367,5.260700882,6.179312325,6.013,7.19127632
2021-12-01 17:00:00,7.492,6.86117034,4.637916935,5.882867281,6.358488991,7.417373527,6.501,6.84319784
2021-12-01 18:00:00,8.382,7.189156783,5.392440135,6.849633931,7.483673648,8.585052657,6.308,7.216386607
2021-12-01 19:00:00,8.772,8.510005055,5.752397051,7.287246827,8.134349877,9.20095238,6.319,7.204725887
2021-12-01 20:00:00,8.754,8.697930364,5.879378931,7.489073264,8.335837829,9.402998369,6.156,6.524995016
2021-12-01 21:00:00,8.672,10.23357691,6.923530709,9.307321743,9.781817662,10.74973478,5.492,7.367384924
2021-12-01 22:00:00,7.416,8.684161015,5.917709848,7.484366893,8.365181379,9.459797663,4.485,4.144036431
2021-12-01 23:00:00,5.96,7.2132278,4.34927764,6.035295825,6.722742954,7.60331783,4.113,4.440934666
2021-12-02 00:00:00,4.608,5.438374867,3.774032471,4.663239525,5.197708748,5.878590677,3.504,3.744717417
2021-12-02 01:00:00,3.667,4.803771179,3.247502862,3.791631821,5.399994478,4.781248953,3.122,3.217631897
2021-12-02 02:00:00,3.168,3.844655234,2.702225156,3.295860511,3.325081011,4.156342644,3.118,3.278071978
2021-12-02 03:00:00,2.919,3.561909443,2.40770382,3.051840495,4.561908115,2.900509128,3.174,3.006754636
2021-12-02 04:00:00,2.762,3.387645091,2.289267302,2.604120046,3.237623484,3.665043613,3.108,3.325785194
2021-12-02 05:00:00,3.104,2.948628659,2.535448143,3.185238729,3.630781159,4.106056526,3.262,3.705709008
2021-12-02 06:00:00,4.066,4.940883606,3.33979257,4.23541169,4.722770141,5.338309053,3.649,3.876150301
2021-12-02 07:00:00,4.856,5.881049529,3.97387502,5.041660615,4.820610041,6.356239106,4.864,4.54829712
2021-12-02 08:00:00,4.734,5.739614769,4.285923853,4.922194617,5.642777197,6.187154117,5.182,5.490346277
2021-12-02 09:00:00,4.824,5.85568512,3.959919463,5.015518825,5.590904435,6.332044183,6.061,6.765271203
2021-12-02 10:00:00,5.136,6.187308157,4.202758117,6.660441084,6.515344134,6.718008155,6.828,7.912461755
2021-12-02 11:00:00,5.254,6.353323858,4.295375269,5.689804318,6.125695383,7.846637336,7.578,8.493554238
2021-12-02 12:00:00,5.712,6.880994023,4.652115191,5.90229093,5.997081308,8.727795462,7.6,8.220220297
2021-12-02 13:00:00,6.069,7.30379471,6.445111937,6.245801145,6.45664173,7.882337571,7.224,8.290774022
2021-12-02 14:00:00,5.648,6.720887471,4.625473359,6.324761682,6.510002041,7.570857901,7.162,8.187293554
2021-12-02 15:00:00,5.796,6.885049998,4.653529806,5.90573634,6.625835112,8.403133244,7.015,8.169600743
2021-12-02 16:00:00,6.298,7.392696183,4.99706327,6.049194188,7.305513306,6.69783975,6.685,7.234473955
2021-12-02 17:00:00,7.492,8.644701637,5.850660456,7.421275374,7.401331801,9.362547744,6.449,7.074716953
2021-12-02 18:00:00,8.382,9.73169562,6.578102547,8.346194497,9.302060177,10.52052179,7.04,7.415911192
2021-12-02 19:00:00,8.772,10.21339418,6.617297706,8.758802394,9.762614748,9.908118347,6.905,7.215525306
2021-12-02 20:00:00,8.754,9.88630769,6.953736353,8.953043823,9.840354245,10.965,6.547,6.247829305
2021-12-02 21:00:00,8.672,9.899504679,6.892209218,8.489766934,10.57681613,11.5948375,5.916,5.809674962
2021-12-02 22:00:00,7.416,8.382282495,5.669067193,7.192094613,8.016689352,9.058971232,5.142,5.478457404
2021-12-02 23:00:00,5.96,7.034635339,4.752187802,6.032826456,7.531454508,7.818448183,4.038,4.545837987
2021-12-03 00:00:00,4.608,6.127164321,4.104144014,5.253226643,5.85655396,6.623644301,3.271,3.844948706
2021-12-03 01:00:00,3.667,4.466508797,3.019023944,5.367041425,4.269111957,4.828526076,2.943,3.784440814
2021-12-03 02:00:00,3.168,3.867313868,2.616475737,3.319569703,3.159497103,4.18613559,3.012,3.384008168
2021-12-03 03:00:00,2.919,3.568188825,2.412789546,3.061162402,3.550264618,3.858827909,2.765,3.00907893
2021-12-03 04:00:00,2.762,3.376187007,2.282155466,2.895387047,3.178314532,3.649819205,2.848,4.148623178
2021-12-03 05:00:00,3.104,3.847496174,2.549175965,3.083320843,3.604763506,4.07608972,3.286,3.464721194
2021-12-03 06:00:00,4.066,5.669356488,3.310020005,4.199095255,4.680779938,5.294090079,3.444,3.284850417
2021-12-03 07:00:00,4.856,5.538882251,3.284963101,4.990348065,5.486699181,6.290800157,3.945,4.325769214
2021-12-03 08:00:00,4.734,5.665437588,3.829384015,4.854973555,5.250992612,6.124579507,4.574,5.679845825
2021-12-03 09:00:00,4.824,5.760323025,3.894128986,4.940269515,5.506450313,6.227727896,5.76,6.321340064
2021-12-03 10:00:00,5.136,6.118175568,4.217229576,5.246585518,5.847118422,6.681721227,6.926,7.543627948
2021-12-03 11:00:00,5.254,6.254948235,4.747217963,5.356248483,5.970104722,6.751938938,7.479,8.164329674
2021-12-03 12:00:00,5.712,6.772878006,4.579099661,5.805112172,8.303036125,7.376146931,7.382,8.16537185
2021-12-03 13:00:00,6.069,7.184305317,4.856184206,6.161152387,7.058788335,7.762594284,7.18,7.73973389
2021-12-03 14:00:00,5.648,6.680395344,4.387700566,6.568210221,6.096632272,7.216186388,7.344,8.033203747
2021-12-03 15:00:00,5.796,6.987581211,4.863253805,5.932661951,6.536835307,7.393239705,6.714,3.559302906
2021-12-03 16:00:00,6.298,7.419771867,5.015583531,6.36264251,7.240889229,8.021169379,6.4,6.714376174
2021-12-03 17:00:00,7.492,8.817728496,6.041009853,7.564616434,8.480367085,9.530660943,6.268,6.839468036
2021-12-03 18:00:00,8.382,9.856753156,6.662543357,8.63837484,9.421473022,10.57140715,6.742,7.498123229
2021-12-03 19:00:00,8.772,10.30637283,6.96796385,10.62366474,9.892992531,11.14032166,6.641,7.298072913
2021-12-03 20:00:00,8.754,9.583568484,7.880387712,8.812080115,8.679269456,10.965,6.236,7.296930819
2021-12-03 21:00:00,8.672,10.16153528,6.027912293,8.240016535,9.721757602,10.99410414,5.474,5.993852689
2021-12-03 22:00:00,7.416,8.476575368,5.731045628,7.269385136,8.249783084,9.163669653,4.765,4.608293145
2021-12-03 23:00:00,5.96,6.840119111,6.140613971,6.45411957,6.538162004,7.636119796,4.118,4.351299285
2021-12-04 00:00:00,6.197,5.975596779,3.765499252,6.335287694,5.672083382,6.415062889,3.268,2.978078216
2021-12-04 01:00:00,5.272,6.132425018,5.207548187,6.627706284,5.862307078,6.652430266,2.73,3.052051172
2021-12-04 02:00:00,4.232,4.901776872,3.291928704,4.203717322,4.685382579,5.299535072,2.462,2.475769685
2021-12-04 03:00:00,3.907,4.102243973,3.38942213,3.876525922,4.316791317,4.882249697,2.422,2.086
2021-12-04 04:00:00,3.35,3.858142442,2.397657705,2.304857537,3.687409843,4.168477193,2.601,2.917704291
2021-12-04 05:00:00,3.614,4.263053939,2.821143877,3.500759812,3.992033904,4.519574469,2.843,4.531367175
2021-12-04 06:00:00,3.736,5.702663027,3.404027759,3.706214753,3.478092315,4.474830094,3.205,2.086
2021-12-04 07:00:00,4.682,5.440576697,3.677627716,4.665867252,5.200349738,5.881570186,3.694,4.127485807
2021-12-04 08:00:00,5.844,6.806856582,4.603910868,5.844498367,6.51410568,7.367459062,4.11,4.888084403
2021-12-04 09:00:00,6.868,8.024386085,5.426084368,6.884214991,7.673023447,8.677810778,4.059,6.203671832
2021-12-04 10:00:00,7.339,6.740340991,4.556104757,4.651641827,5.551919536,7.286654237,5.607,7.484849857
2021-12-04 11:00:00,7.575,6.128970903,4.681169426,5.939088125,6.61971032,7.473501931,5.746,7.927907861
2021-12-04 12:00:00,8.006,7.51189086,5.078361333,6.439336621,7.181339703,8.121904911,6.123,7.4014
2021-12-04 13:00:00,8.928,8.069331887,5.58735701,6.896953956,7.906160211,9.966936691,6.436,7.311968789
2021-12-04 14:00:00,7.726,8.010777394,5.629151094,7.032442968,7.65691865,8.660001239,5.861,7.670818908
2021-12-04 15:00:00,7.835,8.125788092,4.619750694,6.91358931,6.226062116,8.715937061,5.906,6.47755875
2021-12-04 16:00:00,8.252,8.890545253,5.87087303,7.448231602,8.301579976,9.389428327,5.387,5.995052991
2021-12-04 17:00:00,8.657,11.00567004,6.837271425,8.673282051,9.662591297,10.93251241,5.596,3.715795903
2021-12-04 18:00:00,9.541,11.55045921,7.552403172,9.581897822,10.67930397,12.07874319,5.474,5.936943131
2021-12-04 19:00:00,9.631,10.69443604,7.867521297,9.981712794,11.10842017,12.58410695,5.484,6.015411181
2021-12-04 20:00:00,10.075,11.61500752,7.974933943,9.967076919,11.10696538,12.56441411,5.4,6.274466505
2021-12-04 21:00:00,9.73,11.47585963,7.757066869,9.841571006,11.02753521,12.39809582,5.136,5.512199877
2021-12-04 22:00:00,8.346,9.847093336,6.656526635,8.556526506,9.411760604,10.64520745,4.923,4.942991251
2021-12-04 23:00:00,6.963,8.140884561,5.515832141,7.048090161,7.85637445,8.885415369,4.463,3.942829964
2021-12-05 00:00:00,6.197,7.870069361,5.360757595,6.27666723,6.990269146,7.770515624,4.069,3.023999383
2021-12-05 01:00:00,5.272,6.230350322,4.211334417,5.343012924,5.639354917,6.731737626,3.288,2.788174575
2021-12-05 02:00:00,4.232,5.01196919,2.840017219,4.293138064,4.265854185,5.411474181,2.734,2.739806897
2021-12-05 03:00:00,3.907,4.905142845,2.910183079,4.208543253,4.692585397,5.35301585,2.752,3.181489675
2021-12-05 04:00:00,3.35,3.937112797,3.200032826,4.049932943,4.514406234,5.105693285,2.648,2.374432141
2021-12-05 05:00:00,3.614,5.257924875,3.977050622,4.396057166,5.163056259,5.540630838,2.922,2.086
2021-12-05 06:00:00,3.736,6.261953505,4.230511929,5.369635694,5.985557443,6.769469004,3.11,3.532488481
2021-12-05 07:00:00,4.682,6.817829909,4.86268236,6.169391949,6.876354067,7.378287962,3.335,2.312155225
2021-12-05 08:00:00,5.844,7.049397917,4.764289166,6.047529059,6.738206583,8.745205819,3.673,5.282779468
2021-12-05 09:00:00,6.868,7.573435635,4.836341692,6.136051833,7.173633906,7.734868673,3.79,6.777484243
2021-12-05 10:00:00,7.339,7.45536508,4.994490887,6.393692115,7.126288906,8.054060692,4.169,7.774542006
2021-12-05 11:00:00,7.575,7.595080064,5.133400234,6.512214478,7.258274512,8.208994671,5.636,8.305745581
2021-12-05 12:00:00,8.006,8.132581149,5.465982912,8.185088786,7.661363186,8.791962932,5.267,8.422465913
2021-12-05 13:00:00,8.928,7.277485373,5.861877456,7.046981716,8.224015154,9.301277697,5.643,7.135464404
2021-12-05 14:00:00,7.726,8.159600525,5.515320137,6.878435886,7.799923565,8.821452444,5.391,8.173945283
2021-12-05 15:00:00,7.835,8.225581889,5.559842228,7.053025473,7.861975119,8.891470028,5.445,6.8954
2021-12-05 16:00:00,8.252,8.789475049,6.482234743,7.537750827,8.402148682,9.502003229,4.991,6.805306167
2021-12-05 17:00:00,8.657,9.358432916,6.447107595,9.716206733,9.116782076,10.3110106,5.313,6.943277989
2021-12-05 18:00:00,9.541,10.53178161,7.129225806,9.047446702,10.08400897,11.40487529,5.083,6.144246284
2021-12-05 19:00:00,9.631,10.97936866,8.124667363,9.414864342,10.48875488,11.85228544,5.759,7.120122512
2021-12-05 20:00:00,10.075,10.91532391,7.378102833,9.36102052,10.24858518,12.59375,5.996,6.662705788
2021-12-05 21:00:00,9.73,11.02460232,6.84845789,8.689329424,9.68435834,10.95289243,5.448,3.32515223
2021-12-05 22:00:00,8.346,8.500628203,5.744449932,8.463939399,8.238546193,9.189679287,4.818,5.148952415
2021-12-05 23:00:00,6.963,6.834300825,4.452836993,5.861011569,5.837549878,7.388223698,4.142,4.547033089
2021-12-06 00:00:00,4.608,5.698720998,4.085203717,4.887160295,5.446229767,6.160678202,3.389,3.534005721
2021-12-06 01:00:00,3.667,4.954742534,2.957346101,3.710953283,5.492969596,4.728914565,3.112,2.815542404
2021-12-06 02:00:00,3.168,3.782609069,2.558738205,3.37157422,3.617822959,4.091712245,3.158,3.592758359
2021-12-06 03:00:00,2.919,3.427739235,2.417004667,2.939300989,3.27612371,3.709303327,3.108,3.44966585
2021-12-06 04:00:00,2.762,3.045201077,2.188082561,2.791251619,2.87184867,3.500805791,3.176,3.413082778
2021-12-06 05:00:00,3.104,3.638579101,2.459578032,3.12040475,3.477972031,3.924158357,3.668,5.173841877
2021-12-06 06:00:00,4.066,4.770958465,3.225047214,3.706780365,4.556490892,5.343209251,3.682,3.946524811
2021-12-06 07:00:00,4.856,5.658606476,3.855811974,4.889122599,5.448778708,6.163231918,4.868,5.161947927
2021-12-06 08:00:00,4.734,5.556185362,3.755690862,4.764927322,6.083135335,6.006620483,5.758,6.066809283
2021-12-06 09:00:00,4.824,5.54715506,4.56674287,4.857105282,5.414031069,6.296006159,6.841,7.504171639
2021-12-06 10:00:00,5.136,7.110411013,4.078826196,5.17305213,5.765800023,6.521013234,7.558,7.973077758
2021-12-06 11:00:00,5.254,6.60967782,4.172869297,5.276724239,6.142127649,5.540737702,8.093,6.679216872
2021-12-06 12:00:00,5.712,6.628481615,4.539831073,5.760065524,6.416644082,7.260656239,7.446,7.984885377
2021-12-06 13:00:00,6.069,7.319516363,4.811645521,6.160288288,6.865832346,8.564863586,7.804,8.437872521
2021-12-06 14:00:00,5.648,6.681730533,4.135612951,6.229286068,6.160560204,7.22624584,7.76,8.464162275
2021-12-06 15:00:00,5.796,6.821934319,4.611932382,5.850414085,6.520955619,7.492320501,7.608,7.473959653
2021-12-06 16:00:00,6.298,7.416634748,4.717290664,6.359627807,7.088539254,8.016855079,7.385,7.057691878
2021-12-06 17:00:00,7.492,9.042797504,6.030810572,8.305997365,8.432209602,9.54153805,6.778,6.256535806
2021-12-06 18:00:00,8.382,9.877594966,6.676943175,8.661260025,9.448248245,10.51160906,6.552,7.731785437
2021-12-06 19:00:00,8.772,10.33891261,6.987673696,8.218153417,9.882431842,11.17723745,6.549,7.181884338
2021-12-06 20:00:00,8.754,10.31871229,6.974826608,8.849657036,9.716779226,10.965,6.386,6.590190827
2021-12-06 21:00:00,8.672,10.15082332,6.853023521,8.53275994,9.479175982,8.9202079,5.296,5.971495085
2021-12-06 22:00:00,7.416,9.178424998,5.821166941,7.385776098,8.232154702,9.310325288,4.347,2.086
2021-12-06 23:00:00,5.96,6.613168111,4.67677975,6.651988468,6.13394121,7.489139528,3.809,3.951704586
2021-12-07 00:00:00,4.608,5.595758447,3.964127063,3.742151723,5.537575554,6.027457528,3.088,3.33908662
2021-12-07 01:00:00,3.667,4.322582647,2.923019674,3.707317041,4.135292895,4.720034268,3.077,3.536583562
2021-12-07 02:00:00,3.168,3.469417625,2.431229604,3.193084704,3.570608244,4.03816521,3.108,3.173560131
2021-12-07 03:00:00,2.919,3.446427456,2.36347168,2.955626129,3.154647588,4.160691687,2.948,3.280331411
2021-12-07 04:00:00,2.762,3.260085189,2.204098299,3.847741298,2.935471262,3.525077351,2.88,3.251315798
2021-12-07 05:00:00,3.104,3.663974899,2.477291497,2.795193389,3.502229515,3.960939755,3.23,3.200443409
2021-12-07 06:00:00,4.066,4.801632438,3.243625723,4.106684153,4.586996852,5.18973129,3.564,3.735036292
2021-12-07 07:00:00,4.856,5.730755942,3.881340354,4.912381949,6.842903572,6.434958512,4.488,4.947721818
2021-12-07 08:00:00,4.734,5.586453043,3.77618348,4.79091946,5.531541076,6.039235161,5.39,6.000563413
2021-12-07 09:00:00,4.824,4.635461067,4.526260892,4.881738498,5.441183618,5.673188629,6.833,6.693832257
2021-12-07 10:00:00,5.136,6.089907594,4.12400695,5.197340987,7.259631621,6.551573001,7.584,8.355497073
2021-12-07 11:00:00,5.254,6.197944718,4.182194605,5.312984772,5.925754934,6.833296127,7.998,9.1977
2021-12-07 12:00:00,5.712,6.741506798,4.556336954,5.77998365,6.442179213,7.286932249,6.953,7.743657688
2021-12-07 13:00:00,6.069,7.190100536,4.859927468,6.166232186,6.857613903,8.029154355,7.579,8.29516154
2021-12-07 14:00:00,5.648,6.689724635,4.522000441,5.508488287,6.676112927,7.230210293,7.55,8.240225146
2021-12-07 15:00:00,5.796,6.624377176,4.627894805,5.8683315,8.053705205,7.399385366,6.722,7.416211974
2021-12-07 16:00:00,6.298,7.65894462,5.125658273,6.628743596,7.102886434,8.033293191,6.558,6.897476094
2021-12-07 17:00:00,7.492,9.401487094,5.97268413,7.408248445,8.449560027,10.0389667,6.488,3.945341561
2021-12-07 18:00:00,8.382,9.916624911,6.687191497,8.481595305,9.453351383,10.69171337,6.386,6.995234526
2021-12-07 19:00:00,8.772,10.35032565,6.996070293,9.215920414,9.863856145,11.18864106,6.134,6.67790164
2021-12-07 20:00:00,8.754,10.32898377,6.981737642,9.204772396,9.872904169,10.965,5.794,6.418641089
2021-12-07 21:00:00,8.672,10.23202382,6.916597838,8.774845376,9.780249206,11.06139553,5.058,5.602786465
2021-12-07 22:00:00,7.416,8.963566917,5.914873409,7.503895481,8.363662949,10.17007445,4.051,4.61634141
2021-12-07 23:00:00,5.96,7.031817987,4.753109474,5.686001641,7.20191614,7.617189848,3.473,3.986079777
2021-12-08 00:00:00,4.608,4.697370125,3.645543,3.951088387,5.195984761,5.876891916,2.981,3.471734105
2021-12-08 01:00:00,3.667,4.541116519,2.923816763,3.711502371,4.136700107,4.68518593,2.77,2.086
2021-12-08 02:00:00,3.168,4.596438869,2.526906688,3.197432864,3.389148101,3.174920652,2.972,2.086
2021-12-08 03:00:00,2.919,3.312505873,2.368505941,2.875224656,3.795497894,3.324478739,2.71,3.029572894
2021-12-08 04:00:00,2.762,3.261295807,2.203941404,2.796075095,3.033727396,2.750010234,2.8,3.011680274
2021-12-08 05:00:00,3.104,3.663793028,2.476554035,3.142015839,3.16708531,3.960778514,2.854,3.363331264
2021-12-08 06:00:00,4.066,4.798289193,3.24291779,4.115455763,4.648805349,5.184076109,3.174,3.527046383
2021-12-08 07:00:00,4.856,5.730826238,3.873696594,4.909728203,5.477837119,6.195349073,4.158,4.577478282
2021-12-08 08:00:00,4.734,5.181801912,3.776244477,4.802501683,5.3407571,6.508331596,5.127,5.804029141
2021-12-08 09:00:00,4.824,5.692622844,3.847232733,4.882691107,5.441322406,5.829587912,6.526,7.309179968
2021-12-08 10:00:00,5.136,6.057106811,4.009009943,5.198397195,5.792650188,6.552578934,8.417,7.998590081
2021-12-08 11:00:00,5.254,7.483924919,4.190772622,5.315949239,5.924745734,6.702384605,8.636,4.990555312
2021-12-08 12:00:00,5.712,6.740277921,4.555197646,5.780216489,6.442691502,7.287564184,8.314,7.71994413
2021-12-08 13:00:00,6.069,7.180228266,4.851976908,6.188128693,6.861162153,7.758866651,8.163,8.553980641
2021-12-08 14:00:00,5.648,6.679234636,4.514854123,5.728102681,6.412275868,8.431703044,7.648,8.148031194
2021-12-08 15:00:00,5.796,7.552398382,4.910001914,5.865340442,6.537320942,7.393855272,6.991,7.504557945
2021-12-08 16:00:00,6.298,7.319069786,5.023278834,6.37338719,7.100966136,8.033521148,6.389,7.100451497
2021-12-08 17:00:00,7.492,8.703628712,5.920630943,7.581694237,8.450500455,9.870730658,6.199,6.969926852
2021-12-08 18:00:00,8.382,9.889557315,6.685828673,8.498918774,9.457241612,10.40868317,6.202,7.245186958
2021-12-08 19:00:00,8.772,10.2999315,6.997326015,9.843281863,9.895258228,10.9138773,5.93,4.881892375
2021-12-08 20:00:00,8.754,10.33035885,6.982695632,8.795923796,9.873930972,10.965,5.868,6.667637492
2021-12-08 21:00:00,8.672,9.632457301,6.920994322,8.775995529,9.781832154,11.08431917,5.159,5.707122864
2021-12-08 22:00:00,7.416,9.044036889,5.886136596,7.504927502,8.352531047,8.662749365,4.31,2.202988197
2021-12-08 23:00:00,5.96,7.014922122,3.813426511,6.550992323,6.778794737,7.603125814,3.71,2.086
2021-12-09 00:00:00,4.608,5.438012898,4.381733578,4.826051205,5.196679742,6.591366317,3.141,2.599975803
2021-12-09 01:00:00,3.667,4.327632902,2.925286199,3.5391864,4.110619718,4.678420753,2.692,3.236564745
2021-12-09 02:00:00,3.168,3.738916276,2.664022714,3.206461126,3.573802303,4.810080601,2.877,3.171829144
2021-12-09 03:00:00,2.919,3.291946184,3.715915518,3.305438147,4.583992456,3.770635832,2.802,2.690354551
2021-12-09 04:00:00,2.762,3.256602147,2.233668608,2.793393014,3.114329794,3.52299339,2.967,3.283416183
2021-12-09 05:00:00,3.104,2.081,2.474729276,4.498205611,2.727752505,4.102784302,3.387,3.751755551
2021-12-09 06:00:00,4.066,4.798963971,3.216501735,4.247082015,4.586360229,5.187354972,3.529,3.814107988
2021-12-09 07:00:00,4.856,5.658079681,4.410867618,6.293555817,5.477616741,6.195109538,4.363,4.663811465
2021-12-09 08:00:00,4.734,5.440294333,3.722483844,4.889531998,5.366137135,6.058618417,5.353,5.166992659
2021-12-09 09:00:00,4.824,5.69276186,3.847308268,4.886099466,5.441447574,6.40320303,6.637,6.961348887
2021-12-09 10:00:00,5.136,5.888403187,3.992147341,5.198998475,5.793367966,7.209537561,7.86,8.401379308
2021-12-09 11:00:00,5.254,6.390390092,4.190974904,5.317219595,5.926455211,6.617444774,8.54,8.628208083
2021-12-09 12:00:00,5.712,6.775006368,4.556428122,5.778622491,6.44090566,7.305368077,8.561,6.731541684
2021-12-09 13:00:00,6.069,7.156390625,6.899387154,6.141526005,6.846631351,7.742638915,8.328,8.691619521
2021-12-09 14:00:00,5.648,6.664683389,4.506042256,5.624531122,6.791735211,7.206394434,7.932,8.375081901
2021-12-09 15:00:00,5.796,6.839019821,4.623283734,5.865081454,6.537925847,7.394141306,7.286,7.926823917
2021-12-09 16:00:00,6.298,7.939856857,5.021751533,7.080844396,7.405223033,8.263811791,6.863,6.238561247
2021-12-09 17:00:00,7.492,8.866810862,5.978221802,7.582018689,8.447909379,9.557694516,6.628,7.412084614
2021-12-09 18:00:00,8.382,9.883056428,6.685970708,8.484038615,9.452428744,10.87897969,7.066,7.470058361
2021-12-09 19:00:00,8.772,10.35255738,6.99763425,8.955585771,9.895760911,10.965,7.164,6.787666412
2021-12-09 20:00:00,8.754,10.3314288,6.98349365,8.854977463,10.63716986,11.04645665,6.713,8.533272914
2021-12-09 21:00:00,8.672,10.23248961,7.135396744,8.774980525,9.78048913,11.06148339,5.97,6.151180639
2021-12-09 22:00:00,7.416,8.319790363,5.915312602,7.505650008,8.364876249,9.445506374,4.985,5.322741866
2021-12-09 23:00:00,5.96,7.032878096,4.753879943,6.035037931,6.722456015,7.602971259,4.246,4.634813802
2021-12-10 00:00:00,4.608,5.440491203,3.676977506,4.666653313,5.20117282,5.365917564,3.649,3.913209887
2021-12-10 01:00:00,3.667,4.327462283,2.885236483,5.221415825,4.282292825,4.602398684,3.12,3.37245786
2021-12-10 02:00:00,3.168,3.406295254,2.557639739,3.140401233,3.57155322,4.039691843,3.124,5.05451669
2021-12-10 03:00:00,2.919,3.767605175,2.431006871,2.954563018,3.293565636,3.725006543,3.074,2.992435773
2021-12-10 04:00:00,2.762,3.96540294,2.205009945,2.797265395,3.121891768,3.526244618,3.347,2.086
2021-12-10 05:00:00,3.104,3.665590473,3.231014061,3.128447309,3.509534009,3.251592561,3.346,3.728157898
2021-12-10 06:00:00,4.066,4.79887213,3.243945108,4.115694486,4.605413215,5.188124474,3.434,3.826041981
2021-12-10 07:00:00,4.856,5.729476932,3.87412545,4.915216535,5.547029979,6.181562011,4.169,4.578560907
2021-12-10 08:00:00,4.734,5.587416428,3.776856474,4.383008819,5.308241284,7.911910417,5.136,5.706732579
2021-12-10 09:00:00,4.824,7.891390616,3.699219609,4.881708964,5.338513572,6.280780246,6.552,6.100201469
2021-12-10 10:00:00,5.136,6.061849041,4.097443542,5.198558647,5.794031971,7.339464311,7.289,8.066747969
2021-12-10 11:00:00,5.254,6.200749831,4.191561662,5.210957899,5.927272431,6.756113034,7.608,8.326828844
2021-12-10 12:00:00,5.712,6.696555542,4.556871487,5.781459305,6.14580572,7.288055764,7.354,6.663158652
2021-12-10 13:00:00,6.069,7.162347099,4.841339851,7.765555588,6.846236053,7.742384998,7.421,8.204710743
2021-12-10 14:00:00,5.648,6.665590821,4.506317606,5.718538698,6.371252482,7.197937424,7.045,7.798679992
2021-12-10 15:00:00,5.796,6.83984102,4.415294981,5.866289292,6.539196404,7.395498775,7.104,7.321552655
2021-12-10 16:00:00,6.298,7.441661854,4.992433463,6.584823726,7.104632393,8.036477114,6.616,7.487106688
2021-12-10 17:00:00,7.492,8.849790518,5.976509345,7.582393209,8.451458763,9.558268524,6.785,6.985072282
2021-12-10 18:00:00,8.382,9.891482463,7.084022749,8.482023776,9.454742796,10.85673172,6.738,6.61995764
2021-12-10 19:00:00,8.772,10.35004727,6.997099874,8.598651552,9.894443768,10.965,5.737,6.329037802
2021-12-10 20:00:00,8.754,10.38780911,6.982337398,8.858770466,9.873667678,11.16622517,5.731,2.086
2021-12-10 21:00:00,8.672,10.22723036,6.912963007,8.771725819,9.775655078,11.05605233,4.914,5.729707561
2021-12-10 22:00:00,7.416,8.748888312,5.913590751,7.504106177,8.372538856,9.458091584,4.563,4.940738819
2021-12-10 23:00:00,5.96,6.420595452,4.751788177,6.028786772,6.71946171,7.888624282,4.078,4.213629027
2021-12-11 00:00:00,6.197,5.435470482,2.081,4.661371834,5.195505852,5.877451864,3.243,3.520388749
2021-12-11 01:00:00,5.272,3.960248425,2.924462868,3.861904262,4.570819819,4.705750249,2.434,2.742457467
2021-12-11 02:00:00,4.232,3.736422409,2.526453615,3.204671392,3.57150701,4.141575677,2.29,2.901640816
2021-12-11 03:00:00,3.907,3.45255805,2.337426114,2.985748498,3.30014623,4.280481806,2.318,2.807126044
2021-12-11 04:00:00,3.35,3.327436316,2.081,2.807751854,3.127414156,2.923362001,2.326,2.761584561
2021-12-11 05:00:00,3.614,3.299563648,2.494294189,2.50707078,3.527668556,4.007785078,2.946,3.195275619
2021-12-11 06:00:00,3.736,4.848075364,3.324010034,3.583759748,4.63249853,4.878575154,2.956,3.170978603
2021-12-11 07:00:00,4.682,5.808762984,3.927136218,4.982690509,6.826164185,6.281067152,3.499,3.724048013
2021-12-11 08:00:00,5.844,6.132704328,4.256762659,5.796225786,5.999187378,7.86279702,3.93,5.28393256
2021-12-11 09:00:00,6.868,6.259743266,4.230922959,5.353441923,6.030414889,6.766436206,4.26,4.623318691
2021-12-11 10:00:00,7.339,6.670638479,4.510513408,5.720676139,6.376170574,7.110632907,4.982,7.31515
2021-12-11 11:00:00,7.575,6.85133569,4.447072951,5.26226443,6.547966561,7.405649735,6.361,7.073455755
2021-12-11 12:00:00,8.006,7.428540198,5.022596199,6.128559391,7.676628791,8.108131164,5.715,8.017828728
2021-12-11 13:00:00,8.928,7.891844756,6.517971611,7.015086624,7.543853903,8.531540385,5.986,8.058934044
2021-12-11 14:00:00,7.726,7.546957284,5.029691028,5.524843133,7.108298686,8.612244936,6.134,3.728904932
2021-12-11 15:00:00,7.835,7.937143137,4.974589638,6.565052483,7.317260526,8.275484937,5.815,7.020674868
2021-12-11 16:00:00,8.252,8.342886038,5.6046556,7.113074833,7.939717691,8.966712448,5.136,6.800333145
2021-12-11 17:00:00,8.657,9.753805577,6.592983543,8.20603914,9.323131482,10.54435356,5.794,6.537385434
2021-12-11 18:00:00,9.541,10.85522147,7.459730539,8.623096485,10.54520458,11.92997279,5.523,6.468813878
2021-12-11 19:00:00,9.631,11.60462407,7.929969817,9.913216419,11.04911821,12.49832454,5.411,5.893524645
2021-12-11 20:00:00,10.075,10.58699601,7.830376859,10.18280223,11.34963079,12.59375,5.196,4.589799087
2021-12-11 21:00:00,9.73,11.41844271,7.759916788,9.891292279,11.47570369,12.41289501,4.928,2.94461283
2021-12-11 22:00:00,8.346,10.005669,6.763237319,7.256603757,9.643037669,10.81657517,4.628,4.56840063
2021-12-11 23:00:00,6.963,8.288419431,5.602438277,7.148672569,7.922484274,8.960205096,4.241,3.867776202
2021-12-12 00:00:00,6.197,8.064158029,5.034222007,6.251793429,6.250769179,7.89386458,3.202,3.098067343
2021-12-12 01:00:00,5.272,6.211484813,4.198110776,5.327327744,5.930101417,6.715456982,2.569,2.571081776
2021-12-12 02:00:00,4.232,4.994306519,3.373162419,4.283060486,4.773833952,5.392098777,2.288,2.535597324
2021-12-12 03:00:00,3.907,4.707886894,3.182242682,4.169395693,4.500044709,5.482162429,2.244,2.46413319
2021-12-12 04:00:00,3.35,3.949558926,2.669190501,3.386468782,3.774292458,4.268692717,2.235,2.371792863
2021-12-12 05:00:00,3.614,4.263811686,2.880939023,3.664971934,4.073967505,4.607100764,2.512,2.793282946
2021-12-12 06:00:00,3.736,5.774870267,4.068639486,5.227443761,5.754342854,6.508025411,2.735,3.025133538
2021-12-12 07:00:00,4.682,7.355805356,4.661203403,5.91403049,6.111324505,7.454214658,3.095,3.125254533
2021-12-12 08:00:00,5.844,6.499532305,4.393642971,5.57431189,6.2130562,7.025281643,3.144,5.182341254
2021-12-12 09:00:00,6.868,6.558099735,4.578784935,5.623377725,5.955253415,5.868510134,3.794,5.263379254
2021-12-12 10:00:00,7.339,6.959078272,4.65209774,5.902173508,7.913672762,7.440258561,3.979,7.749065797
2021-12-12 11:00:00,7.575,6.986535992,4.718663775,5.986626813,6.636059124,6.098377113,5.099,7.443104971
2021-12-12 12:00:00,8.006,7.482467573,5.057007012,6.416754886,7.152002986,8.090184916,4.938,7.95116437
2021-12-12 13:00:00,8.928,8.091894983,5.314052285,5.817988005,6.986953837,8.502894905,5.887,7.0012
2021-12-12 14:00:00,7.726,7.322867455,4.954587509,5.929541349,7.067873284,7.924016289,5.48,7.878859322
2021-12-12 15:00:00,7.835,7.457888025,5.285760154,6.399003104,7.051323523,8.069427453,6.088,6.870323402
2021-12-12 16:00:00,8.252,8.011365599,5.0654853,6.8705218,7.705082607,8.228284587,5.751,7.093117338
2021-12-12 17:00:00,8.657,9.312741848,6.332869276,8.033834442,8.955489545,10.86462797,5.627,6.424788968
2021-12-12 18:00:00,9.541,10.02107437,6.742916163,8.556559921,9.886322665,10.77885999,5.382,6.351011409
2021-12-12 19:00:00,9.631,10.4064496,5.977540063,8.658709157,9.947116391,11.25003445,5.357,6.127080959
2021-12-12 20:00:00,10.075,11.13268257,7.55625,8.888463718,9.714630101,11.20476922,5.187,4.15489689
2021-12-12 21:00:00,9.73,10.24810768,6.847968985,9.360957789,9.79571894,11.06077101,4.972,5.513926506
2021-12-12 22:00:00,8.346,8.76157489,5.902802781,7.557212547,8.374916777,9.469178618,4.219,4.775602712
2021-12-12 23:00:00,6.963,7.038411886,4.757674674,6.001627946,7.205546473,7.609061961,3.696,4.226193066
2021-12-13 00:00:00,4.608,7.065251425,3.675001226,4.667116013,5.201899995,5.88494509,2.912,2.086
2021-12-13 01:00:00,3.667,4.331354758,2.839861671,3.714235581,3.583373894,4.682338709,2.694,2.974908079
2021-12-13 02:00:00,3.168,3.737302737,2.526215772,3.20517084,3.57241775,4.040207004,2.934,2.930018486
2021-12-13 03:00:00,2.919,3.448352209,2.331033939,2.957823477,3.323944707,4.185286682,2.754,2.976906898
2021-12-13 04:00:00,2.762,3.261573341,2.205542124,2.797048217,3.112574062,3.522062776,2.712,2.909170435
2021-12-13 05:00:00,3.104,3.664566075,2.477096601,3.149528664,3.502188983,3.961676397,3.407,3.543749007
2021-12-13 06:00:00,4.066,4.395373902,3.246709766,3.505465163,4.586907534,5.189256418,3.312,3.597083082
2021-12-13 07:00:00,4.856,5.730330525,2.9295984,4.915415807,5.478809039,6.19651243,4.328,4.432708316
2021-12-13 08:00:00,4.734,6.194248048,3.777353861,4.791685844,5.340739602,6.040472233,5.474,2.878947437
2021-12-13 09:00:00,4.824,5.692923451,3.848266563,5.083510257,5.441918205,6.154652204,7.072,6.350747
2021-12-13 10:00:00,5.136,6.068310426,4.096852004,5.19879575,5.793470366,6.605818758,8.003,7.619825642
2021-12-13 11:00:00,5.254,6.20007109,4.271047426,5.317013124,5.926362291,6.702596277,8.677,8.510429123
2021-12-13 12:00:00,5.712,6.739515449,4.556205412,5.987645628,6.417262821,7.289293256,8.092,8.916511056
2021-12-13 13:00:00,6.069,7.161581236,5.426613064,6.141623706,6.842962214,7.358572268,8.24,9.178875294
2021-12-13 14:00:00,5.648,6.037570859,4.271395667,5.715791912,6.370878004,7.207620914,7.855,8.715817831
2021-12-13 15:00:00,5.796,6.839490896,4.798195784,5.865285762,5.563141149,7.393647112,7.047,7.453371825
2021-12-13 16:00:00,6.298,7.431848779,7.035245392,6.373381942,7.018655259,8.032937559,7.228,7.825125635
2021-12-13 17:00:00,7.492,8.841081504,7.581031568,7.581741791,8.450483986,9.557367757,6.829,7.558124912
2021-12-13 18:00:00,8.382,9.89132293,6.687638404,8.482429438,9.454372159,10.69275731,6.504,6.87971815
2021-12-13 19:00:00,8.772,10.35098075,7.001356472,8.876689887,9.270552152,10.965,6.346,6.644094046
2021-12-13 20:00:00,8.754,9.483609483,6.962848898,8.858722486,9.873917813,10.31448677,6.142,4.041540821
2021-12-13 21:00:00,8.672,10.21479174,6.915827055,9.253614606,9.76867996,11.06263021,5.363,7.480689461
2021-12-13 22:00:00,7.416,7.786298123,5.847033089,7.459852873,8.363755554,9.460665666,4.755,4.87984241
2021-12-13 23:00:00,5.96,7.032902451,3.757325758,6.509039957,6.722378,7.603073285,4.026,4.417646867
2021-12-14 00:00:00,4.608,5.619780596,3.675521727,5.820447324,5.197544765,5.873703956,3.718,3.874155738
2021-12-14 01:00:00,3.667,4.326859757,2.925069016,3.711058377,4.086691152,4.544454598,2.824,4.00315832
2021-12-14 02:00:00,3.168,3.706151183,2.526368121,3.205149895,3.572418967,4.039988602,2.772,3.343384649
2021-12-14 03:00:00,2.919,4.28156451,2.328660545,2.951751161,3.279189419,3.713480039,2.97,3.239755152
2021-12-14 04:00:00,2.762,3.789071112,2.250804346,2.795099138,3.115107298,3.52248657,2.769,3.05467329
2021-12-14 05:00:00,3.104,3.857785689,2.476013966,3.141282616,3.933873623,3.959935403,3.156,3.088590468
2021-12-14 06:00:00,4.066,4.798610159,4.788918469,4.035605341,4.58657248,5.187571443,3.408,3.832180248
2021-12-14 07:00:00,4.856,5.864459974,3.873664931,5.261439139,5.59975831,6.195223431,4.096,4.498219904
2021-12-14 08:00:00,4.734,5.615876076,3.776316977,5.757127664,5.340080687,6.04160287,5.45,6.011622392
2021-12-14 09:00:00,4.824,5.696726445,3.879233437,4.882115934,5.444655726,6.153635288,6.482,6.958362867
2021-12-14 10:00:00,5.136,6.06202942,4.0969422,5.19773438,6.842131405,6.552314626,7.662,8.437632439
2021-12-14 11:00:00,5.254,6.200047578,4.19105628,4.293477502,5.926538918,7.085352075,8.052,8.698660273
2021-12-14 12:00:00,5.712,6.742862871,4.556377654,5.780879528,6.443155206,7.287103767,7.957,8.76813054
2021-12-14 13:00:00,6.069,7.163298949,4.841776036,6.142390486,6.845774984,7.644627584,8.281,8.815979273
2021-12-14 14:00:00,5.648,6.665145311,4.507290698,5.716627336,6.326184557,7.201507585,7.971,8.473339536
2021-12-14 15:00:00,5.796,6.719295261,4.502197342,5.681478766,6.537037603,7.473417887,7.629,7.606822908
2021-12-14 16:00:00,6.298,7.432171932,4.87925942,7.589257866,4.692015174,8.034570562,6.932,7.489654858
2021-12-14 17:00:00,7.492,8.841082923,5.975453933,7.588224311,8.450933854,9.557638994,6.71,7.130358266
2021-12-14 18:00:00,8.382,9.891594718,6.680149479,6.064067188,9.453567087,10.69312002,6.226,6.723796265
2021-12-14 19:00:00,8.772,10.35126902,6.965821368,9.070488607,9.893828775,10.965,5.94,6.595306984
2021-12-14 20:00:00,8.754,10.33041315,6.982909752,8.857202136,9.874226511,11.16761665,5.674,6.547317522
2021-12-14 21:00:00,8.672,10.23368085,6.917301384,9.115873106,9.781710212,11.06317989,4.854,5.57423351
2021-12-14 22:00:00,7.416,8.751306116,5.915483857,7.505042496,8.950754807,9.307534688,4.262,5.444893458
2021-12-14 23:00:00,5.96,6.787893528,4.570588946,6.732338751,6.722663114,7.60312372,3.947,4.289170686
2021-12-15 00:00:00,4.608,5.438024425,3.675613674,4.664293492,3.39163895,5.64815778,3.23,3.585741538
2021-12-15 01:00:00,3.667,4.094493606,2.863106653,3.710275563,4.105860293,4.673136767,2.815,2.086
2021-12-15 02:00:00,3.168,3.724019758,2.527021829,3.014717506,3.339073418,4.225041868,2.948,3.270650464
2021-12-15 03:00:00,2.919,3.444506551,2.081,2.954055826,3.292744054,3.779519948,2.89,3.275748195
2021-12-15 04:00:00,2.762,3.265282677,2.363181935,2.795549966,3.111205364,2.901459495,2.863,3.241075672
2021-12-15 05:00:00,3.104,3.664599608,2.475993419,3.141277582,3.501635708,3.934488216,3.156,3.483827527
2021-12-15 06:00:00,4.066,5.569128696,3.206008685,4.114819452,4.600678849,5.671377381,3.39,3.750893777
2021-12-15 07:00:00,4.856,5.101569427,3.871832164,4.973276693,5.477667458,6.194961153,4.228,4.509282814
2021-12-15 08:00:00,4.734,5.555475397,3.774333957,4.811869366,5.33576302,6.60098623,5.564,6.025775494
2021-12-15 09:00:00,4.824,5.913338587,3.847909913,3.666434234,5.441276859,6.153982557,6.595,5.104452148
2021-12-15 10:00:00,5.136,6.060808763,4.043018293,5.197537759,5.793120624,6.530337953,7.716,8.053181858
2021-12-15 11:00:00,5.254,6.200093051,4.191487504,5.352419758,5.924479761,6.702594559,8.25,8.985546415
2021-12-15 12:00:00,5.712,6.62901057,4.767863421,5.780605718,6.293605675,7.340224251,7.836,8.376006775
2021-12-15 13:00:00,6.069,7.138723601,4.163076277,6.058075526,6.845704902,7.742382738,7.937,8.378966716
2021-12-15 14:00:00,5.648,6.664939831,4.505887332,5.716149477,6.370772252,7.072051184,7.492,8.162386819
2021-12-15 15:00:00,5.796,6.839603881,4.623268827,5.865700926,6.537717171,7.394065579,6.509,7.305980654
2021-12-15 16:00:00,6.298,7.432047145,5.023056349,6.373601784,7.103959831,7.921790463,6.069,7.059078746
2021-12-15 17:00:00,7.492,8.840307373,5.968186736,8.036008933,8.392830055,9.558543917,5.656,7.449580758
2021-12-15 18:00:00,8.382,9.105520581,6.678038743,8.483160776,9.454786403,10.965,5.48,6.41074411
2021-12-15 19:00:00,8.772,8.662489678,6.966571717,8.951896259,10.47798072,11.19084092,5.773,6.871220304
2021-12-15 20:00:00,8.754,10.65246296,6.98796012,8.859264596,9.874661909,11.12799975,6.288,6.394547769
2021-12-15 21:00:00,8.672,10.22983335,6.917044682,8.776096291,9.781822786,10.96926559,5.38,5.840954524
2021-12-15 22:00:00,7.416,8.568332993,5.915431343,7.505078806,7.872173039,9.464836214,4.526,5.028914276
2021-12-15 23:00:00,5.96,6.75320233,5.016711014,6.031347269,6.722617199,7.603282809,3.899,4.378319879
2021-12-16 00:00:00,4.608,5.438036049,4.382097425,4.663494593,4.243355609,5.87863402,3.228,3.592778545
2021-12-16 01:00:00,3.667,4.331585139,2.925219179,4.546681707,4.136503603,4.719242144,2.856,3.187374003
2021-12-16 02:00:00,3.168,3.738467879,2.527040081,4.376488037,3.573304869,4.041780195,2.946,3.313479805
2021-12-16 03:00:00,2.919,3.047716046,2.243996334,2.92700033,3.211109921,2.693353973,2.981,3.247282835
2021-12-16 04:00:00,2.762,3.266879548,2.200507143,3.532418287,2.510338289,3.547663829,3.004,3.033053667
2021-12-16 05:00:00,3.104,3.667238174,2.476114441,3.194755087,4.349122998,3.960126236,3.249,3.761777679
2021-12-16 06:00:00,4.066,4.798171686,2.441286729,4.114842228,4.420651167,5.187140485,3.597,4.325650607
2021-12-16 07:00:00,4.856,5.728735125,3.852701614,4.914319525,5.483468434,6.194917552,4.272,4.517861493
2021-12-16 08:00:00,4.734,5.586326445,3.742237468,4.790951372,5.545631113,6.038912372,5.41,5.835155978
2021-12-16 09:00:00,4.824,5.692255058,3.813968498,4.882033333,5.441327291,6.154597636,6.912,7.574218341
2021-12-16 10:00:00,5.136,5.379695416,4.859724051,5.197814948,6.400577869,6.310021802,7.614,6.13723859
2021-12-16 11:00:00,5.254,6.201379121,4.194374334,5.308519452,5.928362094,6.702377706,8.154,8.298201363
2021-12-16 12:00:00,5.712,7.185710857,4.556075593,5.777951283,6.785016799,7.288866061,7.486,7.970325884
2021-12-16 13:00:00,6.069,7.36292485,4.799501294,6.141899436,6.840782115,7.7420849,7.025,7.472198385
2021-12-16 14:00:00,5.648,6.660280352,4.505135946,5.715838564,6.370776108,7.183524177,6.756,7.836204906
2021-12-16 15:00:00,5.796,6.839779192,4.608968871,5.864303853,6.537724743,7.394073755,6.847,7.416629058
2021-12-16 16:00:00,6.298,7.432026327,5.023752511,6.373655923,6.835707984,8.03467314,6.447,7.01320574
2021-12-16 17:00:00,7.492,8.430873832,5.9760989,7.582031171,9.230191215,9.705130518,6.594,6.658870279
2021-12-16 18:00:00,8.382,10.07587213,6.686016127,8.476283485,9.452173851,10.69306067,6.187,6.78899849
2021-12-16 19:00:00,8.772,10.13753169,6.829830592,8.858983522,10.35093349,10.965,6.611,6.852910229
2021-12-16 20:00:00,8.754,10.33119639,7.705484749,8.953680875,9.875158526,11.16860626,5.954,6.769977058
2021-12-16 21:00:00,8.672,10.23318799,4.992484149,9.166287158,10.965,10.70710558,5.486,6.101064325
2021-12-16 22:00:00,7.416,8.720123934,5.915356339,7.791669631,10.15733215,9.453499802,4.833,5.275125931
2021-12-16 23:00:00,5.96,7.032950354,4.754296961,6.062144771,5.937083267,7.607271986,4.042,4.944945369
2021-12-17 00:00:00,4.608,3.706047986,3.850801423,4.664166796,5.319379251,5.879600921,3.097,3.576434319
2021-12-17 01:00:00,3.667,4.32838952,2.925686341,3.711906878,4.1370747,4.600775876,2.784,3.323420206
2021-12-17 02:00:00,3.168,3.738065963,2.526713023,3.18552342,3.689125627,4.041185058,3.028,3.10798863
2021-12-17 03:00:00,2.919,3.405871865,2.328779106,2.954340356,3.334263371,3.724973748,2.926,3.24964865
2021-12-17 04:00:00,2.762,3.260386687,2.204072996,2.081,3.221986997,4.296887227,2.892,3.302602402
2021-12-17 05:00:00,3.104,3.663420214,2.476737561,3.142237537,4.309627432,4.029550333,3.37,4.081698956
2021-12-17 06:00:00,4.066,4.800432284,3.243668642,3.61824889,4.587841488,3.886272504,3.32,3.945194483
2021-12-17 07:00:00,4.856,5.730852483,3.86619786,4.914719325,4.716532093,6.19547734,4.086,4.549633831
2021-12-17 08:00:00,4.734,5.586893535,3.776520851,4.791323733,5.339919051,6.039868494,4.928,6.160189988
2021-12-17 09:00:00,4.824,5.69324944,3.901780455,4.883044498,4.992900872,6.154621285,6.906,7.65762046
2021-12-17 10:00:00,5.136,6.03851926,4.097142618,5.255317641,5.793665102,7.615009523,8.124,6.604330231
2021-12-17 11:00:00,5.254,6.506756888,4.546758397,5.316814408,7.247961574,6.703325805,8.34,6.062761084
2021-12-17 12:00:00,5.712,6.741059278,4.556595865,5.780736214,6.442765341,7.279677103,7.841,7.181744626
2021-12-17 13:00:00,6.069,7.16239462,5.735435946,6.14233547,6.846172984,7.648229661,8.34,7.126218541
2021-12-17 14:00:00,5.648,6.647146634,4.505618553,5.196652801,6.355130234,7.79249816,7.198,8.894086455
2021-12-17 15:00:00,5.796,6.84023993,4.623565314,5.866126173,6.669363345,7.394783923,7.209,6.749680968
2021-12-17 16:00:00,6.298,7.21280754,5.024108451,6.440604135,6.757703025,8.093192646,7.218,5.437433644
2021-12-17 17:00:00,7.492,8.841331186,5.976261234,7.582368012,8.435975567,9.82947166,6.742,6.99687532
2021-12-17 18:00:00,8.382,9.891590958,7.223317561,8.482743131,9.454727268,10.69375642,6.822,5.759366091
2021-12-17 19:00:00,8.772,10.17970526,6.996040293,8.745178331,9.896212193,11.19256097,6.292,6.135463435
2021-12-17 20:00:00,8.754,10.33143929,6.983592919,8.860177172,9.875455034,10.965,6.377,6.633823514
2021-12-17 21:00:00,8.672,10.22984785,6.827039575,8.172179561,9.660988022,11.04458181,5.704,5.913363857
2021-12-17 22:00:00,7.416,8.756076395,5.914425011,7.518750257,8.23256034,9.430945486,5.108,4.309708678
2021-12-17 23:00:00,5.96,7.031905773,4.75211402,6.029502887,6.719940718,7.407316356,4.419,4.125569499
2021-12-18 00:00:00,6.197,5.4376408,3.675334532,4.664497756,5.197639679,5.969976986,3.141,2.986163541
2021-12-18 01:00:00,5.272,4.329473408,2.925874799,3.712120127,3.45949052,4.679826923,2.682,3.109619076
2021-12-18 02:00:00,4.232,3.740969128,2.528594271,3.208206286,3.57578858,4.635194177,2.662,2.90244142
2021-12-18 03:00:00,3.907,3.454635774,2.335053043,2.962828309,3.328976163,3.734449174,2.384,2.757036307
2021-12-18 04:00:00,3.35,3.277160671,2.081,2.810499725,3.055586658,3.542690657,2.44,2.733347593
2021-12-18 05:00:00,3.614,3.69381828,2.497018693,3.164838543,3.531094187,4.837062223,2.842,3.056054199
2021-12-18 06:00:00,3.736,4.850479067,3.243363185,3.99169499,4.637254982,5.38467744,3.085,2.950060947
2021-12-18 07:00:00,4.682,5.81372672,3.930291497,4.985766944,5.562192163,6.284955284,3.526,3.884061547
2021-12-18 08:00:00,5.844,6.310284833,4.126395496,5.235836292,5.835683938,5.999439215,3.515,4.325457669
2021-12-18 09:00:00,6.868,6.259865877,4.147605379,4.406175426,6.560101582,6.767552548,3.644,6.7436
2021-12-18 10:00:00,7.339,6.67189924,4.509937698,5.723700954,6.785060982,7.220226074,4.614,5.231735706
2021-12-18 11:00:00,7.575,6.857837438,4.630413502,5.87591237,6.549192577,7.408075534,5.631,6.246763546
2021-12-18 12:00:00,8.006,7.431762894,5.02346748,7.684970699,7.103696694,8.034562467,5.248,5.899502797
2021-12-18 13:00:00,8.928,7.893307487,6.656477602,6.768248722,7.544753227,8.77306429,5.567,6.2119366
2021-12-18 14:00:00,7.726,7.441817619,5.027717956,5.441024392,7.109706089,8.040946442,5.864,6.781582415
2021-12-18 15:00:00,7.835,7.989449338,5.189717742,6.867245725,7.732073179,8.276907911,5.449,6.056251159
2021-12-18 16:00:00,8.252,8.296540094,5.607345608,7.20968007,7.929389997,8.968149829,5.416,6.508162711
2021-12-18 17:00:00,8.657,9.755136044,6.768238111,8.364102276,9.315209836,10.54567759,5.617,6.556909923
2021-12-18 18:00:00,9.541,11.02054068,7.459882211,9.664701448,10.54797731,11.92959849,5.425,6.230115962
2021-12-18 19:00:00,9.631,11.35481504,7.398676001,9.042730159,10.73810287,12.2752387,5.78,6.388285008
2021-12-18 20:00:00,10.075,11.87935225,8.029792615,9.468950547,11.35386234,11.87960341,5.604,6.712823233
2021-12-18 21:00:00,9.73,11.4801348,8.808628735,9.845273088,10.97543289,12.59375,5.009,6.299972352
2021-12-18 22:00:00,8.346,9.204499815,6.761686293,10.20186643,9.173123184,10.8141626,4.32,4.634825423
2021-12-18 23:00:00,6.963,8.285932877,5.416384511,7.398923137,7.964618909,8.95773201,3.638,4.123523251
2021-12-19 00:00:00,6.197,7.424355298,4.941489363,6.266428011,6.98487882,7.899970602,3.045,4.380076795
2021-12-19 01:00:00,5.272,5.938063054,4.462911791,5.331300091,5.700045713,6.720584708,2.706,2.503269387
2021-12-19 02:00:00,4.232,4.9934838,4.337148316,4.645883019,4.773799918,5.384340323,2.42,2.671638323
2021-12-19 03:00:00,3.907,4.3055706,3.17980965,4.565395089,4.209396764,4.480029246,2.389,2.486742653
2021-12-19 04:00:00,3.35,4.211566816,2.671743525,3.354278343,3.778484021,4.272969669,2.354,3.035529827
2021-12-19 05:00:00,3.614,4.265629521,2.883094724,3.658110967,4.561578619,4.522198155,2.672,2.93468848
2021-12-19 06:00:00,3.736,6.474187358,4.066759282,5.159525273,5.80396075,6.509807318,2.86,2.086
2021-12-19 07:00:00,4.682,6.892920503,2.890919576,5.911353536,6.588276363,7.451605776,3.278,3.815606882
2021-12-19 08:00:00,5.844,6.380377905,4.390970444,4.926755565,5.891054709,7.022436217,3.674,4.064639885
2021-12-19 09:00:00,6.868,6.835850272,4.059208455,6.074180398,6.264621524,7.680812627,3.643,7.867956042
2021-12-19 10:00:00,7.339,6.878214965,5.332936687,5.895708542,6.646591867,7.435796725,3.84,6.56039241
2021-12-19 11:00:00,7.575,7.715184633,3.685355389,5.971177235,6.668765758,7.542135649,5.526,7.422668702
2021-12-19 12:00:00,8.006,7.478179406,5.05187705,6.413320897,7.835253975,8.436108901,5.288,6.929294369
2021-12-19 13:00:00,8.928,7.86150111,5.343698433,8.526927272,7.514477971,8.498761534,5.496,6.67
2021-12-19 14:00:00,7.726,7.510616092,4.952000256,6.003685783,6.482880859,7.92655314,5.432,7.551755196
2021-12-19 15:00:00,7.835,8.58464459,5.042728289,6.348085022,7.128587637,8.837054542,5.102,6.528657746
2021-12-19 16:00:00,8.252,7.713774033,5.340734159,7.15594375,7.654590637,8.738901058,5.366,6.96493916
2021-12-19 17:00:00,8.657,8.559799095,6.330572086,8.031922825,8.952269698,10.13072691,5.79,6.790365565
2021-12-19 18:00:00,9.541,9.974687869,6.742897308,8.554808794,9.53503056,10.78404065,5.524,6.781585524
2021-12-19 19:00:00,9.631,10.01478212,7.55625,8.924100187,9.947167584,11.24941495,5.8,6.851961776
2021-12-19 20:00:00,10.075,10.3640051,7.005471765,8.888054541,9.897413747,12.59375,5.558,6.743895067
2021-12-19 21:00:00,9.73,10.24979152,6.928337255,8.789696959,9.800044825,11.08053469,5.428,6.029166223
2021-12-19 22:00:00,8.346,8.766825545,5.922227764,8.374977651,8.250490054,9.471748363,4.656,5.009602025
2021-12-19 23:00:00,6.963,7.038309563,4.757508111,5.796316417,6.727566479,7.750210147,3.848,4.326843744
2021-12-20 00:00:00,4.608,4.368331749,3.677397908,4.707470989,5.201402354,6.223268818,3.258,3.568620223
2021-12-20 01:00:00,3.667,4.330613075,2.916630377,3.715369591,4.653104578,4.681636861,2.951,3.262813005
2021-12-20 02:00:00,3.168,3.739729943,2.52797554,3.207184186,3.561924091,4.042603642,3.093,2.960147263
2021-12-20 03:00:00,2.919,3.223742995,2.325206119,2.955686519,3.394493241,3.749070079,3.082,3.080191808
2021-12-20 04:00:00,2.762,5.046262293,2.158430107,2.811101767,3.117263175,3.526977901,2.9,2.086
2021-12-20 05:00:00,3.104,3.665126723,2.4767922,3.142934373,3.503963226,3.961284675,3.174,3.558595778
2021-12-20 06:00:00,4.066,4.799849586,3.244459662,3.707622872,4.588081756,5.18916053,3.535,4.01983468
2021-12-20 07:00:00,4.856,5.731590082,3.902130336,4.558861425,5.47862753,6.559029737,4.86,4.556843404
2021-12-20 08:00:00,4.734,5.587248689,3.958082083,4.79155362,5.340498239,5.939313814,5.994,5.446076922
2021-12-20 09:00:00,4.824,4.86015691,3.201733591,4.882172433,5.440052693,6.157483369,8.347,9.088553186
2021-12-20 10:00:00,5.136,6.060818858,4.096802591,5.197571501,5.965491373,7.429677228,9.807,8.496280988
2021-12-20 11:00:00,5.254,6.199812379,4.191655761,5.316902777,6.557392866,6.673216141,10.59,9.209273644
2021-12-20 12:00:00,5.712,6.995400387,4.551993611,5.769320201,7.146248906,5.962509987,10.012,7.368109575
2021-12-20 13:00:00,6.069,7.162349729,4.840735076,7.175369733,6.845245232,7.783483375,10.216,8.773579849
2021-12-20 14:00:00,5.648,6.649610041,4.504891159,5.690119548,5.681402526,7.20249904,9.534,9.944308945
2021-12-20 15:00:00,5.796,6.839191605,4.622921847,6.301516892,6.537259633,7.394370105,9.158,7.751991054
2021-12-20 16:00:00,6.298,7.432028373,5.024196264,6.497834128,7.103515624,8.033921566,7.584,8.089731528
2021-12-20 17:00:00,7.492,8.840621628,5.975732739,6.667985598,8.450317391,9.557737491,7.208,7.759525089
2021-12-20 18:00:00,8.382,9.890861006,6.685640105,8.482276738,9.980122756,10.69262256,7.244,7.737268064
2021-12-20 19:00:00,8.772,10.35096038,6.801510427,8.876781369,10.31279401,10.965,6.952,7.965868433
2021-12-20 20:00:00,8.754,10.32979512,6.982424653,8.858735645,9.87387631,11.16534917,6.812,7.519084012
2021-12-20 21:00:00,8.672,10.30752717,6.915725912,8.774181944,9.779819291,11.0517746,6.266,6.498741149
2021-12-20 22:00:00,7.416,8.750725732,5.915186609,7.432184555,8.363255636,9.460131162,5.132,5.747325172
2021-12-20 23:00:00,5.96,7.027018964,4.753175589,6.028215056,6.904515608,7.599047659,4.217,4.864957169
2021-12-21 00:00:00,4.608,5.437494801,3.675592058,4.659894332,5.341245018,6.617276379,3.402,4.008286537
2021-12-21 01:00:00,3.667,4.878516887,2.915066453,3.711165679,4.475817353,5.732414825,3.061,3.53850329
2021-12-21 02:00:00,3.168,4.555068631,2.530499251,3.20432503,3.536099521,4.036132575,3.146,2.086
2021-12-21 03:00:00,2.919,3.444929827,2.333361327,2.954507892,3.558412489,3.724139362,3.094,3.590766058
2021-12-21 04:00:00,2.762,3.171617207,2.203111317,2.795087474,3.296887728,3.523908488,3.0,3.39571073
2021-12-21 05:00:00,3.104,3.662929331,2.47662139,3.141427736,3.501233302,3.959858824,3.756,4.037685021
2021-12-21 06:00:00,4.066,5.342376013,3.243707768,4.115100086,4.585983462,4.896716594,3.964,4.217726138
2021-12-21 07:00:00,4.856,5.73061828,3.516838558,4.474838746,5.477600309,6.195237327,4.562,5.432256193
2021-12-21 08:00:00,4.734,5.586738523,3.776264235,4.792692053,5.34004318,6.039537112,6.278,5.940975241
2021-12-21 09:00:00,4.824,5.692934035,3.847842259,4.492309335,5.389070395,5.991410657,8.465,9.231321077
2021-12-21 10:00:00,5.136,6.060988764,4.525693719,5.024985952,5.705647063,6.363475341,9.511,10.33917108
2021-12-21 11:00:00,5.254,6.200102672,4.331805255,5.317237783,6.002769886,6.419138687,9.798,10.5360068
2021-12-21 12:00:00,5.712,4.68719534,4.927410086,5.779934071,6.230431487,7.219444447,9.02,9.767877075
2021-12-21 13:00:00,6.069,7.630406566,4.869002733,6.140606776,6.845776428,8.612431606,9.15,7.408406442
2021-12-21 14:00:00,5.648,6.665124299,4.503964444,5.865399772,6.371601755,7.258370174,8.735,9.515654753
2021-12-21 15:00:00,5.796,6.839733155,4.623297381,6.81090294,6.538531309,7.299799832,7.936,8.755462363
2021-12-21 16:00:00,6.298,7.431955394,5.023567768,6.270673143,7.840672031,8.03451378,7.892,8.77078601
2021-12-21 17:00:00,7.492,8.842002552,5.976132524,7.582037173,8.442491328,9.557739857,7.643,8.015084747
2021-12-21 18:00:00,8.382,9.89080483,7.226418151,8.357179991,9.454412304,10.69311373,7.53,8.194545207
2021-12-21 19:00:00,8.772,10.3517752,7.412837396,10.88910906,9.895213878,10.965,7.659,8.143914306
2021-12-21 20:00:00,8.754,10.47627495,6.814726887,8.859126645,9.874212269,11.38652046,7.061,7.758505574
2021-12-21 21:00:00,8.672,10.23348225,6.917314963,8.774563202,9.781331141,11.06302759,5.912,6.670789488
2021-12-21 22:00:00,7.416,9.048708982,5.755755342,7.161438204,8.364924,9.462841805,5.312,6.298395642
2021-12-21 23:00:00,5.96,6.917218992,4.600803415,5.942903959,6.323929556,7.603156353,4.482,2.451892128
2021-12-22 00:00:00,4.608,5.437646149,3.675499022,4.663301281,4.140704492,5.878466033,3.676,4.124788032
2021-12-22 01:00:00,3.667,4.327193182,3.016622432,3.711291433,4.135565802,5.040977619,3.233,3.568750834
2021-12-22 02:00:00,3.168,3.870393374,2.527238395,3.205778706,3.573462294,4.040816099,3.366,2.086
2021-12-22 03:00:00,2.919,3.444604046,2.328719423,2.913185269,3.292583795,3.72398734,3.03,3.947659757
2021-12-22 04:00:00,2.762,3.259375455,2.203187428,2.795202838,3.115518915,3.523569119,3.0,3.414946392
2021-12-22 05:00:00,3.104,3.662977127,2.47586864,3.139540985,3.059340414,3.960079222,3.06,4.022680915
2021-12-22 06:00:00,4.066,4.791615312,3.243301038,4.115103947,4.580693846,5.187028768,3.415,4.395626051
2021-12-22 07:00:00,4.856,5.727974586,3.870878886,4.914312225,5.766400975,6.193861918,4.18,5.926753169
2021-12-22 08:00:00,4.734,5.586396276,3.776142644,4.792990538,5.339210141,6.122574205,5.694,6.159330116
2021-12-22 09:00:00,4.824,5.293920796,3.889695114,4.881884209,5.363232493,6.153906865,8.196,8.165908071
2021-12-22 10:00:00,5.136,5.147182922,2.947657544,5.19769376,5.792570984,6.552042617,9.478,8.694598432
2021-12-22 11:00:00,5.254,6.200053191,4.190973997,5.317392392,5.925987737,6.646799347,9.702,9.740206499
2021-12-22 12:00:00,5.712,6.542072656,4.556292869,5.780147251,6.908032415,8.574408597,9.03,8.922857954
2021-12-22 13:00:00,6.069,7.812131137,4.566973579,6.141875346,6.845689234,7.74245908,9.024,9.335148474
2021-12-22 14:00:00,5.648,6.581755814,4.505191986,6.454312073,6.375848782,7.213522705,8.511,9.264288778
2021-12-22 15:00:00,5.796,6.839807169,4.62325238,6.070692923,6.537434664,7.394111142,7.492,8.211659644
2021-12-22 16:00:00,6.298,7.432048937,4.474101666,7.451963871,7.103252226,6.916078212,7.08,8.053255575
2021-12-22 17:00:00,7.492,8.841505201,5.559278888,7.526165057,8.450760218,9.556819091,6.836,7.439170277
2021-12-22 18:00:00,8.382,9.278764181,6.685680518,8.482668412,9.822323852,10.79268086,6.299,5.811796251
2021-12-22 19:00:00,8.772,10.35152839,7.641137368,8.87756935,9.898821159,10.46199764,6.885,7.371493972
2021-12-22 20:00:00,8.754,10.61211184,6.982107792,8.818825498,9.69261516,10.965,6.768,7.187873676
2021-12-22 21:00:00,8.672,9.939227051,6.917289552,8.65134426,10.53275302,11.0628445,5.804,6.521484586
2021-12-22 22:00:00,7.416,8.75173462,5.910829168,7.505010736,8.364971204,9.552458674,4.999,5.595327282
2021-12-22 23:00:00,5.96,6.184622523,4.753990894,6.031495593,7.248478807,7.604163275,4.196,4.747514916
2021-12-23 00:00:00,4.608,5.333261276,3.675482603,4.717526327,5.187507,5.885324537,3.603,4.12536014
2021-12-23 01:00:00,3.667,4.391883105,2.913807275,4.461336393,5.358112808,4.693765848,3.085,3.508613679
2021-12-23 02:00:00,3.168,3.794197371,2.527015472,3.196826356,3.573943704,4.04154954,3.108,2.453347931
2021-12-23 03:00:00,2.919,3.444734152,2.328291313,2.947664086,3.292908128,4.012867554,2.942,3.342400138
2021-12-23 04:00:00,2.762,3.860919644,2.081,2.794700525,3.121620107,3.523811206,2.925,2.086
2021-12-23 05:00:00,3.104,3.384634214,2.623905371,3.147191623,3.217019771,5.297671119,3.354,2.281808023
2021-12-23 06:00:00,4.066,4.896673168,3.061009492,5.425923126,4.588600396,5.185154767,3.903,4.342414954
2021-12-23 07:00:00,4.856,5.730390275,3.869740701,5.008668322,6.213754211,6.196172639,4.922,5.320127931
2021-12-23 08:00:00,4.734,5.586437671,3.776249621,4.792643158,5.339794506,6.506137882,6.578,5.875080624
2021-12-23 09:00:00,4.824,5.691320325,3.880452135,4.881959374,5.441226345,6.153179322,8.476,7.520924521
2021-12-23 10:00:00,5.136,6.805718699,4.094886342,5.197685065,5.793219804,6.484660312,9.515,5.874138217
2021-12-23 11:00:00,5.254,6.192511649,4.190887444,5.316617727,5.542860999,6.570515271,10.143,8.743985921
2021-12-23 12:00:00,5.712,6.737689405,4.556241468,6.160693975,6.442694219,7.286291042,9.616,8.584891759
2021-12-23 13:00:00,6.069,7.130535231,6.093991149,6.553311981,6.844756317,8.573719526,9.216,8.926698244
2021-12-23 14:00:00,5.648,6.655017885,4.494780712,6.454890098,6.371061154,7.421734596,8.29,7.304418207
2021-12-23 15:00:00,5.796,6.839685024,4.623251914,5.913506822,6.519676653,7.994772078,7.494,7.646154825
2021-12-23 16:00:00,6.298,7.432095636,5.023706769,6.512214007,7.104006208,8.091817576,7.094,9.593128677
2021-12-23 17:00:00,7.492,8.841099402,5.632434397,7.582050109,8.453806517,9.539655152,7.559,7.31540617
2021-12-23 18:00:00,8.382,9.891358566,6.129574959,8.478511326,8.787942834,10.47410265,7.866,10.00492159
2021-12-23 19:00:00,8.772,10.35231525,6.998236273,8.878131201,9.895503801,10.965,7.165,6.767625111
2021-12-23 20:00:00,8.754,10.965,6.983357128,9.400328913,9.922356352,11.16831462,6.786,4.555203873
2021-12-23 21:00:00,8.672,10.17933072,6.916806316,8.775533697,9.683164085,11.06372562,5.422,5.919964268
2021-12-23 22:00:00,7.416,8.751348723,5.675023032,7.505109527,8.365650585,9.460710293,4.901,4.940299229
2021-12-23 23:00:00,5.96,7.03321483,4.753953802,6.031484027,6.72281874,7.564066759,4.341,4.24861218
2021-12-24 00:00:00,4.608,5.385242557,3.676284185,4.664210751,5.198623926,5.87913451,3.354,3.484630746
2021-12-24 01:00:00,3.667,4.765791693,2.885650061,3.540618763,4.137213606,4.6789775,2.684,2.982642094
2021-12-24 02:00:00,3.168,3.738038708,2.526776586,3.205684482,3.573006606,3.553080098,2.801,3.037805005
2021-12-24 03:00:00,2.919,4.004546886,3.693911072,2.956959779,3.293097427,3.724469932,2.795,2.871156127
2021-12-24 04:00:00,2.762,3.996716202,2.188834393,2.79392425,3.097839452,3.524677343,2.674,2.674579205
2021-12-24 05:00:00,3.104,3.478726443,2.476899883,3.142174646,3.502366283,3.308053,3.122,3.194216837
2021-12-24 06:00:00,4.066,4.798668998,3.243586646,4.115297662,4.587452952,5.187497711,3.52,3.392186101
2021-12-24 07:00:00,4.856,6.128846517,3.873854933,4.874031822,5.477266191,6.191702812,4.546,5.059452255
2021-12-24 08:00:00,4.734,5.586990305,3.777775172,4.896782983,5.340342837,6.03983488,4.823,4.81619276
2021-12-24 09:00:00,4.824,5.649710503,3.848504695,4.882426872,5.442242345,6.16479689,5.491,6.098290045
2021-12-24 10:00:00,5.136,6.060045631,4.097090558,5.405319334,5.793781896,5.930570583,6.082,6.825450362
2021-12-24 11:00:00,5.254,6.124750222,4.19139841,5.317706897,5.906958613,6.953804668,6.62,7.295281597
2021-12-24 12:00:00,5.712,6.741135447,4.556698025,5.808124814,6.446145933,7.079443487,6.608,8.00323705
2021-12-24 13:00:00,6.069,7.162180029,4.975064156,6.142382603,6.846161337,7.695814629,7.116,7.951974969
2021-12-24 14:00:00,5.648,6.665535283,4.504148828,5.832719383,6.367380776,7.14283567,6.584,7.166033017
2021-12-24 15:00:00,5.796,6.840088096,4.623664254,5.281693539,6.351373927,7.395059669,6.01,6.805509056
2021-12-24 16:00:00,6.298,7.434606941,5.023558012,6.374008611,7.102859879,8.550126521,6.126,6.887976639
2021-12-24 17:00:00,7.492,7.97183564,5.976272167,7.582118848,8.452184196,9.557991375,5.719,7.174012223
2021-12-24 18:00:00,8.382,9.862268334,6.686057912,8.482526169,9.461728869,10.38241708,6.531,7.32034764
2021-12-24 19:00:00,8.772,10.965,7.00133261,8.890616591,9.895908349,11.19222313,5.374,5.449879591
2021-12-24 20:00:00,8.754,10.33148728,6.438388078,9.52965389,9.867539183,11.06288791,5.112,5.911702533
2021-12-24 21:00:00,8.672,10.43000315,6.763968693,8.744509627,9.7779764,10.965,4.99,5.455915371
2021-12-24 22:00:00,7.416,8.943538719,7.254924516,7.866453614,8.310883047,9.458338421,4.153,3.221044054
2021-12-24 23:00:00,5.96,7.030635486,4.932381922,6.075624388,6.703299882,7.600587996,3.586,6.514412569
2021-12-25 00:00:00,6.197,5.43786422,3.67572572,4.66205392,5.201202412,5.86358263,3.43,3.336398683
2021-12-25 01:00:00,5.272,4.328855659,2.927016875,2.6681999,4.138053212,4.682626713,3.11,2.73550189
2021-12-25 02:00:00,4.232,3.742206319,2.529458634,3.209136548,4.859889353,4.045419675,2.832,2.70534624
2021-12-25 03:00:00,3.907,3.463296938,2.337093484,2.964150344,2.081,3.859212872,2.526,2.590295075
2021-12-25 04:00:00,3.35,3.407059515,2.081,2.817032162,3.136388435,3.538899629,2.548,2.709103149
2021-12-25 05:00:00,3.614,3.700257494,2.406088428,3.173335888,3.543883361,4.000025875,2.843,3.074841222
2021-12-25 06:00:00,3.736,4.859238848,3.321492734,4.164302402,4.639396999,5.253010124,2.788,2.737832826
2021-12-25 07:00:00,4.682,5.827715235,4.262085407,4.996116218,5.299912184,6.297430849,2.79,4.504225811
2021-12-25 08:00:00,5.844,6.110351707,4.115370175,4.289567942,5.890709457,6.610502158,3.008,5.279466037
2021-12-25 09:00:00,6.868,6.412745945,4.419015609,5.375497847,5.503807163,6.778346802,2.691,6.413041275
2021-12-25 10:00:00,7.339,6.717027842,4.521471136,5.728170144,6.383925053,7.003602409,2.994,7.529295596
2021-12-25 11:00:00,7.575,6.554745776,5.102350941,5.882134292,6.556132581,7.823911309,3.058,6.163576093
2021-12-25 12:00:00,8.006,7.440908853,5.028325745,6.379988202,7.110735649,8.25124169,3.294,7.548580777
2021-12-25 13:00:00,8.928,7.899909001,5.499693841,6.775639316,7.551674431,8.541308504,3.125,5.2049
2021-12-25 14:00:00,7.726,7.434386145,5.284628793,6.462247862,7.117333593,8.049654946,3.018,7.910199837
2021-12-25 15:00:00,7.835,7.662590733,5.181178909,6.574774248,7.326858297,8.286005822,3.02,7.655287907
2021-12-25 16:00:00,8.252,8.947764538,5.613389933,7.12211843,7.938796618,8.978466355,4.45,6.209811444
2021-12-25 17:00:00,8.657,9.969846426,6.600465764,8.374159217,9.333539757,10.55668283,4.288,6.574780693
2021-12-25 18:00:00,9.541,12.59375,7.463175546,9.468674604,10.55363223,11.93835458,4.454,6.523397343
2021-12-25 19:00:00,9.631,11.35436537,7.530890351,9.73829838,10.10592588,12.27538297,4.526,5.925452764
2021-12-25 20:00:00,10.075,11.87952246,8.029886094,10.18777588,11.35510759,12.84244946,4.131,5.898902618
2021-12-25 21:00:00,9.73,11.48009119,7.682631803,9.87218711,10.77230136,12.59375,4.085,5.660634801
2021-12-25 22:00:00,8.346,10.36655757,6.762289533,8.579138647,8.720110715,10.81479087,4.11,2.086
2021-12-25 23:00:00,6.963,8.286300038,5.177110221,7.106252775,7.920439783,8.460927677,3.718,4.104882661
2021-12-26 00:00:00,6.197,7.305544289,4.939162214,6.266082859,6.984473954,7.899412009,2.998,3.40517875
2021-12-26 01:00:00,5.272,6.185856724,4.201358826,5.330386561,5.935353963,6.865810849,2.93,2.098998985
2021-12-26 02:00:00,4.232,5.468184017,3.501249602,4.282402575,4.773919213,6.198967614,2.696,2.864814104
2021-12-26 03:00:00,3.907,5.853705236,3.179989263,4.034519343,4.122123094,5.085266038,2.586,2.086
2021-12-26 04:00:00,3.35,3.952688418,2.414516404,3.60258289,3.778592443,4.177825138,2.455,2.77940265
2021-12-26 05:00:00,3.614,4.265685315,2.882661652,3.658305541,4.077323357,4.293357011,2.81,4.622862482
2021-12-26 06:00:00,3.736,5.987930622,3.786042149,5.160423954,5.755106191,6.508819966,3.289,3.547772598
2021-12-26 07:00:00,4.682,7.104513177,4.797170874,5.918883215,6.481568563,7.461336229,3.476,4.012540236
2021-12-26 08:00:00,5.844,6.491584557,4.387884958,6.124086011,6.204923971,7.017633541,3.652,5.542538393
2021-12-26 09:00:00,6.868,7.051565299,4.426863644,5.616540757,6.259318719,7.079989012,3.829,6.192242302
2021-12-26 10:00:00,7.339,5.840191849,4.646234237,4.967410835,7.043895663,7.430712619,4.079,8.307638632
2021-12-26 11:00:00,7.575,6.859750367,4.709528477,5.979015317,6.664594627,7.539195428,4.422,8.470769765
2021-12-26 12:00:00,8.006,7.474474451,5.157977865,7.376196636,7.216646436,8.080801854,4.265,8.340245374
2021-12-26 13:00:00,8.928,7.858904225,4.702775242,6.251522236,7.511666771,8.492904331,4.479,6.7206
2021-12-26 14:00:00,7.726,7.312830239,4.640010884,6.280676455,7.000854262,7.917916774,4.824,8.36538012
2021-12-26 15:00:00,7.835,7.483014527,5.042166592,6.217954977,7.135830074,8.064086476,4.338,7.677815142
2021-12-26 16:00:00,8.252,8.007786512,5.780979225,5.817082019,7.669524172,8.657141867,4.765,7.19651374
2021-12-26 17:00:00,8.657,9.263112663,6.331640915,8.088948249,8.378005716,9.588922926,5.084,6.930687669
2021-12-26 18:00:00,9.541,8.995259732,6.743804188,8.55087111,9.536689062,11.37362451,5.339,7.54911559
2021-12-26 19:00:00,9.631,10.40649183,7.034282921,8.924493916,9.947131619,11.12208371,5.844,6.698642763
2021-12-26 20:00:00,10.075,10.09362722,7.005641015,8.888204807,9.95103995,11.20415407,5.826,6.456784699
2021-12-26 21:00:00,9.73,11.63562452,7.659428134,8.789795924,9.797091056,11.07957628,5.599,6.265650635
2021-12-26 22:00:00,8.346,8.761517289,5.922268717,7.513572258,7.528360596,9.46926038,4.864,5.347587272
2021-12-26 23:00:00,6.963,6.80111542,4.693251961,6.06823361,6.727548603,7.771235756,3.98,4.4466666
2021-12-27 00:00:00,4.608,5.443309359,3.379942771,4.66813336,5.203041221,5.88443779,3.286,3.660725893
2021-12-27 01:00:00,3.667,4.333537163,2.927718206,3.716050919,4.14102931,4.408900342,3.008,3.384190451
2021-12-27 02:00:00,3.168,3.739532312,2.527727628,3.211024869,4.0752327,4.044575126,2.846,3.378567618
2021-12-27 03:00:00,2.919,3.384612865,2.330706256,2.957011902,3.29670983,3.727627665,2.884,3.007005905
2021-12-27 04:00:00,2.762,3.262424844,2.137241095,2.82450114,3.118437964,3.44245214,2.952,3.16861734
2021-12-27 05:00:00,3.104,3.147479093,2.285057944,3.923356703,3.495391117,3.962561971,3.324,3.306754714
2021-12-27 06:00:00,4.066,5.189179733,3.217460179,4.116160924,4.58803686,5.190157955,3.642,3.853845942
2021-12-27 07:00:00,4.856,6.251199313,4.681264555,4.915337804,5.478555738,6.195903536,4.294,2.215296238
2021-12-27 08:00:00,4.734,5.502105293,3.777376124,4.793714006,4.819285872,6.040010093,5.524,6.115486833
2021-12-27 09:00:00,4.824,5.798466497,3.853987411,4.882201094,5.392150054,6.156562361,7.146,5.854753056
2021-12-27 10:00:00,5.136,6.060777338,4.100567716,4.956368924,5.799180422,6.552077286,8.826,9.650024675
2021-12-27 11:00:00,5.254,6.199871137,4.19079381,5.3177319,7.21708927,5.729249502,8.578,8.83008321
2021-12-27 12:00:00,5.712,6.684376512,6.265172096,5.747665643,7.401601756,6.388437472,8.026,8.141373353
2021-12-27 13:00:00,6.069,7.161418234,4.809397917,6.141654196,6.814057008,6.592775034,8.364,9.069932973
2021-12-27 14:00:00,5.648,6.656982987,4.446974325,5.420127142,6.370380183,7.210157719,8.425,9.226714184
2021-12-27 15:00:00,5.796,6.837849678,4.61754021,5.864936067,6.537355916,7.395045435,7.712,8.374269188
2021-12-27 16:00:00,6.298,7.851591185,5.023397802,6.373173081,6.230931257,8.034038769,6.97,7.726434249
2021-12-27 17:00:00,7.492,8.840634298,5.975819953,7.673236854,8.450433614,9.550494521,7.079,7.620133394
2021-12-27 18:00:00,8.382,9.890934523,6.685769136,8.482367216,9.45566948,11.07367912,7.025,7.759019161
2021-12-27 19:00:00,8.772,10.35045313,6.996638193,8.87680624,8.995848977,10.965,7.372,7.037045941
2021-12-27 20:00:00,8.754,10.32963251,6.982344292,8.858595963,10.33959052,10.65661823,6.176,6.534569185
2021-12-27 21:00:00,8.672,10.23883481,6.915688824,8.773825967,8.926563148,11.06026992,5.604,7.340945831
2021-12-27 22:00:00,7.416,8.751030356,5.915269138,7.504707732,8.397020927,9.460296134,4.948,5.537621599
2021-12-27 23:00:00,5.96,8.655945603,4.753827226,6.031340831,6.722221688,7.602921417,4.226,2.488025688
2021-12-28 00:00:00,4.608,5.43711054,3.750544877,5.012321804,5.198282003,5.878026625,3.408,3.940032398
2021-12-28 01:00:00,3.667,5.466343845,2.926019609,3.710833978,4.135833771,4.689200454,2.881,2.938759838
2021-12-28 02:00:00,3.168,3.737970283,3.102793053,3.20464197,3.649609348,3.424976288,3.018,3.475139646
2021-12-28 03:00:00,2.919,3.444918059,2.328527831,2.954317217,3.292192125,3.724147707,2.9,3.350646124
2021-12-28 04:00:00,2.762,2.417301493,2.203078368,2.794978658,3.115689021,3.523402325,2.992,2.086
2021-12-28 05:00:00,3.104,3.730813988,2.475393334,4.189699093,3.510370533,3.959738742,2.966,3.470342416
2021-12-28 06:00:00,4.066,4.798411172,3.243463675,4.605086718,3.905471036,5.186594958,3.613,3.974603537
2021-12-28 07:00:00,4.856,4.250933221,3.873622712,4.914533161,5.324457369,5.839119585,4.925,5.048788447
2021-12-28 08:00:00,4.734,6.445031998,3.777182469,4.791263908,5.291538164,5.86444809,6.367,5.359064432
2021-12-28 09:00:00,4.824,5.690464124,3.849121015,4.710857838,4.381281829,7.465864777,7.73,7.620758344
2021-12-28 10:00:00,5.136,7.183903082,4.403160153,5.206105414,5.793883911,6.757396348,8.898,9.504217919
2021-12-28 11:00:00,5.254,6.200245213,4.191038544,5.317311373,5.927479808,6.701290517,9.336,9.474214982
2021-12-28 12:00:00,5.712,7.009385186,5.9951616,5.780649515,6.443146866,7.286990961,8.602,8.023801609
2021-12-28 13:00:00,6.069,7.769293454,4.541061912,6.180253009,6.845804022,7.742507488,8.364,5.946532053
2021-12-28 14:00:00,5.648,6.715237217,4.170855388,6.116384634,6.550337709,7.727355996,8.208,8.784193528
2021-12-28 15:00:00,5.796,6.839746373,4.623311189,4.886061514,6.537816309,6.767009979,8.067,8.405340226
2021-12-28 16:00:00,6.298,8.879791538,5.023711485,6.331775279,6.970045405,8.470847863,7.101,6.015291915
2021-12-28 17:00:00,7.492,8.841795138,5.976202312,7.363101021,8.575384825,9.55773208,6.59,7.409687269
2021-12-28 18:00:00,8.382,9.80726251,6.739440291,8.484162869,9.449217906,10.69313823,7.438,6.696538651
2021-12-28 19:00:00,8.772,10.35139958,6.99699561,8.801497239,9.894603654,11.18980128,6.927,7.727400693
2021-12-28 20:00:00,8.754,10.32977373,6.982637282,8.223048582,9.873167177,11.07073452,6.396,6.909529931
2021-12-28 21:00:00,8.672,10.20869636,7.537248962,8.6597088,9.781713084,10.965,5.473,6.160826068
2021-12-28 22:00:00,7.416,8.751134397,5.929701507,7.505084753,8.365944392,9.460574495,5.186,5.6840022
2021-12-28 23:00:00,5.96,7.806791344,5.911212176,6.031189417,6.632895728,7.603082641,4.203,3.103078061
2021-12-29 00:00:00,4.608,5.349385179,3.675535058,5.185217288,5.197626606,5.757180487,3.618,4.056867244
2021-12-29 01:00:00,3.667,4.327190169,2.213920224,2.869030555,4.135850406,4.621790277,3.165,3.657962342
2021-12-29 02:00:00,3.168,3.739687024,2.526830697,3.205905967,3.143781833,4.041490167,3.076,4.453062563
2021-12-29 03:00:00,2.919,3.442915581,2.328426936,2.953702587,3.292638059,3.723912294,2.982,3.159335931
2021-12-29 04:00:00,2.762,3.221612089,2.205287098,2.795093392,3.11535997,3.606771327,2.804,3.10807993
2021-12-29 05:00:00,3.104,4.152872137,2.475818869,3.141216467,3.501145595,4.141218012,2.919,3.317006994
2021-12-29 06:00:00,4.066,4.797175869,2.946018258,4.115405072,5.856011106,5.187025125,3.506,3.91045293
2021-12-29 07:00:00,4.856,5.730467608,3.871963704,4.914378332,5.609497807,6.614605081,4.413,5.122853964
2021-12-29 08:00:00,4.734,5.586610919,3.776147785,4.790687455,5.339871773,5.759002845,5.35,5.813951859
2021-12-29 09:00:00,4.824,5.692735036,3.548509303,4.899187818,5.392672747,6.154111751,6.514,7.271711079
2021-12-29 10:00:00,5.136,5.999278578,4.096844112,5.116077008,5.793271867,5.903545565,7.724,6.765577416
2021-12-29 11:00:00,5.254,6.199474843,4.19092342,5.316437948,5.928649407,6.69866685,8.328,9.133301237
2021-12-29 12:00:00,5.712,6.741873809,4.556721698,5.78066834,6.442122418,7.287454892,7.747,9.5772
2021-12-29 13:00:00,6.069,7.161972287,5.372124987,5.653186089,6.845575098,7.739021841,8.028,8.733869128
2021-12-29 14:00:00,5.648,6.665033439,4.505175369,5.715909851,6.365818086,7.283217821,7.808,8.461990831
2021-12-29 15:00:00,5.796,6.535288116,4.623048487,5.866324342,6.538405467,8.355437479,7.238,7.511767842
2021-12-29 16:00:00,6.298,7.432131013,5.033913794,6.373580896,7.103897747,7.97840536,6.544,7.084869469
2021-12-29 17:00:00,7.492,8.840086829,6.369202843,7.582072621,8.450737479,10.8234813,6.41,7.087272298
2021-12-29 18:00:00,8.382,9.889490441,7.95565748,8.481697149,9.454704074,10.965,6.638,7.374157979
2021-12-29 19:00:00,8.772,10.35157174,6.995145936,8.877409874,10.60542867,11.19068342,7.265,6.864919015
2021-12-29 20:00:00,8.754,10.33028082,7.366813118,8.857842249,10.68127666,11.1676182,6.924,5.857570973
2021-12-29 21:00:00,8.672,10.22547573,6.91971662,8.776240736,10.0149772,11.0616653,5.763,6.092344934
2021-12-29 22:00:00,7.416,8.752319821,7.725719421,7.505086396,8.365075907,9.462120477,5.073,5.662817622
2021-12-29 23:00:00,5.96,7.033185033,4.658428507,5.985538506,5.398715047,7.603297347,4.497,4.764602169
2021-12-30 00:00:00,4.608,7.135305616,3.675581657,4.663162161,5.19771398,6.652407111,3.862,4.203654095
2021-12-30 01:00:00,3.667,4.32721338,2.924988595,3.626350646,4.364843693,4.733154647,3.176,3.606859139
2021-12-30 02:00:00,3.168,3.738457145,3.176957508,3.206529879,3.573358611,4.037967477,2.847,3.140060326
2021-12-30 03:00:00,2.919,3.676965044,2.328354779,2.95402729,3.292509725,3.723729391,2.896,3.140659625
2021-12-30 04:00:00,2.762,3.192450456,2.937058377,2.76478079,3.115386261,3.523481652,3.076,3.180966727
2021-12-30 05:00:00,3.104,3.662883896,2.081,3.42052542,3.501753899,3.959791949,3.164,3.505862498
2021-12-30 06:00:00,4.066,4.718378535,3.242907927,4.11484368,4.586317944,5.188042526,3.462,3.973670922
2021-12-30 07:00:00,4.856,5.729685323,3.873464683,4.914319008,5.477424377,6.408492343,4.941,5.332223676
2021-12-30 08:00:00,4.734,5.586441935,3.776132537,4.996686754,5.339683894,6.179064574,5.198,5.822041418
2021-12-30 09:00:00,4.824,6.114183505,3.847800798,4.885152633,5.441368192,6.154894685,6.547,5.626399518
2021-12-30 10:00:00,5.136,6.060818302,4.09619209,5.197717146,5.793387852,7.047489532,8.328,8.728542334
2021-12-30 11:00:00,5.254,6.066617626,4.190941151,5.317126856,5.925653395,6.701713061,9.124,9.575971958
2021-12-30 12:00:00,5.712,6.740595218,4.556260939,5.91156307,6.001091802,7.25660733,8.475,9.5700955
2021-12-30 13:00:00,6.069,7.163315317,5.594376319,6.141671886,6.847774274,7.742504873,8.762,8.659807881
2021-12-30 14:00:00,5.648,6.88977549,4.342385113,5.715008448,6.370634666,7.303719886,8.651,8.723580102
2021-12-30 15:00:00,5.796,6.808435964,4.62287273,5.865579188,6.546471649,7.551194246,8.188,7.366066705
2021-12-30 16:00:00,6.298,7.43205803,5.023716913,6.143378365,7.104086352,8.035213679,7.54,6.836270234
2021-12-30 17:00:00,7.492,8.841150718,5.123731026,7.582035124,8.445705948,9.557420294,7.47,6.815392232
2021-12-30 18:00:00,8.382,10.0408721,6.287328765,8.482617898,9.45409194,9.942839061,7.472,7.160511384
2021-12-30 19:00:00,8.772,10.16135056,6.999523283,8.876904773,9.82234864,10.965,7.09,4.025305961
2021-12-30 20:00:00,8.754,10.965,6.982832531,8.859148394,9.874298605,11.16071121,6.197,3.675985299
2021-12-30 21:00:00,8.672,10.63152418,6.917381549,8.776239763,9.781874785,11.06328117,5.351,5.916027733
2021-12-30 22:00:00,7.416,8.748872668,5.915445042,7.506053458,8.365385803,9.536425515,5.018,6.059541142
2021-12-30 23:00:00,5.96,7.033314226,4.754771298,5.684676257,6.722801521,7.609284737,4.284,4.705104132
2021-12-31 00:00:00,4.608,5.437701481,3.675450917,4.663277375,5.197448878,5.880669403,3.944,4.211128346
2021-12-31 01:00:00,3.667,3.432102028,2.925174631,3.711432609,4.13623993,4.678017111,3.46,2.086
2021-12-31 02:00:00,3.168,3.738611108,2.629388711,3.206081361,3.573420069,4.034748287,2.87,2.972797965
2021-12-31 03:00:00,2.919,3.446676522,2.330209903,3.026962307,3.292327596,3.722542949,2.713,3.151218754
2021-12-31 04:00:00,2.762,3.410493504,2.081,2.795118565,3.115536196,3.535444849,2.543,2.086
2021-12-31 05:00:00,3.104,2.889561661,2.114773577,3.141241159,3.501141762,3.958568199,2.852,2.91688907
2021-12-31 06:00:00,4.066,4.888221828,3.243001179,4.114719241,4.586221723,5.186908943,3.327,3.000110934
2021-12-31 07:00:00,4.856,6.358724645,3.873381303,4.91641179,5.481036434,6.194793654,4.793,5.242334913
2021-12-31 08:00:00,4.734,5.335171036,3.776078162,4.792722711,5.339366978,6.038502112,5.07,5.46946239
2021-12-31 09:00:00,4.824,5.539732341,3.847856705,4.881891966,5.307292791,6.261609454,5.404,6.044706675
2021-12-31 10:00:00,5.136,6.060736245,4.096699984,5.197655199,5.792230537,6.162257919,7.074,8.066394093
2021-12-31 11:00:00,5.254,6.20198771,4.190879757,5.546359054,5.927587029,7.171465434,8.138,9.112387588
2021-12-31 12:00:00,5.712,7.176130465,4.554625844,5.780907418,6.442962971,7.081955702,7.591,7.292821399
2021-12-31 13:00:00,6.069,7.161819995,4.841189276,6.141843297,6.845803963,7.740183304,7.472,9.3587
2021-12-31 14:00:00,5.648,6.665020684,4.505224188,5.721259101,6.007705997,6.996874663,6.765,7.380688983
2021-12-31 15:00:00,5.796,6.838695193,4.623438587,5.865631471,6.639568928,7.394031243,5.993,6.744151516
2021-12-31 16:00:00,6.298,8.244085843,5.403350684,6.37366657,7.104000564,7.721347279,5.653,6.250506361
2021-12-31 17:00:00,7.492,9.598944402,6.122116173,7.563287596,8.458225222,10.03258341,5.826,5.524627795
2021-12-31 18:00:00,8.382,9.857859621,6.686144838,8.482733311,9.45472426,11.43996961,6.106,6.282792382
2021-12-31 19:00:00,8.772,10.23358084,6.999479609,8.268208863,9.894658871,11.19074222,4.386,8.042054345
2021-12-31 20:00:00,8.754,10.33043045,6.940806798,8.859373755,9.780034853,11.16778897,3.748,6.238289983
2021-12-31 21:00:00,8.672,10.23784151,6.845207748,8.773011328,9.796131322,10.965,3.584,5.818584965
2021-12-31 22:00:00,7.416,8.526799771,5.915528222,7.505167313,9.137354349,9.460810311,3.459,5.494645735
2021-12-31 23:00:00,5.96,7.032536227,4.75451131,6.031709108,6.721902142,7.59213552,3.04,4.474612606
