Datetime,C1,C2
01/01/2021 00:00,1.084696001,0.821681983
01/01/2021 01:00,0.768609335,0.726629204
01/01/2021 02:00,0.990273553,0.800784019
01/01/2021 03:00,0.674,0.674
01/01/2021 04:00,0.674,0.674
01/01/2021 05:00,0.817167994,0.674
01/01/2021 06:00,0.674,0.674
01/01/2021 07:00,1.117880386,0.899297507
01/01/2021 08:00,1.316328112,1.355547145
01/01/2021 09:00,1.868543079,1.500691393
01/01/2021 10:00,1.944708566,1.495260411
01/01/2021 11:00,1.47315,1.47315
01/01/2021 12:00,1.924186001,1.547935295
01/01/2021 13:00,2.061640017,1.493735174
01/01/2021 14:00,1.702008644,1.369187314
01/01/2021 15:00,1.239125047,0.98277276
01/01/2021 16:00,1.447351721,1.16388104
01/01/2021 17:00,1.42148312,1.12323541
01/01/2021 18:00,1.370405508,1.040935577
01/01/2021 19:00,1.176275473,0.674
01/01/2021 20:00,1.363924102,1.098073791
01/01/2021 21:00,1.114039953,0.930872677
01/01/2021 22:00,0.84520248,0.674
01/01/2021 23:00,0.674,0.674
02/01/2021 00:00,0.973548302,0.782571659
02/01/2021 01:00,0.919205668,0.674
02/01/2021 02:00,0.782530302,0.674
02/01/2021 03:00,0.674,0.674
02/01/2021 04:00,0.674,0.674
02/01/2021 05:00,0.707029606,0.674
02/01/2021 06:00,0.68487194,0.674
02/01/2021 07:00,1.129181632,0.908568583
02/01/2021 08:00,1.696471806,1.364760557
02/01/2021 09:00,1.47315,1.521350737
02/01/2021 10:00,1.955952238,1.504717395
02/01/2021 11:00,2.079130014,1.672850698
02/01/2021 12:00,1.934852251,1.556537863
02/01/2021 13:00,1.794906296,1.502121176
02/01/2021 14:00,1.715826516,1.47315
02/01/2021 15:00,1.241413772,1.009818262
02/01/2021 16:00,1.395424855,1.169983278
02/01/2021 17:00,1.25619175,1.136635934
02/01/2021 18:00,1.302876507,1.05181592
02/01/2021 19:00,1.21287834,0.975693429
02/01/2021 20:00,1.418232683,1.134334002
02/01/2021 21:00,1.379971975,1.205007353
02/01/2021 22:00,1.000597583,0.805176789
02/01/2021 23:00,0.674,0.674
03/01/2021 00:00,1.032329257,0.674
03/01/2021 01:00,1.292047764,1.054114786
03/01/2021 02:00,0.976003662,0.764783445
03/01/2021 03:00,0.712471041,0.674
03/01/2021 04:00,0.674,0.674
03/01/2021 05:00,0.889147135,0.718591435
03/01/2021 06:00,0.872617978,0.701747663
03/01/2021 07:00,1.320179111,0.912146339
03/01/2021 08:00,1.897680917,1.520588944
03/01/2021 09:00,2.07928935,1.67279953
03/01/2021 10:00,2.159194347,1.736986833
03/01/2021 11:00,1.47315,1.47315
03/01/2021 12:00,2.176210614,1.750676579
03/01/2021 13:00,2.111931004,1.699027584
03/01/2021 14:00,1.959118458,1.173502289
03/01/2021 15:00,1.193268016,1.376162266
03/01/2021 16:00,1.711024328,1.372114289
03/01/2021 17:00,1.493896832,1.442050333
03/01/2021 18:00,1.556181074,1.25189145
03/01/2021 19:00,1.465441147,1.17387453
03/01/2021 20:00,1.35562803,1.197632328
03/01/2021 21:00,1.586487361,1.345389465
03/01/2021 22:00,1.149006833,1.262425846
03/01/2021 23:00,0.945325357,0.674
04/01/2021 00:00,1.031255793,0.830185523
04/01/2021 01:00,1.043354459,0.674
04/01/2021 02:00,0.982793499,0.674
04/01/2021 03:00,0.674,0.674
04/01/2021 04:00,0.873575087,0.702760336
04/01/2021 05:00,0.823358342,0.775005974
04/01/2021 06:00,1.001023787,0.810163933
04/01/2021 07:00,1.446755287,1.159627042
04/01/2021 08:00,2.015476618,1.620695716
04/01/2021 09:00,2.340471591,1.77019599
04/01/2021 10:00,2.277188714,1.864499109
04/01/2021 11:00,1.356759661,1.931597519
04/01/2021 12:00,2.259129093,1.816399094
04/01/2021 13:00,2.052767533,1.215261476
04/01/2021 14:00,2.001558687,1.638478749
04/01/2021 15:00,1.911687646,1.537913636
04/01/2021 16:00,1.782574635,1.431427392
04/01/2021 17:00,1.594740977,1.395124243
04/01/2021 18:00,0.758178251,1.392602889
04/01/2021 19:00,0.807261234,1.232099393
04/01/2021 20:00,1.150344398,1.135363175
04/01/2021 21:00,0.724179919,1.054113667
04/01/2021 22:00,1.186690793,0.674
04/01/2021 23:00,0.993339164,1.089108438
05/01/2021 00:00,0.674,0.76316996
05/01/2021 01:00,0.913636068,0.745339912
05/01/2021 02:00,0.881325075,0.722489043
05/01/2021 03:00,0.674,0.674
05/01/2021 04:00,0.898727424,0.724352898
05/01/2021 05:00,0.934248047,0.75157969
05/01/2021 06:00,1.029458425,0.822097316
05/01/2021 07:00,1.381780718,1.0464079
05/01/2021 08:00,2.032962976,1.635453497
05/01/2021 09:00,2.21610034,1.782776553
05/01/2021 10:00,1.878046767,1.843577347
05/01/2021 11:00,1.745695844,1.942448536
05/01/2021 12:00,2.451543807,1.827463177
05/01/2021 13:00,2.201872979,1.771334127
05/01/2021 14:00,2.046184227,1.646075454
05/01/2021 15:00,1.915142863,1.548853932
05/01/2021 16:00,1.79005278,1.323923119
05/01/2021 17:00,1.739712242,1.429238489
05/01/2021 18:00,1.622831339,1.290083857
05/01/2021 19:00,1.364219692,1.234982488
05/01/2021 20:00,1.353680013,1.162246635
05/01/2021 21:00,1.321564361,1.077118933
05/01/2021 22:00,1.197650729,0.967521231
05/01/2021 23:00,1.007043521,0.703623323
06/01/2021 00:00,0.952640352,0.768880412
06/01/2021 01:00,0.923177183,0.745703401
06/01/2021 02:00,0.900435011,0.728403418
06/01/2021 03:00,0.674,0.704413158
06/01/2021 04:00,0.898720085,0.723060881
06/01/2021 05:00,0.90814514,0.716593212
06/01/2021 06:00,0.781912167,0.789219106
06/01/2021 07:00,1.278297459,1.182624176
06/01/2021 08:00,2.027335155,1.626207862
06/01/2021 09:00,2.215143958,1.782007214
06/01/2021 10:00,2.290525906,1.84273355
06/01/2021 11:00,1.47315,1.47315
06/01/2021 12:00,2.04626064,1.824954553
06/01/2021 13:00,1.829188765,1.77791692
06/01/2021 14:00,2.092695106,1.221298335
06/01/2021 15:00,1.91901544,1.569016585
06/01/2021 16:00,1.78801308,1.438820469
06/01/2021 17:00,1.734521818,1.44504861
06/01/2021 18:00,1.633415005,1.334451698
06/01/2021 19:00,1.336382083,0.699022273
06/01/2021 20:00,1.423622885,1.154872826
06/01/2021 21:00,1.315539802,1.058274875
06/01/2021 22:00,1.194383086,0.955256196
06/01/2021 23:00,1.102567694,0.749040206
07/01/2021 00:00,0.951685554,0.866480441
07/01/2021 01:00,0.923658855,0.674
07/01/2021 02:00,0.851370319,0.723407173
07/01/2021 03:00,0.886367097,0.712764951
07/01/2021 04:00,0.896426506,0.718041509
07/01/2021 05:00,0.888511178,0.714811466
07/01/2021 06:00,1.007360007,0.884072795
07/01/2021 07:00,1.465702479,1.179091276
07/01/2021 08:00,2.032442401,1.651124586
07/01/2021 09:00,2.308103827,1.749073899
07/01/2021 10:00,1.269408477,1.843100921
07/01/2021 11:00,2.467788572,1.434889808
07/01/2021 12:00,2.26871456,1.894103159
07/01/2021 13:00,2.201091775,1.770691566
07/01/2021 14:00,1.260365888,1.64534609
07/01/2021 15:00,1.917271122,1.542452026
07/01/2021 16:00,1.909960188,1.438968946
07/01/2021 17:00,1.734303864,1.411749238
07/01/2021 18:00,1.628038701,0.709697925
07/01/2021 19:00,0.960848323,1.234281677
07/01/2021 20:00,1.56695561,1.192248974
07/01/2021 21:00,1.314036903,1.057050988
07/01/2021 22:00,1.274264113,0.95890608
07/01/2021 23:00,1.000993015,0.708183997
08/01/2021 00:00,0.950804734,0.86993395
08/01/2021 01:00,0.91711236,0.739880542
08/01/2021 02:00,0.89901051,0.723197357
08/01/2021 03:00,0.887042744,0.712104819
08/01/2021 04:00,0.89960136,0.724121261
08/01/2021 05:00,0.674,0.714553297
08/01/2021 06:00,1.05699583,0.822034721
08/01/2021 07:00,1.465830547,1.17923821
08/01/2021 08:00,2.04145479,1.635056507
08/01/2021 09:00,2.228561169,1.755967787
08/01/2021 10:00,2.286333048,1.843291272
08/01/2021 11:00,2.418605505,1.940222914
08/01/2021 12:00,2.26939371,1.825592243
08/01/2021 13:00,2.2351276,1.349834719
08/01/2021 14:00,2.045716426,1.645628289
08/01/2021 15:00,2.034342564,1.023280059
08/01/2021 16:00,1.789150452,1.436944128
08/01/2021 17:00,1.736617667,1.713619507
08/01/2021 18:00,1.632542538,1.241571744
08/01/2021 19:00,1.521245514,1.234842821
08/01/2021 20:00,1.41320668,1.136813228
08/01/2021 21:00,1.329292135,1.044182045
08/01/2021 22:00,1.19086038,0.978385357
08/01/2021 23:00,1.023678976,0.804957378
09/01/2021 00:00,0.949905967,0.76404893
09/01/2021 01:00,0.918875809,0.739355153
09/01/2021 02:00,0.674,0.721927752
09/01/2021 03:00,0.884636467,0.711640613
09/01/2021 04:00,0.898121982,0.722453909
09/01/2021 05:00,0.889286373,0.715389169
09/01/2021 06:00,1.005572996,0.674
09/01/2021 07:00,1.467283959,0.674
09/01/2021 08:00,1.997184788,1.632549141
09/01/2021 09:00,2.224475209,1.789202244
09/01/2021 10:00,2.226749016,1.841629316
09/01/2021 11:00,1.47315,1.47315
09/01/2021 12:00,2.266524122,1.823425589
09/01/2021 13:00,2.198516436,1.914746915
09/01/2021 14:00,1.373938469,1.643230128
09/01/2021 15:00,1.910687686,1.539069949
09/01/2021 16:00,1.785511159,1.466186917
09/01/2021 17:00,1.730104197,1.282533882
09/01/2021 18:00,1.630937996,1.31202998
09/01/2021 19:00,1.625745503,0.674
09/01/2021 20:00,1.484459802,0.674
09/01/2021 21:00,1.309576177,1.052428356
09/01/2021 22:00,1.186618754,0.939684301
09/01/2021 23:00,0.996298188,0.765051765
10/01/2021 00:00,0.945189889,0.767734899
10/01/2021 01:00,0.868318747,0.702773113
10/01/2021 02:00,0.9878362,0.674
10/01/2021 03:00,0.880240946,0.707910576
10/01/2021 04:00,0.674,0.719188436
10/01/2021 05:00,0.894856236,0.71106856
10/01/2021 06:00,1.099917772,0.818440497
10/01/2021 07:00,1.462287283,1.149459623
10/01/2021 08:00,1.546209403,1.632804964
10/01/2021 09:00,2.212304667,1.77940515
10/01/2021 10:00,2.204327104,1.840848942
10/01/2021 11:00,1.47315,1.939277151
10/01/2021 12:00,2.266802466,1.47315
10/01/2021 13:00,2.199129733,1.772434936
10/01/2021 14:00,2.043667749,1.651613512
10/01/2021 15:00,1.914385857,1.540055832
10/01/2021 16:00,1.787437661,1.449558447
10/01/2021 17:00,1.785846959,1.377810954
10/01/2021 18:00,1.072393752,1.31398941
10/01/2021 19:00,1.535172256,1.269220383
10/01/2021 20:00,1.413558714,1.14025433
10/01/2021 21:00,1.314020161,1.057031385
10/01/2021 22:00,1.137291932,0.834494864
10/01/2021 23:00,1.004469958,0.76112007
11/01/2021 00:00,0.950649209,0.752127044
11/01/2021 01:00,0.920449552,0.740350544
11/01/2021 02:00,0.898776755,0.942675762
11/01/2021 03:00,0.851697071,0.674
11/01/2021 04:00,0.899110324,0.723310391
11/01/2021 05:00,0.908905908,0.674
11/01/2021 06:00,1.022032629,0.674
11/01/2021 07:00,1.462500345,1.179261717
11/01/2021 08:00,2.032732165,1.633150588
11/01/2021 09:00,2.215793865,1.784725699
11/01/2021 10:00,2.291444278,1.843698653
11/01/2021 11:00,2.412481398,1.880409713
11/01/2021 12:00,2.269492644,1.825712663
11/01/2021 13:00,2.201128633,1.771012444
11/01/2021 14:00,2.045818917,1.707567253
11/01/2021 15:00,1.800708782,1.481940296
11/01/2021 16:00,1.78917974,1.214400937
11/01/2021 17:00,1.736389113,1.397047938
11/01/2021 18:00,1.634641709,1.315165716
11/01/2021 19:00,1.534828851,0.674
11/01/2021 20:00,1.414666855,1.13793244
11/01/2021 21:00,1.315223709,1.056700362
11/01/2021 22:00,1.191356235,0.958428795
11/01/2021 23:00,1.000536194,0.793311588
12/01/2021 00:00,0.950711578,0.763335628
12/01/2021 01:00,0.922489082,0.674
12/01/2021 02:00,0.898852454,0.674
12/01/2021 03:00,0.980778218,0.895035181
12/01/2021 04:00,0.903199797,0.72348928
12/01/2021 05:00,0.919734484,0.739876549
12/01/2021 06:00,1.021726509,0.821974728
12/01/2021 07:00,1.465748776,1.179060603
12/01/2021 08:00,2.023942054,1.632180156
12/01/2021 09:00,2.215206707,1.782561996
12/01/2021 10:00,2.291680731,1.191918963
12/01/2021 11:00,2.386652087,1.998583097
12/01/2021 12:00,2.09682316,1.825650293
12/01/2021 13:00,1.964952012,1.826271173
12/01/2021 14:00,2.041626774,1.645622
12/01/2021 15:00,1.770215351,1.54167365
12/01/2021 16:00,1.746828792,1.439374624
12/01/2021 17:00,1.738648133,1.397017431
12/01/2021 18:00,1.63485926,1.201832791
12/01/2021 19:00,1.534876574,1.234646085
12/01/2021 20:00,1.413179799,1.138934823
12/01/2021 21:00,1.313387152,1.056697417
12/01/2021 22:00,1.189693948,0.674
12/01/2021 23:00,0.674,0.804766796
13/01/2021 00:00,0.976110157,0.779550162
13/01/2021 01:00,0.91880238,0.801848319
13/01/2021 02:00,0.899102609,0.727431246
13/01/2021 03:00,0.885844881,0.712635732
13/01/2021 04:00,0.898995685,0.723193971
13/01/2021 05:00,0.931407094,0.740323206
13/01/2021 06:00,1.021408422,0.821851016
13/01/2021 07:00,1.396628211,1.17870973
13/01/2021 08:00,2.032628007,1.635035076
13/01/2021 09:00,1.385055983,1.782482572
13/01/2021 10:00,2.291435736,1.843301183
13/01/2021 11:00,2.41333184,1.942103443
13/01/2021 12:00,2.269452045,1.825687247
13/01/2021 13:00,2.201408639,1.741501928
13/01/2021 14:00,2.071911701,1.523937656
13/01/2021 15:00,1.917358553,1.417414516
13/01/2021 16:00,1.789262461,1.439132377
13/01/2021 17:00,1.744069806,1.843144642
13/01/2021 18:00,1.58914214,1.314486021
13/01/2021 19:00,1.138725433,1.010623599
13/01/2021 20:00,1.413168251,1.13687399
13/01/2021 21:00,1.313390694,0.674
13/01/2021 22:00,1.196961613,1.050075166
13/01/2021 23:00,1.000981962,0.867843357
14/01/2021 00:00,0.948993276,0.742164419
14/01/2021 01:00,0.859033203,0.739819058
14/01/2021 02:00,0.898974629,0.723140871
14/01/2021 03:00,0.889861553,0.674
14/01/2021 04:00,0.899090234,0.713967212
14/01/2021 05:00,0.919718656,0.734626742
14/01/2021 06:00,1.020047745,0.819495231
14/01/2021 07:00,1.43903566,1.155498262
14/01/2021 08:00,2.032635163,0.674
14/01/2021 09:00,2.216375737,1.782480581
14/01/2021 10:00,2.291166186,1.902227374
14/01/2021 11:00,2.410408453,1.554966019
14/01/2021 12:00,2.269416224,1.850059777
14/01/2021 13:00,2.20173124,1.765987988
14/01/2021 14:00,2.047201911,1.64571223
14/01/2021 15:00,1.875512853,1.541548915
14/01/2021 16:00,1.789518121,1.440606167
14/01/2021 17:00,1.736654405,1.478812124
14/01/2021 18:00,1.634699819,1.316308185
14/01/2021 19:00,1.534820088,1.235206094
14/01/2021 20:00,1.412562298,1.192197956
14/01/2021 21:00,1.376005309,1.056489374
14/01/2021 22:00,1.105659809,0.957492062
14/01/2021 23:00,1.003300877,0.805277318
15/01/2021 00:00,0.950546178,0.674
15/01/2021 01:00,0.919209771,0.739382713
15/01/2021 02:00,0.898989351,0.723592591
15/01/2021 03:00,0.88575047,0.712808077
15/01/2021 04:00,0.89893176,0.723238707
15/01/2021 05:00,0.674,0.739958138
15/01/2021 06:00,0.73219512,0.822120994
15/01/2021 07:00,1.465814773,1.167317194
15/01/2021 08:00,2.035209977,1.635169064
15/01/2021 09:00,2.14189764,1.775868816
15/01/2021 10:00,2.291429631,1.250612611
15/01/2021 11:00,2.5323,1.942103646
15/01/2021 12:00,2.269267842,1.435346291
15/01/2021 13:00,2.200283394,1.770993657
15/01/2021 14:00,1.512009016,1.800131405
15/01/2021 15:00,1.916398457,0.71097227
15/01/2021 16:00,1.857882076,1.58566509
15/01/2021 17:00,1.730099937,1.392385171
15/01/2021 18:00,1.634635829,1.315359674
15/01/2021 19:00,1.534808724,1.551340691
15/01/2021 20:00,1.413730425,1.135957384
15/01/2021 21:00,1.619897633,1.060571848
15/01/2021 22:00,0.87369018,1.085466603
15/01/2021 23:00,1.000910013,1.359707661
16/01/2021 00:00,0.950796386,0.764524369
16/01/2021 01:00,0.692082067,0.739163043
16/01/2021 02:00,0.674,0.72306602
16/01/2021 03:00,0.885661957,0.712367794
16/01/2021 04:00,0.898846544,0.723090149
16/01/2021 05:00,0.916939323,0.720847076
16/01/2021 06:00,1.021752771,0.821852024
16/01/2021 07:00,1.465877319,1.16843985
16/01/2021 08:00,2.032829145,1.318048681
16/01/2021 09:00,2.186413912,1.737003991
16/01/2021 10:00,2.291876361,1.47315
16/01/2021 11:00,1.47315,1.941532454
16/01/2021 12:00,1.730593495,1.214913521
16/01/2021 13:00,2.144697843,1.770483267
16/01/2021 14:00,1.80204426,1.649403492
16/01/2021 15:00,1.921255986,1.271250578
16/01/2021 16:00,1.795048931,1.441801572
16/01/2021 17:00,1.742095388,1.401461394
16/01/2021 18:00,1.640449673,1.315823877
16/01/2021 19:00,1.541191507,1.239726214
16/01/2021 20:00,1.420105841,0.674
16/01/2021 21:00,1.320284747,1.058273935
16/01/2021 22:00,1.198878428,0.964429591
16/01/2021 23:00,1.008622909,0.674
17/01/2021 00:00,0.957563536,0.828502148
17/01/2021 01:00,0.926517268,0.745378754
17/01/2021 02:00,0.906156273,0.729016485
17/01/2021 03:00,1.33669459,0.718109641
17/01/2021 04:00,0.70261665,0.674
17/01/2021 05:00,0.925555704,0.674
17/01/2021 06:00,1.022187275,0.826419616
17/01/2021 07:00,1.472880551,1.183372168
17/01/2021 08:00,2.037555379,1.735706672
17/01/2021 09:00,1.853743528,1.090578719
17/01/2021 10:00,2.295756548,1.861723115
17/01/2021 11:00,1.47315,1.47315
17/01/2021 12:00,2.273241854,0.786513206
17/01/2021 13:00,2.202336732,1.790891857
17/01/2021 14:00,2.046506368,1.646341205
17/01/2021 15:00,1.914301506,1.542134776
17/01/2021 16:00,1.687045222,1.43971371
17/01/2021 17:00,1.737014686,1.397628198
17/01/2021 18:00,1.432035852,1.315407417
17/01/2021 19:00,1.531611554,1.230673901
17/01/2021 20:00,1.413374222,1.137028543
17/01/2021 21:00,1.313185954,1.394501899
17/01/2021 22:00,1.118190098,0.951097999
17/01/2021 23:00,0.674,0.806502859
18/01/2021 00:00,0.709703635,0.76474818
18/01/2021 01:00,0.855051572,0.737046825
18/01/2021 02:00,0.899036754,0.723154294
18/01/2021 03:00,0.885886638,0.713155002
18/01/2021 04:00,0.898837794,0.674
18/01/2021 05:00,0.919859291,0.836579203
18/01/2021 06:00,1.021827119,0.766247286
18/01/2021 07:00,1.106820349,0.674
18/01/2021 08:00,2.040264107,1.635353145
18/01/2021 09:00,2.225165311,1.782493469
18/01/2021 10:00,2.291396449,1.843319254
18/01/2021 11:00,2.406619141,1.942716021
18/01/2021 12:00,2.269551304,1.825308814
18/01/2021 13:00,2.201495807,1.771106021
18/01/2021 14:00,2.045813076,0.977632021
18/01/2021 15:00,1.916450689,1.541712705
18/01/2021 16:00,1.789337291,1.43953861
18/01/2021 17:00,1.736643275,1.397074736
18/01/2021 18:00,1.634676985,1.315154271
18/01/2021 19:00,1.530270807,1.229595989
18/01/2021 20:00,1.413620015,1.109921922
18/01/2021 21:00,1.31097019,1.053309406
18/01/2021 22:00,0.752873208,0.958424016
18/01/2021 23:00,1.000995753,0.805275476
19/01/2021 00:00,0.950515556,0.764654796
19/01/2021 01:00,0.94975528,0.739960122
19/01/2021 02:00,0.898986014,0.723132152
19/01/2021 03:00,0.885805632,0.712726694
19/01/2021 04:00,0.674,0.755939481
19/01/2021 05:00,0.919821196,0.739774839
19/01/2021 06:00,1.021378358,0.674
19/01/2021 07:00,1.447106849,0.674
19/01/2021 08:00,2.032617393,1.63517553
19/01/2021 09:00,2.29589812,1.78246827
19/01/2021 10:00,2.291369418,1.843635436
19/01/2021 11:00,2.412708026,1.9420859
19/01/2021 12:00,2.269437456,1.842975181
19/01/2021 13:00,2.201462723,1.822005361
19/01/2021 14:00,2.045782433,1.657171148
19/01/2021 15:00,1.890703852,0.903758515
19/01/2021 16:00,1.856125211,1.34256564
19/01/2021 17:00,1.736615825,1.397050952
19/01/2021 18:00,1.590891952,1.314997789
19/01/2021 19:00,1.534880813,1.23536306
19/01/2021 20:00,1.413071322,1.135702603
19/01/2021 21:00,1.313325808,0.922859684
19/01/2021 22:00,1.021935251,0.958522841
19/01/2021 23:00,1.000555013,0.805238841
20/01/2021 00:00,0.950525732,0.764670396
20/01/2021 01:00,0.919838199,0.674
20/01/2021 02:00,0.897848019,0.72328408
20/01/2021 03:00,0.885854698,0.772258782
20/01/2021 04:00,0.898701797,0.722477023
20/01/2021 05:00,0.919958056,0.743081323
20/01/2021 06:00,1.02179219,0.82218382
20/01/2021 07:00,1.408284305,0.793613589
20/01/2021 08:00,2.032627784,1.639763879
20/01/2021 09:00,2.215899584,0.973837405
20/01/2021 10:00,2.291481698,1.854211583
20/01/2021 11:00,2.414133409,1.942039826
20/01/2021 12:00,2.27060042,1.912240206
20/01/2021 13:00,2.215923429,1.765456979
20/01/2021 14:00,2.045784033,1.64589561
20/01/2021 15:00,1.881286981,1.54186535
20/01/2021 16:00,1.78924486,1.439407399
20/01/2021 17:00,1.552827604,1.397046431
20/01/2021 18:00,1.63466677,1.328533593
20/01/2021 19:00,1.534976467,1.248292738
20/01/2021 20:00,1.420234941,1.170519382
20/01/2021 21:00,1.313435212,1.056614687
20/01/2021 22:00,1.343502342,0.957832509
20/01/2021 23:00,1.000981026,0.805251923
21/01/2021 00:00,0.950279554,0.800215857
21/01/2021 01:00,0.919647746,0.827440976
21/01/2021 02:00,0.89899703,0.723405921
21/01/2021 03:00,1.201570987,0.728042766
21/01/2021 04:00,0.899007163,0.722508533
21/01/2021 05:00,0.915440011,0.674
21/01/2021 06:00,1.021956508,0.674
21/01/2021 07:00,1.465851476,1.209482438
21/01/2021 08:00,1.863737143,1.533638191
21/01/2021 09:00,2.215660395,1.618065691
21/01/2021 10:00,2.306988388,1.067754286
21/01/2021 11:00,2.414245863,1.942318317
21/01/2021 12:00,2.269454685,1.819541319
21/01/2021 13:00,2.202135586,1.770478392
21/01/2021 14:00,2.045813667,1.880708894
21/01/2021 15:00,1.896117212,1.541714954
21/01/2021 16:00,1.789217963,1.406311217
21/01/2021 17:00,1.736652781,1.420144121
21/01/2021 18:00,1.634695038,1.31505733
21/01/2021 19:00,1.398301408,1.2347955
21/01/2021 20:00,1.413231073,1.136900203
21/01/2021 21:00,1.31347718,0.674
21/01/2021 22:00,0.707891443,0.957808226
21/01/2021 23:00,1.00101842,0.805268126
22/01/2021 00:00,0.94985113,0.764936586
22/01/2021 01:00,0.9192181,0.739276945
22/01/2021 02:00,0.899002802,0.709800861
22/01/2021 03:00,1.231822886,0.712647042
22/01/2021 04:00,0.903412353,0.736389382
22/01/2021 05:00,0.919829607,0.674
22/01/2021 06:00,1.021803817,0.821996544
22/01/2021 07:00,1.464299724,1.179198184
22/01/2021 08:00,1.816054897,1.635168419
22/01/2021 09:00,2.215854061,1.782467424
22/01/2021 10:00,1.883679069,1.774265176
22/01/2021 11:00,2.274998382,1.957354772
22/01/2021 12:00,1.661046795,1.825140701
22/01/2021 13:00,2.187415158,1.770799675
22/01/2021 14:00,2.053668219,1.645759254
22/01/2021 15:00,1.91487433,1.54167846
22/01/2021 16:00,1.789226424,1.439368772
22/01/2021 17:00,1.330466669,1.39702934
22/01/2021 18:00,1.807305452,1.313295526
22/01/2021 19:00,1.544885898,1.237630322
22/01/2021 20:00,1.405113822,1.311130615
22/01/2021 21:00,1.31303565,0.674
22/01/2021 22:00,1.225146273,0.899845791
22/01/2021 23:00,1.012673486,0.805143495
23/01/2021 00:00,0.931830021,0.764515382
23/01/2021 01:00,0.707792682,0.674
23/01/2021 02:00,0.952804674,0.728804387
23/01/2021 03:00,0.674,0.712493642
23/01/2021 04:00,0.898846374,0.723085796
23/01/2021 05:00,0.919896642,0.739796197
23/01/2021 06:00,1.021758494,0.823481897
23/01/2021 07:00,1.411792798,0.959905866
23/01/2021 08:00,1.899781311,1.635262002
23/01/2021 09:00,2.238083286,1.782762066
23/01/2021 10:00,2.291915197,1.843794406
23/01/2021 11:00,2.416350267,1.47315
23/01/2021 12:00,1.47315,1.673964883
23/01/2021 13:00,2.205702836,1.774412656
23/01/2021 14:00,1.709671292,1.649428101
23/01/2021 15:00,1.318847117,1.545599559
23/01/2021 16:00,1.794261271,1.443444514
23/01/2021 17:00,1.742074779,1.401450752
23/01/2021 18:00,1.640457256,1.419840955
23/01/2021 19:00,1.540426991,1.239950043
23/01/2021 20:00,1.420773725,1.142428005
23/01/2021 21:00,1.493773634,0.674
23/01/2021 22:00,0.753718207,0.963878328
23/01/2021 23:00,1.008589285,0.811401209
24/01/2021 00:00,0.94460907,0.770678406
24/01/2021 01:00,0.925933159,0.746908258
24/01/2021 02:00,0.906677938,0.674
24/01/2021 03:00,0.674,0.718113858
24/01/2021 04:00,1.049802945,0.77745321
24/01/2021 05:00,0.925956793,0.78949861
24/01/2021 06:00,1.024353934,0.826512663
24/01/2021 07:00,1.441390341,1.183361464
24/01/2021 08:00,2.03791013,1.121177361
24/01/2021 09:00,2.220356279,1.786330202
24/01/2021 10:00,1.47315,1.862931154
24/01/2021 11:00,1.794683744,1.47315
24/01/2021 12:00,2.250729906,1.828743436
24/01/2021 13:00,2.179818457,1.771556206
24/01/2021 14:00,2.046439367,1.634683965
24/01/2021 15:00,1.91699084,1.542106177
24/01/2021 16:00,1.789794708,1.356873749
24/01/2021 17:00,1.738061517,1.397315476
24/01/2021 18:00,1.648246341,1.315230882
24/01/2021 19:00,1.508141884,1.233964039
24/01/2021 20:00,1.413870633,1.13762535
24/01/2021 21:00,1.313166102,1.042932994
24/01/2021 22:00,1.19865531,0.958620615
24/01/2021 23:00,1.001309422,0.805390323
25/01/2021 00:00,0.950567635,0.760962598
25/01/2021 01:00,0.919484829,0.739900572
25/01/2021 02:00,0.899059165,0.723252641
25/01/2021 03:00,0.886274283,0.708020015
25/01/2021 04:00,0.899044579,0.723248416
25/01/2021 05:00,0.919886715,0.740008858
25/01/2021 06:00,1.012703645,0.822447786
25/01/2021 07:00,1.430819726,1.179245355
25/01/2021 08:00,2.032677034,1.634773829
25/01/2021 09:00,2.215745659,1.782500081
25/01/2021 10:00,2.088482121,2.04403292
25/01/2021 11:00,2.364119482,1.94212885
25/01/2021 12:00,2.269453993,1.825629953
25/01/2021 13:00,2.202025474,1.771024722
25/01/2021 14:00,2.055425094,1.712142892
25/01/2021 15:00,1.916430378,1.541691802
25/01/2021 16:00,1.549252814,0.908025133
25/01/2021 17:00,1.736608888,1.397053278
25/01/2021 18:00,1.63469934,1.315144831
25/01/2021 19:00,1.531664667,0.674
25/01/2021 20:00,1.428581338,1.140656103
25/01/2021 21:00,1.179034968,1.055815279
25/01/2021 22:00,1.191242376,0.98403722
25/01/2021 23:00,1.552153451,0.852830759
26/01/2021 00:00,0.925298636,0.770068571
26/01/2021 01:00,0.918934005,0.739864681
26/01/2021 02:00,0.976454362,0.719292083
26/01/2021 03:00,0.885735242,0.712107851
26/01/2021 04:00,0.899098131,0.694007828
26/01/2021 05:00,0.919826241,0.723232207
26/01/2021 06:00,1.021754207,0.821993621
26/01/2021 07:00,1.465812854,1.170898443
26/01/2021 08:00,2.034240303,1.640174586
26/01/2021 09:00,2.215710325,1.781733245
26/01/2021 10:00,2.291357619,0.821668585
26/01/2021 11:00,2.33376029,1.942091558
26/01/2021 12:00,2.176276718,1.825638054
26/01/2021 13:00,2.201447712,1.725165633
26/01/2021 14:00,2.045770089,1.645753834
26/01/2021 15:00,1.40856995,1.541694352
26/01/2021 16:00,1.78540323,1.405641682
26/01/2021 17:00,1.744854664,1.400041705
26/01/2021 18:00,1.64480065,1.316543217
26/01/2021 19:00,1.534276072,1.211913782
26/01/2021 20:00,1.414604802,1.136719857
26/01/2021 21:00,1.313361793,1.113442381
26/01/2021 22:00,1.195524272,0.958023312
26/01/2021 23:00,0.993191641,0.674
27/01/2021 00:00,0.674,0.764706724
27/01/2021 01:00,0.919756434,0.739978136
27/01/2021 02:00,0.899020945,0.722989577
27/01/2021 03:00,0.674,0.770217206
27/01/2021 04:00,0.919417315,0.805324395
27/01/2021 05:00,0.919879248,0.739991861
27/01/2021 06:00,1.021817474,0.674
27/01/2021 07:00,0.685584688,1.040812796
27/01/2021 08:00,1.361509682,1.634829043
27/01/2021 09:00,2.215708337,1.784969913
27/01/2021 10:00,2.158347519,1.843304113
27/01/2021 11:00,2.410715279,1.959373526
27/01/2021 12:00,2.269390669,1.825646162
27/01/2021 13:00,2.199372656,1.770956269
27/01/2021 14:00,2.078312844,1.102607168
27/01/2021 15:00,1.91651419,1.01882877
27/01/2021 16:00,1.789196964,1.450619889
27/01/2021 17:00,1.736577343,1.397011604
27/01/2021 18:00,1.634635491,1.313536787
27/01/2021 19:00,1.534874828,1.234752103
27/01/2021 20:00,1.412403832,1.136133421
27/01/2021 21:00,1.313726821,1.057164498
27/01/2021 22:00,1.190272929,0.957713265
27/01/2021 23:00,0.999704973,0.802050735
28/01/2021 00:00,0.885675733,0.767592952
28/01/2021 01:00,0.674,0.674
28/01/2021 02:00,0.853188497,0.727267347
28/01/2021 03:00,0.885381064,0.712608144
28/01/2021 04:00,0.674,0.722992995
28/01/2021 05:00,0.919878932,0.739962638
28/01/2021 06:00,1.021814388,0.82189005
28/01/2021 07:00,1.46577086,1.179243098
28/01/2021 08:00,2.091028555,1.635193975
28/01/2021 09:00,1.710621207,1.782661459
28/01/2021 10:00,2.281507204,1.70107838
28/01/2021 11:00,2.414113995,1.94213636
28/01/2021 12:00,2.302114699,1.82563523
28/01/2021 13:00,2.201375778,1.770671398
28/01/2021 14:00,2.045223573,1.716218306
28/01/2021 15:00,1.916280378,1.541541032
28/01/2021 16:00,1.769362367,1.439177925
28/01/2021 17:00,1.573365924,1.396827467
28/01/2021 18:00,1.634350507,1.411223359
28/01/2021 19:00,1.534523787,1.234467106
28/01/2021 20:00,1.423135275,1.11222241
28/01/2021 21:00,1.31301661,1.042830109
28/01/2021 22:00,1.189898191,0.674
28/01/2021 23:00,0.991325601,0.797491365
29/01/2021 00:00,1.050541273,0.764252375
29/01/2021 01:00,0.919342092,0.739573722
29/01/2021 02:00,0.89866859,0.722960336
29/01/2021 03:00,0.674,0.712524308
29/01/2021 04:00,0.899257482,0.723251249
29/01/2021 05:00,0.919955668,0.714944285
29/01/2021 06:00,1.022253245,0.847266943
29/01/2021 07:00,1.466360198,1.179659769
29/01/2021 08:00,2.033371388,1.63525412
29/01/2021 09:00,2.216568739,1.783173789
29/01/2021 10:00,1.75496651,1.844122467
29/01/2021 11:00,2.414767301,1.94297228
29/01/2021 12:00,1.682859451,1.826493549
29/01/2021 13:00,2.183008007,1.771914353
29/01/2021 14:00,2.045271578,1.483727743
29/01/2021 15:00,1.279829009,1.542704658
29/01/2021 16:00,1.790297686,1.46101477
29/01/2021 17:00,1.73756136,1.400570227
29/01/2021 18:00,1.635441414,1.316202436
29/01/2021 19:00,0.824826045,1.235288387
29/01/2021 20:00,1.375525176,0.947831757
29/01/2021 21:00,1.313626234,1.056948663
29/01/2021 22:00,1.159410395,0.932695928
29/01/2021 23:00,0.984484163,0.791988665
30/01/2021 00:00,0.906246894,0.729390636
30/01/2021 01:00,0.903633935,0.686176421
30/01/2021 02:00,0.855508649,0.68819241
30/01/2021 03:00,0.839790285,0.681476347
30/01/2021 04:00,0.856870143,0.674
30/01/2021 05:00,0.917609142,0.674
30/01/2021 06:00,0.674,0.779464361
30/01/2021 07:00,1.471133311,1.155704318
30/01/2021 08:00,2.088214993,1.755940455
30/01/2021 09:00,1.681170871,1.834480992
30/01/2021 10:00,2.432275723,1.91215353
30/01/2021 11:00,1.47315,1.47315
30/01/2021 12:00,2.282045082,1.884548313
30/01/2021 13:00,2.373653361,1.831849908
30/01/2021 14:00,1.890313306,1.70728898
30/01/2021 15:00,1.997150374,1.607294236
30/01/2021 16:00,1.852204397,1.489976354
30/01/2021 17:00,1.591753319,1.432680315
30/01/2021 18:00,1.662355795,1.190845293
30/01/2021 19:00,1.346341481,1.234521678
30/01/2021 20:00,0.674,1.160503548
30/01/2021 21:00,1.272736318,0.674
30/01/2021 22:00,1.169510751,0.939122913
30/01/2021 23:00,1.007239725,0.769941314
31/01/2021 00:00,0.872427283,0.732361928
31/01/2021 01:00,0.894289207,0.728032289
31/01/2021 02:00,0.893805124,0.674
31/01/2021 03:00,0.855291205,0.674
31/01/2021 04:00,0.866694546,0.694761362
31/01/2021 05:00,0.942661898,0.755844687
31/01/2021 06:00,1.035969308,0.674
31/01/2021 07:00,1.44693976,1.164697397
31/01/2021 08:00,2.151035266,1.309244277
31/01/2021 09:00,2.349178353,1.890247201
31/01/2021 10:00,2.45943073,1.47315
31/01/2021 11:00,1.47315,1.741891403
31/01/2021 12:00,2.415984751,0.959483411
31/01/2021 13:00,2.352567774,1.892557435
31/01/2021 14:00,2.185570093,1.757883541
31/01/2021 15:00,1.767073804,1.635138183
31/01/2021 16:00,1.925363357,1.213514428
31/01/2021 17:00,1.707012735,1.482372435
31/01/2021 18:00,1.707897737,1.389124119
31/01/2021 19:00,1.558745173,1.020806422
31/01/2021 20:00,1.39679451,1.124017165
31/01/2021 21:00,1.286219884,0.959392476
31/01/2021 22:00,1.195531528,1.038686299
31/01/2021 23:00,1.033762598,0.865605728
01/02/2021 00:00,0.674,0.739438543
01/02/2021 01:00,0.889349792,0.715660457
01/02/2021 02:00,0.674,0.699072472
01/02/2021 03:00,0.867024603,0.697253372
01/02/2021 04:00,0.869015461,0.719298251
01/02/2021 05:00,0.993845258,0.787097972
01/02/2021 06:00,1.0822527,0.877088151
01/02/2021 07:00,1.438269654,1.157130446
01/02/2021 08:00,1.298622964,1.790140507
01/02/2021 09:00,2.452059465,1.613780711
01/02/2021 10:00,2.555950334,1.64073993
01/02/2021 11:00,2.584335822,2.079005086
01/02/2021 12:00,2.4887663,2.029113593
01/02/2021 13:00,2.430603581,1.955313697
01/02/2021 14:00,2.252912685,1.812388223
01/02/2021 15:00,2.136694161,1.72972986
01/02/2021 16:00,1.958959111,1.576007518
01/02/2021 17:00,1.365122283,1.324024838
01/02/2021 18:00,1.582976879,1.529305952
01/02/2021 19:00,1.520721212,1.223187655
01/02/2021 20:00,1.401686479,1.10598918
01/02/2021 21:00,0.731910285,0.976497844
01/02/2021 22:00,1.221485112,1.013387674
01/02/2021 23:00,1.007238065,0.810280143
02/02/2021 00:00,0.918921397,0.708776916
02/02/2021 01:00,0.875077718,0.715821803
02/02/2021 02:00,0.674,0.698425816
02/02/2021 03:00,0.917871033,0.804617524
02/02/2021 04:00,0.765304343,0.701541304
02/02/2021 05:00,0.979033363,0.786827101
02/02/2021 06:00,1.0480872,0.845599531
02/02/2021 07:00,1.438576493,1.15712669
02/02/2021 08:00,2.22554173,1.789144615
02/02/2021 09:00,2.429467754,1.292345989
02/02/2021 10:00,2.556646252,1.871560697
02/02/2021 11:00,2.585178126,2.083577968
02/02/2021 12:00,2.487757489,2.007357794
02/02/2021 13:00,2.195224293,1.953053543
02/02/2021 14:00,2.249058364,1.813453393
02/02/2021 15:00,2.137904858,1.080507643
02/02/2021 16:00,1.25317555,1.569895013
02/02/2021 17:00,1.857087537,1.494521119
02/02/2021 18:00,1.728219224,1.375951126
02/02/2021 19:00,1.617697267,1.224233292
02/02/2021 20:00,1.361651847,1.085363243
02/02/2021 21:00,1.153124648,0.977289292
02/02/2021 22:00,1.16157472,0.934546306
02/02/2021 23:00,0.974334255,0.783816878
03/02/2021 00:00,0.920006168,0.674
03/02/2021 01:00,0.674,0.716198817
03/02/2021 02:00,0.88866623,0.698674874
03/02/2021 03:00,0.866206239,0.697862064
03/02/2021 04:00,0.868425263,0.687360829
03/02/2021 05:00,0.97804386,0.786805496
03/02/2021 06:00,1.049066074,0.84500598
03/02/2021 07:00,1.431722008,1.191181707
03/02/2021 08:00,2.225630586,1.79097816
03/02/2021 09:00,2.40527971,1.649538343
03/02/2021 10:00,2.556710639,2.056773334
03/02/2021 11:00,2.5244432,2.073363693
03/02/2021 12:00,2.495308822,2.007299617
03/02/2021 13:00,2.431782984,1.95560176
03/02/2021 14:00,2.253722195,1.813801946
03/02/2021 15:00,2.137893602,1.71999792
03/02/2021 16:00,1.400907568,1.576974853
03/02/2021 17:00,1.868491304,1.494716386
03/02/2021 18:00,1.094510707,1.377643467
03/02/2021 19:00,1.567766255,1.234775123
03/02/2021 20:00,1.345326955,0.687633507
03/02/2021 21:00,1.214871516,0.977164313
03/02/2021 22:00,1.139394634,0.919438418
03/02/2021 23:00,0.974018,0.782869523
04/02/2021 00:00,0.674,0.74296004
04/02/2021 01:00,0.674,0.716141454
04/02/2021 02:00,0.868379203,0.678403044
04/02/2021 03:00,0.86618812,0.674
04/02/2021 04:00,0.674,0.698269991
04/02/2021 05:00,0.885036997,0.786781233
04/02/2021 06:00,0.674,0.844827161
04/02/2021 07:00,1.200679345,1.156698578
04/02/2021 08:00,1.844653958,1.790437548
04/02/2021 09:00,2.42924048,1.95447456
04/02/2021 10:00,2.556799591,2.042660602
04/02/2021 11:00,2.585199233,2.079825187
04/02/2021 12:00,2.495434474,1.97364827
04/02/2021 13:00,2.39952601,1.725092786
04/02/2021 14:00,2.254088469,1.796189101
04/02/2021 15:00,2.137873994,1.101042011
04/02/2021 16:00,2.036838309,1.581900473
04/02/2021 17:00,1.788089434,1.402938565
04/02/2021 18:00,1.635733479,0.932718386
04/02/2021 19:00,1.46945274,1.223470503
04/02/2021 20:00,1.375239957,0.942156204
04/02/2021 21:00,1.214296303,0.986210911
04/02/2021 22:00,1.142532066,0.822431812
04/02/2021 23:00,0.973542079,0.783150912
05/02/2021 00:00,0.919958044,0.740074846
05/02/2021 01:00,0.890708338,0.716181078
05/02/2021 02:00,0.867898375,0.69821398
05/02/2021 03:00,0.869553714,0.714117804
05/02/2021 04:00,0.86837002,0.698575591
05/02/2021 05:00,0.977568519,0.869280781
05/02/2021 06:00,0.674,0.943019499
05/02/2021 07:00,0.75651222,1.213117556
05/02/2021 08:00,2.225690746,1.790427845
05/02/2021 09:00,2.429495509,1.954468286
05/02/2021 10:00,2.556672772,2.056870417
05/02/2021 11:00,2.585176508,2.079691191
05/02/2021 12:00,2.489232397,2.007347647
05/02/2021 13:00,2.431692732,1.955839198
05/02/2021 14:00,1.638148343,1.813264761
05/02/2021 15:00,2.137854744,1.71482578
05/02/2021 16:00,1.958880509,1.432595841
05/02/2021 17:00,1.598311504,1.505989252
05/02/2021 18:00,1.388870022,1.377819531
05/02/2021 19:00,1.521717557,1.105995271
05/02/2021 20:00,1.320548629,1.084876385
05/02/2021 21:00,1.190488375,1.039364791
05/02/2021 22:00,1.14236055,0.916705509
05/02/2021 23:00,0.974795358,0.783283406
06/02/2021 00:00,0.918717183,0.739886289
06/02/2021 01:00,0.89012024,0.716136055
06/02/2021 02:00,1.589455127,0.6981316
06/02/2021 03:00,0.723815994,0.702123226
06/02/2021 04:00,0.868187397,0.698433277
06/02/2021 05:00,0.977813114,0.786656591
06/02/2021 06:00,0.845956237,0.844821503
06/02/2021 07:00,1.453710986,1.23179973
06/02/2021 08:00,2.258357405,1.790254609
06/02/2021 09:00,2.429331613,1.954334372
06/02/2021 10:00,2.556292646,1.925317066
06/02/2021 11:00,1.5203,1.5203
06/02/2021 12:00,2.494788935,2.006971056
06/02/2021 13:00,2.431183322,1.930845173
06/02/2021 14:00,2.253565036,1.809836103
06/02/2021 15:00,2.137265289,1.740940119
06/02/2021 16:00,1.95922882,1.57653037
06/02/2021 17:00,1.832610522,1.493591842
06/02/2021 18:00,1.712018126,1.377108872
06/02/2021 19:00,1.518533639,1.223633642
06/02/2021 20:00,1.34772418,1.083889714
06/02/2021 21:00,1.214050494,0.674
06/02/2021 22:00,1.142451251,0.674
06/02/2021 23:00,0.972862496,0.782647698
07/02/2021 00:00,0.919128391,0.674
07/02/2021 01:00,0.674,0.7155362
07/02/2021 02:00,0.820691971,0.674
07/02/2021 03:00,0.867329047,0.674
07/02/2021 04:00,0.867610205,0.693795735
07/02/2021 05:00,0.977598831,0.788345856
07/02/2021 06:00,1.04990046,0.844447855
07/02/2021 07:00,1.402802923,1.084171619
07/02/2021 08:00,2.227254432,1.789980802
07/02/2021 09:00,2.428979217,1.972464483
07/02/2021 10:00,2.556223346,1.973168769
07/02/2021 11:00,1.5203,1.991666661
07/02/2021 12:00,2.492994413,1.5203
07/02/2021 13:00,2.43133627,1.958724763
07/02/2021 14:00,2.252784183,1.910752892
07/02/2021 15:00,1.994882298,1.551106383
07/02/2021 16:00,1.954622734,1.571828178
07/02/2021 17:00,1.857218197,1.510272437
07/02/2021 18:00,1.712512702,1.377658852
07/02/2021 19:00,1.539293972,1.475045227
07/02/2021 20:00,1.366497337,1.011422176
07/02/2021 21:00,1.214992354,1.058378117
07/02/2021 22:00,1.142407241,0.919054465
07/02/2021 23:00,0.974004194,0.674
08/02/2021 00:00,0.674,0.770322087
08/02/2021 01:00,0.890344252,0.716153859
08/02/2021 02:00,0.868636013,0.674
08/02/2021 03:00,0.866160065,0.674
08/02/2021 04:00,0.806897181,0.674
08/02/2021 05:00,1.033942619,0.789733315
08/02/2021 06:00,1.050315973,0.848262204
08/02/2021 07:00,1.438469935,1.157155423
08/02/2021 08:00,2.22562104,1.645688099
08/02/2021 09:00,2.429619177,1.955020701
08/02/2021 10:00,2.556703973,2.056827683
08/02/2021 11:00,2.558412324,2.079711108
08/02/2021 12:00,2.495910891,1.98327695
08/02/2021 13:00,2.061681422,1.956120705
08/02/2021 14:00,2.254007518,1.813345235
08/02/2021 15:00,2.13788896,1.993208626
08/02/2021 16:00,1.960413226,1.576975472
08/02/2021 17:00,1.85686957,1.494075013
08/02/2021 18:00,1.712512194,1.377649019
08/02/2021 19:00,1.517669427,1.332025598
08/02/2021 20:00,1.327956529,1.10090711
08/02/2021 21:00,1.465601275,0.973520791
08/02/2021 22:00,1.142182363,0.919467977
08/02/2021 23:00,0.97354869,0.790977517
09/02/2021 00:00,0.919611402,0.73997617
09/02/2021 01:00,0.674,0.674
09/02/2021 02:00,0.854623787,0.691044038
09/02/2021 03:00,0.866116123,0.689635519
09/02/2021 04:00,0.868312638,0.69850255
09/02/2021 05:00,0.674,0.674
09/02/2021 06:00,1.050305711,0.941567337
09/02/2021 07:00,1.365436978,1.141620613
09/02/2021 08:00,2.225582987,1.433839549
09/02/2021 09:00,2.429511549,1.954276141
09/02/2021 10:00,2.558576023,2.058520149
09/02/2021 11:00,2.585189764,2.07961943
09/02/2021 12:00,1.968494865,2.007371129
09/02/2021 13:00,2.411426259,1.668327512
09/02/2021 14:00,2.044489729,1.793409547
09/02/2021 15:00,2.23051839,1.719464327
09/02/2021 16:00,1.960409368,1.576968274
09/02/2021 17:00,1.857217552,1.491556416
09/02/2021 18:00,1.712481137,1.472738272
09/02/2021 19:00,1.521733427,1.223517048
09/02/2021 20:00,1.34844062,0.947493657
09/02/2021 21:00,1.210018073,0.976743345
09/02/2021 22:00,1.142621941,0.919143931
09/02/2021 23:00,0.820575277,0.784664694
10/02/2021 00:00,0.918782627,0.712027579
10/02/2021 01:00,1.012886713,0.954609338
10/02/2021 02:00,0.868263606,0.674
10/02/2021 03:00,0.866114273,0.724122672
10/02/2021 04:00,0.674,0.698734624
10/02/2021 05:00,0.679666274,0.786717329
10/02/2021 06:00,1.020115168,0.844931119
10/02/2021 07:00,1.438410368,1.156993561
10/02/2021 08:00,2.219764957,1.790412627
10/02/2021 09:00,2.429510166,1.954454872
10/02/2021 10:00,2.554105033,2.056074473
10/02/2021 11:00,2.585622245,2.069650804
10/02/2021 12:00,2.495223505,2.00675959
10/02/2021 13:00,2.338673447,1.953714685
10/02/2021 14:00,2.254133494,1.813341218
10/02/2021 15:00,2.138144004,0.951745756
10/02/2021 16:00,1.930493394,1.577742194
10/02/2021 17:00,1.796565415,1.494074702
10/02/2021 18:00,1.716438749,1.357898177
10/02/2021 19:00,1.52173041,0.674
10/02/2021 20:00,0.789739889,1.084856781
10/02/2021 21:00,1.214761492,0.977194718
10/02/2021 22:00,1.14240821,0.910710185
10/02/2021 23:00,0.974102998,0.674
11/02/2021 00:00,0.919877852,0.739974731
11/02/2021 01:00,0.890149875,0.708636058
11/02/2021 02:00,0.868163649,0.698448174
11/02/2021 03:00,0.928592628,0.710279552
11/02/2021 04:00,0.868304157,0.674
11/02/2021 05:00,0.977945052,0.786768296
11/02/2021 06:00,1.050390697,0.844900479
11/02/2021 07:00,1.418000239,1.157257758
11/02/2021 08:00,2.169062155,1.434828481
11/02/2021 09:00,2.429513269,1.954585794
11/02/2021 10:00,2.60251676,2.056767893
11/02/2021 11:00,2.585186902,2.072167638
11/02/2021 12:00,2.495555436,1.764116337
11/02/2021 13:00,1.972859359,1.956243552
11/02/2021 14:00,2.254313533,1.813326076
11/02/2021 15:00,2.200001351,1.374659783
11/02/2021 16:00,1.960275269,1.524417985
11/02/2021 17:00,1.817717924,1.569723288
11/02/2021 18:00,1.713871918,1.377639597
11/02/2021 19:00,1.521674549,1.437242967
11/02/2021 20:00,1.348534976,1.231007681
11/02/2021 21:00,1.215080182,0.951554613
11/02/2021 22:00,1.142423216,0.9190322
11/02/2021 23:00,0.972722529,0.783183911
12/02/2021 00:00,0.674,0.740139555
12/02/2021 01:00,0.901027284,0.674
12/02/2021 02:00,0.867868693,0.674
12/02/2021 03:00,0.866081834,0.696749967
12/02/2021 04:00,0.845772977,0.698491629
12/02/2021 05:00,0.978434507,0.781581286
12/02/2021 06:00,0.97545093,0.675822026
12/02/2021 07:00,1.537174328,1.109289822
12/02/2021 08:00,2.336763551,1.790606056
12/02/2021 09:00,2.391195342,1.978983507
12/02/2021 10:00,2.556679402,2.056775217
12/02/2021 11:00,2.585185294,2.079706522
12/02/2021 12:00,2.359595689,2.049518967
12/02/2021 13:00,2.022380635,1.936282704
12/02/2021 14:00,2.254190479,1.539220433
12/02/2021 15:00,2.145125821,1.719913443
12/02/2021 16:00,1.898437125,1.576960567
12/02/2021 17:00,1.331824801,1.494160369
12/02/2021 18:00,1.712478712,1.37763305
12/02/2021 19:00,1.544214036,1.224163334
12/02/2021 20:00,1.351040314,1.084794512
12/02/2021 21:00,1.21287345,0.953429374
12/02/2021 22:00,1.142370269,0.918984426
12/02/2021 23:00,0.973527802,0.674
13/02/2021 00:00,1.03116674,0.674
13/02/2021 01:00,0.674,0.71577891
13/02/2021 02:00,0.703701001,0.697839122
13/02/2021 03:00,0.674,0.696787281
13/02/2021 04:00,0.868198862,0.75598424
13/02/2021 05:00,0.674,0.786580706
13/02/2021 06:00,1.050186184,0.844822415
13/02/2021 07:00,1.438415962,0.674
13/02/2021 08:00,2.219203993,1.790708849
13/02/2021 09:00,2.425957826,2.02377636
13/02/2021 10:00,2.5555463,1.86021871
13/02/2021 11:00,1.5203,1.5203
13/02/2021 12:00,2.494735785,2.006978443
13/02/2021 13:00,2.431174747,1.955776691
13/02/2021 14:00,2.250185655,1.741861587
13/02/2021 15:00,2.137344578,1.720335498
13/02/2021 16:00,1.960026252,1.576768169
13/02/2021 17:00,1.854339038,1.69825675
13/02/2021 18:00,1.042974571,1.377244426
13/02/2021 19:00,1.521044967,1.223646732
13/02/2021 20:00,0.941878282,1.084311357
13/02/2021 21:00,1.156601533,0.976662881
13/02/2021 22:00,1.141661556,0.918422751
13/02/2021 23:00,0.675366764,0.768715222
14/02/2021 00:00,0.924084164,0.674
14/02/2021 01:00,0.832963402,0.714287661
14/02/2021 02:00,0.867213277,0.674
14/02/2021 03:00,0.865380496,0.740879081
14/02/2021 04:00,0.732372309,0.697956802
14/02/2021 05:00,0.947110421,0.794296469
14/02/2021 06:00,1.049671757,0.844286513
14/02/2021 07:00,1.384692566,1.019357491
14/02/2021 08:00,2.224869853,1.74903992
14/02/2021 09:00,1.746907473,1.951916183
14/02/2021 10:00,2.556188151,2.056366187
14/02/2021 11:00,1.5203,1.5203
14/02/2021 12:00,2.494873886,2.005769306
14/02/2021 13:00,2.431216025,1.955925979
14/02/2021 14:00,2.25050226,1.5151492
14/02/2021 15:00,2.137852355,1.719143656
14/02/2021 16:00,2.016777288,1.576969624
14/02/2021 17:00,1.857229221,1.360403219
14/02/2021 18:00,1.66996077,1.377723027
14/02/2021 19:00,0.916655484,1.135768803
14/02/2021 20:00,1.348549773,1.08485583
14/02/2021 21:00,1.118565435,0.977625426
14/02/2021 22:00,1.142307546,0.919055204
14/02/2021 23:00,0.973761246,0.783415933
15/02/2021 00:00,0.919971019,0.740434395
15/02/2021 01:00,0.674,0.716169633
15/02/2021 02:00,1.241257352,0.6977891
15/02/2021 03:00,0.674,0.696973077
15/02/2021 04:00,0.868315364,0.698515824
15/02/2021 05:00,0.674,0.969907243
15/02/2021 06:00,1.162805929,0.844944997
15/02/2021 07:00,1.438417707,1.157159981
15/02/2021 08:00,2.224402268,1.790419965
15/02/2021 09:00,2.321418122,1.954537819
15/02/2021 10:00,2.556710967,2.038768986
15/02/2021 11:00,2.585329493,2.097554068
15/02/2021 12:00,2.495301807,2.007378939
15/02/2021 13:00,2.44488257,1.829408093
15/02/2021 14:00,2.28032749,1.813313431
15/02/2021 15:00,2.13850682,1.720053034
15/02/2021 16:00,1.960279274,1.408074179
15/02/2021 17:00,1.849690178,1.486742514
15/02/2021 18:00,1.699933613,1.376527581
15/02/2021 19:00,1.521750109,1.207263069
15/02/2021 20:00,0.679769397,1.084871839
15/02/2021 21:00,1.214766442,1.159658712
15/02/2021 22:00,1.130345389,0.9189857
15/02/2021 23:00,0.737383555,0.783376889
16/02/2021 00:00,0.919837637,0.74005097
16/02/2021 01:00,0.674,0.716146642
16/02/2021 02:00,0.867596501,0.698038425
16/02/2021 03:00,0.820890645,0.696762418
16/02/2021 04:00,0.794865247,0.698525825
16/02/2021 05:00,0.825997321,0.786851975
16/02/2021 06:00,1.079851112,0.837399002
16/02/2021 07:00,1.438302918,1.165838883
16/02/2021 08:00,2.225590063,1.840181445
16/02/2021 09:00,1.916702098,1.962740115
16/02/2021 10:00,2.557012047,2.057167867
16/02/2021 11:00,2.585153874,2.079694984
16/02/2021 12:00,2.49529166,2.013496317
16/02/2021 13:00,2.431283799,1.412960863
16/02/2021 14:00,1.648782627,1.822684074
16/02/2021 15:00,2.137882004,1.719540523
16/02/2021 16:00,1.958850884,1.557906116
16/02/2021 17:00,1.857216043,1.494061965
16/02/2021 18:00,1.712337802,1.388224756
16/02/2021 19:00,1.521733343,1.224165232
16/02/2021 20:00,0.785954569,1.062574871
16/02/2021 21:00,1.072106371,0.977226589
16/02/2021 22:00,1.142408633,0.919021687
16/02/2021 23:00,0.973271356,0.783166047
17/02/2021 00:00,0.919801484,0.739973414
17/02/2021 01:00,0.890235745,0.716161421
17/02/2021 02:00,0.868418524,0.698522551
17/02/2021 03:00,0.866100832,0.696643668
17/02/2021 04:00,0.898338652,0.698521154
17/02/2021 05:00,0.97794286,0.806312322
17/02/2021 06:00,1.076108026,0.846686768
17/02/2021 07:00,1.438415608,1.1569283
17/02/2021 08:00,2.225613038,1.588711931
17/02/2021 09:00,2.435561962,1.954431681
17/02/2021 10:00,2.556687402,2.027474303
17/02/2021 11:00,2.586817841,2.079696414
17/02/2021 12:00,2.470337289,1.339222122
17/02/2021 13:00,2.432242311,1.956225708
17/02/2021 14:00,2.229835253,1.813748517
17/02/2021 15:00,1.59881036,1.720243806
17/02/2021 16:00,1.959826482,1.577069658
17/02/2021 17:00,1.547559731,1.494005206
17/02/2021 18:00,1.72795115,1.37627128
17/02/2021 19:00,1.526293718,1.225651946
17/02/2021 20:00,1.348478757,1.079797634
17/02/2021 21:00,1.010981944,0.977309334
17/02/2021 22:00,1.142410227,1.071876608
17/02/2021 23:00,0.972930055,0.783199258
18/02/2021 00:00,0.939609819,0.739977554
18/02/2021 01:00,0.890231558,0.674
18/02/2021 02:00,0.868151945,0.698451064
18/02/2021 03:00,0.943565686,0.696865402
18/02/2021 04:00,0.853183019,0.718812462
18/02/2021 05:00,0.977943235,0.786466571
18/02/2021 06:00,0.708791484,0.844934062
18/02/2021 07:00,1.438410498,1.157149835
18/02/2021 08:00,2.225596132,1.836475371
18/02/2021 09:00,2.429506046,1.943841122
18/02/2021 10:00,2.556537352,2.056761895
18/02/2021 11:00,2.585198323,2.079703972
18/02/2021 12:00,2.49529805,1.987451064
18/02/2021 13:00,2.431720496,1.950986168
18/02/2021 14:00,2.254210241,1.813348522
18/02/2021 15:00,2.137885677,1.722787508
18/02/2021 16:00,1.564132019,1.577097176
18/02/2021 17:00,1.857213436,1.494764286
18/02/2021 18:00,1.712281596,1.377665965
18/02/2021 19:00,1.521768203,1.22417821
18/02/2021 20:00,1.348633325,1.08522174
18/02/2021 21:00,1.209906601,0.979595206
18/02/2021 22:00,1.140721909,0.921831704
18/02/2021 23:00,0.997320922,0.783135529
19/02/2021 00:00,0.92094672,0.761324578
19/02/2021 01:00,0.890143554,0.716167959
19/02/2021 02:00,0.703604388,0.698275015
19/02/2021 03:00,0.866064222,0.674
19/02/2021 04:00,0.868305127,0.696821967
19/02/2021 05:00,0.944170248,0.787169987
19/02/2021 06:00,0.971484096,0.844889128
19/02/2021 07:00,0.774382563,1.159563073
19/02/2021 08:00,1.754903676,1.791060706
19/02/2021 09:00,2.429503817,1.954431434
19/02/2021 10:00,2.557075417,2.073941256
19/02/2021 11:00,2.644439715,2.081735139
19/02/2021 12:00,2.495282333,2.012862023
19/02/2021 13:00,2.431544697,1.956080962
19/02/2021 14:00,2.254060972,1.813330684
19/02/2021 15:00,2.137860356,1.719842131
19/02/2021 16:00,1.396777592,1.576224533
19/02/2021 17:00,1.83477634,1.2457442
19/02/2021 18:00,1.712472336,1.18365241
19/02/2021 19:00,1.521720267,0.674
19/02/2021 20:00,1.348463859,1.084894627
19/02/2021 21:00,0.827507054,0.674
19/02/2021 22:00,1.089818722,0.674
19/02/2021 23:00,0.973542241,0.783219816
20/02/2021 00:00,0.722340283,0.739706104
20/02/2021 01:00,0.890175554,0.715976516
20/02/2021 02:00,0.867838817,0.806828196
20/02/2021 03:00,0.87811693,0.684104472
20/02/2021 04:00,0.868170662,0.700046811
20/02/2021 05:00,0.97781836,0.786629002
20/02/2021 06:00,1.014999196,0.845220009
20/02/2021 07:00,1.43826621,1.179073559
20/02/2021 08:00,2.225448049,1.108352145
20/02/2021 09:00,2.429327801,1.95461964
20/02/2021 10:00,1.5203,1.5203
20/02/2021 11:00,2.515894507,1.493345915
20/02/2021 12:00,2.485518343,1.354762128
20/02/2021 13:00,2.420370318,2.079933656
20/02/2021 14:00,2.253521497,1.812937466
20/02/2021 15:00,1.909996818,1.71941949
20/02/2021 16:00,1.956182176,1.510480796
20/02/2021 17:00,1.856602553,1.493044133
20/02/2021 18:00,1.464492078,1.376954659
20/02/2021 19:00,1.521068011,0.836544503
20/02/2021 20:00,1.347617296,1.005786022
20/02/2021 21:00,1.213705564,0.976657426
20/02/2021 22:00,1.153088292,0.935939409
20/02/2021 23:00,0.972549258,0.77826575
21/02/2021 00:00,0.972660433,0.739377962
21/02/2021 01:00,0.891033949,0.715740785
21/02/2021 02:00,0.8780638,0.697668375
21/02/2021 03:00,0.86539468,0.696171725
21/02/2021 04:00,0.867696225,0.697949703
21/02/2021 05:00,0.977195946,0.674
21/02/2021 06:00,1.060108223,0.84434748
21/02/2021 07:00,1.437841194,0.754143463
21/02/2021 08:00,2.204494532,1.789988299
21/02/2021 09:00,2.428989282,1.886884887
21/02/2021 10:00,2.556219673,2.05570513
21/02/2021 11:00,1.5203,1.5203
21/02/2021 12:00,2.499643573,2.011506985
21/02/2021 13:00,2.450564524,1.955942173
21/02/2021 14:00,2.253177829,1.816811338
21/02/2021 15:00,1.269220977,1.719780428
21/02/2021 16:00,1.963774731,1.576391146
21/02/2021 17:00,1.857128584,1.494056789
21/02/2021 18:00,1.712508422,1.424387273
21/02/2021 19:00,1.489330762,1.277993634
21/02/2021 20:00,1.348542513,0.988003062
21/02/2021 21:00,1.214787272,0.976788606
21/02/2021 22:00,1.107992651,0.919048108
21/02/2021 23:00,0.972257801,0.783535551
22/02/2021 00:00,0.919853907,0.739462648
22/02/2021 01:00,0.889472493,0.716273754
22/02/2021 02:00,0.852892202,0.699157463
22/02/2021 03:00,0.674,0.696768515
22/02/2021 04:00,0.815778892,0.699581705
22/02/2021 05:00,0.674,0.786732583
22/02/2021 06:00,1.049732781,0.845275844
22/02/2021 07:00,1.133481718,1.157135748
22/02/2021 08:00,2.225625389,1.515674661
22/02/2021 09:00,2.429625709,1.954454148
22/02/2021 10:00,2.556391457,2.056923978
22/02/2021 11:00,2.585150766,2.078404975
22/02/2021 12:00,2.49685696,1.446484932
22/02/2021 13:00,2.222727962,1.956204278
22/02/2021 14:00,2.249029537,1.813368378
22/02/2021 15:00,2.124746329,1.619734832
22/02/2021 16:00,1.960174848,1.576965243
22/02/2021 17:00,1.828080481,1.494083521
22/02/2021 18:00,1.712122824,1.377627341
22/02/2021 19:00,1.521718916,1.224273204
22/02/2021 20:00,1.348509233,1.084744865
22/02/2021 21:00,1.214710479,0.977219991
22/02/2021 22:00,1.142389629,0.919013126
22/02/2021 23:00,0.972978951,0.674
23/02/2021 00:00,0.828718719,0.73998641
23/02/2021 01:00,0.890238365,0.694161117
23/02/2021 02:00,0.864007284,0.803166074
23/02/2021 03:00,0.867999414,0.696761039
23/02/2021 04:00,0.868329904,0.683411097
23/02/2021 05:00,0.99955455,0.786747052
23/02/2021 06:00,1.050320929,0.674
23/02/2021 07:00,1.438553097,1.159187815
23/02/2021 08:00,2.225589032,1.783683726
23/02/2021 09:00,2.411017374,1.954472248
23/02/2021 10:00,2.543384632,2.056596358
23/02/2021 11:00,2.585209222,2.079707685
23/02/2021 12:00,2.495296654,2.00641236
23/02/2021 13:00,1.799132711,1.956228951
23/02/2021 14:00,2.217779682,1.81334318
23/02/2021 15:00,2.137901718,1.719821573
23/02/2021 16:00,1.952169556,1.602176704
23/02/2021 17:00,1.857196891,1.494047582
23/02/2021 18:00,1.712525605,1.379302913
23/02/2021 19:00,1.52196553,1.223966117
23/02/2021 20:00,1.38218675,1.084730355
23/02/2021 21:00,1.211767107,0.977202021
23/02/2021 22:00,0.945388096,0.919166283
23/02/2021 23:00,0.973531425,0.676598255
24/02/2021 00:00,0.930224911,0.84864298
24/02/2021 01:00,0.858300477,0.716162048
24/02/2021 02:00,0.868197756,0.674
24/02/2021 03:00,0.871590133,0.698918291
24/02/2021 04:00,0.863565051,0.674
24/02/2021 05:00,0.977985353,0.674
24/02/2021 06:00,0.674,0.848727735
24/02/2021 07:00,1.4384308,1.163048895
24/02/2021 08:00,2.669637461,1.79062656
24/02/2021 09:00,2.39449175,2.036879449
24/02/2021 10:00,2.556934014,2.057874944
24/02/2021 11:00,2.508463591,1.971225826
24/02/2021 12:00,2.495299031,2.007269086
24/02/2021 13:00,2.431718381,1.814935017
24/02/2021 14:00,2.254146537,1.813188721
24/02/2021 15:00,2.138204037,1.719880642
24/02/2021 16:00,1.960318478,1.207130226
24/02/2021 17:00,1.648661281,1.494068344
24/02/2021 18:00,1.981698658,1.471866963
24/02/2021 19:00,1.53492178,0.674
24/02/2021 20:00,1.34849524,1.084818736
24/02/2021 21:00,1.182805558,0.977210411
24/02/2021 22:00,1.115756965,0.908727899
24/02/2021 23:00,0.970247136,0.818388163
25/02/2021 00:00,0.919814222,0.732332301
25/02/2021 01:00,0.890217046,0.716137828
25/02/2021 02:00,0.674,0.698624465
25/02/2021 03:00,0.86606029,0.696708475
25/02/2021 04:00,0.839531574,0.698602296
25/02/2021 05:00,0.955339753,0.710919479
25/02/2021 06:00,1.050160418,0.750504886
25/02/2021 07:00,1.438133809,1.106031479
25/02/2021 08:00,2.2254708,1.789919204
25/02/2021 09:00,2.360364618,1.95424061
25/02/2021 10:00,2.563963738,2.056516096
25/02/2021 11:00,2.584839235,2.103767584
25/02/2021 12:00,1.871342663,2.006672679
25/02/2021 13:00,2.42810214,1.955898801
25/02/2021 14:00,2.374708428,1.813048397
25/02/2021 15:00,2.137258738,1.115275586
25/02/2021 16:00,2.392147643,1.632954215
25/02/2021 17:00,1.856777825,1.494293493
25/02/2021 18:00,1.709475854,1.377228826
25/02/2021 19:00,1.526154117,1.227817241
25/02/2021 20:00,1.340542265,1.090091706
25/02/2021 21:00,1.214093033,0.976586409
25/02/2021 22:00,1.141407635,0.857214032
25/02/2021 23:00,0.972138197,0.782198663
26/02/2021 00:00,0.918069555,0.674
26/02/2021 01:00,0.692249418,0.747596459
26/02/2021 02:00,0.866351604,0.698664362
26/02/2021 03:00,0.708984239,0.788686507
26/02/2021 04:00,0.883022763,0.696435394
26/02/2021 05:00,0.900255603,0.674
26/02/2021 06:00,1.104522979,0.844708085
26/02/2021 07:00,1.334570452,0.674
26/02/2021 08:00,1.995892259,1.769698787
26/02/2021 09:00,2.430200913,1.95177023
26/02/2021 10:00,2.55345973,2.054232581
26/02/2021 11:00,2.575838128,2.077873105
26/02/2021 12:00,2.396249833,2.124424486
26/02/2021 13:00,2.430213673,1.960155705
26/02/2021 14:00,2.296990797,1.813087621
26/02/2021 15:00,2.094898877,1.45857576
26/02/2021 16:00,1.962652805,1.578461622
26/02/2021 17:00,1.859986594,1.496319072
26/02/2021 18:00,1.71634965,1.38071879
26/02/2021 19:00,1.541481915,1.240352737
26/02/2021 20:00,1.310344776,0.91450811
26/02/2021 21:00,1.27771096,1.027876258
26/02/2021 22:00,1.146411177,0.922233302
26/02/2021 23:00,0.906435703,0.729913035
27/02/2021 00:00,0.906163518,0.674
27/02/2021 01:00,0.674,0.732464541
27/02/2021 02:00,0.812185731,0.674
27/02/2021 03:00,0.674,0.674
27/02/2021 04:00,0.718524995,0.776369635
27/02/2021 05:00,0.997274204,0.802230629
27/02/2021 06:00,0.909294212,0.674
27/02/2021 07:00,1.258475972,0.984695109
27/02/2021 08:00,2.002183519,1.018089223
27/02/2021 09:00,2.233411068,1.828161808
27/02/2021 10:00,2.3670413,1.5203
27/02/2021 11:00,1.5203,1.393521546
27/02/2021 12:00,2.32074366,1.867084468
27/02/2021 13:00,1.318113916,1.835980054
27/02/2021 14:00,2.106434952,1.694534288
27/02/2021 15:00,1.418412865,1.141268671
27/02/2021 16:00,1.376662556,1.107478115
27/02/2021 17:00,1.524457175,1.072218779
27/02/2021 18:00,1.419746592,1.10048144
27/02/2021 19:00,0.674,1.12766063
27/02/2021 20:00,1.31873163,1.17893402
27/02/2021 21:00,1.164199141,0.969045755
27/02/2021 22:00,1.172961916,0.774702016
27/02/2021 23:00,0.992987189,0.771041284
28/02/2021 00:00,0.932854436,0.750533036
28/02/2021 01:00,0.756416507,0.984067634
28/02/2021 02:00,0.674,0.69506507
28/02/2021 03:00,0.923273515,0.684122678
28/02/2021 04:00,0.889021698,0.71534064
28/02/2021 05:00,0.973817759,0.795851231
28/02/2021 06:00,0.918597616,0.740100974
28/02/2021 07:00,1.12922634,1.015455164
28/02/2021 08:00,1.984571165,1.594915149
28/02/2021 09:00,2.212853606,1.422104962
28/02/2021 10:00,2.373347935,1.894738693
28/02/2021 11:00,1.5203,1.5203
28/02/2021 12:00,2.33123978,1.875434233
28/02/2021 13:00,2.236478446,1.637209145
28/02/2021 14:00,2.173793859,1.748552356
28/02/2021 15:00,2.050533158,1.777421309
28/02/2021 16:00,1.852209542,0.868938553
28/02/2021 17:00,1.756622466,1.413021309
28/02/2021 18:00,1.640157664,1.319353088
28/02/2021 19:00,1.266633062,0.674
28/02/2021 20:00,1.392601154,1.120296526
28/02/2021 21:00,1.32153061,1.001967633
28/02/2021 22:00,1.084762858,0.872662923
28/02/2021 23:00,0.674,0.745452292
01/03/2021 00:00,0.868588348,0.699338737
01/03/2021 01:00,0.841124308,0.67675679
01/03/2021 02:00,0.674,0.674
01/03/2021 03:00,0.674,0.674
01/03/2021 04:00,0.81722914,0.674
01/03/2021 05:00,0.957162413,0.724454544
01/03/2021 06:00,0.987328293,0.674
01/03/2021 07:00,1.30392286,1.048948223
01/03/2021 08:00,2.003393369,1.633676594
01/03/2021 09:00,2.268482619,1.824927348
01/03/2021 10:00,2.407068691,2.083891005
01/03/2021 11:00,2.472293167,1.588728048
01/03/2021 12:00,2.375352988,1.909753603
01/03/2021 13:00,2.292993254,1.900222904
01/03/2021 14:00,2.188965841,1.760879416
01/03/2021 15:00,2.06437503,1.660692612
01/03/2021 16:00,1.831800222,1.064842231
01/03/2021 17:00,1.767908086,1.422148869
01/03/2021 18:00,1.639654639,1.304775614
01/03/2021 19:00,1.515511561,1.216829078
01/03/2021 20:00,1.349160929,0.674
01/03/2021 21:00,1.225418756,0.964428453
01/03/2021 22:00,1.090335917,0.876729034
01/03/2021 23:00,0.91650381,0.785642241
02/03/2021 00:00,0.904734125,0.702422649
02/03/2021 01:00,0.842567338,0.674
02/03/2021 02:00,0.815996649,0.674
02/03/2021 03:00,0.798077871,0.674
02/03/2021 04:00,0.815540418,0.674
02/03/2021 05:00,0.904916164,0.674
02/03/2021 06:00,0.987249733,0.794209623
02/03/2021 07:00,1.300901313,1.046622543
02/03/2021 08:00,1.999970372,1.608903385
02/03/2021 09:00,2.264971355,1.822025217
02/03/2021 10:00,2.404314126,1.730879891
02/03/2021 11:00,2.295439828,1.997128062
02/03/2021 12:00,2.37715368,1.909872556
02/03/2021 13:00,2.358742627,1.897280443
02/03/2021 14:00,2.185790264,1.758323752
02/03/2021 15:00,2.058736302,1.655969437
02/03/2021 16:00,1.858348814,1.495632215
02/03/2021 17:00,1.764272454,1.417902224
02/03/2021 18:00,1.649205457,1.317307304
02/03/2021 19:00,1.529932332,1.00626836
02/03/2021 20:00,1.402252081,1.153749415
02/03/2021 21:00,1.203230131,0.969641956
02/03/2021 22:00,1.086163682,0.873870794
02/03/2021 23:00,0.897180712,0.734721942
03/03/2021 00:00,0.869119662,0.699173179
03/03/2021 01:00,0.767008161,0.675150815
03/03/2021 02:00,0.813236008,0.674
03/03/2021 03:00,0.801198562,0.674
03/03/2021 04:00,0.767431506,0.718842284
03/03/2021 05:00,0.845723163,0.740508577
03/03/2021 06:00,0.957062348,1.376697229
03/03/2021 07:00,1.301806252,1.047342214
03/03/2021 08:00,2.009275662,1.097206337
03/03/2021 09:00,2.266572355,1.82220516
03/03/2021 10:00,2.405947568,1.936941083
03/03/2021 11:00,2.417528388,1.987363362
03/03/2021 12:00,2.373960587,1.81315885
03/03/2021 13:00,2.361000963,1.899238625
03/03/2021 14:00,2.224377833,1.759990935
03/03/2021 15:00,2.061955372,1.113309676
03/03/2021 16:00,1.859557843,1.495905853
03/03/2021 17:00,1.758180001,1.414286208
03/03/2021 18:00,1.657403542,1.330052623
03/03/2021 19:00,1.530703986,0.674
03/03/2021 20:00,1.403459485,1.127357303
03/03/2021 21:00,1.285575754,0.957987539
03/03/2021 22:00,1.087227349,0.967863933
03/03/2021 23:00,0.913383319,0.734786259
04/03/2021 00:00,0.869513693,0.699320337
04/03/2021 01:00,0.839949629,0.674
04/03/2021 02:00,0.813655795,0.674
04/03/2021 03:00,0.725058716,0.674
04/03/2021 04:00,0.813593216,0.674
04/03/2021 05:00,0.903476526,0.726777573
04/03/2021 06:00,0.987769096,0.794496366
04/03/2021 07:00,1.446907096,1.047860547
04/03/2021 08:00,2.008005706,1.605355964
04/03/2021 09:00,2.238041394,1.041533518
04/03/2021 10:00,2.407698785,1.935916295
04/03/2021 11:00,2.469118925,1.987975499
04/03/2021 12:00,1.502551611,1.631332219
04/03/2021 13:00,2.361601178,1.899694557
04/03/2021 14:00,2.188243238,1.687872568
04/03/2021 15:00,2.058871026,1.656293746
04/03/2021 16:00,1.824864614,1.592235218
04/03/2021 17:00,1.76168783,1.226549136
04/03/2021 18:00,1.645551236,1.324221792
04/03/2021 19:00,1.53040806,0.982873236
04/03/2021 20:00,1.383783325,1.128841265
04/03/2021 21:00,1.126381643,0.903465876
04/03/2021 22:00,1.079836929,0.873460019
04/03/2021 23:00,0.85442141,0.731321956
05/03/2021 00:00,0.735498627,0.674
05/03/2021 01:00,0.674,0.674
05/03/2021 02:00,0.725064195,0.674
05/03/2021 03:00,0.805625591,0.674
05/03/2021 04:00,0.741596236,0.674
05/03/2021 05:00,0.939373125,0.726700603
05/03/2021 06:00,0.987833474,0.798631797
05/03/2021 07:00,1.282484206,0.981795787
05/03/2021 08:00,2.002195209,1.610626086
05/03/2021 09:00,2.267302231,1.823953987
05/03/2021 10:00,2.401387007,1.919645168
05/03/2021 11:00,1.875010319,1.919482996
05/03/2021 12:00,2.407469505,1.910385311
05/03/2021 13:00,2.361595343,1.915407554
05/03/2021 14:00,2.188360932,1.663591018
05/03/2021 15:00,2.058986884,1.612721754
05/03/2021 16:00,0.94046762,1.495901821
05/03/2021 17:00,1.967652416,1.448614363
05/03/2021 18:00,1.652148821,1.323882566
05/03/2021 19:00,1.530545094,1.061854255
05/03/2021 20:00,1.403308093,1.128554944
05/03/2021 21:00,1.190634889,0.959357857
05/03/2021 22:00,1.066542577,0.874027788
05/03/2021 23:00,0.922243883,0.732627273
06/03/2021 00:00,0.869760255,0.707655069
06/03/2021 01:00,0.827703539,0.676117825
06/03/2021 02:00,0.751616036,0.674
06/03/2021 03:00,0.894824406,0.674
06/03/2021 04:00,0.814619855,0.674
06/03/2021 05:00,0.90378883,0.710867548
06/03/2021 06:00,0.674,0.795008309
06/03/2021 07:00,1.274552894,1.048177066
06/03/2021 08:00,1.998018311,1.610918284
06/03/2021 09:00,2.26775484,1.804465724
06/03/2021 10:00,1.6376,1.933286585
06/03/2021 11:00,2.265394563,1.6376
06/03/2021 12:00,2.375796724,1.911267875
06/03/2021 13:00,2.128252697,1.900674321
06/03/2021 14:00,2.174245508,1.761602274
06/03/2021 15:00,2.063354591,1.659020834
06/03/2021 16:00,1.860676218,1.500555627
06/03/2021 17:00,1.764272548,0.674
06/03/2021 18:00,1.647015394,1.264197815
06/03/2021 19:00,1.531942731,1.232367017
06/03/2021 20:00,1.440779259,1.13012869
06/03/2021 21:00,1.452731296,0.958568073
06/03/2021 22:00,1.075084322,0.969526974
06/03/2021 23:00,0.914240595,0.735899848
07/03/2021 00:00,0.867831881,0.674
07/03/2021 01:00,0.841161689,0.674
07/03/2021 02:00,0.674,0.674
07/03/2021 03:00,0.802812535,0.674
07/03/2021 04:00,0.815385279,0.674
07/03/2021 05:00,0.910732963,0.701291837
07/03/2021 06:00,0.838892582,0.795654663
07/03/2021 07:00,0.898837538,0.674
07/03/2021 08:00,0.93905112,1.409457125
07/03/2021 09:00,2.268323702,1.824679394
07/03/2021 10:00,1.6376,1.401296314
07/03/2021 11:00,2.469264582,1.6376
07/03/2021 12:00,2.377830659,1.878468811
07/03/2021 13:00,2.362445577,1.902564349
07/03/2021 14:00,2.221067905,1.779209379
07/03/2021 15:00,1.514256835,1.66080235
07/03/2021 16:00,1.922425693,1.489163166
07/03/2021 17:00,1.763476164,1.414759873
07/03/2021 18:00,1.74465729,1.295055406
07/03/2021 19:00,1.530730567,1.248476227
07/03/2021 20:00,1.26446403,1.055792427
07/03/2021 21:00,1.190044765,0.674
07/03/2021 22:00,1.086904423,0.872680757
07/03/2021 23:00,0.913652251,0.734997622
08/03/2021 00:00,0.869404245,0.701112447
08/03/2021 01:00,0.839399387,0.675249942
08/03/2021 02:00,0.813117066,0.674
08/03/2021 03:00,0.674,0.674
08/03/2021 04:00,0.813469866,0.674
08/03/2021 05:00,1.126543224,0.773759417
08/03/2021 06:00,0.987368015,0.75970664
08/03/2021 07:00,1.302039046,1.047442946
08/03/2021 08:00,2.000895236,1.708364575
08/03/2021 09:00,2.266327235,1.825129087
08/03/2021 10:00,1.382716537,1.810828632
08/03/2021 11:00,2.470802688,1.987685448
08/03/2021 12:00,1.811894882,1.926523176
08/03/2021 13:00,2.361993248,1.903363992
08/03/2021 14:00,2.196740551,1.76058585
08/03/2021 15:00,2.058748372,1.656175191
08/03/2021 16:00,1.762236679,1.495714273
08/03/2021 17:00,1.763537239,1.417916617
08/03/2021 18:00,1.645641534,1.335270911
08/03/2021 19:00,1.53091814,1.231477142
08/03/2021 20:00,1.497231081,1.129220387
08/03/2021 21:00,0.966228404,0.958289489
08/03/2021 22:00,1.694777274,0.874420447
08/03/2021 23:00,0.913983635,0.735157658
09/03/2021 00:00,0.87003739,0.674
09/03/2021 01:00,0.839538332,0.67629424
09/03/2021 02:00,0.814510574,0.674
09/03/2021 03:00,0.802782115,0.674
09/03/2021 04:00,0.674,0.693679113
09/03/2021 05:00,0.844221258,0.723592606
09/03/2021 06:00,1.014275468,0.795796986
09/03/2021 07:00,1.304491583,1.16159305
09/03/2021 08:00,2.003691883,1.605494075
09/03/2021 09:00,2.261890829,0.755937816
09/03/2021 10:00,2.401170458,1.931793374
09/03/2021 11:00,2.131807633,1.983794672
09/03/2021 12:00,2.369622143,2.051926481
09/03/2021 13:00,2.357495584,1.874060992
09/03/2021 14:00,2.210728734,1.764727421
09/03/2021 15:00,2.038175943,1.023141193
09/03/2021 16:00,1.854727337,1.492085706
09/03/2021 17:00,1.783397647,1.259618897
09/03/2021 18:00,1.643761691,1.255061736
09/03/2021 19:00,1.53034806,1.230688707
09/03/2021 20:00,1.519461298,0.721713247
09/03/2021 21:00,1.169048994,0.95029842
09/03/2021 22:00,1.096045315,0.881719083
09/03/2021 23:00,0.923396381,0.708373613
10/03/2021 00:00,0.971288212,0.709340115
10/03/2021 01:00,0.928571673,0.686117883
10/03/2021 02:00,0.810924841,0.693403915
10/03/2021 03:00,0.836528092,0.674
10/03/2021 04:00,0.826805704,0.674
10/03/2021 05:00,0.917176848,0.737543762
10/03/2021 06:00,0.756949231,0.805946287
10/03/2021 07:00,1.316351847,1.072130778
10/03/2021 08:00,2.015828386,1.621664257
10/03/2021 09:00,2.328519554,1.823586205
10/03/2021 10:00,2.35825522,1.884705671
10/03/2021 11:00,2.50415007,1.98745034
10/03/2021 12:00,1.945414946,1.909825347
10/03/2021 13:00,2.146424422,1.899703468
10/03/2021 14:00,2.20413832,1.772528698
10/03/2021 15:00,2.075291633,1.197811022
10/03/2021 16:00,1.840893209,1.466827608
10/03/2021 17:00,1.779619003,1.224291087
10/03/2021 18:00,0.680899324,1.323355875
10/03/2021 19:00,1.529932475,1.252898794
10/03/2021 20:00,0.913944637,1.131419098
10/03/2021 21:00,1.189964957,0.957267275
10/03/2021 22:00,1.102892855,0.893708501
10/03/2021 23:00,0.929483644,0.747714397
11/03/2021 00:00,0.866975366,0.712142256
11/03/2021 01:00,0.854950472,0.687915655
11/03/2021 02:00,0.828295525,0.674
11/03/2021 03:00,0.815609495,0.674
11/03/2021 04:00,0.674,0.674
11/03/2021 05:00,0.918927732,0.737208684
11/03/2021 06:00,1.000874723,0.805229593
11/03/2021 07:00,1.315639972,1.058386693
11/03/2021 08:00,0.993882713,1.533435369
11/03/2021 09:00,2.271669118,1.824083578
11/03/2021 10:00,2.407992962,1.937131769
11/03/2021 11:00,2.510524315,2.021848986
11/03/2021 12:00,2.414110948,1.384951999
11/03/2021 13:00,2.062825211,1.935919739
11/03/2021 14:00,2.177396313,1.750414812
11/03/2021 15:00,2.048158272,1.601048237
11/03/2021 16:00,1.845554207,1.529598739
11/03/2021 17:00,1.69743266,1.031076819
11/03/2021 18:00,1.694378695,1.363069801
11/03/2021 19:00,1.633202223,1.271975271
11/03/2021 20:00,1.59096041,0.674666942
11/03/2021 21:00,1.396429172,1.119222529
11/03/2021 22:00,1.552435558,1.248846756
11/03/2021 23:00,1.410452671,1.075519971
12/03/2021 00:00,0.674,0.674
12/03/2021 01:00,0.825757104,0.674
12/03/2021 02:00,0.79912365,0.674
12/03/2021 03:00,0.787401241,0.959714487
12/03/2021 04:00,1.144252605,0.983938059
12/03/2021 05:00,1.28639193,0.674
12/03/2021 06:00,1.118539149,1.03111625
12/03/2021 07:00,1.364869193,1.0979605
12/03/2021 08:00,1.546014982,1.245108691
12/03/2021 09:00,1.995767414,1.605544829
12/03/2021 10:00,2.119440619,1.707026689
12/03/2021 11:00,2.224029453,2.405586401
12/03/2021 12:00,2.174969239,1.752211177
12/03/2021 13:00,2.186663848,1.590268785
12/03/2021 14:00,1.948879817,1.567769309
12/03/2021 15:00,2.058796666,1.656355518
12/03/2021 16:00,1.859401518,1.495830783
12/03/2021 17:00,1.59030247,1.23304169
12/03/2021 18:00,1.645242866,1.323860754
12/03/2021 19:00,1.530504586,1.04743783
12/03/2021 20:00,0.845576231,1.128909506
12/03/2021 21:00,1.190632846,0.935832314
12/03/2021 22:00,1.112607164,0.818387084
12/03/2021 23:00,0.682624493,0.674
13/03/2021 00:00,0.855549517,0.674
13/03/2021 01:00,0.815962891,0.674
13/03/2021 02:00,0.796901603,0.674
13/03/2021 03:00,0.816094463,0.674
13/03/2021 04:00,0.674,0.674
13/03/2021 05:00,0.809569417,0.687435786
13/03/2021 06:00,0.86756229,0.674
13/03/2021 07:00,0.952712452,0.76577172
13/03/2021 08:00,1.13756075,0.915164759
13/03/2021 09:00,1.269229789,1.020573971
13/03/2021 10:00,1.215332691,1.113664919
13/03/2021 11:00,1.70850193,1.227575383
13/03/2021 12:00,1.531761368,1.232461639
13/03/2021 13:00,1.564345322,1.319908432
13/03/2021 14:00,0.90875286,1.244034229
13/03/2021 15:00,1.6376,1.264928969
13/03/2021 16:00,1.48412673,1.194446255
13/03/2021 17:00,0.794233154,1.134568899
13/03/2021 18:00,1.388236806,1.115786873
13/03/2021 19:00,1.378723756,1.109238767
13/03/2021 20:00,1.307368462,1.053226167
13/03/2021 21:00,1.148965787,0.674
13/03/2021 22:00,1.144518517,0.920675965
13/03/2021 23:00,0.963246151,0.747008419
14/03/2021 00:00,0.881159626,0.741366286
14/03/2021 01:00,0.895721003,0.674
14/03/2021 02:00,0.825144179,0.674
14/03/2021 03:00,0.830477146,0.674
14/03/2021 04:00,0.843398472,0.674
14/03/2021 05:00,0.952026038,0.955169477
14/03/2021 06:00,0.873704711,0.702869026
14/03/2021 07:00,0.956644836,0.674
14/03/2021 08:00,0.982884719,0.916760362
14/03/2021 09:00,1.268519697,1.020619771
14/03/2021 10:00,1.382417769,1.067529894
14/03/2021 11:00,1.522386661,0.676219078
14/03/2021 12:00,1.526585673,1.154278225
14/03/2021 13:00,1.55875946,0.674
14/03/2021 14:00,1.446887458,1.240358606
14/03/2021 15:00,1.564469323,1.358499636
14/03/2021 16:00,1.510962603,1.215432073
14/03/2021 17:00,1.400813061,1.085773454
14/03/2021 18:00,1.381368844,0.674
14/03/2021 19:00,1.371473917,1.139282879
14/03/2021 20:00,1.297584101,1.043884477
14/03/2021 21:00,1.203743212,0.967986257
14/03/2021 22:00,1.103327242,0.918507688
14/03/2021 23:00,0.674,0.747115853
15/03/2021 00:00,0.889292803,0.741193673
15/03/2021 01:00,0.787043792,0.674
15/03/2021 02:00,0.81462322,0.674
15/03/2021 03:00,0.77399082,0.674
15/03/2021 04:00,0.729677527,0.674
15/03/2021 05:00,0.738267624,0.674
15/03/2021 06:00,0.762420554,0.674
15/03/2021 07:00,0.674,0.741157232
15/03/2021 08:00,1.27682424,1.02633034
15/03/2021 09:00,1.230349779,0.674
15/03/2021 10:00,1.343459915,1.080763235
15/03/2021 11:00,1.477998681,1.188984152
15/03/2021 12:00,1.459474823,1.192175838
15/03/2021 13:00,1.513278018,1.217512383
15/03/2021 14:00,1.494128954,1.202034701
15/03/2021 15:00,1.518834211,1.179056583
15/03/2021 16:00,1.301468034,1.178686831
15/03/2021 17:00,1.258186844,1.09914166
15/03/2021 18:00,1.210886601,1.002550608
15/03/2021 19:00,1.097908264,1.108330154
15/03/2021 20:00,1.253319916,1.008240221
15/03/2021 21:00,1.160505236,0.934355307
15/03/2021 22:00,1.142096738,0.918758987
15/03/2021 23:00,0.926834206,0.745615928
16/03/2021 00:00,0.674,0.729765332
16/03/2021 01:00,0.674,0.674
16/03/2021 02:00,0.674,0.674
16/03/2021 03:00,0.674,0.674
16/03/2021 04:00,0.674,0.674
16/03/2021 05:00,0.674,0.674
16/03/2021 06:00,0.675338884,0.674
16/03/2021 07:00,0.898131929,0.734693173
16/03/2021 08:00,1.424864189,1.146386939
16/03/2021 09:00,1.558120799,1.253489869
16/03/2021 10:00,1.810011133,1.460641878
16/03/2021 11:00,1.32619913,1.556340056
16/03/2021 12:00,1.900732444,1.566261064
16/03/2021 13:00,1.923130282,1.9159
16/03/2021 14:00,1.831176135,1.478236616
16/03/2021 15:00,1.774851532,1.427817758
16/03/2021 16:00,1.686578671,1.340742649
16/03/2021 17:00,1.60083365,1.23469611
16/03/2021 18:00,1.541186584,1.303995255
16/03/2021 19:00,1.518632305,0.739656001
16/03/2021 20:00,1.399734128,1.126192755
16/03/2021 21:00,1.190861252,0.958041948
16/03/2021 22:00,1.373463562,1.104447981
16/03/2021 23:00,1.111799998,0.894157836
17/03/2021 00:00,1.136504191,1.059760844
17/03/2021 01:00,0.831708294,0.674
17/03/2021 02:00,0.674,0.674
17/03/2021 03:00,0.789675794,0.674
17/03/2021 04:00,0.800639646,0.674
17/03/2021 05:00,0.911515078,0.732701065
17/03/2021 06:00,1.00104502,0.764855873
17/03/2021 07:00,1.307040774,1.051291226
17/03/2021 08:00,2.003459985,1.004857512
17/03/2021 09:00,2.25367578,1.816193238
17/03/2021 10:00,2.404814335,1.9237129
17/03/2021 11:00,2.455950268,1.975882082
17/03/2021 12:00,2.175957634,1.898380601
17/03/2021 13:00,2.347042152,1.888108241
17/03/2021 14:00,2.174305534,1.749244534
17/03/2021 15:00,1.783993367,1.581562573
17/03/2021 16:00,1.413311119,1.492471555
17/03/2021 17:00,1.758641945,1.414699061
17/03/2021 18:00,1.483925089,0.674
17/03/2021 19:00,1.44698924,1.216058851
17/03/2021 20:00,1.39594084,1.390183849
17/03/2021 21:00,1.184229297,0.876984616
17/03/2021 22:00,1.256744402,1.019587366
17/03/2021 23:00,0.909800792,0.731868484
18/03/2021 00:00,1.018311368,0.819625528
18/03/2021 01:00,0.83579649,0.674
18/03/2021 02:00,0.820687984,0.674
18/03/2021 03:00,0.783513983,0.674
18/03/2021 04:00,0.674,1.290573356
18/03/2021 05:00,0.674,0.732388539
18/03/2021 06:00,0.995248098,0.674
18/03/2021 07:00,0.838978345,1.053574353
18/03/2021 08:00,2.006030551,1.644200706
18/03/2021 09:00,2.22850667,1.821188596
18/03/2021 10:00,2.465999102,1.979219688
18/03/2021 11:00,2.329871147,1.985654065
18/03/2021 12:00,2.372102435,1.90828014
18/03/2021 13:00,1.881509497,1.953970195
18/03/2021 14:00,2.186457522,1.719385628
18/03/2021 15:00,2.057378425,1.655107106
18/03/2021 16:00,1.861554925,1.497279914
18/03/2021 17:00,1.420250266,1.420246045
18/03/2021 18:00,1.647451109,1.325279178
18/03/2021 19:00,1.579321329,1.248571795
18/03/2021 20:00,1.676313232,1.12895093
18/03/2021 21:00,1.197564914,1.545586693
18/03/2021 22:00,1.183593096,0.874418435
18/03/2021 23:00,0.91339626,0.739205195
19/03/2021 00:00,0.859850549,0.70042718
19/03/2021 01:00,0.925877028,0.675823029
19/03/2021 02:00,0.812727641,0.674
19/03/2021 03:00,0.821910081,0.674
19/03/2021 04:00,0.813060697,0.674
19/03/2021 05:00,0.903786542,0.747269362
19/03/2021 06:00,0.98873181,0.764078117
19/03/2021 07:00,1.303338376,1.050256293
19/03/2021 08:00,2.002432132,1.612272127
19/03/2021 09:00,2.268338239,1.549775434
19/03/2021 10:00,2.490432798,1.936451495
19/03/2021 11:00,1.666421107,1.838571292
19/03/2021 12:00,2.375249449,1.910817369
19/03/2021 13:00,2.361597514,1.898786108
19/03/2021 14:00,2.163162517,1.762399762
19/03/2021 15:00,2.00416695,1.656567531
19/03/2021 16:00,1.859287388,1.495823692
19/03/2021 17:00,1.808650909,1.419157209
19/03/2021 18:00,1.154696414,1.324477011
19/03/2021 19:00,1.449011383,1.151442334
19/03/2021 20:00,1.403600168,1.128882289
19/03/2021 21:00,1.001804407,0.957932152
19/03/2021 22:00,1.073513433,0.874105664
19/03/2021 23:00,0.859867049,0.674
20/03/2021 00:00,0.869513105,0.680016777
20/03/2021 01:00,0.83890039,0.714254197
20/03/2021 02:00,0.744864051,0.674
20/03/2021 03:00,0.674,0.674
20/03/2021 04:00,0.813746877,0.674
20/03/2021 05:00,0.903397059,0.726363655
20/03/2021 06:00,0.674,0.67635848
20/03/2021 07:00,1.224639988,0.830132502
20/03/2021 08:00,2.009148757,1.610497603
20/03/2021 09:00,2.167644803,1.790494339
20/03/2021 10:00,1.6376,1.721082743
20/03/2021 11:00,2.471435265,1.6376
20/03/2021 12:00,2.452394785,1.910633528
20/03/2021 13:00,1.853696377,1.900037748
20/03/2021 14:00,2.187974741,1.760734027
20/03/2021 15:00,2.063576308,1.660094603
20/03/2021 16:00,1.859729961,1.467637542
20/03/2021 17:00,1.760532357,1.419197126
20/03/2021 18:00,1.650109804,1.318523371
20/03/2021 19:00,1.530740987,0.884586938
20/03/2021 20:00,1.403852261,1.129552107
20/03/2021 21:00,1.194088114,0.827344068
20/03/2021 22:00,1.086756634,0.893167807
20/03/2021 23:00,0.921293586,0.735129216
21/03/2021 00:00,0.870741857,0.674
21/03/2021 01:00,0.674,0.674
21/03/2021 02:00,0.81401308,0.674
21/03/2021 03:00,0.801859901,0.674
21/03/2021 04:00,0.815417572,0.674
21/03/2021 05:00,0.905300514,0.727293881
21/03/2021 06:00,0.98852994,0.794607514
21/03/2021 07:00,1.266265944,0.674
21/03/2021 08:00,2.002387297,1.594894226
21/03/2021 09:00,2.267619371,1.824219125
21/03/2021 10:00,2.406793249,1.938153648
21/03/2021 11:00,1.6376,1.6376
21/03/2021 12:00,2.374926967,1.910541759
21/03/2021 13:00,2.36157737,1.931880191
21/03/2021 14:00,2.188661191,1.76069406
21/03/2021 15:00,2.058873351,1.656291489
21/03/2021 16:00,1.859615156,1.495935045
21/03/2021 17:00,1.763322355,1.41811684
21/03/2021 18:00,1.65326535,1.323648098
21/03/2021 19:00,1.530130839,1.230918315
21/03/2021 20:00,1.402899594,1.128557074
21/03/2021 21:00,1.190363956,0.674
21/03/2021 22:00,0.740524208,0.867936727
21/03/2021 23:00,0.674,0.693325114
22/03/2021 00:00,0.869102037,0.699161106
22/03/2021 01:00,0.874145378,0.675774363
22/03/2021 02:00,0.856835803,0.674
22/03/2021 03:00,0.827361196,0.674
22/03/2021 04:00,0.813482189,0.674
22/03/2021 05:00,0.902914124,0.726841692
22/03/2021 06:00,0.988032548,0.794753804
22/03/2021 07:00,1.211903109,1.042243602
22/03/2021 08:00,2.004279923,1.581934815
22/03/2021 09:00,2.272665198,1.823091127
22/03/2021 10:00,2.406698166,1.935949935
22/03/2021 11:00,2.436276957,1.8969712
22/03/2021 12:00,2.374847925,1.910442472
22/03/2021 13:00,2.444875529,1.901603461
22/03/2021 14:00,2.18849179,1.822980003
22/03/2021 15:00,1.943401258,1.656642276
22/03/2021 16:00,1.858812833,0.69081447
22/03/2021 17:00,1.763120896,1.413233214
22/03/2021 18:00,1.645813062,1.324015141
22/03/2021 19:00,1.530644888,1.231479428
22/03/2021 20:00,1.403492168,1.129053316
22/03/2021 21:00,1.190590397,0.674
22/03/2021 22:00,1.086701757,0.874125591
22/03/2021 23:00,0.91529464,0.744151075
23/03/2021 00:00,0.869319641,0.739342798
23/03/2021 01:00,0.790534751,0.729203438
23/03/2021 02:00,0.760457597,0.674
23/03/2021 03:00,0.800609175,0.674
23/03/2021 04:00,0.774893843,0.674
23/03/2021 05:00,0.917806718,0.674
23/03/2021 06:00,0.948153233,0.674
23/03/2021 07:00,1.301926983,1.047637053
23/03/2021 08:00,2.001527583,1.609934156
23/03/2021 09:00,2.266983659,1.772812663
23/03/2021 10:00,2.40242677,1.93585723
23/03/2021 11:00,2.470221105,1.891443066
23/03/2021 12:00,2.374114113,1.910021464
23/03/2021 13:00,2.361066198,1.897916504
23/03/2021 14:00,1.994977188,1.622971187
23/03/2021 15:00,2.125489718,1.65593564
23/03/2021 16:00,2.217029241,1.094251558
23/03/2021 17:00,1.764296509,0.674
23/03/2021 18:00,1.646833012,1.32307207
23/03/2021 19:00,1.560466286,1.283460002
23/03/2021 20:00,1.404511766,1.036038676
23/03/2021 21:00,1.193696942,0.958631976
23/03/2021 22:00,1.085483265,0.94675088
23/03/2021 23:00,0.912204253,0.733902643
24/03/2021 00:00,0.868686816,0.674
24/03/2021 01:00,0.83811045,0.674
24/03/2021 02:00,0.813570365,0.674
24/03/2021 03:00,0.801385715,0.674
24/03/2021 04:00,0.832966177,0.682760281
24/03/2021 05:00,0.90304592,0.726248736
24/03/2021 06:00,0.987252903,0.794269262
24/03/2021 07:00,1.301700565,1.04723546
24/03/2021 08:00,2.001054869,1.569002389
24/03/2021 09:00,2.261011924,1.822939961
24/03/2021 10:00,2.405094849,1.93424207
24/03/2021 11:00,2.469626846,1.988587494
24/03/2021 12:00,2.372758425,1.292243134
24/03/2021 13:00,2.359917553,1.806043331
24/03/2021 14:00,1.911609812,1.761995277
24/03/2021 15:00,1.948072883,1.654451668
24/03/2021 16:00,1.922307257,1.185772886
24/03/2021 17:00,1.766574433,1.420746745
24/03/2021 18:00,1.649432161,1.292244683
24/03/2021 19:00,1.591713815,1.280527678
24/03/2021 20:00,1.408490869,1.130410872
24/03/2021 21:00,1.089213914,0.876061599
24/03/2021 22:00,0.778480922,0.789174132
24/03/2021 23:00,0.706581751,0.674
25/03/2021 00:00,0.674,0.674
25/03/2021 01:00,0.674,0.674
25/03/2021 02:00,0.674,0.674
25/03/2021 03:00,0.674,0.674
25/03/2021 04:00,0.674,0.674
25/03/2021 05:00,0.929838918,0.674
25/03/2021 06:00,0.869208232,0.674
25/03/2021 07:00,1.098691792,0.883863173
25/03/2021 08:00,1.797391948,1.446419652
25/03/2021 09:00,2.026444856,1.636724607
25/03/2021 10:00,2.135183818,1.6376
25/03/2021 11:00,1.879569428,1.758359734
25/03/2021 12:00,1.6376,1.740085044
25/03/2021 13:00,2.146928626,1.727564292
25/03/2021 14:00,1.230216135,1.010574552
25/03/2021 15:00,1.198067142,0.674
25/03/2021 16:00,1.575129372,0.674
25/03/2021 17:00,1.419941475,1.142435409
25/03/2021 18:00,1.391713995,1.156510062
25/03/2021 19:00,1.414484766,1.106757199
25/03/2021 20:00,1.106431198,1.046135028
25/03/2021 21:00,0.90198801,0.751632082
25/03/2021 22:00,0.823574862,0.68309031
25/03/2021 23:00,0.674,0.674
26/03/2021 00:00,0.674,0.674
26/03/2021 01:00,0.674,0.674
26/03/2021 02:00,0.739067384,0.674
26/03/2021 03:00,0.699234505,0.674
26/03/2021 04:00,0.7455445,0.674
26/03/2021 05:00,0.674,0.682044292
26/03/2021 06:00,0.835256615,0.674
26/03/2021 07:00,1.214637162,0.95775669
26/03/2021 08:00,1.110993034,0.893637417
26/03/2021 09:00,2.168321743,1.821147485
26/03/2021 10:00,2.300221385,1.85914747
26/03/2021 11:00,2.358772633,1.9159
26/03/2021 12:00,2.26066595,1.818605384
26/03/2021 13:00,2.009437994,1.807515456
26/03/2021 14:00,2.080219589,1.668761449
26/03/2021 15:00,1.946429295,1.580278557
26/03/2021 16:00,1.364799265,0.68987287
26/03/2021 17:00,1.650568785,0.871927038
26/03/2021 18:00,1.538694252,1.23764001
26/03/2021 19:00,1.253233841,0.674
26/03/2021 20:00,1.23017806,0.98965477
26/03/2021 21:00,1.228642961,0.921632306
26/03/2021 22:00,1.081752452,0.870231483
26/03/2021 23:00,0.818599333,0.674
27/03/2021 00:00,0.674,0.674
27/03/2021 01:00,0.674,0.674
27/03/2021 02:00,0.674,0.674
27/03/2021 03:00,0.782517219,0.674
27/03/2021 04:00,0.799608527,0.674
27/03/2021 05:00,0.873618799,0.702806216
27/03/2021 06:00,0.674,0.707500515
27/03/2021 07:00,0.967181203,0.782433125
27/03/2021 08:00,1.186894045,0.954651528
27/03/2021 09:00,1.242109058,1.023632183
27/03/2021 10:00,1.425868379,1.055992939
27/03/2021 11:00,1.573846489,1.266107189
27/03/2021 12:00,1.606806981,1.275248933
27/03/2021 13:00,1.62201873,1.305812934
27/03/2021 14:00,1.610058397,1.29563181
27/03/2021 15:00,1.587406344,1.277004197
27/03/2021 16:00,0.674,1.24833706
27/03/2021 17:00,1.57180171,1.197717183
27/03/2021 18:00,1.468418475,1.190040151
27/03/2021 19:00,1.396478249,1.163193026
27/03/2021 20:00,1.053840353,1.096903244
27/03/2021 21:00,1.321285995,0.674
27/03/2021 22:00,1.135450126,0.969143391
27/03/2021 23:00,0.674,0.810692974
28/03/2021 00:00,0.950851837,0.764969234
28/03/2021 01:00,0.905814878,0.674
28/03/2021 02:00,0.674,0.704726984
28/03/2021 03:00,0.674,0.674
28/03/2021 04:00,0.674,0.674
28/03/2021 05:00,0.806798031,0.681702987
28/03/2021 06:00,0.842927451,0.678146265
28/03/2021 07:00,1.021412627,0.820933596
28/03/2021 08:00,1.201961884,0.963417783
28/03/2021 09:00,1.328814659,1.064695792
28/03/2021 10:00,1.439593483,1.158834061
28/03/2021 11:00,0.970912382,1.268029515
28/03/2021 12:00,1.578650487,1.267981576
28/03/2021 13:00,1.603027977,1.289252202
28/03/2021 14:00,1.578865342,1.266941246
28/03/2021 15:00,1.545397237,1.103353091
28/03/2021 16:00,1.486247883,1.1957591
28/03/2021 17:00,1.42560829,0.674
28/03/2021 18:00,1.394824362,1.130402139
28/03/2021 19:00,1.378128146,0.674
28/03/2021 20:00,1.301440951,1.046965692
28/03/2021 21:00,0.867608403,0.96713488
28/03/2021 22:00,1.121830232,0.916524096
28/03/2021 23:00,0.899809826,0.723784301
29/03/2021 00:00,0.782639363,0.674
29/03/2021 01:00,0.674,1.061576602
29/03/2021 02:00,0.764984788,0.674
29/03/2021 03:00,0.674,0.674
29/03/2021 04:00,0.674,0.674
29/03/2021 05:00,0.674,0.674
29/03/2021 06:00,0.674,0.674
29/03/2021 07:00,1.229375459,0.988476694
29/03/2021 08:00,1.084704075,0.873073071
29/03/2021 09:00,2.190208471,1.787306354
29/03/2021 10:00,2.33529565,1.87866424
29/03/2021 11:00,2.40012471,1.930766054
29/03/2021 12:00,2.304603262,1.785453147
29/03/2021 13:00,2.293208242,1.846660113
29/03/2021 14:00,2.122515806,1.316975267
29/03/2021 15:00,1.947384342,1.682046367
29/03/2021 16:00,1.657205161,1.311718834
29/03/2021 17:00,1.316462848,1.378872955
29/03/2021 18:00,1.584957095,1.287510654
29/03/2021 19:00,1.679022067,1.351263665
29/03/2021 20:00,1.415376779,1.3010609
29/03/2021 21:00,1.545632029,1.241702559
29/03/2021 22:00,1.396019001,1.123006315
29/03/2021 23:00,0.825816105,0.674
30/03/2021 00:00,0.850776942,0.702694615
30/03/2021 01:00,0.82862053,0.767819582
30/03/2021 02:00,0.674,0.674
30/03/2021 03:00,0.856075223,0.674
30/03/2021 04:00,0.812841029,0.674
30/03/2021 05:00,0.950271536,0.727818988
30/03/2021 06:00,0.991469686,0.797336578
30/03/2021 07:00,1.307235433,1.051579754
30/03/2021 08:00,1.496431033,1.204102084
30/03/2021 09:00,1.677866994,1.830196813
30/03/2021 10:00,2.46947771,1.940337678
30/03/2021 11:00,2.476410501,1.989952751
30/03/2021 12:00,1.906525466,1.97138253
30/03/2021 13:00,2.380311302,1.468634776
30/03/2021 14:00,2.154725246,1.789763677
30/03/2021 15:00,2.054166834,1.661329618
30/03/2021 16:00,1.810983972,1.122554993
30/03/2021 17:00,1.751316005,1.418677681
30/03/2021 18:00,1.629637631,1.29895172
30/03/2021 19:00,0.674,1.367666237
30/03/2021 20:00,1.625941855,1.308125678
30/03/2021 21:00,1.528141557,1.229625731
30/03/2021 22:00,1.350951633,1.084473575
30/03/2021 23:00,0.87254634,0.857890376
31/03/2021 00:00,0.863553736,0.674
31/03/2021 01:00,0.769284316,0.675381031
31/03/2021 02:00,0.7527975,0.674
31/03/2021 03:00,0.674,0.674
31/03/2021 04:00,0.674,0.674
31/03/2021 05:00,0.674,0.674
31/03/2021 06:00,0.674,0.674
31/03/2021 07:00,1.218967213,0.981228047
31/03/2021 08:00,1.915620705,1.488238996
31/03/2021 09:00,2.182822835,1.755992017
31/03/2021 10:00,2.017810936,1.86857612
31/03/2021 11:00,2.5921,1.932959761
31/03/2021 12:00,2.357556318,1.846861001
31/03/2021 13:00,2.286590725,1.838807989
31/03/2021 14:00,2.118706693,1.704426048
31/03/2021 15:00,1.988064834,1.628453266
31/03/2021 16:00,1.802806673,1.450518909
31/03/2021 17:00,1.714963222,1.404681603
31/03/2021 18:00,1.379504476,1.292269809
31/03/2021 19:00,1.500440587,0.674
31/03/2021 20:00,1.142729884,1.158194503
31/03/2021 21:00,1.18050618,1.035842183
31/03/2021 22:00,0.674,0.921011873
31/03/2021 23:00,0.923570363,0.674
01/04/2021 00:00,0.845450639,0.688117614
01/04/2021 01:00,0.832246197,0.674
01/04/2021 02:00,0.880207575,0.708576033
01/04/2021 03:00,0.750149168,0.674
01/04/2021 04:00,0.674,0.674
01/04/2021 05:00,0.728201949,0.674
01/04/2021 06:00,0.742521868,0.674
01/04/2021 07:00,0.989938446,0.796372429
01/04/2021 08:00,1.165325568,0.937373175
01/04/2021 09:00,1.477691739,1.086531058
01/04/2021 10:00,0.674,1.080371632
01/04/2021 11:00,1.605449861,1.330954551
01/04/2021 12:00,1.662733998,1.337606227
01/04/2021 13:00,1.6997,1.204171873
01/04/2021 14:00,1.649923925,1.325586479
01/04/2021 15:00,1.599664333,1.286407723
01/04/2021 16:00,1.537814816,1.230378971
01/04/2021 17:00,1.45741882,1.170735263
01/04/2021 18:00,1.396753054,1.123687042
01/04/2021 19:00,1.439689374,1.130199303
01/04/2021 20:00,1.377982909,0.737479956
01/04/2021 21:00,1.290458147,1.038241804
01/04/2021 22:00,1.210312543,0.973699787
01/04/2021 23:00,0.964867703,0.674
02/04/2021 00:00,0.674,0.674
02/04/2021 01:00,0.754403049,0.674
02/04/2021 02:00,0.674,0.674
02/04/2021 03:00,0.674,0.674
02/04/2021 04:00,0.689301394,0.674
02/04/2021 05:00,0.798645781,0.674
02/04/2021 06:00,0.769287757,0.674
02/04/2021 07:00,1.048639798,1.084452492
02/04/2021 08:00,1.557421681,0.687505643
02/04/2021 09:00,2.03482992,1.493090328
02/04/2021 10:00,2.030752733,1.041268778
02/04/2021 11:00,1.787292649,1.752097064
02/04/2021 12:00,2.087692699,1.677186894
02/04/2021 13:00,2.061869293,1.658590874
02/04/2021 14:00,1.948699204,1.805858078
02/04/2021 15:00,1.004707575,1.470040882
02/04/2021 16:00,1.710258922,1.401451857
02/04/2021 17:00,1.591987689,1.270593133
02/04/2021 18:00,1.42148563,1.145663805
02/04/2021 19:00,1.373965361,1.099056395
02/04/2021 20:00,1.132915198,1.057341203
02/04/2021 21:00,1.171471903,0.942406095
02/04/2021 22:00,1.458406761,1.173394586
02/04/2021 23:00,0.868729713,0.68684971
03/04/2021 00:00,0.803784901,0.674
03/04/2021 01:00,0.713772276,0.674
03/04/2021 02:00,0.761650085,0.674
03/04/2021 03:00,0.747385551,0.674
03/04/2021 04:00,0.84226406,0.674
03/04/2021 05:00,0.931108309,0.805515702
03/04/2021 06:00,1.206817717,0.719595303
03/04/2021 07:00,0.984807178,0.800249035
03/04/2021 08:00,0.90635485,0.909027357
03/04/2021 09:00,1.245903253,0.987380394
03/04/2021 10:00,1.539725478,1.165796228
03/04/2021 11:00,1.6264217,1.314366715
03/04/2021 12:00,1.639526684,1.31843019
03/04/2021 13:00,1.364633826,1.329439278
03/04/2021 14:00,1.391673834,1.315860256
03/04/2021 15:00,1.591382539,1.280145066
03/04/2021 16:00,1.472791208,1.486749019
03/04/2021 17:00,1.461501697,1.175738681
03/04/2021 18:00,1.262410202,1.130781485
03/04/2021 19:00,1.420101128,0.674
03/04/2021 20:00,1.400182955,1.126753734
03/04/2021 21:00,1.318798159,1.086504985
03/04/2021 22:00,1.24154034,0.998769538
03/04/2021 23:00,1.006416591,0.796509594
04/04/2021 00:00,0.851410616,0.684717159
04/04/2021 01:00,0.741291508,0.717528421
04/04/2021 02:00,1.081374847,0.674
04/04/2021 03:00,0.674,0.674
04/04/2021 04:00,0.674,0.674
04/04/2021 05:00,0.86174655,0.693075121
04/04/2021 06:00,0.674,0.704272699
04/04/2021 07:00,1.061580343,0.731040978
04/04/2021 08:00,1.077830788,0.867050786
04/04/2021 09:00,1.761634956,1.436238422
04/04/2021 10:00,1.975842433,1.574704568
04/04/2021 11:00,1.6997,1.6997
04/04/2021 12:00,2.04204404,1.642377413
04/04/2021 13:00,1.324041539,1.003386678
04/04/2021 14:00,1.90870133,0.921253411
04/04/2021 15:00,1.80384127,1.031177907
04/04/2021 16:00,1.704613992,1.372927196
04/04/2021 17:00,1.319696676,1.377098389
04/04/2021 18:00,1.395329095,0.972071011
04/04/2021 19:00,1.355537971,1.090496835
04/04/2021 20:00,1.291610378,1.038936557
04/04/2021 21:00,1.088567113,0.674
04/04/2021 22:00,1.033791825,0.931428563
04/04/2021 23:00,0.826929998,0.674
05/04/2021 00:00,0.757809811,0.674
05/04/2021 01:00,0.674,0.674
05/04/2021 02:00,0.758011953,0.674
05/04/2021 03:00,0.674,0.674
05/04/2021 04:00,0.756948761,0.674
05/04/2021 05:00,0.674,0.747222095
05/04/2021 06:00,0.750650331,0.739771212
05/04/2021 07:00,1.080359819,0.892700177
05/04/2021 08:00,1.595655916,1.300105582
05/04/2021 09:00,1.227782242,1.669773465
05/04/2021 10:00,2.076773415,1.651318244
05/04/2021 11:00,2.208516189,1.776633849
05/04/2021 12:00,2.062148907,0.843408569
05/04/2021 13:00,2.101703372,1.690681433
05/04/2021 14:00,1.986293259,1.59845915
05/04/2021 15:00,1.899798689,1.504311264
05/04/2021 16:00,1.778159063,1.426094586
05/04/2021 17:00,1.623477037,1.301881039
05/04/2021 18:00,1.465636224,1.199800335
05/04/2021 19:00,1.344932943,1.131665124
05/04/2021 20:00,1.342097971,0.674
05/04/2021 21:00,1.229733101,0.958256833
05/04/2021 22:00,0.941347552,0.867628351
05/04/2021 23:00,0.674,0.689994975
06/04/2021 00:00,0.813993042,0.674
06/04/2021 01:00,0.817236877,0.674
06/04/2021 02:00,0.79425929,0.674
06/04/2021 03:00,0.78873965,0.674
06/04/2021 04:00,0.674,0.674
06/04/2021 05:00,0.919901502,0.7411327
06/04/2021 06:00,0.935479262,0.752407731
06/04/2021 07:00,1.086602777,0.915769094
06/04/2021 08:00,1.412718299,1.329939018
06/04/2021 09:00,1.955215416,1.525319218
06/04/2021 10:00,2.133399204,1.749200482
06/04/2021 11:00,2.272187318,1.827916273
06/04/2021 12:00,2.190126993,1.81828296
06/04/2021 13:00,2.163270516,0.821290332
06/04/2021 14:00,2.046631623,1.642844582
06/04/2021 15:00,1.749612805,1.552541266
06/04/2021 16:00,1.83138452,1.473282649
06/04/2021 17:00,1.660347311,0.674
06/04/2021 18:00,1.499611145,0.976721513
06/04/2021 19:00,1.441736285,1.160039549
06/04/2021 20:00,1.388327819,1.104464292
06/04/2021 21:00,1.220886044,0.674
06/04/2021 22:00,0.885991205,0.889726637
06/04/2021 23:00,1.534004717,0.71077961
07/04/2021 00:00,0.82247999,0.674
07/04/2021 01:00,0.797083517,0.674
07/04/2021 02:00,0.774685582,0.674
07/04/2021 03:00,0.758687187,0.674
07/04/2021 04:00,0.77089005,0.674
07/04/2021 05:00,0.880119264,0.693998003
07/04/2021 06:00,0.879924616,0.696619904
07/04/2021 07:00,1.140613404,0.891891348
07/04/2021 08:00,1.654921916,1.330935315
07/04/2021 09:00,1.957585812,1.571472288
07/04/2021 10:00,2.122986979,1.744751945
07/04/2021 11:00,2.275165197,1.276725195
07/04/2021 12:00,2.194178411,1.765080579
07/04/2021 13:00,2.180136089,1.798960284
07/04/2021 14:00,2.151012317,1.649526153
07/04/2021 15:00,1.810197595,1.545848511
07/04/2021 16:00,1.834708695,0.674
07/04/2021 17:00,1.677971636,1.188922247
07/04/2021 18:00,1.201450781,1.208723703
07/04/2021 19:00,1.444567953,1.162097787
07/04/2021 20:00,1.375419597,1.076984418
07/04/2021 21:00,0.674,0.986202582
07/04/2021 22:00,1.108354006,0.850467423
07/04/2021 23:00,0.885359078,0.998198875
08/04/2021 00:00,0.824515816,0.674
08/04/2021 01:00,0.811209871,0.674
08/04/2021 02:00,0.758982906,0.674
08/04/2021 03:00,0.742389352,0.674
08/04/2021 04:00,0.75775929,0.674
08/04/2021 05:00,0.994735956,0.691796157
08/04/2021 06:00,0.892646719,0.718365365
08/04/2021 07:00,1.141703015,0.825818141
08/04/2021 08:00,1.655669446,1.331941993
08/04/2021 09:00,2.003599788,1.112231479
08/04/2021 10:00,1.485643448,1.719244148
08/04/2021 11:00,2.276208027,1.830975274
08/04/2021 12:00,2.195041751,1.705178469
08/04/2021 13:00,2.167592522,1.743613105
08/04/2021 14:00,2.051259306,1.650260713
08/04/2021 15:00,1.921797344,1.55559533
08/04/2021 16:00,1.835238966,1.472904941
08/04/2021 17:00,1.678425765,0.994049067
08/04/2021 18:00,1.502398915,1.298267865
08/04/2021 19:00,1.444837252,1.264171911
08/04/2021 20:00,0.674,1.106330819
08/04/2021 21:00,1.223408922,0.984080872
08/04/2021 22:00,0.899607548,0.818311992
08/04/2021 23:00,0.885601198,0.723639823
09/04/2021 00:00,0.817738347,0.674
09/04/2021 01:00,0.980104177,0.674
09/04/2021 02:00,0.759056021,0.674
09/04/2021 03:00,0.746762096,0.674
09/04/2021 04:00,0.75532573,0.674
09/04/2021 05:00,0.855591885,0.688221199
09/04/2021 06:00,0.866969471,0.841881478
09/04/2021 07:00,1.140656425,1.508756119
09/04/2021 08:00,1.655556638,1.331840161
09/04/2021 09:00,1.957437468,1.576398316
09/04/2021 10:00,2.136990555,1.719007621
09/04/2021 11:00,2.276077141,1.830999057
09/04/2021 12:00,2.194921243,1.73610344
09/04/2021 13:00,2.167526118,1.74368154
09/04/2021 14:00,1.941410165,1.650156834
09/04/2021 15:00,1.934442668,1.526053355
09/04/2021 16:00,1.843502574,1.474321352
09/04/2021 17:00,1.678594601,1.350358654
09/04/2021 18:00,1.503507607,1.209074198
09/04/2021 19:00,1.445097402,1.121423609
09/04/2021 20:00,1.375823113,1.106897078
09/04/2021 21:00,1.224007362,0.984440632
09/04/2021 22:00,1.108580864,0.900553476
09/04/2021 23:00,0.886031912,0.7127869
10/04/2021 00:00,0.820584349,0.674
10/04/2021 01:00,0.674,0.674
10/04/2021 02:00,0.767495716,0.674
10/04/2021 03:00,0.746743,0.674
10/04/2021 04:00,0.757827226,0.674
10/04/2021 05:00,0.674,0.688789264
10/04/2021 06:00,0.892836744,0.718431084
10/04/2021 07:00,0.674,0.918769145
10/04/2021 08:00,1.609430218,1.332890308
10/04/2021 09:00,1.958959852,1.576560138
10/04/2021 10:00,2.147344322,1.720823547
10/04/2021 11:00,1.897917244,1.6997
10/04/2021 12:00,2.208205234,1.776297516
10/04/2021 13:00,1.375863121,1.24744946
10/04/2021 14:00,1.357515795,1.662705999
10/04/2021 15:00,1.6997,1.569538207
10/04/2021 16:00,1.853161384,1.240932631
10/04/2021 17:00,1.662193635,0.674
10/04/2021 18:00,0.987493018,1.225215204
10/04/2021 19:00,1.466175545,1.29737659
10/04/2021 20:00,1.496268039,1.124624364
10/04/2021 21:00,1.337471851,0.972034274
10/04/2021 22:00,1.247310845,0.999834907
10/04/2021 23:00,0.911399379,0.720812784
11/04/2021 00:00,0.851688923,0.685152982
11/04/2021 01:00,0.795146453,0.674
11/04/2021 02:00,0.78588447,0.680049582
11/04/2021 03:00,0.775406927,0.674
11/04/2021 04:00,0.814189238,0.674
11/04/2021 05:00,0.881410112,0.674
11/04/2021 06:00,0.880422318,0.736161663
11/04/2021 07:00,1.179593116,1.009139129
11/04/2021 08:00,2.032345695,1.34798706
11/04/2021 09:00,1.97742983,1.545005455
11/04/2021 10:00,1.55884674,1.730037383
11/04/2021 11:00,1.6997,1.6997
11/04/2021 12:00,2.21118206,1.778775091
11/04/2021 13:00,2.182418052,1.8000803
11/04/2021 14:00,2.064983278,1.614004132
11/04/2021 15:00,2.069120166,1.557895534
11/04/2021 16:00,1.837163106,1.712787547
11/04/2021 17:00,1.67968446,1.351143785
11/04/2021 18:00,1.503789301,1.525709945
11/04/2021 19:00,1.446429953,1.162720656
11/04/2021 20:00,1.396397406,1.106978905
11/04/2021 21:00,1.530327706,0.984236998
11/04/2021 22:00,1.107795306,0.891556971
11/04/2021 23:00,0.884980388,0.687878556
12/04/2021 00:00,0.824605121,0.674
12/04/2021 01:00,0.674,0.674
12/04/2021 02:00,0.826058195,0.674
12/04/2021 03:00,0.74653024,0.674
12/04/2021 04:00,0.757859489,0.674
12/04/2021 05:00,0.85598193,0.674
12/04/2021 06:00,0.892029091,0.715616323
12/04/2021 07:00,0.674,0.900187957
12/04/2021 08:00,1.668745141,1.279576516
12/04/2021 09:00,1.958218873,1.574860231
12/04/2021 10:00,2.137220078,1.718505672
12/04/2021 11:00,2.276026092,1.84228927
12/04/2021 12:00,2.179367905,1.76571717
12/04/2021 13:00,2.165117825,1.711646048
12/04/2021 14:00,2.125854609,1.650174023
12/04/2021 15:00,1.940214004,1.557374307
12/04/2021 16:00,1.686292867,1.476105807
12/04/2021 17:00,1.678487293,1.2735087
12/04/2021 18:00,1.50371119,1.209164244
12/04/2021 19:00,1.477888253,0.914106965
12/04/2021 20:00,1.375885186,1.106761326
12/04/2021 21:00,1.191376817,0.987775791
12/04/2021 22:00,1.107587173,0.674
12/04/2021 23:00,0.8863458,0.712632132
13/04/2021 00:00,0.674,0.674
13/04/2021 01:00,0.88332887,0.674
13/04/2021 02:00,0.674,0.674
13/04/2021 03:00,0.746622417,0.674
13/04/2021 04:00,0.757777132,0.674
13/04/2021 05:00,0.843109357,0.687949952
13/04/2021 06:00,0.892642588,0.718586683
13/04/2021 07:00,1.141320682,0.761439502
13/04/2021 08:00,1.825090579,1.301711544
13/04/2021 09:00,1.954171567,1.575218859
13/04/2021 10:00,1.933875255,1.718952004
13/04/2021 11:00,2.056693415,1.830985294
13/04/2021 12:00,2.195542073,1.7657192
13/04/2021 13:00,2.223479066,1.743655436
13/04/2021 14:00,2.05127157,1.650573572
13/04/2021 15:00,1.716254305,1.555797587
13/04/2021 16:00,1.830275896,1.445094277
13/04/2021 17:00,1.825040446,1.350286364
13/04/2021 18:00,1.503083829,1.102593157
13/04/2021 19:00,1.400568816,0.896375588
13/04/2021 20:00,1.375859456,0.992982599
13/04/2021 21:00,1.223477745,0.674
13/04/2021 22:00,1.129128406,0.891622871
13/04/2021 23:00,0.927095113,0.712563549
14/04/2021 00:00,0.824415603,0.674
14/04/2021 01:00,0.793181505,0.674
14/04/2021 02:00,0.674,0.674
14/04/2021 03:00,0.674,0.674
14/04/2021 04:00,0.757550769,0.674
14/04/2021 05:00,0.855143422,0.687968468
14/04/2021 06:00,0.892419265,0.713559635
14/04/2021 07:00,1.141654784,0.674
14/04/2021 08:00,1.654719093,1.331788032
14/04/2021 09:00,1.96598639,1.57589802
14/04/2021 10:00,2.136808387,1.713921253
14/04/2021 11:00,2.315888496,1.832038081
14/04/2021 12:00,1.703507952,1.763926445
14/04/2021 13:00,2.208084154,1.743172167
14/04/2021 14:00,2.051308239,1.6505495
14/04/2021 15:00,1.93399419,1.555772
14/04/2021 16:00,1.835325099,0.877210606
14/04/2021 17:00,1.67855276,1.350339138
14/04/2021 18:00,1.502620764,1.208810311
14/04/2021 19:00,1.279092867,1.159540811
14/04/2021 20:00,1.375764988,0.81691853
14/04/2021 21:00,0.801418198,0.984312896
14/04/2021 22:00,1.079479747,0.891638494
14/04/2021 23:00,0.993737303,0.712470521
15/04/2021 00:00,0.674,0.674
15/04/2021 01:00,0.674,0.674
15/04/2021 02:00,0.784133944,0.674
15/04/2021 03:00,0.746245741,0.674
15/04/2021 04:00,0.674,0.674
15/04/2021 05:00,0.854764206,0.687966843
15/04/2021 06:00,0.878117633,0.71796177
15/04/2021 07:00,0.923639647,1.045522206
15/04/2021 08:00,1.655532827,1.182399841
15/04/2021 09:00,1.958130449,1.575349545
15/04/2021 10:00,1.084352335,1.719095956
15/04/2021 11:00,2.276077957,1.831029347
15/04/2021 12:00,2.189870218,1.76493844
15/04/2021 13:00,1.865310279,1.743433628
15/04/2021 14:00,2.105493855,1.651334772
15/04/2021 15:00,1.934050587,1.596176753
15/04/2021 16:00,1.881454053,0.674
15/04/2021 17:00,1.754245972,1.35049089
15/04/2021 18:00,1.503211075,1.199892254
15/04/2021 19:00,1.395040993,0.886010886
15/04/2021 20:00,1.375951643,1.107043238
15/04/2021 21:00,0.801379345,0.984281641
15/04/2021 22:00,1.107720203,0.891538578
15/04/2021 23:00,0.885637316,0.712479218
16/04/2021 00:00,0.891787938,0.725002256
16/04/2021 01:00,0.791137651,0.674
16/04/2021 02:00,0.817171987,0.674
16/04/2021 03:00,0.717468841,0.674
16/04/2021 04:00,0.757289046,0.674
16/04/2021 05:00,0.674,0.687998965
16/04/2021 06:00,0.954862515,0.7179253
16/04/2021 07:00,1.141103026,0.920201447
16/04/2021 08:00,1.642297992,1.331809151
16/04/2021 09:00,1.98683247,2.02132912
16/04/2021 10:00,1.730892121,1.788473041
16/04/2021 11:00,2.276638966,1.877744829
16/04/2021 12:00,2.194961342,1.765762265
16/04/2021 13:00,2.154914672,1.743718055
16/04/2021 14:00,2.051600834,1.624289889
16/04/2021 15:00,1.962743621,1.650451608
16/04/2021 16:00,1.851498436,1.476483684
16/04/2021 17:00,1.675395611,1.15873852
16/04/2021 18:00,1.50312474,0.830574931
16/04/2021 19:00,1.444964279,0.674
16/04/2021 20:00,1.375486439,1.084384755
16/04/2021 21:00,0.77803066,0.983816851
16/04/2021 22:00,1.107507218,0.883384727
16/04/2021 23:00,0.88477112,0.674
17/04/2021 00:00,0.723185862,0.674
17/04/2021 01:00,0.79008251,0.674
17/04/2021 02:00,0.756974571,0.674
17/04/2021 03:00,0.733086501,0.674
17/04/2021 04:00,0.755258629,1.035549216
17/04/2021 05:00,0.852531081,0.674
17/04/2021 06:00,0.889843339,0.674
17/04/2021 07:00,1.137987026,0.915508034
17/04/2021 08:00,1.056602815,1.325310205
17/04/2021 09:00,1.601196239,1.57192378
17/04/2021 10:00,2.14990871,1.7152144
17/04/2021 11:00,1.6997,1.6997
17/04/2021 12:00,1.726452158,1.76110128
17/04/2021 13:00,1.937463804,1.722070052
17/04/2021 14:00,1.599234516,1.644203588
17/04/2021 15:00,1.926124504,1.553389552
17/04/2021 16:00,1.812950299,1.460976014
17/04/2021 17:00,1.670428845,1.343219507
17/04/2021 18:00,1.494076971,1.201720903
17/04/2021 19:00,1.436173537,1.155103656
17/04/2021 20:00,1.347749464,1.084585943
17/04/2021 21:00,1.21428337,0.937146529
17/04/2021 22:00,0.97886694,0.969414231
17/04/2021 23:00,0.970257961,0.780531047
18/04/2021 00:00,0.816036528,0.674
18/04/2021 01:00,0.785349175,0.674
18/04/2021 02:00,0.756693598,0.674
18/04/2021 03:00,0.674,0.674
18/04/2021 04:00,0.674,0.674
18/04/2021 05:00,0.850926184,0.674
18/04/2021 06:00,0.887694548,0.714205225
18/04/2021 07:00,1.136989814,0.914710156
18/04/2021 08:00,1.651487725,1.334589844
18/04/2021 09:00,2.010397276,1.380615325
18/04/2021 10:00,2.133363743,1.708162131
18/04/2021 11:00,1.6997,1.6997
18/04/2021 12:00,2.192208513,1.55924216
18/04/2021 13:00,2.164980726,1.741965001
18/04/2021 14:00,2.048993949,1.671469652
18/04/2021 15:00,1.932156052,1.554277445
18/04/2021 16:00,1.79286847,1.4737485
18/04/2021 17:00,1.677215115,1.350838533
18/04/2021 18:00,1.502085542,1.208039766
18/04/2021 19:00,0.674,1.16183586
18/04/2021 20:00,1.331374435,1.106354884
18/04/2021 21:00,1.22497902,0.954732101
18/04/2021 22:00,1.10823836,0.891461996
18/04/2021 23:00,0.885558073,0.674
19/04/2021 00:00,0.681516608,0.714853171
19/04/2021 01:00,0.786374713,0.674
19/04/2021 02:00,0.783607314,0.674
19/04/2021 03:00,0.744708649,0.674
19/04/2021 04:00,0.75882771,0.674
19/04/2021 05:00,0.85514937,0.716643613
19/04/2021 06:00,0.842770996,0.715325539
19/04/2021 07:00,1.141302631,0.918160362
19/04/2021 08:00,1.655506003,1.390689713
19/04/2021 09:00,1.958112251,1.135694438
19/04/2021 10:00,2.136834962,1.705751075
19/04/2021 11:00,2.276066935,1.702446709
19/04/2021 12:00,2.193567659,1.765903307
19/04/2021 13:00,2.167137819,1.743702986
19/04/2021 14:00,2.051047571,1.650227292
19/04/2021 15:00,1.125399595,1.555716942
19/04/2021 16:00,1.832116719,0.913541783
19/04/2021 17:00,1.68801637,1.350376087
19/04/2021 18:00,1.431571346,1.210704112
19/04/2021 19:00,0.967729301,0.674
19/04/2021 20:00,1.355560083,1.107120871
19/04/2021 21:00,1.223723546,0.984420635
19/04/2021 22:00,1.108625911,0.89195552
19/04/2021 23:00,0.886046065,0.712803988
20/04/2021 00:00,0.820686936,0.674
20/04/2021 01:00,0.800183742,0.674
20/04/2021 02:00,0.752294305,0.674
20/04/2021 03:00,0.899469529,0.674
20/04/2021 04:00,0.757180862,0.706010676
20/04/2021 05:00,0.855133867,0.694655542
20/04/2021 06:00,0.884209353,0.717794839
20/04/2021 07:00,1.053603368,0.918049385
20/04/2021 08:00,1.069321349,1.306077697
20/04/2021 09:00,2.064684476,1.578121035
20/04/2021 10:00,2.136492268,1.703425086
20/04/2021 11:00,1.561967011,1.830951456
20/04/2021 12:00,2.190111071,1.765697647
20/04/2021 13:00,2.116568758,1.769230251
20/04/2021 14:00,2.005633298,1.646241539
20/04/2021 15:00,1.933951451,1.62292305
20/04/2021 16:00,0.994129312,1.476857228
20/04/2021 17:00,1.60191521,1.350577169
20/04/2021 18:00,1.472908343,1.060783327
20/04/2021 19:00,1.446568634,1.162446671
20/04/2021 20:00,1.375341284,1.106400492
20/04/2021 21:00,1.223528359,1.403945118
20/04/2021 22:00,1.115170924,1.142518579
20/04/2021 23:00,0.885983106,0.712771488
21/04/2021 00:00,0.751279379,0.674
21/04/2021 01:00,0.791532776,0.674
21/04/2021 02:00,0.7586639,0.674
21/04/2021 03:00,0.746464962,0.674
21/04/2021 04:00,0.674,0.674
21/04/2021 05:00,0.855086092,0.721668176
21/04/2021 06:00,0.674,0.674
21/04/2021 07:00,1.140943561,0.918131655
21/04/2021 08:00,1.212327153,1.38534701
21/04/2021 09:00,1.968097904,1.567288826
21/04/2021 10:00,2.283946218,2.301790176
21/04/2021 11:00,2.275870852,1.696865272
21/04/2021 12:00,2.19858846,1.753164911
21/04/2021 13:00,2.167541871,1.743974569
21/04/2021 14:00,2.047783656,1.650210033
21/04/2021 15:00,1.934017027,1.55584086
21/04/2021 16:00,1.835194294,1.36657315
21/04/2021 17:00,1.707303936,1.350442537
21/04/2021 18:00,1.55957602,1.207166243
21/04/2021 19:00,1.444512847,1.097776801
21/04/2021 20:00,1.37183968,1.029830565
21/04/2021 21:00,1.223567182,0.674
21/04/2021 22:00,1.114871088,0.891720519
21/04/2021 23:00,0.885889937,0.712684709
22/04/2021 00:00,0.812229306,0.674
22/04/2021 01:00,0.674,0.674
22/04/2021 02:00,0.674,0.674
22/04/2021 03:00,0.716719167,0.674
22/04/2021 04:00,0.772226217,0.674
22/04/2021 05:00,0.862776819,0.674
22/04/2021 06:00,0.906628205,0.728340658
22/04/2021 07:00,1.158890182,0.917697097
22/04/2021 08:00,1.651539244,0.809036423
22/04/2021 09:00,1.958183803,1.559115845
22/04/2021 10:00,2.133700932,1.71984838
22/04/2021 11:00,2.276129187,1.831408935
22/04/2021 12:00,1.657599244,1.765806306
22/04/2021 13:00,2.253795739,1.743441468
22/04/2021 14:00,2.051063467,1.650263644
22/04/2021 15:00,1.899665965,1.016864821
22/04/2021 16:00,1.651574858,1.476288853
22/04/2021 17:00,1.459775247,1.312543252
22/04/2021 18:00,1.490822682,1.205202139
22/04/2021 19:00,1.538151543,0.674
22/04/2021 20:00,1.104279712,1.107008477
22/04/2021 21:00,0.71578631,0.984360482
22/04/2021 22:00,1.107774061,0.89158236
22/04/2021 23:00,0.895350819,0.712544242
23/04/2021 00:00,0.82505394,0.674
23/04/2021 01:00,0.674,0.674
23/04/2021 02:00,0.758582126,0.674
23/04/2021 03:00,0.895586358,0.674
23/04/2021 04:00,0.674,0.674
23/04/2021 05:00,0.854925902,0.688101498
23/04/2021 06:00,0.892086069,0.717872064
23/04/2021 07:00,0.835887093,1.032578377
23/04/2021 08:00,1.65553433,1.449803831
23/04/2021 09:00,1.958037077,1.575176983
23/04/2021 10:00,1.690781031,1.704848832
23/04/2021 11:00,2.276164952,1.830974508
23/04/2021 12:00,2.194907289,1.847459052
23/04/2021 13:00,2.166936696,1.716851171
23/04/2021 14:00,2.051317188,1.588038042
23/04/2021 15:00,1.933790108,0.918351279
23/04/2021 16:00,1.835672883,1.476498108
23/04/2021 17:00,1.678651447,0.674
23/04/2021 18:00,1.386162973,1.250639701
23/04/2021 19:00,1.282315363,1.16287456
23/04/2021 20:00,1.376155769,1.107064985
23/04/2021 21:00,1.223668326,0.984495427
23/04/2021 22:00,1.108364344,0.891599185
23/04/2021 23:00,0.674,0.712702933
24/04/2021 00:00,0.674,0.674
24/04/2021 01:00,0.791027387,0.674
24/04/2021 02:00,0.758145944,0.674
24/04/2021 03:00,0.739859151,0.674
24/04/2021 04:00,0.744962484,0.674
24/04/2021 05:00,0.854704798,0.696324994
24/04/2021 06:00,0.892025132,0.674
24/04/2021 07:00,1.140989989,0.917495732
24/04/2021 08:00,1.654522534,0.674
24/04/2021 09:00,2.075484532,1.574186314
24/04/2021 10:00,2.136861246,0.799516458
24/04/2021 11:00,1.6997,1.6997
24/04/2021 12:00,2.194257879,1.76518595
24/04/2021 13:00,2.23340804,1.287601968
24/04/2021 14:00,1.718973374,1.649622782
24/04/2021 15:00,1.932728251,1.351436572
24/04/2021 16:00,1.427240567,1.47581587
24/04/2021 17:00,1.689221222,1.349662385
24/04/2021 18:00,1.502269354,0.703150767
24/04/2021 19:00,1.439776091,1.155260678
24/04/2021 20:00,1.360533276,1.106245456
24/04/2021 21:00,1.22269407,1.012283445
24/04/2021 22:00,1.036421151,0.885734096
24/04/2021 23:00,0.674,0.711795795
25/04/2021 00:00,0.823605545,0.674
25/04/2021 01:00,0.790324298,0.674
25/04/2021 02:00,0.757445677,0.674
25/04/2021 03:00,0.674,0.674
25/04/2021 04:00,0.749357727,0.674
25/04/2021 05:00,0.855732382,0.687935566
25/04/2021 06:00,0.89251683,0.674
25/04/2021 07:00,1.237107161,0.918126389
25/04/2021 08:00,1.575044749,1.331740531
25/04/2021 09:00,1.561160844,1.575172532
25/04/2021 10:00,1.032101602,1.551144454
25/04/2021 11:00,1.6997,1.6997
25/04/2021 12:00,1.512853412,1.765776293
25/04/2021 13:00,2.167588209,1.71257551
25/04/2021 14:00,2.018250581,1.413800837
25/04/2021 15:00,1.936331214,1.555947382
25/04/2021 16:00,1.835503155,1.475485754
25/04/2021 17:00,1.678788415,1.408076951
25/04/2021 18:00,1.483724392,1.209493862
25/04/2021 19:00,1.445370872,1.166746599
25/04/2021 20:00,1.006524052,1.107244861
25/04/2021 21:00,1.224085939,1.017635752
25/04/2021 22:00,1.109332286,0.892425956
25/04/2021 23:00,0.92760359,0.713721248
26/04/2021 00:00,0.674,0.674
26/04/2021 01:00,0.974108021,0.674
26/04/2021 02:00,0.758939807,0.674
26/04/2021 03:00,0.728279363,0.686841587
26/04/2021 04:00,0.877457463,0.674
26/04/2021 05:00,0.674,0.688037626
26/04/2021 06:00,0.885429872,0.718032478
26/04/2021 07:00,1.141449676,0.674
26/04/2021 08:00,1.461903888,1.320755743
26/04/2021 09:00,1.958628126,1.575242907
26/04/2021 10:00,2.136801103,1.904613452
26/04/2021 11:00,2.275989155,1.831440457
26/04/2021 12:00,2.194927269,1.764883518
26/04/2021 13:00,2.108607805,1.743583131
26/04/2021 14:00,2.079838216,1.649726945
26/04/2021 15:00,1.933768929,1.555650245
26/04/2021 16:00,1.826492336,1.476382528
26/04/2021 17:00,1.790705065,1.35005953
26/04/2021 18:00,1.502700169,1.192446187
26/04/2021 19:00,1.447885375,1.11842597
26/04/2021 20:00,1.37542071,1.106111224
26/04/2021 21:00,1.12615361,0.85451272
26/04/2021 22:00,1.099781477,0.906164933
26/04/2021 23:00,0.674,0.674
27/04/2021 00:00,0.674,0.74471609
27/04/2021 01:00,0.792217257,0.674
27/04/2021 02:00,0.775968224,0.674
27/04/2021 03:00,0.74632499,0.674
27/04/2021 04:00,0.768366697,0.674
27/04/2021 05:00,1.132352809,0.68862347
27/04/2021 06:00,0.866231217,0.71807012
27/04/2021 07:00,1.122510886,0.918332846
27/04/2021 08:00,1.694977347,1.332323706
27/04/2021 09:00,1.958340509,1.575419619
27/04/2021 10:00,2.137044711,1.719288482
27/04/2021 11:00,2.277337175,1.831187208
27/04/2021 12:00,2.05674539,1.848694541
27/04/2021 13:00,2.167726975,1.809742606
27/04/2021 14:00,2.051481017,1.645114438
27/04/2021 15:00,1.380430395,1.556056877
27/04/2021 16:00,1.835590042,1.476557046
27/04/2021 17:00,1.215471183,1.351911277
27/04/2021 18:00,1.502513426,1.209250744
27/04/2021 19:00,1.444982558,1.163136328
27/04/2021 20:00,1.375836375,1.106835817
27/04/2021 21:00,1.223310962,0.981296624
27/04/2021 22:00,1.105631646,0.889410995
27/04/2021 23:00,0.882025416,0.711319712
28/04/2021 00:00,0.824117544,0.837246595
28/04/2021 01:00,0.790961714,0.674
28/04/2021 02:00,0.75726698,0.674
28/04/2021 03:00,0.7431554,0.674
28/04/2021 04:00,0.744129715,0.674
28/04/2021 05:00,0.853584143,0.674
28/04/2021 06:00,0.684413285,1.363891644
28/04/2021 07:00,0.674,0.915154887
28/04/2021 08:00,1.653272109,1.328832871
28/04/2021 09:00,1.996775632,0.824503321
28/04/2021 10:00,2.133664413,1.71663338
28/04/2021 11:00,2.302285146,1.828820442
28/04/2021 12:00,2.192735591,1.768933652
28/04/2021 13:00,1.758655296,1.74247111
28/04/2021 14:00,1.916290409,1.649899622
28/04/2021 15:00,1.358978163,1.555561551
28/04/2021 16:00,1.835992178,1.0163644
28/04/2021 17:00,1.680084143,1.351520262
28/04/2021 18:00,1.505483313,0.684311567
28/04/2021 19:00,1.285241743,1.158489179
28/04/2021 20:00,1.406410794,1.110089729
28/04/2021 21:00,1.229877422,0.920354615
28/04/2021 22:00,1.049948484,0.674
28/04/2021 23:00,0.894578253,0.718109899
29/04/2021 00:00,0.869745529,0.674
29/04/2021 01:00,0.800824645,0.674
29/04/2021 02:00,0.765906943,0.674
29/04/2021 03:00,0.748069171,0.674
29/04/2021 04:00,0.76466055,0.674
29/04/2021 05:00,0.977894441,0.694585491
29/04/2021 06:00,0.932670431,0.710256532
29/04/2021 07:00,1.144180299,0.919597262
29/04/2021 08:00,1.540410068,1.239107526
29/04/2021 09:00,1.782800576,1.434197728
29/04/2021 10:00,1.956309634,1.573938852
29/04/2021 11:00,2.121796988,1.7646
29/04/2021 12:00,2.088277089,1.454976327
29/04/2021 13:00,2.088505111,1.679987018
29/04/2021 14:00,2.007657469,1.615478578
29/04/2021 15:00,1.910476256,1.536378336
29/04/2021 16:00,1.485525004,1.204150686
29/04/2021 17:00,1.754315843,0.92823155
29/04/2021 18:00,1.50300276,1.25211872
29/04/2021 19:00,1.523294251,1.214099086
29/04/2021 20:00,1.461117801,1.197059092
29/04/2021 21:00,1.313864326,1.056956321
29/04/2021 22:00,1.212812619,0.674
29/04/2021 23:00,0.971460915,0.802179461
30/04/2021 00:00,0.902004044,0.725635432
30/04/2021 01:00,0.84839372,0.84932395
30/04/2021 02:00,0.72178239,0.674
30/04/2021 03:00,0.674,0.674
30/04/2021 04:00,0.770007332,0.674
30/04/2021 05:00,1.030613438,0.747755677
30/04/2021 06:00,0.851071624,0.721805258
30/04/2021 07:00,1.319989626,0.674
30/04/2021 08:00,1.381666911,1.174330355
30/04/2021 09:00,1.662382938,1.33732315
30/04/2021 10:00,1.830352432,1.472448885
30/04/2021 11:00,1.974208147,1.595706371
30/04/2021 12:00,1.6997,1.681903266
30/04/2021 13:00,1.980976557,1.593636469
30/04/2021 14:00,1.921152745,1.690837976
30/04/2021 15:00,1.820573256,1.474517731
30/04/2021 16:00,1.753171547,1.400081038
30/04/2021 17:00,1.588037602,1.277437604
30/04/2021 18:00,1.462834429,0.674
30/04/2021 19:00,0.949611711,1.232249997
30/04/2021 20:00,1.364235414,0.674
30/04/2021 21:00,1.241746584,0.997389674
30/04/2021 22:00,1.17158975,0.916010941
30/04/2021 23:00,0.930957272,0.75720312
01/05/2021 00:00,0.674,0.674
01/05/2021 01:00,0.773857117,0.674
01/05/2021 02:00,0.674,0.674
01/05/2021 03:00,0.674,0.674
01/05/2021 04:00,0.674,0.674
01/05/2021 05:00,0.862062191,0.674
01/05/2021 06:00,0.676916487,0.674
01/05/2021 07:00,0.924739151,0.843771167
01/05/2021 08:00,1.208679066,0.932794489
01/05/2021 09:00,1.353058664,1.076107768
01/05/2021 10:00,1.435536321,1.216889371
01/05/2021 11:00,1.713199642,1.37928908
01/05/2021 12:00,1.756614895,1.413458545
01/05/2021 13:00,1.811022311,1.470190154
01/05/2021 14:00,1.759696935,1.437401877
01/05/2021 15:00,1.340455054,1.39244344
01/05/2021 16:00,1.709142755,0.953491856
01/05/2021 17:00,1.612318338,1.304608402
01/05/2021 18:00,1.516168202,1.219156978
01/05/2021 19:00,1.483660661,1.114241826
01/05/2021 20:00,1.420787634,1.15559844
01/05/2021 21:00,1.326110412,1.066817862
01/05/2021 22:00,1.234931531,0.958849205
01/05/2021 23:00,1.048063785,0.847998629
02/05/2021 00:00,0.945059349,0.720549977
02/05/2021 01:00,0.834304092,0.691093618
02/05/2021 02:00,0.674,0.674
02/05/2021 03:00,0.674,0.674
02/05/2021 04:00,0.778177214,0.674
02/05/2021 05:00,0.908405691,0.730420329
02/05/2021 06:00,0.71466416,0.674
02/05/2021 07:00,1.026577706,0.835407433
02/05/2021 08:00,0.740232369,1.060727733
02/05/2021 09:00,1.345022317,1.078484242
02/05/2021 10:00,1.500291955,1.207235132
02/05/2021 11:00,1.700814254,1.369120532
02/05/2021 12:00,1.140733583,1.264528978
02/05/2021 13:00,1.798140367,1.446578669
02/05/2021 14:00,1.862945891,1.264871259
02/05/2021 15:00,1.72756272,1.38411403
02/05/2021 16:00,1.699418341,1.366923052
02/05/2021 17:00,1.613815524,1.297224202
02/05/2021 18:00,1.119344339,1.256582186
02/05/2021 19:00,1.358238406,0.911963578
02/05/2021 20:00,1.445658595,1.163016735
02/05/2021 21:00,1.335721002,1.074420682
02/05/2021 22:00,1.234125469,0.992815132
02/05/2021 23:00,1.042771424,0.917279948
03/05/2021 00:00,0.8922251,0.674
03/05/2021 01:00,0.797191465,0.674
03/05/2021 02:00,0.790971517,0.686326981
03/05/2021 03:00,0.765684653,0.674
03/05/2021 04:00,0.781943611,0.674
03/05/2021 05:00,0.922215342,0.742045148
03/05/2021 06:00,0.937727586,0.763497529
03/05/2021 07:00,1.044649824,0.844607204
03/05/2021 08:00,1.197313084,0.729763349
03/05/2021 09:00,1.342936094,1.089251547
03/05/2021 10:00,1.280195253,1.209767456
03/05/2021 11:00,1.801696953,1.339966652
03/05/2021 12:00,1.752262596,1.021082715
03/05/2021 13:00,1.771663019,1.442527945
03/05/2021 14:00,1.808281177,1.440408159
03/05/2021 15:00,1.720916956,1.388857141
03/05/2021 16:00,1.799377571,1.372017961
03/05/2021 17:00,1.272460948,1.30134267
03/05/2021 18:00,1.546707945,1.24537517
03/05/2021 19:00,1.514684892,0.904410597
03/05/2021 20:00,1.42951912,0.846891772
03/05/2021 21:00,1.368550988,1.032942966
03/05/2021 22:00,1.214629098,0.977195976
03/05/2021 23:00,0.896770674,0.721364866
04/05/2021 00:00,0.712065163,0.674
04/05/2021 01:00,0.674,0.674
04/05/2021 02:00,0.674,0.674
04/05/2021 03:00,0.674,0.674
04/05/2021 04:00,0.674,0.674
04/05/2021 05:00,0.683318174,0.674
04/05/2021 06:00,0.674,0.674
04/05/2021 07:00,0.742496025,0.674
04/05/2021 08:00,1.216326079,0.782357316
04/05/2021 09:00,1.594878551,1.282838193
04/05/2021 10:00,1.83728589,1.351730061
04/05/2021 11:00,2.077382686,1.67055879
04/05/2021 12:00,2.099630094,1.689450705
04/05/2021 13:00,2.346,2.346
04/05/2021 14:00,2.142027105,1.719571306
04/05/2021 15:00,1.909248968,1.725914626
04/05/2021 16:00,2.065491062,1.675558522
04/05/2021 17:00,1.931491734,1.147877796
04/05/2021 18:00,1.783263904,1.45668764
04/05/2021 19:00,1.529720433,1.068056384
04/05/2021 20:00,1.445793363,1.161958673
04/05/2021 21:00,1.261802338,1.014878276
04/05/2021 22:00,1.356194748,1.095216117
04/05/2021 23:00,1.127629492,0.674
05/05/2021 00:00,1.359058498,1.093446218
05/05/2021 01:00,1.316419259,0.972900192
05/05/2021 02:00,0.825965419,0.710429867
05/05/2021 03:00,1.102385766,1.127685816
05/05/2021 04:00,0.913675357,0.734963273
05/05/2021 05:00,0.973630077,0.820586427
05/05/2021 06:00,1.064624149,0.674
05/05/2021 07:00,1.363163773,1.101164543
05/05/2021 08:00,2.048429283,1.647882232
05/05/2021 09:00,2.099422596,1.986102499
05/05/2021 10:00,2.799117952,2.240085435
05/05/2021 11:00,3.064390829,2.487762241
05/05/2021 12:00,3.062625883,2.435494054
05/05/2021 13:00,2.831371898,2.27750083
05/05/2021 14:00,2.740566843,2.204542195
05/05/2021 15:00,2.858369454,2.29121059
05/05/2021 16:00,2.695126313,1.562869281
05/05/2021 17:00,2.493563708,1.948526833
05/05/2021 18:00,2.20133497,1.725941312
05/05/2021 19:00,1.863188016,1.497626939
05/05/2021 20:00,1.618185138,1.302121582
05/05/2021 21:00,1.324975009,1.061008156
05/05/2021 22:00,1.151366836,1.083243844
05/05/2021 23:00,1.02939905,0.828125514
06/05/2021 00:00,0.868363912,0.686701004
06/05/2021 01:00,0.842916963,0.67423359
06/05/2021 02:00,0.807533607,0.674
06/05/2021 03:00,0.719307203,0.674
06/05/2021 04:00,0.838012472,0.674
06/05/2021 05:00,0.947241655,0.762088572
06/05/2021 06:00,0.938766185,0.75355488
06/05/2021 07:00,1.289627198,1.037602453
06/05/2021 08:00,2.008947541,1.667137435
06/05/2021 09:00,2.545006203,1.97090057
06/05/2021 10:00,2.786613104,2.388883396
06/05/2021 11:00,3.072994159,2.472126176
06/05/2021 12:00,3.070625706,2.466205067
06/05/2021 13:00,3.174,2.440005124
06/05/2021 14:00,2.91398584,2.346834653
06/05/2021 15:00,2.870538784,2.309202006
06/05/2021 16:00,2.763610432,2.192509582
06/05/2021 17:00,2.544337341,2.1367601
06/05/2021 18:00,2.244911367,1.774583613
06/05/2021 19:00,2.083448002,1.572214193
06/05/2021 20:00,1.661594065,1.399034048
06/05/2021 21:00,1.478935797,1.189687732
06/05/2021 22:00,1.348000882,1.096402059
06/05/2021 23:00,0.702053508,0.939184923
07/05/2021 00:00,0.998490901,0.798238363
07/05/2021 01:00,0.979538177,0.841161089
07/05/2021 02:00,0.849502707,0.822920846
07/05/2021 03:00,1.130318829,0.674
07/05/2021 04:00,1.026352215,0.810502548
07/05/2021 05:00,1.138082731,0.852976546
07/05/2021 06:00,1.13488245,0.913003114
07/05/2021 07:00,1.407820473,1.150241997
07/05/2021 08:00,1.920535374,1.542783941
07/05/2021 09:00,2.019396541,1.807981925
07/05/2021 10:00,2.366223442,2.067852665
07/05/2021 11:00,2.755037379,2.216321649
07/05/2021 12:00,2.765319913,2.346
07/05/2021 13:00,2.761974926,2.221708481
07/05/2021 14:00,2.53321503,1.170371951
07/05/2021 15:00,2.618890271,2.106514405
07/05/2021 16:00,2.465306375,2.021927048
07/05/2021 17:00,2.328405162,1.655486289
07/05/2021 18:00,1.837969352,1.619529119
07/05/2021 19:00,1.583419284,1.492179957
07/05/2021 20:00,1.512038373,1.376413604
07/05/2021 21:00,1.566380725,1.195703015
07/05/2021 22:00,1.339362513,0.88212658
07/05/2021 23:00,1.105755778,0.832813738
08/05/2021 00:00,0.835625696,0.67692372
08/05/2021 01:00,0.758192804,1.116734913
08/05/2021 02:00,0.674,0.674
08/05/2021 03:00,0.755144896,0.674
08/05/2021 04:00,0.683193425,0.674
08/05/2021 05:00,0.783037572,0.674
08/05/2021 06:00,0.723445764,0.674
08/05/2021 07:00,0.930257792,0.759006216
08/05/2021 08:00,1.386128615,1.041638193
08/05/2021 09:00,1.679868432,1.35392808
08/05/2021 10:00,1.920728897,1.536351329
08/05/2021 11:00,2.169470939,1.886
08/05/2021 12:00,2.177212546,1.760626647
08/05/2021 13:00,1.886,1.756680262
08/05/2021 14:00,2.115070623,1.80262722
08/05/2021 15:00,2.034880193,1.65061013
08/05/2021 16:00,1.977054851,1.59045759
08/05/2021 17:00,1.672715157,1.405645478
08/05/2021 18:00,1.621969022,1.302436733
08/05/2021 19:00,1.4941667,1.201978104
08/05/2021 20:00,0.995733183,1.098889299
08/05/2021 21:00,1.183307842,0.875969769
08/05/2021 22:00,1.075489949,0.852767208
08/05/2021 23:00,0.807429759,0.704730391
09/05/2021 00:00,0.674,0.674
09/05/2021 01:00,0.674,0.674
09/05/2021 02:00,0.674,0.674
09/05/2021 03:00,0.674,0.674
09/05/2021 04:00,0.674,0.674
09/05/2021 05:00,0.674,0.674
09/05/2021 06:00,0.767249432,0.674
09/05/2021 07:00,1.122487491,0.808128798
09/05/2021 08:00,1.529388443,1.257307274
09/05/2021 09:00,1.898509312,1.489007305
09/05/2021 10:00,2.056490318,1.73258997
09/05/2021 11:00,2.478224672,1.993504897
09/05/2021 12:00,1.886,1.915526682
09/05/2021 13:00,2.523224108,1.886
09/05/2021 14:00,2.521980491,1.981883746
09/05/2021 15:00,2.0963601,1.851849324
09/05/2021 16:00,2.347059326,1.422699645
09/05/2021 17:00,2.217565721,1.164649492
09/05/2021 18:00,1.993211476,1.603435655
09/05/2021 19:00,1.370054989,1.42105568
09/05/2021 20:00,1.640899995,1.378919251
09/05/2021 21:00,1.519761072,1.222604903
09/05/2021 22:00,1.491376368,1.198783468
09/05/2021 23:00,1.293793864,1.279528191
10/05/2021 00:00,1.072498164,0.862789542
10/05/2021 01:00,1.082147286,0.825250809
10/05/2021 02:00,0.977155272,0.674
10/05/2021 03:00,0.962254245,0.751021277
10/05/2021 04:00,0.972666618,0.735308194
10/05/2021 05:00,1.074135491,0.874688687
10/05/2021 06:00,1.117127988,0.900860041
10/05/2021 07:00,1.346416602,1.083121818
10/05/2021 08:00,1.946566122,1.057216652
10/05/2021 09:00,2.260270279,1.462211551
10/05/2021 10:00,2.59707146,2.089375327
10/05/2021 11:00,2.959549463,1.57899876
10/05/2021 12:00,2.87628552,2.346
10/05/2021 13:00,2.871858479,2.310287019
10/05/2021 14:00,2.784398959,2.239782247
10/05/2021 15:00,2.73739573,2.201891083
10/05/2021 16:00,2.628093021,2.114210826
10/05/2021 17:00,2.4713613,1.987938724
10/05/2021 18:00,2.198410628,1.768540248
10/05/2021 19:00,1.994198742,1.527353076
10/05/2021 20:00,1.813055798,1.466099908
10/05/2021 21:00,1.00177204,1.087721248
10/05/2021 22:00,1.464359408,0.7818414
10/05/2021 23:00,1.240246453,0.996303923
11/05/2021 00:00,0.995830269,0.80110711
11/05/2021 01:00,0.674,0.674
11/05/2021 02:00,0.875307907,0.674
11/05/2021 03:00,0.674,0.71447364
11/05/2021 04:00,0.674,0.696326303
11/05/2021 05:00,0.914249333,0.787208672
11/05/2021 06:00,1.011646653,0.815746011
11/05/2021 07:00,1.306958189,1.042668046
11/05/2021 08:00,1.983207985,1.587371637
11/05/2021 09:00,2.456836571,1.927221296
11/05/2021 10:00,2.723940584,2.191286564
11/05/2021 11:00,3.008778859,2.385216421
11/05/2021 12:00,3.055843259,2.424614792
11/05/2021 13:00,2.69406874,2.40745194
11/05/2021 14:00,2.8840323,2.319604325
11/05/2021 15:00,2.840948017,1.788566727
11/05/2021 16:00,2.707697148,2.17874966
11/05/2021 17:00,2.57195108,2.067587775
11/05/2021 18:00,2.213445752,1.780674446
11/05/2021 19:00,2.063243109,1.578975556
11/05/2021 20:00,1.365475137,1.412462834
11/05/2021 21:00,1.500377967,1.20695637
11/05/2021 22:00,1.358864115,1.043001996
11/05/2021 23:00,1.133793454,0.912087859
12/05/2021 00:00,0.927892696,0.674
12/05/2021 01:00,0.888667009,0.714885438
12/05/2021 02:00,0.83619071,0.744077479
12/05/2021 03:00,0.829642523,0.674
12/05/2021 04:00,0.844758522,0.678170658
12/05/2021 05:00,0.957572801,0.771080946
12/05/2021 06:00,1.002047168,0.806623186
12/05/2021 07:00,1.405860875,1.054131494
12/05/2021 08:00,1.969544148,0.674
12/05/2021 09:00,2.410678075,1.499770754
12/05/2021 10:00,2.217745814,1.56531871
12/05/2021 11:00,2.690213319,2.43298274
12/05/2021 12:00,3.026455239,2.52835784
12/05/2021 13:00,3.009126283,2.864022893
12/05/2021 14:00,2.890729345,2.330372955
12/05/2021 15:00,2.851742899,2.294121809
12/05/2021 16:00,2.716751442,2.185554894
12/05/2021 17:00,1.475406502,2.043025364
12/05/2021 18:00,2.218911211,1.841337379
12/05/2021 19:00,1.898997516,1.582160841
12/05/2021 20:00,1.090793385,1.416639452
12/05/2021 21:00,1.501902919,1.072541994
12/05/2021 22:00,1.362138813,1.094475639
12/05/2021 23:00,1.133605792,0.913465539
13/05/2021 00:00,0.927940544,0.747629529
13/05/2021 01:00,0.888330335,0.714648569
13/05/2021 02:00,0.706425757,0.674
13/05/2021 03:00,0.674,0.720200637
13/05/2021 04:00,0.674,0.744654455
13/05/2021 05:00,0.820075052,0.770144493
13/05/2021 06:00,1.012184403,0.80540976
13/05/2021 07:00,1.309267062,1.053265712
13/05/2021 08:00,2.006383111,1.605342876
13/05/2021 09:00,2.409863086,1.938664241
13/05/2021 10:00,2.739795991,2.204055043
13/05/2021 11:00,3.023656811,2.413564934
13/05/2021 12:00,3.025746713,2.434105603
13/05/2021 13:00,2.990414205,2.41715148
13/05/2021 14:00,2.897917659,2.330340724
13/05/2021 15:00,2.852310059,2.279279146
13/05/2021 16:00,2.957030472,1.797968928
13/05/2021 17:00,2.538477688,2.041504616
13/05/2021 18:00,2.218251646,1.784490824
13/05/2021 19:00,1.966038505,1.419129263
13/05/2021 20:00,1.407129061,1.41024188
13/05/2021 21:00,1.523695868,1.200259349
13/05/2021 22:00,1.35953734,1.093778471
13/05/2021 23:00,1.132731889,0.911241184
14/05/2021 00:00,0.939106315,0.752193856
14/05/2021 01:00,0.876607989,0.714564657
14/05/2021 02:00,0.844682718,0.679499104
14/05/2021 03:00,0.829248476,0.674
14/05/2021 04:00,0.674,0.678523074
14/05/2021 05:00,0.674,0.770244631
14/05/2021 06:00,1.651754884,0.804705813
14/05/2021 07:00,1.309509648,1.053436605
14/05/2021 08:00,1.969053042,1.605596174
14/05/2021 09:00,2.409989544,1.905257332
14/05/2021 10:00,2.740007265,2.20450488
14/05/2021 11:00,3.024438457,2.432761089
14/05/2021 12:00,3.025991905,2.434844544
14/05/2021 13:00,3.009260318,2.419001566
14/05/2021 14:00,2.897394853,1.888922357
14/05/2021 15:00,2.852513443,2.307106601
14/05/2021 16:00,2.718078388,2.076384276
14/05/2021 17:00,2.540246084,1.237929443
14/05/2021 18:00,2.215211806,1.785958653
14/05/2021 19:00,1.970256496,0.978039262
14/05/2021 20:00,1.759695741,1.415623869
14/05/2021 21:00,1.470593901,1.278675755
14/05/2021 22:00,1.36181954,1.095596086
14/05/2021 23:00,1.135680251,0.913603477
15/05/2021 00:00,1.222669703,0.674
15/05/2021 01:00,0.892312846,0.717844483
15/05/2021 02:00,0.853896157,0.68680915
15/05/2021 03:00,0.8313803,0.675601337
15/05/2021 04:00,0.803520117,0.68095752
15/05/2021 05:00,0.955334293,0.674
15/05/2021 06:00,0.968315928,0.778546505
15/05/2021 07:00,0.714050511,0.674
15/05/2021 08:00,1.956925179,1.574584297
15/05/2021 09:00,2.368981477,1.878361666
15/05/2021 10:00,2.696428955,2.169335063
15/05/2021 11:00,2.974394189,2.390748865
15/05/2021 12:00,1.886,2.395467156
15/05/2021 13:00,2.955111565,1.886
15/05/2021 14:00,2.842051466,2.286527607
15/05/2021 15:00,2.776579986,2.244781766
15/05/2021 16:00,2.641919412,2.108812629
15/05/2021 17:00,2.441826555,1.978888569
15/05/2021 18:00,2.107647749,0.940755556
15/05/2021 19:00,1.883052987,1.514543883
15/05/2021 20:00,1.674088642,1.346763699
15/05/2021 21:00,1.378965556,1.034525802
15/05/2021 22:00,1.275423869,0.999738769
15/05/2021 23:00,1.048741654,0.843667277
16/05/2021 00:00,0.867480611,0.697826959
16/05/2021 01:00,0.900141981,0.674
16/05/2021 02:00,0.805448599,0.674
16/05/2021 03:00,0.747590793,0.712008041
16/05/2021 04:00,0.674,0.674
16/05/2021 05:00,0.877599383,0.710295095
16/05/2021 06:00,0.918156993,0.674
16/05/2021 07:00,1.250053298,0.841105199
16/05/2021 08:00,1.95672697,1.560135341
16/05/2021 09:00,2.355924233,1.882869534
16/05/2021 10:00,2.688691955,2.162895548
16/05/2021 11:00,2.975525409,2.39359751
16/05/2021 12:00,2.980191204,1.886
16/05/2021 13:00,2.963549279,2.387520959
16/05/2021 14:00,2.623700278,2.29834988
16/05/2021 15:00,3.028107179,2.309894566
16/05/2021 16:00,1.886,1.599251194
16/05/2021 17:00,2.51062115,2.015250073
16/05/2021 18:00,2.209435293,1.777628677
16/05/2021 19:00,1.957587548,1.576176096
16/05/2021 20:00,1.749696481,1.409597011
16/05/2021 21:00,1.51053753,1.177592243
16/05/2021 22:00,1.448262905,1.066656794
16/05/2021 23:00,1.128650828,0.91412265
17/05/2021 00:00,0.944396453,0.736181381
17/05/2021 01:00,0.886858463,0.674
17/05/2021 02:00,0.741687485,0.68252038
17/05/2021 03:00,0.827703977,0.674
17/05/2021 04:00,0.749191098,0.739898871
17/05/2021 05:00,0.953649561,0.76912482
17/05/2021 06:00,0.872971201,0.770014169
17/05/2021 07:00,1.308092813,1.052350581
17/05/2021 08:00,2.07504342,1.604701702
17/05/2021 09:00,2.401464115,1.794971715
17/05/2021 10:00,2.739042366,2.203604922
17/05/2021 11:00,3.023186844,2.431900619
17/05/2021 12:00,3.025314191,2.436452821
17/05/2021 13:00,3.006083878,1.323285937
17/05/2021 14:00,3.027515711,2.329843311
17/05/2021 15:00,2.851213877,2.293664633
17/05/2021 16:00,2.371173575,2.18523374
17/05/2021 17:00,2.538903765,1.990134963
17/05/2021 18:00,2.220883901,1.875684932
17/05/2021 19:00,1.966887521,1.553375591
17/05/2021 20:00,1.758358703,1.414530949
17/05/2021 21:00,0.674,1.192098603
17/05/2021 22:00,0.674,1.094435779
17/05/2021 23:00,1.133306888,0.919255478
18/05/2021 00:00,0.933644214,0.696766058
18/05/2021 01:00,0.674,0.714764492
18/05/2021 02:00,0.840486017,0.676566174
18/05/2021 03:00,0.829738827,0.674
18/05/2021 04:00,0.843797078,0.678748416
18/05/2021 05:00,0.957873947,0.770484184
18/05/2021 06:00,1.01298807,0.815933297
18/05/2021 07:00,1.309500279,1.053450922
18/05/2021 08:00,1.995737483,1.605502048
18/05/2021 09:00,2.410061322,1.938825445
18/05/2021 10:00,2.739988535,2.204441296
18/05/2021 11:00,3.024038732,2.432592471
18/05/2021 12:00,3.025982437,2.432838301
18/05/2021 13:00,1.972034655,2.410840455
18/05/2021 14:00,2.669779809,2.329968038
18/05/2021 15:00,2.865759712,2.16962567
18/05/2021 16:00,2.715344432,1.861796422
18/05/2021 17:00,2.539104659,2.042534626
18/05/2021 18:00,2.151311819,1.784780068
18/05/2021 19:00,1.197687061,1.387344985
18/05/2021 20:00,1.760171775,1.398507037
18/05/2021 21:00,1.501779877,1.206409235
18/05/2021 22:00,1.285251838,1.094589892
18/05/2021 23:00,1.143966633,0.911435089
19/05/2021 00:00,0.927744717,0.746221617
19/05/2021 01:00,0.897512282,0.724966963
19/05/2021 02:00,0.835485271,0.674
19/05/2021 03:00,0.674,0.674
19/05/2021 04:00,0.847074135,0.678262034
19/05/2021 05:00,0.940184594,0.76998989
19/05/2021 06:00,1.051335102,0.805356926
19/05/2021 07:00,0.991755769,1.245062162
19/05/2021 08:00,1.995227116,1.285324817
19/05/2021 09:00,2.409624451,1.938596266
19/05/2021 10:00,2.628472107,2.203974351
19/05/2021 11:00,2.962728805,2.43247121
19/05/2021 12:00,2.834321534,2.270206857
19/05/2021 13:00,3.006182579,2.418381932
19/05/2021 14:00,2.896963647,2.331037148
19/05/2021 15:00,2.852724242,2.292946262
19/05/2021 16:00,2.724067636,2.1855215
19/05/2021 17:00,2.539123309,2.044217616
19/05/2021 18:00,2.220147152,1.791126057
19/05/2021 19:00,1.556618695,1.584327348
19/05/2021 20:00,1.758491489,1.059176657
19/05/2021 21:00,1.501951363,1.208256765
19/05/2021 22:00,1.36053859,1.0944811
19/05/2021 23:00,1.133609067,0.674
20/05/2021 00:00,0.927679005,0.708829411
20/05/2021 01:00,1.080237764,0.714575333
20/05/2021 02:00,0.835670674,0.674
20/05/2021 03:00,0.7216533,0.674
20/05/2021 04:00,0.674,0.678413951
20/05/2021 05:00,0.957316213,0.865898968
20/05/2021 06:00,1.032879914,0.698802687
20/05/2021 07:00,0.803798397,1.053124692
20/05/2021 08:00,1.98627641,1.605241975
20/05/2021 09:00,2.409785114,1.939224535
20/05/2021 10:00,2.739738087,2.204017681
20/05/2021 11:00,3.021248857,2.432330653
20/05/2021 12:00,3.025721465,2.434085424
20/05/2021 13:00,3.012404781,2.418148865
20/05/2021 14:00,2.896188693,2.204191321
20/05/2021 15:00,2.851170293,2.293683443
20/05/2021 16:00,2.716638545,2.184954426
20/05/2021 17:00,2.489138014,2.042169139
20/05/2021 18:00,2.218314129,1.784564901
20/05/2021 19:00,1.966153486,1.181780214
20/05/2021 20:00,1.553680526,1.475414194
20/05/2021 21:00,1.492136093,1.200366675
20/05/2021 22:00,1.359599838,0.794945351
20/05/2021 23:00,1.132785079,0.91082251
21/05/2021 00:00,0.93914334,0.755428909
21/05/2021 01:00,0.887137431,0.714507165
21/05/2021 02:00,0.844278632,0.674
21/05/2021 03:00,0.829045529,0.674
21/05/2021 04:00,0.843990135,0.674
21/05/2021 05:00,0.743919268,0.770215912
21/05/2021 06:00,1.001474669,0.80187573
21/05/2021 07:00,1.301574751,1.055324863
21/05/2021 08:00,1.995884047,1.605615379
21/05/2021 09:00,2.203475817,1.943870228
21/05/2021 10:00,2.7405636,2.204552804
21/05/2021 11:00,3.071131448,2.433124886
21/05/2021 12:00,3.02722583,2.43475589
21/05/2021 13:00,3.006981547,2.419087954
21/05/2021 14:00,2.930212638,2.330856352
21/05/2021 15:00,2.482261276,2.294733065
21/05/2021 16:00,2.717603131,2.338850313
21/05/2021 17:00,2.471385835,2.043470664
21/05/2021 18:00,2.220374602,1.661696572
21/05/2021 19:00,1.920124456,1.583309698
21/05/2021 20:00,1.849625127,1.415011986
21/05/2021 21:00,1.470883144,1.14588312
21/05/2021 22:00,1.361912227,1.095696896
21/05/2021 23:00,1.135956508,0.913638329
22/05/2021 00:00,0.674,0.77514363
22/05/2021 01:00,0.894594064,0.717904465
22/05/2021 02:00,0.853791052,0.686164432
22/05/2021 03:00,0.77940445,0.684318186
22/05/2021 04:00,0.844118886,0.678899516
22/05/2021 05:00,0.674,0.674
22/05/2021 06:00,0.968236761,0.779006655
22/05/2021 07:00,1.273352291,0.674
22/05/2021 08:00,1.942700276,1.574431589
22/05/2021 09:00,2.369410629,1.905791084
22/05/2021 10:00,2.696658891,2.169364755
22/05/2021 11:00,2.940322949,2.486336768
22/05/2021 12:00,1.886,1.886
22/05/2021 13:00,2.955141543,2.375946226
22/05/2021 14:00,2.813631672,2.286530897
22/05/2021 15:00,2.793547647,2.242952636
22/05/2021 16:00,2.641452381,2.174534834
22/05/2021 17:00,2.45993108,1.863162104
22/05/2021 18:00,2.1058503,1.712888011
22/05/2021 19:00,1.49626951,1.514808765
22/05/2021 20:00,1.619719656,0.728410988
22/05/2021 21:00,1.379066444,1.111253835
22/05/2021 22:00,1.2610146,1.026588962
22/05/2021 23:00,1.024767329,0.849810586
23/05/2021 00:00,0.867520174,0.697795329
23/05/2021 01:00,0.805854521,0.674
23/05/2021 02:00,0.715496479,0.674
23/05/2021 03:00,0.674,0.674
23/05/2021 04:00,0.726295088,0.674
23/05/2021 05:00,0.878156516,0.674
23/05/2021 06:00,0.89862588,0.744029798
23/05/2021 07:00,1.26780956,1.029109384
23/05/2021 08:00,1.467972025,1.559880231
23/05/2021 09:00,1.794650302,1.895165405
23/05/2021 10:00,2.688190616,2.137728705
23/05/2021 11:00,2.97547548,2.395491232
23/05/2021 12:00,1.886,1.886
23/05/2021 13:00,2.567493643,2.384163332
23/05/2021 14:00,2.856993679,2.298358047
23/05/2021 15:00,2.814881921,2.244343293
23/05/2021 16:00,2.287155722,2.196427436
23/05/2021 17:00,2.521336803,2.017610907
23/05/2021 18:00,2.237984444,1.777778207
23/05/2021 19:00,1.959590704,1.605406878
23/05/2021 20:00,1.752197467,1.409584102
23/05/2021 21:00,1.464018834,1.174815853
23/05/2021 22:00,0.934639975,1.09555615
23/05/2021 23:00,0.674,0.914911802
24/05/2021 00:00,0.940023799,0.798189969
24/05/2021 01:00,0.887405453,0.713392529
24/05/2021 02:00,0.848422036,0.682553904
24/05/2021 03:00,0.69255496,0.674
24/05/2021 04:00,0.841985734,0.674
24/05/2021 05:00,0.956086085,0.674
24/05/2021 06:00,0.759133175,0.752490961
24/05/2021 07:00,1.308269972,1.052537696
24/05/2021 08:00,1.994500341,1.567751257
24/05/2021 09:00,2.409369604,2.099517562
24/05/2021 10:00,2.705891091,1.595063153
24/05/2021 11:00,2.97867121,2.431942444
24/05/2021 12:00,3.174,2.355280607
24/05/2021 13:00,3.005629405,2.417930376
24/05/2021 14:00,2.89606617,2.329776492
24/05/2021 15:00,2.85760991,2.275194683
24/05/2021 16:00,2.716231539,2.170766476
24/05/2021 17:00,2.539085763,2.042371313
24/05/2021 18:00,2.218850656,1.755288216
24/05/2021 19:00,1.966757632,1.582612006
24/05/2021 20:00,1.758303208,1.307669269
24/05/2021 21:00,1.482091847,1.192375615
24/05/2021 22:00,1.360451911,1.094983936
24/05/2021 23:00,1.133291452,0.911920605
25/05/2021 00:00,0.933637202,0.721875994
25/05/2021 01:00,0.888958621,0.713962786
25/05/2021 02:00,0.840284444,0.675957738
25/05/2021 03:00,0.842798067,0.674
25/05/2021 04:00,0.843691468,0.678948806
25/05/2021 05:00,1.0320736,0.768906241
25/05/2021 06:00,1.07993033,0.805670926
25/05/2021 07:00,1.309508144,1.074810141
25/05/2021 08:00,1.990399746,1.605509484
25/05/2021 09:00,2.403859919,1.938813808
25/05/2021 10:00,2.740001477,2.200985656
25/05/2021 11:00,2.935878093,2.268543105
25/05/2021 12:00,2.301301787,2.434298726
25/05/2021 13:00,3.01454343,2.418351681
25/05/2021 14:00,1.796410175,2.330212498
25/05/2021 15:00,2.291682881,2.298182223
25/05/2021 16:00,2.138474981,2.185327119
25/05/2021 17:00,2.335254869,2.090921143
25/05/2021 18:00,2.196780227,1.778914264
25/05/2021 19:00,1.966454629,1.590318419
25/05/2021 20:00,1.454230071,1.382658299
25/05/2021 21:00,1.501757579,1.208199203
25/05/2021 22:00,1.360314411,1.254704741
25/05/2021 23:00,1.133372034,1.399431207
26/05/2021 00:00,0.883558789,0.746094323
26/05/2021 01:00,0.891188519,0.714397734
26/05/2021 02:00,0.83549063,0.674
26/05/2021 03:00,0.828899878,0.674
26/05/2021 04:00,0.843156857,0.678279078
26/05/2021 05:00,1.023057542,0.769977847
26/05/2021 06:00,0.792042902,0.674
26/05/2021 07:00,1.347731453,1.129113601
26/05/2021 08:00,1.995411504,1.634938525
26/05/2021 09:00,2.409713686,1.938624715
26/05/2021 10:00,2.736621003,2.193798377
26/05/2021 11:00,3.024468393,2.432528386
26/05/2021 12:00,3.025981263,2.452953682
26/05/2021 13:00,3.00624053,2.447240369
26/05/2021 14:00,2.896603226,2.330212742
26/05/2021 15:00,2.851640947,2.361182452
26/05/2021 16:00,2.659288222,2.185545498
26/05/2021 17:00,2.539187513,2.042941729
26/05/2021 18:00,2.219022884,1.788818535
26/05/2021 19:00,1.946639157,1.582718366
26/05/2021 20:00,1.758633956,1.414115314
26/05/2021 21:00,1.542566736,1.208300775
26/05/2021 22:00,1.360348098,1.094260685
26/05/2021 23:00,1.13988557,0.915003308
27/05/2021 00:00,0.912233103,0.746309347
27/05/2021 01:00,0.933937305,0.714283337
27/05/2021 02:00,0.835354802,0.674
27/05/2021 03:00,0.82880733,0.674
27/05/2021 04:00,0.842991638,0.678208505
27/05/2021 05:00,0.94996866,0.771574506
27/05/2021 06:00,1.000952509,0.803045739
27/05/2021 07:00,1.309034139,1.053138787
27/05/2021 08:00,1.995363594,1.047535217
27/05/2021 09:00,2.409775773,1.940056197
27/05/2021 10:00,2.740084648,2.094879274
27/05/2021 11:00,3.019112481,2.432487511
27/05/2021 12:00,3.025599894,2.420155476
27/05/2021 13:00,3.00625021,2.409512857
27/05/2021 14:00,2.888927676,2.329775756
27/05/2021 15:00,2.812769433,2.293974403
27/05/2021 16:00,2.716387476,2.185461352
27/05/2021 17:00,2.539004194,2.044157675
27/05/2021 18:00,2.218838503,1.784702503
27/05/2021 19:00,1.966620768,1.582083868
27/05/2021 20:00,1.703374183,1.414476321
27/05/2021 21:00,1.257202722,1.205411488
27/05/2021 22:00,1.359420339,1.097419014
27/05/2021 23:00,1.133218504,0.800360484
28/05/2021 00:00,0.926303609,0.745180183
28/05/2021 01:00,0.904499299,0.713746958
28/05/2021 02:00,0.83472073,0.674
28/05/2021 03:00,0.88456696,0.685831333
28/05/2021 04:00,0.904255853,0.677992725
28/05/2021 05:00,0.956698561,0.769522533
28/05/2021 06:00,1.037897538,0.80486469
28/05/2021 07:00,1.308666246,1.05276328
28/05/2021 08:00,1.076081986,1.604979786
28/05/2021 09:00,2.401001766,1.640102197
28/05/2021 10:00,2.739746651,1.59700952
28/05/2021 11:00,3.023777155,2.063886583
28/05/2021 12:00,3.025714632,2.398693108
28/05/2021 13:00,3.011494617,2.416523244
28/05/2021 14:00,2.897141349,1.230537332
28/05/2021 15:00,2.453060114,2.299105078
28/05/2021 16:00,2.7145023,2.199790292
28/05/2021 17:00,1.506088593,2.043532565
28/05/2021 18:00,2.219538617,1.123670627
28/05/2021 19:00,1.969129227,1.581917426
28/05/2021 20:00,1.760226004,0.674
28/05/2021 21:00,0.859674831,1.2096981
28/05/2021 22:00,1.361060309,1.677551081
28/05/2021 23:00,1.135683038,0.913207101
29/05/2021 00:00,0.905660562,0.696579668
29/05/2021 01:00,0.869961648,0.699940269
29/05/2021 02:00,0.81877273,0.674
29/05/2021 03:00,0.674,0.674
29/05/2021 04:00,0.674,0.674
29/05/2021 05:00,0.863147309,0.772479148
29/05/2021 06:00,0.729805303,0.674
29/05/2021 07:00,0.674,1.041334923
29/05/2021 08:00,1.999213402,1.47089001
29/05/2021 09:00,2.419693716,1.929395782
29/05/2021 10:00,2.728746002,2.202242318
29/05/2021 11:00,1.886,1.886
29/05/2021 12:00,2.978575451,2.438163488
29/05/2021 13:00,3.011354883,2.14778384
29/05/2021 14:00,2.901983327,2.334962418
29/05/2021 15:00,2.45769873,2.332912727
29/05/2021 16:00,1.854194125,2.191145152
29/05/2021 17:00,2.545131564,1.978711488
29/05/2021 18:00,1.926401012,1.963760923
29/05/2021 19:00,1.973726638,1.587668498
29/05/2021 20:00,1.765731388,1.420388503
29/05/2021 21:00,1.50999016,0.808203457
29/05/2021 22:00,1.175766926,0.674
29/05/2021 23:00,0.863936303,0.674
30/05/2021 00:00,0.896897758,0.721463525
30/05/2021 01:00,0.674,0.674
30/05/2021 02:00,0.864046763,0.674
30/05/2021 03:00,0.85829387,0.674
30/05/2021 04:00,0.871782198,0.674
30/05/2021 05:00,1.019401589,0.700273446
30/05/2021 06:00,1.035505435,0.856286906
30/05/2021 07:00,1.342922647,1.028208736
30/05/2021 08:00,2.060665496,1.657728507
30/05/2021 09:00,1.807190082,1.966931761
30/05/2021 10:00,2.775267377,2.232599502
30/05/2021 11:00,3.084993156,2.486073955
30/05/2021 12:00,1.886,1.886
30/05/2021 13:00,2.589989718,2.471976623
30/05/2021 14:00,2.962722799,2.383503157
30/05/2021 15:00,2.471390241,2.346191769
30/05/2021 16:00,2.698008139,2.236091715
30/05/2021 17:00,2.603518195,2.094312005
30/05/2021 18:00,2.282979369,1.521653352
30/05/2021 19:00,2.062842494,1.659481583
30/05/2021 20:00,1.802094344,1.449617576
30/05/2021 21:00,1.557780192,1.253168334
30/05/2021 22:00,1.251458362,0.999683595
30/05/2021 23:00,1.171743412,0.931570023
31/05/2021 00:00,0.933983822,0.751493833
31/05/2021 01:00,0.892775895,0.71820967
31/05/2021 02:00,0.83842225,0.674
31/05/2021 03:00,0.887452446,0.674
31/05/2021 04:00,0.844383064,0.674
31/05/2021 05:00,0.954814931,0.766695724
31/05/2021 06:00,1.029495406,0.674
31/05/2021 07:00,0.897766551,1.050616363
31/05/2021 08:00,1.988732905,1.59969076
31/05/2021 09:00,2.402363069,1.931913378
31/05/2021 10:00,2.646189869,2.014409034
31/05/2021 11:00,3.253411076,2.617253788
31/05/2021 12:00,3.291127623,2.644615524
31/05/2021 13:00,3.174,2.685125703
31/05/2021 14:00,3.200144466,2.589977512
31/05/2021 15:00,3.035078721,2.490601079
31/05/2021 16:00,2.923560712,2.351895465
31/05/2021 17:00,2.812100756,2.212413214
31/05/2021 18:00,2.059288196,1.780923777
31/05/2021 19:00,2.058726869,1.655524074
31/05/2021 20:00,1.749828415,1.407680652
31/05/2021 21:00,1.096774606,1.225547973
31/05/2021 22:00,0.867221256,1.136778114
31/05/2021 23:00,1.293848269,0.674
01/06/2021 00:00,1.070195722,0.691577154
01/06/2021 01:00,0.996785072,0.805344855
01/06/2021 02:00,1.018347356,0.767693874
01/06/2021 03:00,0.953711197,0.826168076
01/06/2021 04:00,1.125626233,1.051648179
01/06/2021 05:00,1.131558339,0.910182908
01/06/2021 06:00,1.169664589,0.940453839
01/06/2021 07:00,1.62747293,1.30924491
01/06/2021 08:00,2.224629452,1.154612765
01/06/2021 09:00,2.779773669,2.252379625
01/06/2021 10:00,3.241250039,2.60961257
01/06/2021 11:00,3.631591818,2.920462766
01/06/2021 12:00,3.668680855,2.940917253
01/06/2021 13:00,3.714984251,2.988925878
01/06/2021 14:00,3.275204416,2.627975682
01/06/2021 15:00,3.487473372,2.805559034
01/06/2021 16:00,3.313353391,2.64743077
01/06/2021 17:00,3.169881536,2.524999921
01/06/2021 18:00,2.539719406,2.156287235
01/06/2021 19:00,1.963060124,2.003984173
01/06/2021 20:00,2.144539725,1.724784352
01/06/2021 21:00,1.917787138,1.542454469
01/06/2021 22:00,1.774104101,1.215185904
01/06/2021 23:00,1.518012574,1.176584463
02/06/2021 00:00,1.212530773,0.969820937
02/06/2021 01:00,1.12558823,0.904895232
02/06/2021 02:00,1.070482021,0.861732955
02/06/2021 03:00,1.060240985,0.852937043
02/06/2021 04:00,0.905301876,0.790245306
02/06/2021 05:00,1.125734404,0.905502382
02/06/2021 06:00,1.160374181,0.933417686
02/06/2021 07:00,1.17860356,1.269943019
02/06/2021 08:00,2.333417194,1.761057377
02/06/2021 09:00,2.86980264,2.311717474
02/06/2021 10:00,3.27937078,2.638200945
02/06/2021 11:00,3.629827562,2.919657894
02/06/2021 12:00,3.668182642,2.947517888
02/06/2021 13:00,3.72477906,2.781846904
02/06/2021 14:00,3.579041246,2.070579692
02/06/2021 15:00,3.477106042,2.765155924
02/06/2021 16:00,3.30197659,2.174940358
02/06/2021 17:00,3.19343922,2.695025932
02/06/2021 18:00,2.331044303,2.225867253
02/06/2021 19:00,2.460762519,1.933515008
02/06/2021 20:00,2.150067374,1.80583991
02/06/2021 21:00,1.92320045,1.547192468
02/06/2021 22:00,1.776074206,1.550835844
02/06/2021 23:00,1.533514944,1.225793741
03/06/2021 00:00,1.168802498,0.940036489
03/06/2021 01:00,1.068908298,0.674
03/06/2021 02:00,0.982601122,0.790484188
03/06/2021 03:00,0.960544862,0.674
03/06/2021 04:00,0.976663801,0.785925201
03/06/2021 05:00,1.122333176,0.904655797
03/06/2021 06:00,1.158438,0.930465805
03/06/2021 07:00,1.554682935,1.064340311
03/06/2021 08:00,1.933965971,1.843397459
03/06/2021 09:00,2.853263083,2.318832762
03/06/2021 10:00,3.286066294,2.602816661
03/06/2021 11:00,3.634642573,2.916691957
03/06/2021 12:00,3.752888291,2.952480943
03/06/2021 13:00,3.482622853,2.471222247
03/06/2021 14:00,2.916826218,2.879402369
03/06/2021 15:00,3.474887427,2.795412833
03/06/2021 16:00,3.301352058,2.655487931
03/06/2021 17:00,3.127321326,2.512620106
03/06/2021 18:00,2.763421139,2.223198338
03/06/2021 19:00,2.053962077,1.982122172
03/06/2021 20:00,2.159523398,1.26800685
03/06/2021 21:00,1.95440442,1.512645037
03/06/2021 22:00,1.772614066,0.674
03/06/2021 23:00,1.475135577,1.226708197
04/06/2021 00:00,1.16722776,0.93014786
04/06/2021 01:00,1.044321215,0.840106538
04/06/2021 02:00,0.980648917,0.795183032
04/06/2021 03:00,0.980067232,0.796044455
04/06/2021 04:00,1.031231854,0.781365868
04/06/2021 05:00,1.121720891,0.893133587
04/06/2021 06:00,1.155485931,0.930189822
04/06/2021 07:00,0.787542436,1.358801984
04/06/2021 08:00,2.413790347,1.756580649
04/06/2021 09:00,2.884115052,2.304299381
04/06/2021 10:00,3.287667388,2.644646611
04/06/2021 11:00,3.633566445,2.923276052
04/06/2021 12:00,3.647197093,2.957134729
04/06/2021 13:00,3.742193852,2.766755713
04/06/2021 14:00,3.578875393,2.878529433
04/06/2021 15:00,3.485283675,2.791915032
04/06/2021 16:00,3.299680674,2.654521378
04/06/2021 17:00,3.192404414,2.523583109
04/06/2021 18:00,2.763130708,2.221211011
04/06/2021 19:00,2.464849717,1.03305923
04/06/2021 20:00,2.155538329,1.607585792
04/06/2021 21:00,1.143874836,1.236682167
04/06/2021 22:00,1.774034722,1.423405
04/06/2021 23:00,1.526248657,1.227811229
05/06/2021 00:00,1.197821306,0.931590598
05/06/2021 01:00,0.674091519,0.768325123
05/06/2021 02:00,0.979450182,0.674
05/06/2021 03:00,0.962986221,0.774882333
05/06/2021 04:00,0.97284237,0.774503308
05/06/2021 05:00,0.675764598,1.052423695
05/06/2021 06:00,0.674,0.795242988
05/06/2021 07:00,1.555021217,1.309917188
05/06/2021 08:00,2.218808193,1.784879069
05/06/2021 09:00,2.699073568,2.319469295
05/06/2021 10:00,3.211949978,2.644114465
05/06/2021 11:00,2.4012,2.92334144
05/06/2021 12:00,3.409249808,2.953262214
05/06/2021 13:00,3.519162837,2.4012
05/06/2021 14:00,3.579062552,2.869240297
05/06/2021 15:00,3.472767913,2.79474848
05/06/2021 16:00,3.300857635,2.655319887
05/06/2021 17:00,3.126492977,2.331081784
05/06/2021 18:00,2.762549686,2.222383388
05/06/2021 19:00,2.465146648,1.983077358
05/06/2021 20:00,2.177406821,1.78176241
05/06/2021 21:00,1.926262668,1.549755554
05/06/2021 22:00,1.82994071,1.427064759
05/06/2021 23:00,1.039539825,1.232768605
06/06/2021 00:00,1.167268609,0.930424458
06/06/2021 01:00,1.056471319,0.840419235
06/06/2021 02:00,0.9538493,0.789123065
06/06/2021 03:00,1.072590165,0.776039929
06/06/2021 04:00,0.674,0.770282404
06/06/2021 05:00,1.123935155,0.902867272
06/06/2021 06:00,1.156271124,0.674
06/06/2021 07:00,1.556262737,1.252072182
06/06/2021 08:00,2.228152622,1.785513429
06/06/2021 09:00,2.884344409,2.360327649
06/06/2021 10:00,3.287446599,2.645312358
06/06/2021 11:00,3.63380611,2.923312105
06/06/2021 12:00,3.67092809,2.508376595
06/06/2021 13:00,2.4012,2.4012
06/06/2021 14:00,3.579003121,2.890648378
06/06/2021 15:00,3.473958958,2.794415252
06/06/2021 16:00,3.300414552,2.655051841
06/06/2021 17:00,2.568093421,2.514631264
06/06/2021 18:00,2.761837955,1.738882841
06/06/2021 19:00,1.481015782,2.019105224
06/06/2021 20:00,2.15360734,1.717347934
06/06/2021 21:00,1.925770649,1.548824788
06/06/2021 22:00,1.773952865,1.42711753
06/06/2021 23:00,1.523383962,1.227768842
07/06/2021 00:00,1.069841464,0.835645982
07/06/2021 01:00,1.043664279,0.83983509
07/06/2021 02:00,1.069618276,0.768637909
07/06/2021 03:00,0.963136618,0.753258726
07/06/2021 04:00,0.973658231,0.674
07/06/2021 05:00,1.121604199,0.902226943
07/06/2021 06:00,1.155534583,0.929573303
07/06/2021 07:00,1.475985112,1.25118361
07/06/2021 08:00,2.219084409,1.785094945
07/06/2021 09:00,2.88333,2.319589322
07/06/2021 10:00,3.28683679,2.783472641
07/06/2021 11:00,3.633210557,2.923465154
07/06/2021 12:00,3.670555033,2.966054096
07/06/2021 13:00,3.7591864,2.735379148
07/06/2021 14:00,3.615877401,2.878745207
07/06/2021 15:00,3.473211315,2.794085147
07/06/2021 16:00,3.300057538,2.654726258
07/06/2021 17:00,3.12596469,1.790191585
07/06/2021 18:00,2.770316182,2.221702785
07/06/2021 19:00,1.905423853,1.982532082
07/06/2021 20:00,2.054038297,0.698013025
07/06/2021 21:00,1.897793126,1.548761333
07/06/2021 22:00,0.676802856,1.427038805
07/06/2021 23:00,1.526130375,1.227655222
08/06/2021 00:00,0.852419565,0.674
08/06/2021 01:00,1.044159178,0.837655703
08/06/2021 02:00,0.971507443,0.788486128
08/06/2021 03:00,0.963083454,0.774486049
08/06/2021 04:00,0.973477179,0.783130154
08/06/2021 05:00,1.342755814,0.902302023
08/06/2021 06:00,1.15529288,0.929646816
08/06/2021 07:00,1.555718173,1.251552924
08/06/2021 08:00,1.816569629,1.78510089
08/06/2021 09:00,2.882940501,2.319619059
08/06/2021 10:00,3.28684066,2.643501447
08/06/2021 11:00,3.633161895,2.696852741
08/06/2021 12:00,3.852075649,3.009045365
08/06/2021 13:00,3.720928286,2.989888013
08/06/2021 14:00,3.615686095,2.88697779
08/06/2021 15:00,3.473234028,2.793990837
08/06/2021 16:00,3.279427,2.991381165
08/06/2021 17:00,2.927511307,2.514116755
08/06/2021 18:00,2.764621187,2.221332664
08/06/2021 19:00,2.464596948,1.983010072
08/06/2021 20:00,1.544828478,1.731717829
08/06/2021 21:00,1.925085453,1.165904413
08/06/2021 22:00,1.773897399,0.988509507
08/06/2021 23:00,1.526121162,1.241646214
09/06/2021 00:00,1.166445959,0.977655981
09/06/2021 01:00,0.674,0.836692806
09/06/2021 02:00,0.674,0.674
09/06/2021 03:00,0.96262007,0.774736879
09/06/2021 04:00,0.973556606,0.783725672
09/06/2021 05:00,1.121566764,0.674
09/06/2021 06:00,1.020317728,0.674
09/06/2021 07:00,1.569179369,1.251805757
09/06/2021 08:00,2.219013621,1.785115186
09/06/2021 09:00,2.633204316,2.319595456
09/06/2021 10:00,3.293298954,2.644030894
09/06/2021 11:00,3.632146033,2.922376796
09/06/2021 12:00,3.670030379,2.767664938
09/06/2021 13:00,3.716610322,2.988240487
09/06/2021 14:00,3.435696634,2.464152071
09/06/2021 15:00,3.471537031,2.800058078
09/06/2021 16:00,3.015774031,2.589075718
09/06/2021 17:00,3.03457487,2.561477979
09/06/2021 18:00,2.84377336,2.221684987
09/06/2021 19:00,1.951786353,1.982670071
09/06/2021 20:00,2.153217673,1.732217254
09/06/2021 21:00,1.925191181,1.712126517
09/06/2021 22:00,1.995023607,1.427034732
09/06/2021 23:00,1.526353698,1.302466397
10/06/2021 00:00,1.166549372,0.903076896
10/06/2021 01:00,1.043720941,0.823648198
10/06/2021 02:00,0.980122474,0.788477338
10/06/2021 03:00,0.962788776,0.774532626
10/06/2021 04:00,0.983692442,0.78367833
10/06/2021 05:00,1.121554091,0.902114007
10/06/2021 06:00,1.155420012,0.929601908
10/06/2021 07:00,1.553602823,1.251521786
10/06/2021 08:00,2.219070881,1.790609872
10/06/2021 09:00,2.883402079,1.60893077
10/06/2021 10:00,3.286982983,2.638157411
10/06/2021 11:00,3.633271457,2.922508242
10/06/2021 12:00,3.199008924,2.538245284
10/06/2021 13:00,3.713076865,2.969294731
10/06/2021 14:00,3.578468429,2.878748353
10/06/2021 15:00,3.473193127,2.794075603
10/06/2021 16:00,3.299982068,2.653473463
10/06/2021 17:00,3.125662126,2.514484111
10/06/2021 18:00,2.761666192,2.212514678
10/06/2021 19:00,2.464558428,2.009027156
10/06/2021 20:00,1.88723582,1.73216875
10/06/2021 21:00,1.712928477,1.548723209
10/06/2021 22:00,1.77385837,1.45727721
10/06/2021 23:00,1.525973223,1.227563193
11/06/2021 00:00,1.118809162,1.118447667
11/06/2021 01:00,1.064024761,0.674
11/06/2021 02:00,0.979785005,0.854846504
11/06/2021 03:00,0.93465487,0.774764467
11/06/2021 04:00,0.97344925,0.858284261
11/06/2021 05:00,1.121505592,0.902262412
11/06/2021 06:00,1.155558313,0.929985698
11/06/2021 07:00,1.555724519,1.251529373
11/06/2021 08:00,2.219041417,1.785120319
11/06/2021 09:00,2.88340722,2.319597676
11/06/2021 10:00,3.14692375,2.914891808
11/06/2021 11:00,3.073938204,2.922754061
11/06/2021 12:00,2.8893753,2.95289193
11/06/2021 13:00,3.716637405,2.991697992
11/06/2021 14:00,3.576799216,2.87873108
11/06/2021 15:00,3.389269849,2.806487585
11/06/2021 16:00,3.415715562,2.625550868
11/06/2021 17:00,3.110182909,2.514525169
11/06/2021 18:00,2.757082929,2.221687717
11/06/2021 19:00,2.46429984,1.98272241
11/06/2021 20:00,2.153244432,1.74284932
11/06/2021 21:00,1.676905205,1.984864065
11/06/2021 22:00,1.606098862,1.422612061
11/06/2021 23:00,1.526159824,0.800430948
12/06/2021 00:00,1.16666517,0.938584837
12/06/2021 01:00,1.043750315,0.83988526
12/06/2021 02:00,0.980293053,0.743003004
12/06/2021 03:00,0.963234971,0.746060274
12/06/2021 04:00,0.973512172,0.783161307
12/06/2021 05:00,1.118892462,0.902354136
12/06/2021 06:00,0.674,0.929787511
12/06/2021 07:00,1.554800008,1.250666452
12/06/2021 08:00,2.161716505,1.785309761
12/06/2021 09:00,2.883630616,1.713042671
12/06/2021 10:00,3.114223573,2.644388872
12/06/2021 11:00,3.633894311,2.923312655
12/06/2021 12:00,3.668832236,2.4012
12/06/2021 13:00,2.4012,2.801984228
12/06/2021 14:00,3.578999672,2.879183319
12/06/2021 15:00,3.464686827,2.798919666
12/06/2021 16:00,3.242798573,2.655219215
12/06/2021 17:00,3.126207715,2.514682737
12/06/2021 18:00,2.764039066,2.222207559
12/06/2021 19:00,2.465345278,1.983187248
12/06/2021 20:00,2.153687204,1.42542533
12/06/2021 21:00,1.926265237,1.550990233
12/06/2021 22:00,1.774576705,1.21255326
12/06/2021 23:00,1.526804549,1.227738814
13/06/2021 00:00,0.73522845,1.075931674
13/06/2021 01:00,1.043884624,0.677367682
13/06/2021 02:00,0.980920457,0.789151352
13/06/2021 03:00,0.997498335,0.773044596
13/06/2021 04:00,0.674,0.783572083
13/06/2021 05:00,1.121288174,0.902886219
13/06/2021 06:00,1.156149235,0.930363269
13/06/2021 07:00,1.555824786,1.253761001
13/06/2021 08:00,2.219509986,1.790810406
13/06/2021 09:00,2.919812236,2.320105497
13/06/2021 10:00,3.258069904,2.644488321
13/06/2021 11:00,3.640947461,2.4012
13/06/2021 12:00,3.670857661,2.654756678
13/06/2021 13:00,2.4012,2.985511886
13/06/2021 14:00,3.57861961,2.883166009
13/06/2021 15:00,3.291368502,2.794037236
13/06/2021 16:00,3.299982776,2.124552486
13/06/2021 17:00,3.143617122,2.514142023
13/06/2021 18:00,2.760799139,2.226462519
13/06/2021 19:00,2.46395396,1.984744091
13/06/2021 20:00,2.152499485,1.731131499
13/06/2021 21:00,1.404886266,1.312320646
13/06/2021 22:00,1.77311627,1.426323194
13/06/2021 23:00,1.524497216,1.201922987
14/06/2021 00:00,1.166801687,0.94045998
14/06/2021 01:00,1.043855484,0.839838537
14/06/2021 02:00,0.980339658,0.788442788
14/06/2021 03:00,0.962456054,0.774088826
14/06/2021 04:00,0.97209448,0.771695942
14/06/2021 05:00,1.11745121,0.893242844
14/06/2021 06:00,1.008692073,0.939289512
14/06/2021 07:00,1.554565426,0.967670697
14/06/2021 08:00,2.219269317,1.716215859
14/06/2021 09:00,2.883514745,2.273240961
14/06/2021 10:00,3.24847611,2.646363808
14/06/2021 11:00,3.631849758,2.922890733
14/06/2021 12:00,3.670326587,2.93079376
14/06/2021 13:00,3.36635012,2.989886925
14/06/2021 14:00,3.8985,2.878694269
14/06/2021 15:00,3.470613405,2.794174031
14/06/2021 16:00,3.299911797,2.654666106
14/06/2021 17:00,3.125593884,2.215410152
14/06/2021 18:00,2.704262421,2.438596768
14/06/2021 19:00,2.464786563,1.063849351
14/06/2021 20:00,2.153425531,1.397172796
14/06/2021 21:00,1.925676064,1.549143386
14/06/2021 22:00,1.774518897,1.428137021
14/06/2021 23:00,1.526991939,1.25299402
15/06/2021 00:00,1.165750842,0.880960842
15/06/2021 01:00,1.042458576,0.838724831
15/06/2021 02:00,0.97932573,0.787312756
15/06/2021 03:00,1.59980362,0.77342824
15/06/2021 04:00,0.97432698,0.782090421
15/06/2021 05:00,1.120737359,0.901588417
15/06/2021 06:00,1.028522138,0.929657446
15/06/2021 07:00,1.55492295,1.224148244
15/06/2021 08:00,2.218670684,1.769537282
15/06/2021 09:00,2.876071198,2.315461558
15/06/2021 10:00,3.289523904,2.644371896
15/06/2021 11:00,3.533980869,2.923485364
15/06/2021 12:00,3.06595452,2.953911709
15/06/2021 13:00,3.726549441,2.9915359
15/06/2021 14:00,3.580897897,2.880699358
15/06/2021 15:00,3.453421112,2.795085261
15/06/2021 16:00,3.338823209,2.658094839
15/06/2021 17:00,3.131892352,2.518942606
15/06/2021 18:00,2.763092672,2.194876042
15/06/2021 19:00,2.514154078,1.984399353
15/06/2021 20:00,2.157674383,1.028620028
15/06/2021 21:00,1.931107203,1.646297838
15/06/2021 22:00,1.779279193,1.443279274
15/06/2021 23:00,1.530768362,0.839198229
16/06/2021 00:00,1.170123095,0.941926145
16/06/2021 01:00,1.070457438,0.674
16/06/2021 02:00,0.987330728,0.790992927
16/06/2021 03:00,0.964817045,0.723032183
16/06/2021 04:00,0.970463799,0.674
16/06/2021 05:00,1.121703561,0.902062789
16/06/2021 06:00,1.114760358,0.913611804
16/06/2021 07:00,1.497840266,1.239135979
16/06/2021 08:00,2.201646762,1.769980966
16/06/2021 09:00,2.873430886,2.304959556
16/06/2021 10:00,3.26927891,2.629928219
16/06/2021 11:00,3.613245874,2.909878932
16/06/2021 12:00,3.654512604,2.943848076
16/06/2021 13:00,3.701966629,2.637286401
16/06/2021 14:00,3.56427333,2.816317546
16/06/2021 15:00,2.629225058,2.78890321
16/06/2021 16:00,3.293800136,2.011359409
16/06/2021 17:00,3.231595074,2.515159359
16/06/2021 18:00,2.759027811,2.219367861
16/06/2021 19:00,2.472405059,1.988849955
16/06/2021 20:00,2.162916501,1.751688113
16/06/2021 21:00,1.933698131,1.581301345
16/06/2021 22:00,1.824073966,1.467402021
16/06/2021 23:00,1.585653051,1.282008001
17/06/2021 00:00,1.283708687,1.032675961
17/06/2021 01:00,1.125225114,0.903984979
17/06/2021 02:00,1.074712591,0.869568371
17/06/2021 03:00,1.062516793,0.852717878
17/06/2021 04:00,1.082941005,0.957447551
17/06/2021 05:00,1.231378911,0.994794671
17/06/2021 06:00,1.162719605,0.753852627
17/06/2021 07:00,1.537440707,1.337002807
17/06/2021 08:00,2.15052671,1.753529363
17/06/2021 09:00,2.77669662,2.14839451
17/06/2021 10:00,2.737992174,2.543128246
17/06/2021 11:00,3.51170858,2.870559711
17/06/2021 12:00,3.56798046,2.870569132
17/06/2021 13:00,3.604010121,2.917767309
17/06/2021 14:00,3.522942111,1.7620839
17/06/2021 15:00,3.01753911,2.803564731
17/06/2021 16:00,3.633148648,2.675706151
17/06/2021 17:00,3.150817651,2.536213163
17/06/2021 18:00,2.903927896,2.285849777
17/06/2021 19:00,1.800116752,2.046004977
17/06/2021 20:00,2.366216464,1.959843454
17/06/2021 21:00,2.181854899,1.364709198
17/06/2021 22:00,2.077740706,1.69453386
17/06/2021 23:00,1.285474164,1.473388174
18/06/2021 00:00,1.568384992,1.092860124
18/06/2021 01:00,1.363733435,0.883936414
18/06/2021 02:00,1.334586749,0.674
18/06/2021 03:00,1.344342729,0.813741248
18/06/2021 04:00,1.358699596,1.086094229
18/06/2021 05:00,1.488627808,1.19754861
18/06/2021 06:00,1.382755851,1.089851378
18/06/2021 07:00,1.765530447,1.367533815
18/06/2021 08:00,2.165436617,1.741837442
18/06/2021 09:00,2.237607045,1.712003185
18/06/2021 10:00,3.005475575,2.40867465
18/06/2021 11:00,3.30844985,2.054478105
18/06/2021 12:00,3.372030261,2.597120139
18/06/2021 13:00,3.059361312,2.8815
18/06/2021 14:00,2.378801123,2.262641462
18/06/2021 15:00,3.187740897,2.260370111
18/06/2021 16:00,3.068548841,2.468520333
18/06/2021 17:00,2.925498518,2.403133094
18/06/2021 18:00,2.65191669,2.172506867
18/06/2021 19:00,2.581319384,1.973808794
18/06/2021 20:00,1.868320956,1.786400958
18/06/2021 21:00,2.059930823,1.733387716
18/06/2021 22:00,1.887359309,1.518335709
18/06/2021 23:00,1.623371639,1.306217491
19/06/2021 00:00,1.365037488,1.172588001
19/06/2021 01:00,0.674,0.913002743
19/06/2021 02:00,1.020642751,0.821075941
19/06/2021 03:00,0.972315722,0.781835884
19/06/2021 04:00,0.966372805,0.811671386
19/06/2021 05:00,1.085065091,0.872041571
19/06/2021 06:00,0.979912349,0.787802816
19/06/2021 07:00,1.158472558,0.966997536
19/06/2021 08:00,1.35652046,1.222978309
19/06/2021 09:00,1.878801352,1.510669807
19/06/2021 10:00,2.237246583,1.729296521
19/06/2021 11:00,2.464373546,1.873574334
19/06/2021 12:00,2.546304606,2.050520364
19/06/2021 13:00,2.519054718,2.088289626
19/06/2021 14:00,2.4012,2.061668212
19/06/2021 15:00,2.482541231,2.124887711
19/06/2021 16:00,2.387566245,1.920516443
19/06/2021 17:00,2.252856735,1.841094826
19/06/2021 18:00,2.539465312,1.678435907
19/06/2021 19:00,2.032284186,1.754460116
19/06/2021 20:00,1.907216926,1.533621906
19/06/2021 21:00,1.84601066,1.037117551
19/06/2021 22:00,1.720892028,1.353780701
19/06/2021 23:00,1.535675248,1.153957177
20/06/2021 00:00,1.19006005,0.952803738
20/06/2021 01:00,0.964738469,0.802968583
20/06/2021 02:00,0.879034577,0.707057457
20/06/2021 03:00,0.971455918,0.674
20/06/2021 04:00,0.877777584,0.674
20/06/2021 05:00,1.020010788,0.93372597
20/06/2021 06:00,0.991195484,0.796907667
20/06/2021 07:00,1.185000491,0.953253193
20/06/2021 08:00,1.418710436,1.164112194
20/06/2021 09:00,1.781604721,1.440035092
20/06/2021 10:00,1.99872012,1.607916242
20/06/2021 11:00,2.313494595,1.860999052
20/06/2021 12:00,2.400915765,1.943940699
20/06/2021 13:00,2.115852164,1.991022169
20/06/2021 14:00,2.4012,2.054361649
20/06/2021 15:00,2.39343896,1.925080724
20/06/2021 16:00,2.308949018,1.856676306
20/06/2021 17:00,2.217775943,1.782272886
20/06/2021 18:00,2.062242242,1.671415443
20/06/2021 19:00,2.049774623,1.648557854
20/06/2021 20:00,1.953357978,1.580822937
20/06/2021 21:00,1.810914615,1.456817139
20/06/2021 22:00,1.677494385,0.674
20/06/2021 23:00,1.460138998,1.173509232
21/06/2021 00:00,1.122779023,0.902317701
21/06/2021 01:00,0.917959641,0.738473633
21/06/2021 02:00,0.674,0.674
21/06/2021 03:00,0.788528297,0.674
21/06/2021 04:00,0.794540466,0.674
21/06/2021 05:00,0.927350732,0.674
21/06/2021 06:00,0.953374176,0.791215079
21/06/2021 07:00,1.186298972,0.939213092
21/06/2021 08:00,1.521927917,1.223544827
21/06/2021 09:00,1.28307709,0.987170335
21/06/2021 10:00,2.164327512,1.740987282
21/06/2021 11:00,2.475836439,1.975709251
21/06/2021 12:00,2.564532418,2.07088505
21/06/2021 13:00,2.4012,2.11092532
21/06/2021 14:00,2.572514082,2.115199088
21/06/2021 15:00,1.453363737,2.024772788
21/06/2021 16:00,1.638073544,1.945886816
21/06/2021 17:00,2.326532266,1.871693599
21/06/2021 18:00,2.110327347,1.733941842
21/06/2021 19:00,2.08733031,0.674
21/06/2021 20:00,1.995729801,1.585482181
21/06/2021 21:00,1.852238405,0.871971015
21/06/2021 22:00,1.77200894,1.422006193
21/06/2021 23:00,1.550997808,1.247519196
22/06/2021 00:00,1.208241678,0.820018265
22/06/2021 01:00,1.0692208,0.85966076
22/06/2021 02:00,1.077308422,0.817994513
22/06/2021 03:00,1.013616431,0.81550179
22/06/2021 04:00,1.044684914,0.839928583
22/06/2021 05:00,1.214775444,0.97723876
22/06/2021 06:00,1.227789581,0.819101778
22/06/2021 07:00,1.585033493,1.275106405
22/06/2021 08:00,2.005578849,1.720899069
22/06/2021 09:00,2.608079745,2.098174185
22/06/2021 10:00,2.930773808,2.371034291
22/06/2021 11:00,3.266612278,2.8815
22/06/2021 12:00,3.337048084,2.684531571
22/06/2021 13:00,3.388751478,2.726090157
22/06/2021 14:00,3.295390556,2.652893048
22/06/2021 15:00,3.218656378,2.251793643
22/06/2021 16:00,3.076403696,2.481724951
22/06/2021 17:00,2.946516527,2.161798105
22/06/2021 18:00,2.677998188,2.155988485
22/06/2021 19:00,1.826188564,1.923104285
22/06/2021 20:00,2.266136876,1.830211457
22/06/2021 21:00,2.160427215,1.817924277
22/06/2021 22:00,1.985543896,0.86634404
22/06/2021 23:00,1.711971587,1.37583714
23/06/2021 00:00,1.321884278,1.063411991
23/06/2021 01:00,1.186183659,0.94483685
23/06/2021 02:00,1.092742868,0.875097518
23/06/2021 03:00,1.056160054,0.844172242
23/06/2021 04:00,1.131326221,0.843241794
23/06/2021 05:00,0.748392519,0.950370133
23/06/2021 06:00,1.200636902,0.965747692
23/06/2021 07:00,1.565621709,1.255579062
23/06/2021 08:00,2.129786372,1.71334469
23/06/2021 09:00,2.450908392,1.963979377
23/06/2021 10:00,3.091883852,2.490292657
23/06/2021 11:00,3.430573731,2.756010602
23/06/2021 12:00,3.461956406,2.8815
23/06/2021 13:00,3.519201077,2.674157139
23/06/2021 14:00,3.397313389,2.732507031
23/06/2021 15:00,3.300963229,2.655507592
23/06/2021 16:00,2.96125294,2.528646595
23/06/2021 17:00,2.983975532,2.336073476
23/06/2021 18:00,2.659649359,2.139893322
23/06/2021 19:00,2.427777087,1.948324783
23/06/2021 20:00,2.140423438,1.722926495
23/06/2021 21:00,1.937450168,1.58077802
23/06/2021 22:00,1.77127707,1.445231415
23/06/2021 23:00,1.546881404,1.194771253
24/06/2021 00:00,1.167005339,0.895187377
24/06/2021 01:00,1.010950226,0.840580977
24/06/2021 02:00,0.997481657,1.011194594
24/06/2021 03:00,0.978129999,0.674
24/06/2021 04:00,0.674,0.793345894
24/06/2021 05:00,1.113273994,0.674
24/06/2021 06:00,1.161821456,0.857641973
24/06/2021 07:00,1.410700404,1.255651553
24/06/2021 08:00,2.221820777,1.235932988
24/06/2021 09:00,2.88240706,2.309584687
24/06/2021 10:00,2.69552471,2.641250414
24/06/2021 11:00,3.065160575,2.918982391
24/06/2021 12:00,3.663152412,2.94689555
24/06/2021 13:00,3.809168761,2.982909422
24/06/2021 14:00,3.567693749,2.93689274
24/06/2021 15:00,3.518998987,2.785631271
24/06/2021 16:00,3.289112098,2.645969123
24/06/2021 17:00,3.114653138,2.421224323
24/06/2021 18:00,2.75067048,2.17838797
24/06/2021 19:00,2.454081955,1.974237204
24/06/2021 20:00,1.9896636,1.72791757
24/06/2021 21:00,1.571528535,1.545300702
24/06/2021 22:00,1.774284597,1.457723051
24/06/2021 23:00,1.527014141,1.228951016
25/06/2021 00:00,1.109704086,0.93893236
25/06/2021 01:00,1.130038074,0.839723665
25/06/2021 02:00,0.964220178,0.788151712
25/06/2021 03:00,0.674,0.77812652
25/06/2021 04:00,0.993753852,0.788689737
25/06/2021 05:00,1.117255453,0.87230744
25/06/2021 06:00,1.150432426,0.925877391
25/06/2021 07:00,1.554788702,1.251247441
25/06/2021 08:00,2.218605252,1.784811613
25/06/2021 09:00,2.959967366,2.3195588
25/06/2021 10:00,3.287267708,2.641220264
25/06/2021 11:00,3.634067592,2.923610412
25/06/2021 12:00,3.671390634,1.989629589
25/06/2021 13:00,3.826393581,2.990345886
25/06/2021 14:00,2.797234967,2.884977311
25/06/2021 15:00,3.465649305,2.79447549
25/06/2021 16:00,3.299922262,1.931390195
25/06/2021 17:00,3.125594445,2.515568781
25/06/2021 18:00,2.762871987,1.910219216
25/06/2021 19:00,2.46554077,1.987718317
25/06/2021 20:00,2.15317025,1.732281001
25/06/2021 21:00,1.921248857,1.551307884
25/06/2021 22:00,1.770792129,1.424517596
25/06/2021 23:00,1.516133609,1.22627312
26/06/2021 00:00,1.17515944,0.941830013
26/06/2021 01:00,1.047494284,0.849175785
26/06/2021 02:00,0.674,0.853963523
26/06/2021 03:00,0.966210862,0.674
26/06/2021 04:00,0.95110044,0.779681367
26/06/2021 05:00,1.12421541,0.904614658
26/06/2021 06:00,1.250208336,0.855762522
26/06/2021 07:00,1.505343004,1.260039299
26/06/2021 08:00,2.493866375,1.786638452
26/06/2021 09:00,2.885142366,2.32101354
26/06/2021 10:00,3.288330848,2.645431262
26/06/2021 11:00,3.633641363,2.4012
26/06/2021 12:00,3.670769506,2.769799047
26/06/2021 13:00,2.4012,2.920830126
26/06/2021 14:00,3.577163284,2.879193451
26/06/2021 15:00,3.472708307,2.452309418
26/06/2021 16:00,3.299551652,2.654102219
26/06/2021 17:00,3.124491637,2.513510225
26/06/2021 18:00,2.760741475,2.220401969
26/06/2021 19:00,2.053241059,1.702059922
26/06/2021 20:00,2.150847533,0.924212864
26/06/2021 21:00,1.787775472,1.546406142
26/06/2021 22:00,1.597301042,0.674
26/06/2021 23:00,1.046204539,1.186387683
27/06/2021 00:00,0.964840105,0.95568729
27/06/2021 01:00,1.044273765,0.674
27/06/2021 02:00,0.796793988,0.674
27/06/2021 03:00,0.674,0.775631802
27/06/2021 04:00,0.97617207,0.787947716
27/06/2021 05:00,1.189392346,0.897212594
27/06/2021 06:00,1.119644108,0.92885969
27/06/2021 07:00,1.548699143,1.215877171
27/06/2021 08:00,2.218141727,1.87703074
27/06/2021 09:00,2.882340954,1.813619049
27/06/2021 10:00,3.285616754,1.537902309
27/06/2021 11:00,3.554396593,2.988709193
27/06/2021 12:00,2.4012,2.951573178
27/06/2021 13:00,3.15571095,2.98777955
27/06/2021 14:00,3.61459656,2.350397435
27/06/2021 15:00,3.470931726,2.4012
27/06/2021 16:00,3.267150899,2.652729712
27/06/2021 17:00,3.123409538,2.51225783
27/06/2021 18:00,2.614986255,2.215440163
27/06/2021 19:00,2.454664079,1.974699949
27/06/2021 20:00,2.142867864,1.695151574
27/06/2021 21:00,1.914970227,1.540477621
27/06/2021 22:00,1.625124127,1.415138282
27/06/2021 23:00,1.499550261,1.074814915
28/06/2021 00:00,1.169236504,0.674
28/06/2021 01:00,1.043330436,0.915238218
28/06/2021 02:00,0.674,0.790367861
28/06/2021 03:00,1.418386156,0.75238237
28/06/2021 04:00,0.93204124,0.786543246
28/06/2021 05:00,1.124016357,0.903494505
28/06/2021 06:00,1.156791373,0.895968072
28/06/2021 07:00,1.557835543,1.285240745
28/06/2021 08:00,2.219823418,1.785726334
28/06/2021 09:00,2.88429832,2.320015394
28/06/2021 10:00,3.289953042,2.501436331
28/06/2021 11:00,3.633494389,2.822803199
28/06/2021 12:00,3.681961647,2.952714175
28/06/2021 13:00,3.282984697,2.989541955
28/06/2021 14:00,3.563299196,2.88005539
28/06/2021 15:00,3.472104528,2.793291213
28/06/2021 16:00,2.81670498,2.653711413
28/06/2021 17:00,3.123039587,2.47161443
28/06/2021 18:00,2.730585189,2.220123899
28/06/2021 19:00,2.462961797,1.971705071
28/06/2021 20:00,2.156649088,1.729607327
28/06/2021 21:00,1.922206803,1.546228517
28/06/2021 22:00,1.456011023,1.424420418
28/06/2021 23:00,1.581190724,1.32181718
29/06/2021 00:00,1.20547292,0.943609121
29/06/2021 01:00,1.036636298,0.845426181
29/06/2021 02:00,1.089177879,0.795417943
29/06/2021 03:00,0.819121193,0.790466201
29/06/2021 04:00,0.974116958,0.795588547
29/06/2021 05:00,1.145582568,0.876808199
29/06/2021 06:00,1.180932224,0.950055307
29/06/2021 07:00,0.982011027,1.672230428
29/06/2021 08:00,2.247323622,1.80789905
29/06/2021 09:00,2.913215013,2.31155473
29/06/2021 10:00,3.318194479,2.669353528
29/06/2021 11:00,3.666168025,2.79689256
29/06/2021 12:00,3.70502329,2.980561463
29/06/2021 13:00,3.752694067,3.025329484
29/06/2021 14:00,3.62349878,2.915094637
29/06/2021 15:00,3.371428395,2.713264137
29/06/2021 16:00,3.426840334,2.72018564
29/06/2021 17:00,3.247011303,2.612219365
29/06/2021 18:00,2.764747479,2.222999872
29/06/2021 19:00,2.465615164,1.983488838
29/06/2021 20:00,2.152420959,1.753597383
29/06/2021 21:00,1.319568861,1.546911028
29/06/2021 22:00,1.735278288,1.4248333
29/06/2021 23:00,1.533810041,1.130112146
30/06/2021 00:00,1.225685346,0.98572929
30/06/2021 01:00,1.186937162,0.93004581
30/06/2021 02:00,1.040203354,0.869951383
30/06/2021 03:00,1.024225744,0.690912695
30/06/2021 04:00,1.008178187,0.863704999
30/06/2021 05:00,1.162863397,0.953935257
30/06/2021 06:00,1.221362123,0.982542916
30/06/2021 07:00,1.569025414,1.181140048
30/06/2021 08:00,2.28784194,1.840749274
30/06/2021 09:00,2.954275113,2.11773918
30/06/2021 10:00,3.358833109,2.702534999
30/06/2021 11:00,3.783123895,2.982466724
30/06/2021 12:00,3.746272414,3.013746856
30/06/2021 13:00,3.186904521,3.052636004
30/06/2021 14:00,3.656710737,2.941563784
30/06/2021 15:00,3.809701201,3.183516032
30/06/2021 16:00,3.536315687,2.846613843
30/06/2021 17:00,3.350416158,2.872389801
30/06/2021 18:00,2.753367986,1.724063951
30/06/2021 19:00,2.473058707,1.957507891
30/06/2021 20:00,2.465598232,1.983463383
30/06/2021 21:00,2.259579932,1.792139206
30/06/2021 22:00,1.931703894,1.713284999
30/06/2021 23:00,1.942108296,1.57906895
01/07/2021 00:00,1.141008474,1.34771239
01/07/2021 01:00,1.511307806,0.674
01/07/2021 02:00,1.301416506,1.049948972
01/07/2021 03:00,1.262872682,0.752893802
01/07/2021 04:00,1.396994051,1.216118774
01/07/2021 05:00,1.610550516,1.295527187
01/07/2021 06:00,1.871774187,1.432970175
01/07/2021 07:00,2.359667107,1.928781831
01/07/2021 08:00,3.072197842,1.552098856
01/07/2021 09:00,4.06578408,3.270753422
01/07/2021 10:00,4.587870007,3.522279328
01/07/2021 11:00,4.957780181,4.011422909
01/07/2021 12:00,5.016875297,3.996373947
01/07/2021 13:00,5.010554957,4.037367954
01/07/2021 14:00,4.803322405,4.059943949
01/07/2021 15:00,4.762407414,3.812660374
01/07/2021 16:00,4.43147461,3.570631925
01/07/2021 17:00,4.279759113,3.415342156
01/07/2021 18:00,3.547927186,2.48949316
01/07/2021 19:00,2.450910395,2.705113497
01/07/2021 20:00,3.006698065,2.418783135
01/07/2021 21:00,2.769520608,2.234302278
01/07/2021 22:00,2.625036921,2.111758201
01/07/2021 23:00,2.560724037,1.911583775
02/07/2021 00:00,1.751580994,1.507818527
02/07/2021 01:00,1.478218836,0.674
02/07/2021 02:00,1.35600708,0.674
02/07/2021 03:00,1.336264731,1.06457133
02/07/2021 04:00,1.388286953,1.116827081
02/07/2021 05:00,1.60153277,1.288295919
02/07/2021 06:00,1.77295438,1.382066876
02/07/2021 07:00,2.390744986,0.880957502
02/07/2021 08:00,2.229711527,2.247179229
02/07/2021 09:00,4.061734155,3.231094491
02/07/2021 10:00,4.630398623,2.703370316
02/07/2021 11:00,4.952313052,4.002354733
02/07/2021 12:00,4.902027223,3.99895834
02/07/2021 13:00,5.017307608,4.036246836
02/07/2021 14:00,3.963019352,3.963532049
02/07/2021 15:00,4.77679816,3.842826089
02/07/2021 16:00,4.148165682,3.570230505
02/07/2021 17:00,4.274362701,3.433178971
02/07/2021 18:00,3.731956227,3.002239176
02/07/2021 19:00,3.150919115,2.534799494
02/07/2021 20:00,2.70951599,2.26226295
02/07/2021 21:00,2.413895532,1.95618744
02/07/2021 22:00,2.284800041,1.838070023
02/07/2021 23:00,1.966965,1.712751771
03/07/2021 00:00,2.012706122,0.911751319
03/07/2021 01:00,1.656577113,1.332661011
03/07/2021 02:00,1.357069986,1.241757267
03/07/2021 03:00,1.376078647,1.109884317
03/07/2021 04:00,1.3839903,1.12309542
03/07/2021 05:00,0.996046722,1.285929603
03/07/2021 06:00,1.543372103,1.260285428
03/07/2021 07:00,1.921933317,1.414699819
03/07/2021 08:00,1.558462234,0.674
03/07/2021 09:00,2.299044644,1.849106376
03/07/2021 10:00,2.629162386,2.099848915
03/07/2021 11:00,3.048168627,2.50907774
03/07/2021 12:00,3.099388913,2.493649212
03/07/2021 13:00,3.120181086,2.510097774
03/07/2021 14:00,2.992759642,2.407789361
03/07/2021 15:00,2.493577372,2.361070876
03/07/2021 16:00,2.737191069,2.287008806
03/07/2021 17:00,2.819306935,2.173924313
03/07/2021 18:00,2.703580183,2.181608498
03/07/2021 19:00,2.664153457,2.1448184
03/07/2021 20:00,2.635623896,2.040237215
03/07/2021 21:00,2.486791596,2.000360417
03/07/2021 22:00,2.390476172,1.291594266
03/07/2021 23:00,2.242129686,1.803493431
04/07/2021 00:00,1.962355439,0.674
04/07/2021 01:00,1.656710845,1.332594313
04/07/2021 02:00,1.445189618,1.159056
04/07/2021 03:00,0.809562995,1.106870925
04/07/2021 04:00,1.372769979,1.124382366
04/07/2021 05:00,1.596342604,0.814362024
04/07/2021 06:00,1.631516434,1.288345091
04/07/2021 07:00,1.758544396,1.414662521
04/07/2021 08:00,1.897327569,1.528461159
04/07/2021 09:00,2.672169046,1.934865955
04/07/2021 10:00,4.324604614,3.454895613
04/07/2021 11:00,3.2729,3.2729
04/07/2021 12:00,3.124778634,2.514529439
04/07/2021 13:00,3.166265067,2.141663268
04/07/2021 14:00,2.797707763,2.446230324
04/07/2021 15:00,2.599061591,2.468354707
04/07/2021 16:00,3.033554301,2.440503714
04/07/2021 17:00,3.031267689,2.37470289
04/07/2021 18:00,2.937581104,2.363179278
04/07/2021 19:00,2.481771581,2.340250681
04/07/2021 20:00,2.516584082,2.321521032
04/07/2021 21:00,2.591072815,2.203244021
04/07/2021 22:00,3.014034808,2.424665906
04/07/2021 23:00,2.843070564,2.287116904
05/07/2021 00:00,2.465701464,1.965731197
05/07/2021 01:00,2.149630579,1.729315498
05/07/2021 02:00,2.007405572,1.612726479
05/07/2021 03:00,1.963931979,0.925906408
05/07/2021 04:00,1.991955971,1.591849885
05/07/2021 05:00,2.179558614,1.753395512
05/07/2021 06:00,2.324958184,1.87034819
05/07/2021 07:00,2.712121642,2.181862192
05/07/2021 08:00,3.102688641,2.463357431
05/07/2021 09:00,4.071620704,3.275233561
05/07/2021 10:00,4.479156222,3.223764279
05/07/2021 11:00,4.923098592,3.958428276
05/07/2021 12:00,5.368504404,4.313238437
05/07/2021 13:00,5.2555,4.331047591
05/07/2021 14:00,5.191758143,4.238903667
05/07/2021 15:00,5.095430451,3.536621287
05/07/2021 16:00,4.759000701,3.824286758
05/07/2021 17:00,4.531521762,3.267807876
05/07/2021 18:00,4.018312422,3.232592172
05/07/2021 19:00,3.438737996,2.755805594
05/07/2021 20:00,2.585628214,2.475248365
05/07/2021 21:00,2.686489333,2.185449806
05/07/2021 22:00,2.507171236,2.016998571
05/07/2021 23:00,2.33316321,1.885833353
06/07/2021 00:00,1.956648289,0.922714454
06/07/2021 01:00,1.672859693,1.392066981
06/07/2021 02:00,1.559487059,1.246241988
06/07/2021 03:00,1.521347517,1.190713059
06/07/2021 04:00,1.254186658,1.227759552
06/07/2021 05:00,1.74415111,1.465905984
06/07/2021 06:00,1.951170795,1.455066862
06/07/2021 07:00,2.288946093,1.839643595
06/07/2021 08:00,2.889953177,2.32451502
06/07/2021 09:00,3.875091727,3.118208899
06/07/2021 10:00,4.128710406,3.334294023
06/07/2021 11:00,4.211588141,3.831769248
06/07/2021 12:00,4.270563602,4.117363444
06/07/2021 13:00,5.057193655,4.071474187
06/07/2021 14:00,4.961046033,3.990901669
06/07/2021 15:00,4.807417264,3.574886936
06/07/2021 16:00,4.477256285,3.584843991
06/07/2021 17:00,4.282770558,3.446092997
06/07/2021 18:00,3.768530213,3.031652499
06/07/2021 19:00,3.186576508,2.563488297
06/07/2021 20:00,2.850515729,2.287585694
06/07/2021 21:00,2.481516836,1.996291577
06/07/2021 22:00,1.7116643,1.860466968
06/07/2021 23:00,1.99260645,1.81705098
07/07/2021 00:00,1.778080223,1.425931371
07/07/2021 01:00,1.497213119,1.223739683
07/07/2021 02:00,1.375529278,0.674
07/07/2021 03:00,1.443534811,1.089792583
07/07/2021 04:00,1.407102432,1.132097702
07/07/2021 05:00,1.071591966,1.339230048
07/07/2021 06:00,1.790333182,1.453202536
07/07/2021 07:00,2.234293407,1.773169245
07/07/2021 08:00,2.923131682,2.384683747
07/07/2021 09:00,3.964046526,3.189880024
07/07/2021 10:00,4.575890174,3.681248178
07/07/2021 11:00,4.876442923,3.917673367
07/07/2021 12:00,4.991621488,3.861003325
07/07/2021 13:00,5.021296502,3.976525053
07/07/2021 14:00,4.928961545,3.928733059
07/07/2021 15:00,4.773405667,3.840057752
07/07/2021 16:00,4.448160494,3.578372336
07/07/2021 17:00,4.260595387,3.383516763
07/07/2021 18:00,3.740694731,3.009241239
07/07/2021 19:00,2.064748444,2.541285015
07/07/2021 20:00,2.818989871,2.268698702
07/07/2021 21:00,2.453240053,1.97409225
07/07/2021 22:00,2.287804038,1.943299262
07/07/2021 23:00,2.247647261,1.714925331
08/07/2021 00:00,1.750397647,1.40815869
08/07/2021 01:00,1.47566274,1.060574186
08/07/2021 02:00,1.335914449,1.089629576
08/07/2021 03:00,1.334279386,1.005701454
08/07/2021 04:00,1.3107532,1.105694331
08/07/2021 05:00,1.600303823,1.092674714
08/07/2021 06:00,1.772329312,1.425632172
08/07/2021 07:00,2.186205464,1.763369684
08/07/2021 08:00,3.065065188,2.470874689
08/07/2021 09:00,3.604830484,3.266434851
08/07/2021 10:00,4.628320997,3.721825928
08/07/2021 11:00,4.436536639,3.98570669
08/07/2021 12:00,4.95860103,3.96053156
08/07/2021 13:00,4.981041375,3.937106915
08/07/2021 14:00,5.021604202,3.405487358
08/07/2021 15:00,4.585282934,3.830086574
08/07/2021 16:00,4.440644948,2.534983451
08/07/2021 17:00,4.243667255,3.413882266
08/07/2021 18:00,3.730667552,3.00120518
08/07/2021 19:00,3.148396052,2.540303616
08/07/2021 20:00,2.811172938,2.261487379
08/07/2021 21:00,2.541382132,1.968372219
08/07/2021 22:00,2.284032138,1.83486786
08/07/2021 23:00,2.138974247,1.712298397
09/07/2021 00:00,1.747352533,1.40340276
09/07/2021 01:00,1.213239403,1.185629761
09/07/2021 02:00,1.353354778,0.950963788
09/07/2021 03:00,1.32722506,1.058437423
09/07/2021 04:00,1.386109125,1.170739241
09/07/2021 05:00,1.568250678,1.25966644
09/07/2021 06:00,1.695077367,1.541170285
09/07/2021 07:00,2.194279798,1.758832207
09/07/2021 08:00,3.065427065,2.466139464
09/07/2021 09:00,3.888047998,3.262386105
09/07/2021 10:00,4.722669208,3.743039108
09/07/2021 11:00,4.944911742,4.064678957
09/07/2021 12:00,4.566487655,4.001913505
09/07/2021 13:00,5.027852988,3.924848946
09/07/2021 14:00,4.908335912,3.949871458
09/07/2021 15:00,4.762655199,3.833944577
09/07/2021 16:00,4.437827495,3.570074751
09/07/2021 17:00,4.244197672,3.415715525
09/07/2021 18:00,3.66991933,2.925289795
09/07/2021 19:00,3.217237782,2.449616724
09/07/2021 20:00,2.770000416,2.262153779
09/07/2021 21:00,2.446743208,1.968279838
09/07/2021 22:00,2.284250361,1.837710744
09/07/2021 23:00,2.485063876,1.712424789
10/07/2021 00:00,1.748346776,0.674
10/07/2021 01:00,1.489517791,1.173955582
10/07/2021 02:00,0.856850611,1.088967771
10/07/2021 03:00,1.334058995,1.074511244
10/07/2021 04:00,1.304929084,1.115561824
10/07/2021 05:00,1.599814534,1.287005516
10/07/2021 06:00,1.772508197,1.872069876
10/07/2021 07:00,2.185461038,1.001056333
10/07/2021 08:00,3.065736514,2.466583347
10/07/2021 09:00,3.780255674,3.033588725
10/07/2021 10:00,4.628958922,3.164531598
10/07/2021 11:00,4.087298696,3.960311722
10/07/2021 12:00,4.770296857,3.995527331
10/07/2021 13:00,3.2729,3.2729
10/07/2021 14:00,4.916374343,3.955448822
10/07/2021 15:00,4.762466159,3.829350456
10/07/2021 16:00,4.444924706,3.569765919
10/07/2021 17:00,4.295114126,3.460299253
10/07/2021 18:00,3.748320408,2.518972187
10/07/2021 19:00,2.694296754,2.534489936
10/07/2021 20:00,2.751502795,2.267883323
10/07/2021 21:00,2.042602936,1.967997926
10/07/2021 22:00,2.316516692,1.589027422
10/07/2021 23:00,2.12830585,1.71202428
11/07/2021 00:00,1.747138592,1.468000464
11/07/2021 01:00,1.472843364,1.184701746
11/07/2021 02:00,1.272747995,1.087783054
11/07/2021 03:00,1.130058876,1.043740192
11/07/2021 04:00,1.383483789,0.69350088
11/07/2021 05:00,1.598660829,1.287093559
11/07/2021 06:00,1.771202274,1.388662576
11/07/2021 07:00,2.185585449,1.827148779
11/07/2021 08:00,3.102678115,2.46130926
11/07/2021 09:00,4.060370526,3.265957889
11/07/2021 10:00,4.628316635,3.723294381
11/07/2021 11:00,4.863964935,3.986168197
11/07/2021 12:00,3.2729,3.9950082
11/07/2021 13:00,4.86520315,3.2729
11/07/2021 14:00,4.938993517,3.955570488
11/07/2021 15:00,4.762459645,3.830890203
11/07/2021 16:00,4.440045812,3.570168458
11/07/2021 17:00,4.244954521,3.414965943
11/07/2021 18:00,3.731924011,3.002201554
11/07/2021 19:00,3.151131441,2.534752919
11/07/2021 20:00,2.779004392,2.262219409
11/07/2021 21:00,2.447025375,1.968508238
11/07/2021 22:00,2.269063446,1.838019636
11/07/2021 23:00,2.12870713,1.71278722
12/07/2021 00:00,1.747243395,1.400785504
12/07/2021 01:00,1.471435532,1.185378915
12/07/2021 02:00,1.352907763,1.088370804
12/07/2021 03:00,1.108187443,0.674
12/07/2021 04:00,1.291510206,1.114852849
12/07/2021 05:00,1.600645898,1.286535006
12/07/2021 06:00,1.771591965,1.425280328
12/07/2021 07:00,2.186027691,1.233208505
12/07/2021 08:00,3.065376965,2.466250978
12/07/2021 09:00,3.512142476,3.363135148
12/07/2021 10:00,4.459948866,3.723784666
12/07/2021 11:00,4.955463057,3.98653174
12/07/2021 12:00,4.966461057,3.995487009
12/07/2021 13:00,5.01045578,4.030626644
12/07/2021 14:00,4.861436204,3.955663782
12/07/2021 15:00,4.299823801,3.831298551
12/07/2021 16:00,4.440293109,3.563890817
12/07/2021 17:00,4.245074978,3.341576197
12/07/2021 18:00,3.724874925,3.002218329
12/07/2021 19:00,3.151510365,2.534798332
12/07/2021 20:00,2.812036527,2.261997002
12/07/2021 21:00,2.446096351,1.968572321
12/07/2021 22:00,2.303205459,1.439838405
12/07/2021 23:00,2.128772228,1.712790912
13/07/2021 00:00,1.744644726,1.442400133
13/07/2021 01:00,0.822130387,1.186915568
13/07/2021 02:00,1.316466732,1.088440902
13/07/2021 03:00,1.333165534,1.085653711
13/07/2021 04:00,1.383110752,1.115147115
13/07/2021 05:00,1.492953652,1.329795197
13/07/2021 06:00,1.771659986,1.40620696
13/07/2021 07:00,2.189787373,1.758659607
13/07/2021 08:00,3.065391601,2.47448583
13/07/2021 09:00,4.060476589,3.285008348
13/07/2021 10:00,4.628760422,3.723577097
13/07/2021 11:00,4.955452442,4.003264278
13/07/2021 12:00,5.11931791,3.994710206
13/07/2021 13:00,5.010300697,4.030628678
13/07/2021 14:00,5.036011203,3.72172551
13/07/2021 15:00,4.733930418,3.831481156
13/07/2021 16:00,4.361287644,3.570269693
13/07/2021 17:00,4.245062134,3.415008517
13/07/2021 18:00,3.725436442,2.990121474
13/07/2021 19:00,3.15575764,2.534789588
13/07/2021 20:00,2.809118706,2.262263339
13/07/2021 21:00,2.437006801,1.984184977
13/07/2021 22:00,2.284907315,1.838046889
13/07/2021 23:00,2.125233609,1.71241104
14/07/2021 00:00,1.747559987,1.341691827
14/07/2021 01:00,1.194861321,1.187067853
14/07/2021 02:00,1.352844416,1.084530392
14/07/2021 03:00,1.333161065,1.072465014
14/07/2021 04:00,1.385785806,0.727660437
14/07/2021 05:00,1.596501586,1.158374509
14/07/2021 06:00,1.771719281,0.982193884
14/07/2021 07:00,2.188592376,1.569995181
14/07/2021 08:00,3.065393305,2.433247722
14/07/2021 09:00,4.060603459,3.266825482
14/07/2021 10:00,4.632268339,3.580901136
14/07/2021 11:00,4.546236768,3.580586961
14/07/2021 12:00,4.966463166,3.993641465
14/07/2021 13:00,5.030607045,4.030622494
14/07/2021 14:00,4.937912377,3.955634903
14/07/2021 15:00,4.759839878,3.85651517
14/07/2021 16:00,4.438026632,3.011060587
14/07/2021 17:00,4.244944136,3.414972611
14/07/2021 18:00,3.732174932,2.905395576
14/07/2021 19:00,3.150903906,2.534802381
14/07/2021 20:00,2.812062698,2.23388094
14/07/2021 21:00,2.447057474,1.933594795
14/07/2021 22:00,2.28248419,1.838035687
14/07/2021 23:00,2.129118521,1.712799397
15/07/2021 00:00,1.747553159,1.403829146
15/07/2021 01:00,1.473477174,1.188087994
15/07/2021 02:00,1.352851185,0.674
15/07/2021 03:00,1.333110958,1.064688856
15/07/2021 04:00,1.385783051,1.133476494
15/07/2021 05:00,0.674,1.246027468
15/07/2021 06:00,1.253752993,1.53420331
15/07/2021 07:00,2.186096287,1.758656749
15/07/2021 08:00,3.065041713,2.466099194
15/07/2021 09:00,4.060871554,3.267372067
15/07/2021 10:00,4.635229496,3.72380887
15/07/2021 11:00,4.956001406,3.986533172
15/07/2021 12:00,4.965334524,3.995354236
15/07/2021 13:00,5.010319223,4.029347296
15/07/2021 14:00,4.862826762,3.957520869
15/07/2021 15:00,4.784522148,3.831292572
15/07/2021 16:00,4.438062925,3.570347452
15/07/2021 17:00,4.245231996,3.386557008
15/07/2021 18:00,3.733517514,3.002194022
15/07/2021 19:00,3.057081068,2.535132027
15/07/2021 20:00,2.805917638,2.262197311
15/07/2021 21:00,2.447074747,1.946157078
15/07/2021 22:00,2.284816482,2.344983583
15/07/2021 23:00,2.129201336,1.712779111
16/07/2021 00:00,1.747593621,1.394205374
16/07/2021 01:00,1.446991318,1.185288163
16/07/2021 02:00,1.37007627,1.088219303
16/07/2021 03:00,1.333144786,1.07248134
16/07/2021 04:00,1.385789079,1.114798225
16/07/2021 05:00,1.599277325,1.369731433
16/07/2021 06:00,1.771582491,1.425390985
16/07/2021 07:00,2.186108569,1.758633832
16/07/2021 08:00,3.065397925,2.648533759
16/07/2021 09:00,4.060880341,3.582796609
16/07/2021 10:00,4.645526902,3.683004586
16/07/2021 11:00,4.955490235,3.986525876
16/07/2021 12:00,4.966457561,3.995309698
16/07/2021 13:00,4.452481482,3.95384496
16/07/2021 14:00,4.917122102,3.965820669
16/07/2021 15:00,4.762864542,3.750907935
16/07/2021 16:00,4.463176883,3.698078012
16/07/2021 17:00,4.245054306,3.415001315
16/07/2021 18:00,3.732901797,3.005283419
16/07/2021 19:00,3.151033628,2.226465975
16/07/2021 20:00,2.833885123,2.262300244
16/07/2021 21:00,1.883844734,2.105470376
16/07/2021 22:00,1.866789338,0.904401139
16/07/2021 23:00,2.129121174,1.676358209
17/07/2021 00:00,1.740355063,1.403537661
17/07/2021 01:00,1.473426515,1.003137942
17/07/2021 02:00,1.35281436,1.088293994
17/07/2021 03:00,1.333056843,1.072266819
17/07/2021 04:00,1.385659419,1.114733429
17/07/2021 05:00,1.615681818,1.332604132
17/07/2021 06:00,1.567224178,1.424203677
17/07/2021 07:00,1.907038678,1.337099707
17/07/2021 08:00,2.868272204,2.46589021
17/07/2021 09:00,4.060723042,3.266700732
17/07/2021 10:00,4.628600325,3.723543968
17/07/2021 11:00,4.957184828,3.986346739
17/07/2021 12:00,4.741213887,3.978936424
17/07/2021 13:00,3.2729,3.2729
17/07/2021 14:00,4.916576578,3.955289329
17/07/2021 15:00,4.946482696,3.482330204
17/07/2021 16:00,4.330074684,3.579213124
17/07/2021 17:00,4.098125645,3.342894985
17/07/2021 18:00,3.832448693,2.017766467
17/07/2021 19:00,3.150225614,2.819882259
17/07/2021 20:00,2.811319073,2.26173611
17/07/2021 21:00,2.446476758,2.097754018
17/07/2021 22:00,2.284117193,1.837229062
17/07/2021 23:00,2.128460639,1.717017919
18/07/2021 00:00,1.747039354,1.404709001
18/07/2021 01:00,1.472862891,1.184895059
18/07/2021 02:00,1.414658225,1.089319678
18/07/2021 03:00,1.349124636,1.227390277
18/07/2021 04:00,1.385142188,1.114288859
18/07/2021 05:00,1.695200996,1.28595572
18/07/2021 06:00,0.995549068,1.424859844
18/07/2021 07:00,1.354894378,1.751725147
18/07/2021 08:00,3.064812146,2.56610504
18/07/2021 09:00,4.060319176,3.210156445
18/07/2021 10:00,4.066911576,3.723266677
18/07/2021 11:00,4.51116389,3.2729
18/07/2021 12:00,4.966009673,3.994417085
18/07/2021 13:00,3.2729,3.470626331
18/07/2021 14:00,4.855001723,3.955594167
18/07/2021 15:00,4.713039172,3.831130666
18/07/2021 16:00,4.46485341,3.596143268
18/07/2021 17:00,4.245045963,3.413282742
18/07/2021 18:00,3.732026781,2.988333957
18/07/2021 19:00,2.482168998,2.534804996
18/07/2021 20:00,2.812258988,2.280657354
18/07/2021 21:00,2.447212923,1.934654028
18/07/2021 22:00,2.325141731,1.838033992
18/07/2021 23:00,2.128948704,1.712830639
19/07/2021 00:00,1.810179315,0.848041221
19/07/2021 01:00,1.47504153,1.191355696
19/07/2021 02:00,1.352886513,0.866265675
19/07/2021 03:00,1.33313779,1.090119689
19/07/2021 04:00,1.285684321,1.114640314
19/07/2021 05:00,1.599377336,1.286055199
19/07/2021 06:00,1.771711181,1.425263942
19/07/2021 07:00,2.185597655,1.758670179
19/07/2021 08:00,3.277884236,2.467051347
19/07/2021 09:00,4.055720512,3.26732697
19/07/2021 10:00,4.643313059,3.73250397
19/07/2021 11:00,4.95549906,3.98685892
19/07/2021 12:00,4.966485785,3.995348361
19/07/2021 13:00,4.885833644,4.03924281
19/07/2021 14:00,4.921089123,3.95565931
19/07/2021 15:00,4.384325554,4.470161176
19/07/2021 16:00,4.438239121,3.570311423
19/07/2021 17:00,4.245073025,3.415012525
19/07/2021 18:00,3.183640551,3.002259707
19/07/2021 19:00,3.150992465,2.53480083
19/07/2021 20:00,2.754691399,2.262272722
19/07/2021 21:00,2.447057913,1.968540613
19/07/2021 22:00,2.372489249,1.838037996
19/07/2021 23:00,2.129092018,1.729887348
20/07/2021 00:00,1.747719142,1.405860808
20/07/2021 01:00,1.651287169,1.000201445
20/07/2021 02:00,1.353078684,1.088354029
20/07/2021 03:00,1.169105388,1.072481764
20/07/2021 04:00,0.674,1.018711984
20/07/2021 05:00,1.62527503,1.286772607
20/07/2021 06:00,1.771411991,1.425282933
20/07/2021 07:00,2.220370492,1.368143883
20/07/2021 08:00,3.065261133,2.337431465
20/07/2021 09:00,4.064787122,3.233676804
20/07/2021 10:00,4.221503107,3.723212443
20/07/2021 11:00,4.955313303,3.98696745
20/07/2021 12:00,4.966674596,3.720604576
20/07/2021 13:00,5.01031073,4.012370219
20/07/2021 14:00,4.916608983,4.064337934
20/07/2021 15:00,4.748425327,3.831296352
20/07/2021 16:00,4.438019116,3.425356944
20/07/2021 17:00,4.222811895,3.415003484
20/07/2021 18:00,3.731972707,3.002228376
20/07/2021 19:00,3.161794113,1.96134908
20/07/2021 20:00,2.812136781,2.262249638
20/07/2021 21:00,2.446676895,1.968570154
20/07/2021 22:00,2.284845887,1.866859854
20/07/2021 23:00,1.032014773,1.712814549
21/07/2021 00:00,1.821245653,1.405866325
21/07/2021 01:00,1.473495787,0.69791738
21/07/2021 02:00,1.352893392,1.088355407
21/07/2021 03:00,1.332833822,1.071929294
21/07/2021 04:00,1.384413507,1.114974277
21/07/2021 05:00,1.554970276,1.286799658
21/07/2021 06:00,1.771659182,1.394125884
21/07/2021 07:00,2.186074152,1.662552092
21/07/2021 08:00,3.06539419,2.46562351
21/07/2021 09:00,3.693590405,3.263004851
21/07/2021 10:00,4.616216326,3.114963966
21/07/2021 11:00,4.955501904,3.97807654
21/07/2021 12:00,4.96673348,3.995343093
21/07/2021 13:00,5.031338094,4.030622885
21/07/2021 14:00,4.91713158,3.955661944
21/07/2021 15:00,4.759758294,3.828294934
21/07/2021 16:00,4.499557999,3.57023801
21/07/2021 17:00,4.25415218,3.415124424
21/07/2021 18:00,3.731976919,3.002128205
21/07/2021 19:00,3.150894945,2.751629291
21/07/2021 20:00,2.812147158,2.262274717
21/07/2021 21:00,2.447088528,1.968648667
21/07/2021 22:00,2.285000835,1.523937945
21/07/2021 23:00,2.10508436,1.712767163
22/07/2021 00:00,1.747587041,1.368181709
22/07/2021 01:00,1.473494957,1.185373382
22/07/2021 02:00,1.35300739,0.674
22/07/2021 03:00,1.3331737,1.07248654
22/07/2021 04:00,1.448317653,1.114816866
22/07/2021 05:00,1.428533233,1.286720447
22/07/2021 06:00,1.771693979,1.92724402
22/07/2021 07:00,2.186515366,1.761238116
22/07/2021 08:00,3.065496738,2.465814298
22/07/2021 09:00,4.061306608,3.266836935
22/07/2021 10:00,4.61588607,3.739787737
22/07/2021 11:00,4.966102167,4.018265431
22/07/2021 12:00,4.984181383,3.995346571
22/07/2021 13:00,5.010139397,3.923764913
22/07/2021 14:00,4.917134178,3.955317456
22/07/2021 15:00,4.762551184,3.861672571
22/07/2021 16:00,4.438052015,3.461760946
22/07/2021 17:00,4.216481406,3.415348532
22/07/2021 18:00,3.733683898,2.757128446
22/07/2021 19:00,2.791812329,2.37266225
22/07/2021 20:00,2.785260813,2.262275929
22/07/2021 21:00,2.432956122,1.969705449
22/07/2021 22:00,2.284820138,1.83805351
22/07/2021 23:00,2.129149764,1.712827823
23/07/2021 00:00,1.744414919,1.404154078
23/07/2021 01:00,1.473508196,0.918976926
23/07/2021 02:00,1.352947523,1.055610769
23/07/2021 03:00,1.333035666,1.072487029
23/07/2021 04:00,1.385784326,1.114679333
23/07/2021 05:00,1.59936806,1.103044233
23/07/2021 06:00,1.720639632,1.425272542
23/07/2021 07:00,2.186266912,1.756299036
23/07/2021 08:00,3.173400713,2.466151067
23/07/2021 09:00,4.060885633,3.266814263
23/07/2021 10:00,4.444725949,3.512647862
23/07/2021 11:00,4.95521498,3.987055294
23/07/2021 12:00,4.965932943,3.995323359
23/07/2021 13:00,5.012366337,4.030989312
23/07/2021 14:00,4.983488498,3.964670663
23/07/2021 15:00,4.743030656,3.831209941
23/07/2021 16:00,4.723634806,2.917626124
23/07/2021 17:00,3.577715043,3.417837469
23/07/2021 18:00,3.629243054,2.690022019
23/07/2021 19:00,3.111381221,2.528300599
23/07/2021 20:00,2.812120588,2.262110833
23/07/2021 21:00,2.447032236,1.667528603
23/07/2021 22:00,2.284768203,1.841951071
23/07/2021 23:00,2.129064712,1.75120755
24/07/2021 00:00,1.720016462,1.406514548
24/07/2021 01:00,1.438315318,1.185700685
24/07/2021 02:00,1.434884818,1.059078965
24/07/2021 03:00,1.332111958,1.072410997
24/07/2021 04:00,1.388125762,1.114748184
24/07/2021 05:00,1.599021748,0.858145561
24/07/2021 06:00,1.771382248,1.425289495
24/07/2021 07:00,2.186121091,1.758557747
24/07/2021 08:00,3.065238354,2.46593793
24/07/2021 09:00,4.060709634,3.266702697
24/07/2021 10:00,4.676950379,3.294961438
24/07/2021 11:00,4.821631303,3.986373128
24/07/2021 12:00,4.952489359,3.2729
24/07/2021 13:00,3.2729,3.956798621
24/07/2021 14:00,4.916653512,3.568185197
24/07/2021 15:00,4.764880857,3.830929585
24/07/2021 16:00,4.437589652,3.569875228
24/07/2021 17:00,4.244615715,3.437136719
24/07/2021 18:00,2.922813247,3.001978035
24/07/2021 19:00,3.117612599,2.504766477
24/07/2021 20:00,2.857723024,2.261918375
24/07/2021 21:00,2.446646047,1.968240169
24/07/2021 22:00,2.284198224,1.814892936
24/07/2021 23:00,2.128437783,1.71409642
25/07/2021 00:00,1.746917835,1.404477951
25/07/2021 01:00,0.801780186,1.20449689
25/07/2021 02:00,0.944591941,1.087858353
25/07/2021 03:00,1.332216964,1.072002001
25/07/2021 04:00,1.222012089,1.287044878
25/07/2021 05:00,1.596538445,1.285993209
25/07/2021 06:00,1.225634688,1.424985414
25/07/2021 07:00,2.185637218,1.758237067
25/07/2021 08:00,3.064957824,2.465091789
25/07/2021 09:00,4.060497792,3.266503823
25/07/2021 10:00,4.636798982,3.727029255
25/07/2021 11:00,4.955315532,3.986408022
25/07/2021 12:00,4.653578843,3.993032862
25/07/2021 13:00,3.2729,3.2729
25/07/2021 14:00,4.90046525,3.955708465
25/07/2021 15:00,4.74854468,3.59171672
25/07/2021 16:00,4.438209818,3.583208267
25/07/2021 17:00,4.245261003,3.138629227
25/07/2021 18:00,3.729533491,3.002451114
25/07/2021 19:00,3.151397362,2.534996386
25/07/2021 20:00,2.812525231,2.262581811
25/07/2021 21:00,2.447546175,1.969241724
25/07/2021 22:00,2.28530703,1.838629383
25/07/2021 23:00,2.128967177,1.725303016
26/07/2021 00:00,1.746051195,1.459233364
26/07/2021 01:00,1.473271914,1.185023636
26/07/2021 02:00,1.206340052,0.972446378
26/07/2021 03:00,1.293235957,1.07230053
26/07/2021 04:00,1.385583877,1.118538257
26/07/2021 05:00,1.599689157,1.286895728
26/07/2021 06:00,1.54789658,1.425096549
26/07/2021 07:00,2.185949394,1.287225361
26/07/2021 08:00,3.065207689,2.449410377
26/07/2021 09:00,4.061566723,3.26658588
26/07/2021 10:00,4.612150167,3.710069729
26/07/2021 11:00,4.955292872,3.986359697
26/07/2021 12:00,4.966233352,3.995136181
26/07/2021 13:00,4.999274673,3.78754027
26/07/2021 14:00,4.917642646,3.955670346
26/07/2021 15:00,4.763112195,3.7736964
26/07/2021 16:00,4.437811979,3.547808553
26/07/2021 17:00,4.493404378,3.460426961
26/07/2021 18:00,3.739916701,3.002096581
26/07/2021 19:00,3.150801698,2.53471515
26/07/2021 20:00,2.785300219,2.262238024
26/07/2021 21:00,2.447382697,2.024827395
26/07/2021 22:00,2.25171757,1.814422778
26/07/2021 23:00,2.12947102,1.735142276
27/07/2021 00:00,1.763651954,1.400278566
27/07/2021 01:00,1.465993849,1.196285534
27/07/2021 02:00,1.353930053,1.09673294
27/07/2021 03:00,1.334457084,1.073584057
27/07/2021 04:00,1.387483245,1.075045508
27/07/2021 05:00,1.60134878,1.288604008
27/07/2021 06:00,1.639939332,1.426672638
27/07/2021 07:00,2.188115313,1.760978689
27/07/2021 08:00,3.114369784,2.449622735
27/07/2021 09:00,4.111366678,3.269706632
27/07/2021 10:00,4.632141864,3.409102423
27/07/2021 11:00,5.065694933,3.988935125
27/07/2021 12:00,4.970352315,3.998496208
27/07/2021 13:00,5.012969903,4.033941847
27/07/2021 14:00,4.919821711,3.395268818
27/07/2021 15:00,4.765142888,3.833374661
27/07/2021 16:00,4.307017071,3.572365665
27/07/2021 17:00,4.248550917,3.413550424
27/07/2021 18:00,3.734478307,3.004128914
27/07/2021 19:00,3.113735516,2.013606848
27/07/2021 20:00,2.401909094,2.230376425
27/07/2021 21:00,2.407023138,1.952983628
27/07/2021 22:00,2.244675709,1.805670309
27/07/2021 23:00,2.10831865,1.69884932
28/07/2021 00:00,1.73031355,1.392674009
28/07/2021 01:00,1.380203362,1.175754362
28/07/2021 02:00,1.345521213,1.092074467
28/07/2021 03:00,1.340293891,1.077869996
28/07/2021 04:00,1.407504665,0.887787241
28/07/2021 05:00,1.61353007,1.30539987
28/07/2021 06:00,1.552599233,1.447128697
28/07/2021 07:00,2.211273063,1.778937543
28/07/2021 08:00,3.091073837,2.494793729
28/07/2021 09:00,4.102151139,3.2990303
28/07/2021 10:00,4.665465452,3.455908994
28/07/2021 11:00,4.999030948,4.021535955
28/07/2021 12:00,5.010355637,4.042560849
28/07/2021 13:00,5.05444192,4.06631733
28/07/2021 14:00,5.022251614,4.040221455
28/07/2021 15:00,4.802914091,3.863772407
28/07/2021 16:00,3.696072834,2.951108778
28/07/2021 17:00,4.281549918,3.400200212
28/07/2021 18:00,3.567975178,2.983133142
28/07/2021 19:00,3.109803993,2.36868789
28/07/2021 20:00,2.767629556,2.226345514
28/07/2021 21:00,2.400362048,1.235767143
28/07/2021 22:00,1.585444587,0.747157288
28/07/2021 23:00,2.129694699,1.714962456
29/07/2021 00:00,1.837028874,1.407280392
29/07/2021 01:00,1.474400893,1.185865424
29/07/2021 02:00,1.394728232,1.12211824
29/07/2021 03:00,1.185833007,1.107719448
29/07/2021 04:00,1.698695304,1.382215384
29/07/2021 05:00,1.647378847,1.100760453
29/07/2021 06:00,1.81789313,1.49708394
29/07/2021 07:00,2.069241955,1.805164586
29/07/2021 08:00,3.135804082,2.520701921
29/07/2021 09:00,4.132556199,3.324528881
29/07/2021 10:00,4.704202686,3.818072466
29/07/2021 11:00,5.034794709,4.051401987
29/07/2021 12:00,5.049758894,4.062403145
29/07/2021 13:00,5.097967307,4.101133543
29/07/2021 14:00,5.102678631,4.345780038
29/07/2021 15:00,4.298251647,3.885585103
29/07/2021 16:00,4.54582621,3.645868473
29/07/2021 17:00,4.225872645,3.405275963
29/07/2021 18:00,3.714791754,2.988476048
29/07/2021 19:00,3.180969184,2.518183534
29/07/2021 20:00,2.787489587,2.241049595
29/07/2021 21:00,2.413267683,1.941076344
29/07/2021 22:00,2.243240592,1.804431652
29/07/2021 23:00,2.17242019,1.747654234
30/07/2021 00:00,1.781570035,1.306036541
30/07/2021 01:00,0.674,1.062196488
30/07/2021 02:00,0.883320872,1.032793847
30/07/2021 03:00,2.629672942,1.903260378
30/07/2021 04:00,0.674,1.091733813
30/07/2021 05:00,2.793805194,2.066267379
30/07/2021 06:00,2.80589912,2.258559879
30/07/2021 07:00,2.632303838,2.356862848
30/07/2021 08:00,3.002510496,2.391969231
30/07/2021 09:00,3.286576834,2.684671714
30/07/2021 10:00,3.491045796,2.830218696
30/07/2021 11:00,3.828993127,3.037835541
30/07/2021 12:00,3.887718604,2.944548008
30/07/2021 13:00,3.933767883,3.166784641
30/07/2021 14:00,4.862021169,4.351402027
30/07/2021 15:00,4.699810625,3.780770694
30/07/2021 16:00,4.365699487,3.861751563
30/07/2021 17:00,3.99445129,3.380097191
30/07/2021 18:00,3.232497552,2.606889426
30/07/2021 19:00,2.635621939,2.120151311
30/07/2021 20:00,2.137126577,1.83527699
30/07/2021 21:00,1.907200446,1.534029448
30/07/2021 22:00,1.669343634,1.398474522
30/07/2021 23:00,1.507803708,1.347468904
31/07/2021 00:00,1.231613998,1.032004312
31/07/2021 01:00,0.949273967,0.822822766
31/07/2021 02:00,1.510048152,1.219193248
31/07/2021 03:00,2.128628049,1.713772197
31/07/2021 04:00,1.55651314,1.2067223
31/07/2021 05:00,1.540295503,1.857282515
31/07/2021 06:00,2.282229516,1.482389942
31/07/2021 07:00,2.382569412,1.89954351
31/07/2021 08:00,2.474217088,1.985976547
31/07/2021 09:00,2.697339879,2.187553198
31/07/2021 10:00,2.936741811,2.364948547
31/07/2021 11:00,3.251045527,2.597720435
31/07/2021 12:00,2.498246792,1.361252012
31/07/2021 13:00,3.198730245,2.706965112
31/07/2021 14:00,3.2729,3.2729
31/07/2021 15:00,3.082163857,2.483670188
31/07/2021 16:00,2.91214301,2.471339553
31/07/2021 17:00,1.759849706,2.29633894
31/07/2021 18:00,2.54238526,2.020518867
31/07/2021 19:00,1.913846259,1.536563435
31/07/2021 20:00,1.549899525,1.182091679
31/07/2021 21:00,1.167888114,0.942444006
31/07/2021 22:00,1.147222205,0.922957577
31/07/2021 23:00,1.075743481,0.865256048
01/08/2021 00:00,0.674,0.674
01/08/2021 01:00,0.674,0.674
01/08/2021 02:00,0.674,0.674
01/08/2021 03:00,1.383355242,1.112860137
01/08/2021 04:00,0.938366128,0.928601494
01/08/2021 05:00,1.311207373,1.27115896
01/08/2021 06:00,1.562066717,1.261219583
01/08/2021 07:00,1.66946837,1.366766033
01/08/2021 08:00,1.841289737,1.390213131
01/08/2021 09:00,2.15407013,1.732531645
01/08/2021 10:00,2.427679384,1.932446418
01/08/2021 11:00,2.742780059,2.213217862
01/08/2021 12:00,2.549258284,2.265226511
01/08/2021 13:00,2.88544231,2.313518447
01/08/2021 14:00,3.0107,2.946869883
01/08/2021 15:00,3.348510518,2.693757955
01/08/2021 16:00,2.964965073,2.385249447
01/08/2021 17:00,2.715642452,2.184765476
01/08/2021 18:00,2.435148812,2.078193185
01/08/2021 19:00,1.950544602,1.512681853
01/08/2021 20:00,1.780625993,1.43282274
01/08/2021 21:00,1.342122842,0.674
01/08/2021 22:00,1.38790214,1.064338892
01/08/2021 23:00,1.132424471,0.674
02/08/2021 00:00,1.190169761,0.957095745
02/08/2021 01:00,0.966936964,0.674
02/08/2021 02:00,0.904214715,0.727338455
02/08/2021 03:00,1.602985076,1.289538798
02/08/2021 04:00,1.531308843,1.232213204
02/08/2021 05:00,1.796710727,1.444507686
02/08/2021 06:00,1.77774339,1.511136999
02/08/2021 07:00,2.205525639,1.748999965
02/08/2021 08:00,2.619254308,2.107112934
02/08/2021 09:00,3.394180347,2.728205801
02/08/2021 10:00,3.374824874,2.192274477
02/08/2021 11:00,4.154579675,3.363671431
02/08/2021 12:00,4.631540913,3.726513289
02/08/2021 13:00,4.232362731,3.404797315
02/08/2021 14:00,3.805467311,3.633036879
02/08/2021 15:00,4.364322639,3.51067575
02/08/2021 16:00,3.960056219,3.206451841
02/08/2021 17:00,3.736230484,3.009641645
02/08/2021 18:00,3.461518013,2.784671533
02/08/2021 19:00,3.000909482,2.414652436
02/08/2021 20:00,2.80267509,2.254658692
02/08/2021 21:00,2.431320097,1.92661874
02/08/2021 22:00,2.282531791,1.836562181
02/08/2021 23:00,2.077951964,1.671743206
03/08/2021 00:00,1.711452831,0.674
03/08/2021 01:00,1.458485756,1.173299926
03/08/2021 02:00,0.674,1.279056626
03/08/2021 03:00,1.731161199,1.392644449
03/08/2021 04:00,1.769364282,1.422355582
03/08/2021 05:00,1.867642728,1.4733448
03/08/2021 06:00,1.927512823,1.648340184
03/08/2021 07:00,2.33610754,1.882015146
03/08/2021 08:00,2.02389665,2.302028957
03/08/2021 09:00,3.641267304,2.947480117
03/08/2021 10:00,4.145059131,3.350323701
03/08/2021 11:00,4.502906178,3.623015027
03/08/2021 12:00,4.603608339,3.702515808
03/08/2021 13:00,4.573357495,3.679587862
03/08/2021 14:00,4.629190725,3.724796467
03/08/2021 15:00,4.478453437,3.602733697
03/08/2021 16:00,4.096849952,2.560866791
03/08/2021 17:00,3.846730755,3.055864649
03/08/2021 18:00,3.144868676,2.866076429
03/08/2021 19:00,3.095786433,2.486318991
03/08/2021 20:00,2.87271344,2.32546914
03/08/2021 21:00,2.5135504,2.02123825
03/08/2021 22:00,2.360906123,1.88272277
03/08/2021 23:00,2.131026693,1.714282099
04/08/2021 00:00,1.759382745,1.415202073
04/08/2021 01:00,1.500508723,1.179648418
04/08/2021 02:00,0.895945949,1.128287113
04/08/2021 03:00,1.405229815,1.122125856
04/08/2021 04:00,1.450042561,1.16653517
04/08/2021 05:00,1.62088544,1.304580767
04/08/2021 06:00,1.741355819,1.400803412
04/08/2021 07:00,2.227015849,1.79128422
04/08/2021 08:00,2.905636229,2.040775925
04/08/2021 09:00,3.582408953,3.046244715
04/08/2021 10:00,4.353423849,3.502171083
04/08/2021 11:00,4.690478745,3.773217005
04/08/2021 12:00,4.678585113,3.788965914
04/08/2021 13:00,4.72757829,3.79015807
04/08/2021 14:00,4.631290218,3.72566601
04/08/2021 15:00,4.515856438,3.602438501
04/08/2021 16:00,4.163474387,3.29524798
04/08/2021 17:00,3.843205745,3.0917373
04/08/2021 18:00,3.709475247,2.871485084
04/08/2021 19:00,3.037017497,2.492858386
04/08/2021 20:00,2.882938811,2.319218606
04/08/2021 21:00,2.503484033,1.785927233
04/08/2021 22:00,2.325934003,1.871585621
04/08/2021 23:00,2.213818759,1.078754496
05/08/2021 00:00,1.941002529,0.960858562
05/08/2021 01:00,1.416776369,1.196794665
05/08/2021 02:00,1.496659011,1.119540835
05/08/2021 03:00,1.393200207,1.049989772
05/08/2021 04:00,1.464104384,0.844227126
05/08/2021 05:00,2.196171532,0.938774519
05/08/2021 06:00,1.347155423,1.345074203
05/08/2021 07:00,2.230064639,1.78780519
05/08/2021 08:00,2.847821063,1.565789132
05/08/2021 09:00,3.78345226,3.043654607
05/08/2021 10:00,4.351501888,3.50045043
05/08/2021 11:00,4.689320049,3.772292785
05/08/2021 12:00,4.677698834,3.738642588
05/08/2021 13:00,4.73234735,3.318473205
05/08/2021 14:00,4.631242453,3.725713955
05/08/2021 15:00,4.480594515,3.58311638
05/08/2021 16:00,4.095880203,3.29064881
05/08/2021 17:00,3.844527223,3.093255492
05/08/2021 18:00,3.559519412,2.863506557
05/08/2021 19:00,3.158164254,2.487120478
05/08/2021 20:00,2.89250902,2.320898985
05/08/2021 21:00,2.505769478,2.015659736
05/08/2021 22:00,2.327962152,1.482436393
05/08/2021 23:00,2.153471073,1.707074368
06/08/2021 00:00,1.75008919,1.426728278
06/08/2021 01:00,1.770242607,1.292883787
06/08/2021 02:00,1.175945679,1.115283433
06/08/2021 03:00,1.394202248,1.085928668
06/08/2021 04:00,1.333784096,1.159318416
06/08/2021 05:00,1.613006654,1.259914568
06/08/2021 06:00,1.734471882,1.395349069
06/08/2021 07:00,2.220721464,1.791588767
06/08/2021 08:00,2.612047221,2.289471846
06/08/2021 09:00,3.782195544,3.048548834
06/08/2021 10:00,4.350147956,3.499556635
06/08/2021 11:00,4.678616333,3.770618839
06/08/2021 12:00,4.637502164,3.787028037
06/08/2021 13:00,4.731876847,3.806463061
06/08/2021 14:00,4.630799438,3.68559614
06/08/2021 15:00,4.478410402,3.602732516
06/08/2021 16:00,4.095840634,3.29494297
06/08/2021 17:00,3.840159547,3.066480428
06/08/2021 18:00,3.559754102,2.739414111
06/08/2021 19:00,3.091636707,2.487115338
06/08/2021 20:00,2.358769045,2.321338528
06/08/2021 21:00,2.510688137,2.016162864
06/08/2021 22:00,2.328079928,1.746508666
06/08/2021 23:00,1.916254624,1.791692683
07/08/2021 00:00,1.744568905,1.405908688
07/08/2021 01:00,1.466635661,1.197884991
07/08/2021 02:00,1.392564949,1.117079644
07/08/2021 03:00,0.797446112,1.15527234
07/08/2021 04:00,1.440890312,1.272356087
07/08/2021 05:00,1.613304401,1.297818633
07/08/2021 06:00,1.735577036,1.396183962
07/08/2021 07:00,2.223243745,1.78855187
07/08/2021 08:00,2.900647437,1.239411538
07/08/2021 09:00,3.787679356,2.727363016
07/08/2021 10:00,4.474392594,3.538481733
07/08/2021 11:00,4.257565598,3.0107
07/08/2021 12:00,4.688005023,3.780974601
07/08/2021 13:00,3.0107,3.844460695
07/08/2021 14:00,4.57100242,3.541613541
07/08/2021 15:00,4.531293341,3.256798442
07/08/2021 16:00,3.057361008,3.425105338
07/08/2021 17:00,3.87278479,3.144538004
07/08/2021 18:00,3.571110115,2.309772245
07/08/2021 19:00,3.149730728,2.502600304
07/08/2021 20:00,2.580471625,2.38742175
07/08/2021 21:00,2.737947355,2.083074902
07/08/2021 22:00,2.392416017,1.905912495
07/08/2021 23:00,2.253478012,1.770927532
08/08/2021 00:00,1.830879895,1.448907247
08/08/2021 01:00,1.572268457,1.249301426
08/08/2021 02:00,1.483893621,1.186996833
08/08/2021 03:00,1.476967899,1.118201989
08/08/2021 04:00,1.235250823,1.222371013
08/08/2021 05:00,1.687994073,1.356355374
08/08/2021 06:00,1.800176364,1.40969454
08/08/2021 07:00,2.283550443,1.837302443
08/08/2021 08:00,3.023366749,2.337214599
08/08/2021 09:00,3.838293436,3.638943926
08/08/2021 10:00,4.403091053,3.542085906
08/08/2021 11:00,4.736942317,3.810959518
08/08/2021 12:00,4.723214317,3.797013788
08/08/2021 13:00,3.0107,3.838083291
08/08/2021 14:00,3.617040498,3.0107
08/08/2021 15:00,4.485366264,3.608000581
08/08/2021 16:00,4.100735413,3.718670792
08/08/2021 17:00,3.84827332,2.741735703
08/08/2021 18:00,3.561347275,2.8996673
08/08/2021 19:00,3.075015988,2.489096646
08/08/2021 20:00,2.886264058,2.541525787
08/08/2021 21:00,1.795887047,2.016831526
08/08/2021 22:00,2.184375399,1.873376144
08/08/2021 23:00,2.135855613,1.703969662
09/08/2021 00:00,1.50432629,1.405584853
09/08/2021 01:00,1.456828515,1.198442944
09/08/2021 02:00,1.392371081,1.093603545
09/08/2021 03:00,1.393456119,1.091504746
09/08/2021 04:00,1.444559521,1.145799387
09/08/2021 05:00,1.612394105,1.204422404
09/08/2021 06:00,1.467846006,1.397974219
09/08/2021 07:00,2.144430335,1.787023908
09/08/2021 08:00,2.846143088,2.289692496
09/08/2021 09:00,3.780962464,3.042817709
09/08/2021 10:00,4.321107813,3.432499624
09/08/2021 11:00,4.720305196,3.945601716
09/08/2021 12:00,4.677023952,3.762503248
09/08/2021 13:00,4.731843381,3.844069763
09/08/2021 14:00,4.64039217,3.717418988
09/08/2021 15:00,4.329168131,3.602865231
09/08/2021 16:00,4.082712825,3.295075972
09/08/2021 17:00,3.845055487,3.314272434
09/08/2021 18:00,3.559852023,2.863761827
09/08/2021 19:00,3.096919308,2.48959537
09/08/2021 20:00,2.885505866,2.315835501
09/08/2021 21:00,2.506812323,2.019118015
09/08/2021 22:00,2.3282942,1.873426017
09/08/2021 23:00,2.108993418,1.704082761
10/08/2021 00:00,1.741572666,1.40575992
10/08/2021 01:00,1.488844502,0.674
10/08/2021 02:00,1.450183132,1.120121094
10/08/2021 03:00,1.316685781,1.125753062
10/08/2021 04:00,1.441264537,1.159039276
10/08/2021 05:00,0.843800263,1.052260295
10/08/2021 06:00,1.734427543,0.77797361
10/08/2021 07:00,2.221086345,1.281771918
10/08/2021 08:00,2.614255045,2.289139554
10/08/2021 09:00,3.774973583,3.042807443
10/08/2021 10:00,4.350294697,3.499773075
10/08/2021 11:00,4.687992718,3.702429251
10/08/2021 12:00,3.508296053,3.762502898
10/08/2021 13:00,4.716791332,3.944864732
10/08/2021 14:00,4.222485071,3.726676638
10/08/2021 15:00,4.47858303,3.608138107
10/08/2021 16:00,4.095580749,3.294838215
10/08/2021 17:00,3.710257979,3.08548211
10/08/2021 18:00,3.559847393,2.871840945
10/08/2021 19:00,2.380991529,2.485050345
10/08/2021 20:00,2.885092168,2.273677724
10/08/2021 21:00,2.505132328,2.009801086
10/08/2021 22:00,2.32907223,1.480443384
10/08/2021 23:00,2.118233593,1.70383251
11/08/2021 00:00,1.747581519,1.40598203
11/08/2021 01:00,1.150788134,1.194383924
11/08/2021 02:00,1.392350915,0.674
11/08/2021 03:00,1.363273341,1.120992268
11/08/2021 04:00,1.440602669,0.734944503
11/08/2021 05:00,1.608122881,1.297370977
11/08/2021 06:00,1.289525951,1.396226977
11/08/2021 07:00,2.221096613,1.791098013
11/08/2021 08:00,2.846128116,2.284064317
11/08/2021 09:00,3.782279822,3.042792278
11/08/2021 10:00,4.35031422,3.500291967
11/08/2021 11:00,4.687988593,3.771614864
11/08/2021 12:00,4.677027336,3.762507928
11/08/2021 13:00,4.731750288,3.806571381
11/08/2021 14:00,4.597068599,3.781450759
11/08/2021 15:00,4.478592132,3.413783097
11/08/2021 16:00,4.096067771,2.656860666
11/08/2021 17:00,3.937137721,3.09268475
11/08/2021 18:00,3.524758117,2.864196725
11/08/2021 19:00,3.140045315,2.526049319
11/08/2021 20:00,2.885998344,2.320161586
11/08/2021 21:00,2.506333774,2.049926343
11/08/2021 22:00,2.361557936,1.873250575
11/08/2021 23:00,2.118049555,1.662813158
12/08/2021 00:00,1.747590067,1.461487787
12/08/2021 01:00,1.284983718,1.197727369
12/08/2021 02:00,1.39177036,1.120248287
12/08/2021 03:00,1.360303718,0.674
12/08/2021 04:00,0.674,0.914194972
12/08/2021 05:00,1.618781362,1.297381412
12/08/2021 06:00,1.880547107,1.327812906
12/08/2021 07:00,2.255336305,1.779934024
12/08/2021 08:00,2.846118972,2.566105978
12/08/2021 09:00,3.57873289,3.04281064
12/08/2021 10:00,4.350468576,2.961024331
12/08/2021 11:00,4.687996277,3.771319702
12/08/2021 12:00,4.677027574,3.762427682
12/08/2021 13:00,4.731548045,3.799079582
12/08/2021 14:00,4.725565586,3.725361334
12/08/2021 15:00,3.873275936,3.603190331
12/08/2021 16:00,4.024339611,3.091221361
12/08/2021 17:00,3.844684827,3.093090866
12/08/2021 18:00,3.559525343,2.863757855
12/08/2021 19:00,3.091715113,2.601657489
12/08/2021 20:00,2.885585106,2.332626474
12/08/2021 21:00,2.506243661,1.973636324
12/08/2021 22:00,2.328631898,1.873168096
12/08/2021 23:00,2.116724664,1.491755604
13/08/2021 00:00,1.747580912,1.31818468
13/08/2021 01:00,1.488841579,1.199107256
13/08/2021 02:00,1.38613885,0.714616703
13/08/2021 03:00,1.379810479,1.120958558
13/08/2021 04:00,1.441130683,1.158913872
13/08/2021 05:00,1.612951878,1.331944912
13/08/2021 06:00,1.734512004,1.390908249
13/08/2021 07:00,1.439049429,1.78792635
13/08/2021 08:00,2.846123683,2.289559932
13/08/2021 09:00,3.781217671,2.332092555
13/08/2021 10:00,4.350636276,3.499811203
13/08/2021 11:00,4.687859755,3.818749622
13/08/2021 12:00,4.711158929,3.769260052
13/08/2021 13:00,4.731810418,3.808802828
13/08/2021 14:00,4.629857938,3.721689351
13/08/2021 15:00,4.478438404,3.6316876
13/08/2021 16:00,4.096807224,3.295227883
13/08/2021 17:00,3.836266451,2.932208151
13/08/2021 18:00,3.559878385,2.863769639
13/08/2021 19:00,3.364661375,1.81842352
13/08/2021 20:00,2.885593572,2.323150605
13/08/2021 21:00,2.479751321,2.016306834
13/08/2021 22:00,2.328645426,1.84529169
13/08/2021 23:00,2.120857698,1.703421745
14/08/2021 00:00,1.747863818,1.405875246
14/08/2021 01:00,1.490347529,1.201043377
14/08/2021 02:00,1.392364951,1.120067631
14/08/2021 03:00,1.429454136,1.050439689
14/08/2021 04:00,1.44072185,1.159023824
14/08/2021 05:00,1.613749895,0.674
14/08/2021 06:00,1.658678053,1.396140741
14/08/2021 07:00,1.993195378,1.837632517
14/08/2021 08:00,2.849436729,2.292430295
14/08/2021 09:00,3.10381639,3.047085586
14/08/2021 10:00,4.225207755,3.530186149
14/08/2021 11:00,4.729082669,2.968228288
14/08/2021 12:00,4.745104705,3.0107
14/08/2021 13:00,3.0107,3.84444245
14/08/2021 14:00,4.680854798,3.765531454
14/08/2021 15:00,4.531283531,3.64525112
14/08/2021 16:00,4.177446885,3.372325321
14/08/2021 17:00,3.903269411,3.139938396
14/08/2021 18:00,3.63806155,2.898660873
14/08/2021 19:00,3.170418114,2.481592991
14/08/2021 20:00,2.374122621,2.387338579
14/08/2021 21:00,2.589229671,2.083076287
14/08/2021 22:00,2.410592471,1.78471337
14/08/2021 23:00,2.201293825,1.737813217
15/08/2021 00:00,1.830674341,1.471943922
15/08/2021 01:00,1.572108892,1.271118757
15/08/2021 02:00,1.475849154,0.674
15/08/2021 03:00,1.493451586,1.187015925
15/08/2021 04:00,1.519496998,1.212109883
15/08/2021 05:00,1.718668558,1.35613142
15/08/2021 06:00,1.800014598,1.448150215
15/08/2021 07:00,2.283589762,1.688154678
15/08/2021 08:00,2.905719663,1.866548408
15/08/2021 09:00,3.838369414,3.08941174
15/08/2021 10:00,4.403140768,2.736034487
15/08/2021 11:00,4.737095371,3.0107
15/08/2021 12:00,4.332905388,3.799674906
15/08/2021 13:00,3.0107,3.801987519
15/08/2021 14:00,4.640320584,3.733305542
15/08/2021 15:00,4.485520526,3.616694535
15/08/2021 16:00,4.053220979,3.41351371
15/08/2021 17:00,3.848295914,3.095965026
15/08/2021 18:00,3.562033087,2.863880184
15/08/2021 19:00,3.092985238,2.208881717
15/08/2021 20:00,2.948397097,1.944729049
15/08/2021 21:00,2.409531781,2.017120303
15/08/2021 22:00,2.328742635,1.873385362
15/08/2021 23:00,2.118171525,1.703975159
16/08/2021 00:00,1.747565661,1.440816448
16/08/2021 01:00,1.48884245,1.197720779
16/08/2021 02:00,1.347084873,1.206401959
16/08/2021 03:00,1.079362311,1.239413282
16/08/2021 04:00,1.440620208,1.176097342
16/08/2021 05:00,1.565022092,1.297349643
16/08/2021 06:00,1.7344267,1.45738972
16/08/2021 07:00,2.249908329,1.786412606
16/08/2021 08:00,2.197919756,2.289615503
16/08/2021 09:00,3.782803123,3.042715514
16/08/2021 10:00,4.350314327,3.499701174
16/08/2021 11:00,4.713569719,3.77142834
16/08/2021 12:00,4.677026091,3.78499553
16/08/2021 13:00,4.731881463,3.630805354
16/08/2021 14:00,4.587215359,3.790484702
16/08/2021 15:00,4.785445488,3.419083078
16/08/2021 16:00,4.164693795,3.27148955
16/08/2021 17:00,3.870243851,3.093085207
16/08/2021 18:00,3.559846471,2.863867966
16/08/2021 19:00,3.237047324,2.487673314
16/08/2021 20:00,2.885461618,2.094581785
16/08/2021 21:00,2.3270376,1.847085257
16/08/2021 22:00,2.324782166,1.891699221
16/08/2021 23:00,2.119903059,1.702787974
17/08/2021 00:00,1.746848919,0.859532704
17/08/2021 01:00,1.511632546,1.198401509
17/08/2021 02:00,0.696741085,1.210338408
17/08/2021 03:00,1.39638724,1.121219603
17/08/2021 04:00,1.440603696,1.16077101
17/08/2021 05:00,0.674,1.394838754
17/08/2021 06:00,1.734423966,1.388500273
17/08/2021 07:00,2.198667719,1.786855773
17/08/2021 08:00,2.717697803,2.289606788
17/08/2021 09:00,3.78240389,2.845833678
17/08/2021 10:00,4.350781273,3.499675285
17/08/2021 11:00,4.687592282,3.756414632
17/08/2021 12:00,4.677030942,3.707304366
17/08/2021 13:00,4.731836557,3.746950752
17/08/2021 14:00,4.60580432,3.708676282
17/08/2021 15:00,4.478662178,3.602864291
17/08/2021 16:00,4.095073645,3.295055866
17/08/2021 17:00,3.787391119,3.093074589
17/08/2021 18:00,3.649773616,2.863760771
17/08/2021 19:00,3.091717416,2.521497867
17/08/2021 20:00,2.885609742,2.283047247
17/08/2021 21:00,2.506078893,1.828983901
17/08/2021 22:00,2.328641468,1.873239038
17/08/2021 23:00,2.118384733,1.743972375
18/08/2021 00:00,1.747580872,1.405868544
18/08/2021 01:00,1.521532972,1.030550001
18/08/2021 02:00,1.162683545,1.122867748
18/08/2021 03:00,1.218499567,1.16954304
18/08/2021 04:00,1.440605146,1.258061651
18/08/2021 05:00,1.418331038,1.296897501
18/08/2021 06:00,1.734430972,1.395571063
18/08/2021 07:00,2.224603141,1.66238797
18/08/2021 08:00,2.843307101,2.290011657
18/08/2021 09:00,3.759433689,2.174241215
18/08/2021 10:00,4.350090314,3.447109336
18/08/2021 11:00,4.687989731,3.771030764
18/08/2021 12:00,4.672768304,3.775715572
18/08/2021 13:00,4.682808242,3.806938426
18/08/2021 14:00,4.616633957,3.714649973
18/08/2021 15:00,4.478614519,3.586761055
18/08/2021 16:00,4.095932371,3.292240658
18/08/2021 17:00,3.864561331,3.093082925
18/08/2021 18:00,3.66665216,2.863650455
18/08/2021 19:00,2.286342829,2.48603366
18/08/2021 20:00,2.885595506,2.619327539
18/08/2021 21:00,2.506209403,2.015993371
18/08/2021 22:00,2.310586292,1.974419314
18/08/2021 23:00,1.718251244,1.704070967
19/08/2021 00:00,1.747588871,1.405874131
19/08/2021 01:00,1.48884287,1.091992026
19/08/2021 02:00,1.393022491,1.116036694
19/08/2021 03:00,1.419685716,1.141278244
19/08/2021 04:00,1.440602632,1.147235106
19/08/2021 05:00,1.612588005,1.296877907
19/08/2021 06:00,1.734107335,1.394176662
19/08/2021 07:00,2.221202998,1.227357305
19/08/2021 08:00,2.876061075,2.297988247
19/08/2021 09:00,3.782217173,3.043409783
19/08/2021 10:00,4.342987998,3.499669955
19/08/2021 11:00,4.687992914,3.771260817
19/08/2021 12:00,4.677031244,3.762556279
19/08/2021 13:00,4.731339525,3.806619661
19/08/2021 14:00,3.933333335,3.725457907
19/08/2021 15:00,4.4784746,3.600582288
19/08/2021 16:00,4.106806334,3.29506071
19/08/2021 17:00,3.891624658,3.028908528
19/08/2021 18:00,3.559847136,2.863676106
19/08/2021 19:00,3.091645633,2.487211947
19/08/2021 20:00,2.885619251,2.321344839
19/08/2021 21:00,2.506491586,2.039206016
19/08/2021 22:00,2.328672174,1.873285388
19/08/2021 23:00,2.117931808,1.703950181
20/08/2021 00:00,1.746862448,1.405863557
20/08/2021 01:00,1.596679481,1.197723475
20/08/2021 02:00,1.39234824,1.448391063
20/08/2021 03:00,1.393551985,1.12099097
20/08/2021 04:00,1.440544214,1.128381047
20/08/2021 05:00,1.612425117,1.294734291
20/08/2021 06:00,1.734291931,1.395567777
20/08/2021 07:00,2.221157055,1.862544327
20/08/2021 08:00,2.846262347,2.287531615
20/08/2021 09:00,3.782800107,3.042787752
20/08/2021 10:00,3.62599515,3.496358406
20/08/2021 11:00,4.47141806,3.771194383
20/08/2021 12:00,4.6770365,3.762503293
20/08/2021 13:00,4.751078509,3.806600487
20/08/2021 14:00,4.630958395,3.725436751
20/08/2021 15:00,4.478590479,3.602866741
20/08/2021 16:00,4.095836342,3.295193022
20/08/2021 17:00,3.661901717,2.90438479
20/08/2021 18:00,2.908385708,2.833175325
20/08/2021 19:00,3.091709602,2.487173311
20/08/2021 20:00,2.885392504,2.326971269
20/08/2021 21:00,2.317905917,2.015208836
20/08/2021 22:00,2.335956831,1.865031529
20/08/2021 23:00,2.118180901,1.704003344
21/08/2021 00:00,1.747535242,1.400903871
21/08/2021 01:00,1.488790681,1.168110954
21/08/2021 02:00,1.432601548,1.139352273
21/08/2021 03:00,1.131606552,1.120961916
21/08/2021 04:00,1.429001579,1.089893568
21/08/2021 05:00,1.470130629,1.297931107
21/08/2021 06:00,1.818844105,1.352464025
21/08/2021 07:00,2.219733964,1.78851776
21/08/2021 08:00,2.434780349,2.292235046
21/08/2021 09:00,3.787671371,3.047032358
21/08/2021 10:00,3.870091223,3.468276796
21/08/2021 11:00,4.729009168,3.804345841
21/08/2021 12:00,3.0107,3.419339276
21/08/2021 13:00,4.778845715,3.0107
21/08/2021 14:00,4.686855966,3.765557979
21/08/2021 15:00,4.531259868,3.645239484
21/08/2021 16:00,4.151917661,2.286961013
21/08/2021 17:00,3.903295725,3.14129936
21/08/2021 18:00,3.621254956,2.99592062
21/08/2021 19:00,3.169331979,2.552664817
21/08/2021 20:00,2.974043209,2.354682393
21/08/2021 21:00,2.589047822,2.083098274
21/08/2021 22:00,2.41152107,1.940352635
21/08/2021 23:00,2.201478881,1.994596775
22/08/2021 00:00,0.808944208,1.472808959
22/08/2021 01:00,1.57216209,1.200861908
22/08/2021 02:00,1.475376943,1.145549693
22/08/2021 03:00,1.475763064,1.280706066
22/08/2021 04:00,1.132234447,1.642924169
22/08/2021 05:00,1.68573651,1.356549426
22/08/2021 06:00,1.800176942,1.434117913
22/08/2021 07:00,2.287931751,1.837103429
22/08/2021 08:00,2.905298888,2.337205019
22/08/2021 09:00,3.838323244,3.087218612
22/08/2021 10:00,4.403018879,3.541773944
22/08/2021 11:00,4.719843615,3.804994953
22/08/2021 12:00,4.72591267,3.798671819
22/08/2021 13:00,3.0107,3.0107
22/08/2021 14:00,4.386479084,3.733101282
22/08/2021 15:00,4.485762012,3.609462652
22/08/2021 16:00,4.098262423,3.129045997
22/08/2021 17:00,3.848311018,3.02944746
22/08/2021 18:00,3.562033994,2.865586827
22/08/2021 19:00,3.193252086,2.435170791
22/08/2021 20:00,2.873747073,2.299491469
22/08/2021 21:00,2.363875704,2.016418786
22/08/2021 22:00,2.328884068,1.873473593
22/08/2021 23:00,2.11780831,1.704086392
23/08/2021 00:00,1.33411292,1.391367103
23/08/2021 01:00,1.488991776,1.214684971
23/08/2021 02:00,1.25479773,1.114872424
23/08/2021 03:00,1.393435106,1.120972325
23/08/2021 04:00,1.559457629,1.158928071
23/08/2021 05:00,1.612549616,1.282461887
23/08/2021 06:00,1.727832743,1.395334405
23/08/2021 07:00,2.22119749,1.786883471
23/08/2021 08:00,2.815526334,2.289471514
23/08/2021 09:00,3.78229237,3.042444718
23/08/2021 10:00,4.643938078,3.499699968
23/08/2021 11:00,4.128783559,3.800116727
23/08/2021 12:00,4.676940708,3.762558335
23/08/2021 13:00,4.7318018,3.729029716
23/08/2021 14:00,4.623107087,4.030449142
23/08/2021 15:00,4.478528014,4.104770603
23/08/2021 16:00,4.095890912,3.294933451
23/08/2021 17:00,3.84489186,3.093101969
23/08/2021 18:00,2.963617678,2.692808268
23/08/2021 19:00,3.091710312,2.487323064
23/08/2021 20:00,2.728622466,2.321597384
23/08/2021 21:00,2.422491186,1.097222436
23/08/2021 22:00,2.328671414,1.804127556
23/08/2021 23:00,2.112040719,1.670268302
24/08/2021 00:00,1.747564055,1.405888154
24/08/2021 01:00,1.488892117,1.197758052
24/08/2021 02:00,1.392430108,1.118799779
24/08/2021 03:00,1.393491571,1.108632153
24/08/2021 04:00,1.440635306,1.160732235
24/08/2021 05:00,1.612758323,1.520978835
24/08/2021 06:00,1.734505203,1.581832487
24/08/2021 07:00,2.041179293,1.786942392
24/08/2021 08:00,2.845830496,2.289693565
24/08/2021 09:00,3.639644419,3.042828855
24/08/2021 10:00,4.350327592,3.499699295
24/08/2021 11:00,4.686858494,3.771342971
24/08/2021 12:00,4.795049132,3.111076261
24/08/2021 13:00,4.757505435,3.806537895
24/08/2021 14:00,4.665319158,3.472941141
24/08/2021 15:00,4.472287749,3.602539701
24/08/2021 16:00,4.104597242,3.293220105
24/08/2021 17:00,3.844708795,3.092927691
24/08/2021 18:00,2.99699407,2.699650189
24/08/2021 19:00,3.091494232,1.849480774
24/08/2021 20:00,2.93463228,2.34793927
24/08/2021 21:00,1.723873816,1.827349902
24/08/2021 22:00,2.328411351,1.873124247
24/08/2021 23:00,2.151945653,1.703770132
25/08/2021 00:00,1.435123857,1.405786533
25/08/2021 01:00,1.487657608,1.237824715
25/08/2021 02:00,1.390958468,1.117409926
25/08/2021 03:00,1.393502099,0.682626711
25/08/2021 04:00,1.436468533,1.157977163
25/08/2021 05:00,1.612779656,1.170701392
25/08/2021 06:00,1.734291077,1.398220048
25/08/2021 07:00,1.976441203,1.741619347
25/08/2021 08:00,2.960906158,2.289950234
25/08/2021 09:00,3.816869774,3.039984401
25/08/2021 10:00,4.35051076,3.499910611
25/08/2021 11:00,4.699891628,4.040835596
25/08/2021 12:00,4.677599004,3.563145437
25/08/2021 13:00,4.732620069,3.775392176
25/08/2021 14:00,4.264443329,3.726233126
25/08/2021 15:00,4.461960778,3.571649052
25/08/2021 16:00,4.097227388,3.250801935
25/08/2021 17:00,3.009312463,3.095236373
25/08/2021 18:00,3.549529796,2.861531625
25/08/2021 19:00,3.092320581,2.486867413
25/08/2021 20:00,2.90158521,2.322288768
25/08/2021 21:00,2.603576938,2.021944684
25/08/2021 22:00,2.330039887,1.773403591
25/08/2021 23:00,1.95674932,1.705246369
26/08/2021 00:00,1.749530278,1.407271755
26/08/2021 01:00,1.462793579,1.199589102
26/08/2021 02:00,1.39442784,1.121725342
26/08/2021 03:00,0.674,1.122796997
26/08/2021 04:00,0.674,1.160480299
26/08/2021 05:00,1.345656153,1.300936934
26/08/2021 06:00,1.737686062,1.395169972
26/08/2021 07:00,2.775470019,1.789392236
26/08/2021 08:00,2.731761942,2.197645445
26/08/2021 09:00,3.786485263,3.045866275
26/08/2021 10:00,4.317266023,3.503026539
26/08/2021 11:00,4.692548164,3.77498943
26/08/2021 12:00,3.698275393,3.766484412
26/08/2021 13:00,4.737124945,3.810570818
26/08/2021 14:00,4.636503878,3.730002341
26/08/2021 15:00,4.48419056,3.607345469
26/08/2021 16:00,4.101572802,3.299424887
26/08/2021 17:00,3.824518963,3.095372676
26/08/2021 18:00,3.559855682,2.862452411
26/08/2021 19:00,3.091701963,2.487135247
26/08/2021 20:00,2.885587229,2.321360554
26/08/2021 21:00,2.506255236,2.017132882
26/08/2021 22:00,2.328603575,1.873289137
26/08/2021 23:00,2.115596474,1.703973157
27/08/2021 00:00,1.741922666,1.055599574
27/08/2021 01:00,1.488841842,0.726472885
27/08/2021 02:00,1.392361932,1.120102225
27/08/2021 03:00,1.393450876,1.120992062
27/08/2021 04:00,1.440602871,1.158908186
27/08/2021 05:00,1.612725769,1.297405989
27/08/2021 06:00,1.734424666,1.395320825
27/08/2021 07:00,2.219896855,1.78690362
27/08/2021 08:00,2.846155955,2.269276809
27/08/2021 09:00,3.782654638,2.91856427
27/08/2021 10:00,3.568307871,2.871231543
27/08/2021 11:00,3.901433909,2.586465558
27/08/2021 12:00,3.881681333,3.121458586
27/08/2021 13:00,3.548728495,2.752325197
27/08/2021 14:00,3.823406019,2.482978863
27/08/2021 15:00,3.029297318,2.95016252
27/08/2021 16:00,3.282262212,2.632848477
27/08/2021 17:00,3.766124292,3.6686
27/08/2021 18:00,2.745152589,2.208467299
27/08/2021 19:00,2.278649855,1.8330741
27/08/2021 20:00,2.762567694,2.240271842
27/08/2021 21:00,2.094599559,1.938161172
27/08/2021 22:00,2.236655716,1.799315724
27/08/2021 23:00,2.029229095,1.499784172
28/08/2021 00:00,1.780825201,1.432802702
28/08/2021 01:00,1.502025989,1.208064361
28/08/2021 02:00,1.321119777,1.062708723
28/08/2021 03:00,1.286995589,1.044046152
28/08/2021 04:00,1.332082593,1.071605641
28/08/2021 05:00,1.50399741,1.227301258
28/08/2021 06:00,1.518701144,0.739694361
28/08/2021 07:00,1.662898421,1.367039031
28/08/2021 08:00,1.811400512,1.462255796
28/08/2021 09:00,2.142009552,1.723141682
28/08/2021 10:00,2.401923155,1.931377393
28/08/2021 11:00,2.457485338,1.927126802
28/08/2021 12:00,1.961344556,2.210338925
28/08/2021 13:00,2.505690145,2.412673949
28/08/2021 14:00,2.814109861,2.263855447
28/08/2021 15:00,2.371582774,2.286864448
28/08/2021 16:00,2.784419906,2.239180809
28/08/2021 17:00,2.814731293,2.264349026
28/08/2021 18:00,2.651987069,2.132886802
28/08/2021 19:00,2.600499329,2.092026799
28/08/2021 20:00,2.620069247,2.095594724
28/08/2021 21:00,2.401900629,1.701382856
28/08/2021 22:00,2.387533899,1.907787718
28/08/2021 23:00,2.214088626,1.781168679
29/08/2021 00:00,1.926205838,1.549264495
29/08/2021 01:00,1.63619353,1.316257672
29/08/2021 02:00,1.43920173,1.161390731
29/08/2021 03:00,1.408308139,0.674
29/08/2021 04:00,1.42835413,0.678039244
29/08/2021 05:00,1.613302624,1.384116506
29/08/2021 06:00,0.92149676,0.74141256
29/08/2021 07:00,1.730514593,1.390548542
29/08/2021 08:00,1.667009455,1.341146221
29/08/2021 09:00,1.969696538,1.747327185
29/08/2021 10:00,2.415675331,1.954230446
29/08/2021 11:00,2.087635434,2.056022427
29/08/2021 12:00,2.379012378,1.609194584
29/08/2021 13:00,2.870173442,2.44833695
29/08/2021 14:00,2.758688734,2.219485821
29/08/2021 15:00,2.152863562,2.276126631
29/08/2021 16:00,2.510135591,2.164737052
29/08/2021 17:00,2.714363924,2.224164586
29/08/2021 18:00,2.538658188,2.04247085
29/08/2021 19:00,2.475328961,1.486203385
29/08/2021 20:00,2.463741051,1.981992775
29/08/2021 21:00,2.327822856,1.872674412
29/08/2021 22:00,2.196070469,1.766703462
29/08/2021 23:00,2.03625711,1.634108773
30/08/2021 00:00,1.634379984,1.305796475
30/08/2021 01:00,1.196676024,1.094021843
30/08/2021 02:00,1.258275622,1.006929439
30/08/2021 03:00,1.255241225,0.674
30/08/2021 04:00,1.299860198,0.946592038
30/08/2021 05:00,1.033098221,1.183590057
30/08/2021 06:00,0.674,0.674
30/08/2021 07:00,2.110303881,1.675651142
30/08/2021 08:00,1.839069281,0.674
30/08/2021 09:00,3.599430104,2.4962931
30/08/2021 10:00,4.173511373,3.376807732
30/08/2021 11:00,4.464875022,3.6686
30/08/2021 12:00,4.462448021,3.591855471
30/08/2021 13:00,3.543416555,2.849690353
30/08/2021 14:00,4.440475971,3.573562384
30/08/2021 15:00,4.298282974,3.336144037
30/08/2021 16:00,3.934116346,3.163959994
30/08/2021 17:00,3.696675425,2.973434054
30/08/2021 18:00,3.495601905,2.818096679
30/08/2021 19:00,2.958334452,2.691232282
30/08/2021 20:00,2.474188713,2.238441899
30/08/2021 21:00,2.417731935,1.945290042
30/08/2021 22:00,2.254064727,1.813332654
30/08/2021 23:00,2.046377323,1.219426515
31/08/2021 00:00,1.419700388,0.933290714
31/08/2021 01:00,1.450234645,1.167047742
31/08/2021 02:00,1.380350008,1.097456054
31/08/2021 03:00,0.811697908,1.12249696
31/08/2021 04:00,0.761293685,0.870097225
31/08/2021 05:00,1.580315795,0.887160865
31/08/2021 06:00,1.734425569,1.396129029
31/08/2021 07:00,2.238273854,1.790245729
31/08/2021 08:00,2.786012281,2.287348725
31/08/2021 09:00,2.770572618,3.112387714
31/08/2021 10:00,4.187432274,3.368123866
31/08/2021 11:00,4.560969036,3.6686
31/08/2021 12:00,4.517670986,3.631310951
31/08/2021 13:00,3.719049977,3.437498092
31/08/2021 14:00,3.752112775,3.513941055
31/08/2021 15:00,4.11340885,3.309116606
31/08/2021 16:00,4.173585601,3.284722165
31/08/2021 17:00,3.856946949,3.102766491
31/08/2021 18:00,3.620598668,2.872413884
31/08/2021 19:00,2.995426939,2.495446285
31/08/2021 20:00,2.984712978,1.813491823
31/08/2021 21:00,2.514345611,2.033694041
31/08/2021 22:00,1.945528717,1.971891972
31/08/2021 23:00,2.130200238,1.786340011
01/09/2021 00:00,1.333374682,1.168120391
01/09/2021 01:00,1.599497322,1.28718761
01/09/2021 02:00,1.546094536,1.155717142
01/09/2021 03:00,1.608076147,1.293583446
01/09/2021 04:00,1.629010325,1.310387573
01/09/2021 05:00,1.407695854,1.132450718
01/09/2021 06:00,1.346760967,1.10499608
01/09/2021 07:00,1.952605256,1.570741341
01/09/2021 08:00,2.545731938,2.046966907
01/09/2021 09:00,2.993267745,2.588876859
01/09/2021 10:00,3.330301531,3.112533055
01/09/2021 11:00,4.011811112,3.281821439
01/09/2021 12:00,4.081967409,3.281440982
01/09/2021 13:00,4.069852237,3.040265413
01/09/2021 14:00,3.814668473,3.068757493
01/09/2021 15:00,3.626022548,2.959311881
01/09/2021 16:00,3.251615461,2.605254437
01/09/2021 17:00,2.864454271,2.489282549
01/09/2021 18:00,2.898697547,2.332733249
01/09/2021 19:00,2.624880076,2.110292653
01/09/2021 20:00,2.519574403,1.734327833
01/09/2021 21:00,1.728891334,1.584336682
01/09/2021 22:00,1.800459966,1.207341929
01/09/2021 23:00,1.705934698,1.372533816
02/09/2021 00:00,1.739844276,0.718240693
02/09/2021 01:00,0.788279694,0.938986571
02/09/2021 02:00,1.160382843,0.930643724
02/09/2021 03:00,0.845388227,0.844670043
02/09/2021 04:00,1.197777189,0.963574172
02/09/2021 05:00,1.34249094,1.129703406
02/09/2021 06:00,1.49735813,1.207746699
02/09/2021 07:00,1.466038486,2.012112957
02/09/2021 08:00,2.541015695,2.040197461
02/09/2021 09:00,2.590752255,2.583833432
02/09/2021 10:00,3.860136705,3.011477377
02/09/2021 11:00,4.081637095,3.283537432
02/09/2021 12:00,4.071633536,3.275491733
02/09/2021 13:00,4.052356122,3.147618192
02/09/2021 14:00,3.838606833,3.062657887
02/09/2021 15:00,3.672010803,2.954072137
02/09/2021 16:00,3.290254552,2.648027293
02/09/2021 17:00,3.086197467,2.482739831
02/09/2021 18:00,2.891961339,2.622617759
02/09/2021 19:00,2.617688789,1.899405993
02/09/2021 20:00,2.416885269,2.063475836
02/09/2021 21:00,2.223013149,1.822620554
02/09/2021 22:00,1.963775199,1.316991867
02/09/2021 23:00,1.302300346,1.340518691
03/09/2021 00:00,1.446563629,1.253424771
03/09/2021 01:00,1.168291609,1.522838602
03/09/2021 02:00,1.161815391,0.951500044
03/09/2021 03:00,1.179242958,0.674
03/09/2021 04:00,1.199857982,0.674
03/09/2021 05:00,1.43849824,0.674
03/09/2021 06:00,1.604249161,1.298843273
03/09/2021 07:00,1.951648964,1.011421434
03/09/2021 08:00,2.500032124,2.047047694
03/09/2021 09:00,3.215455736,2.586707546
03/09/2021 10:00,3.748643741,3.015653902
03/09/2021 11:00,4.084231888,3.286200967
03/09/2021 12:00,3.686604022,3.279918256
03/09/2021 13:00,4.062866067,3.273239339
03/09/2021 14:00,3.816612513,3.067223726
03/09/2021 15:00,3.67513041,2.955854968
03/09/2021 16:00,3.28934333,2.66287391
03/09/2021 17:00,3.093492913,2.481301575
03/09/2021 18:00,2.890125085,2.325434981
03/09/2021 19:00,2.48277446,1.602956249
03/09/2021 20:00,2.529807223,2.050387801
03/09/2021 21:00,2.589301618,1.794208241
03/09/2021 22:00,1.296781099,1.579692449
03/09/2021 23:00,1.701566067,1.369891204
04/09/2021 00:00,1.453307553,1.169625528
04/09/2021 01:00,1.174964164,0.94530767
04/09/2021 02:00,1.266298806,0.940079245
04/09/2021 03:00,1.186201459,0.954310554
04/09/2021 04:00,1.20242283,0.970815138
04/09/2021 05:00,1.421095716,1.138856942
04/09/2021 06:00,1.124871682,1.297055463
04/09/2021 07:00,1.938974293,1.458140767
04/09/2021 08:00,2.586319355,2.054726965
04/09/2021 09:00,3.667364431,2.474876526
04/09/2021 10:00,3.746020562,2.979580557
04/09/2021 11:00,2.6565,3.196144679
04/09/2021 12:00,4.01384079,2.6565
04/09/2021 13:00,3.999759949,3.216285442
04/09/2021 14:00,3.696308123,3.00698994
04/09/2021 15:00,3.7035095,2.222569355
04/09/2021 16:00,3.210463672,2.582555062
04/09/2021 17:00,2.653990373,2.412745665
04/09/2021 18:00,2.209273006,1.776208513
04/09/2021 19:00,2.215063767,1.77848896
04/09/2021 20:00,2.385791394,1.488056405
04/09/2021 21:00,2.13776267,1.719760229
04/09/2021 22:00,2.061154361,1.587857468
04/09/2021 23:00,1.308152761,1.417273753
05/09/2021 00:00,1.242549565,1.031044135
05/09/2021 01:00,1.003015704,0.76924294
05/09/2021 02:00,0.674,0.764533597
05/09/2021 03:00,0.990590268,0.814991619
05/09/2021 04:00,1.031352442,1.053194036
05/09/2021 05:00,1.238870802,0.992372573
05/09/2021 06:00,1.431683653,1.125600127
05/09/2021 07:00,1.782242089,1.432787761
05/09/2021 08:00,2.374398935,1.909534778
05/09/2021 09:00,2.918331588,2.451384132
05/09/2021 10:00,3.612166536,2.875605207
05/09/2021 11:00,3.90796904,3.144970247
05/09/2021 12:00,2.6565,2.720562184
05/09/2021 13:00,3.936088451,2.6565
05/09/2021 14:00,3.686794029,2.965391969
05/09/2021 15:00,3.557059455,2.426698339
05/09/2021 16:00,3.181794826,2.559446252
05/09/2021 17:00,2.982048084,2.360363192
05/09/2021 18:00,2.794983132,2.248467615
05/09/2021 19:00,2.53461147,2.032424132
05/09/2021 20:00,2.459445367,1.942142343
05/09/2021 21:00,2.217516155,2.004449484
05/09/2021 22:00,1.977026649,1.573083496
05/09/2021 23:00,1.727745596,1.390222126
06/09/2021 00:00,1.53865226,1.076887474
06/09/2021 01:00,1.169318247,1.037226118
06/09/2021 02:00,1.235562717,0.674
06/09/2021 03:00,1.178477909,0.939444025
06/09/2021 04:00,0.876154197,0.957233177
06/09/2021 05:00,1.407367784,1.130995105
06/09/2021 06:00,1.605065605,1.289671383
06/09/2021 07:00,1.95210871,1.570579668
06/09/2021 08:00,2.574880056,2.055409151
06/09/2021 09:00,3.171018766,2.58757142
06/09/2021 10:00,3.743807584,3.01167419
06/09/2021 11:00,4.079257864,3.293986779
06/09/2021 12:00,4.108090085,3.356250906
06/09/2021 13:00,4.150464884,3.229630098
06/09/2021 14:00,3.800038123,3.016046237
06/09/2021 15:00,3.669575815,2.952141098
06/09/2021 16:00,3.290463666,2.204260534
06/09/2021 17:00,3.085643574,2.482149159
06/09/2021 18:00,2.892049732,2.326585883
06/09/2021 19:00,2.601188799,2.091018391
06/09/2021 20:00,2.399393013,1.709477752
06/09/2021 21:00,2.083509128,1.794782846
06/09/2021 22:00,1.964517985,1.551928304
06/09/2021 23:00,1.676915425,1.368514738
07/09/2021 00:00,1.329678703,1.068348013
07/09/2021 01:00,1.155181601,0.871772335
07/09/2021 02:00,1.162879411,0.932991794
07/09/2021 03:00,1.182291773,0.949759177
07/09/2021 04:00,1.234584244,0.778723281
07/09/2021 05:00,1.40760146,1.126165745
07/09/2021 06:00,1.605471742,1.291471144
07/09/2021 07:00,1.952718439,1.570921988
07/09/2021 08:00,2.545932816,2.047900555
07/09/2021 09:00,3.217017886,2.587726063
07/09/2021 10:00,3.723409678,3.014669215
07/09/2021 11:00,4.097358763,3.03701915
07/09/2021 12:00,4.09446459,3.273910314
07/09/2021 13:00,4.059637369,3.265361357
07/09/2021 14:00,3.805301716,2.760171367
07/09/2021 15:00,3.648322698,2.96034198
07/09/2021 16:00,3.2210106,2.646735308
07/09/2021 17:00,3.085094723,2.47791879
07/09/2021 18:00,2.403778182,2.32575727
07/09/2021 19:00,2.616987176,2.105372727
07/09/2021 20:00,2.4789186,2.046316947
07/09/2021 21:00,2.23009368,1.79372907
07/09/2021 22:00,1.963585522,1.579716928
07/09/2021 23:00,1.086304273,1.368020399
08/09/2021 00:00,1.165627618,1.072972739
08/09/2021 01:00,1.165911564,0.940230245
08/09/2021 02:00,1.199970503,0.939279468
08/09/2021 03:00,1.179697398,0.826209935
08/09/2021 04:00,1.301358974,0.964101068
08/09/2021 05:00,1.325990722,1.132234754
08/09/2021 06:00,0.674,1.291103288
08/09/2021 07:00,1.952614781,1.570876877
08/09/2021 08:00,2.545741304,2.175786514
08/09/2021 09:00,3.216661399,2.688158509
08/09/2021 10:00,3.743816857,2.904501971
08/09/2021 11:00,4.079501298,3.281765932
08/09/2021 12:00,4.069568083,3.265881054
08/09/2021 13:00,4.059844209,3.266021606
08/09/2021 14:00,3.805198381,2.668814971
08/09/2021 15:00,3.670552419,2.920168128
08/09/2021 16:00,3.290151819,2.646889164
08/09/2021 17:00,3.085560665,1.936264458
08/09/2021 18:00,2.819580878,2.306064242
08/09/2021 19:00,2.540237353,2.10529988
08/09/2021 20:00,2.54355993,1.934553726
08/09/2021 21:00,2.184919644,1.793931635
08/09/2021 22:00,1.956048636,1.580397828
08/09/2021 23:00,1.697966511,0.674
09/09/2021 00:00,1.326835766,0.674
09/09/2021 01:00,1.168272609,0.940257969
09/09/2021 02:00,1.220010439,0.683370434
09/09/2021 03:00,1.179670237,0.942812905
09/09/2021 04:00,1.201184665,0.966646634
09/09/2021 05:00,0.843112702,0.674
09/09/2021 06:00,1.605155177,1.281954245
09/09/2021 07:00,1.95044263,1.576161254
09/09/2021 08:00,2.545616075,2.047963595
09/09/2021 09:00,3.063680315,2.583631016
09/09/2021 10:00,3.744020768,2.988224644
09/09/2021 11:00,4.085523238,3.382916448
09/09/2021 12:00,4.069605803,3.215385086
09/09/2021 13:00,4.059883017,3.23948805
09/09/2021 14:00,3.898458934,3.061941865
09/09/2021 15:00,3.670546881,2.952828434
09/09/2021 16:00,3.198624852,2.646730974
09/09/2021 17:00,3.395145824,2.482126129
09/09/2021 18:00,2.891067271,2.220062673
09/09/2021 19:00,2.616258947,2.096190439
09/09/2021 20:00,2.50055517,2.046029787
09/09/2021 21:00,2.325822931,1.793224055
09/09/2021 22:00,1.9634943,0.854901128
09/09/2021 23:00,1.624441473,1.367908601
10/09/2021 00:00,1.329164503,1.068950104
10/09/2021 01:00,0.854690114,0.939135524
10/09/2021 02:00,1.162206938,0.93273991
10/09/2021 03:00,0.95974514,0.909291681
10/09/2021 04:00,1.108909091,0.966647475
10/09/2021 05:00,1.40752783,1.132411625
10/09/2021 06:00,1.605061058,1.042904213
10/09/2021 07:00,1.952580254,1.570819945
10/09/2021 08:00,2.545424348,2.04767012
10/09/2021 09:00,3.216704419,2.587716388
10/09/2021 10:00,3.743415501,3.011945343
10/09/2021 11:00,4.07651509,3.28184774
10/09/2021 12:00,3.52332472,3.27390575
10/09/2021 13:00,4.060192278,3.26598657
10/09/2021 14:00,3.805444043,2.927292437
10/09/2021 15:00,3.684050521,2.952998615
10/09/2021 16:00,3.278961659,2.646815381
10/09/2021 17:00,3.085149536,2.48182366
10/09/2021 18:00,2.885722582,2.325863154
10/09/2021 19:00,1.574775386,2.105458442
10/09/2021 20:00,2.543699594,2.045666774
10/09/2021 21:00,2.229962667,1.832831554
10/09/2021 22:00,1.964820299,1.57975929
10/09/2021 23:00,1.700479582,1.367955754
11/09/2021 00:00,1.32834015,1.103091063
11/09/2021 01:00,1.169669168,0.997996953
11/09/2021 02:00,1.116503404,0.928422776
11/09/2021 03:00,1.567889237,0.946584244
11/09/2021 04:00,1.201648205,0.966785263
11/09/2021 05:00,1.408116238,1.14966914
11/09/2021 06:00,1.605190692,1.291385693
11/09/2021 07:00,1.970013006,1.569937434
11/09/2021 08:00,2.546039662,1.980457795
11/09/2021 09:00,2.726424697,2.588258866
11/09/2021 10:00,3.74474703,3.012438256
11/09/2021 11:00,2.6565,2.6565
11/09/2021 12:00,4.070510621,3.274507025
11/09/2021 13:00,4.060135863,3.266727836
11/09/2021 14:00,3.618929901,3.062009161
11/09/2021 15:00,3.67138215,2.953562227
11/09/2021 16:00,3.291075137,1.625876291
11/09/2021 17:00,3.124157755,2.482653653
11/09/2021 18:00,2.892090427,2.301324248
11/09/2021 19:00,2.618061673,1.661240396
11/09/2021 20:00,2.602956084,2.048771311
11/09/2021 21:00,2.036667072,1.794500363
11/09/2021 22:00,1.965363522,1.416909097
11/09/2021 23:00,1.311189403,1.375215371
12/09/2021 00:00,0.982787737,1.069811077
12/09/2021 01:00,0.91006808,0.950485172
12/09/2021 02:00,1.163484697,0.9065025
12/09/2021 03:00,1.180786818,0.958259405
12/09/2021 04:00,1.203744374,0.96734944
12/09/2021 05:00,1.220381717,1.133302639
12/09/2021 06:00,1.605794597,1.291697633
12/09/2021 07:00,1.953477411,1.571502184
12/09/2021 08:00,2.546552234,2.029651272
12/09/2021 09:00,3.426526336,2.588295224
12/09/2021 10:00,3.744664652,3.012570644
12/09/2021 11:00,2.6565,3.282451686
12/09/2021 12:00,4.070329283,3.274439672
12/09/2021 13:00,4.060420998,3.064082113
12/09/2021 14:00,3.804515234,2.6565
12/09/2021 15:00,3.670751641,2.953090988
12/09/2021 16:00,3.298045802,2.646989562
12/09/2021 17:00,3.084888848,2.481953388
12/09/2021 18:00,2.980426196,2.325834773
12/09/2021 19:00,2.647311712,2.10519475
12/09/2021 20:00,2.543648145,2.046170081
12/09/2021 21:00,2.232072184,1.793960479
12/09/2021 22:00,1.839120101,1.579866028
12/09/2021 23:00,1.697964648,1.343827839
13/09/2021 00:00,1.328827575,1.109268252
13/09/2021 01:00,1.224359524,0.959243457
13/09/2021 02:00,1.114451772,0.92455948
13/09/2021 03:00,1.157548216,0.949003847
13/09/2021 04:00,1.201592016,0.966630192
13/09/2021 05:00,1.407549044,1.132597123
13/09/2021 06:00,1.605049619,1.319093042
13/09/2021 07:00,1.560335127,1.570794607
13/09/2021 08:00,1.561969962,1.0262837
13/09/2021 09:00,3.216666998,1.863413255
13/09/2021 10:00,3.760103519,3.011937178
13/09/2021 11:00,4.078572402,3.281835947
13/09/2021 12:00,4.066704423,3.273797766
13/09/2021 13:00,4.06812317,3.24984017
13/09/2021 14:00,2.936801944,3.061311638
13/09/2021 15:00,3.670766725,2.952840039
13/09/2021 16:00,3.281003025,2.647170486
13/09/2021 17:00,3.085422772,2.48554435
13/09/2021 18:00,2.879703729,2.324085445
13/09/2021 19:00,2.61697013,1.323112319
13/09/2021 20:00,2.543523619,2.046318807
13/09/2021 21:00,2.228835257,1.793554327
13/09/2021 22:00,1.963814182,1.579673092
13/09/2021 23:00,1.55912992,1.367933151
14/09/2021 00:00,1.32747355,1.068919098
14/09/2021 01:00,1.168753855,0.940271007
14/09/2021 02:00,1.162107601,0.928390583
14/09/2021 03:00,1.179692612,0.948986002
14/09/2021 04:00,1.261796846,0.674
14/09/2021 05:00,1.412697576,1.132546664
14/09/2021 06:00,1.651103493,1.319053252
14/09/2021 07:00,1.952581255,1.570801816
14/09/2021 08:00,2.545669361,2.048263249
14/09/2021 09:00,3.21661458,2.587691674
14/09/2021 10:00,3.745459846,3.012017728
14/09/2021 11:00,4.079368184,3.28177973
14/09/2021 12:00,4.069543033,2.71527446
14/09/2021 13:00,4.059720346,2.461419676
14/09/2021 14:00,3.738257875,2.872171212
14/09/2021 15:00,3.440649281,2.952478381
14/09/2021 16:00,3.305760612,2.646821852
14/09/2021 17:00,3.085131748,2.019114469
14/09/2021 18:00,2.891079075,2.2672801
14/09/2021 19:00,2.640771081,2.105254521
14/09/2021 20:00,2.543453531,1.965211607
14/09/2021 21:00,2.24485932,1.268477186
14/09/2021 22:00,1.375940333,1.57957593
14/09/2021 23:00,1.107000135,1.345851147
15/09/2021 00:00,1.310099204,1.068918019
15/09/2021 01:00,1.166357729,0.941681306
15/09/2021 02:00,1.161988624,0.674
15/09/2021 03:00,0.674,0.682420398
15/09/2021 04:00,1.197558227,0.966640294
15/09/2021 05:00,1.404761367,1.132460368
15/09/2021 06:00,1.417706427,1.102504441
15/09/2021 07:00,1.96653082,1.570789175
15/09/2021 08:00,2.545719701,2.047931795
15/09/2021 09:00,3.216746178,2.109949485
15/09/2021 10:00,3.493834535,2.93941279
15/09/2021 11:00,4.079510628,3.281820586
15/09/2021 12:00,4.069662645,2.686167791
15/09/2021 13:00,3.669469282,3.265794786
15/09/2021 14:00,3.805424891,3.059367263
15/09/2021 15:00,3.804318893,2.426440751
15/09/2021 16:00,3.290133536,2.646389312
15/09/2021 17:00,3.083945926,2.481786117
15/09/2021 18:00,2.773961372,2.32575912
15/09/2021 19:00,2.616897443,2.055082303
15/09/2021 20:00,2.543524446,2.045589699
15/09/2021 21:00,2.229957221,1.793925779
15/09/2021 22:00,1.963662805,1.579614565
15/09/2021 23:00,1.701144716,1.376189062
16/09/2021 00:00,1.300828883,1.069151219
16/09/2021 01:00,0.674,0.940324042
16/09/2021 02:00,1.174914385,0.674
16/09/2021 03:00,1.180315131,0.948468951
16/09/2021 04:00,1.201530355,1.030966338
16/09/2021 05:00,1.407707993,1.132508417
16/09/2021 06:00,1.605053579,1.29120889
16/09/2021 07:00,1.95260162,1.551122316
16/09/2021 08:00,2.54571787,2.047878824
16/09/2021 09:00,3.216680704,2.58761867
16/09/2021 10:00,3.68301054,3.011937336
16/09/2021 11:00,4.079534566,3.087715332
16/09/2021 12:00,4.069303947,3.701848887
16/09/2021 13:00,4.059760776,3.328601698
16/09/2021 14:00,3.774804454,3.061305822
16/09/2021 15:00,3.110766181,2.571859624
16/09/2021 16:00,2.818585734,2.64672588
16/09/2021 17:00,3.084664732,2.482070494
16/09/2021 18:00,2.891880949,2.14156278
16/09/2021 19:00,2.61694917,2.105256025
16/09/2021 20:00,2.65157727,2.0461556
16/09/2021 21:00,2.22995001,1.794250293
16/09/2021 22:00,1.409797608,1.579580162
16/09/2021 23:00,1.690534585,1.365934816
17/09/2021 00:00,1.328435737,1.170059187
17/09/2021 01:00,1.172702784,0.928290816
17/09/2021 02:00,1.162133599,0.934766691
17/09/2021 03:00,1.179655765,0.932267131
17/09/2021 04:00,1.172415854,0.966645263
17/09/2021 05:00,1.407370485,0.732569084
17/09/2021 06:00,1.604948751,1.272900969
17/09/2021 07:00,1.923396263,1.570750991
17/09/2021 08:00,1.982955866,2.04862116
17/09/2021 09:00,3.299539249,2.582227372
17/09/2021 10:00,3.74404196,3.011959885
17/09/2021 11:00,3.987019148,3.281810981
17/09/2021 12:00,4.069645105,3.273892958
17/09/2021 13:00,4.059574474,3.265875867
17/09/2021 14:00,3.805463265,3.026896559
17/09/2021 15:00,3.625367135,2.952952134
17/09/2021 16:00,3.245769089,2.646806189
17/09/2021 17:00,3.085260138,2.479252812
17/09/2021 18:00,2.89108946,2.136622796
17/09/2021 19:00,2.616999263,1.437745233
17/09/2021 20:00,2.543687874,2.046179682
17/09/2021 21:00,2.408227865,1.793934488
17/09/2021 22:00,1.96376375,1.579760575
17/09/2021 23:00,1.700459313,1.36795703
18/09/2021 00:00,1.328902029,1.088823552
18/09/2021 01:00,1.169657263,0.799657824
18/09/2021 02:00,1.162194765,0.936251814
18/09/2021 03:00,1.180240936,0.957199371
18/09/2021 04:00,1.201780171,0.966807983
18/09/2021 05:00,1.407905305,0.930122804
18/09/2021 06:00,1.605274614,1.400322022
18/09/2021 07:00,1.952843761,1.570996365
18/09/2021 08:00,2.546024808,2.037624402
18/09/2021 09:00,3.21309006,2.58824477
18/09/2021 10:00,3.744734985,3.012467769
18/09/2021 11:00,4.080307948,2.6565
18/09/2021 12:00,4.069784769,2.737198593
18/09/2021 13:00,2.6565,3.266600104
18/09/2021 14:00,3.84708782,3.064592626
18/09/2021 15:00,3.671494461,2.953413656
18/09/2021 16:00,3.278814014,2.041795213
18/09/2021 17:00,3.086087311,2.48153698
18/09/2021 18:00,2.657670846,2.326604217
18/09/2021 19:00,2.617710261,2.123850525
18/09/2021 20:00,2.544548662,2.049221073
18/09/2021 21:00,2.231079963,1.79396118
18/09/2021 22:00,1.427520854,1.580711741
18/09/2021 23:00,1.696644109,1.368628691
19/09/2021 00:00,1.350270005,1.069398918
19/09/2021 01:00,1.170536013,0.939266179
19/09/2021 02:00,0.674,0.919184682
19/09/2021 03:00,1.180791718,0.949900053
19/09/2021 04:00,1.20270671,0.686077621
19/09/2021 05:00,1.409410968,0.878773637
19/09/2021 06:00,1.611836632,1.295352745
19/09/2021 07:00,1.956363873,1.571485166
19/09/2021 08:00,2.546553043,2.061483013
19/09/2021 09:00,3.217467792,2.542513564
19/09/2021 10:00,3.745423977,3.012541898
19/09/2021 11:00,2.6565,2.950793625
19/09/2021 12:00,4.070318847,2.6565
19/09/2021 13:00,4.060417747,2.997002572
19/09/2021 14:00,3.806014502,3.061767726
19/09/2021 15:00,2.751745385,2.952966648
19/09/2021 16:00,3.290826607,2.646904614
19/09/2021 17:00,3.085227739,2.372045329
19/09/2021 18:00,2.831370819,1.973427917
19/09/2021 19:00,2.617025721,1.760134242
19/09/2021 20:00,2.219964889,2.054999409
19/09/2021 21:00,2.230313721,1.599411289
19/09/2021 22:00,1.963877282,1.628206606
19/09/2021 23:00,1.17364821,1.16416059
20/09/2021 00:00,0.736838257,1.068952479
20/09/2021 01:00,1.169266174,0.940468053
20/09/2021 02:00,1.158886566,0.905721803
20/09/2021 03:00,1.17965298,0.852875508
20/09/2021 04:00,1.186344443,0.965455616
20/09/2021 05:00,1.2161021,0.857715547
20/09/2021 06:00,1.410955487,1.283603778
20/09/2021 07:00,1.952598579,1.570797463
20/09/2021 08:00,2.545666866,2.046191084
20/09/2021 09:00,3.216690036,2.587718301
20/09/2021 10:00,3.744010587,2.997897686
20/09/2021 11:00,4.082092598,3.281808472
20/09/2021 12:00,4.069578738,3.396059757
20/09/2021 13:00,3.81528458,3.234011844
20/09/2021 14:00,3.805389632,3.061332111
20/09/2021 15:00,3.504123964,2.95282143
20/09/2021 16:00,3.290152143,2.646610782
20/09/2021 17:00,3.085732301,2.477503371
20/09/2021 18:00,2.550402381,2.325761251
20/09/2021 19:00,2.57743332,2.223312534
20/09/2021 20:00,2.543923129,2.046169798
20/09/2021 21:00,2.229947897,1.793946372
20/09/2021 22:00,1.963790803,1.611780608
20/09/2021 23:00,1.700385703,1.367936495
21/09/2021 00:00,1.328857767,1.068972256
21/09/2021 01:00,0.807599429,1.070715981
21/09/2021 02:00,1.168140699,0.930942947
21/09/2021 03:00,1.350772469,0.948749712
21/09/2021 04:00,1.201599396,0.966510069
21/09/2021 05:00,1.005252236,1.120064694
21/09/2021 06:00,1.605001502,1.291132036
21/09/2021 07:00,1.952707671,1.57074912
21/09/2021 08:00,2.549612749,1.814194246
21/09/2021 09:00,3.273129718,2.588822715
21/09/2021 10:00,3.886187173,2.301273955
21/09/2021 11:00,4.080191895,3.286794724
21/09/2021 12:00,4.098464935,3.282041674
21/09/2021 13:00,4.059771481,3.265952388
21/09/2021 14:00,3.808746058,3.106933075
21/09/2021 15:00,3.670561921,2.952863115
21/09/2021 16:00,3.335065877,2.646798508
21/09/2021 17:00,3.084984326,1.814757179
21/09/2021 18:00,2.891109986,2.326095596
21/09/2021 19:00,2.623482814,2.105250355
21/09/2021 20:00,2.24603848,2.020469643
21/09/2021 21:00,2.095849022,1.894527344
21/09/2021 22:00,1.774636236,1.601423147
21/09/2021 23:00,0.831817799,1.367946711
22/09/2021 00:00,1.28086482,0.984562537
22/09/2021 01:00,1.168707788,0.965763893
22/09/2021 02:00,1.162082258,0.674
22/09/2021 03:00,1.187920163,0.949017704
22/09/2021 04:00,1.201594939,0.966619514
22/09/2021 05:00,1.407800415,1.132460851
22/09/2021 06:00,1.605049396,1.32090709
22/09/2021 07:00,1.952593811,1.632962238
22/09/2021 08:00,2.343336634,2.047953322
22/09/2021 09:00,3.216685847,2.588116098
22/09/2021 10:00,3.744027652,3.011875341
22/09/2021 11:00,4.040023984,3.278266109
22/09/2021 12:00,4.069745401,3.273884438
22/09/2021 13:00,4.054539268,3.355166821
22/09/2021 14:00,3.805421406,3.061322734
22/09/2021 15:00,3.670569867,2.783990322
22/09/2021 16:00,3.310425886,2.646770267
22/09/2021 17:00,3.096594783,2.481862947
22/09/2021 18:00,2.901471818,2.325757884
22/09/2021 19:00,2.706259664,2.16172811
22/09/2021 20:00,2.543572076,2.046120609
22/09/2021 21:00,2.29735845,1.793471601
22/09/2021 22:00,1.99551362,0.674
22/09/2021 23:00,1.700403445,1.314479843
23/09/2021 00:00,1.328440792,1.07081511
23/09/2021 01:00,1.168910315,1.061324477
23/09/2021 02:00,1.162764992,0.934896294
23/09/2021 03:00,1.367023149,0.949009081
23/09/2021 04:00,1.203213575,0.968107987
23/09/2021 05:00,1.405979243,1.098152982
23/09/2021 06:00,1.066407383,0.945553594
23/09/2021 07:00,1.560124919,1.570870996
23/09/2021 08:00,2.545722895,1.910577584
23/09/2021 09:00,2.817098174,2.588036069
23/09/2021 10:00,3.801061535,3.011375978
23/09/2021 11:00,4.095106562,3.311054305
23/09/2021 12:00,4.071710143,3.273844863
23/09/2021 13:00,4.095460456,3.266130228
23/09/2021 14:00,3.80539626,3.061311534
23/09/2021 15:00,3.670870995,2.952786477
23/09/2021 16:00,3.290266049,2.646664547
23/09/2021 17:00,3.085229063,2.481663496
23/09/2021 18:00,2.884499247,1.862567321
23/09/2021 19:00,2.616946781,2.105240721
23/09/2021 20:00,2.502216693,2.045755001
23/09/2021 21:00,2.229914586,1.761877621
23/09/2021 22:00,1.96358815,1.578314605
23/09/2021 23:00,1.804647983,1.487763154
24/09/2021 00:00,1.201636418,1.068982362
24/09/2021 01:00,0.955828773,0.940673726
24/09/2021 02:00,1.162161205,0.934871109
24/09/2021 03:00,1.179719224,0.949159945
24/09/2021 04:00,0.674,0.920150497
24/09/2021 05:00,1.407688854,0.815073697
24/09/2021 06:00,1.605102808,1.29131297
24/09/2021 07:00,1.938106927,1.570821101
24/09/2021 08:00,2.54488978,1.814262503
24/09/2021 09:00,3.183963388,2.587702349
24/09/2021 10:00,3.744055231,3.011898435
24/09/2021 11:00,4.078360584,3.281841683
24/09/2021 12:00,4.051601629,3.226220419
24/09/2021 13:00,4.059826269,3.265948439
24/09/2021 14:00,4.095844478,3.061098722
24/09/2021 15:00,3.670497545,2.952673801
24/09/2021 16:00,3.290134108,2.646669421
24/09/2021 17:00,3.088413546,2.478030793
24/09/2021 18:00,2.891042209,2.325738982
24/09/2021 19:00,2.61693309,1.806960557
24/09/2021 20:00,2.543476139,2.046108456
24/09/2021 21:00,2.22747676,1.793882533
24/09/2021 22:00,1.963714736,1.603668977
24/09/2021 23:00,1.700061877,1.462455707
25/09/2021 00:00,1.341745801,1.069358149
25/09/2021 01:00,1.167081817,0.941001374
25/09/2021 02:00,0.674,0.93701138
25/09/2021 03:00,1.180307703,0.926726413
25/09/2021 04:00,1.203953322,0.965898331
25/09/2021 05:00,1.4082343,1.134190176
25/09/2021 06:00,1.605606394,1.29164526
25/09/2021 07:00,1.019546413,1.57124656
25/09/2021 08:00,2.131734704,2.04841741
25/09/2021 09:00,3.217822556,2.643761716
25/09/2021 10:00,3.744947603,2.968608855
25/09/2021 11:00,2.6565,2.6565
25/09/2021 12:00,4.035910167,3.278220374
25/09/2021 13:00,4.060743994,3.251411583
25/09/2021 14:00,3.804288694,3.058617988
25/09/2021 15:00,3.671564444,2.957646683
25/09/2021 16:00,3.28294069,2.598197562
25/09/2021 17:00,3.086143547,2.482035833
25/09/2021 18:00,2.870012832,2.326169273
25/09/2021 19:00,2.618061284,2.106161328
25/09/2021 20:00,2.544093212,2.047033526
25/09/2021 21:00,2.228377674,2.377594735
25/09/2021 22:00,1.964412512,1.276544196
25/09/2021 23:00,1.702914633,1.36935477
26/09/2021 00:00,1.328730846,1.070187243
26/09/2021 01:00,1.138342175,0.94187457
26/09/2021 02:00,1.163608749,0.674
26/09/2021 03:00,1.177688898,0.953113346
26/09/2021 04:00,1.202879432,0.967810409
26/09/2021 05:00,1.409044723,0.674
26/09/2021 06:00,1.606183292,1.292106028
26/09/2021 07:00,1.957706693,1.5716103
26/09/2021 08:00,2.54735249,2.051783537
26/09/2021 09:00,3.216212836,2.589967894
26/09/2021 10:00,3.744745522,3.166109966
26/09/2021 11:00,2.6565,2.6565
26/09/2021 12:00,4.0701429,3.259378884
26/09/2021 13:00,4.069393528,2.594231914
26/09/2021 14:00,3.805722092,3.091937556
26/09/2021 15:00,3.648455121,2.953018544
26/09/2021 16:00,3.289578155,2.646318766
26/09/2021 17:00,3.068587157,2.485354968
26/09/2021 18:00,2.950016918,2.325251546
26/09/2021 19:00,2.616626624,2.110551755
26/09/2021 20:00,2.392537096,2.032873333
26/09/2021 21:00,2.229088238,1.793224851
26/09/2021 22:00,1.963091714,1.571555031
26/09/2021 23:00,1.698655503,1.116953571
27/09/2021 00:00,1.328715224,1.155310663
27/09/2021 01:00,1.203714088,0.862504889
27/09/2021 02:00,1.162273562,0.934979469
27/09/2021 03:00,0.881407687,0.949042843
27/09/2021 04:00,0.674,0.97828042
27/09/2021 05:00,0.94180421,1.182940613
27/09/2021 06:00,1.604987981,1.291374626
27/09/2021 07:00,1.953233073,1.381952319
27/09/2021 08:00,2.545765145,2.107607126
27/09/2021 09:00,3.274512156,2.587929254
27/09/2021 10:00,3.743903933,3.086847184
27/09/2021 11:00,4.072373569,3.281877355
27/09/2021 12:00,4.069681978,3.271328332
27/09/2021 13:00,4.069160817,3.258376812
27/09/2021 14:00,3.805489935,3.085157155
27/09/2021 15:00,3.489809716,2.954504669
27/09/2021 16:00,3.290185453,2.646841652
27/09/2021 17:00,3.098056123,2.481927298
27/09/2021 18:00,2.890807916,2.161410543
27/09/2021 19:00,2.617078693,1.497381316
27/09/2021 20:00,2.543663059,1.263891391
27/09/2021 21:00,2.287926471,1.794058127
27/09/2021 22:00,1.963510897,1.582010952
27/09/2021 23:00,1.163353882,0.982545969
28/09/2021 00:00,1.327090766,1.066462096
28/09/2021 01:00,1.165499354,0.937439839
28/09/2021 02:00,1.161585032,0.930218981
28/09/2021 03:00,1.18005346,0.949324601
28/09/2021 04:00,0.674593068,0.856633652
28/09/2021 05:00,1.39318115,1.138055212
28/09/2021 06:00,1.605060562,1.291286186
28/09/2021 07:00,1.911623245,1.570781155
28/09/2021 08:00,2.546334492,1.58667058
28/09/2021 09:00,3.216557448,2.588100592
28/09/2021 10:00,3.745200061,3.012104141
28/09/2021 11:00,4.080041887,3.055471752
28/09/2021 12:00,4.128945254,2.324639172
28/09/2021 13:00,4.060304595,3.266771319
28/09/2021 14:00,3.531858027,3.06258679
28/09/2021 15:00,3.387270336,2.928891107
28/09/2021 16:00,3.290665905,2.647337047
28/09/2021 17:00,2.905329006,2.482561528
28/09/2021 18:00,2.892346047,2.326393678
28/09/2021 19:00,2.616428612,1.635190159
28/09/2021 20:00,1.979629586,2.62954719
28/09/2021 21:00,2.230577489,1.794431885
28/09/2021 22:00,1.918415071,1.58425891
28/09/2021 23:00,1.701131278,1.33395751
29/09/2021 00:00,1.274734434,1.07642072
29/09/2021 01:00,1.201006244,0.934404418
29/09/2021 02:00,1.115767384,0.932558613
29/09/2021 03:00,1.180715104,0.949702883
29/09/2021 04:00,0.862275588,0.88221956
29/09/2021 05:00,1.407444251,1.132248049
29/09/2021 06:00,1.526312151,1.290826482
29/09/2021 07:00,1.722759545,1.463326547
29/09/2021 08:00,2.086981602,2.049529591
29/09/2021 09:00,3.216927169,2.404108788
29/09/2021 10:00,3.776291041,3.016361815
29/09/2021 11:00,4.012115131,2.962918427
29/09/2021 12:00,3.90999967,3.281733065
29/09/2021 13:00,4.028731732,3.273950774
29/09/2021 14:00,3.828697749,3.069832881
29/09/2021 15:00,3.681881493,2.961969945
29/09/2021 16:00,3.302094079,2.657329623
29/09/2021 17:00,3.09694108,2.491958136
29/09/2021 18:00,2.468691039,2.338868747
29/09/2021 19:00,2.763654648,2.255594155
29/09/2021 20:00,2.557271023,2.057247382
29/09/2021 21:00,2.210603818,1.803817811
29/09/2021 22:00,1.974771852,1.452001949
29/09/2021 23:00,1.707198969,1.376974188
30/09/2021 00:00,1.326614629,1.067058225
30/09/2021 01:00,1.071723871,0.937029382
30/09/2021 02:00,0.674,0.674
30/09/2021 03:00,0.674,1.086025407
30/09/2021 04:00,0.787625742,0.966623458
30/09/2021 05:00,1.411742096,0.674
30/09/2021 06:00,1.606487479,1.393553703
30/09/2021 07:00,1.951593612,1.569989984
30/09/2021 08:00,2.429950345,1.97637001
30/09/2021 09:00,3.211383572,2.197263659
30/09/2021 10:00,3.746558169,3.011591066
30/09/2021 11:00,4.079227434,3.281646018
30/09/2021 12:00,4.069047535,3.275134315
30/09/2021 13:00,4.060085873,3.403089485
30/09/2021 14:00,3.696734501,3.062298345
30/09/2021 15:00,3.680695788,2.42120597
30/09/2021 16:00,3.294758264,2.654976714
30/09/2021 17:00,3.092357854,2.484566947
30/09/2021 18:00,2.90970279,2.340743321
30/09/2021 19:00,2.592245974,2.241530474
30/09/2021 20:00,2.777947101,2.233118246
30/09/2021 21:00,2.463219384,2.000918537
30/09/2021 22:00,1.824982216,1.492412061
30/09/2021 23:00,1.19941137,0.966704694
01/10/2021 00:00,0.674,0.674
01/10/2021 01:00,0.674,0.674
01/10/2021 02:00,0.674,0.674
01/10/2021 03:00,0.855138708,0.782704169
01/10/2021 04:00,0.674,0.674
01/10/2021 05:00,0.674,0.674
01/10/2021 06:00,0.674,0.674
01/10/2021 07:00,0.957894514,0.852291868
01/10/2021 08:00,1.372548338,1.104159497
01/10/2021 09:00,2.22643169,1.791086662
01/10/2021 10:00,2.751563335,2.21361185
01/10/2021 11:00,2.2747,2.2747
01/10/2021 12:00,1.912905992,1.659344492
01/10/2021 13:00,2.147651282,1.552159382
01/10/2021 14:00,1.982542101,1.581823471
01/10/2021 15:00,1.913204785,1.539098678
01/10/2021 16:00,1.777144888,1.427390762
01/10/2021 17:00,1.910574497,1.530408756
01/10/2021 18:00,1.926878167,1.550311497
01/10/2021 19:00,2.006486474,1.740392417
01/10/2021 20:00,1.941488674,1.876672867
01/10/2021 21:00,1.91920593,1.472503358
01/10/2021 22:00,1.683342728,1.355588365
01/10/2021 23:00,0.674,1.02709938
02/10/2021 00:00,0.674,0.674
02/10/2021 01:00,0.674,0.674
02/10/2021 02:00,0.674,0.674
02/10/2021 03:00,0.699796605,0.674
02/10/2021 04:00,0.674,0.674
02/10/2021 05:00,1.031183679,0.88484516
02/10/2021 06:00,0.674,0.674
02/10/2021 07:00,1.257464203,1.012009905
02/10/2021 08:00,1.379302273,1.110029018
02/10/2021 09:00,1.523991164,1.014260555
02/10/2021 10:00,1.758615342,1.421181909
02/10/2021 11:00,2.018646163,1.607178188
02/10/2021 12:00,2.127056832,1.692949772
02/10/2021 13:00,2.2747,1.597411261
02/10/2021 14:00,1.966590027,1.582010361
02/10/2021 15:00,1.929300498,1.556265444
02/10/2021 16:00,1.292876649,1.04017379
02/10/2021 17:00,2.007072718,1.5782023
02/10/2021 18:00,1.904549812,1.287691158
02/10/2021 19:00,1.968806413,0.674
02/10/2021 20:00,1.965845866,0.674
02/10/2021 21:00,1.418414608,1.463502966
02/10/2021 22:00,1.691530453,1.299042439
02/10/2021 23:00,1.20518205,0.966514442
03/10/2021 00:00,0.861006292,0.769846869
03/10/2021 01:00,0.674,0.674
03/10/2021 02:00,0.748463292,0.749593927
03/10/2021 03:00,0.736237685,0.674
03/10/2021 04:00,0.744295338,0.674
03/10/2021 05:00,1.090663296,0.840967971
03/10/2021 06:00,1.154810026,0.937057499
03/10/2021 07:00,1.261536389,1.061681653
03/10/2021 08:00,1.471148616,0.674
03/10/2021 09:00,1.587145205,1.27871222
03/10/2021 10:00,1.822823953,1.466388395
03/10/2021 11:00,2.073693208,0.837506449
03/10/2021 12:00,2.174452196,1.756907311
03/10/2021 13:00,2.2747,1.739907176
03/10/2021 14:00,2.21553616,1.775422283
03/10/2021 15:00,2.168184343,2.191997199
03/10/2021 16:00,2.109456369,1.696977754
03/10/2021 17:00,2.313459497,1.859442809
03/10/2021 18:00,1.520503689,1.747286625
03/10/2021 19:00,2.156634249,1.727148078
03/10/2021 20:00,2.137233432,1.693216555
03/10/2021 21:00,1.909572901,1.563317291
03/10/2021 22:00,1.305363436,1.41700556
03/10/2021 23:00,1.4466468,1.163822701
04/10/2021 00:00,1.059543911,0.883569282
04/10/2021 01:00,0.674,0.793896072
04/10/2021 02:00,0.969632128,0.779965923
04/10/2021 03:00,0.955445903,0.674
04/10/2021 04:00,0.94211633,0.725424633
04/10/2021 05:00,0.674,0.841452587
04/10/2021 06:00,1.230841086,0.674
04/10/2021 07:00,1.082578118,1.127482819
04/10/2021 08:00,1.713136338,1.565309226
04/10/2021 09:00,2.148520752,1.728895543
04/10/2021 10:00,2.567446396,2.07214613
04/10/2021 11:00,2.784221085,2.246479166
04/10/2021 12:00,2.837474374,2.450340538
04/10/2021 13:00,2.970983058,2.421981074
04/10/2021 14:00,2.482579703,2.053065162
04/10/2021 15:00,2.438220491,1.088979527
04/10/2021 16:00,2.43968331,1.896681637
04/10/2021 17:00,2.320746614,1.854920134
04/10/2021 18:00,2.294403262,1.815667002
04/10/2021 19:00,2.246054213,1.806804824
04/10/2021 20:00,1.770131183,1.725368151
04/10/2021 21:00,1.984307882,1.742225471
04/10/2021 22:00,1.212922498,1.862639643
04/10/2021 23:00,1.477789902,1.24791494
05/10/2021 00:00,1.125622148,0.984586882
05/10/2021 01:00,1.167191321,1.009512771
05/10/2021 02:00,0.812231861,0.930416571
05/10/2021 03:00,1.121656792,0.903153164
05/10/2021 04:00,1.071173957,0.862172895
05/10/2021 05:00,1.134801556,0.88881634
05/10/2021 06:00,1.202021324,0.674
05/10/2021 07:00,1.301746599,1.369640837
05/10/2021 08:00,1.95696765,1.103648663
05/10/2021 09:00,2.321464624,1.868317562
05/10/2021 10:00,2.741471264,2.205419011
05/10/2021 11:00,2.963687126,2.384835768
05/10/2021 12:00,1.899511412,2.50263898
05/10/2021 13:00,3.106935158,2.492779745
05/10/2021 14:00,2.812076072,2.262237143
05/10/2021 15:00,2.746867909,2.209737288
05/10/2021 16:00,2.600538309,2.087363606
05/10/2021 17:00,2.022697428,1.949977491
05/10/2021 18:00,2.385121773,1.918288444
05/10/2021 19:00,2.24241849,1.802827504
05/10/2021 20:00,2.10125746,1.690376278
05/10/2021 21:00,1.856903753,1.493746395
05/10/2021 22:00,1.664371293,1.212020406
05/10/2021 23:00,1.448535803,1.095356914
06/10/2021 00:00,0.674,0.909570852
06/10/2021 01:00,1.032646594,0.776120179
06/10/2021 02:00,1.005845662,0.674
06/10/2021 03:00,1.022871217,0.82321366
06/10/2021 04:00,0.9889135,0.795548965
06/10/2021 05:00,1.108287419,0.857666887
06/10/2021 06:00,1.262678136,1.01605617
06/10/2021 07:00,1.627767974,1.171448921
06/10/2021 08:00,1.938859569,1.536836245
06/10/2021 09:00,2.426739803,1.854903071
06/10/2021 10:00,2.726835079,2.193746329
06/10/2021 11:00,2.985486074,2.374332962
06/10/2021 12:00,2.347166244,2.401620086
06/10/2021 13:00,3.041248723,2.370624607
06/10/2021 14:00,2.80090318,2.329566273
06/10/2021 15:00,2.8004511,2.258494048
06/10/2021 16:00,2.603110516,2.096132801
06/10/2021 17:00,2.419927659,1.941956981
06/10/2021 18:00,2.386142419,1.921009516
06/10/2021 19:00,2.248379834,1.784597633
06/10/2021 20:00,2.120264582,1.691470514
06/10/2021 21:00,1.908287134,1.535007008
06/10/2021 22:00,1.600840101,1.287830211
06/10/2021 23:00,1.351391728,1.091267691
07/10/2021 00:00,1.097757904,0.882132382
07/10/2021 01:00,0.755609633,0.797530803
07/10/2021 02:00,1.015143873,0.787715502
07/10/2021 03:00,0.970216519,0.78033952
07/10/2021 04:00,0.96018351,0.773045874
07/10/2021 05:00,1.10772503,0.892849153
07/10/2021 06:00,1.258644393,1.000749169
07/10/2021 07:00,1.566795409,1.260442319
07/10/2021 08:00,1.666693322,1.647756498
07/10/2021 09:00,2.307683155,1.794262164
07/10/2021 10:00,2.515213508,2.195154219
07/10/2021 11:00,2.95319672,2.375665254
07/10/2021 12:00,2.855600917,2.402456971
07/10/2021 13:00,3.00943916,2.447068024
07/10/2021 14:00,2.861065167,2.284514732
07/10/2021 15:00,2.789672908,2.198636002
07/10/2021 16:00,2.614735536,2.103386825
07/10/2021 17:00,2.425681101,1.950995055
07/10/2021 18:00,2.363734267,1.913585819
07/10/2021 19:00,2.245126452,1.723220724
07/10/2021 20:00,2.101550654,1.266658254
07/10/2021 21:00,1.95534086,1.511324603
07/10/2021 22:00,1.738658187,1.284511178
07/10/2021 23:00,1.009982559,1.083993986
08/10/2021 00:00,1.081572428,0.870087397
08/10/2021 01:00,0.893747007,0.719171122
08/10/2021 02:00,1.02329534,0.821985451
08/10/2021 03:00,0.86266051,0.674
08/10/2021 04:00,0.846864923,0.681579001
08/10/2021 05:00,0.910436176,0.732422575
08/10/2021 06:00,1.064430256,0.75558022
08/10/2021 07:00,1.448918327,0.718340185
08/10/2021 08:00,2.007768204,1.406992558
08/10/2021 09:00,2.109219933,1.701277287
08/10/2021 10:00,2.532100654,1.92889376
08/10/2021 11:00,2.757873645,2.219133933
08/10/2021 12:00,2.793872623,2.248220969
08/10/2021 13:00,2.929389299,2.902813221
08/10/2021 14:00,2.698804748,2.484603563
08/10/2021 15:00,2.620873218,2.108405959
08/10/2021 16:00,2.412202972,1.954334404
08/10/2021 17:00,2.245883657,1.806814438
08/10/2021 18:00,2.371741784,1.907996607
08/10/2021 19:00,2.150636558,1.671054222
08/10/2021 20:00,1.940557232,1.560645881
08/10/2021 21:00,1.863139739,1.494947494
08/10/2021 22:00,1.577696954,1.297732157
08/10/2021 23:00,1.404861407,1.05550889
09/10/2021 00:00,0.674,0.722696989
09/10/2021 01:00,0.852776166,0.728156631
09/10/2021 02:00,1.086418838,0.874011121
09/10/2021 03:00,0.839726905,0.675691702
09/10/2021 04:00,0.83298586,0.674
09/10/2021 05:00,0.980569339,0.788779917
09/10/2021 06:00,1.131977499,0.674
09/10/2021 07:00,1.2830191,1.032144203
09/10/2021 08:00,1.721240243,1.384691143
09/10/2021 09:00,2.080536717,1.673820501
09/10/2021 10:00,1.778333164,1.427291807
09/10/2021 11:00,2.0242361,1.617359471
09/10/2021 12:00,2.121522818,1.769737411
09/10/2021 13:00,2.247296066,1.771015788
09/10/2021 14:00,2.168848128,1.720823369
09/10/2021 15:00,2.12675169,1.710895118
09/10/2021 16:00,0.894712155,1.508050529
09/10/2021 17:00,1.940918561,1.561432
09/10/2021 18:00,1.952780965,1.567865236
09/10/2021 19:00,2.05205563,1.61502913
09/10/2021 20:00,1.197200704,1.586024402
09/10/2021 21:00,1.622795645,1.331861641
09/10/2021 22:00,1.464280308,1.173551348
09/10/2021 23:00,1.247333428,1.052569079
10/10/2021 00:00,1.233937381,0.992115619
10/10/2021 01:00,1.042470235,0.838912572
10/10/2021 02:00,0.957337307,0.751518054
10/10/2021 03:00,0.919657444,0.739647302
10/10/2021 04:00,0.942969341,0.758485145
10/10/2021 05:00,1.037816776,0.834891843
10/10/2021 06:00,1.114612376,0.894078043
10/10/2021 07:00,1.265914,1.041172706
10/10/2021 08:00,1.388583397,1.117066545
10/10/2021 09:00,1.534677899,1.133950118
10/10/2021 10:00,1.768972515,1.098211774
10/10/2021 11:00,1.925252728,1.603346456
10/10/2021 12:00,1.622212103,1.701195559
10/10/2021 13:00,2.195635548,1.523071213
10/10/2021 14:00,1.946785821,1.738307561
10/10/2021 15:00,2.124188554,1.727258338
10/10/2021 16:00,1.993670006,1.603830735
10/10/2021 17:00,1.799442997,1.562697808
10/10/2021 18:00,1.229662473,1.849003401
10/10/2021 19:00,2.086697489,1.423481079
10/10/2021 20:00,1.900180055,1.500978024
10/10/2021 21:00,1.698177277,1.395439026
10/10/2021 22:00,1.654216198,1.080986344
10/10/2021 23:00,1.428875516,1.154246904
11/10/2021 00:00,1.006569111,0.949584099
11/10/2021 01:00,0.775704856,0.674
11/10/2021 02:00,0.766831798,0.899418992
11/10/2021 03:00,0.940856642,0.756868006
11/10/2021 04:00,0.925013737,0.674
11/10/2021 05:00,0.856818477,0.699901228
11/10/2021 06:00,1.216987865,0.979022777
11/10/2021 07:00,1.623927949,1.218614382
11/10/2021 08:00,1.402565135,1.356514189
11/10/2021 09:00,1.436013319,1.131395883
11/10/2021 10:00,2.467935683,2.021847198
11/10/2021 11:00,2.809146742,2.166622374
11/10/2021 12:00,2.728262514,2.208916326
11/10/2021 13:00,2.776916729,2.35875
11/10/2021 14:00,2.618008533,2.10597974
11/10/2021 15:00,2.537142196,2.048585039
11/10/2021 16:00,2.34209896,1.884254959
11/10/2021 17:00,1.998571053,1.721493468
11/10/2021 18:00,2.118958032,1.704702762
11/10/2021 19:00,1.994047984,1.528401926
11/10/2021 20:00,1.695054173,1.482990704
11/10/2021 21:00,1.481697519,1.383784335
11/10/2021 22:00,1.726344818,1.3887664
11/10/2021 23:00,1.514587632,1.261437196
12/10/2021 00:00,1.077347032,0.867303427
12/10/2021 01:00,0.971170801,0.674
12/10/2021 02:00,1.139288242,0.674
12/10/2021 03:00,0.950855003,0.757794533
12/10/2021 04:00,0.94101546,0.75700388
12/10/2021 05:00,1.058958175,0.876079653
12/10/2021 06:00,1.243974051,1.000734448
12/10/2021 07:00,1.315727069,1.2288581
12/10/2021 08:00,2.366352214,1.549798602
12/10/2021 09:00,2.288289358,1.607095013
12/10/2021 10:00,2.709732695,2.179930388
12/10/2021 11:00,2.880857977,2.361057517
12/10/2021 12:00,2.969390822,2.388898893
12/10/2021 13:00,3.025753483,2.43221116
12/10/2021 14:00,2.703066829,2.308422207
12/10/2021 15:00,1.737625144,2.261609006
12/10/2021 16:00,2.518035574,2.087350579
12/10/2021 17:00,2.463756407,1.937002812
12/10/2021 18:00,2.372937318,1.908924649
12/10/2021 19:00,1.925910664,1.794613653
12/10/2021 20:00,2.082819453,1.681683687
12/10/2021 21:00,1.521271013,1.485537348
12/10/2021 22:00,1.518344274,1.334452139
12/10/2021 23:00,1.43128442,1.151538519
13/10/2021 00:00,1.089692355,0.968858743
13/10/2021 01:00,0.983315183,0.791696053
13/10/2021 02:00,0.973276191,0.783020972
13/10/2021 03:00,0.674,0.775806838
13/10/2021 04:00,1.023870318,0.768374402
13/10/2021 05:00,1.104233719,0.888322397
13/10/2021 06:00,1.259405338,1.010960686
13/10/2021 07:00,1.779270456,0.986200071
13/10/2021 08:00,1.935987998,1.557631432
13/10/2021 09:00,2.127883178,1.784327743
13/10/2021 10:00,2.725046692,2.192205054
13/10/2021 11:00,2.950178431,2.350782983
13/10/2021 12:00,2.984537587,2.392192942
13/10/2021 13:00,3.010954378,2.446238538
13/10/2021 14:00,2.884433894,2.320473242
13/10/2021 15:00,2.803628391,2.121653323
13/10/2021 16:00,2.000384308,2.15733343
13/10/2021 17:00,2.41833351,2.318118888
13/10/2021 18:00,2.482504002,1.919846315
13/10/2021 19:00,2.243826733,1.805094691
13/10/2021 20:00,2.102523799,1.691328967
13/10/2021 21:00,1.629037631,1.490467242
13/10/2021 22:00,1.600783752,1.287837553
13/10/2021 23:00,1.356645937,1.091373737
14/10/2021 00:00,1.098299841,0.674
14/10/2021 01:00,1.009139701,0.808407291
14/10/2021 02:00,0.98116527,0.788155228
14/10/2021 03:00,0.970950759,0.791734676
14/10/2021 04:00,0.960714253,0.773150601
14/10/2021 05:00,1.104725997,0.884793155
14/10/2021 06:00,0.674,1.016561057
14/10/2021 07:00,0.674,1.259891299
14/10/2021 08:00,1.935459656,1.56025288
14/10/2021 09:00,2.306916882,1.852991442
14/10/2021 10:00,2.222749858,1.886899112
14/10/2021 11:00,2.952569007,2.381270105
14/10/2021 12:00,2.944124141,2.104519856
14/10/2021 13:00,3.187878279,2.423621266
14/10/2021 14:00,2.885597661,2.36684628
14/10/2021 15:00,2.804308738,2.256061821
14/10/2021 16:00,2.602682815,2.099057147
14/10/2021 17:00,2.420567088,1.948220002
14/10/2021 18:00,2.385993124,1.840272451
14/10/2021 19:00,2.242341305,1.692081314
14/10/2021 20:00,2.102665678,1.704259985
14/10/2021 21:00,1.874676659,1.496041071
14/10/2021 22:00,1.659053066,1.287461801
14/10/2021 23:00,1.356440632,1.091231268
15/10/2021 00:00,1.239974419,0.883116638
15/10/2021 01:00,1.035087081,0.832647238
15/10/2021 02:00,0.978733614,0.674
15/10/2021 03:00,0.970057365,0.780896028
15/10/2021 04:00,0.960898534,0.772996811
15/10/2021 05:00,1.11425292,0.891538172
15/10/2021 06:00,0.674,1.015548298
15/10/2021 07:00,1.565403813,1.259370711
15/10/2021 08:00,1.934986638,1.560161448
15/10/2021 09:00,2.306662475,1.855634802
15/10/2021 10:00,2.727685286,2.194328631
15/10/2021 11:00,2.953604737,2.375273886
15/10/2021 12:00,2.974813195,2.365736715
15/10/2021 13:00,3.043575426,2.458029718
15/10/2021 14:00,2.736188371,2.321364414
15/10/2021 15:00,2.842574082,2.351658511
15/10/2021 16:00,2.605835311,2.099765669
15/10/2021 17:00,2.421842107,2.653646493
15/10/2021 18:00,2.389168155,1.924866065
15/10/2021 19:00,2.244185096,1.805380451
15/10/2021 20:00,2.121114674,1.691672013
15/10/2021 21:00,1.85944939,1.489492193
15/10/2021 22:00,1.600415665,1.28744122
15/10/2021 23:00,1.356720116,1.091529631
16/10/2021 00:00,1.097706618,0.674
16/10/2021 01:00,0.987957062,0.830648308
16/10/2021 02:00,0.979532167,0.674
16/10/2021 03:00,0.970810944,0.75129833
16/10/2021 04:00,0.674,0.773355811
16/10/2021 05:00,1.110528742,0.89336346
16/10/2021 06:00,1.263496139,1.016454996
16/10/2021 07:00,1.566191481,1.184616838
16/10/2021 08:00,1.940447714,1.533974556
16/10/2021 09:00,2.311409829,1.675344259
16/10/2021 10:00,2.734476887,2.198621746
16/10/2021 11:00,2.960742126,2.380934452
16/10/2021 12:00,2.994181976,2.40882797
16/10/2021 13:00,2.2747,2.2747
16/10/2021 14:00,2.894315762,2.328414467
16/10/2021 15:00,2.813480943,2.237233477
16/10/2021 16:00,2.62055997,1.848418909
16/10/2021 17:00,2.431505324,1.763573581
16/10/2021 18:00,1.979249792,1.928498939
16/10/2021 19:00,2.256922312,1.814319137
16/10/2021 20:00,2.043841574,1.70301609
16/10/2021 21:00,1.797008762,1.445765995
16/10/2021 22:00,0.674,1.29896251
16/10/2021 23:00,1.439479328,1.158009781
17/10/2021 00:00,0.914098147,0.983405528
17/10/2021 01:00,1.032760813,0.794149398
17/10/2021 02:00,0.994212545,0.800133476
17/10/2021 03:00,0.942152019,0.728591792
17/10/2021 04:00,0.966780266,0.674
17/10/2021 05:00,1.123455208,0.903767166
17/10/2021 06:00,1.277703471,1.027053151
17/10/2021 07:00,1.669544844,1.270500315
17/10/2021 08:00,1.950410412,1.56639285
17/10/2021 09:00,2.317181058,1.864079452
17/10/2021 10:00,2.737616038,1.36620884
17/10/2021 11:00,2.932726099,2.381266608
17/10/2021 12:00,2.995088268,2.409680255
17/10/2021 13:00,2.2747,2.2747
17/10/2021 14:00,2.893442487,2.327831864
17/10/2021 15:00,2.81172487,2.261812447
17/10/2021 16:00,2.61004575,2.099694814
17/10/2021 17:00,2.422131794,1.297048458
17/10/2021 18:00,2.386748484,1.919707649
17/10/2021 19:00,2.243747774,1.818088154
17/10/2021 20:00,2.112459209,1.615166748
17/10/2021 21:00,1.851228919,1.494927128
17/10/2021 22:00,1.394127377,0.920447649
17/10/2021 23:00,0.674,1.09301172
18/10/2021 00:00,1.092947564,0.903961369
18/10/2021 01:00,0.674,0.760933757
18/10/2021 02:00,0.925563534,0.678734832
18/10/2021 03:00,0.970560526,0.709159789
18/10/2021 04:00,0.960452777,0.733939264
18/10/2021 05:00,1.121852104,0.89162259
18/10/2021 06:00,0.674,1.014471056
18/10/2021 07:00,0.914107794,1.207109477
18/10/2021 08:00,1.937220107,1.559566742
18/10/2021 09:00,2.123732268,1.849719329
18/10/2021 10:00,2.822291724,2.19441034
18/10/2021 11:00,2.952320774,2.375026702
18/10/2021 12:00,2.942498782,2.411137413
18/10/2021 13:00,2.700736068,2.447296868
18/10/2021 14:00,2.879136341,2.321204188
18/10/2021 15:00,3.19125,2.255909553
18/10/2021 16:00,2.609141555,2.098877501
18/10/2021 17:00,2.427624811,1.697931127
18/10/2021 18:00,2.386625276,1.68614886
18/10/2021 19:00,2.244805485,1.805026312
18/10/2021 20:00,1.183633927,1.75452782
18/10/2021 21:00,1.841379831,1.494795046
18/10/2021 22:00,1.600475186,1.310315517
18/10/2021 23:00,1.356016971,0.907848235
19/10/2021 00:00,1.099085554,0.88386901
19/10/2021 01:00,0.674,0.801186545
19/10/2021 02:00,0.979088972,1.157431794
19/10/2021 03:00,0.970294529,0.780414747
19/10/2021 04:00,0.94823815,0.674
19/10/2021 05:00,1.045953497,0.674
19/10/2021 06:00,1.262727671,1.016584137
19/10/2021 07:00,1.565475365,1.025610318
19/10/2021 08:00,1.997788668,1.559908001
19/10/2021 09:00,2.199644371,1.855361623
19/10/2021 10:00,2.732475456,2.290828218
19/10/2021 11:00,2.951737709,2.380128869
19/10/2021 12:00,2.9863007,1.468754623
19/10/2021 13:00,3.044110104,2.447372478
19/10/2021 14:00,2.907096855,2.321260903
19/10/2021 15:00,2.804377615,2.25602038
19/10/2021 16:00,2.60924968,1.628365986
19/10/2021 17:00,2.421794624,1.948243732
19/10/2021 18:00,2.386651974,1.920321566
19/10/2021 19:00,2.272706646,1.805398471
19/10/2021 20:00,2.102807723,1.691499145
19/10/2021 21:00,1.824809045,1.455976406
19/10/2021 22:00,1.60070483,1.287000023
19/10/2021 23:00,1.356192276,1.091038557
20/10/2021 00:00,1.097471136,0.883005855
20/10/2021 01:00,0.991131399,0.797330227
20/10/2021 02:00,1.251995094,0.787602435
20/10/2021 03:00,0.960216304,0.780590047
20/10/2021 04:00,0.962941176,0.778103847
20/10/2021 05:00,1.116482784,0.674
20/10/2021 06:00,1.263027851,0.674
20/10/2021 07:00,1.565962638,1.401627844
20/10/2021 08:00,1.934387955,0.953180964
20/10/2021 09:00,2.306722261,1.917782996
20/10/2021 10:00,2.284791267,2.180081664
20/10/2021 11:00,2.95246926,2.085301471
20/10/2021 12:00,2.986459073,2.402497879
20/10/2021 13:00,3.042367926,2.447485728
20/10/2021 14:00,2.885592223,2.321352393
20/10/2021 15:00,2.804436722,2.256265928
20/10/2021 16:00,2.609284781,2.09909062
20/10/2021 17:00,2.421822702,1.948270522
20/10/2021 18:00,1.827421171,1.920041939
20/10/2021 19:00,2.244267345,1.80539256
20/10/2021 20:00,2.102862963,1.725916863
20/10/2021 21:00,1.858305409,1.494943793
20/10/2021 22:00,1.600326231,1.287622441
20/10/2021 23:00,0.824868467,1.091035281
21/10/2021 00:00,1.046758044,0.88288599
21/10/2021 01:00,0.991072703,0.797358633
21/10/2021 02:00,0.982572744,0.787659909
21/10/2021 03:00,0.970270708,0.780540701
21/10/2021 04:00,0.960437905,0.772629566
21/10/2021 05:00,1.001929932,0.829491439
21/10/2021 06:00,1.263039345,0.938559632
21/10/2021 07:00,1.566440432,1.352513686
21/10/2021 08:00,1.325511708,1.560464185
21/10/2021 09:00,2.316727673,1.855916873
21/10/2021 10:00,2.727738021,2.213580714
21/10/2021 11:00,2.952456177,2.375916702
21/10/2021 12:00,2.93847951,2.365321686
21/10/2021 13:00,2.973158123,2.447471572
21/10/2021 14:00,2.885594647,2.320739695
21/10/2021 15:00,2.804036284,2.157807323
21/10/2021 16:00,2.589354873,1.794152778
21/10/2021 17:00,2.421830732,1.94833217
21/10/2021 18:00,2.386748206,1.889440108
21/10/2021 19:00,2.244838279,1.805241457
21/10/2021 20:00,2.103233686,1.691763172
21/10/2021 21:00,1.858714149,1.494840748
21/10/2021 22:00,1.600661898,1.287661986
21/10/2021 23:00,0.762922127,1.091162313
22/10/2021 00:00,1.097659266,0.867419862
22/10/2021 01:00,0.991240183,0.797373291
22/10/2021 02:00,0.979893592,0.674
22/10/2021 03:00,0.674,0.674
22/10/2021 04:00,0.938375204,0.772497971
22/10/2021 05:00,1.121983171,0.951803663
22/10/2021 06:00,1.263641102,0.950168081
22/10/2021 07:00,1.786758206,1.259643276
22/10/2021 08:00,2.021192006,1.560224792
22/10/2021 09:00,2.303760707,1.855538376
22/10/2021 10:00,2.72770438,1.733712474
22/10/2021 11:00,2.958843241,1.502772655
22/10/2021 12:00,2.986449967,2.394932291
22/10/2021 13:00,3.040054836,2.250030986
22/10/2021 14:00,2.888460863,2.321186273
22/10/2021 15:00,2.804420344,2.256044397
22/10/2021 16:00,2.619585656,2.104039836
22/10/2021 17:00,2.421800632,1.948098473
22/10/2021 18:00,2.380553906,1.920029683
22/10/2021 19:00,2.244193923,1.853920188
22/10/2021 20:00,2.102986608,1.691712262
22/10/2021 21:00,1.841429372,1.494895172
22/10/2021 22:00,1.60007928,0.674
22/10/2021 23:00,1.356346455,1.396197446
23/10/2021 00:00,0.674,0.882970391
23/10/2021 01:00,0.992337822,0.798309842
23/10/2021 02:00,0.97997985,0.785950168
23/10/2021 03:00,0.903976285,0.914543984
23/10/2021 04:00,0.958994433,0.780066313
23/10/2021 05:00,1.109759225,0.882938356
23/10/2021 06:00,0.674,1.015907585
23/10/2021 07:00,1.566212457,1.259967347
23/10/2021 08:00,1.936615681,1.560682555
23/10/2021 09:00,2.307197053,1.856097426
23/10/2021 10:00,2.714388031,2.415826917
23/10/2021 11:00,2.662984016,2.370614273
23/10/2021 12:00,2.962720977,2.402780826
23/10/2021 13:00,2.2747,2.2747
23/10/2021 14:00,2.8945927,2.321513277
23/10/2021 15:00,2.80474687,2.256174601
23/10/2021 16:00,2.810260946,2.143726558
23/10/2021 17:00,2.420587932,1.948502573
23/10/2021 18:00,2.387043683,1.920302132
23/10/2021 19:00,2.244569382,1.471506832
23/10/2021 20:00,1.965535761,1.58120449
23/10/2021 21:00,1.797742216,1.443435611
23/10/2021 22:00,1.07733688,1.259277279
23/10/2021 23:00,1.440606161,1.131829824
24/10/2021 00:00,1.223114676,0.674
24/10/2021 01:00,1.032760482,0.830792598
24/10/2021 02:00,0.938057006,0.776032034
24/10/2021 03:00,0.982706867,0.777203579
24/10/2021 04:00,0.956322886,0.674
24/10/2021 05:00,1.118153967,0.674
24/10/2021 06:00,1.098575033,0.899390824
24/10/2021 07:00,1.620408772,1.25729624
24/10/2021 08:00,1.94483247,1.55828429
24/10/2021 09:00,2.304742791,1.854083101
24/10/2021 10:00,2.727208564,2.193020477
24/10/2021 11:00,2.951110194,2.318870592
24/10/2021 12:00,2.986996492,2.401629841
24/10/2021 13:00,2.2747,2.2747
24/10/2021 14:00,2.885262235,1.986933521
24/10/2021 15:00,2.804008272,2.252399523
24/10/2021 16:00,2.609073528,2.103666768
24/10/2021 17:00,2.421515319,1.948148951
24/10/2021 18:00,2.369864102,1.920191032
24/10/2021 19:00,1.691992992,1.335602163
24/10/2021 20:00,1.969577804,1.584458953
24/10/2021 21:00,1.858491299,1.301109815
24/10/2021 22:00,1.365977834,1.287464466
24/10/2021 23:00,1.346330143,1.085959442
25/10/2021 00:00,1.09871685,0.88544527
25/10/2021 01:00,0.749239045,0.767184491
25/10/2021 02:00,0.782006608,0.7898471
25/10/2021 03:00,0.97451918,0.770745105
25/10/2021 04:00,0.778501441,0.733943756
25/10/2021 05:00,1.110203672,0.894388019
25/10/2021 06:00,1.257051758,1.004572545
25/10/2021 07:00,1.568591903,1.343253968
25/10/2021 08:00,1.878609662,1.561654302
25/10/2021 09:00,2.272431158,1.859934397
25/10/2021 10:00,2.616317695,2.194807707
25/10/2021 11:00,2.952818669,2.25093514
25/10/2021 12:00,2.99501232,2.36797716
25/10/2021 13:00,3.069254029,2.447508402
25/10/2021 14:00,2.323750573,2.321949561
25/10/2021 15:00,2.804288628,2.255941473
25/10/2021 16:00,2.609056393,1.961309293
25/10/2021 17:00,2.416484031,1.948709177
25/10/2021 18:00,2.23841054,1.93235058
25/10/2021 19:00,2.19015979,1.804662191
25/10/2021 20:00,2.101868466,1.686954792
25/10/2021 21:00,1.857569563,1.622976093
25/10/2021 22:00,1.595939844,1.284726231
25/10/2021 23:00,1.361430034,1.094881403
26/10/2021 00:00,1.11546513,0.99033999
26/10/2021 01:00,1.076259128,0.787607041
26/10/2021 02:00,0.886208304,0.787273867
26/10/2021 03:00,0.969633709,0.780724982
26/10/2021 04:00,0.892436343,0.772213535
26/10/2021 05:00,0.674,0.891284877
26/10/2021 06:00,1.429642388,0.674
26/10/2021 07:00,1.223778841,1.284376879
26/10/2021 08:00,1.939130635,1.559962172
26/10/2021 09:00,2.306456716,1.855471464
26/10/2021 10:00,2.724820203,2.194402126
26/10/2021 11:00,2.952300734,2.372908674
26/10/2021 12:00,2.992175926,2.401335018
26/10/2021 13:00,2.83979305,2.447398345
26/10/2021 14:00,2.884890231,2.318471247
26/10/2021 15:00,2.803952206,1.848438998
26/10/2021 16:00,2.609379896,2.099466202
26/10/2021 17:00,2.423059071,1.949239945
26/10/2021 18:00,2.389005869,1.921801833
26/10/2021 19:00,2.246567863,1.169814422
26/10/2021 20:00,2.105248985,1.693704249
26/10/2021 21:00,0.828960653,1.498824458
26/10/2021 22:00,1.603617553,0.674
26/10/2021 23:00,1.35849242,1.092838362
27/10/2021 00:00,1.100243791,0.88460953
27/10/2021 01:00,1.000628404,0.674
27/10/2021 02:00,0.981099023,0.789072722
27/10/2021 03:00,1.010184517,0.674
27/10/2021 04:00,0.932937524,0.773657796
27/10/2021 05:00,1.109553347,0.892512896
27/10/2021 06:00,1.292317812,1.448606288
27/10/2021 07:00,1.568641601,1.259616139
27/10/2021 08:00,1.170443092,1.560011572
27/10/2021 09:00,2.305995834,1.855091729
27/10/2021 10:00,2.727330329,2.193358769
27/10/2021 11:00,2.914412673,2.369381787
27/10/2021 12:00,2.87688457,2.400215427
27/10/2021 13:00,3.033783615,2.445253592
27/10/2021 14:00,2.751550504,2.318455972
27/10/2021 15:00,2.800017276,2.252907012
27/10/2021 16:00,2.603431835,2.095495481
27/10/2021 17:00,2.41895987,1.946048124
27/10/2021 18:00,2.386773689,1.919306517
27/10/2021 19:00,2.243565313,1.804945636
27/10/2021 20:00,2.09641482,1.686192394
27/10/2021 21:00,1.862064646,1.49837143
27/10/2021 22:00,1.599372752,1.28666415
27/10/2021 23:00,1.348544088,1.084855647
28/10/2021 00:00,1.215633199,1.020526069
28/10/2021 01:00,1.164881886,0.877864324
28/10/2021 02:00,0.674,0.829959258
28/10/2021 03:00,1.039186549,0.674
28/10/2021 04:00,0.95771237,0.770533777
28/10/2021 05:00,1.098702133,0.8716178
28/10/2021 06:00,1.269983451,0.674
28/10/2021 07:00,1.518143272,1.257006648
28/10/2021 08:00,1.800485201,1.546413936
28/10/2021 09:00,2.304752517,1.853713541
28/10/2021 10:00,2.72541636,2.192969199
28/10/2021 11:00,2.958624026,2.37396103
28/10/2021 12:00,2.985285716,2.378938963
28/10/2021 13:00,2.2747,2.2747
28/10/2021 14:00,2.890643988,2.306906348
28/10/2021 15:00,2.829719667,1.808022002
28/10/2021 16:00,2.605861043,2.094008391
28/10/2021 17:00,1.371837021,1.944915705
28/10/2021 18:00,2.396595595,1.928162431
28/10/2021 19:00,2.248214917,1.812420206
28/10/2021 20:00,1.951441151,1.569779893
28/10/2021 21:00,2.281576322,1.433470558
28/10/2021 22:00,1.654391592,1.330682
28/10/2021 23:00,1.434467625,1.158252324
29/10/2021 00:00,1.133146441,0.861306621
29/10/2021 01:00,0.674,0.674
29/10/2021 02:00,0.979601352,0.80921751
29/10/2021 03:00,0.735662083,0.674
29/10/2021 04:00,0.674,0.674
29/10/2021 05:00,0.793930079,0.784434251
29/10/2021 06:00,0.99563572,0.674
29/10/2021 07:00,1.243263253,1.001263371
29/10/2021 08:00,1.781751862,1.298249574
29/10/2021 09:00,1.977769918,1.591049789
29/10/2021 10:00,2.350516747,1.927289651
29/10/2021 11:00,2.617678358,2.105888542
29/10/2021 12:00,2.649690385,2.131281683
29/10/2021 13:00,2.335696783,2.35875
29/10/2021 14:00,2.643905495,2.040210375
29/10/2021 15:00,2.497655685,1.905842934
29/10/2021 16:00,2.133184175,1.764089051
29/10/2021 17:00,1.840733733,1.619753822
29/10/2021 18:00,1.957489852,1.574633688
29/10/2021 19:00,2.169352423,1.631573704
29/10/2021 20:00,2.081210901,1.622881367
29/10/2021 21:00,1.885785149,1.514051178
29/10/2021 22:00,1.549558015,1.280135641
29/10/2021 23:00,1.02255294,0.822643621
30/10/2021 00:00,1.230431215,0.977280845
30/10/2021 01:00,1.012395318,0.82719797
30/10/2021 02:00,0.957375224,0.789550417
30/10/2021 03:00,0.74148629,0.733160047
30/10/2021 04:00,0.95180246,0.754002111
30/10/2021 05:00,1.036293602,0.833851407
30/10/2021 06:00,1.133759507,0.897085305
30/10/2021 07:00,1.269965501,1.114458482
30/10/2021 08:00,1.395202248,1.122400881
30/10/2021 09:00,1.54311357,1.195548412
30/10/2021 10:00,1.779120021,1.431193166
30/10/2021 11:00,2.502030794,1.65901663
30/10/2021 12:00,2.487281402,2.000974984
30/10/2021 13:00,2.2747,1.649158196
30/10/2021 14:00,2.443675239,1.874598226
30/10/2021 15:00,2.0564481,1.727523388
30/10/2021 16:00,2.072298978,0.88730808
30/10/2021 17:00,2.578442493,1.594248494
30/10/2021 18:00,2.032544824,1.634861992
30/10/2021 19:00,1.981234701,1.640009896
30/10/2021 20:00,1.83460398,1.487288442
30/10/2021 21:00,1.628545945,1.309561744
30/10/2021 22:00,0.752118156,1.058945521
30/10/2021 23:00,1.133643708,0.912003534
31/10/2021 00:00,0.874293164,0.721919159
31/10/2021 01:00,0.876400531,0.74843984
31/10/2021 02:00,0.674,0.698299349
31/10/2021 03:00,0.84422238,0.679146532
31/10/2021 04:00,0.864902479,0.674
31/10/2021 05:00,0.956464654,0.770136738
31/10/2021 06:00,1.075366265,0.865123448
31/10/2021 07:00,1.310868511,1.094512741
31/10/2021 08:00,1.593474468,1.281594553
31/10/2021 09:00,1.881770932,1.513898061
31/10/2021 10:00,2.191081543,1.76364314
31/10/2021 11:00,2.424749068,1.975838018
31/10/2021 12:00,2.396661624,1.928621004
31/10/2021 13:00,2.2747,1.973435157
31/10/2021 14:00,1.995640773,1.887199308
31/10/2021 15:00,2.10573413,0.674
31/10/2021 16:00,1.977068555,1.590709318
31/10/2021 17:00,1.91524282,1.551283791
31/10/2021 18:00,1.942126054,1.562360236
31/10/2021 19:00,1.949842112,1.141150973
31/10/2021 20:00,1.712554813,1.477903551
31/10/2021 21:00,1.403861226,1.285862537
31/10/2021 22:00,1.330383366,0.891349681
31/10/2021 23:00,1.067780299,0.922982113
01/11/2021 00:00,0.881963573,0.674
01/11/2021 01:00,0.883841991,0.711141616
01/11/2021 02:00,0.861948886,0.674
01/11/2021 03:00,0.857141851,0.702312677
01/11/2021 04:00,0.862526485,0.674
01/11/2021 05:00,0.979993522,0.812805033
01/11/2021 06:00,1.133827008,0.9066715
01/11/2021 07:00,1.331849159,1.101316719
01/11/2021 08:00,1.661997347,1.332427194
01/11/2021 09:00,1.957183921,1.57442944
01/11/2021 10:00,2.228948516,0.741930105
01/11/2021 11:00,2.132143718,2.025362239
01/11/2021 12:00,2.496080403,1.652429586
01/11/2021 13:00,2.555700994,2.055760481
01/11/2021 14:00,2.44664227,1.971222494
01/11/2021 15:00,2.294678635,1.388449584
01/11/2021 16:00,2.122352981,1.697812889
01/11/2021 17:00,2.056552745,1.92639963
01/11/2021 18:00,2.077257995,1.659774198
01/11/2021 19:00,2.010252925,1.612049355
01/11/2021 20:00,1.898483697,1.52742605
01/11/2021 21:00,1.676047487,1.314172769
01/11/2021 22:00,1.409744999,0.825771667
01/11/2021 23:00,1.221274395,0.674
02/11/2021 00:00,0.999498126,0.804331323
02/11/2021 01:00,0.674,0.674
02/11/2021 02:00,0.895096663,0.712995171
02/11/2021 03:00,0.843907046,0.719825123
02/11/2021 04:00,0.905955351,0.674
02/11/2021 05:00,0.860771769,0.850451827
02/11/2021 06:00,1.176683161,0.674
02/11/2021 07:00,1.31090532,1.137089475
02/11/2021 08:00,1.41325602,1.367874184
02/11/2021 09:00,1.986921736,1.594950541
02/11/2021 10:00,2.29717846,1.533900721
02/11/2021 11:00,2.521112129,2.028077343
02/11/2021 12:00,2.498140811,2.028223558
02/11/2021 13:00,2.567146427,2.056032831
02/11/2021 14:00,2.459104776,1.972314066
02/11/2021 15:00,2.295919156,1.84717269
02/11/2021 16:00,2.139214273,1.7156023
02/11/2021 17:00,1.524133511,1.675593306
02/11/2021 18:00,2.126860199,1.678701132
02/11/2021 19:00,2.039052613,1.622093227
02/11/2021 20:00,1.901210072,1.527608419
02/11/2021 21:00,1.67645792,1.184072534
02/11/2021 22:00,1.409835573,1.134187878
02/11/2021 23:00,1.223460933,0.982473147
03/11/2021 00:00,0.674,0.828063594
03/11/2021 01:00,0.891042616,0.709729816
03/11/2021 02:00,0.895038699,0.720022335
03/11/2021 03:00,0.894777492,0.714945077
03/11/2021 04:00,0.913395287,0.734202361
03/11/2021 05:00,1.057027312,0.833557846
03/11/2021 06:00,1.176407667,0.920151827
03/11/2021 07:00,1.420778183,1.136874492
03/11/2021 08:00,1.696165487,1.366851167
03/11/2021 09:00,1.986492186,1.598142112
03/11/2021 10:00,2.296812102,1.847704604
03/11/2021 11:00,2.519747123,2.027010721
03/11/2021 12:00,2.484652558,2.009467327
03/11/2021 13:00,2.55657951,2.060414855
03/11/2021 14:00,1.48675729,1.943208197
03/11/2021 15:00,1.88383994,2.33279662
03/11/2021 16:00,2.208186169,1.750604946
03/11/2021 17:00,2.124994507,1.652571224
03/11/2021 18:00,2.116919435,1.702990295
03/11/2021 19:00,2.006638101,1.640569269
03/11/2021 20:00,1.903856529,1.494373368
03/11/2021 21:00,1.671340216,1.348860492
03/11/2021 22:00,1.353033347,1.134133728
03/11/2021 23:00,1.278334236,0.982465582
04/11/2021 00:00,0.999609656,0.804155656
04/11/2021 01:00,0.708378629,0.717745056
04/11/2021 02:00,0.8944284,0.706556227
04/11/2021 03:00,0.674,0.757032936
04/11/2021 04:00,0.913023749,0.734581389
04/11/2021 05:00,1.664611108,0.850841338
04/11/2021 06:00,1.276089401,0.946293583
04/11/2021 07:00,1.412489133,1.117022898
04/11/2021 08:00,1.697123892,1.543510722
04/11/2021 09:00,1.98672602,1.598119025
04/11/2021 10:00,1.851971985,1.847317385
04/11/2021 11:00,2.516201475,2.024959964
04/11/2021 12:00,2.540746685,2.009188132
04/11/2021 13:00,2.556857251,2.056860589
04/11/2021 14:00,2.451531152,1.972170789
04/11/2021 15:00,2.297878087,1.850528217
04/11/2021 16:00,1.95127922,1.751534943
04/11/2021 17:00,2.118094544,1.62098733
04/11/2021 18:00,2.118237919,1.130504409
04/11/2021 19:00,2.039359964,1.640601923
04/11/2021 20:00,1.899014947,1.527761815
04/11/2021 21:00,1.676607704,1.348773371
04/11/2021 22:00,1.410137464,1.134379415
04/11/2021 23:00,1.231122581,0.982692554
05/11/2021 00:00,0.99945388,0.798081266
05/11/2021 01:00,0.892169989,0.674
05/11/2021 02:00,0.894391143,0.719730923
05/11/2021 03:00,0.894390225,0.719694748
05/11/2021 04:00,0.918170985,0.685514866
05/11/2021 05:00,1.056741143,0.850111172
05/11/2021 06:00,1.176200454,0.94627132
05/11/2021 07:00,1.413158211,1.136794938
05/11/2021 08:00,0.675421335,1.365901325
05/11/2021 09:00,1.986758177,1.573458813
05/11/2021 10:00,2.296802221,1.827124574
05/11/2021 11:00,2.519389265,2.026829976
05/11/2021 12:00,2.497475948,2.044416737
05/11/2021 13:00,2.556690733,1.720296253
05/11/2021 14:00,2.451460486,1.871863083
05/11/2021 15:00,2.278352995,1.791188024
05/11/2021 16:00,2.17739324,1.905294922
05/11/2021 17:00,2.118463568,1.704014499
05/11/2021 18:00,2.118299786,1.703689261
05/11/2021 19:00,2.039247485,1.66405289
05/11/2021 20:00,1.883479744,1.529159251
05/11/2021 21:00,1.676323709,1.348217436
05/11/2021 22:00,1.410444994,1.129487908
05/11/2021 23:00,1.081442339,0.982549077
06/11/2021 00:00,0.756511504,0.803582375
06/11/2021 01:00,0.892044636,0.717610879
06/11/2021 02:00,0.893748825,0.717866002
06/11/2021 03:00,0.910291072,0.719852702
06/11/2021 04:00,0.674,0.674
06/11/2021 05:00,1.046601983,0.683665604
06/11/2021 06:00,1.170482585,0.942228
06/11/2021 07:00,1.40530476,0.724343081
06/11/2021 08:00,1.686199724,1.356589881
06/11/2021 09:00,1.967601293,1.586445583
06/11/2021 10:00,1.731005896,1.799088849
06/11/2021 11:00,2.470327444,1.882822531
06/11/2021 12:00,2.427646516,1.953044551
06/11/2021 13:00,1.95385,1.92767066
06/11/2021 14:00,2.320173968,1.270961234
06/11/2021 15:00,2.226429112,1.78137385
06/11/2021 16:00,2.100371299,1.680998877
06/11/2021 17:00,2.019512492,1.522419381
06/11/2021 18:00,2.018482632,1.624292193
06/11/2021 19:00,1.932244944,1.554180884
06/11/2021 20:00,1.40657399,1.4383065
06/11/2021 21:00,1.323952236,1.257458653
06/11/2021 22:00,1.295544343,1.044067365
06/11/2021 23:00,1.108247576,0.891381709
07/11/2021 00:00,0.871422081,0.713794819
07/11/2021 01:00,0.778284455,0.674
07/11/2021 02:00,0.786373935,0.674
07/11/2021 03:00,0.80422976,0.674
07/11/2021 04:00,0.831065569,0.674
07/11/2021 05:00,0.723928378,0.739796613
07/11/2021 06:00,1.072329347,0.912439982
07/11/2021 07:00,1.307661079,1.116782054
07/11/2021 08:00,1.630563369,1.311874893
07/11/2021 09:00,1.923895343,1.547729544
07/11/2021 10:00,2.238113014,1.800501651
07/11/2021 11:00,2.464682541,1.982646572
07/11/2021 12:00,2.449520209,1.968979715
07/11/2021 13:00,1.95385,1.95385
07/11/2021 14:00,2.471150396,1.970472288
07/11/2021 15:00,2.25880469,1.819913647
07/11/2021 16:00,2.176209833,1.767808647
07/11/2021 17:00,2.148103928,1.736584126
07/11/2021 18:00,1.370241292,1.416095538
07/11/2021 19:00,2.039502868,1.643509022
07/11/2021 20:00,1.837304988,1.190227876
07/11/2021 21:00,1.675740791,1.32648978
07/11/2021 22:00,1.410886632,1.134910919
07/11/2021 23:00,1.264707031,0.981181178
08/11/2021 00:00,0.99991056,0.799355197
08/11/2021 01:00,0.89247978,0.718067902
08/11/2021 02:00,0.896742022,0.719717387
08/11/2021 03:00,0.894661458,0.719720186
08/11/2021 04:00,0.913302713,0.674
08/11/2021 05:00,1.05574645,0.850232413
08/11/2021 06:00,1.175563037,0.946588384
08/11/2021 07:00,1.417203027,1.114763664
08/11/2021 08:00,1.139419764,1.36530056
08/11/2021 09:00,1.959817813,1.598139984
08/11/2021 10:00,2.149431287,1.847749831
08/11/2021 11:00,2.519311156,2.0273273
08/11/2021 12:00,2.497495383,1.688169811
08/11/2021 13:00,2.556710106,2.056857192
08/11/2021 14:00,2.451458702,1.998509288
08/11/2021 15:00,2.298329156,1.847966112
08/11/2021 16:00,2.177340518,1.508707616
08/11/2021 17:00,2.118119071,1.785710955
08/11/2021 18:00,2.118148919,1.703982574
08/11/2021 19:00,2.03923952,1.611346887
08/11/2021 20:00,1.898995055,1.545555491
08/11/2021 21:00,1.676258314,1.348460154
08/11/2021 22:00,1.417127859,1.137566955
08/11/2021 23:00,1.239712324,0.982516849
09/11/2021 00:00,0.999795364,0.674
09/11/2021 01:00,0.870242028,0.717749567
09/11/2021 02:00,0.845538291,0.809367623
09/11/2021 03:00,0.894583262,0.731761091
09/11/2021 04:00,0.913207503,0.674
09/11/2021 05:00,1.05694447,0.674
09/11/2021 06:00,1.176487453,0.743817267
09/11/2021 07:00,1.413165168,0.674
09/11/2021 08:00,1.711670763,1.365274399
09/11/2021 09:00,1.986561151,1.598298689
09/11/2021 10:00,2.30775387,1.847735591
09/11/2021 11:00,2.520250101,2.0288544
09/11/2021 12:00,2.497809727,2.031247037
09/11/2021 13:00,2.520442705,2.056736684
09/11/2021 14:00,2.6818,1.972057792
09/11/2021 15:00,2.297941946,1.848966411
09/11/2021 16:00,2.177534234,1.746708673
09/11/2021 17:00,2.099182558,1.703676559
09/11/2021 18:00,2.11776082,1.837721436
09/11/2021 19:00,2.128353539,1.640476408
09/11/2021 20:00,1.774088601,1.612268625
09/11/2021 21:00,1.673672396,1.348510597
09/11/2021 22:00,1.409658061,1.11888239
09/11/2021 23:00,1.221333858,0.982518108
10/11/2021 00:00,0.999837812,0.804255257
10/11/2021 01:00,0.98809953,0.717927436
10/11/2021 02:00,0.894624329,0.719261969
10/11/2021 03:00,0.894668392,0.680167248
10/11/2021 04:00,0.913247824,0.708037599
10/11/2021 05:00,1.056493601,0.850216705
10/11/2021 06:00,1.176356906,0.946382352
10/11/2021 07:00,1.413232929,1.136799502
10/11/2021 08:00,1.696623912,1.365290768
10/11/2021 09:00,1.988721564,1.598267446
10/11/2021 10:00,2.296765224,1.847683702
10/11/2021 11:00,2.51900731,2.026773474
10/11/2021 12:00,2.497383697,1.564232838
10/11/2021 13:00,2.556683712,2.054126311
10/11/2021 14:00,2.453099955,1.791282687
10/11/2021 15:00,2.236246491,1.84873112
10/11/2021 16:00,2.177348929,1.751726052
10/11/2021 17:00,2.124215184,1.703978468
10/11/2021 18:00,2.117738664,1.704148279
10/11/2021 19:00,1.371763039,1.640448054
10/11/2021 20:00,1.89895386,0.890111047
10/11/2021 21:00,1.818467026,1.328914254
10/11/2021 22:00,1.410142312,1.134237707
10/11/2021 23:00,0.684026064,0.982499943
11/11/2021 00:00,0.999869856,0.80434001
11/11/2021 01:00,0.674,0.715941325
11/11/2021 02:00,0.875922676,0.674
11/11/2021 03:00,0.894655694,0.709994634
11/11/2021 04:00,0.674,0.7346809
11/11/2021 05:00,1.153759387,0.850219615
11/11/2021 06:00,0.835719315,1.055602812
11/11/2021 07:00,1.345489824,0.674
11/11/2021 08:00,1.7755556,1.365313299
11/11/2021 09:00,1.978980744,1.598085241
11/11/2021 10:00,2.296286183,1.230427178
11/11/2021 11:00,2.52515795,2.026702688
11/11/2021 12:00,2.497486662,2.009067253
11/11/2021 13:00,2.556796846,2.056181842
11/11/2021 14:00,1.669371328,1.972102341
11/11/2021 15:00,2.298062206,1.83548982
11/11/2021 16:00,2.177367624,1.75160261
11/11/2021 17:00,1.985585037,0.76937507
11/11/2021 18:00,2.141603119,1.709722736
11/11/2021 19:00,2.03909816,1.640572272
11/11/2021 20:00,1.898858992,1.49486003
11/11/2021 21:00,1.255154927,1.475376061
11/11/2021 22:00,1.40968115,1.111719028
11/11/2021 23:00,1.22136384,1.000704039
12/11/2021 00:00,0.999858717,0.781824392
12/11/2021 01:00,0.954900583,0.674
12/11/2021 02:00,0.895382267,0.720098661
12/11/2021 03:00,0.886230714,0.719686409
12/11/2021 04:00,0.919565307,0.734327406
12/11/2021 05:00,1.021897883,0.830341744
12/11/2021 06:00,1.176375886,0.94635164
12/11/2021 07:00,1.424692272,1.132666534
12/11/2021 08:00,1.707459452,1.36528886
12/11/2021 09:00,1.986278951,1.578649483
12/11/2021 10:00,2.305207728,1.847429512
12/11/2021 11:00,1.455773705,2.026769265
12/11/2021 12:00,2.497481653,1.449475814
12/11/2021 13:00,2.352897826,2.056127884
12/11/2021 14:00,2.456472234,2.060852096
12/11/2021 15:00,2.297585502,1.8486202
12/11/2021 16:00,1.669504283,1.75199918
12/11/2021 17:00,1.991339559,1.703911728
12/11/2021 18:00,1.918320289,1.703944663
12/11/2021 19:00,2.038669732,1.640465157
12/11/2021 20:00,1.837043426,1.527569067
12/11/2021 21:00,1.676165885,1.348418048
12/11/2021 22:00,0.674,1.134583805
12/11/2021 23:00,1.187410774,0.982505052
13/11/2021 00:00,0.999659979,0.727452045
13/11/2021 01:00,0.891785807,0.719002141
13/11/2021 02:00,0.893860569,0.730329821
13/11/2021 03:00,0.892692558,0.674
13/11/2021 04:00,0.910543409,0.743076749
13/11/2021 05:00,1.052783965,0.847968765
13/11/2021 06:00,1.170509329,0.941606529
13/11/2021 07:00,1.428471723,0.674
13/11/2021 08:00,1.634012746,1.356441588
13/11/2021 09:00,1.972171654,1.592069762
13/11/2021 10:00,2.236414779,1.799122936
13/11/2021 11:00,2.453096383,1.944741863
13/11/2021 12:00,2.427700741,1.95385
13/11/2021 13:00,1.887087777,1.996883033
13/11/2021 14:00,1.95385,1.908559566
13/11/2021 15:00,1.603601339,1.780717016
13/11/2021 16:00,2.088977238,1.545980647
13/11/2021 17:00,2.025321339,1.905694105
13/11/2021 18:00,2.017808342,1.625010397
13/11/2021 19:00,1.932409111,1.554793714
13/11/2021 20:00,1.787157185,1.503170662
13/11/2021 21:00,1.585693396,0.718797889
13/11/2021 22:00,1.123940655,0.674
13/11/2021 23:00,0.971949356,0.891919136
14/11/2021 00:00,0.674,0.674
14/11/2021 01:00,0.780979097,1.27866387
14/11/2021 02:00,0.786064464,0.674
14/11/2021 03:00,0.791907404,0.674
14/11/2021 04:00,0.831343386,0.674
14/11/2021 05:00,0.978833748,0.78749912
14/11/2021 06:00,1.102086629,1.039741436
14/11/2021 07:00,1.342866445,1.080374401
14/11/2021 08:00,1.602029889,1.329495295
14/11/2021 09:00,1.929514173,1.547987232
14/11/2021 10:00,2.002381143,1.526152403
14/11/2021 11:00,2.465344866,1.982932994
14/11/2021 12:00,2.447592775,1.969016703
14/11/2021 13:00,1.95385,1.95385
14/11/2021 14:00,2.446263458,1.271816949
14/11/2021 15:00,2.295590017,1.846709577
14/11/2021 16:00,2.159326882,1.759726265
14/11/2021 17:00,2.117817919,1.642773827
14/11/2021 18:00,2.09987558,1.096958531
14/11/2021 19:00,2.038735037,1.608196794
14/11/2021 20:00,1.96709423,1.527735636
14/11/2021 21:00,1.676405563,1.347036625
14/11/2021 22:00,1.331183402,1.241814965
14/11/2021 23:00,1.221508789,0.674
15/11/2021 00:00,1.000555718,1.306355183
15/11/2021 01:00,0.89244756,0.717935896
15/11/2021 02:00,0.89463426,0.674
15/11/2021 03:00,0.674,0.720909092
15/11/2021 04:00,0.897789754,0.733709447
15/11/2021 05:00,1.06366295,0.850241958
15/11/2021 06:00,1.130320139,1.125812417
15/11/2021 07:00,0.674,1.136883512
15/11/2021 08:00,1.697157592,1.365312681
15/11/2021 09:00,1.986549578,1.59823174
15/11/2021 10:00,1.601247257,1.847723203
15/11/2021 11:00,2.519426498,2.026781891
15/11/2021 12:00,1.57838262,2.008015325
15/11/2021 13:00,2.557973356,1.742148492
15/11/2021 14:00,2.446815322,1.97207977
15/11/2021 15:00,2.297982111,1.712409382
15/11/2021 16:00,2.177358567,1.749870185
15/11/2021 17:00,2.116920283,1.692451271
15/11/2021 18:00,2.107536235,1.705839901
15/11/2021 19:00,2.039219243,1.640499148
15/11/2021 20:00,1.898900566,1.527709106
15/11/2021 21:00,1.676212392,1.348507552
15/11/2021 22:00,1.406246257,0.674
15/11/2021 23:00,1.22133286,0.982223769
16/11/2021 00:00,0.94667024,0.810370501
16/11/2021 01:00,0.674,0.717914068
16/11/2021 02:00,1.027136929,0.719665182
16/11/2021 03:00,0.8947131,0.719648083
16/11/2021 04:00,0.674,0.734639667
16/11/2021 05:00,1.049601603,0.674
16/11/2021 06:00,1.176339992,0.946612675
16/11/2021 07:00,1.413162054,1.136844953
16/11/2021 08:00,1.697110579,1.373948926
16/11/2021 09:00,1.986103946,1.598116305
16/11/2021 10:00,2.296703911,1.838642529
16/11/2021 11:00,2.51934608,2.016195236
16/11/2021 12:00,2.32874661,2.00913216
16/11/2021 13:00,2.5566796,2.05675385
16/11/2021 14:00,2.239206324,1.363702503
16/11/2021 15:00,2.24585005,1.848590197
16/11/2021 16:00,2.133703229,1.751769934
16/11/2021 17:00,2.118141699,1.703960532
16/11/2021 18:00,2.090822869,1.703978636
16/11/2021 19:00,2.039146394,1.640486398
16/11/2021 20:00,1.896601617,1.52757986
16/11/2021 21:00,1.638633402,1.356904099
16/11/2021 22:00,1.410101447,1.13436965
16/11/2021 23:00,1.221352125,0.738031387
17/11/2021 00:00,0.999857554,0.8043563
17/11/2021 01:00,0.892416051,0.674
17/11/2021 02:00,0.894401192,0.689081488
17/11/2021 03:00,0.894882586,0.743477517
17/11/2021 04:00,0.913248937,0.734679935
17/11/2021 05:00,0.812150455,0.866357591
17/11/2021 06:00,1.17638432,0.943941442
17/11/2021 07:00,1.41300617,0.674
17/11/2021 08:00,1.693951843,1.365249613
17/11/2021 09:00,1.986961267,1.597932544
17/11/2021 10:00,2.297222061,1.847720377
17/11/2021 11:00,2.543348576,1.874357719
17/11/2021 12:00,2.529529128,1.94665243
17/11/2021 13:00,2.567891528,2.056758674
17/11/2021 14:00,2.481135879,1.548821127
17/11/2021 15:00,2.283601904,1.848620449
17/11/2021 16:00,2.03262444,1.751675696
17/11/2021 17:00,2.102038263,1.704093777
17/11/2021 18:00,2.11805945,1.464309282
17/11/2021 19:00,2.04776989,1.640466175
17/11/2021 20:00,1.898871669,1.171382849
17/11/2021 21:00,1.676320032,1.348536537
17/11/2021 22:00,1.409868782,1.134218631
17/11/2021 23:00,1.056925398,0.982518491
18/11/2021 00:00,0.999869081,0.887171326
18/11/2021 01:00,0.832917997,0.720122446
18/11/2021 02:00,0.886173883,0.721223382
18/11/2021 03:00,0.894634069,0.674
18/11/2021 04:00,0.914147901,0.674
18/11/2021 05:00,1.111021326,0.850848131
18/11/2021 06:00,1.172370151,0.955950469
18/11/2021 07:00,1.39889008,1.136862398
18/11/2021 08:00,1.697169395,1.361358815
18/11/2021 09:00,1.986243315,1.664725995
18/11/2021 10:00,2.030450887,1.847946551
18/11/2021 11:00,2.548117051,2.025656084
18/11/2021 12:00,2.497485211,2.009146175
18/11/2021 13:00,2.558416371,2.056520646
18/11/2021 14:00,2.454762439,1.972120533
18/11/2021 15:00,2.29783512,1.481120381
18/11/2021 16:00,2.17728483,0.942970952
18/11/2021 17:00,2.104382967,1.703977037
18/11/2021 18:00,2.118220802,1.33291811
18/11/2021 19:00,2.036258872,1.652855222
18/11/2021 20:00,1.899728029,1.527585291
18/11/2021 21:00,0.674,1.203393532
18/11/2021 22:00,1.409935289,1.133831504
18/11/2021 23:00,1.221751543,0.721955724
19/11/2021 00:00,0.674,0.804289752
19/11/2021 01:00,0.892343262,0.78044988
19/11/2021 02:00,0.89462678,0.719795056
19/11/2021 03:00,0.990298392,0.720152871
19/11/2021 04:00,0.913240737,0.734679946
19/11/2021 05:00,1.057246386,0.674
19/11/2021 06:00,1.176375506,0.9217506
19/11/2021 07:00,1.4133212,1.114354604
19/11/2021 08:00,1.697136034,1.025031336
19/11/2021 09:00,1.70723679,1.598205497
19/11/2021 10:00,2.296995256,1.847730704
19/11/2021 11:00,2.519373316,2.026769668
19/11/2021 12:00,2.497472541,2.009129043
19/11/2021 13:00,2.556682497,2.107100136
19/11/2021 14:00,2.451732289,1.972577861
19/11/2021 15:00,2.297924196,1.846851855
19/11/2021 16:00,2.177444389,1.715173875
19/11/2021 17:00,2.118147986,1.56660342
19/11/2021 18:00,1.783950923,1.709791116
19/11/2021 19:00,1.451481931,1.640702013
19/11/2021 20:00,1.672859003,1.52757393
19/11/2021 21:00,1.681203665,1.347754491
19/11/2021 22:00,1.41012821,1.134549346
19/11/2021 23:00,1.221321188,0.982326734
20/11/2021 00:00,0.999985504,0.842483493
20/11/2021 01:00,0.892169257,0.730322372
20/11/2021 02:00,0.829417068,0.674
20/11/2021 03:00,0.892946772,0.718204034
20/11/2021 04:00,0.910538234,0.732637205
20/11/2021 05:00,1.054448591,0.674
20/11/2021 06:00,1.170484173,0.943764573
20/11/2021 07:00,1.40502642,1.075383183
20/11/2021 08:00,1.335334663,1.35644691
20/11/2021 09:00,1.972046083,1.451203879
20/11/2021 10:00,2.236422269,1.211399414
20/11/2021 11:00,2.454234742,1.975877753
20/11/2021 12:00,2.427674842,1.415577574
20/11/2021 13:00,1.95385,1.95385
20/11/2021 14:00,2.372467408,1.938042243
20/11/2021 15:00,2.214254899,1.375443558
20/11/2021 16:00,1.685543178,1.682350368
20/11/2021 17:00,2.025368819,1.629142659
20/11/2021 18:00,2.033142296,1.624362465
20/11/2021 19:00,1.93240127,1.554551441
20/11/2021 20:00,1.787821104,1.361523007
20/11/2021 21:00,1.563614835,1.257871723
20/11/2021 22:00,1.297752892,0.674
20/11/2021 23:00,1.088131635,0.891813916
21/11/2021 00:00,0.88722238,0.674
21/11/2021 01:00,0.781003862,0.674
21/11/2021 02:00,0.87980916,0.674
21/11/2021 03:00,0.791508195,0.674
21/11/2021 04:00,0.932136173,0.681982737
21/11/2021 05:00,0.979430909,0.787489561
21/11/2021 06:00,1.102556076,0.886715381
21/11/2021 07:00,1.342864676,1.080287702
21/11/2021 08:00,1.662368382,1.314476297
21/11/2021 09:00,1.923914737,1.547759544
21/11/2021 10:00,2.237609454,1.800497114
21/11/2021 11:00,2.447852169,1.95385
21/11/2021 12:00,2.447599239,1.969044915
21/11/2021 13:00,1.95385,1.544264601
21/11/2021 14:00,2.44156138,1.968680945
21/11/2021 15:00,2.295589054,1.846721986
21/11/2021 16:00,1.795009336,1.754163615
21/11/2021 17:00,1.974826245,1.703677779
21/11/2021 18:00,2.127019278,1.322773035
21/11/2021 19:00,2.039366638,1.696928184
21/11/2021 20:00,1.899070678,1.527734572
21/11/2021 21:00,1.676360616,1.348576024
21/11/2021 22:00,1.410884111,1.135010244
21/11/2021 23:00,1.160496867,1.097387712
22/11/2021 00:00,0.986248327,0.821251961
22/11/2021 01:00,0.892455191,0.674
22/11/2021 02:00,0.890250408,0.719713168
22/11/2021 03:00,0.88732001,0.674
22/11/2021 04:00,0.928277304,0.734707307
22/11/2021 05:00,1.05732242,0.857006559
22/11/2021 06:00,0.856527519,0.946429934
22/11/2021 07:00,1.41321465,1.136880195
22/11/2021 08:00,1.697169746,1.291496523
22/11/2021 09:00,1.986081784,1.598148642
22/11/2021 10:00,2.296416335,1.846029548
22/11/2021 11:00,2.33208192,1.965371303
22/11/2021 12:00,2.497319223,1.985317688
22/11/2021 13:00,2.557194397,2.05733842
22/11/2021 14:00,2.451299608,1.975281848
22/11/2021 15:00,2.230238554,1.848761468
22/11/2021 16:00,2.177503248,1.751620353
22/11/2021 17:00,2.118150642,1.39431896
22/11/2021 18:00,2.011413111,1.904414914
22/11/2021 19:00,2.018654613,1.656571959
22/11/2021 20:00,1.898894129,1.527381927
22/11/2021 21:00,1.676329149,1.348481697
22/11/2021 22:00,1.410498458,1.134806166
22/11/2021 23:00,1.490530511,0.997728079
23/11/2021 00:00,0.752624682,0.803959431
23/11/2021 01:00,0.897590231,0.717910078
23/11/2021 02:00,0.894575931,0.674
23/11/2021 03:00,0.674,0.67436691
23/11/2021 04:00,0.935256792,0.746048761
23/11/2021 05:00,1.056922182,0.850142831
23/11/2021 06:00,1.191554746,0.674
23/11/2021 07:00,1.413107951,1.172904768
23/11/2021 08:00,1.710937099,1.352893675
23/11/2021 09:00,2.007140801,1.501300634
23/11/2021 10:00,2.259659621,1.847717767
23/11/2021 11:00,2.32785338,2.09334807
23/11/2021 12:00,2.494977311,1.933343183
23/11/2021 13:00,2.557312787,2.056706116
23/11/2021 14:00,2.451427651,1.83221527
23/11/2021 15:00,2.297932235,1.849151401
23/11/2021 16:00,2.142001852,1.751522425
23/11/2021 17:00,2.118709552,1.703971838
23/11/2021 18:00,2.118140379,1.704009412
23/11/2021 19:00,2.039332463,1.6885205
23/11/2021 20:00,1.888887277,1.524122671
23/11/2021 21:00,2.032731003,1.279639876
23/11/2021 22:00,0.995493298,0.765674966
23/11/2021 23:00,1.493310017,0.982522221
24/11/2021 00:00,0.999861299,0.674
24/11/2021 01:00,0.892415705,0.717924254
24/11/2021 02:00,0.894609119,0.721908346
24/11/2021 03:00,0.899098765,0.700984146
24/11/2021 04:00,0.674,0.734675183
24/11/2021 05:00,1.061968254,0.845008517
24/11/2021 06:00,0.674,0.946485522
24/11/2021 07:00,1.413172409,1.136751345
24/11/2021 08:00,1.503043663,1.365287608
24/11/2021 09:00,1.986275196,1.536095569
24/11/2021 10:00,2.296782253,1.823470683
24/11/2021 11:00,2.519412664,2.026774205
24/11/2021 12:00,1.773183257,2.029646279
24/11/2021 13:00,2.549566114,2.05635125
24/11/2021 14:00,2.451437118,1.971681114
24/11/2021 15:00,2.297948439,1.848614429
24/11/2021 16:00,2.177470218,1.674826553
24/11/2021 17:00,2.091344311,1.704110644
24/11/2021 18:00,0.949418502,1.701037107
24/11/2021 19:00,2.038631238,1.410793633
24/11/2021 20:00,1.898893457,1.46880523
24/11/2021 21:00,1.671087715,1.363057821
24/11/2021 22:00,1.410011953,1.08110446
24/11/2021 23:00,1.250884951,0.982504212
25/11/2021 00:00,1.095459338,0.674
25/11/2021 01:00,0.89242814,0.674
25/11/2021 02:00,0.861050705,0.714506193
25/11/2021 03:00,0.918635272,0.719690093
25/11/2021 04:00,0.913257561,0.734633289
25/11/2021 05:00,1.056890485,0.850222248
25/11/2021 06:00,1.176368906,0.946357556
25/11/2021 07:00,1.413176703,0.674
25/11/2021 08:00,1.694737683,0.973359075
25/11/2021 09:00,1.42680959,1.598135658
25/11/2021 10:00,2.327098579,1.828112163
25/11/2021 11:00,2.512666779,2.02647094
25/11/2021 12:00,2.179751255,2.010021074
25/11/2021 13:00,2.556685,2.061875187
25/11/2021 14:00,2.451433997,1.973714169
25/11/2021 15:00,2.297114544,1.848712175
25/11/2021 16:00,2.106786322,1.674317206
25/11/2021 17:00,2.533532909,1.70403396
25/11/2021 18:00,2.118264586,1.740898971
25/11/2021 19:00,2.113679492,1.640594133
25/11/2021 20:00,1.898846331,1.507245009
25/11/2021 21:00,1.789782598,1.179684026
25/11/2021 22:00,1.409903847,1.13441272
25/11/2021 23:00,1.221325182,0.674
26/11/2021 00:00,0.999847652,0.804321658
26/11/2021 01:00,0.892453401,0.717922417
26/11/2021 02:00,0.894606477,0.719039382
26/11/2021 03:00,0.895209017,0.720764155
26/11/2021 04:00,0.917671154,0.734641959
26/11/2021 05:00,1.056856271,0.674
26/11/2021 06:00,1.176481832,0.946381249
26/11/2021 07:00,1.413165119,1.136834229
26/11/2021 08:00,1.204648221,1.298110112
26/11/2021 09:00,2.0045366,1.598117527
26/11/2021 10:00,2.296900132,1.450827659
26/11/2021 11:00,2.519382626,2.026751225
26/11/2021 12:00,2.497469197,2.009781275
26/11/2021 13:00,2.556681001,2.056736429
26/11/2021 14:00,2.6818,1.972166225
26/11/2021 15:00,2.294758374,1.848594108
26/11/2021 16:00,2.278098589,1.751684155
26/11/2021 17:00,2.118000005,1.782370959
26/11/2021 18:00,2.112632526,1.703967441
26/11/2021 19:00,2.315706288,1.638941564
26/11/2021 20:00,1.81917232,1.527587861
26/11/2021 21:00,1.676023596,1.348361568
26/11/2021 22:00,1.41031024,1.134554683
26/11/2021 23:00,1.21271853,0.982751952
27/11/2021 00:00,0.674,0.80426126
27/11/2021 01:00,0.917850441,0.718490394
27/11/2021 02:00,0.894981882,0.720073299
27/11/2021 03:00,0.894488316,0.719581086
27/11/2021 04:00,0.833452686,0.734833166
27/11/2021 05:00,1.056106859,0.850208977
27/11/2021 06:00,0.674,0.946466525
27/11/2021 07:00,1.38804049,1.136870676
27/11/2021 08:00,0.916835986,1.36608387
27/11/2021 09:00,2.010865159,1.599814838
27/11/2021 10:00,2.299949813,1.849687395
27/11/2021 11:00,2.513929346,1.839960922
27/11/2021 12:00,2.389890445,2.0201099
27/11/2021 13:00,1.95385,1.95385
27/11/2021 14:00,2.407789742,1.985199073
27/11/2021 15:00,2.315122465,1.862244436
27/11/2021 16:00,2.195306682,2.033813804
27/11/2021 17:00,2.113054447,1.718999265
27/11/2021 18:00,1.949227941,1.7198549
27/11/2021 19:00,1.458836198,1.661047332
27/11/2021 20:00,1.925359445,1.606420915
27/11/2021 21:00,1.704931037,1.370121861
27/11/2021 22:00,1.438089551,1.156932218
27/11/2021 23:00,1.24819572,1.00408995
28/11/2021 00:00,1.026752711,0.674
28/11/2021 01:00,0.91960919,0.674
28/11/2021 02:00,0.771537146,0.740521162
28/11/2021 03:00,0.919556635,0.739341597
28/11/2021 04:00,0.868019982,0.674
28/11/2021 05:00,0.674,0.86781011
28/11/2021 06:00,1.633378888,0.96318682
28/11/2021 07:00,1.433082506,1.138451044
28/11/2021 08:00,1.774854178,1.380107202
28/11/2021 09:00,0.904052376,1.390143162
28/11/2021 10:00,2.313277588,1.849685167
28/11/2021 11:00,2.534749477,2.039072951
28/11/2021 12:00,2.511444063,1.95385
28/11/2021 13:00,1.95385,2.059475598
28/11/2021 14:00,2.453967717,1.974152616
28/11/2021 15:00,2.301300763,1.850662546
28/11/2021 16:00,1.842211306,1.716322441
28/11/2021 17:00,2.119059498,1.715813535
28/11/2021 18:00,2.118560907,1.704187537
28/11/2021 19:00,2.038346863,1.639789328
28/11/2021 20:00,1.89900107,1.527682694
28/11/2021 21:00,1.193524638,1.319354357
28/11/2021 22:00,1.407242308,1.136136791
28/11/2021 23:00,1.221248363,0.982420017
29/11/2021 00:00,1.000078312,0.804612606
29/11/2021 01:00,0.674,0.71809087
29/11/2021 02:00,0.894806358,0.719873371
29/11/2021 03:00,0.894863259,0.71953263
29/11/2021 04:00,0.91347649,0.674
29/11/2021 05:00,1.058774067,0.850413641
29/11/2021 06:00,1.176624328,0.804282601
29/11/2021 07:00,1.387758652,0.674
29/11/2021 08:00,1.726645277,1.365558649
29/11/2021 09:00,2.010276854,1.601644161
29/11/2021 10:00,2.310935474,1.847833816
29/11/2021 11:00,2.569284041,1.965111835
29/11/2021 12:00,2.496911438,2.002800965
29/11/2021 13:00,2.556715742,1.552869147
29/11/2021 14:00,2.450331613,1.727389416
29/11/2021 15:00,2.297944281,1.813971614
29/11/2021 16:00,2.177317831,2.041990506
29/11/2021 17:00,2.171080114,1.703638736
29/11/2021 18:00,2.116958828,2.1236011
29/11/2021 19:00,2.039118032,1.52059595
29/11/2021 20:00,1.876034012,1.299455248
29/11/2021 21:00,1.676204053,1.34790675
29/11/2021 22:00,1.919584532,1.146886627
29/11/2021 23:00,1.221817459,0.883419257
30/11/2021 00:00,1.011573825,0.804696351
30/11/2021 01:00,0.898527043,0.795162493
30/11/2021 02:00,0.902279317,0.72629513
30/11/2021 03:00,0.894654853,0.719576119
30/11/2021 04:00,0.90461435,0.674
30/11/2021 05:00,0.926203346,0.832972689
30/11/2021 06:00,1.531822621,0.886958511
30/11/2021 07:00,1.265687375,1.12669949
30/11/2021 08:00,1.757822335,1.279082228
30/11/2021 09:00,2.03535195,1.644739615
30/11/2021 10:00,2.364094778,1.901767656
30/11/2021 11:00,2.564378364,2.12439801
30/11/2021 12:00,2.50188278,2.012676011
30/11/2021 13:00,2.552213704,2.056723479
30/11/2021 14:00,2.442368604,1.964751093
30/11/2021 15:00,2.286176153,1.839145624
30/11/2021 16:00,2.160295298,1.738361362
30/11/2021 17:00,2.106498649,1.460876401
30/11/2021 18:00,2.115792633,1.702081463
30/11/2021 19:00,2.039104554,1.330729734
30/11/2021 20:00,1.884210756,1.411705997
30/11/2021 21:00,1.461899854,1.229563925
30/11/2021 22:00,1.471526093,1.15246933
30/11/2021 23:00,1.237988647,0.997198953
01/12/2021 00:00,1.02286404,0.827871951
01/12/2021 01:00,0.912552518,0.739286395
01/12/2021 02:00,0.873140918,0.758649825
01/12/2021 03:00,0.907328533,0.729910838
01/12/2021 04:00,0.914091242,0.735349214
01/12/2021 05:00,0.674,0.883183874
01/12/2021 06:00,1.125890878,0.907520802
01/12/2021 07:00,1.400971657,1.239527956
01/12/2021 08:00,1.705914072,1.303555624
01/12/2021 09:00,2.088110715,1.676599726
01/12/2021 10:00,2.455546901,1.930851584
01/12/2021 11:00,2.023331687,1.066232491
01/12/2021 12:00,2.130524217,2.0638
01/12/2021 13:00,2.313558871,1.51217351
01/12/2021 14:00,2.440781631,1.96354443
01/12/2021 15:00,2.262088917,1.346802926
01/12/2021 16:00,2.155152283,1.733656559
01/12/2021 17:00,2.104174267,1.692733551
01/12/2021 18:00,2.07791896,1.70392625
01/12/2021 19:00,2.047833583,1.559708486
01/12/2021 20:00,1.929293052,1.552004285
01/12/2021 21:00,1.694152352,1.373591683
01/12/2021 22:00,1.476616054,1.186527895
01/12/2021 23:00,1.574920135,1.112836756
02/12/2021 00:00,1.174159492,0.674
02/12/2021 01:00,0.705338265,0.732365988
02/12/2021 02:00,0.939123459,0.731259254
02/12/2021 03:00,0.916589581,0.737209704
02/12/2021 04:00,0.920031173,0.738616552
02/12/2021 05:00,1.567143293,0.92557249
02/12/2021 06:00,1.097984573,0.883500846
02/12/2021 07:00,1.409140541,1.119831309
02/12/2021 08:00,1.709685744,1.191909263
02/12/2021 09:00,2.045685579,1.726108915
02/12/2021 10:00,2.506384823,2.016923779
02/12/2021 11:00,2.661753326,2.141498127
02/12/2021 12:00,2.518184158,2.02595065
02/12/2021 13:00,2.546538925,1.610564438
02/12/2021 14:00,2.456967657,1.952674937
02/12/2021 15:00,2.249206971,1.82401267
02/12/2021 16:00,2.136815127,1.71283129
02/12/2021 17:00,2.089587659,1.675918399
02/12/2021 18:00,2.113121131,1.699590695
02/12/2021 19:00,2.043054433,1.711400855
02/12/2021 20:00,1.856124329,1.554779907
02/12/2021 21:00,1.690891354,1.353974315
02/12/2021 22:00,1.488592657,1.188445999
02/12/2021 23:00,1.263088688,1.050672904
03/12/2021 00:00,1.03433872,0.850342014
03/12/2021 01:00,0.994581215,0.749796316
03/12/2021 02:00,0.939856497,0.755795534
03/12/2021 03:00,0.840337323,0.737291426
03/12/2021 04:00,0.913225697,0.734657765
03/12/2021 05:00,0.864033897,0.814937022
03/12/2021 06:00,0.800528874,0.869690682
03/12/2021 07:00,1.392703021,1.124251877
03/12/2021 08:00,1.691370454,1.37216051
03/12/2021 09:00,2.146815806,1.726969611
03/12/2021 10:00,2.50765752,2.11498116
03/12/2021 11:00,2.662253298,2.12260723
03/12/2021 12:00,2.464561724,2.02636984
03/12/2021 13:00,2.54720415,2.049173501
03/12/2021 14:00,2.429442578,2.054320647
03/12/2021 15:00,1.16036096,1.278367592
03/12/2021 16:00,2.129758792,1.713329988
03/12/2021 17:00,2.083339163,1.676312616
03/12/2021 18:00,2.10555913,1.666223786
03/12/2021 19:00,2.035661212,1.636477181
03/12/2021 20:00,1.938692723,1.535471828
03/12/2021 21:00,1.708353976,1.334016259
03/12/2021 22:00,1.521160891,1.190336948
03/12/2021 23:00,1.277610122,0.674
04/12/2021 00:00,0.957680881,0.942100136
04/12/2021 01:00,0.931545793,0.674
04/12/2021 02:00,0.937061142,0.7341082
04/12/2021 03:00,0.913083274,0.674
04/12/2021 04:00,0.909788659,0.682952671
04/12/2021 05:00,1.123268482,0.833839336
04/12/2021 06:00,0.707385917,0.674
04/12/2021 07:00,1.367136722,1.099803209
04/12/2021 08:00,1.677984616,1.219704886
04/12/2021 09:00,2.119852045,1.704295395
04/12/2021 10:00,2.477796585,1.993405552
04/12/2021 11:00,1.8055,1.8055
04/12/2021 12:00,2.485580649,2.000056271
04/12/2021 13:00,2.507069934,1.40426786
04/12/2021 14:00,2.39087588,1.93826879
04/12/2021 15:00,2.226412932,1.775978926
04/12/2021 16:00,2.035939203,1.673407195
04/12/2021 17:00,1.35878261,1.634933262
04/12/2021 18:00,1.753725774,1.650132002
04/12/2021 19:00,1.936943205,1.595020896
04/12/2021 20:00,1.879426436,1.529213124
04/12/2021 21:00,1.620699722,1.303807698
04/12/2021 22:00,1.428482125,1.149084625
04/12/2021 23:00,1.228481315,0.986558601
05/12/2021 00:00,0.983002159,0.992803466
05/12/2021 01:00,0.88006713,0.707873018
05/12/2021 02:00,0.885687067,0.674
05/12/2021 03:00,0.927221395,0.694455479
05/12/2021 04:00,0.685198591,0.997022462
05/12/2021 05:00,0.674,0.674
05/12/2021 06:00,1.064163023,0.843143297
05/12/2021 07:00,1.32036668,1.081434107
05/12/2021 08:00,1.669952074,1.343305557
05/12/2021 09:00,1.912299851,1.699342748
05/12/2021 10:00,2.475081979,1.576524356
05/12/2021 11:00,1.8055,1.8055
05/12/2021 12:00,2.490119955,2.007784075
05/12/2021 13:00,2.141660725,2.027473346
05/12/2021 14:00,2.402688988,1.932924079
05/12/2021 15:00,2.242507923,1.803897532
05/12/2021 16:00,2.108393573,1.508900809
05/12/2021 17:00,2.064784552,1.660801097
05/12/2021 18:00,2.132261914,1.840419527
05/12/2021 19:00,2.032547994,0.674
05/12/2021 20:00,1.930484361,1.553061175
05/12/2021 21:00,1.001831003,1.347766045
05/12/2021 22:00,1.479934179,1.190500719
05/12/2021 23:00,1.278299291,1.039959554
06/12/2021 00:00,1.068259601,0.674
06/12/2021 01:00,0.92846362,0.749945249
06/12/2021 02:00,0.937422578,0.754832876
06/12/2021 03:00,0.915082254,0.826164733
06/12/2021 04:00,0.74953398,0.733717427
06/12/2021 05:00,1.011891731,0.790212349
06/12/2021 06:00,1.097525061,0.882927536
06/12/2021 07:00,1.427962793,1.115022176
06/12/2021 08:00,1.70516216,1.371719085
06/12/2021 09:00,2.115856558,0.807373849
06/12/2021 10:00,2.192144172,2.016639847
06/12/2021 11:00,2.243450227,2.141038964
06/12/2021 12:00,2.517961864,1.795888852
06/12/2021 13:00,2.422144894,2.753920768
06/12/2021 14:00,2.313605096,1.940426307
06/12/2021 15:00,2.265113436,1.822001702
06/12/2021 16:00,2.128971201,1.119208762
06/12/2021 17:00,1.682471618,0.674
06/12/2021 18:00,2.102771882,1.691793507
06/12/2021 19:00,2.034966676,1.636966843
06/12/2021 20:00,1.932038058,1.554068121
06/12/2021 21:00,1.683164779,1.323343861
06/12/2021 22:00,0.674,1.189526722
06/12/2021 23:00,0.714619878,0.989541797
07/12/2021 00:00,1.093677148,0.857780866
07/12/2021 01:00,0.931475616,0.749131799
07/12/2021 02:00,0.856384376,0.756179477
07/12/2021 03:00,0.916201657,1.173157861
07/12/2021 04:00,0.912946113,0.807941307
07/12/2021 05:00,1.012730046,0.787748126
07/12/2021 06:00,1.071543846,0.883522547
07/12/2021 07:00,1.392126506,1.119891956
07/12/2021 08:00,1.705695206,1.372174395
07/12/2021 09:00,1.962388583,1.726747915
07/12/2021 10:00,2.506659773,2.016478854
07/12/2021 11:00,2.340031108,2.142084079
07/12/2021 12:00,2.518183031,2.025598597
07/12/2021 13:00,2.547303492,2.04873944
07/12/2021 14:00,2.427098272,1.952621808
07/12/2021 15:00,2.267123731,1.822088492
07/12/2021 16:00,1.943342367,1.784133976
07/12/2021 17:00,1.048853345,1.676231628
07/12/2021 18:00,2.102868229,1.692479376
07/12/2021 19:00,2.034843229,1.636953045
07/12/2021 20:00,1.931705303,1.476324418
07/12/2021 21:00,1.692862233,1.361822048
07/12/2021 22:00,1.48665681,1.187121577
07/12/2021 23:00,1.266400042,1.018770171
08/12/2021 00:00,1.695730287,0.949363135
08/12/2021 01:00,0.74758511,0.748796654
08/12/2021 02:00,0.878029999,0.758091376
08/12/2021 03:00,0.917198773,0.684530144
08/12/2021 04:00,0.909952781,0.734671003
08/12/2021 05:00,1.013016492,0.814795529
08/12/2021 06:00,1.098528196,0.883724684
08/12/2021 07:00,1.392351046,1.120104125
08/12/2021 08:00,1.806467526,1.372345152
08/12/2021 09:00,2.146645154,1.726693292
08/12/2021 10:00,2.507489483,1.998762064
08/12/2021 11:00,1.727349108,2.141553969
08/12/2021 12:00,2.518315072,1.59106541
08/12/2021 13:00,2.542456045,2.049463538
08/12/2021 14:00,2.427314174,1.952688675
08/12/2021 15:00,2.258811979,0.758472882
08/12/2021 16:00,2.128774472,1.712783964
08/12/2021 17:00,2.087001567,1.674742292
08/12/2021 18:00,2.102839879,1.634084644
08/12/2021 19:00,1.729532117,1.636898916
08/12/2021 20:00,1.931757853,1.378727084
08/12/2021 21:00,1.77527637,1.361713165
08/12/2021 22:00,0.674,1.186754964
08/12/2021 23:00,0.674,0.972946436
09/12/2021 00:00,0.999582161,0.674
09/12/2021 01:00,0.93103579,0.748912393
09/12/2021 02:00,0.939799121,0.674
09/12/2021 03:00,1.010650631,0.674
09/12/2021 04:00,0.913912007,0.732705078
09/12/2021 05:00,1.145770854,0.81875856
09/12/2021 06:00,1.099250166,0.823273577
09/12/2021 07:00,1.339919086,0.830335296
09/12/2021 08:00,1.431613642,1.386314386
09/12/2021 09:00,2.145990917,1.726906995
09/12/2021 10:00,2.506586738,2.04877036
09/12/2021 11:00,2.656316085,2.141396788
09/12/2021 12:00,1.91384559,1.737863133
09/12/2021 13:00,2.571849578,2.075590367
09/12/2021 14:00,2.420633525,1.952625403
09/12/2021 15:00,2.264538244,1.822007858
09/12/2021 16:00,1.862618947,1.712467514
09/12/2021 17:00,2.120668308,1.676239369
09/12/2021 18:00,2.13472916,1.691217609
09/12/2021 19:00,2.034273388,1.636492884
09/12/2021 20:00,1.916462895,1.541722112
09/12/2021 21:00,1.69243797,0.919424174
09/12/2021 22:00,1.417245271,1.186645175
09/12/2021 23:00,1.186771788,0.993839531
10/12/2021 00:00,1.07368839,0.863128983
10/12/2021 01:00,0.931074392,0.743069515
10/12/2021 02:00,1.122390683,0.756419444
10/12/2021 03:00,0.691885533,0.736934597
10/12/2021 04:00,0.674,0.734954122
10/12/2021 05:00,1.013435122,0.780229221
10/12/2021 06:00,1.0990019,0.884100917
10/12/2021 07:00,1.392455471,1.120490611
10/12/2021 08:00,1.706466921,1.3727855
10/12/2021 09:00,2.168112447,1.766866382
10/12/2021 10:00,2.507994374,2.017576984
10/12/2021 11:00,2.662614812,2.141992102
10/12/2021 12:00,2.104465599,2.026476357
10/12/2021 13:00,2.547597332,2.049400834
10/12/2021 14:00,2.428128211,1.950057413
10/12/2021 15:00,2.266932548,1.845408248
10/12/2021 16:00,2.127129668,1.699111176
10/12/2021 17:00,2.084505726,1.67256784
10/12/2021 18:00,2.103752045,1.629174439
10/12/2021 19:00,2.033320042,1.637714924
10/12/2021 20:00,1.054722615,1.511677705
10/12/2021 21:00,1.695064519,1.363022589
10/12/2021 22:00,1.476753531,1.187987715
10/12/2021 23:00,1.317121879,1.020278604
11/12/2021 00:00,1.086089511,0.702779124
11/12/2021 01:00,0.802455024,0.750251833
11/12/2021 02:00,0.938237487,0.698562678
11/12/2021 03:00,0.914028471,0.722099632
11/12/2021 04:00,0.908415146,0.729914693
11/12/2021 05:00,0.974445612,0.807089027
11/12/2021 06:00,1.062693527,0.674
11/12/2021 07:00,1.344041567,1.080317164
11/12/2021 08:00,1.658441995,1.324016526
11/12/2021 09:00,2.091167896,1.682270692
11/12/2021 10:00,2.448789557,1.970012336
11/12/2021 11:00,1.8055,1.62040684
11/12/2021 12:00,2.452513501,1.8055
11/12/2021 13:00,2.477577855,1.324376067
11/12/2021 14:00,2.343311408,1.853965398
11/12/2021 15:00,2.195548181,1.765039666
11/12/2021 16:00,1.992374705,1.637978583
11/12/2021 17:00,1.985548603,1.597308076
11/12/2021 18:00,2.038383408,1.610769762
11/12/2021 19:00,1.95808537,1.520132576
11/12/2021 20:00,1.296372695,1.25905215
11/12/2021 21:00,0.842006349,1.27902221
11/12/2021 22:00,1.372706664,1.104314649
11/12/2021 23:00,1.19542267,0.961661189
12/12/2021 00:00,0.674,0.789886246
12/12/2021 01:00,0.830172029,0.674
12/12/2021 02:00,0.839272022,0.677440182
12/12/2021 03:00,0.816723247,0.674
12/12/2021 04:00,0.815213433,0.674
12/12/2021 05:00,0.91981362,0.738094554
12/12/2021 06:00,1.019185751,0.674
12/12/2021 07:00,1.120599831,1.067556308
12/12/2021 08:00,1.636633302,1.32164784
12/12/2021 09:00,2.086649464,1.094213661
12/12/2021 10:00,2.565525543,1.971561572
12/12/2021 11:00,1.8055,1.8055
12/12/2021 12:00,2.469100453,1.986050702
12/12/2021 13:00,2.502785943,2.023437603
12/12/2021 14:00,2.547844772,1.929754142
12/12/2021 15:00,2.227931898,1.248350869
12/12/2021 16:00,2.118035453,2.01984897
12/12/2021 17:00,1.937777654,1.702932861
12/12/2021 18:00,2.061332989,1.686985631
12/12/2021 19:00,2.029780897,1.613528417
12/12/2021 20:00,1.043762835,1.424314862
12/12/2021 21:00,1.688940689,1.358710472
12/12/2021 22:00,1.471903753,1.184091826
12/12/2021 23:00,1.290474143,1.038140344
13/12/2021 00:00,0.674,0.801652465
13/12/2021 01:00,0.929948348,0.748457672
13/12/2021 02:00,0.93870816,0.755154902
13/12/2021 03:00,0.915727325,0.736678011
13/12/2021 04:00,0.912162398,0.711741999
13/12/2021 05:00,1.007778726,0.814382599
13/12/2021 06:00,1.198466862,0.883192509
13/12/2021 07:00,1.391708551,1.073865038
13/12/2021 08:00,0.674,1.371801281
13/12/2021 09:00,2.146169954,1.726884244
13/12/2021 10:00,2.509102054,2.01729236
13/12/2021 11:00,2.661646246,2.140474979
13/12/2021 12:00,2.518454873,2.024969716
13/12/2021 13:00,2.546548276,2.048592933
13/12/2021 14:00,2.4613182,1.939851134
13/12/2021 15:00,2.26496136,1.826207614
13/12/2021 16:00,2.128922584,1.047044744
13/12/2021 17:00,2.082918806,1.0241664
13/12/2021 18:00,2.10267603,1.691972086
13/12/2021 19:00,1.870589907,1.636384413
13/12/2021 20:00,1.885201568,1.527993757
13/12/2021 21:00,1.689806911,1.361691046
13/12/2021 22:00,1.489608481,1.181104026
13/12/2021 23:00,1.271342284,0.674
14/12/2021 00:00,1.07501935,0.856641213
14/12/2021 01:00,0.931106353,0.749363459
14/12/2021 02:00,0.913884635,0.75639127
14/12/2021 03:00,0.862762343,0.737722447
14/12/2021 04:00,0.674,0.674
14/12/2021 05:00,0.870400031,0.81522037
14/12/2021 06:00,1.071400025,0.950832586
14/12/2021 07:00,1.21961111,1.120402413
14/12/2021 08:00,1.700194005,1.372432073
14/12/2021 09:00,2.146582972,1.694174477
14/12/2021 10:00,2.507261021,2.017039824
14/12/2021 11:00,2.658898183,2.141354398
14/12/2021 12:00,2.5181682,2.024415023
14/12/2021 13:00,2.546634359,2.048659568
14/12/2021 14:00,2.427076077,2.560330843
14/12/2021 15:00,2.247057015,1.821954019
14/12/2021 16:00,2.128865774,1.709088811
14/12/2021 17:00,2.082802922,1.675554518
14/12/2021 18:00,2.10257633,1.687250057
14/12/2021 19:00,2.034319793,1.610477867
14/12/2021 20:00,1.93166958,1.554072489
14/12/2021 21:00,1.692610602,1.361633252
14/12/2021 22:00,1.475532836,1.187001642
14/12/2021 23:00,1.2780959,0.674
15/12/2021 00:00,1.056994973,0.850318283
15/12/2021 01:00,0.674,0.766705036
15/12/2021 02:00,0.977019793,0.755897617
15/12/2021 03:00,0.916585916,0.734111763
15/12/2021 04:00,0.940034752,0.724593702
15/12/2021 05:00,1.003983595,0.814926558
15/12/2021 06:00,1.138390544,0.881383202
15/12/2021 07:00,1.312588404,1.127763687
15/12/2021 08:00,1.708638584,1.372348859
15/12/2021 09:00,1.711542848,1.844973856
15/12/2021 10:00,2.50736352,2.031004696
15/12/2021 11:00,2.661945063,2.125602078
15/12/2021 12:00,2.482020622,2.039418779
15/12/2021 13:00,2.546668947,1.957363671
15/12/2021 14:00,2.427412396,1.952828173
15/12/2021 15:00,2.264900826,1.815823217
15/12/2021 16:00,2.129133438,1.712815443
15/12/2021 17:00,2.082521392,1.760431081
15/12/2021 18:00,1.927840173,1.703547239
15/12/2021 19:00,1.901149971,1.744937567
15/12/2021 20:00,1.70676707,1.553482198
15/12/2021 21:00,1.693857479,1.361757154
15/12/2021 22:00,1.469475009,1.187333412
15/12/2021 23:00,1.266291296,1.032976234
16/12/2021 00:00,1.16907768,0.674
16/12/2021 01:00,0.931445685,0.748959906
16/12/2021 02:00,0.939844754,0.756129335
16/12/2021 03:00,0.940198864,0.71974875
16/12/2021 04:00,0.912905575,0.752129899
16/12/2021 05:00,1.038400713,0.815062131
16/12/2021 06:00,1.098669407,0.791333712
16/12/2021 07:00,1.392303735,1.119947746
16/12/2021 08:00,1.705966823,1.396515028
16/12/2021 09:00,2.146792371,1.727500318
16/12/2021 10:00,1.782553139,1.212503276
16/12/2021 11:00,2.656823751,2.141707828
16/12/2021 12:00,2.368657929,2.025660222
16/12/2021 13:00,2.453633671,2.048840617
16/12/2021 14:00,2.427205482,1.952467421
16/12/2021 15:00,2.26482967,1.822070549
16/12/2021 16:00,2.12872768,1.714709102
16/12/2021 17:00,2.077979871,1.675398814
16/12/2021 18:00,2.10215271,1.691869401
16/12/2021 19:00,2.029909178,1.637278359
16/12/2021 20:00,1.916494334,1.045514427
16/12/2021 21:00,1.692353557,1.23837937
16/12/2021 22:00,1.435801639,1.186641836
16/12/2021 23:00,1.273467172,1.024409789
17/12/2021 00:00,1.068830539,0.720779792
17/12/2021 01:00,0.907588967,0.748982543
17/12/2021 02:00,0.939840507,0.756069421
17/12/2021 03:00,1.079616333,0.737583807
17/12/2021 04:00,0.913627068,0.734940228
17/12/2021 05:00,1.021792081,0.815276511
17/12/2021 06:00,1.098686223,0.883981132
17/12/2021 07:00,1.392846131,1.120200992
17/12/2021 08:00,1.706962058,1.372786024
17/12/2021 09:00,2.147242288,1.721245588
17/12/2021 10:00,2.507989292,2.017545796
17/12/2021 11:00,2.688366673,2.113962306
17/12/2021 12:00,2.791999619,2.026480322
17/12/2021 13:00,2.547094941,1.58627815
17/12/2021 14:00,2.485949342,1.952959009
17/12/2021 15:00,2.265909279,1.6203316
17/12/2021 16:00,1.53729192,1.713731995
17/12/2021 17:00,2.083987977,1.676496922
17/12/2021 18:00,2.103788273,1.402540918
17/12/2021 19:00,2.031076088,1.637744143
17/12/2021 20:00,1.879628387,1.511664936
17/12/2021 21:00,1.69446653,1.368205656
17/12/2021 22:00,1.478545302,0.817964488
17/12/2021 23:00,1.295510739,1.042858109
18/12/2021 00:00,1.086090545,0.873714647
18/12/2021 01:00,0.932636249,0.750275257
18/12/2021 02:00,0.939719567,0.756013851
18/12/2021 03:00,0.914288279,0.735813123
18/12/2021 04:00,0.907751809,0.717305322
18/12/2021 05:00,1.002906119,0.807088148
18/12/2021 06:00,1.052148496,0.846302675
18/12/2021 07:00,1.342801719,1.080264553
18/12/2021 08:00,1.668654032,1.330259303
18/12/2021 09:00,2.091170006,1.684318068
18/12/2021 10:00,2.448909479,1.96997192
18/12/2021 11:00,1.8055,1.8055
18/12/2021 12:00,2.449933527,1.973314104
18/12/2021 13:00,2.47747022,1.405342931
18/12/2021 14:00,2.353625482,1.893501294
18/12/2021 15:00,2.180636854,1.75898294
18/12/2021 16:00,2.070189134,1.637926462
18/12/2021 17:00,1.985161043,0.674
18/12/2021 18:00,2.040609012,1.611003973
18/12/2021 19:00,1.932740813,1.518617024
18/12/2021 20:00,1.767054431,1.421534338
18/12/2021 21:00,1.589903485,0.87884514
18/12/2021 22:00,1.328648685,1.104316417
18/12/2021 23:00,1.195496415,0.991223628
19/12/2021 00:00,1.045342726,0.674
19/12/2021 01:00,0.674,0.674
19/12/2021 02:00,0.860801963,0.674
19/12/2021 03:00,0.720327637,0.674
19/12/2021 04:00,0.799045096,0.674
19/12/2021 05:00,0.980031231,0.738090123
19/12/2021 06:00,1.007234115,0.809727278
19/12/2021 07:00,1.327032211,0.89660953
19/12/2021 08:00,1.61300573,1.321663182
19/12/2021 09:00,2.069931481,1.40977197
19/12/2021 10:00,2.450794295,1.984363141
19/12/2021 11:00,1.8055,1.8055
19/12/2021 12:00,2.460775077,1.953711457
19/12/2021 13:00,2.501668409,2.052792759
19/12/2021 14:00,2.386116908,1.920234563
19/12/2021 15:00,1.839496307,1.792615345
19/12/2021 16:00,2.130481975,1.70360386
19/12/2021 17:00,2.001879889,1.669251042
19/12/2021 18:00,2.09669925,1.686720942
19/12/2021 19:00,2.10820512,1.719453653
19/12/2021 20:00,1.87423667,1.507944532
19/12/2021 21:00,1.683880469,1.358794112
19/12/2021 22:00,1.47189737,1.18410315
19/12/2021 23:00,1.290489803,1.038138083
20/12/2021 00:00,1.070077424,0.87640061
20/12/2021 01:00,0.965838237,0.708337699
20/12/2021 02:00,0.93870167,0.754856223
20/12/2021 03:00,1.029203712,0.832451163
20/12/2021 04:00,0.674,0.733716692
20/12/2021 05:00,1.012329083,0.814401693
20/12/2021 06:00,1.096527994,0.883224321
20/12/2021 07:00,1.391774781,1.11952428
20/12/2021 08:00,1.705489981,1.207510896
20/12/2021 09:00,2.207369971,1.73061715
20/12/2021 10:00,2.506936816,2.01196547
20/12/2021 11:00,2.66169244,2.141102324
20/12/2021 12:00,2.469643951,2.025610468
20/12/2021 13:00,2.547374068,2.048449216
20/12/2021 14:00,2.477777583,1.952512161
20/12/2021 15:00,2.264847133,1.821992637
20/12/2021 16:00,2.157757006,1.713154167
20/12/2021 17:00,2.08291689,1.675650921
20/12/2021 18:00,2.102680086,1.691471535
20/12/2021 19:00,2.034715135,1.637040477
20/12/2021 20:00,1.901493349,1.528037049
20/12/2021 21:00,1.543716876,1.361721833
20/12/2021 22:00,1.475653143,1.187108057
20/12/2021 23:00,1.282929371,1.032135407
21/12/2021 00:00,1.064859691,0.89159129
21/12/2021 01:00,0.897032103,0.772965152
21/12/2021 02:00,0.674,0.755918863
21/12/2021 03:00,0.917085549,0.737636503
21/12/2021 04:00,0.895379246,0.6859964
21/12/2021 05:00,1.013321254,0.814717689
21/12/2021 06:00,0.674,0.883974624
21/12/2021 07:00,1.392534205,1.10872227
21/12/2021 08:00,1.706019229,1.372432084
21/12/2021 09:00,2.146677632,1.726944958
21/12/2021 10:00,2.511650038,1.997164195
21/12/2021 11:00,2.661968404,2.144526531
21/12/2021 12:00,2.402599431,2.025603687
21/12/2021 13:00,1.836139981,2.048165428
21/12/2021 14:00,2.470346419,1.864065494
21/12/2021 15:00,2.26479723,1.82195262
21/12/2021 16:00,2.128864456,1.712489659
21/12/2021 17:00,2.082711744,1.675543502
21/12/2021 18:00,2.102557538,1.504232992
21/12/2021 19:00,2.034619878,1.419387814
21/12/2021 20:00,1.90253823,0.674
21/12/2021 21:00,1.692603286,1.350491506
21/12/2021 22:00,1.475383355,1.203104721
21/12/2021 23:00,0.674,1.112445439
22/12/2021 00:00,1.056960451,0.850216303
22/12/2021 01:00,0.930870182,0.674
22/12/2021 02:00,0.924888628,0.755815247
22/12/2021 03:00,0.916586377,0.736246663
22/12/2021 04:00,0.913281925,0.734689977
22/12/2021 05:00,1.013206682,0.815037491
22/12/2021 06:00,1.09646351,0.88392428
22/12/2021 07:00,1.392890777,1.120607398
22/12/2021 08:00,1.705914885,1.3724164
22/12/2021 09:00,2.050079239,1.490732691
22/12/2021 10:00,2.492313584,1.736238324
22/12/2021 11:00,2.661995701,2.128813204
22/12/2021 12:00,2.513969303,2.026007935
22/12/2021 13:00,2.378000267,2.018930312
22/12/2021 14:00,2.390588381,1.952689506
22/12/2021 15:00,2.265047185,1.865446939
22/12/2021 16:00,2.129132598,1.504242431
22/12/2021 17:00,2.083077455,1.707810155
22/12/2021 18:00,1.869063512,1.69134187
22/12/2021 19:00,2.03482046,1.117447819
22/12/2021 20:00,1.927789399,1.55434905
22/12/2021 21:00,1.704374481,1.361758224
22/12/2021 22:00,1.474393227,1.223601114
22/12/2021 23:00,1.220459868,1.018681004
23/12/2021 00:00,1.153725597,0.850385278
23/12/2021 01:00,0.931010793,0.747264507
23/12/2021 02:00,0.674,0.756024962
23/12/2021 03:00,0.91654509,0.737407677
23/12/2021 04:00,0.674,0.796411191
23/12/2021 05:00,0.674,0.674
23/12/2021 06:00,1.160775208,0.878776581
23/12/2021 07:00,1.392291948,1.053786583
23/12/2021 08:00,1.705944212,1.372387368
23/12/2021 09:00,2.146352289,1.693131271
23/12/2021 10:00,1.8364617,2.017025275
23/12/2021 11:00,2.7922,2.228965251
23/12/2021 12:00,2.552708398,2.025725704
23/12/2021 13:00,2.543190766,1.483453452
23/12/2021 14:00,2.055979039,1.830637736
23/12/2021 15:00,2.264850208,1.82190803
23/12/2021 16:00,2.128823894,1.712481184
23/12/2021 17:00,2.08261297,1.688569109
23/12/2021 18:00,2.102306931,1.932087424
23/12/2021 19:00,2.034278504,1.781853725
23/12/2021 20:00,1.895102926,1.541743368
23/12/2021 21:00,1.69239296,1.361355027
23/12/2021 22:00,1.475073099,1.0793276
23/12/2021 23:00,1.273468292,1.024451196
24/12/2021 00:00,1.073597022,0.863577488
24/12/2021 01:00,0.674,0.674
24/12/2021 02:00,0.913897444,0.756041421
24/12/2021 03:00,0.945572191,0.674
24/12/2021 04:00,0.674,0.674
24/12/2021 05:00,0.999512308,0.815347324
24/12/2021 06:00,1.098995146,0.884099649
24/12/2021 07:00,1.329641278,1.120501925
24/12/2021 08:00,1.700047264,1.372775605
24/12/2021 09:00,2.103082666,1.727384602
24/12/2021 10:00,2.548942855,2.017700211
24/12/2021 11:00,2.721104014,2.141853285
24/12/2021 12:00,2.519118818,2.026482478
24/12/2021 13:00,2.547582008,1.897382532
24/12/2021 14:00,2.428130418,1.929268749
24/12/2021 15:00,2.2658912,1.822845982
24/12/2021 16:00,2.130051529,1.713096269
24/12/2021 17:00,2.091754778,1.67650213
24/12/2021 18:00,1.976867926,1.692398084
24/12/2021 19:00,1.557439904,1.664611524
24/12/2021 20:00,1.875897207,1.483847222
24/12/2021 21:00,1.690022792,1.431794183
24/12/2021 22:00,1.037213099,1.187336522
24/12/2021 23:00,1.296445549,1.359450765
25/12/2021 00:00,1.086092714,0.873699348
25/12/2021 01:00,0.932657551,0.749939462
25/12/2021 02:00,0.939769013,0.756019688
25/12/2021 03:00,0.91493729,0.73551011
25/12/2021 04:00,0.754736978,0.720247226
25/12/2021 05:00,1.003336764,0.856342777
25/12/2021 06:00,1.052143046,0.843830753
25/12/2021 07:00,1.339789735,0.688144646
25/12/2021 08:00,1.654243589,1.363227433
25/12/2021 09:00,1.941005273,1.864847723
25/12/2021 10:00,2.432691601,1.969968522
25/12/2021 11:00,2.229051908,1.829421974
25/12/2021 12:00,2.451839318,1.973320773
25/12/2021 13:00,1.8055,1.8055
25/12/2021 14:00,2.313137466,1.829039009
25/12/2021 15:00,2.152526848,1.758907415
25/12/2021 16:00,1.766689588,1.637912119
25/12/2021 17:00,2.000801216,1.597300279
25/12/2021 18:00,1.546425816,1.610781203
25/12/2021 19:00,1.932468596,1.551322543
25/12/2021 20:00,1.76708564,1.421513993
25/12/2021 21:00,1.58990758,1.335412769
25/12/2021 22:00,0.690636465,1.104318801
25/12/2021 23:00,1.195423346,0.961672528
26/12/2021 00:00,0.986619231,0.793760427
26/12/2021 01:00,0.817711263,0.674
26/12/2021 02:00,0.674,0.674
26/12/2021 03:00,0.674,0.674
26/12/2021 04:00,0.815091301,0.674
26/12/2021 05:00,0.917495221,0.737331081
26/12/2021 06:00,1.007786974,0.801990654
26/12/2021 07:00,1.327238416,1.052819903
26/12/2021 08:00,1.355003185,1.321650471
26/12/2021 09:00,1.696341573,1.678654193
26/12/2021 10:00,2.424183092,1.971582963
26/12/2021 11:00,1.8055,1.8055
26/12/2021 12:00,2.468720347,1.381092463
26/12/2021 13:00,2.501633877,2.03329389
26/12/2021 14:00,2.389805549,1.920308271
26/12/2021 15:00,2.227948858,1.792607945
26/12/2021 16:00,2.118041332,1.73041387
26/12/2021 17:00,2.075190433,1.669322686
26/12/2021 18:00,2.100100093,1.686739574
26/12/2021 19:00,2.029925966,1.604447981
26/12/2021 20:00,2.36826055,1.507842511
26/12/2021 21:00,1.688222501,1.338769526
26/12/2021 22:00,1.536772256,1.184094883
26/12/2021 23:00,1.174744531,1.062678916
27/12/2021 00:00,1.082684322,0.809942355
27/12/2021 01:00,0.931955218,0.755548837
27/12/2021 02:00,0.938729896,0.755150205
27/12/2021 03:00,0.831751349,0.736664467
27/12/2021 04:00,0.912498816,0.750944174
27/12/2021 05:00,0.990413092,0.908598392
27/12/2021 06:00,1.078385229,0.822635531
27/12/2021 07:00,1.377112193,0.674
27/12/2021 08:00,1.78101095,1.389215807
27/12/2021 09:00,1.540857598,1.719922466
27/12/2021 10:00,2.50726506,2.016612788
27/12/2021 11:00,2.661014651,2.141128661
27/12/2021 12:00,2.492374269,1.467796069
27/12/2021 13:00,2.546531469,2.053353675
27/12/2021 14:00,2.425367956,1.959157099
27/12/2021 15:00,2.26485214,1.821965574
27/12/2021 16:00,2.083330447,1.774828299
27/12/2021 17:00,2.012015052,1.675646806
27/12/2021 18:00,2.102677788,1.691635428
27/12/2021 19:00,2.03513528,1.636816308
27/12/2021 20:00,1.898883009,1.528007093
27/12/2021 21:00,1.73485737,1.361734057
27/12/2021 22:00,1.475672419,1.187111756
27/12/2021 23:00,0.674,1.032140657
28/12/2021 00:00,1.064515535,0.857256401
28/12/2021 01:00,0.674,0.749370271
28/12/2021 02:00,0.940208691,0.74187494
28/12/2021 03:00,0.917079505,0.738483014
28/12/2021 04:00,0.679777325,0.722063221
28/12/2021 05:00,1.167761667,0.815249335
28/12/2021 06:00,1.10260642,0.883950831
28/12/2021 07:00,1.397582985,1.120219465
28/12/2021 08:00,1.521050046,1.372421313
28/12/2021 09:00,2.147001135,1.72691132
28/12/2021 10:00,2.118799229,1.553824464
28/12/2021 11:00,2.661776752,2.148284308
28/12/2021 12:00,2.23397938,2.026261524
28/12/2021 13:00,1.674171459,2.086952609
28/12/2021 14:00,2.309880802,0.929035498
28/12/2021 15:00,2.264700205,1.605294301
28/12/2021 16:00,1.63625263,1.712473945
28/12/2021 17:00,2.082790899,1.675441425
28/12/2021 18:00,2.1044681,1.692006582
28/12/2021 19:00,2.034459592,1.644313652
28/12/2021 20:00,1.931560215,1.553650139
28/12/2021 21:00,1.692658634,1.364806699
28/12/2021 22:00,1.475490444,1.186514957
28/12/2021 23:00,0.910500945,0.674
29/12/2021 00:00,1.065835729,0.852283263
29/12/2021 01:00,0.930810055,0.674
29/12/2021 02:00,0.939272805,0.755914839
29/12/2021 03:00,0.916206883,0.737524623
29/12/2021 04:00,0.913212078,0.763075226
29/12/2021 05:00,0.791392446,0.814980976
29/12/2021 06:00,1.156058296,0.822699506
29/12/2021 07:00,1.392330452,1.119941685
29/12/2021 08:00,1.705889083,1.373949019
29/12/2021 09:00,2.146603425,1.665874359
29/12/2021 10:00,1.75943222,2.017058747
29/12/2021 11:00,2.661936186,2.141429599
29/12/2021 12:00,2.51581,2.025225738
29/12/2021 13:00,2.546802076,1.809151173
29/12/2021 14:00,2.427294391,1.953186145
29/12/2021 15:00,2.045713544,1.822159454
29/12/2021 16:00,2.129123978,1.712788439
29/12/2021 17:00,2.140600814,1.715738191
29/12/2021 18:00,2.103171451,0.994745169
29/12/2021 19:00,2.035424325,1.638210449
29/12/2021 20:00,1.931596386,1.51725387
29/12/2021 21:00,1.686728563,1.36106453
29/12/2021 22:00,1.47575326,0.731228341
29/12/2021 23:00,1.266212375,0.744316741
30/12/2021 00:00,1.12682098,0.850006018
30/12/2021 01:00,0.930789295,0.674
30/12/2021 02:00,0.764242738,0.674
30/12/2021 03:00,0.907363801,0.696232357
30/12/2021 04:00,0.674,0.674
30/12/2021 05:00,1.013079714,0.768440849
30/12/2021 06:00,1.087770266,0.884147594
30/12/2021 07:00,1.409024026,1.120144313
30/12/2021 08:00,1.709779595,1.372660018
30/12/2021 09:00,1.589064476,1.727017477
30/12/2021 10:00,2.507421597,2.017809111
30/12/2021 11:00,2.683859807,2.141510102
30/12/2021 12:00,2.518437257,2.025990325
30/12/2021 13:00,2.547466983,2.013882247
30/12/2021 14:00,2.461160464,1.879365409
30/12/2021 15:00,2.261793436,1.822270154
30/12/2021 16:00,2.129256955,1.712942223
30/12/2021 17:00,2.083222473,1.127303916
30/12/2021 18:00,2.05351343,1.594935223
30/12/2021 19:00,1.569544019,1.636388476
30/12/2021 20:00,1.549086249,1.554182854
30/12/2021 21:00,1.62971267,1.362057157
30/12/2021 22:00,1.453157699,1.005108411
30/12/2021 23:00,1.266464513,1.018425662
31/12/2021 00:00,1.054376948,0.847967277
31/12/2021 01:00,0.674,0.749301245
31/12/2021 02:00,0.93926423,1.243471836
31/12/2021 03:00,0.916892912,0.739790374
31/12/2021 04:00,0.674,0.674
31/12/2021 05:00,0.788608173,0.998129689
31/12/2021 06:00,1.03779057,0.883752513
31/12/2021 07:00,0.831511407,1.105869201
31/12/2021 08:00,1.704781299,1.372373612
31/12/2021 09:00,2.100682352,1.726338464
31/12/2021 10:00,2.507375431,2.017092582
31/12/2021 11:00,2.660849504,2.141460438
31/12/2021 12:00,2.110350843,2.026461527
31/12/2021 13:00,2.546852883,2.347881779
31/12/2021 14:00,2.427350896,1.940368424
31/12/2021 15:00,2.295820199,1.822495756
31/12/2021 16:00,1.646482134,1.360000058
31/12/2021 17:00,1.580127782,1.64674226
31/12/2021 18:00,2.126640664,1.691668446
31/12/2021 19:00,2.034649025,1.62053472
31/12/2021 20:00,1.931811782,1.551114517
31/12/2021 21:00,2.280352793,1.334842069
31/12/2021 22:00,1.475723621,1.187166525
31/12/2021 23:00,1.144560297,1.018665346
