,EV_R1,EV_R2
01/01/2021 00:00,0,0
01/01/2021 01:00,0,0
01/01/2021 02:00,0,0
01/01/2021 03:00,0,0
01/01/2021 04:00,0,0
01/01/2021 05:00,0,0
01/01/2021 06:00,0,0
01/01/2021 07:00,0,0
01/01/2021 08:00,0,0
01/01/2021 09:00,0,0
01/01/2021 10:00,0,0
01/01/2021 11:00,0,0
01/01/2021 12:00,0,0
01/01/2021 13:00,0,0
01/01/2021 14:00,0,0
01/01/2021 15:00,0,0
01/01/2021 16:00,0,0
01/01/2021 17:00,0,0
01/01/2021 18:00,0,0
01/01/2021 19:00,0,0
01/01/2021 20:00,0,0
01/01/2021 21:00,0,0
01/01/2021 22:00,0,0.57
01/01/2021 23:00,0,1.72
02/01/2021 00:00,0,0
02/01/2021 01:00,0,0
02/01/2021 02:00,2.0944,0
02/01/2021 03:00,0,0
02/01/2021 04:00,0,0
02/01/2021 05:00,0,0
02/01/2021 06:00,0,0
02/01/2021 07:00,0,0
02/01/2021 08:00,0,0
02/01/2021 09:00,0,0
02/01/2021 10:00,0.5919,0
02/01/2021 11:00,5.2286,0
02/01/2021 12:00,0,0
02/01/2021 13:00,0.7372,0
02/01/2021 14:00,0,0
02/01/2021 15:00,0,0
02/01/2021 16:00,0,0
02/01/2021 17:00,0,0
02/01/2021 18:00,2.4684,0
02/01/2021 19:00,1.5826,0
02/01/2021 20:00,0,0
02/01/2021 21:00,0,0
02/01/2021 22:00,0,0
02/01/2021 23:00,0,0
03/01/2021 00:00,0,0
03/01/2021 01:00,0,0
03/01/2021 02:00,0,0
03/01/2021 03:00,0,0
03/01/2021 04:00,0,0
03/01/2021 05:00,0,0
03/01/2021 06:00,0,0
03/01/2021 07:00,0,1.15
03/01/2021 08:00,0,4.82
03/01/2021 09:00,0,0
03/01/2021 10:00,0,0
03/01/2021 11:00,0,0
03/01/2021 12:00,0,0.47
03/01/2021 13:00,2.7389,0.95
03/01/2021 14:00,4.0237,0
03/01/2021 15:00,0,0
03/01/2021 16:00,4.012,0
03/01/2021 17:00,0.1888,2.95
03/01/2021 18:00,0,0.99
03/01/2021 19:00,0,0
03/01/2021 20:00,0,0
03/01/2021 21:00,0,0
03/01/2021 22:00,0,0
03/01/2021 23:00,0,0
04/01/2021 00:00,0,0
04/01/2021 01:00,0,0
04/01/2021 02:00,0,0
04/01/2021 03:00,0,0
04/01/2021 04:00,0,0
04/01/2021 05:00,0,0
04/01/2021 06:00,0,0
04/01/2021 07:00,3.5414,0
04/01/2021 08:00,2.8279,0.56
04/01/2021 09:00,0,0
04/01/2021 10:00,0,0
04/01/2021 11:00,0,0
04/01/2021 12:00,0,0
04/01/2021 13:00,0,1.51
04/01/2021 14:00,0,0.1
04/01/2021 15:00,0,0.51
04/01/2021 16:00,0,3.34
04/01/2021 17:00,0,0
04/01/2021 18:00,0,0
04/01/2021 19:00,0,0
04/01/2021 20:00,0,0
04/01/2021 21:00,0,0
04/01/2021 22:00,0,0
04/01/2021 23:00,0,0
05/01/2021 00:00,0,0
05/01/2021 01:00,0,0
05/01/2021 02:00,0,0
05/01/2021 03:00,0,0
05/01/2021 04:00,0,0
05/01/2021 05:00,0,0
05/01/2021 06:00,0.4131,0
05/01/2021 07:00,4.2979,0
05/01/2021 08:00,0,0
05/01/2021 09:00,1.1526,0
05/01/2021 10:00,0,3.76
05/01/2021 11:00,0,0
05/01/2021 12:00,0,0
05/01/2021 13:00,0,0
05/01/2021 14:00,0,0
05/01/2021 15:00,0,0.42
05/01/2021 16:00,0,0
05/01/2021 17:00,0,0
05/01/2021 18:00,0,0
05/01/2021 19:00,0,0
05/01/2021 20:00,0,0
05/01/2021 21:00,0,0
05/01/2021 22:00,0,0
05/01/2021 23:00,0,0
06/01/2021 00:00,0,0
06/01/2021 01:00,0,0
06/01/2021 02:00,0,0
06/01/2021 03:00,0,0
06/01/2021 04:00,0,0
06/01/2021 05:00,0,0
06/01/2021 06:00,0,0
06/01/2021 07:00,0,0
06/01/2021 08:00,0,0
06/01/2021 09:00,0,0
06/01/2021 10:00,0,0
06/01/2021 11:00,0,0
06/01/2021 12:00,0,0
06/01/2021 13:00,0,0
06/01/2021 14:00,0,0
06/01/2021 15:00,0,0
06/01/2021 16:00,0,0
06/01/2021 17:00,0,0
06/01/2021 18:00,0,0
06/01/2021 19:00,0,0
06/01/2021 20:00,0,0
06/01/2021 21:00,0,0
06/01/2021 22:00,0,0
06/01/2021 23:00,0,0
07/01/2021 00:00,0,0
07/01/2021 01:00,0,0
07/01/2021 02:00,0,0
07/01/2021 03:00,0,0
07/01/2021 04:00,0,0
07/01/2021 05:00,0,0
07/01/2021 06:00,0,0
07/01/2021 07:00,0,0
07/01/2021 08:00,0,5.85
07/01/2021 09:00,0,0.3
07/01/2021 10:00,0,0
07/01/2021 11:00,0,0
07/01/2021 12:00,0,0
07/01/2021 13:00,0,0
07/01/2021 14:00,0,0
07/01/2021 15:00,0,0
07/01/2021 16:00,3.455,0
07/01/2021 17:00,1.3833,0
07/01/2021 18:00,0,0
07/01/2021 19:00,0,0
07/01/2021 20:00,0,0
07/01/2021 21:00,0,0
07/01/2021 22:00,0,0
07/01/2021 23:00,0,0
08/01/2021 00:00,0,0
08/01/2021 01:00,0,0
08/01/2021 02:00,0,0
08/01/2021 03:00,0,0
08/01/2021 04:00,0,0
08/01/2021 05:00,0,0
08/01/2021 06:00,0,0
08/01/2021 07:00,0,0
08/01/2021 08:00,0,0
08/01/2021 09:00,0,3.04
08/01/2021 10:00,0,0
08/01/2021 11:00,0,0
08/01/2021 12:00,0,0
08/01/2021 13:00,0,0
08/01/2021 14:00,0,0
08/01/2021 15:00,3.7802,0
08/01/2021 16:00,0.525,4.14
08/01/2021 17:00,0.9114,0
08/01/2021 18:00,0,0
08/01/2021 19:00,0,0
08/01/2021 20:00,0,0
08/01/2021 21:00,0,0
08/01/2021 22:00,0,0
08/01/2021 23:00,0,0
09/01/2021 00:00,0,0
09/01/2021 01:00,0,0
09/01/2021 02:00,0,0
09/01/2021 03:00,0,0
09/01/2021 04:00,0,0
09/01/2021 05:00,0,0
09/01/2021 06:00,0,0
09/01/2021 07:00,0,0
09/01/2021 08:00,0,0
09/01/2021 09:00,0,0
09/01/2021 10:00,0,0
09/01/2021 11:00,0,0
09/01/2021 12:00,0,0
09/01/2021 13:00,0,0
09/01/2021 14:00,0,0
09/01/2021 15:00,0,0
09/01/2021 16:00,0,0
09/01/2021 17:00,0,0
09/01/2021 18:00,0,0
09/01/2021 19:00,0,0
09/01/2021 20:00,0,0
09/01/2021 21:00,0,0
09/01/2021 22:00,0,1.88
09/01/2021 23:00,0,0.31
10/01/2021 00:00,0,0
10/01/2021 01:00,0,0
10/01/2021 02:00,0,0
10/01/2021 03:00,0,0
10/01/2021 04:00,0,0
10/01/2021 05:00,0,0
10/01/2021 06:00,0,0
10/01/2021 07:00,0,0
10/01/2021 08:00,0,0
10/01/2021 09:00,0,0
10/01/2021 10:00,0,0
10/01/2021 11:00,1.6916,0
10/01/2021 12:00,0.1442,0
10/01/2021 13:00,7.2085,0
10/01/2021 14:00,0,0
10/01/2021 15:00,0,0
10/01/2021 16:00,0,0
10/01/2021 17:00,0,0
10/01/2021 18:00,0,0
10/01/2021 19:00,1.7832,0
10/01/2021 20:00,0,0
10/01/2021 21:00,0,0
10/01/2021 22:00,0,0
10/01/2021 23:00,2.023,0
11/01/2021 00:00,0,0
11/01/2021 01:00,0,0
11/01/2021 02:00,0,0
11/01/2021 03:00,0,0
11/01/2021 04:00,0,0
11/01/2021 05:00,0,0
11/01/2021 06:00,0,0
11/01/2021 07:00,0,0
11/01/2021 08:00,0,0
11/01/2021 09:00,0,0
11/01/2021 10:00,0,0
11/01/2021 11:00,0,0
11/01/2021 12:00,0,0
11/01/2021 13:00,0,1.69
11/01/2021 14:00,0,0
11/01/2021 15:00,0,0
11/01/2021 16:00,1.6994,0
11/01/2021 17:00,3.5824,5.23
11/01/2021 18:00,0,0
11/01/2021 19:00,0,0
11/01/2021 20:00,0,0
11/01/2021 21:00,0,0
11/01/2021 22:00,0,0
11/01/2021 23:00,0,0
12/01/2021 00:00,0,0
12/01/2021 01:00,3.9419,0.49
12/01/2021 02:00,0,0
12/01/2021 03:00,0,0
12/01/2021 04:00,0,0
12/01/2021 05:00,0,0
12/01/2021 06:00,0,0
12/01/2021 07:00,0,0
12/01/2021 08:00,0,0.11
12/01/2021 09:00,3.0372,0
12/01/2021 10:00,0,0
12/01/2021 11:00,0,2.37
12/01/2021 12:00,3.0106,3.61
12/01/2021 13:00,0,0.31
12/01/2021 14:00,0,0.63
12/01/2021 15:00,1.2396,0
12/01/2021 16:00,2.2037,0
12/01/2021 17:00,0,0
12/01/2021 18:00,0,3.99
12/01/2021 19:00,0,0.35
12/01/2021 20:00,0,0
12/01/2021 21:00,0,0
12/01/2021 22:00,0,0
12/01/2021 23:00,0,0
13/01/2021 00:00,0,0
13/01/2021 01:00,0,0
13/01/2021 02:00,0,0
13/01/2021 03:00,3.8804,0
13/01/2021 04:00,1.3339,0
13/01/2021 05:00,0,0
13/01/2021 06:00,1.6379,0
13/01/2021 07:00,3.0832,0
13/01/2021 08:00,0,0.51
13/01/2021 09:00,0.4221,1.82
13/01/2021 10:00,0,1.93
13/01/2021 11:00,1.606,0
13/01/2021 12:00,0.2141,0
13/01/2021 13:00,0,0
13/01/2021 14:00,0,0
13/01/2021 15:00,0,0
13/01/2021 16:00,0,0
13/01/2021 17:00,0,0
13/01/2021 18:00,0,0
13/01/2021 19:00,0,0
13/01/2021 20:00,0,0
13/01/2021 21:00,0,0
13/01/2021 22:00,0,0
13/01/2021 23:00,0,0
14/01/2021 00:00,0,0
14/01/2021 01:00,0.6912,4.05
14/01/2021 02:00,0,0
14/01/2021 03:00,0,0
14/01/2021 04:00,0,0
14/01/2021 05:00,0,0
14/01/2021 06:00,0,0.33
14/01/2021 07:00,0,3.72
14/01/2021 08:00,0,1.09
14/01/2021 09:00,0,0
14/01/2021 10:00,0.8503,0
14/01/2021 11:00,0,0.22
14/01/2021 12:00,0,4.29
14/01/2021 13:00,0,0
14/01/2021 14:00,0,0
14/01/2021 15:00,3.1668,0
14/01/2021 16:00,0.6766,0
14/01/2021 17:00,0,0
14/01/2021 18:00,0,0
14/01/2021 19:00,0,0
14/01/2021 20:00,1.6506,0
14/01/2021 21:00,4.836,0
14/01/2021 22:00,0,0
14/01/2021 23:00,0,0
15/01/2021 00:00,0,0
15/01/2021 01:00,0,0
15/01/2021 02:00,0,0
15/01/2021 03:00,0,0
15/01/2021 04:00,0,0
15/01/2021 05:00,0,0
15/01/2021 06:00,0,0
15/01/2021 07:00,0.5914,0
15/01/2021 08:00,0,0
15/01/2021 09:00,0,0
15/01/2021 10:00,0,0
15/01/2021 11:00,0,0
15/01/2021 12:00,0,0
15/01/2021 13:00,0,0
15/01/2021 14:00,0,0
15/01/2021 15:00,0.203,0
15/01/2021 16:00,4.6071,0
15/01/2021 17:00,0,0
15/01/2021 18:00,0,3.03
15/01/2021 19:00,0,0
15/01/2021 20:00,0,0
15/01/2021 21:00,0,0
15/01/2021 22:00,0,0
15/01/2021 23:00,0,0
16/01/2021 00:00,0,0
16/01/2021 01:00,0,0
16/01/2021 02:00,0,0
16/01/2021 03:00,0,0
16/01/2021 04:00,0,0
16/01/2021 05:00,0,0
16/01/2021 06:00,0,0
16/01/2021 07:00,0,0
16/01/2021 08:00,0,0
16/01/2021 09:00,0,0
16/01/2021 10:00,0,0
16/01/2021 11:00,0,0
16/01/2021 12:00,0,0
16/01/2021 13:00,0,0
16/01/2021 14:00,0.4525,0
16/01/2021 15:00,2.6435,0
16/01/2021 16:00,3.6185,0
16/01/2021 17:00,1.088,0
16/01/2021 18:00,0,0
16/01/2021 19:00,0,0
16/01/2021 20:00,0.5604,0
16/01/2021 21:00,0,0
16/01/2021 22:00,0,0
16/01/2021 23:00,0,0
17/01/2021 00:00,0,0
17/01/2021 01:00,0,0
17/01/2021 02:00,0,0
17/01/2021 03:00,0,0
17/01/2021 04:00,0,0
17/01/2021 05:00,0,0
17/01/2021 06:00,0,0
17/01/2021 07:00,0,0
17/01/2021 08:00,0,0
17/01/2021 09:00,0,0
17/01/2021 10:00,0,0
17/01/2021 11:00,0,0
17/01/2021 12:00,0,0
17/01/2021 13:00,0,0
17/01/2021 14:00,0,0
17/01/2021 15:00,0,0
17/01/2021 16:00,0,0
17/01/2021 17:00,0,0
17/01/2021 18:00,0,0
17/01/2021 19:00,0,0
17/01/2021 20:00,0,0
17/01/2021 21:00,0,0
17/01/2021 22:00,0,0
17/01/2021 23:00,0,1.86
18/01/2021 00:00,3.591,0
18/01/2021 01:00,0,0
18/01/2021 02:00,0,0
18/01/2021 03:00,0,0
18/01/2021 04:00,0,0
18/01/2021 05:00,0,0
18/01/2021 06:00,4.4594,0
18/01/2021 07:00,0,0
18/01/2021 08:00,0,0
18/01/2021 09:00,0,0
18/01/2021 10:00,0,0
18/01/2021 11:00,0,0
18/01/2021 12:00,0,0
18/01/2021 13:00,0,0
18/01/2021 14:00,0,0
18/01/2021 15:00,1.7522,0.73
18/01/2021 16:00,1.1418,3.68
18/01/2021 17:00,0,1.01
18/01/2021 18:00,0,0
18/01/2021 19:00,0,0
18/01/2021 20:00,3.5784,0
18/01/2021 21:00,0.1022,0
18/01/2021 22:00,0.4545,0
18/01/2021 23:00,0,0
19/01/2021 00:00,0,0
19/01/2021 01:00,0,0
19/01/2021 02:00,0.7333,0
19/01/2021 03:00,0,0
19/01/2021 04:00,0,0
19/01/2021 05:00,0,0
19/01/2021 06:00,0,0
19/01/2021 07:00,0,4.51
19/01/2021 08:00,0,0
19/01/2021 09:00,1.5068,0
19/01/2021 10:00,0,0.34
19/01/2021 11:00,0,0
19/01/2021 12:00,0,0
19/01/2021 13:00,0,0
19/01/2021 14:00,0,0
19/01/2021 15:00,1.9633,0
19/01/2021 16:00,2.6931,0
19/01/2021 17:00,0,0
19/01/2021 18:00,0,0
19/01/2021 19:00,0,0
19/01/2021 20:00,0,0
19/01/2021 21:00,0,0
19/01/2021 22:00,3.5861,0
19/01/2021 23:00,2.582,0
20/01/2021 00:00,0,0
20/01/2021 01:00,0,0
20/01/2021 02:00,0,0
20/01/2021 03:00,0,0
20/01/2021 04:00,0,0
20/01/2021 05:00,0,0
20/01/2021 06:00,1.1602,0
20/01/2021 07:00,0,0
20/01/2021 08:00,0,0
20/01/2021 09:00,0,0
20/01/2021 10:00,0,0
20/01/2021 11:00,0,0
20/01/2021 12:00,0,0
20/01/2021 13:00,0,0
20/01/2021 14:00,0,0
20/01/2021 15:00,0,0
20/01/2021 16:00,0,5.52
20/01/2021 17:00,4.233,0.24
20/01/2021 18:00,0,0.2
20/01/2021 19:00,0,0
20/01/2021 20:00,0,0
20/01/2021 21:00,0,0
20/01/2021 22:00,0,0
20/01/2021 23:00,0,0
21/01/2021 00:00,0,0
21/01/2021 01:00,0,0
21/01/2021 02:00,0,0
21/01/2021 03:00,0,0
21/01/2021 04:00,0,0
21/01/2021 05:00,0,0
21/01/2021 06:00,0,0
21/01/2021 07:00,0,0
21/01/2021 08:00,0.3843,4.7
21/01/2021 09:00,0,0
21/01/2021 10:00,0,0
21/01/2021 11:00,0,0
21/01/2021 12:00,0,0
21/01/2021 13:00,0,0
21/01/2021 14:00,0,0
21/01/2021 15:00,1.3448,0
21/01/2021 16:00,4.4912,1.22
21/01/2021 17:00,0,0
21/01/2021 18:00,0,0
21/01/2021 19:00,0,0
21/01/2021 20:00,0,0
21/01/2021 21:00,0,0
21/01/2021 22:00,0,0
21/01/2021 23:00,0,0
22/01/2021 00:00,0,0
22/01/2021 01:00,0,0
22/01/2021 02:00,0,0
22/01/2021 03:00,0,0
22/01/2021 04:00,0,0
22/01/2021 05:00,0,0
22/01/2021 06:00,0,1.99
22/01/2021 07:00,0,0
22/01/2021 08:00,0,0
22/01/2021 09:00,0,0
22/01/2021 10:00,0.9367,0
22/01/2021 11:00,0,0
22/01/2021 12:00,0,0
22/01/2021 13:00,0,0
22/01/2021 14:00,0,2.34
22/01/2021 15:00,1.4001,1.88
22/01/2021 16:00,2.5088,0
22/01/2021 17:00,0,0
22/01/2021 18:00,0,0
22/01/2021 19:00,0,0
22/01/2021 20:00,0,0
22/01/2021 21:00,0,0
22/01/2021 22:00,0,0
22/01/2021 23:00,0,0
23/01/2021 00:00,0,0
23/01/2021 01:00,0,0
23/01/2021 02:00,0,0
23/01/2021 03:00,0,0
23/01/2021 04:00,0,0
23/01/2021 05:00,0,0
23/01/2021 06:00,0,0
23/01/2021 07:00,0,0
23/01/2021 08:00,0,0
23/01/2021 09:00,0,0
23/01/2021 10:00,5.0843,0
23/01/2021 11:00,1.9228,0
23/01/2021 12:00,0,0
23/01/2021 13:00,0,5.57
23/01/2021 14:00,0,5.34
23/01/2021 15:00,4.241,0
23/01/2021 16:00,0,0
23/01/2021 17:00,0,0
23/01/2021 18:00,0,1.22
23/01/2021 19:00,0,0
23/01/2021 20:00,0,0
23/01/2021 21:00,0,0
23/01/2021 22:00,0.8016,1.88
23/01/2021 23:00,1.0749,0
24/01/2021 00:00,0,0
24/01/2021 01:00,0,0
24/01/2021 02:00,0,0
24/01/2021 03:00,0,0
24/01/2021 04:00,0,0
24/01/2021 05:00,0,0
24/01/2021 06:00,0,0
24/01/2021 07:00,0,0
24/01/2021 08:00,0,0
24/01/2021 09:00,0,0
24/01/2021 10:00,0,0
24/01/2021 11:00,0,0
24/01/2021 12:00,0,0
24/01/2021 13:00,0,0
24/01/2021 14:00,0,0
24/01/2021 15:00,0,0
24/01/2021 16:00,0,0
24/01/2021 17:00,0,0
24/01/2021 18:00,0,0
24/01/2021 19:00,0,0
24/01/2021 20:00,0,0
24/01/2021 21:00,0,0
24/01/2021 22:00,0,0
24/01/2021 23:00,0,0
25/01/2021 00:00,0,0
25/01/2021 01:00,0,0
25/01/2021 02:00,0,0
25/01/2021 03:00,0,0
25/01/2021 04:00,0,0
25/01/2021 05:00,0,0
25/01/2021 06:00,0,0
25/01/2021 07:00,0.8138,0
25/01/2021 08:00,0,0.55
25/01/2021 09:00,0,1.64
25/01/2021 10:00,0,0
25/01/2021 11:00,0,0
25/01/2021 12:00,0,0
25/01/2021 13:00,0,0
25/01/2021 14:00,0,0
25/01/2021 15:00,0,0
25/01/2021 16:00,3.1662,0
25/01/2021 17:00,0.7967,0
25/01/2021 18:00,0,2.37
25/01/2021 19:00,0,0
25/01/2021 20:00,0,0
25/01/2021 21:00,0,0
25/01/2021 22:00,0,0
25/01/2021 23:00,0,0
26/01/2021 00:00,0,0
26/01/2021 01:00,0,0
26/01/2021 02:00,0,0
26/01/2021 03:00,0,0
26/01/2021 04:00,0,0
26/01/2021 05:00,0,5.87
26/01/2021 06:00,0,0.57
26/01/2021 07:00,0,0
26/01/2021 08:00,3.0749,0
26/01/2021 09:00,0.6325,0
26/01/2021 10:00,0,0
26/01/2021 11:00,0,0
26/01/2021 12:00,0,0
26/01/2021 13:00,0,0
26/01/2021 14:00,0,0
26/01/2021 15:00,0,0
26/01/2021 16:00,0,0
26/01/2021 17:00,0,0
26/01/2021 18:00,1.1694,0.13
26/01/2021 19:00,0,0
26/01/2021 20:00,0,0
26/01/2021 21:00,0,0
26/01/2021 22:00,0,0
26/01/2021 23:00,0,0
27/01/2021 00:00,0,0
27/01/2021 01:00,0,0
27/01/2021 02:00,0,0
27/01/2021 03:00,0,0
27/01/2021 04:00,0,0
27/01/2021 05:00,0,0
27/01/2021 06:00,0,0
27/01/2021 07:00,0,0
27/01/2021 08:00,0,0
27/01/2021 09:00,0,0
27/01/2021 10:00,0,0
27/01/2021 11:00,0,0
27/01/2021 12:00,0,0
27/01/2021 13:00,0,0
27/01/2021 14:00,0,3.03
27/01/2021 15:00,1.5635,2.15
27/01/2021 16:00,2.5407,0
27/01/2021 17:00,0,0
27/01/2021 18:00,0.691,0
27/01/2021 19:00,0,0
27/01/2021 20:00,0,0
27/01/2021 21:00,0,0
27/01/2021 22:00,0,0
27/01/2021 23:00,0,0
28/01/2021 00:00,0,0
28/01/2021 01:00,0,0.79
28/01/2021 02:00,0,3.98
28/01/2021 03:00,0,0
28/01/2021 04:00,0,0
28/01/2021 05:00,0,0
28/01/2021 06:00,0,0
28/01/2021 07:00,0,0
28/01/2021 08:00,0.8291,0
28/01/2021 09:00,0,0
28/01/2021 10:00,0,0
28/01/2021 11:00,0,1.89
28/01/2021 12:00,0,0
28/01/2021 13:00,0,0
28/01/2021 14:00,0.7763,0
28/01/2021 15:00,3.893,0
28/01/2021 16:00,0,2.24
28/01/2021 17:00,0,2.63
28/01/2021 18:00,0,0.68
28/01/2021 19:00,0,0
28/01/2021 20:00,0,0
28/01/2021 21:00,0,0
28/01/2021 22:00,0,0
28/01/2021 23:00,0,0
29/01/2021 00:00,0,0
29/01/2021 01:00,0,0
29/01/2021 02:00,0,0
29/01/2021 03:00,0,0
29/01/2021 04:00,0,0
29/01/2021 05:00,0,0
29/01/2021 06:00,0,0
29/01/2021 07:00,0,0
29/01/2021 08:00,0,0
29/01/2021 09:00,1.6458,0
29/01/2021 10:00,0,0
29/01/2021 11:00,0,0
29/01/2021 12:00,0,0.19
29/01/2021 13:00,0,0.7
29/01/2021 14:00,0,4.57
29/01/2021 15:00,0,0
29/01/2021 16:00,0.6835,0
29/01/2021 17:00,2.7625,0
29/01/2021 18:00,0,0
29/01/2021 19:00,0,0
29/01/2021 20:00,0,0
29/01/2021 21:00,0,0
29/01/2021 22:00,0,0
29/01/2021 23:00,0,0
30/01/2021 00:00,0,0
30/01/2021 01:00,0,0
30/01/2021 02:00,0,0
30/01/2021 03:00,0,0
30/01/2021 04:00,0,0
30/01/2021 05:00,0,0
30/01/2021 06:00,0,0
30/01/2021 07:00,0,0
30/01/2021 08:00,0,0
30/01/2021 09:00,0,0
30/01/2021 10:00,0,0
30/01/2021 11:00,0,0
30/01/2021 12:00,0,0
30/01/2021 13:00,0,0
30/01/2021 14:00,0,0
30/01/2021 15:00,0,0
30/01/2021 16:00,0,0
30/01/2021 17:00,0,0
30/01/2021 18:00,0,0
30/01/2021 19:00,0,0
30/01/2021 20:00,0,0
30/01/2021 21:00,0,0
30/01/2021 22:00,0,0
30/01/2021 23:00,0,0
31/01/2021 00:00,0,0
31/01/2021 01:00,0,0
31/01/2021 02:00,0,0
31/01/2021 03:00,0,0
31/01/2021 04:00,0,0
31/01/2021 05:00,0,0
31/01/2021 06:00,0,0
31/01/2021 07:00,0,0
31/01/2021 08:00,0,0
31/01/2021 09:00,0,0
31/01/2021 10:00,0,1.38
31/01/2021 11:00,0,0
31/01/2021 12:00,0,0
31/01/2021 13:00,0,0
31/01/2021 14:00,0,0
31/01/2021 15:00,0,3.98
31/01/2021 16:00,0,7.9
31/01/2021 17:00,0,0
31/01/2021 18:00,0,0
31/01/2021 19:00,0,0
31/01/2021 20:00,0,0
31/01/2021 21:00,0,0
31/01/2021 22:00,1.0283,0
31/01/2021 23:00,0.8012,0
01/02/2021 00:00,0,0
01/02/2021 01:00,0,0
01/02/2021 02:00,0,0
01/02/2021 03:00,0,0
01/02/2021 04:00,0,0
01/02/2021 05:00,0,0
01/02/2021 06:00,3.661,0
01/02/2021 07:00,0,0
01/02/2021 08:00,0,1.31
01/02/2021 09:00,0,0
01/02/2021 10:00,0,0
01/02/2021 11:00,0,0
01/02/2021 12:00,0,0
01/02/2021 13:00,0,0
01/02/2021 14:00,0,2.1
01/02/2021 15:00,0,1.72
01/02/2021 16:00,0,0
01/02/2021 17:00,0,0
01/02/2021 18:00,1.6934,0
01/02/2021 19:00,0,0
01/02/2021 20:00,0,0
01/02/2021 21:00,0,0
01/02/2021 22:00,0,0
01/02/2021 23:00,0,0
02/02/2021 00:00,0,0
02/02/2021 01:00,0,0
02/02/2021 02:00,0,0
02/02/2021 03:00,0,0
02/02/2021 04:00,0,0
02/02/2021 05:00,0,0
02/02/2021 06:00,0.3254,4.24
02/02/2021 07:00,0,0
02/02/2021 08:00,0,0
02/02/2021 09:00,0,0
02/02/2021 10:00,0,0
02/02/2021 11:00,0,0
02/02/2021 12:00,0,0
02/02/2021 13:00,0,0
02/02/2021 14:00,0,0
02/02/2021 15:00,0,0
02/02/2021 16:00,0,0
02/02/2021 17:00,0,0
02/02/2021 18:00,5.0539,0
02/02/2021 19:00,0,0
02/02/2021 20:00,0,0
02/02/2021 21:00,0,0
02/02/2021 22:00,0,0
02/02/2021 23:00,0,0
03/02/2021 00:00,0,0
03/02/2021 01:00,0,0
03/02/2021 02:00,0,0
03/02/2021 03:00,0,0
03/02/2021 04:00,0,0
03/02/2021 05:00,0,0
03/02/2021 06:00,0.9084,0
03/02/2021 07:00,0,0
03/02/2021 08:00,0,0
03/02/2021 09:00,0,0
03/02/2021 10:00,0,0
03/02/2021 11:00,0,0
03/02/2021 12:00,0,0
03/02/2021 13:00,0,4.42
03/02/2021 14:00,0,0.81
03/02/2021 15:00,0,0
03/02/2021 16:00,0,0.22
03/02/2021 17:00,3.63,0
03/02/2021 18:00,0,0
03/02/2021 19:00,0,0
03/02/2021 20:00,0,0
03/02/2021 21:00,0,0
03/02/2021 22:00,0,0
03/02/2021 23:00,0,0
04/02/2021 00:00,0,0
04/02/2021 01:00,0,0
04/02/2021 02:00,0,0
04/02/2021 03:00,0,0
04/02/2021 04:00,0,0
04/02/2021 05:00,0,0
04/02/2021 06:00,0,0
04/02/2021 07:00,0,0
04/02/2021 08:00,0,3.8
04/02/2021 09:00,0,0
04/02/2021 10:00,0,0
04/02/2021 11:00,0,0
04/02/2021 12:00,0,0
04/02/2021 13:00,0,0.11
04/02/2021 14:00,0,0
04/02/2021 15:00,0.4961,0
04/02/2021 16:00,2.3644,0
04/02/2021 17:00,3.0545,0
04/02/2021 18:00,0,0
04/02/2021 19:00,0,0
04/02/2021 20:00,0,0
04/02/2021 21:00,0,0
04/02/2021 22:00,0,0
04/02/2021 23:00,0,0
05/02/2021 00:00,0,0
05/02/2021 01:00,0,0
05/02/2021 02:00,0,0
05/02/2021 03:00,0,0
05/02/2021 04:00,0,0
05/02/2021 05:00,0,0
05/02/2021 06:00,0.4106,0
05/02/2021 07:00,1.9261,0
05/02/2021 08:00,3.3986,0
05/02/2021 09:00,0,0
05/02/2021 10:00,0,0
05/02/2021 11:00,0,0
05/02/2021 12:00,0,0
05/02/2021 13:00,0,0
05/02/2021 14:00,0,0.35
05/02/2021 15:00,0,0
05/02/2021 16:00,0,2.38
05/02/2021 17:00,0,1.29
05/02/2021 18:00,0,0
05/02/2021 19:00,0,0
05/02/2021 20:00,0,0
05/02/2021 21:00,0,0
05/02/2021 22:00,0,0
05/02/2021 23:00,0,0
06/02/2021 00:00,0,0
06/02/2021 01:00,0,0
06/02/2021 02:00,0,0
06/02/2021 03:00,0,0
06/02/2021 04:00,0,0
06/02/2021 05:00,0,0
06/02/2021 06:00,0,0
06/02/2021 07:00,0,0
06/02/2021 08:00,0,0
06/02/2021 09:00,0,0
06/02/2021 10:00,0,0
06/02/2021 11:00,0,0
06/02/2021 12:00,0,0
06/02/2021 13:00,0,0
06/02/2021 14:00,0,0
06/02/2021 15:00,0,0
06/02/2021 16:00,0,0
06/02/2021 17:00,0,0
06/02/2021 18:00,0,0
06/02/2021 19:00,0,0
06/02/2021 20:00,0,0
06/02/2021 21:00,1.929,0
06/02/2021 22:00,0,0.3
06/02/2021 23:00,0,1.73
07/02/2021 00:00,0,0
07/02/2021 01:00,0,0
07/02/2021 02:00,0,0
07/02/2021 03:00,0,0
07/02/2021 04:00,0,0
07/02/2021 05:00,0,0
07/02/2021 06:00,0,0
07/02/2021 07:00,0,0
07/02/2021 08:00,0,0
07/02/2021 09:00,0,0
07/02/2021 10:00,0,0
07/02/2021 11:00,0,0
07/02/2021 12:00,0,0
07/02/2021 13:00,0,0
07/02/2021 14:00,0,0
07/02/2021 15:00,0,0
07/02/2021 16:00,0,0
07/02/2021 17:00,0,0
07/02/2021 18:00,0,0
07/02/2021 19:00,0,0
07/02/2021 20:00,0,0
07/02/2021 21:00,0,0
07/02/2021 22:00,0,0
07/02/2021 23:00,0,0
08/02/2021 00:00,0,3.65
08/02/2021 01:00,0,2.4
08/02/2021 02:00,0,0
08/02/2021 03:00,0,0
08/02/2021 04:00,0,0.98
08/02/2021 05:00,0,0
08/02/2021 06:00,0,0.63
08/02/2021 07:00,0.749,3.04
08/02/2021 08:00,3.4657,0
08/02/2021 09:00,1.6332,0
08/02/2021 10:00,0,0
08/02/2021 11:00,0,0
08/02/2021 12:00,0,0
08/02/2021 13:00,0,0
08/02/2021 14:00,0,0
08/02/2021 15:00,0,0
08/02/2021 16:00,0,0
08/02/2021 17:00,0,1.55
08/02/2021 18:00,0,0.19
08/02/2021 19:00,0,0
08/02/2021 20:00,0,0.88
08/02/2021 21:00,0,0
08/02/2021 22:00,0,0
08/02/2021 23:00,0,0
09/02/2021 00:00,0,0
09/02/2021 01:00,0,0
09/02/2021 02:00,0,0
09/02/2021 03:00,0,0
09/02/2021 04:00,0,0
09/02/2021 05:00,0,0
09/02/2021 06:00,0,0
09/02/2021 07:00,0,0
09/02/2021 08:00,2.8095,0
09/02/2021 09:00,0.6344,0
09/02/2021 10:00,1.8032,0
09/02/2021 11:00,0,0
09/02/2021 12:00,0,0
09/02/2021 13:00,0,0
09/02/2021 14:00,0,0
09/02/2021 15:00,0,0
09/02/2021 16:00,0,3.25
09/02/2021 17:00,0,0
09/02/2021 18:00,0,0
09/02/2021 19:00,0,0
09/02/2021 20:00,0,0
09/02/2021 21:00,0,0
09/02/2021 22:00,0,0
09/02/2021 23:00,0,0
10/02/2021 00:00,0,0
10/02/2021 01:00,0,0
10/02/2021 02:00,0,0
10/02/2021 03:00,0,0
10/02/2021 04:00,0,0
10/02/2021 05:00,0,0
10/02/2021 06:00,0,0.12
10/02/2021 07:00,0,0.23
10/02/2021 08:00,0,3.71
10/02/2021 09:00,0,0.14
10/02/2021 10:00,0,0
10/02/2021 11:00,0,0
10/02/2021 12:00,0,0
10/02/2021 13:00,0,0
10/02/2021 14:00,0,0
10/02/2021 15:00,4.157,0
10/02/2021 16:00,0.4442,0
10/02/2021 17:00,0.6561,0
10/02/2021 18:00,0,0
10/02/2021 19:00,0,0
10/02/2021 20:00,0,0
10/02/2021 21:00,0,0
10/02/2021 22:00,0,0
10/02/2021 23:00,0,0
11/02/2021 00:00,0,0
11/02/2021 01:00,0,0
11/02/2021 02:00,0,0
11/02/2021 03:00,0,0
11/02/2021 04:00,0,0
11/02/2021 05:00,0,0
11/02/2021 06:00,0,0
11/02/2021 07:00,0.1189,0
11/02/2021 08:00,0.705,0
11/02/2021 09:00,0,0
11/02/2021 10:00,0,0
11/02/2021 11:00,0,0
11/02/2021 12:00,0,0
11/02/2021 13:00,0,0
11/02/2021 14:00,0,0
11/02/2021 15:00,0,0
11/02/2021 16:00,0,0.32
11/02/2021 17:00,0,5.44
11/02/2021 18:00,4.2288,0
11/02/2021 19:00,0,0
11/02/2021 20:00,0,0
11/02/2021 21:00,0,0
11/02/2021 22:00,0,0
11/02/2021 23:00,0,0
12/02/2021 00:00,0,0
12/02/2021 01:00,0,0
12/02/2021 02:00,0,0
12/02/2021 03:00,0,0
12/02/2021 04:00,0,0
12/02/2021 05:00,0.3734,0
12/02/2021 06:00,4.4828,0
12/02/2021 07:00,1.1173,0
12/02/2021 08:00,0,0
12/02/2021 09:00,0,0.23
12/02/2021 10:00,0,3.71
12/02/2021 11:00,0,0
12/02/2021 12:00,0,0
12/02/2021 13:00,0,0
12/02/2021 14:00,0,0
12/02/2021 15:00,0,0
12/02/2021 16:00,0,0
12/02/2021 17:00,0,0
12/02/2021 18:00,0,0
12/02/2021 19:00,0,0
12/02/2021 20:00,0,0
12/02/2021 21:00,0,0
12/02/2021 22:00,0,0
12/02/2021 23:00,0,0
13/02/2021 00:00,0,0
13/02/2021 01:00,2.1357,0
13/02/2021 02:00,0,0
13/02/2021 03:00,0,0
13/02/2021 04:00,0,0
13/02/2021 05:00,0,0
13/02/2021 06:00,0,0
13/02/2021 07:00,0,0
13/02/2021 08:00,0,0
13/02/2021 09:00,0,0
13/02/2021 10:00,0,0
13/02/2021 11:00,0,0
13/02/2021 12:00,0,0
13/02/2021 13:00,0,0
13/02/2021 14:00,0,0
13/02/2021 15:00,0,0
13/02/2021 16:00,0,0
13/02/2021 17:00,0,0
13/02/2021 18:00,0,0
13/02/2021 19:00,0,0
13/02/2021 20:00,0,0
13/02/2021 21:00,0,0
13/02/2021 22:00,0,0
13/02/2021 23:00,0,0
14/02/2021 00:00,0,0
14/02/2021 01:00,0,0
14/02/2021 02:00,0,0
14/02/2021 03:00,0,0
14/02/2021 04:00,0,0
14/02/2021 05:00,0,0
14/02/2021 06:00,0,0
14/02/2021 07:00,0,0
14/02/2021 08:00,0,0
14/02/2021 09:00,0,0
14/02/2021 10:00,0,0
14/02/2021 11:00,0,0
14/02/2021 12:00,0,0
14/02/2021 13:00,0,0
14/02/2021 14:00,0,0
14/02/2021 15:00,0,0
14/02/2021 16:00,0,0
14/02/2021 17:00,0,0
14/02/2021 18:00,0,0
14/02/2021 19:00,0,0
14/02/2021 20:00,0,0
14/02/2021 21:00,0,0
14/02/2021 22:00,0,0
14/02/2021 23:00,0,0
15/02/2021 00:00,0,0
15/02/2021 01:00,0,0
15/02/2021 02:00,0,0
15/02/2021 03:00,0,0
15/02/2021 04:00,0,0
15/02/2021 05:00,0,0
15/02/2021 06:00,0,0
15/02/2021 07:00,0,0
15/02/2021 08:00,0.4855,0
15/02/2021 09:00,0,0
15/02/2021 10:00,0,0
15/02/2021 11:00,0,0
15/02/2021 12:00,0,0
15/02/2021 13:00,0,0
15/02/2021 14:00,0,0
15/02/2021 15:00,0,0.3
15/02/2021 16:00,5.341,0
15/02/2021 17:00,0,0.93
15/02/2021 18:00,0,3.38
15/02/2021 19:00,0,0.51
15/02/2021 20:00,0,0
15/02/2021 21:00,0,0
15/02/2021 22:00,0,0
15/02/2021 23:00,0,0
16/02/2021 00:00,0,0
16/02/2021 01:00,0,0
16/02/2021 02:00,0,0
16/02/2021 03:00,0,0
16/02/2021 04:00,0,0
16/02/2021 05:00,0,0
16/02/2021 06:00,1.8547,0
16/02/2021 07:00,2.765,0
16/02/2021 08:00,0,2.92
16/02/2021 09:00,0,1.63
16/02/2021 10:00,0,0
16/02/2021 11:00,0,0
16/02/2021 12:00,0,0
16/02/2021 13:00,0,0
16/02/2021 14:00,0,0
16/02/2021 15:00,0,0.32
16/02/2021 16:00,0.3282,0
16/02/2021 17:00,0,0
16/02/2021 18:00,0,0
16/02/2021 19:00,0,0
16/02/2021 20:00,0,0
16/02/2021 21:00,0,0
16/02/2021 22:00,0,0
16/02/2021 23:00,0,0
17/02/2021 00:00,0,0
17/02/2021 01:00,0,0
17/02/2021 02:00,0,0
17/02/2021 03:00,0,0
17/02/2021 04:00,0,0
17/02/2021 05:00,0,0
17/02/2021 06:00,0,0
17/02/2021 07:00,0,0
17/02/2021 08:00,0,0
17/02/2021 09:00,0,0
17/02/2021 10:00,0,0
17/02/2021 11:00,0,0
17/02/2021 12:00,0,0
17/02/2021 13:00,0,0
17/02/2021 14:00,0,0
17/02/2021 15:00,1.2831,0
17/02/2021 16:00,0.6135,1.05
17/02/2021 17:00,3.5175,2.59
17/02/2021 18:00,0,0
17/02/2021 19:00,0,0
17/02/2021 20:00,0,0
17/02/2021 21:00,0,0
17/02/2021 22:00,0,0
17/02/2021 23:00,0,0
18/02/2021 00:00,0,0
18/02/2021 01:00,0,0
18/02/2021 02:00,0,0
18/02/2021 03:00,0,0
18/02/2021 04:00,0,0
18/02/2021 05:00,0,0
18/02/2021 06:00,2.1888,0
18/02/2021 07:00,2.8526,0
18/02/2021 08:00,0,0
18/02/2021 09:00,0,1.4
18/02/2021 10:00,0.3696,4.63
18/02/2021 11:00,0,0
18/02/2021 12:00,0,0
18/02/2021 13:00,0,0
18/02/2021 14:00,0,0
18/02/2021 15:00,0,0
18/02/2021 16:00,0,0
18/02/2021 17:00,0,0
18/02/2021 18:00,0,0
18/02/2021 19:00,0,0
18/02/2021 20:00,0,0
18/02/2021 21:00,0,0
18/02/2021 22:00,0,0
18/02/2021 23:00,0,0
19/02/2021 00:00,0,0
19/02/2021 01:00,0,0
19/02/2021 02:00,0,0
19/02/2021 03:00,0,0
19/02/2021 04:00,0,0
19/02/2021 05:00,0.8534,0
19/02/2021 06:00,3.9,0
19/02/2021 07:00,0,0
19/02/2021 08:00,0,0
19/02/2021 09:00,0,0
19/02/2021 10:00,0,0
19/02/2021 11:00,0,0
19/02/2021 12:00,0,0
19/02/2021 13:00,0,0
19/02/2021 14:00,0,0
19/02/2021 15:00,0,0
19/02/2021 16:00,0,3.41
19/02/2021 17:00,0.1159,0
19/02/2021 18:00,0,0
19/02/2021 19:00,0,0
19/02/2021 20:00,0,0
19/02/2021 21:00,0,0
19/02/2021 22:00,0,0
19/02/2021 23:00,0,0
20/02/2021 00:00,0,0
20/02/2021 01:00,0,0
20/02/2021 02:00,0,0
20/02/2021 03:00,0,0
20/02/2021 04:00,0,0
20/02/2021 05:00,0,0
20/02/2021 06:00,0,0
20/02/2021 07:00,0,0
20/02/2021 08:00,4.1579,0
20/02/2021 09:00,0,0
20/02/2021 10:00,0,0
20/02/2021 11:00,0,0
20/02/2021 12:00,0,0
20/02/2021 13:00,0,0
20/02/2021 14:00,0,5.2
20/02/2021 15:00,0.2159,3.73
20/02/2021 16:00,5.3164,0
20/02/2021 17:00,0,0
20/02/2021 18:00,0,0.19
20/02/2021 19:00,0,1.23
20/02/2021 20:00,0,0
20/02/2021 21:00,0.3749,0
20/02/2021 22:00,1.5021,0
20/02/2021 23:00,0,0
21/02/2021 00:00,0,0
21/02/2021 01:00,0,0
21/02/2021 02:00,0,0
21/02/2021 03:00,0,0
21/02/2021 04:00,0,0
21/02/2021 05:00,0,0
21/02/2021 06:00,0,0
21/02/2021 07:00,0,0
21/02/2021 08:00,0,0
21/02/2021 09:00,2.8001,1.43
21/02/2021 10:00,3.1466,0.39
21/02/2021 11:00,0,0
21/02/2021 12:00,0,0
21/02/2021 13:00,0,0
21/02/2021 14:00,0,0
21/02/2021 15:00,0,0
21/02/2021 16:00,0,0
21/02/2021 17:00,0,0
21/02/2021 18:00,4.4984,0
21/02/2021 19:00,1.88,3.69
21/02/2021 20:00,0,5.9
21/02/2021 21:00,0,0
21/02/2021 22:00,0,0
21/02/2021 23:00,0,0
22/02/2021 00:00,0,0
22/02/2021 01:00,0,0
22/02/2021 02:00,0,0
22/02/2021 03:00,0,0
22/02/2021 04:00,0,0
22/02/2021 05:00,0,0
22/02/2021 06:00,4.3586,0
22/02/2021 07:00,0,0
22/02/2021 08:00,1.2641,0.7
22/02/2021 09:00,0,0
22/02/2021 10:00,0,0
22/02/2021 11:00,0,0
22/02/2021 12:00,0,0
22/02/2021 13:00,0,0
22/02/2021 14:00,0,0.22
22/02/2021 15:00,0,3.31
22/02/2021 16:00,0,1.67
22/02/2021 17:00,0,0
22/02/2021 18:00,0,0
22/02/2021 19:00,0,0
22/02/2021 20:00,0,0
22/02/2021 21:00,0,0
22/02/2021 22:00,0,0
22/02/2021 23:00,0,0
23/02/2021 00:00,0,0
23/02/2021 01:00,0,0
23/02/2021 02:00,0,0
23/02/2021 03:00,0,0
23/02/2021 04:00,0,0
23/02/2021 05:00,0,0.92
23/02/2021 06:00,0,0
23/02/2021 07:00,0,0
23/02/2021 08:00,3.115,0
23/02/2021 09:00,1.2124,0
23/02/2021 10:00,0,0
23/02/2021 11:00,0,0
23/02/2021 12:00,0,0
23/02/2021 13:00,0,0.66
23/02/2021 14:00,0,0
23/02/2021 15:00,1.3713,0.2
23/02/2021 16:00,0.3847,0.68
23/02/2021 17:00,0,0
23/02/2021 18:00,0,0
23/02/2021 19:00,0,4.83
23/02/2021 20:00,0,0
23/02/2021 21:00,0,0
23/02/2021 22:00,0,1.43
23/02/2021 23:00,0,4.09
24/02/2021 00:00,0,0
24/02/2021 01:00,0,0
24/02/2021 02:00,0,0
24/02/2021 03:00,0,0
24/02/2021 04:00,0,0
24/02/2021 05:00,0,0
24/02/2021 06:00,0,0
24/02/2021 07:00,0,0
24/02/2021 08:00,0,0
24/02/2021 09:00,0,0
24/02/2021 10:00,0,0
24/02/2021 11:00,0,0
24/02/2021 12:00,0,0
24/02/2021 13:00,0,0
24/02/2021 14:00,0,0
24/02/2021 15:00,4.0849,0
24/02/2021 16:00,0,0
24/02/2021 17:00,0.3572,0.1
24/02/2021 18:00,0,4.22
24/02/2021 19:00,0,0
24/02/2021 20:00,0,0
24/02/2021 21:00,0,0
24/02/2021 22:00,0,0
24/02/2021 23:00,0,0
25/02/2021 00:00,0,0
25/02/2021 01:00,0,5.51
25/02/2021 02:00,0,1.57
25/02/2021 03:00,0,0
25/02/2021 04:00,0,0
25/02/2021 05:00,0,0.33
25/02/2021 06:00,0,0
25/02/2021 07:00,0,0
25/02/2021 08:00,0,0
25/02/2021 09:00,0,4.57
25/02/2021 10:00,0,0
25/02/2021 11:00,0,0
25/02/2021 12:00,0,0.31
25/02/2021 13:00,0,0
25/02/2021 14:00,0,0
25/02/2021 15:00,4.153,0
25/02/2021 16:00,0.8229,0
25/02/2021 17:00,0,0
25/02/2021 18:00,0,0
25/02/2021 19:00,0,0
25/02/2021 20:00,0,0
25/02/2021 21:00,0,0
25/02/2021 22:00,0,0
25/02/2021 23:00,0,0
26/02/2021 00:00,0,0
26/02/2021 01:00,0,0
26/02/2021 02:00,0,0
26/02/2021 03:00,0,0
26/02/2021 04:00,0,0
26/02/2021 05:00,0,0
26/02/2021 06:00,0.5928,0
26/02/2021 07:00,0,0
26/02/2021 08:00,0,0.39
26/02/2021 09:00,0,0
26/02/2021 10:00,0,0
26/02/2021 11:00,0,0
26/02/2021 12:00,0,0
26/02/2021 13:00,0,0
26/02/2021 14:00,0,0.91
26/02/2021 15:00,0,3.65
26/02/2021 16:00,0,0
26/02/2021 17:00,3.852,0
26/02/2021 18:00,0.6461,0
26/02/2021 19:00,0,0
26/02/2021 20:00,0,0
26/02/2021 21:00,0,0
26/02/2021 22:00,0,0
26/02/2021 23:00,0,0
27/02/2021 00:00,0,0
27/02/2021 01:00,0,0
27/02/2021 02:00,0,0
27/02/2021 03:00,0,0
27/02/2021 04:00,0,0
27/02/2021 05:00,0,0
27/02/2021 06:00,0,0
27/02/2021 07:00,0,0
27/02/2021 08:00,0,0
27/02/2021 09:00,0,0
27/02/2021 10:00,0,0
27/02/2021 11:00,0,0
27/02/2021 12:00,0,0
27/02/2021 13:00,0,0
27/02/2021 14:00,0,0
27/02/2021 15:00,0,0
27/02/2021 16:00,0,0
27/02/2021 17:00,0,0
27/02/2021 18:00,0,0
27/02/2021 19:00,6.6822,0
27/02/2021 20:00,3.8657,0
27/02/2021 21:00,0,0
27/02/2021 22:00,0,1.33
27/02/2021 23:00,0,0.12
28/02/2021 00:00,0,0
28/02/2021 01:00,0,0
28/02/2021 02:00,0,0
28/02/2021 03:00,0,0
28/02/2021 04:00,0,0
28/02/2021 05:00,0,0
28/02/2021 06:00,0,0
28/02/2021 07:00,0,0
28/02/2021 08:00,0,0
28/02/2021 09:00,0,0
28/02/2021 10:00,0,0
28/02/2021 11:00,0,0
28/02/2021 12:00,0,0
28/02/2021 13:00,0,0
28/02/2021 14:00,0,0
28/02/2021 15:00,0,0
28/02/2021 16:00,0,0
28/02/2021 17:00,0,0
28/02/2021 18:00,0,0
28/02/2021 19:00,0,0
28/02/2021 20:00,0,0
28/02/2021 21:00,0,0
28/02/2021 22:00,0,1.99
28/02/2021 23:00,0,0
01/03/2021 00:00,0,0
01/03/2021 01:00,0,0
01/03/2021 02:00,0,0
01/03/2021 03:00,0,0
01/03/2021 04:00,0,0
01/03/2021 05:00,0,0
01/03/2021 06:00,0,0
01/03/2021 07:00,3.057,0
01/03/2021 08:00,1.3135,1.51
01/03/2021 09:00,0,0
01/03/2021 10:00,0,0
01/03/2021 11:00,0,0
01/03/2021 12:00,0,0
01/03/2021 13:00,0,0
01/03/2021 14:00,1.2224,3.95
01/03/2021 15:00,0,0
01/03/2021 16:00,0,0
01/03/2021 17:00,0,0
01/03/2021 18:00,0,0
01/03/2021 19:00,0,0
01/03/2021 20:00,0,0
01/03/2021 21:00,0,0
01/03/2021 22:00,0,0
01/03/2021 23:00,0,0
02/03/2021 00:00,0,0
02/03/2021 01:00,0,0
02/03/2021 02:00,0,0
02/03/2021 03:00,0,0
02/03/2021 04:00,0,0
02/03/2021 05:00,0,0
02/03/2021 06:00,0,0
02/03/2021 07:00,0,0
02/03/2021 08:00,0,0
02/03/2021 09:00,0,0
02/03/2021 10:00,0,0
02/03/2021 11:00,2.1276,0
02/03/2021 12:00,0,0
02/03/2021 13:00,0,0
02/03/2021 14:00,0,0
02/03/2021 15:00,0.8062,0
02/03/2021 16:00,4.9455,0
02/03/2021 17:00,0,0.14
02/03/2021 18:00,0,4.37
02/03/2021 19:00,0,0.56
02/03/2021 20:00,0.6215,0
02/03/2021 21:00,3.8639,0
02/03/2021 22:00,0,0
02/03/2021 23:00,0,0
03/03/2021 00:00,0,0
03/03/2021 01:00,0,0
03/03/2021 02:00,0,0
03/03/2021 03:00,0,0
03/03/2021 04:00,0,0
03/03/2021 05:00,0,0.75
03/03/2021 06:00,0,4.28
03/03/2021 07:00,0,0
03/03/2021 08:00,0,0
03/03/2021 09:00,1.9641,0
03/03/2021 10:00,0,0
03/03/2021 11:00,0,0
03/03/2021 12:00,0,0
03/03/2021 13:00,0,0
03/03/2021 14:00,0,0
03/03/2021 15:00,0.2263,0
03/03/2021 16:00,3.5255,0
03/03/2021 17:00,0,0
03/03/2021 18:00,0,0
03/03/2021 19:00,0,0
03/03/2021 20:00,0,0
03/03/2021 21:00,0,0
03/03/2021 22:00,0,0
03/03/2021 23:00,0,0
04/03/2021 00:00,0,0
04/03/2021 01:00,0,0
04/03/2021 02:00,0,0
04/03/2021 03:00,0,0
04/03/2021 04:00,0,0
04/03/2021 05:00,0,0
04/03/2021 06:00,0,0
04/03/2021 07:00,3.6159,0.63
04/03/2021 08:00,0,3.76
04/03/2021 09:00,0,0
04/03/2021 10:00,0,0
04/03/2021 11:00,0,0
04/03/2021 12:00,0,0
04/03/2021 13:00,0,0
04/03/2021 14:00,0,0
04/03/2021 15:00,0,0
04/03/2021 16:00,0,0
04/03/2021 17:00,1.2706,0
04/03/2021 18:00,0,0.1
04/03/2021 19:00,0,0
04/03/2021 20:00,0,0
04/03/2021 21:00,0,0
04/03/2021 22:00,0,0
04/03/2021 23:00,0,0
05/03/2021 00:00,0,0
05/03/2021 01:00,0,0
05/03/2021 02:00,0,0
05/03/2021 03:00,0,0
05/03/2021 04:00,0,0
05/03/2021 05:00,0,0
05/03/2021 06:00,0,0
05/03/2021 07:00,0,0
05/03/2021 08:00,0,0.55
05/03/2021 09:00,1.7567,0
05/03/2021 10:00,3.7095,0
05/03/2021 11:00,0,0
05/03/2021 12:00,0,0
05/03/2021 13:00,0,0
05/03/2021 14:00,0,0
05/03/2021 15:00,0,0
05/03/2021 16:00,0,0
05/03/2021 17:00,0.8417,0
05/03/2021 18:00,0,4.16
05/03/2021 19:00,0,0
05/03/2021 20:00,0,0
05/03/2021 21:00,0,0
05/03/2021 22:00,0,0
05/03/2021 23:00,0,0
06/03/2021 00:00,0,0
06/03/2021 01:00,0,0
06/03/2021 02:00,0,0
06/03/2021 03:00,0,0
06/03/2021 04:00,0,0
06/03/2021 05:00,0,0
06/03/2021 06:00,0,0
06/03/2021 07:00,0,0
06/03/2021 08:00,0,0
06/03/2021 09:00,0,0
06/03/2021 10:00,4.8525,0
06/03/2021 11:00,2.9286,0
06/03/2021 12:00,0,0
06/03/2021 13:00,0,0
06/03/2021 14:00,0,0
06/03/2021 15:00,0,0
06/03/2021 16:00,0.6635,0
06/03/2021 17:00,0,0
06/03/2021 18:00,0,0
06/03/2021 19:00,0,0
06/03/2021 20:00,0,0
06/03/2021 21:00,0,0
06/03/2021 22:00,0,0
06/03/2021 23:00,0,0
07/03/2021 00:00,0,0
07/03/2021 01:00,0,0
07/03/2021 02:00,0,0
07/03/2021 03:00,0,0
07/03/2021 04:00,0,0
07/03/2021 05:00,0,0
07/03/2021 06:00,0,0
07/03/2021 07:00,0,0
07/03/2021 08:00,0,0
07/03/2021 09:00,0,0
07/03/2021 10:00,0,0
07/03/2021 11:00,1.8471,0
07/03/2021 12:00,6.5803,0
07/03/2021 13:00,0,0
07/03/2021 14:00,0,0
07/03/2021 15:00,0,0
07/03/2021 16:00,0,0
07/03/2021 17:00,2.4338,0
07/03/2021 18:00,0.9022,0
07/03/2021 19:00,0,0
07/03/2021 20:00,0,0
07/03/2021 21:00,0,0
07/03/2021 22:00,0,0
07/03/2021 23:00,0,0
08/03/2021 00:00,0,0
08/03/2021 01:00,0,0
08/03/2021 02:00,0,0
08/03/2021 03:00,0,0
08/03/2021 04:00,0,0
08/03/2021 05:00,0,0
08/03/2021 06:00,0,0
08/03/2021 07:00,1.5765,0
08/03/2021 08:00,0.5011,0
08/03/2021 09:00,3.1069,3.35
08/03/2021 10:00,0.4725,0
08/03/2021 11:00,0,0
08/03/2021 12:00,0,0
08/03/2021 13:00,0,0.74
08/03/2021 14:00,0,0
08/03/2021 15:00,0,0
08/03/2021 16:00,0,0
08/03/2021 17:00,0,0
08/03/2021 18:00,0,0
08/03/2021 19:00,0,2.89
08/03/2021 20:00,3.8202,1.33
08/03/2021 21:00,0.6521,0
08/03/2021 22:00,0,0
08/03/2021 23:00,2.0479,0
09/03/2021 00:00,0,0
09/03/2021 01:00,0,1.87
09/03/2021 02:00,0,0
09/03/2021 03:00,0,0
09/03/2021 04:00,0,0
09/03/2021 05:00,0,0
09/03/2021 06:00,2.7034,0
09/03/2021 07:00,1.4152,0
09/03/2021 08:00,0,0
09/03/2021 09:00,0,0
09/03/2021 10:00,0,0
09/03/2021 11:00,0,0
09/03/2021 12:00,0,0
09/03/2021 13:00,0,0
09/03/2021 14:00,0,0
09/03/2021 15:00,0,0
09/03/2021 16:00,0.3037,3.13
09/03/2021 17:00,0.407,0
09/03/2021 18:00,0,0
09/03/2021 19:00,0,0
09/03/2021 20:00,0,0
09/03/2021 21:00,0,0
09/03/2021 22:00,0,2.15
09/03/2021 23:00,0,2.61
10/03/2021 00:00,0,0
10/03/2021 01:00,0,0
10/03/2021 02:00,0,0
10/03/2021 03:00,0,0
10/03/2021 04:00,0,0
10/03/2021 05:00,0,0
10/03/2021 06:00,0.117,0
10/03/2021 07:00,0,0
10/03/2021 08:00,0,0
10/03/2021 09:00,0,0
10/03/2021 10:00,0,1.16
10/03/2021 11:00,0,0
10/03/2021 12:00,0,0
10/03/2021 13:00,0,0
10/03/2021 14:00,0,0
10/03/2021 15:00,2.321,1.41
10/03/2021 16:00,2.1988,3.59
10/03/2021 17:00,0,0
10/03/2021 18:00,0,0
10/03/2021 19:00,0,0
10/03/2021 20:00,0,0
10/03/2021 21:00,0,0
10/03/2021 22:00,0,0
10/03/2021 23:00,0,0
11/03/2021 00:00,0,0
11/03/2021 01:00,0,0
11/03/2021 02:00,0,0
11/03/2021 03:00,0,0
11/03/2021 04:00,0,0
11/03/2021 05:00,0,0
11/03/2021 06:00,0,0
11/03/2021 07:00,0,1.32
11/03/2021 08:00,0,0.51
11/03/2021 09:00,0,0
11/03/2021 10:00,0,0
11/03/2021 11:00,0,0
11/03/2021 12:00,0,0
11/03/2021 13:00,0,0
11/03/2021 14:00,0.5033,0
11/03/2021 15:00,2.3753,1.24
11/03/2021 16:00,2.2566,0.18
11/03/2021 17:00,0,0
11/03/2021 18:00,0,0
11/03/2021 19:00,0,0
11/03/2021 20:00,0,0
11/03/2021 21:00,0,0
11/03/2021 22:00,0,0
11/03/2021 23:00,0,0
12/03/2021 00:00,0,0
12/03/2021 01:00,0,0
12/03/2021 02:00,0,0
12/03/2021 03:00,0,0
12/03/2021 04:00,0,0
12/03/2021 05:00,0,0
12/03/2021 06:00,0,0
12/03/2021 07:00,0,0
12/03/2021 08:00,0,0
12/03/2021 09:00,0,0
12/03/2021 10:00,0,0
12/03/2021 11:00,0,0
12/03/2021 12:00,0,0.91
12/03/2021 13:00,0,2.33
12/03/2021 14:00,0.4693,0
12/03/2021 15:00,0,0
12/03/2021 16:00,2.5711,0
12/03/2021 17:00,1.5437,0
12/03/2021 18:00,0,1.84
12/03/2021 19:00,0.2142,0
12/03/2021 20:00,0,0
12/03/2021 21:00,0,0
12/03/2021 22:00,0,0
12/03/2021 23:00,0,0
13/03/2021 00:00,0,0
13/03/2021 01:00,0,0
13/03/2021 02:00,0,0
13/03/2021 03:00,0,0
13/03/2021 04:00,0,0
13/03/2021 05:00,0,0
13/03/2021 06:00,0,1.62
13/03/2021 07:00,0,0.25
13/03/2021 08:00,0,0
13/03/2021 09:00,0,0
13/03/2021 10:00,4.2525,0
13/03/2021 11:00,5.7412,0
13/03/2021 12:00,0.5318,0
13/03/2021 13:00,0,0
13/03/2021 14:00,0,0
13/03/2021 15:00,0,0
13/03/2021 16:00,0,0
13/03/2021 17:00,0,0
13/03/2021 18:00,0,0
13/03/2021 19:00,0,0
13/03/2021 20:00,0,0
13/03/2021 21:00,0,0
13/03/2021 22:00,0,0
13/03/2021 23:00,0,0
14/03/2021 00:00,0,0
14/03/2021 01:00,0,0
14/03/2021 02:00,0,0
14/03/2021 03:00,0,0
14/03/2021 04:00,0,0
14/03/2021 05:00,0,0
14/03/2021 06:00,0,0
14/03/2021 07:00,0,0
14/03/2021 08:00,0,1.75
14/03/2021 09:00,0,3.99
14/03/2021 10:00,0,0
14/03/2021 11:00,0,0
14/03/2021 12:00,0,0
14/03/2021 13:00,0,0
14/03/2021 14:00,0.1509,0
14/03/2021 15:00,9.0548,4.3
14/03/2021 16:00,0.9055,0
14/03/2021 17:00,0,0
14/03/2021 18:00,0,0
14/03/2021 19:00,0.2701,0
14/03/2021 20:00,0,0
14/03/2021 21:00,0,0
14/03/2021 22:00,0,0
14/03/2021 23:00,0,0
15/03/2021 00:00,0,0
15/03/2021 01:00,0,0
15/03/2021 02:00,0,0
15/03/2021 03:00,0,0
15/03/2021 04:00,0,0
15/03/2021 05:00,0,0
15/03/2021 06:00,0,0
15/03/2021 07:00,0,0
15/03/2021 08:00,1.6154,0
15/03/2021 09:00,0,0
15/03/2021 10:00,0,0
15/03/2021 11:00,0,0
15/03/2021 12:00,0,0
15/03/2021 13:00,0,0
15/03/2021 14:00,0,0
15/03/2021 15:00,0,0
15/03/2021 16:00,5.005,0
15/03/2021 17:00,4.6131,0
15/03/2021 18:00,0,0
15/03/2021 19:00,0,0
15/03/2021 20:00,0,0
15/03/2021 21:00,0,0
15/03/2021 22:00,0,0
15/03/2021 23:00,0,0
16/03/2021 00:00,0,0
16/03/2021 01:00,0,0
16/03/2021 02:00,0,0
16/03/2021 03:00,0,0
16/03/2021 04:00,0,0
16/03/2021 05:00,0,0
16/03/2021 06:00,0,0
16/03/2021 07:00,0,0
16/03/2021 08:00,0.8458,0
16/03/2021 09:00,3.2773,0
16/03/2021 10:00,0,4.1
16/03/2021 11:00,0,0
16/03/2021 12:00,0,0.83
16/03/2021 13:00,0,4.03
16/03/2021 14:00,0.85,2.05
16/03/2021 15:00,0,0
16/03/2021 16:00,0,0
16/03/2021 17:00,0,0
16/03/2021 18:00,0,0
16/03/2021 19:00,0,0.62
16/03/2021 20:00,0,2.06
16/03/2021 21:00,0,0
16/03/2021 22:00,0,0
16/03/2021 23:00,0,0
17/03/2021 00:00,0,0
17/03/2021 01:00,0,0
17/03/2021 02:00,0,0
17/03/2021 03:00,0,0
17/03/2021 04:00,0,0
17/03/2021 05:00,0,0
17/03/2021 06:00,0,2.91
17/03/2021 07:00,0,1.8
17/03/2021 08:00,0,0.96
17/03/2021 09:00,0,0
17/03/2021 10:00,0,0
17/03/2021 11:00,0,0
17/03/2021 12:00,0,0
17/03/2021 13:00,0,0
17/03/2021 14:00,0,0
17/03/2021 15:00,2.4912,0
17/03/2021 16:00,1.6991,0
17/03/2021 17:00,0,0
17/03/2021 18:00,0,0
17/03/2021 19:00,0,0
17/03/2021 20:00,0,0
17/03/2021 21:00,0,0
17/03/2021 22:00,0,0
17/03/2021 23:00,0,0
18/03/2021 00:00,0,0
18/03/2021 01:00,0,0
18/03/2021 02:00,0,0
18/03/2021 03:00,0,0
18/03/2021 04:00,0,0
18/03/2021 05:00,0,0
18/03/2021 06:00,0,0
18/03/2021 07:00,0,0
18/03/2021 08:00,0,0
18/03/2021 09:00,0,0.32
18/03/2021 10:00,0,0
18/03/2021 11:00,0,0
18/03/2021 12:00,0,0
18/03/2021 13:00,0,0
18/03/2021 14:00,0,0
18/03/2021 15:00,0,1.04
18/03/2021 16:00,0.7172,3.67
18/03/2021 17:00,3.9772,0
18/03/2021 18:00,0,0
18/03/2021 19:00,0,0
18/03/2021 20:00,0,0
18/03/2021 21:00,0,0
18/03/2021 22:00,0,0
18/03/2021 23:00,0,0
19/03/2021 00:00,0,0
19/03/2021 01:00,0,0
19/03/2021 02:00,0,0
19/03/2021 03:00,0,0
19/03/2021 04:00,0,0
19/03/2021 05:00,0,0
19/03/2021 06:00,0,0
19/03/2021 07:00,0,1.41
19/03/2021 08:00,0,1.95
19/03/2021 09:00,0,0
19/03/2021 10:00,0,0
19/03/2021 11:00,0,0
19/03/2021 12:00,0,0
19/03/2021 13:00,0,0.32
19/03/2021 14:00,0,0
19/03/2021 15:00,0.9978,0
19/03/2021 16:00,0,0
19/03/2021 17:00,2.5212,0
19/03/2021 18:00,1.4605,0
19/03/2021 19:00,0,0
19/03/2021 20:00,0,0
19/03/2021 21:00,0,0
19/03/2021 22:00,0,0
19/03/2021 23:00,0,0
20/03/2021 00:00,0,0
20/03/2021 01:00,0,0
20/03/2021 02:00,0,0
20/03/2021 03:00,0,0
20/03/2021 04:00,0,0
20/03/2021 05:00,0,0
20/03/2021 06:00,0,0
20/03/2021 07:00,0,0
20/03/2021 08:00,0,0
20/03/2021 09:00,0,0
20/03/2021 10:00,0,0
20/03/2021 11:00,0,0
20/03/2021 12:00,0,0
20/03/2021 13:00,0,0
20/03/2021 14:00,0,0
20/03/2021 15:00,0,0
20/03/2021 16:00,0,0
20/03/2021 17:00,0,0
20/03/2021 18:00,0,0
20/03/2021 19:00,0,0
20/03/2021 20:00,0,0
20/03/2021 21:00,0,0
20/03/2021 22:00,0,0
20/03/2021 23:00,0,0
21/03/2021 00:00,0,0
21/03/2021 01:00,0,0
21/03/2021 02:00,0,0
21/03/2021 03:00,0,0
21/03/2021 04:00,0,0
21/03/2021 05:00,0,0
21/03/2021 06:00,0,0
21/03/2021 07:00,0,0
21/03/2021 08:00,0,0
21/03/2021 09:00,0,0
21/03/2021 10:00,0,0
21/03/2021 11:00,0,0
21/03/2021 12:00,0,0
21/03/2021 13:00,0,0
21/03/2021 14:00,0,0
21/03/2021 15:00,0,0
21/03/2021 16:00,0,0
21/03/2021 17:00,0,0
21/03/2021 18:00,0,0
21/03/2021 19:00,0,0
21/03/2021 20:00,0,0
21/03/2021 21:00,0,0
21/03/2021 22:00,0,0
21/03/2021 23:00,0,0
22/03/2021 00:00,0,0
22/03/2021 01:00,0,0
22/03/2021 02:00,0,0
22/03/2021 03:00,0,0
22/03/2021 04:00,0,0
22/03/2021 05:00,0,0
22/03/2021 06:00,1.8404,0
22/03/2021 07:00,2.0449,3.92
22/03/2021 08:00,0.7293,0
22/03/2021 09:00,0,0
22/03/2021 10:00,0,0
22/03/2021 11:00,0,0
22/03/2021 12:00,0,0
22/03/2021 13:00,0,0
22/03/2021 14:00,0,0
22/03/2021 15:00,0,0
22/03/2021 16:00,0,0
22/03/2021 17:00,0,2.25
22/03/2021 18:00,0,0.43
22/03/2021 19:00,0,0
22/03/2021 20:00,0,0
22/03/2021 21:00,0,0
22/03/2021 22:00,0,0
22/03/2021 23:00,0,0
23/03/2021 00:00,0,0
23/03/2021 01:00,0,0
23/03/2021 02:00,0,0
23/03/2021 03:00,0,0
23/03/2021 04:00,0,0
23/03/2021 05:00,0,0
23/03/2021 06:00,0,1.83
23/03/2021 07:00,0,0
23/03/2021 08:00,0.9842,0
23/03/2021 09:00,1.1073,0
23/03/2021 10:00,0,0
23/03/2021 11:00,0,0
23/03/2021 12:00,0,0
23/03/2021 13:00,0,0
23/03/2021 14:00,1.61,0
23/03/2021 15:00,0.8669,0
23/03/2021 16:00,0,0
23/03/2021 17:00,0,0
23/03/2021 18:00,0,3.27
23/03/2021 19:00,0,0
23/03/2021 20:00,0,0
23/03/2021 21:00,0,0
23/03/2021 22:00,0,0
23/03/2021 23:00,0,0
24/03/2021 00:00,0,0
24/03/2021 01:00,0,0
24/03/2021 02:00,0,0
24/03/2021 03:00,0,0
24/03/2021 04:00,0,0
24/03/2021 05:00,0.2245,0
24/03/2021 06:00,4.2615,4.06
24/03/2021 07:00,0,0
24/03/2021 08:00,0,0
24/03/2021 09:00,0,0
24/03/2021 10:00,0,0
24/03/2021 11:00,0,0
24/03/2021 12:00,0,1.59
24/03/2021 13:00,0,2.74
24/03/2021 14:00,0,0.68
24/03/2021 15:00,0,0
24/03/2021 16:00,0,0
24/03/2021 17:00,0,0
24/03/2021 18:00,0.132,0
24/03/2021 19:00,0,0
24/03/2021 20:00,0,0
24/03/2021 21:00,0,0
24/03/2021 22:00,0,0
24/03/2021 23:00,0,4.44
25/03/2021 00:00,0,0
25/03/2021 01:00,0,0
25/03/2021 02:00,0,0
25/03/2021 03:00,0,0
25/03/2021 04:00,0,0
25/03/2021 05:00,0,0
25/03/2021 06:00,0,0
25/03/2021 07:00,0,0
25/03/2021 08:00,0,0
25/03/2021 09:00,0,0
25/03/2021 10:00,0,0
25/03/2021 11:00,0,0
25/03/2021 12:00,0,0
25/03/2021 13:00,0,0
25/03/2021 14:00,0,0
25/03/2021 15:00,0,0
25/03/2021 16:00,0,0
25/03/2021 17:00,0,0
25/03/2021 18:00,0,0
25/03/2021 19:00,0,0
25/03/2021 20:00,0,0
25/03/2021 21:00,0,0
25/03/2021 22:00,0,0
25/03/2021 23:00,0,0
26/03/2021 00:00,0,0
26/03/2021 01:00,0,0
26/03/2021 02:00,0,0
26/03/2021 03:00,0,0
26/03/2021 04:00,0,0
26/03/2021 05:00,0,0
26/03/2021 06:00,0,0
26/03/2021 07:00,0.9502,0
26/03/2021 08:00,0,0
26/03/2021 09:00,0,0.21
26/03/2021 10:00,0.2427,0.74
26/03/2021 11:00,5.9508,0
26/03/2021 12:00,0.992,0
26/03/2021 13:00,0,0
26/03/2021 14:00,0,0
26/03/2021 15:00,2.5527,4.84
26/03/2021 16:00,2.6954,0
26/03/2021 17:00,0,0
26/03/2021 18:00,0,0
26/03/2021 19:00,0,0
26/03/2021 20:00,0,0
26/03/2021 21:00,0,0
26/03/2021 22:00,0,0
26/03/2021 23:00,0,0
27/03/2021 00:00,0,0
27/03/2021 01:00,0,0
27/03/2021 02:00,0,0
27/03/2021 03:00,0,0
27/03/2021 04:00,0,0
27/03/2021 05:00,0,0
27/03/2021 06:00,0,0
27/03/2021 07:00,0,0
27/03/2021 08:00,0,0
27/03/2021 09:00,0.2906,0
27/03/2021 10:00,4.6184,0
27/03/2021 11:00,0,0.73
27/03/2021 12:00,0,0
27/03/2021 13:00,0,0
27/03/2021 14:00,0,0
27/03/2021 15:00,0,0
27/03/2021 16:00,0.664,0.12
27/03/2021 17:00,3.3518,7.28
27/03/2021 18:00,0,2.71
27/03/2021 19:00,0,0
27/03/2021 20:00,0,0
27/03/2021 21:00,0,0
27/03/2021 22:00,2.1096,0
27/03/2021 23:00,0,0
28/03/2021 00:00,0,0
28/03/2021 01:00,0,0
28/03/2021 02:00,0,0
28/03/2021 03:00,0,0
28/03/2021 04:00,0,0
28/03/2021 05:00,0,0
28/03/2021 06:00,0,0
28/03/2021 07:00,0,0
28/03/2021 08:00,2.8567,0
28/03/2021 09:00,0,0
28/03/2021 10:00,0,0
28/03/2021 11:00,0.7001,0
28/03/2021 12:00,5.5069,0
28/03/2021 13:00,0,0
28/03/2021 14:00,0,0
28/03/2021 15:00,0,0
28/03/2021 16:00,0,0
28/03/2021 17:00,0,0
28/03/2021 18:00,0,0
28/03/2021 19:00,0,0
28/03/2021 20:00,1.3015,0
28/03/2021 21:00,0.4016,0.12
28/03/2021 22:00,0,2.22
28/03/2021 23:00,0,0
29/03/2021 00:00,0,0
29/03/2021 01:00,0,0
29/03/2021 02:00,0,0
29/03/2021 03:00,0,0
29/03/2021 04:00,2.0349,0
29/03/2021 05:00,0,0
29/03/2021 06:00,4.2004,0
29/03/2021 07:00,0,0
29/03/2021 08:00,0,0
29/03/2021 09:00,0,0
29/03/2021 10:00,0,0
29/03/2021 11:00,0,0
29/03/2021 12:00,0,0
29/03/2021 13:00,0,0.5
29/03/2021 14:00,0,0
29/03/2021 15:00,0,4.44
29/03/2021 16:00,0,0
29/03/2021 17:00,0,0
29/03/2021 18:00,0,0
29/03/2021 19:00,0,0
29/03/2021 20:00,0,0
29/03/2021 21:00,0,0
29/03/2021 22:00,0,0
29/03/2021 23:00,0,0
30/03/2021 00:00,0,0
30/03/2021 01:00,0,0
30/03/2021 02:00,0,0
30/03/2021 03:00,0,0
30/03/2021 04:00,0,0
30/03/2021 05:00,0,0
30/03/2021 06:00,0,0
30/03/2021 07:00,0,0
30/03/2021 08:00,0,0
30/03/2021 09:00,0,0.84
30/03/2021 10:00,0,0
30/03/2021 11:00,0,0
30/03/2021 12:00,0,0
30/03/2021 13:00,0,1.7
30/03/2021 14:00,0,2
30/03/2021 15:00,3.3161,0.3
30/03/2021 16:00,0.9948,0
30/03/2021 17:00,0,0
30/03/2021 18:00,0.0979,0
30/03/2021 19:00,0,0
30/03/2021 20:00,0,0
30/03/2021 21:00,0,0
30/03/2021 22:00,0,0
30/03/2021 23:00,0,0
31/03/2021 00:00,0,0
31/03/2021 01:00,0,0
31/03/2021 02:00,0,0
31/03/2021 03:00,0,0
31/03/2021 04:00,0,0
31/03/2021 05:00,4.3325,0
31/03/2021 06:00,0.205,4.78
31/03/2021 07:00,0.4228,0.34
31/03/2021 08:00,0,0
31/03/2021 09:00,0,0
31/03/2021 10:00,0,0
31/03/2021 11:00,0,0
31/03/2021 12:00,0,0
31/03/2021 13:00,0,0
31/03/2021 14:00,0,0
31/03/2021 15:00,0,0
31/03/2021 16:00,0,0
31/03/2021 17:00,0,0
31/03/2021 18:00,0,0
31/03/2021 19:00,0,0
31/03/2021 20:00,0,0
31/03/2021 21:00,0,0
31/03/2021 22:00,0,0
31/03/2021 23:00,0,0
01/04/2021 00:00,0,0
01/04/2021 01:00,0,0
01/04/2021 02:00,1.7072,0
01/04/2021 03:00,0,0
01/04/2021 04:00,0,0
01/04/2021 05:00,0,0
01/04/2021 06:00,0,0
01/04/2021 07:00,0,0
01/04/2021 08:00,0,0
01/04/2021 09:00,0,0
01/04/2021 10:00,0,0
01/04/2021 11:00,0,0
01/04/2021 12:00,3.6867,0
01/04/2021 13:00,0,0
01/04/2021 14:00,3.1864,0
01/04/2021 15:00,3.1873,0
01/04/2021 16:00,0,0
01/04/2021 17:00,0,0
01/04/2021 18:00,0,0
01/04/2021 19:00,0,0
01/04/2021 20:00,0,0
01/04/2021 21:00,0,0
01/04/2021 22:00,0,0
01/04/2021 23:00,0,0
02/04/2021 00:00,0,5.48
02/04/2021 01:00,0,0
02/04/2021 02:00,0,0
02/04/2021 03:00,0,0
02/04/2021 04:00,0,4.2
02/04/2021 05:00,0,0.39
02/04/2021 06:00,0,0
02/04/2021 07:00,0,0
02/04/2021 08:00,0.5926,0
02/04/2021 09:00,0,0
02/04/2021 10:00,0,0
02/04/2021 11:00,0,0
02/04/2021 12:00,0,0
02/04/2021 13:00,0,0
02/04/2021 14:00,2.9338,1.81
02/04/2021 15:00,1.0847,0.31
02/04/2021 16:00,0,0
02/04/2021 17:00,0,0
02/04/2021 18:00,0,0.71
02/04/2021 19:00,0,0
02/04/2021 20:00,0,0
02/04/2021 21:00,0,0
02/04/2021 22:00,0,0
02/04/2021 23:00,0,0
03/04/2021 00:00,0,0
03/04/2021 01:00,0,0
03/04/2021 02:00,0,0
03/04/2021 03:00,0,0
03/04/2021 04:00,0,0
03/04/2021 05:00,0,0
03/04/2021 06:00,0,0
03/04/2021 07:00,0,0
03/04/2021 08:00,0,0
03/04/2021 09:00,0,0
03/04/2021 10:00,4.9938,0
03/04/2021 11:00,3.5431,0
03/04/2021 12:00,2.615,0
03/04/2021 13:00,0,0
03/04/2021 14:00,0,0
03/04/2021 15:00,0,0
03/04/2021 16:00,0,0
03/04/2021 17:00,0,0
03/04/2021 18:00,0,0
03/04/2021 19:00,0,0
03/04/2021 20:00,0,0
03/04/2021 21:00,0,1.82
03/04/2021 22:00,2.0936,0
03/04/2021 23:00,0,0
04/04/2021 00:00,0,0
04/04/2021 01:00,0,0
04/04/2021 02:00,0,0
04/04/2021 03:00,0,0
04/04/2021 04:00,0,0
04/04/2021 05:00,0,0
04/04/2021 06:00,0,0
04/04/2021 07:00,0,0
04/04/2021 08:00,0,0
04/04/2021 09:00,0,0
04/04/2021 10:00,0,0
04/04/2021 11:00,0,0
04/04/2021 12:00,0,0
04/04/2021 13:00,0,0
04/04/2021 14:00,0,0
04/04/2021 15:00,0,0
04/04/2021 16:00,0,0
04/04/2021 17:00,0,0
04/04/2021 18:00,0,0
04/04/2021 19:00,0,0
04/04/2021 20:00,0,0
04/04/2021 21:00,0,2.14
04/04/2021 22:00,0,0
04/04/2021 23:00,0,0
05/04/2021 00:00,0,0
05/04/2021 01:00,0,0
05/04/2021 02:00,0,0
05/04/2021 03:00,0,0
05/04/2021 04:00,3.9182,0
05/04/2021 05:00,1.0092,0
05/04/2021 06:00,0,0
05/04/2021 07:00,0,0
05/04/2021 08:00,0,0
05/04/2021 09:00,0,0
05/04/2021 10:00,0,0
05/04/2021 11:00,0,0
05/04/2021 12:00,0,0
05/04/2021 13:00,0.6748,0
05/04/2021 14:00,0,0
05/04/2021 15:00,0,0
05/04/2021 16:00,0,1.11
05/04/2021 17:00,0,4.2
05/04/2021 18:00,0,0
05/04/2021 19:00,0,0
05/04/2021 20:00,0,0
05/04/2021 21:00,0,0
05/04/2021 22:00,0,0
05/04/2021 23:00,0,0
06/04/2021 00:00,0,0
06/04/2021 01:00,0,0
06/04/2021 02:00,0,0
06/04/2021 03:00,0,0
06/04/2021 04:00,0,0
06/04/2021 05:00,0.3095,0
06/04/2021 06:00,4.4151,0
06/04/2021 07:00,0.5502,0
06/04/2021 08:00,0,0
06/04/2021 09:00,0,0
06/04/2021 10:00,0,0
06/04/2021 11:00,0,0
06/04/2021 12:00,0,0
06/04/2021 13:00,0,0
06/04/2021 14:00,0,3.7
06/04/2021 15:00,0,0
06/04/2021 16:00,0,2.3
06/04/2021 17:00,0,0
06/04/2021 18:00,0,0
06/04/2021 19:00,0,0
06/04/2021 20:00,0,0
06/04/2021 21:00,0,0
06/04/2021 22:00,0,0
06/04/2021 23:00,0,0
07/04/2021 00:00,0,0
07/04/2021 01:00,0,0
07/04/2021 02:00,0,0
07/04/2021 03:00,0,0
07/04/2021 04:00,0,0
07/04/2021 05:00,2.698,0
07/04/2021 06:00,1.5249,0
07/04/2021 07:00,0.1091,0
07/04/2021 08:00,1.588,0
07/04/2021 09:00,0,0.75
07/04/2021 10:00,0,0
07/04/2021 11:00,0,0
07/04/2021 12:00,0,0
07/04/2021 13:00,0,0
07/04/2021 14:00,0,0
07/04/2021 15:00,0,0
07/04/2021 16:00,0,0.41
07/04/2021 17:00,0,4.03
07/04/2021 18:00,0,0
07/04/2021 19:00,0,0
07/04/2021 20:00,0,0
07/04/2021 21:00,0,0
07/04/2021 22:00,0,0
07/04/2021 23:00,0,0
08/04/2021 00:00,0,0
08/04/2021 01:00,0,0
08/04/2021 02:00,0,0
08/04/2021 03:00,0,0
08/04/2021 04:00,0.7105,0
08/04/2021 05:00,0,5.28
08/04/2021 06:00,0,1.37
08/04/2021 07:00,0,0
08/04/2021 08:00,0,0
08/04/2021 09:00,0,0
08/04/2021 10:00,0,0
08/04/2021 11:00,0,0
08/04/2021 12:00,0,0
08/04/2021 13:00,0,0
08/04/2021 14:00,0,0
08/04/2021 15:00,0,0
08/04/2021 16:00,4.9692,0
08/04/2021 17:00,0,0
08/04/2021 18:00,0,0
08/04/2021 19:00,0,0
08/04/2021 20:00,0,0
08/04/2021 21:00,0,0
08/04/2021 22:00,0,0
08/04/2021 23:00,0,0
09/04/2021 00:00,0,0
09/04/2021 01:00,0,0
09/04/2021 02:00,0,0
09/04/2021 03:00,0,0
09/04/2021 04:00,0,0
09/04/2021 05:00,0,0
09/04/2021 06:00,0,3.52
09/04/2021 07:00,1.0115,0
09/04/2021 08:00,0,0
09/04/2021 09:00,0,0
09/04/2021 10:00,0,0
09/04/2021 11:00,0,0
09/04/2021 12:00,0,0
09/04/2021 13:00,0,0
09/04/2021 14:00,3.9501,0
09/04/2021 15:00,0,0
09/04/2021 16:00,0,0
09/04/2021 17:00,0,1.13
09/04/2021 18:00,0,0
09/04/2021 19:00,0,0
09/04/2021 20:00,0,0
09/04/2021 21:00,0,0
09/04/2021 22:00,0,0
09/04/2021 23:00,0,0
10/04/2021 00:00,0,0
10/04/2021 01:00,0,0
10/04/2021 02:00,0,0
10/04/2021 03:00,0,0
10/04/2021 04:00,0,0
10/04/2021 05:00,0,0
10/04/2021 06:00,0,0
10/04/2021 07:00,0.2449,0
10/04/2021 08:00,7.3694,0
10/04/2021 09:00,0.8616,0
10/04/2021 10:00,0,0
10/04/2021 11:00,0,0
10/04/2021 12:00,2.2596,0
10/04/2021 13:00,0,0
10/04/2021 14:00,0,0
10/04/2021 15:00,0,0
10/04/2021 16:00,0,0
10/04/2021 17:00,0,0
10/04/2021 18:00,0,0
10/04/2021 19:00,0,0
10/04/2021 20:00,0,0
10/04/2021 21:00,0,0
10/04/2021 22:00,0,0
10/04/2021 23:00,0,0
11/04/2021 00:00,0,2.39
11/04/2021 01:00,0,0
11/04/2021 02:00,0,0
11/04/2021 03:00,0,0
11/04/2021 04:00,0,0
11/04/2021 05:00,0,0
11/04/2021 06:00,0,0
11/04/2021 07:00,0,0
11/04/2021 08:00,0,0
11/04/2021 09:00,0,0
11/04/2021 10:00,0,0
11/04/2021 11:00,0,0
11/04/2021 12:00,0,0
11/04/2021 13:00,0,0
11/04/2021 14:00,0,0
11/04/2021 15:00,0,0
11/04/2021 16:00,0,0
11/04/2021 17:00,0,0
11/04/2021 18:00,0,0
11/04/2021 19:00,0,0
11/04/2021 20:00,0,0
11/04/2021 21:00,0,0
11/04/2021 22:00,0,0
11/04/2021 23:00,0,0
12/04/2021 00:00,0,0
12/04/2021 01:00,0,0
12/04/2021 02:00,0,0
12/04/2021 03:00,0,0
12/04/2021 04:00,0,0
12/04/2021 05:00,0,0
12/04/2021 06:00,3.2971,4.05
12/04/2021 07:00,0.6722,1.33
12/04/2021 08:00,0,0
12/04/2021 09:00,0.564,0
12/04/2021 10:00,0,0
12/04/2021 11:00,0,0
12/04/2021 12:00,0,0
12/04/2021 13:00,0.1125,0
12/04/2021 14:00,0,0
12/04/2021 15:00,0,0
12/04/2021 16:00,0,0
12/04/2021 17:00,0,0
12/04/2021 18:00,0,0
12/04/2021 19:00,0,0
12/04/2021 20:00,0,0
12/04/2021 21:00,0,0
12/04/2021 22:00,0,0
12/04/2021 23:00,0,0
13/04/2021 00:00,0,0
13/04/2021 01:00,0,3.71
13/04/2021 02:00,0,0.74
13/04/2021 03:00,0,2.7
13/04/2021 04:00,0,0
13/04/2021 05:00,0,0
13/04/2021 06:00,0.7064,0
13/04/2021 07:00,0,0
13/04/2021 08:00,3.6818,1.48
13/04/2021 09:00,0,0
13/04/2021 10:00,0,0
13/04/2021 11:00,0,0
13/04/2021 12:00,0,0
13/04/2021 13:00,0,0
13/04/2021 14:00,0,1.57
13/04/2021 15:00,0,2.52
13/04/2021 16:00,0,0
13/04/2021 17:00,0,0
13/04/2021 18:00,0,0
13/04/2021 19:00,0,0
13/04/2021 20:00,0,0
13/04/2021 21:00,0,0
13/04/2021 22:00,0,0
13/04/2021 23:00,0,0
14/04/2021 00:00,0,0
14/04/2021 01:00,0,0
14/04/2021 02:00,0,0
14/04/2021 03:00,0,0
14/04/2021 04:00,0,0
14/04/2021 05:00,0,0
14/04/2021 06:00,0,0.42
14/04/2021 07:00,0,3.38
14/04/2021 08:00,0,0
14/04/2021 09:00,1.1754,0
14/04/2021 10:00,0,0
14/04/2021 11:00,0,0
14/04/2021 12:00,0,0
14/04/2021 13:00,0,0
14/04/2021 14:00,0,0.7
14/04/2021 15:00,0,0
14/04/2021 16:00,3.631,0
14/04/2021 17:00,0,0
14/04/2021 18:00,0,0
14/04/2021 19:00,0,0
14/04/2021 20:00,0,0
14/04/2021 21:00,0,0
14/04/2021 22:00,0,0
14/04/2021 23:00,0,0
15/04/2021 00:00,0,0
15/04/2021 01:00,0,0
15/04/2021 02:00,0,0
15/04/2021 03:00,0,0
15/04/2021 04:00,0.2261,0
15/04/2021 05:00,4.7512,0
15/04/2021 06:00,0,4.12
15/04/2021 07:00,0,0.8
15/04/2021 08:00,0,0
15/04/2021 09:00,0,0
15/04/2021 10:00,0,0
15/04/2021 11:00,0,0
15/04/2021 12:00,0,0
15/04/2021 13:00,0,0
15/04/2021 14:00,0,0
15/04/2021 15:00,0.6075,0
15/04/2021 16:00,0,0
15/04/2021 17:00,0,0
15/04/2021 18:00,0,0
15/04/2021 19:00,0,0
15/04/2021 20:00,0,0
15/04/2021 21:00,0,0
15/04/2021 22:00,0,0
15/04/2021 23:00,0,0
16/04/2021 00:00,0,0
16/04/2021 01:00,0,0
16/04/2021 02:00,0,0
16/04/2021 03:00,0,0
16/04/2021 04:00,0.4579,0
16/04/2021 05:00,0,0
16/04/2021 06:00,1.8962,0
16/04/2021 07:00,1.5968,5.07
16/04/2021 08:00,0,0
16/04/2021 09:00,0,0
16/04/2021 10:00,0,0
16/04/2021 11:00,0,0
16/04/2021 12:00,0,2.92
16/04/2021 13:00,0,0
16/04/2021 14:00,0,0
16/04/2021 15:00,0,0
16/04/2021 16:00,0,0
16/04/2021 17:00,0,0
16/04/2021 18:00,0,0.12
16/04/2021 19:00,0,0
16/04/2021 20:00,0,0
16/04/2021 21:00,0,2.88
16/04/2021 22:00,0,0
16/04/2021 23:00,0,0
17/04/2021 00:00,0,0
17/04/2021 01:00,0,0
17/04/2021 02:00,0,0
17/04/2021 03:00,0,0
17/04/2021 04:00,1.4669,0
17/04/2021 05:00,0.6668,0
17/04/2021 06:00,0,0
17/04/2021 07:00,0,0
17/04/2021 08:00,0,0
17/04/2021 09:00,0,0
17/04/2021 10:00,0,0
17/04/2021 11:00,0,0
17/04/2021 12:00,0.7311,0
17/04/2021 13:00,2.5394,0
17/04/2021 14:00,0,0
17/04/2021 15:00,0,0
17/04/2021 16:00,0,0
17/04/2021 17:00,0,0
17/04/2021 18:00,5.1223,0
17/04/2021 19:00,1.2441,0
17/04/2021 20:00,0,0
17/04/2021 21:00,0,0
17/04/2021 22:00,0,0
17/04/2021 23:00,0,0
18/04/2021 00:00,0,0
18/04/2021 01:00,0,0
18/04/2021 02:00,0,0
18/04/2021 03:00,0,0
18/04/2021 04:00,0,0
18/04/2021 05:00,0,0
18/04/2021 06:00,0,0
18/04/2021 07:00,0,0
18/04/2021 08:00,0,0
18/04/2021 09:00,0,0
18/04/2021 10:00,0,0
18/04/2021 11:00,0,0
18/04/2021 12:00,0,0
18/04/2021 13:00,0,0
18/04/2021 14:00,0,0
18/04/2021 15:00,0,0
18/04/2021 16:00,0,0
18/04/2021 17:00,0,0
18/04/2021 18:00,0,0
18/04/2021 19:00,0,0
18/04/2021 20:00,0,0
18/04/2021 21:00,0,0
18/04/2021 22:00,0,0
18/04/2021 23:00,0,0
19/04/2021 00:00,0,0
19/04/2021 01:00,0,0
19/04/2021 02:00,0,0
19/04/2021 03:00,0,0
19/04/2021 04:00,0,0
19/04/2021 05:00,0,0
19/04/2021 06:00,0,0.7
19/04/2021 07:00,0,1.57
19/04/2021 08:00,0,0
19/04/2021 09:00,0,0
19/04/2021 10:00,0,0
19/04/2021 11:00,0,0
19/04/2021 12:00,0,0
19/04/2021 13:00,4.9482,0
19/04/2021 14:00,0.2535,1.19
19/04/2021 15:00,0,1.42
19/04/2021 16:00,0,0
19/04/2021 17:00,0,0
19/04/2021 18:00,0,0
19/04/2021 19:00,0,0.67
19/04/2021 20:00,0,0
19/04/2021 21:00,0,0
19/04/2021 22:00,0,0
19/04/2021 23:00,0,0
20/04/2021 00:00,0,0
20/04/2021 01:00,0,0
20/04/2021 02:00,0,0
20/04/2021 03:00,0,0
20/04/2021 04:00,0,0
20/04/2021 05:00,0.3313,0
20/04/2021 06:00,0,0
20/04/2021 07:00,0,0
20/04/2021 08:00,0,0
20/04/2021 09:00,0,0
20/04/2021 10:00,0,0
20/04/2021 11:00,0,0
20/04/2021 12:00,0,0
20/04/2021 13:00,0,0
20/04/2021 14:00,0,0
20/04/2021 15:00,4.5688,0
20/04/2021 16:00,0,0.83
20/04/2021 17:00,0,3.36
20/04/2021 18:00,0,0
20/04/2021 19:00,0,0
20/04/2021 20:00,0,0
20/04/2021 21:00,0,0
20/04/2021 22:00,0,0
20/04/2021 23:00,0,0
21/04/2021 00:00,0,0
21/04/2021 01:00,0,0
21/04/2021 02:00,0,0
21/04/2021 03:00,0,0
21/04/2021 04:00,0,0
21/04/2021 05:00,0,0
21/04/2021 06:00,0,1.33
21/04/2021 07:00,0,0
21/04/2021 08:00,0,2.86
21/04/2021 09:00,0,0.71
21/04/2021 10:00,0,0
21/04/2021 11:00,0,0
21/04/2021 12:00,0,0
21/04/2021 13:00,5.1445,0
21/04/2021 14:00,0,0
21/04/2021 15:00,0.4437,0
21/04/2021 16:00,0,0
21/04/2021 17:00,0,0
21/04/2021 18:00,0,0
21/04/2021 19:00,0,0
21/04/2021 20:00,0,0
21/04/2021 21:00,0,0
21/04/2021 22:00,0,0
21/04/2021 23:00,0,0
22/04/2021 00:00,0,0
22/04/2021 01:00,0,0
22/04/2021 02:00,0,0
22/04/2021 03:00,0,0
22/04/2021 04:00,0,0
22/04/2021 05:00,0.4529,0
22/04/2021 06:00,1.9486,2.26
22/04/2021 07:00,3.1664,1.22
22/04/2021 08:00,0,0
22/04/2021 09:00,0,0
22/04/2021 10:00,0,0
22/04/2021 11:00,0,0
22/04/2021 12:00,0,0
22/04/2021 13:00,0,0
22/04/2021 14:00,0,0
22/04/2021 15:00,0,0
22/04/2021 16:00,0,0
22/04/2021 17:00,0,1.57
22/04/2021 18:00,0,0
22/04/2021 19:00,0,0
22/04/2021 20:00,0,0
22/04/2021 21:00,0,0
22/04/2021 22:00,0,0
22/04/2021 23:00,0,0
23/04/2021 00:00,0,0
23/04/2021 01:00,0,0
23/04/2021 02:00,0,0
23/04/2021 03:00,0,0
23/04/2021 04:00,0,0
23/04/2021 05:00,0,0
23/04/2021 06:00,0,3.48
23/04/2021 07:00,0,0
23/04/2021 08:00,0.4125,1.58
23/04/2021 09:00,0,0
23/04/2021 10:00,0,0
23/04/2021 11:00,0,0
23/04/2021 12:00,0,0
23/04/2021 13:00,0.4525,0
23/04/2021 14:00,0.5667,0
23/04/2021 15:00,3.5301,0
23/04/2021 16:00,0.9489,0
23/04/2021 17:00,0,0
23/04/2021 18:00,0,0
23/04/2021 19:00,0,0
23/04/2021 20:00,0,0
23/04/2021 21:00,0,0
23/04/2021 22:00,0,0
23/04/2021 23:00,0,0
24/04/2021 00:00,0,0
24/04/2021 01:00,0,0
24/04/2021 02:00,0,0
24/04/2021 03:00,0,0
24/04/2021 04:00,0,0
24/04/2021 05:00,0,0
24/04/2021 06:00,0,0
24/04/2021 07:00,0,0
24/04/2021 08:00,1.1574,0
24/04/2021 09:00,0,0
24/04/2021 10:00,0,0
24/04/2021 11:00,0,0
24/04/2021 12:00,0,0
24/04/2021 13:00,0,0
24/04/2021 14:00,0,0
24/04/2021 15:00,0,0
24/04/2021 16:00,1.3892,0
24/04/2021 17:00,8.1012,0
24/04/2021 18:00,2.0441,0
24/04/2021 19:00,0,0
24/04/2021 20:00,0,0
24/04/2021 21:00,0.702,0
24/04/2021 22:00,1.4041,1.67
24/04/2021 23:00,0,0
25/04/2021 00:00,0,0
25/04/2021 01:00,0,0
25/04/2021 02:00,0,0
25/04/2021 03:00,0,0
25/04/2021 04:00,0,0
25/04/2021 05:00,0,0
25/04/2021 06:00,0,0
25/04/2021 07:00,0,0
25/04/2021 08:00,0,0
25/04/2021 09:00,0,0
25/04/2021 10:00,0,0
25/04/2021 11:00,0,0
25/04/2021 12:00,0,0
25/04/2021 13:00,0,0
25/04/2021 14:00,0,0
25/04/2021 15:00,0,0
25/04/2021 16:00,0,0
25/04/2021 17:00,0,0
25/04/2021 18:00,0,0
25/04/2021 19:00,0,0
25/04/2021 20:00,0,0
25/04/2021 21:00,0,0
25/04/2021 22:00,0,0
25/04/2021 23:00,0,0
26/04/2021 00:00,0,0
26/04/2021 01:00,0,0
26/04/2021 02:00,0,0
26/04/2021 03:00,0,0
26/04/2021 04:00,0,0
26/04/2021 05:00,0,0
26/04/2021 06:00,0,2.86
26/04/2021 07:00,0,0
26/04/2021 08:00,1.1433,0
26/04/2021 09:00,2.9238,0
26/04/2021 10:00,0,0
26/04/2021 11:00,0,0
26/04/2021 12:00,0,0
26/04/2021 13:00,0,0
26/04/2021 14:00,0.1209,0
26/04/2021 15:00,0.7203,0
26/04/2021 16:00,0,0
26/04/2021 17:00,0,0
26/04/2021 18:00,0,0
26/04/2021 19:00,0,0
26/04/2021 20:00,0,0
26/04/2021 21:00,0,0
26/04/2021 22:00,0,0
26/04/2021 23:00,0,0
27/04/2021 00:00,0,0
27/04/2021 01:00,0.6774,0
27/04/2021 02:00,0,0
27/04/2021 03:00,0,0
27/04/2021 04:00,0,3.39
27/04/2021 05:00,4.4587,0.21
27/04/2021 06:00,0,2.3
27/04/2021 07:00,0,0
27/04/2021 08:00,0,0
27/04/2021 09:00,0.6981,0
27/04/2021 10:00,0,0.63
27/04/2021 11:00,0,5.83
27/04/2021 12:00,0,0.22
27/04/2021 13:00,0,0
27/04/2021 14:00,0,0
27/04/2021 15:00,0,0
27/04/2021 16:00,0,0
27/04/2021 17:00,0,0
27/04/2021 18:00,0,0
27/04/2021 19:00,0,0
27/04/2021 20:00,5.2569,0
27/04/2021 21:00,0,0
27/04/2021 22:00,1.5812,0
27/04/2021 23:00,0,0
28/04/2021 00:00,0,0
28/04/2021 01:00,0,0
28/04/2021 02:00,0,0
28/04/2021 03:00,0,0
28/04/2021 04:00,0,0
28/04/2021 05:00,4.3749,0
28/04/2021 06:00,0,0
28/04/2021 07:00,0,0
28/04/2021 08:00,0.9746,0
28/04/2021 09:00,0,0
28/04/2021 10:00,0,0
28/04/2021 11:00,0,0
28/04/2021 12:00,0,0
28/04/2021 13:00,0,0
28/04/2021 14:00,0,0
28/04/2021 15:00,0,0.38
28/04/2021 16:00,0,4.09
28/04/2021 17:00,0,0.39
28/04/2021 18:00,0,0
28/04/2021 19:00,0,0
28/04/2021 20:00,0,0
28/04/2021 21:00,0,0
28/04/2021 22:00,0,0
28/04/2021 23:00,0,0
29/04/2021 00:00,0,0
29/04/2021 01:00,0,0
29/04/2021 02:00,0,0
29/04/2021 03:00,0,0
29/04/2021 04:00,0,0
29/04/2021 05:00,0.8938,0
29/04/2021 06:00,3.1781,0
29/04/2021 07:00,0,0
29/04/2021 08:00,1.0512,3.52
29/04/2021 09:00,0,0
29/04/2021 10:00,0,0
29/04/2021 11:00,0,0
29/04/2021 12:00,0,0
29/04/2021 13:00,0,0
29/04/2021 14:00,0,0
29/04/2021 15:00,0,0
29/04/2021 16:00,0,0
29/04/2021 17:00,0,0
29/04/2021 18:00,0,0.42
29/04/2021 19:00,0,0
29/04/2021 20:00,0,0
29/04/2021 21:00,0,0
29/04/2021 22:00,0,0
29/04/2021 23:00,0,0
30/04/2021 00:00,2.6741,0
30/04/2021 01:00,0,0
30/04/2021 02:00,0,0
30/04/2021 03:00,0,2.05
30/04/2021 04:00,0,0
30/04/2021 05:00,0,0
30/04/2021 06:00,0,0
30/04/2021 07:00,0,0
30/04/2021 08:00,2.9031,0
30/04/2021 09:00,2.253,0
30/04/2021 10:00,3.5189,0
30/04/2021 11:00,0,0
30/04/2021 12:00,0,0
30/04/2021 13:00,0,0
30/04/2021 14:00,1.8268,0
30/04/2021 15:00,2.8951,0
30/04/2021 16:00,0,0
30/04/2021 17:00,0,0
30/04/2021 18:00,0,0
30/04/2021 19:00,0,0
30/04/2021 20:00,0,0
30/04/2021 21:00,0,0
30/04/2021 22:00,0,0
30/04/2021 23:00,0,0
01/05/2021 00:00,0,0
01/05/2021 01:00,0,0
01/05/2021 02:00,0,0
01/05/2021 03:00,0,0
01/05/2021 04:00,0,1.92
01/05/2021 05:00,0,0
01/05/2021 06:00,0,0
01/05/2021 07:00,0,0
01/05/2021 08:00,0.9222,0
01/05/2021 09:00,8.9869,0
01/05/2021 10:00,0,6.87
01/05/2021 11:00,0,0
01/05/2021 12:00,0,0
01/05/2021 13:00,2.63,0
01/05/2021 14:00,0,0
01/05/2021 15:00,0,0
01/05/2021 16:00,0,0
01/05/2021 17:00,0,0
01/05/2021 18:00,0,0
01/05/2021 19:00,0,0
01/05/2021 20:00,0,3.74
01/05/2021 21:00,0,0
01/05/2021 22:00,0,0
01/05/2021 23:00,0,0
02/05/2021 00:00,0,0
02/05/2021 01:00,0,0
02/05/2021 02:00,0,0
02/05/2021 03:00,0,0
02/05/2021 04:00,0,0
02/05/2021 05:00,0,0
02/05/2021 06:00,0,0
02/05/2021 07:00,0,0
02/05/2021 08:00,0,0
02/05/2021 09:00,0,0
02/05/2021 10:00,7.942,0
02/05/2021 11:00,4.3091,0
02/05/2021 12:00,0,0
02/05/2021 13:00,0,0
02/05/2021 14:00,0,0
02/05/2021 15:00,0,0
02/05/2021 16:00,0,0
02/05/2021 17:00,0,0
02/05/2021 18:00,3.3189,0
02/05/2021 19:00,0,0
02/05/2021 20:00,0,0
02/05/2021 21:00,0,0
02/05/2021 22:00,0,0
02/05/2021 23:00,0,0
03/05/2021 00:00,0,0
03/05/2021 01:00,0,0
03/05/2021 02:00,2.2696,0
03/05/2021 03:00,0,0
03/05/2021 04:00,0,0
03/05/2021 05:00,0,0
03/05/2021 06:00,0,0
03/05/2021 07:00,0,0
03/05/2021 08:00,0,0
03/05/2021 09:00,0,0
03/05/2021 10:00,0,0
03/05/2021 11:00,0,0
03/05/2021 12:00,0,0
03/05/2021 13:00,0,0
03/05/2021 14:00,0,0
03/05/2021 15:00,0,0
03/05/2021 16:00,0,0
03/05/2021 17:00,0,0
03/05/2021 18:00,0,0
03/05/2021 19:00,0,0
03/05/2021 20:00,0,0
03/05/2021 21:00,0,2.37
03/05/2021 22:00,0,0
03/05/2021 23:00,0,0
04/05/2021 00:00,0,0
04/05/2021 01:00,0,0
04/05/2021 02:00,0,0
04/05/2021 03:00,0,0
04/05/2021 04:00,0,2.97
04/05/2021 05:00,0,1.7
04/05/2021 06:00,0.7861,0
04/05/2021 07:00,0.4599,0
04/05/2021 08:00,0.3533,0
04/05/2021 09:00,4.6015,0.13
04/05/2021 10:00,0,0
04/05/2021 11:00,2.8676,0
04/05/2021 12:00,0,0
04/05/2021 13:00,0,0
04/05/2021 14:00,0,0
04/05/2021 15:00,0,0
04/05/2021 16:00,0,0
04/05/2021 17:00,0,0
04/05/2021 18:00,0,0
04/05/2021 19:00,5.5911,0
04/05/2021 20:00,0,0
04/05/2021 21:00,0,0
04/05/2021 22:00,0,0
04/05/2021 23:00,0,0
05/05/2021 00:00,0,0
05/05/2021 01:00,0,0
05/05/2021 02:00,0,0
05/05/2021 03:00,0,0
05/05/2021 04:00,0,0
05/05/2021 05:00,0,0
05/05/2021 06:00,0.4229,0.45
05/05/2021 07:00,0,0
05/05/2021 08:00,0,0
05/05/2021 09:00,0,0
05/05/2021 10:00,0,0
05/05/2021 11:00,0,0
05/05/2021 12:00,0,0
05/05/2021 13:00,0,0
05/05/2021 14:00,5.8573,0
05/05/2021 15:00,0,0
05/05/2021 16:00,0,1.21
05/05/2021 17:00,0,5.07
05/05/2021 18:00,0,0
05/05/2021 19:00,0,0
05/05/2021 20:00,0,0
05/05/2021 21:00,0,0
05/05/2021 22:00,0,0
05/05/2021 23:00,2.9727,0
06/05/2021 00:00,4.7214,0
06/05/2021 01:00,0,0
06/05/2021 02:00,0,0
06/05/2021 03:00,0,0
06/05/2021 04:00,0,0
06/05/2021 05:00,0,0
06/05/2021 06:00,0,0
06/05/2021 07:00,0.7822,0
06/05/2021 08:00,0.2258,0
06/05/2021 09:00,0,0
06/05/2021 10:00,0.8939,0
06/05/2021 11:00,0,0
06/05/2021 12:00,0,0
06/05/2021 13:00,0,0
06/05/2021 14:00,0,5.85
06/05/2021 15:00,0,0.26
06/05/2021 16:00,0,0.51
06/05/2021 17:00,5.1509,0
06/05/2021 18:00,0,0
06/05/2021 19:00,0,0
06/05/2021 20:00,0,0
06/05/2021 21:00,0,0
06/05/2021 22:00,0,0
06/05/2021 23:00,0,0
07/05/2021 00:00,0,0
07/05/2021 01:00,0,0
07/05/2021 02:00,0,0
07/05/2021 03:00,0,0
07/05/2021 04:00,0,0
07/05/2021 05:00,0,0
07/05/2021 06:00,0,0
07/05/2021 07:00,0,3.48
07/05/2021 08:00,0,0
07/05/2021 09:00,0,0
07/05/2021 10:00,0,0
07/05/2021 11:00,0,0
07/05/2021 12:00,0,0
07/05/2021 13:00,1.3865,0
07/05/2021 14:00,0,0
07/05/2021 15:00,4.7571,1.9
07/05/2021 16:00,0,0
07/05/2021 17:00,0,0
07/05/2021 18:00,0,0
07/05/2021 19:00,0.5797,0
07/05/2021 20:00,4.5681,0
07/05/2021 21:00,0.9616,0
07/05/2021 22:00,0,0
07/05/2021 23:00,0,0
08/05/2021 00:00,0,0
08/05/2021 01:00,0,0
08/05/2021 02:00,0,0
08/05/2021 03:00,0,0
08/05/2021 04:00,0,0
08/05/2021 05:00,0,0
08/05/2021 06:00,0,0
08/05/2021 07:00,0,0
08/05/2021 08:00,0,0
08/05/2021 09:00,0,0
08/05/2021 10:00,0,0
08/05/2021 11:00,0,0
08/05/2021 12:00,0,0
08/05/2021 13:00,0,0
08/05/2021 14:00,0,0
08/05/2021 15:00,0,0
08/05/2021 16:00,0,0
08/05/2021 17:00,0,0
08/05/2021 18:00,0,0
08/05/2021 19:00,0,0
08/05/2021 20:00,0,0
08/05/2021 21:00,0,0
08/05/2021 22:00,1.7569,0
08/05/2021 23:00,0,0
09/05/2021 00:00,0,0
09/05/2021 01:00,0,0
09/05/2021 02:00,0,0
09/05/2021 03:00,0,0
09/05/2021 04:00,0,0
09/05/2021 05:00,0,0
09/05/2021 06:00,0,0
09/05/2021 07:00,0,0
09/05/2021 08:00,0,0
09/05/2021 09:00,0,0
09/05/2021 10:00,0,0
09/05/2021 11:00,0,0
09/05/2021 12:00,0,0
09/05/2021 13:00,0,0
09/05/2021 14:00,0,0
09/05/2021 15:00,0,0
09/05/2021 16:00,0,0
09/05/2021 17:00,0,0
09/05/2021 18:00,0,0
09/05/2021 19:00,0,0
09/05/2021 20:00,0,0
09/05/2021 21:00,0,0
09/05/2021 22:00,0,0
09/05/2021 23:00,0,0
10/05/2021 00:00,0,0
10/05/2021 01:00,0,0
10/05/2021 02:00,0,0
10/05/2021 03:00,0,0
10/05/2021 04:00,0,0
10/05/2021 05:00,0,0
10/05/2021 06:00,4.3546,0
10/05/2021 07:00,0,0
10/05/2021 08:00,0,0
10/05/2021 09:00,0.9292,0
10/05/2021 10:00,0,0
10/05/2021 11:00,0.1292,0
10/05/2021 12:00,0,0
10/05/2021 13:00,0,0
10/05/2021 14:00,0,4.34
10/05/2021 15:00,0,0.38
10/05/2021 16:00,0,1.62
10/05/2021 17:00,0,0
10/05/2021 18:00,0,0.11
10/05/2021 19:00,0.7497,0
10/05/2021 20:00,4.84,0
10/05/2021 21:00,0,0
10/05/2021 22:00,0,0
10/05/2021 23:00,0,0
11/05/2021 00:00,0,0
11/05/2021 01:00,0,0
11/05/2021 02:00,0,0
11/05/2021 03:00,0,0
11/05/2021 04:00,0,0
11/05/2021 05:00,0,3.84
11/05/2021 06:00,0,0
11/05/2021 07:00,2.613,0
11/05/2021 08:00,2.4575,1.49
11/05/2021 09:00,0,0
11/05/2021 10:00,0,0
11/05/2021 11:00,0,0
11/05/2021 12:00,0,0
11/05/2021 13:00,0,0
11/05/2021 14:00,0,0
11/05/2021 15:00,0.7771,0
11/05/2021 16:00,0,0
11/05/2021 17:00,0,0
11/05/2021 18:00,0,0
11/05/2021 19:00,0,0
11/05/2021 20:00,0,0
11/05/2021 21:00,0,0
11/05/2021 22:00,0,0
11/05/2021 23:00,0,0
12/05/2021 00:00,0,0
12/05/2021 01:00,0,0
12/05/2021 02:00,0,0
12/05/2021 03:00,0,0
12/05/2021 04:00,0,0
12/05/2021 05:00,2.4666,3.26
12/05/2021 06:00,1.6086,0
12/05/2021 07:00,0,0
12/05/2021 08:00,0,0
12/05/2021 09:00,0,0
12/05/2021 10:00,0,0
12/05/2021 11:00,0,0
12/05/2021 12:00,0,0
12/05/2021 13:00,0,0
12/05/2021 14:00,1.6162,0
12/05/2021 15:00,0,0
12/05/2021 16:00,0,0
12/05/2021 17:00,0,0
12/05/2021 18:00,0,0.89
12/05/2021 19:00,0,0
12/05/2021 20:00,0,0
12/05/2021 21:00,0,0
12/05/2021 22:00,0,0
12/05/2021 23:00,0,0
13/05/2021 00:00,0,0
13/05/2021 01:00,0,0
13/05/2021 02:00,0,0
13/05/2021 03:00,0,0
13/05/2021 04:00,0,0
13/05/2021 05:00,0,0
13/05/2021 06:00,0,0
13/05/2021 07:00,0,0
13/05/2021 08:00,3.3367,4.19
13/05/2021 09:00,2.3654,0
13/05/2021 10:00,0,0
13/05/2021 11:00,0,0
13/05/2021 12:00,0,0
13/05/2021 13:00,0,0.52
13/05/2021 14:00,0,0
13/05/2021 15:00,0,0
13/05/2021 16:00,0,0
13/05/2021 17:00,0.3187,0
13/05/2021 18:00,0,0
13/05/2021 19:00,0,0
13/05/2021 20:00,0,0
13/05/2021 21:00,0,0
13/05/2021 22:00,0,0
13/05/2021 23:00,0,0
14/05/2021 00:00,0,0
14/05/2021 01:00,0,0
14/05/2021 02:00,0,0
14/05/2021 03:00,0,0
14/05/2021 04:00,0,0
14/05/2021 05:00,0,0
14/05/2021 06:00,0,0
14/05/2021 07:00,0.1182,0
14/05/2021 08:00,0,0
14/05/2021 09:00,0,0
14/05/2021 10:00,0,0
14/05/2021 11:00,0,0
14/05/2021 12:00,0,0
14/05/2021 13:00,5.8395,0
14/05/2021 14:00,0,1.13
14/05/2021 15:00,0,2.86
14/05/2021 16:00,0,0
14/05/2021 17:00,0,0.12
14/05/2021 18:00,0,0
14/05/2021 19:00,0,0
14/05/2021 20:00,0,0
14/05/2021 21:00,0,0
14/05/2021 22:00,0,0
14/05/2021 23:00,0.4989,0
15/05/2021 00:00,1.6964,1.81
15/05/2021 01:00,0,0
15/05/2021 02:00,0,0
15/05/2021 03:00,0,0
15/05/2021 04:00,0,0
15/05/2021 05:00,0,0
15/05/2021 06:00,0,0
15/05/2021 07:00,0,0
15/05/2021 08:00,0,0
15/05/2021 09:00,0,0
15/05/2021 10:00,0,0
15/05/2021 11:00,0,0
15/05/2021 12:00,0,0
15/05/2021 13:00,0,0
15/05/2021 14:00,0,0
15/05/2021 15:00,0,0
15/05/2021 16:00,0,0
15/05/2021 17:00,0,0
15/05/2021 18:00,0,0
15/05/2021 19:00,0,0
15/05/2021 20:00,0,0
15/05/2021 21:00,0,0
15/05/2021 22:00,0,0
15/05/2021 23:00,0,0
16/05/2021 00:00,0,0
16/05/2021 01:00,0,0
16/05/2021 02:00,0,0
16/05/2021 03:00,0,0
16/05/2021 04:00,0,0
16/05/2021 05:00,0,0
16/05/2021 06:00,0,0
16/05/2021 07:00,0,0
16/05/2021 08:00,0,0
16/05/2021 09:00,0,4.47
16/05/2021 10:00,0,3.76
16/05/2021 11:00,3.1201,0
16/05/2021 12:00,8.1782,0
16/05/2021 13:00,0,0
16/05/2021 14:00,0,0
16/05/2021 15:00,0,1.36
16/05/2021 16:00,0,2.99
16/05/2021 17:00,0,0
16/05/2021 18:00,0,0
16/05/2021 19:00,0,0
16/05/2021 20:00,0,0
16/05/2021 21:00,0,0
16/05/2021 22:00,0,0
16/05/2021 23:00,0,0
17/05/2021 00:00,0,0
17/05/2021 01:00,0,0
17/05/2021 02:00,0,0
17/05/2021 03:00,0,0
17/05/2021 04:00,0,0
17/05/2021 05:00,0,0
17/05/2021 06:00,0.7453,0.87
17/05/2021 07:00,0,0
17/05/2021 08:00,4.845,0
17/05/2021 09:00,0,0
17/05/2021 10:00,0,0
17/05/2021 11:00,0,0
17/05/2021 12:00,0,0
17/05/2021 13:00,0,0
17/05/2021 14:00,0,0
17/05/2021 15:00,0,0
17/05/2021 16:00,0,0
17/05/2021 17:00,0,3.87
17/05/2021 18:00,0,0.71
17/05/2021 19:00,0,0
17/05/2021 20:00,0,0
17/05/2021 21:00,0,0
17/05/2021 22:00,0,0
17/05/2021 23:00,0,0
18/05/2021 00:00,0,0
18/05/2021 01:00,0,0
18/05/2021 02:00,0,0
18/05/2021 03:00,0,0
18/05/2021 04:00,0,0
18/05/2021 05:00,3.5837,0
18/05/2021 06:00,0.3862,0
18/05/2021 07:00,0,1.58
18/05/2021 08:00,1.0544,0
18/05/2021 09:00,0,0
18/05/2021 10:00,0,0
18/05/2021 11:00,0,0
18/05/2021 12:00,0,0
18/05/2021 13:00,0,0
18/05/2021 14:00,0,0.1
18/05/2021 15:00,0,0
18/05/2021 16:00,0,4.52
18/05/2021 17:00,0,0
18/05/2021 18:00,0,0
18/05/2021 19:00,0,0
18/05/2021 20:00,0,0
18/05/2021 21:00,0,0
18/05/2021 22:00,0,0
18/05/2021 23:00,0,0
19/05/2021 00:00,0,0
19/05/2021 01:00,0,0
19/05/2021 02:00,0,0
19/05/2021 03:00,0,0
19/05/2021 04:00,0,0
19/05/2021 05:00,0,0
19/05/2021 06:00,0.9099,2.41
19/05/2021 07:00,4.0477,0
19/05/2021 08:00,0.221,0
19/05/2021 09:00,0,0
19/05/2021 10:00,0,0
19/05/2021 11:00,0,0
19/05/2021 12:00,0,0
19/05/2021 13:00,0,0
19/05/2021 14:00,0,0
19/05/2021 15:00,0,0.64
19/05/2021 16:00,0,4.58
19/05/2021 17:00,0,0
19/05/2021 18:00,0,0
19/05/2021 19:00,0,0
19/05/2021 20:00,0,0
19/05/2021 21:00,0,0
19/05/2021 22:00,0,0
19/05/2021 23:00,0,0
20/05/2021 00:00,0,0
20/05/2021 01:00,0,0.1
20/05/2021 02:00,0,3.51
20/05/2021 03:00,0,0
20/05/2021 04:00,0,0
20/05/2021 05:00,0,0
20/05/2021 06:00,0,0
20/05/2021 07:00,0.1355,0
20/05/2021 08:00,0,3.71
20/05/2021 09:00,1.1311,0
20/05/2021 10:00,0,4.58
20/05/2021 11:00,0,0
20/05/2021 12:00,0,0
20/05/2021 13:00,0,0
20/05/2021 14:00,1.9177,2.34
20/05/2021 15:00,2.9959,0
20/05/2021 16:00,0,0
20/05/2021 17:00,0,0
20/05/2021 18:00,0,0
20/05/2021 19:00,0,0
20/05/2021 20:00,0,0
20/05/2021 21:00,0,0
20/05/2021 22:00,0,0
20/05/2021 23:00,0,0
21/05/2021 00:00,0,0
21/05/2021 01:00,0,0
21/05/2021 02:00,0,0
21/05/2021 03:00,0,0
21/05/2021 04:00,0,0
21/05/2021 05:00,0,0
21/05/2021 06:00,0,0
21/05/2021 07:00,0,0
21/05/2021 08:00,1.1441,0
21/05/2021 09:00,0,0
21/05/2021 10:00,0,0
21/05/2021 11:00,0,0
21/05/2021 12:00,0,0
21/05/2021 13:00,0,0
21/05/2021 14:00,4.2478,0
21/05/2021 15:00,0,4.29
21/05/2021 16:00,0,0
21/05/2021 17:00,0,0
21/05/2021 18:00,0,2.04
21/05/2021 19:00,0,0
21/05/2021 20:00,0,0
21/05/2021 21:00,0,0
21/05/2021 22:00,0,0
21/05/2021 23:00,2.0622,0
22/05/2021 00:00,0,0
22/05/2021 01:00,0,0
22/05/2021 02:00,0,0
22/05/2021 03:00,0,0
22/05/2021 04:00,0,0
22/05/2021 05:00,0,0
22/05/2021 06:00,0,0
22/05/2021 07:00,0,0
22/05/2021 08:00,0,0
22/05/2021 09:00,0,0
22/05/2021 10:00,0,0
22/05/2021 11:00,0,0
22/05/2021 12:00,0,0
22/05/2021 13:00,0,0
22/05/2021 14:00,0,0
22/05/2021 15:00,0,0
22/05/2021 16:00,0,0
22/05/2021 17:00,0,0
22/05/2021 18:00,0,0
22/05/2021 19:00,0,0
22/05/2021 20:00,0,0
22/05/2021 21:00,0,0
22/05/2021 22:00,0,0
22/05/2021 23:00,0,1.88
23/05/2021 00:00,0,0
23/05/2021 01:00,0,0
23/05/2021 02:00,0,0
23/05/2021 03:00,0,0
23/05/2021 04:00,1.8204,0
23/05/2021 05:00,0,0
23/05/2021 06:00,0,0
23/05/2021 07:00,0,0
23/05/2021 08:00,0,0
23/05/2021 09:00,0,0
23/05/2021 10:00,0,4.87
23/05/2021 11:00,0,0
23/05/2021 12:00,0,0
23/05/2021 13:00,0,0
23/05/2021 14:00,0,0
23/05/2021 15:00,0,0
23/05/2021 16:00,0,0
23/05/2021 17:00,0,4.19
23/05/2021 18:00,0,2.11
23/05/2021 19:00,0,0
23/05/2021 20:00,0,0
23/05/2021 21:00,0,0
23/05/2021 22:00,0.3546,0
23/05/2021 23:00,0,0
24/05/2021 00:00,0,0
24/05/2021 01:00,0,0
24/05/2021 02:00,0,0
24/05/2021 03:00,0,0
24/05/2021 04:00,0,0
24/05/2021 05:00,0,0
24/05/2021 06:00,0.224,5.1
24/05/2021 07:00,0,0
24/05/2021 08:00,0,0
24/05/2021 09:00,0,0
24/05/2021 10:00,0,0
24/05/2021 11:00,0,0
24/05/2021 12:00,0,0
24/05/2021 13:00,0,0
24/05/2021 14:00,0,0
24/05/2021 15:00,1.6575,0.96
24/05/2021 16:00,3.8737,0
24/05/2021 17:00,0,0
24/05/2021 18:00,0,0
24/05/2021 19:00,0,0
24/05/2021 20:00,0,0
24/05/2021 21:00,0,0
24/05/2021 22:00,0,0
24/05/2021 23:00,0,0
25/05/2021 00:00,0,0
25/05/2021 01:00,0,0
25/05/2021 02:00,0,0
25/05/2021 03:00,0,0
25/05/2021 04:00,0,0
25/05/2021 05:00,0,0
25/05/2021 06:00,0,2.1
25/05/2021 07:00,0,1.8
25/05/2021 08:00,0,0
25/05/2021 09:00,0,2.15
25/05/2021 10:00,0,0.92
25/05/2021 11:00,0,0
25/05/2021 12:00,0,0
25/05/2021 13:00,1.5356,0
25/05/2021 14:00,0.3833,0
25/05/2021 15:00,0,0
25/05/2021 16:00,3.9267,0
25/05/2021 17:00,0,0
25/05/2021 18:00,0,0
25/05/2021 19:00,0,0
25/05/2021 20:00,0,0
25/05/2021 21:00,0,0
25/05/2021 22:00,0,0
25/05/2021 23:00,0,0
26/05/2021 00:00,0,0
26/05/2021 01:00,0,0
26/05/2021 02:00,0,0
26/05/2021 03:00,0,0
26/05/2021 04:00,0,4.87
26/05/2021 05:00,5.4661,1.29
26/05/2021 06:00,0,0
26/05/2021 07:00,0.8664,0
26/05/2021 08:00,0,0
26/05/2021 09:00,0,0
26/05/2021 10:00,0,0
26/05/2021 11:00,0,0
26/05/2021 12:00,0,0
26/05/2021 13:00,0,0
26/05/2021 14:00,0,0
26/05/2021 15:00,0,0.23
26/05/2021 16:00,0,0
26/05/2021 17:00,0,0
26/05/2021 18:00,0,0
26/05/2021 19:00,0,0
26/05/2021 20:00,0,0
26/05/2021 21:00,0,0
26/05/2021 22:00,0,0
26/05/2021 23:00,0,0
27/05/2021 00:00,0,0
27/05/2021 01:00,0,0
27/05/2021 02:00,0,0
27/05/2021 03:00,0,0
27/05/2021 04:00,0,0
27/05/2021 05:00,0,0
27/05/2021 06:00,0.1162,0.43
27/05/2021 07:00,3.303,0
27/05/2021 08:00,1.4204,0
27/05/2021 09:00,0,0
27/05/2021 10:00,0,0
27/05/2021 11:00,0,0
27/05/2021 12:00,0,0
27/05/2021 13:00,0,3.03
27/05/2021 14:00,0,3.18
27/05/2021 15:00,0,0
27/05/2021 16:00,0,0
27/05/2021 17:00,0,0
27/05/2021 18:00,0,0
27/05/2021 19:00,0,0
27/05/2021 20:00,0,0
27/05/2021 21:00,0,0
27/05/2021 22:00,0,0
27/05/2021 23:00,0,0
28/05/2021 00:00,0,0
28/05/2021 01:00,0,0
28/05/2021 02:00,0,0
28/05/2021 03:00,0,0
28/05/2021 04:00,0,0
28/05/2021 05:00,0,0
28/05/2021 06:00,0,0
28/05/2021 07:00,0,1.63
28/05/2021 08:00,0,0
28/05/2021 09:00,0,0
28/05/2021 10:00,0,0
28/05/2021 11:00,0,0
28/05/2021 12:00,0,0
28/05/2021 13:00,6.0869,0
28/05/2021 14:00,0.3631,0
28/05/2021 15:00,0.1168,4.87
28/05/2021 16:00,0,1.12
28/05/2021 17:00,0,0
28/05/2021 18:00,0,0
28/05/2021 19:00,0,0
28/05/2021 20:00,0,0
28/05/2021 21:00,0,0
28/05/2021 22:00,0,0
28/05/2021 23:00,0,0
29/05/2021 00:00,0,0
29/05/2021 01:00,0,0
29/05/2021 02:00,0,0
29/05/2021 03:00,0,0
29/05/2021 04:00,0,0
29/05/2021 05:00,0,0
29/05/2021 06:00,0,0
29/05/2021 07:00,0,0
29/05/2021 08:00,3.3532,0
29/05/2021 09:00,2.6274,0
29/05/2021 10:00,6.1839,0
29/05/2021 11:00,0,0
29/05/2021 12:00,0,0
29/05/2021 13:00,0,0
29/05/2021 14:00,0,0
29/05/2021 15:00,0,0
29/05/2021 16:00,0,0
29/05/2021 17:00,0,0
29/05/2021 18:00,0,0
29/05/2021 19:00,0,0
29/05/2021 20:00,0,0
29/05/2021 21:00,0,0
29/05/2021 22:00,0,0
29/05/2021 23:00,0,0
30/05/2021 00:00,0,0
30/05/2021 01:00,0,0
30/05/2021 02:00,0,0
30/05/2021 03:00,2.0363,0
30/05/2021 04:00,0,0
30/05/2021 05:00,0,0
30/05/2021 06:00,0,0
30/05/2021 07:00,0,0
30/05/2021 08:00,0,0
30/05/2021 09:00,0,0
30/05/2021 10:00,0,0
30/05/2021 11:00,0,0
30/05/2021 12:00,0,0
30/05/2021 13:00,0,0
30/05/2021 14:00,0,0
30/05/2021 15:00,0,4.03
30/05/2021 16:00,0,0
30/05/2021 17:00,0,3.34
30/05/2021 18:00,0,4.85
30/05/2021 19:00,0,0
30/05/2021 20:00,0,0
30/05/2021 21:00,0,0
30/05/2021 22:00,0,0
30/05/2021 23:00,0,0
31/05/2021 00:00,0,0
31/05/2021 01:00,0,0
31/05/2021 02:00,0,0
31/05/2021 03:00,0,0
31/05/2021 04:00,0,0
31/05/2021 05:00,5.2816,2.73
31/05/2021 06:00,0.1124,2.04
31/05/2021 07:00,0,0
31/05/2021 08:00,0.3443,0
31/05/2021 09:00,0,0
31/05/2021 10:00,0,0
31/05/2021 11:00,0,0
31/05/2021 12:00,0,0
31/05/2021 13:00,0,0
31/05/2021 14:00,0,0
31/05/2021 15:00,0,0
31/05/2021 16:00,0,0
31/05/2021 17:00,0,1.56
31/05/2021 18:00,0,0
31/05/2021 19:00,0,0
31/05/2021 20:00,0,0
31/05/2021 21:00,0,0
31/05/2021 22:00,0,0
31/05/2021 23:00,0,0
01/06/2021 00:00,0,0
01/06/2021 01:00,0,0
01/06/2021 02:00,0,0
01/06/2021 03:00,0,0
01/06/2021 04:00,0,0
01/06/2021 05:00,0,0
01/06/2021 06:00,0,0
01/06/2021 07:00,0,0
01/06/2021 08:00,5.0635,0
01/06/2021 09:00,0,0
01/06/2021 10:00,0,0
01/06/2021 11:00,0,0
01/06/2021 12:00,0,0
01/06/2021 13:00,0,0
01/06/2021 14:00,0.1417,1.1
01/06/2021 15:00,0,3.09
01/06/2021 16:00,0,1.76
01/06/2021 17:00,0,0
01/06/2021 18:00,0,0
01/06/2021 19:00,0,0
01/06/2021 20:00,0,0
01/06/2021 21:00,0,0
01/06/2021 22:00,0,0
01/06/2021 23:00,0,0
02/06/2021 00:00,0,0
02/06/2021 01:00,0,0
02/06/2021 02:00,0,0
02/06/2021 03:00,0,0
02/06/2021 04:00,0,0
02/06/2021 05:00,0,0.24
02/06/2021 06:00,0,0
02/06/2021 07:00,0,0
02/06/2021 08:00,0,4.03
02/06/2021 09:00,1.2928,0
02/06/2021 10:00,0,0
02/06/2021 11:00,0,0
02/06/2021 12:00,0,0
02/06/2021 13:00,0,0
02/06/2021 14:00,0.9194,0
02/06/2021 15:00,0,0
02/06/2021 16:00,0,0
02/06/2021 17:00,3.3939,0
02/06/2021 18:00,0,0
02/06/2021 19:00,0,0
02/06/2021 20:00,0,0
02/06/2021 21:00,0,0
02/06/2021 22:00,0,0
02/06/2021 23:00,0,0
03/06/2021 00:00,0,0
03/06/2021 01:00,0,0
03/06/2021 02:00,0,0
03/06/2021 03:00,0,0
03/06/2021 04:00,0,0
03/06/2021 05:00,0,0
03/06/2021 06:00,0,2.01
03/06/2021 07:00,0.2369,0.43
03/06/2021 08:00,0,0
03/06/2021 09:00,0,0
03/06/2021 10:00,0,0
03/06/2021 11:00,0,0
03/06/2021 12:00,0.5325,0
03/06/2021 13:00,5.4702,0
03/06/2021 14:00,0,0
03/06/2021 15:00,0,4.81
03/06/2021 16:00,0,0
03/06/2021 17:00,0,0
03/06/2021 18:00,0,0
03/06/2021 19:00,0,0
03/06/2021 20:00,0,0
03/06/2021 21:00,0,0
03/06/2021 22:00,0,0
03/06/2021 23:00,0,0
04/06/2021 00:00,0,2.08
04/06/2021 01:00,0,0
04/06/2021 02:00,0,0
04/06/2021 03:00,0,0
04/06/2021 04:00,0,0
04/06/2021 05:00,0,0
04/06/2021 06:00,3.6154,0
04/06/2021 07:00,1.9681,0
04/06/2021 08:00,0,2.13
04/06/2021 09:00,0,0
04/06/2021 10:00,0,2.87
04/06/2021 11:00,0,2.49
04/06/2021 12:00,0,0
04/06/2021 13:00,0.203,0
04/06/2021 14:00,0,0
04/06/2021 15:00,0,2.76
04/06/2021 16:00,0,0
04/06/2021 17:00,0,0
04/06/2021 18:00,0,0
04/06/2021 19:00,0,0
04/06/2021 20:00,0,0
04/06/2021 21:00,0,0
04/06/2021 22:00,0,0
04/06/2021 23:00,0,0
05/06/2021 00:00,0,0
05/06/2021 01:00,0,0
05/06/2021 02:00,0,0
05/06/2021 03:00,0,0
05/06/2021 04:00,0,0
05/06/2021 05:00,0,0
05/06/2021 06:00,0,0
05/06/2021 07:00,0.4464,0
05/06/2021 08:00,0,0
05/06/2021 09:00,0,0
05/06/2021 10:00,0,0
05/06/2021 11:00,0,0
05/06/2021 12:00,0,0
05/06/2021 13:00,0,0
05/06/2021 14:00,0,0
05/06/2021 15:00,1.2831,0
05/06/2021 16:00,7.5847,0
05/06/2021 17:00,0.8709,0
05/06/2021 18:00,0,0
05/06/2021 19:00,0,0
05/06/2021 20:00,0,0
05/06/2021 21:00,0,0
05/06/2021 22:00,1.8063,0
05/06/2021 23:00,0,0
06/06/2021 00:00,0,0
06/06/2021 01:00,0,0
06/06/2021 02:00,0,0
06/06/2021 03:00,0,1.85
06/06/2021 04:00,0,0
06/06/2021 05:00,0,0
06/06/2021 06:00,0,0
06/06/2021 07:00,0,0
06/06/2021 08:00,0,0
06/06/2021 09:00,0,0
06/06/2021 10:00,0,0
06/06/2021 11:00,0,0
06/06/2021 12:00,0,0
06/06/2021 13:00,0,0
06/06/2021 14:00,0,0
06/06/2021 15:00,0,0
06/06/2021 16:00,0,0
06/06/2021 17:00,0,0
06/06/2021 18:00,0,0
06/06/2021 19:00,0,0
06/06/2021 20:00,0,0
06/06/2021 21:00,0,0
06/06/2021 22:00,0,0
06/06/2021 23:00,0,0
07/06/2021 00:00,0,0
07/06/2021 01:00,0,0
07/06/2021 02:00,0,0
07/06/2021 03:00,0,4.99
07/06/2021 04:00,0,0
07/06/2021 05:00,0,0.34
07/06/2021 06:00,0,0
07/06/2021 07:00,1.2125,0
07/06/2021 08:00,0,0
07/06/2021 09:00,0,0
07/06/2021 10:00,0,0
07/06/2021 11:00,0,0
07/06/2021 12:00,0,3.59
07/06/2021 13:00,2.8444,0
07/06/2021 14:00,2.0091,0
07/06/2021 15:00,0,4.78
07/06/2021 16:00,0,0
07/06/2021 17:00,0,0
07/06/2021 18:00,0,0
07/06/2021 19:00,0,0
07/06/2021 20:00,0,0
07/06/2021 21:00,0,0
07/06/2021 22:00,0,0
07/06/2021 23:00,0,0
08/06/2021 00:00,0,0
08/06/2021 01:00,0,0
08/06/2021 02:00,0,0
08/06/2021 03:00,0,0
08/06/2021 04:00,0,0
08/06/2021 05:00,0,0
08/06/2021 06:00,0,0
08/06/2021 07:00,1.1128,0
08/06/2021 08:00,0,0
08/06/2021 09:00,0,0
08/06/2021 10:00,0,0
08/06/2021 11:00,0,0
08/06/2021 12:00,0,0
08/06/2021 13:00,6.4614,0
08/06/2021 14:00,0.3944,0
08/06/2021 15:00,0,3.49
08/06/2021 16:00,0,0
08/06/2021 17:00,0,0
08/06/2021 18:00,0,0
08/06/2021 19:00,0,1.22
08/06/2021 20:00,0,0
08/06/2021 21:00,0,0
08/06/2021 22:00,0,0
08/06/2021 23:00,0,0
09/06/2021 00:00,0,0.96
09/06/2021 01:00,0,2.33
09/06/2021 02:00,0,0
09/06/2021 03:00,0,0
09/06/2021 04:00,0,0
09/06/2021 05:00,0,0
09/06/2021 06:00,0.5867,0
09/06/2021 07:00,0,0
09/06/2021 08:00,0,0
09/06/2021 09:00,0,0
09/06/2021 10:00,0,0.86
09/06/2021 11:00,0,0
09/06/2021 12:00,0,0.42
09/06/2021 13:00,0,0
09/06/2021 14:00,0,2.04
09/06/2021 15:00,0,4.58
09/06/2021 16:00,0,0
09/06/2021 17:00,4.7056,0
09/06/2021 18:00,0.8886,0
09/06/2021 19:00,0,0
09/06/2021 20:00,0,0
09/06/2021 21:00,0,3.91
09/06/2021 22:00,0,0
09/06/2021 23:00,0,0
10/06/2021 00:00,0,0
10/06/2021 01:00,0,0
10/06/2021 02:00,0,0
10/06/2021 03:00,0,0
10/06/2021 04:00,0,0
10/06/2021 05:00,0,0
10/06/2021 06:00,0,0
10/06/2021 07:00,1.5203,0
10/06/2021 08:00,0,0.4
10/06/2021 09:00,0,0
10/06/2021 10:00,0,0
10/06/2021 11:00,0,0
10/06/2021 12:00,0,0
10/06/2021 13:00,0,0
10/06/2021 14:00,3.8451,0
10/06/2021 15:00,0.3694,2.92
10/06/2021 16:00,0,3.01
10/06/2021 17:00,0,0
10/06/2021 18:00,0,0
10/06/2021 19:00,0,0
10/06/2021 20:00,0,0
10/06/2021 21:00,0,0
10/06/2021 22:00,0,0
10/06/2021 23:00,0,0
11/06/2021 00:00,0,0
11/06/2021 01:00,0,0
11/06/2021 02:00,0,2.62
11/06/2021 03:00,0,2.29
11/06/2021 04:00,0,0
11/06/2021 05:00,0,0
11/06/2021 06:00,0,0.95
11/06/2021 07:00,0.3302,3.14
11/06/2021 08:00,4.3743,0
11/06/2021 09:00,1.7329,0
11/06/2021 10:00,0,0
11/06/2021 11:00,0,3.41
11/06/2021 12:00,0,0
11/06/2021 13:00,0,0
11/06/2021 14:00,0,0
11/06/2021 15:00,0,0
11/06/2021 16:00,0,0
11/06/2021 17:00,0,0.51
11/06/2021 18:00,0,0
11/06/2021 19:00,0,0
11/06/2021 20:00,0,0
11/06/2021 21:00,0,0
11/06/2021 22:00,0,0
11/06/2021 23:00,0,0
12/06/2021 00:00,0,0
12/06/2021 01:00,0,0
12/06/2021 02:00,0,0
12/06/2021 03:00,0,0
12/06/2021 04:00,0,0
12/06/2021 05:00,0,0
12/06/2021 06:00,0,0
12/06/2021 07:00,0,0
12/06/2021 08:00,0,0
12/06/2021 09:00,5.2711,0
12/06/2021 10:00,1.2704,0
12/06/2021 11:00,0,0
12/06/2021 12:00,0,0
12/06/2021 13:00,0,0
12/06/2021 14:00,0,0
12/06/2021 15:00,2.6617,0
12/06/2021 16:00,1.9712,0
12/06/2021 17:00,0,0
12/06/2021 18:00,0,0
12/06/2021 19:00,0,0
12/06/2021 20:00,0,0
12/06/2021 21:00,0,0
12/06/2021 22:00,0,0
12/06/2021 23:00,0,0
13/06/2021 00:00,0,0
13/06/2021 01:00,0,0
13/06/2021 02:00,0,0
13/06/2021 03:00,0,0
13/06/2021 04:00,0,0
13/06/2021 05:00,0,0
13/06/2021 06:00,0,0
13/06/2021 07:00,0,0
13/06/2021 08:00,0,0
13/06/2021 09:00,0,0
13/06/2021 10:00,0,0
13/06/2021 11:00,0,0
13/06/2021 12:00,0,3.96
13/06/2021 13:00,0,5.44
13/06/2021 14:00,0,0
13/06/2021 15:00,0,0
13/06/2021 16:00,0,0
13/06/2021 17:00,0,0
13/06/2021 18:00,0,0
13/06/2021 19:00,0,0
13/06/2021 20:00,0,0
13/06/2021 21:00,0,0
13/06/2021 22:00,2.3697,0
13/06/2021 23:00,0,0
14/06/2021 00:00,0,0
14/06/2021 01:00,0,0
14/06/2021 02:00,0,0
14/06/2021 03:00,0,0
14/06/2021 04:00,0,0
14/06/2021 05:00,0,0
14/06/2021 06:00,0,0
14/06/2021 07:00,0,0
14/06/2021 08:00,0.3869,0
14/06/2021 09:00,0,0
14/06/2021 10:00,0,0
14/06/2021 11:00,0,0
14/06/2021 12:00,0,0
14/06/2021 13:00,0,0
14/06/2021 14:00,0,0
14/06/2021 15:00,0,3.34
14/06/2021 16:00,5.3907,3.12
14/06/2021 17:00,0.632,0
14/06/2021 18:00,0,0
14/06/2021 19:00,0,0
14/06/2021 20:00,0,0
14/06/2021 21:00,0,0
14/06/2021 22:00,0,0
14/06/2021 23:00,0,0
15/06/2021 00:00,0,1.82
15/06/2021 01:00,0,0
15/06/2021 02:00,0,0
15/06/2021 03:00,0,0
15/06/2021 04:00,0,0
15/06/2021 05:00,0,0
15/06/2021 06:00,0.3793,3.36
15/06/2021 07:00,0,2.86
15/06/2021 08:00,0,0.64
15/06/2021 09:00,0,0
15/06/2021 10:00,0,1
15/06/2021 11:00,0,3.17
15/06/2021 12:00,0,0
15/06/2021 13:00,0,0
15/06/2021 14:00,0,0
15/06/2021 15:00,4.7986,0
15/06/2021 16:00,0,0
15/06/2021 17:00,0,0
15/06/2021 18:00,0,0
15/06/2021 19:00,0,0
15/06/2021 20:00,0,0
15/06/2021 21:00,0,0
15/06/2021 22:00,0,0
15/06/2021 23:00,0,0
16/06/2021 00:00,0,0
16/06/2021 01:00,1.276,0
16/06/2021 02:00,3.2701,0
16/06/2021 03:00,3.1674,0
16/06/2021 04:00,1.8951,0
16/06/2021 05:00,0.4316,0
16/06/2021 06:00,0,0.44
16/06/2021 07:00,3.7382,0
16/06/2021 08:00,0,4.85
16/06/2021 09:00,0,0
16/06/2021 10:00,0,0
16/06/2021 11:00,0,0
16/06/2021 12:00,0,0
16/06/2021 13:00,0,0
16/06/2021 14:00,0,0
16/06/2021 15:00,0,0
16/06/2021 16:00,0,0
16/06/2021 17:00,0,0
16/06/2021 18:00,0,0
16/06/2021 19:00,0,0
16/06/2021 20:00,0,0
16/06/2021 21:00,0,0
16/06/2021 22:00,0,0
16/06/2021 23:00,0,0
17/06/2021 00:00,0,0
17/06/2021 01:00,0,0
17/06/2021 02:00,0,0
17/06/2021 03:00,0,0
17/06/2021 04:00,0.6931,0
17/06/2021 05:00,0,0
17/06/2021 06:00,0,0
17/06/2021 07:00,0,0
17/06/2021 08:00,0,0
17/06/2021 09:00,0,0
17/06/2021 10:00,0,0
17/06/2021 11:00,0,0
17/06/2021 12:00,0,0
17/06/2021 13:00,2.6452,1.36
17/06/2021 14:00,3.1676,4.94
17/06/2021 15:00,0,0
17/06/2021 16:00,0,0.39
17/06/2021 17:00,0,0
17/06/2021 18:00,0,0
17/06/2021 19:00,0,0
17/06/2021 20:00,0,0
17/06/2021 21:00,0,0
17/06/2021 22:00,0,0
17/06/2021 23:00,0,0
18/06/2021 00:00,0,0
18/06/2021 01:00,0,0
18/06/2021 02:00,0,0
18/06/2021 03:00,0,0
18/06/2021 04:00,0,0
18/06/2021 05:00,0,1.09
18/06/2021 06:00,3.2003,0
18/06/2021 07:00,0.7444,0
18/06/2021 08:00,0,0
18/06/2021 09:00,0,0
18/06/2021 10:00,0,0
18/06/2021 11:00,0,0
18/06/2021 12:00,0,0
18/06/2021 13:00,0,0
18/06/2021 14:00,0,0
18/06/2021 15:00,1.8237,2.22
18/06/2021 16:00,0,2.45
18/06/2021 17:00,0,0
18/06/2021 18:00,0,0
18/06/2021 19:00,0,0
18/06/2021 20:00,0,0
18/06/2021 21:00,0,0
18/06/2021 22:00,0,0
18/06/2021 23:00,0,0
19/06/2021 00:00,0,0
19/06/2021 01:00,0,0
19/06/2021 02:00,0,0
19/06/2021 03:00,0,0
19/06/2021 04:00,0,0
19/06/2021 05:00,0,0
19/06/2021 06:00,2.5321,0
19/06/2021 07:00,0,0
19/06/2021 08:00,0,0
19/06/2021 09:00,0,0
19/06/2021 10:00,0,0
19/06/2021 11:00,0,0
19/06/2021 12:00,6.4571,0
19/06/2021 13:00,1.2777,0
19/06/2021 14:00,3.7177,0
19/06/2021 15:00,0,0
19/06/2021 16:00,0,0
19/06/2021 17:00,0,0
19/06/2021 18:00,0,0
19/06/2021 19:00,0,0
19/06/2021 20:00,0,0
19/06/2021 21:00,0,0
19/06/2021 22:00,0,0
19/06/2021 23:00,0,0
20/06/2021 00:00,0,0
20/06/2021 01:00,0,0
20/06/2021 02:00,0,0
20/06/2021 03:00,0,0
20/06/2021 04:00,0,0
20/06/2021 05:00,0,0
20/06/2021 06:00,0,0
20/06/2021 07:00,0.5517,0
20/06/2021 08:00,6.1251,0
20/06/2021 09:00,0,0
20/06/2021 10:00,0,0
20/06/2021 11:00,0,0
20/06/2021 12:00,0,0
20/06/2021 13:00,0,0
20/06/2021 14:00,0,0
20/06/2021 15:00,0,0
20/06/2021 16:00,0.95,0
20/06/2021 17:00,2.5296,0
20/06/2021 18:00,0,0
20/06/2021 19:00,0,0
20/06/2021 20:00,0,0
20/06/2021 21:00,0,0
20/06/2021 22:00,0,0
20/06/2021 23:00,0,0
21/06/2021 00:00,0,0
21/06/2021 01:00,0,0
21/06/2021 02:00,0,0
21/06/2021 03:00,0,0
21/06/2021 04:00,0,0
21/06/2021 05:00,0,0
21/06/2021 06:00,0,0
21/06/2021 07:00,0,0
21/06/2021 08:00,0,0
21/06/2021 09:00,0,0
21/06/2021 10:00,5.0591,0
21/06/2021 11:00,0,0
21/06/2021 12:00,0,0
21/06/2021 13:00,8.9099,0
21/06/2021 14:00,1.2252,0
21/06/2021 15:00,0,0
21/06/2021 16:00,0,0
21/06/2021 17:00,0,0
21/06/2021 18:00,0,0
21/06/2021 19:00,0,0
21/06/2021 20:00,0,0
21/06/2021 21:00,0,0
21/06/2021 22:00,0,0
21/06/2021 23:00,0,0
22/06/2021 00:00,0,0
22/06/2021 01:00,0,0
22/06/2021 02:00,0,0
22/06/2021 03:00,0,0
22/06/2021 04:00,0,0
22/06/2021 05:00,0,0
22/06/2021 06:00,2.7266,0
22/06/2021 07:00,2.452,0
22/06/2021 08:00,0,3.98
22/06/2021 09:00,0,0.78
22/06/2021 10:00,0,0
22/06/2021 11:00,0,0
22/06/2021 12:00,0,0
22/06/2021 13:00,0,1.84
22/06/2021 14:00,0,0
22/06/2021 15:00,0,0
22/06/2021 16:00,0,0
22/06/2021 17:00,0,0
22/06/2021 18:00,0,0
22/06/2021 19:00,0,0
22/06/2021 20:00,0,0
22/06/2021 21:00,0,0
22/06/2021 22:00,0,0
22/06/2021 23:00,0,0
23/06/2021 00:00,0,0
23/06/2021 01:00,0,0
23/06/2021 02:00,0,0
23/06/2021 03:00,0,0
23/06/2021 04:00,0,0
23/06/2021 05:00,0,0
23/06/2021 06:00,5.4352,0
23/06/2021 07:00,0.1235,1.13
23/06/2021 08:00,0.7446,0
23/06/2021 09:00,0,0
23/06/2021 10:00,0,0
23/06/2021 11:00,0,0
23/06/2021 12:00,0,0
23/06/2021 13:00,0,0.31
23/06/2021 14:00,0,5.52
23/06/2021 15:00,0,0.31
23/06/2021 16:00,0,0.92
23/06/2021 17:00,0,0
23/06/2021 18:00,0,0
23/06/2021 19:00,0,0
23/06/2021 20:00,0,0
23/06/2021 21:00,0,0
23/06/2021 22:00,0,0
23/06/2021 23:00,0,0
24/06/2021 00:00,0,0
24/06/2021 01:00,0,0
24/06/2021 02:00,0,0
24/06/2021 03:00,0,0
24/06/2021 04:00,0,0
24/06/2021 05:00,0,0
24/06/2021 06:00,0,0
24/06/2021 07:00,5.6063,0
24/06/2021 08:00,0,0
24/06/2021 09:00,0,0
24/06/2021 10:00,0,0
24/06/2021 11:00,0,0
24/06/2021 12:00,0,0
24/06/2021 13:00,0,0
24/06/2021 14:00,0.1339,0
24/06/2021 15:00,0,4.87
24/06/2021 16:00,0,2.38
24/06/2021 17:00,0,0
24/06/2021 18:00,0,0
24/06/2021 19:00,0,0
24/06/2021 20:00,0,0
24/06/2021 21:00,0,0
24/06/2021 22:00,0,0
24/06/2021 23:00,0,0
25/06/2021 00:00,0,0
25/06/2021 01:00,0,0
25/06/2021 02:00,0,0
25/06/2021 03:00,0,0
25/06/2021 04:00,0,0.92
25/06/2021 05:00,0,0
25/06/2021 06:00,0,0
25/06/2021 07:00,0,0
25/06/2021 08:00,0,0
25/06/2021 09:00,0,5.08
25/06/2021 10:00,2.9549,0
25/06/2021 11:00,0,0
25/06/2021 12:00,0,0
25/06/2021 13:00,0.2609,0
25/06/2021 14:00,0,0
25/06/2021 15:00,0,0
25/06/2021 16:00,4.6152,0
25/06/2021 17:00,0,0
25/06/2021 18:00,0,0
25/06/2021 19:00,0,0
25/06/2021 20:00,1.1619,0
25/06/2021 21:00,3.9589,0
25/06/2021 22:00,0,0
25/06/2021 23:00,0,0
26/06/2021 00:00,0,0
26/06/2021 01:00,0,0
26/06/2021 02:00,0,0
26/06/2021 03:00,0,0
26/06/2021 04:00,0,0
26/06/2021 05:00,0,0
26/06/2021 06:00,7.3019,0
26/06/2021 07:00,0,0
26/06/2021 08:00,0,0
26/06/2021 09:00,0,0
26/06/2021 10:00,0,0
26/06/2021 11:00,4.3419,0
26/06/2021 12:00,0,0
26/06/2021 13:00,0,0
26/06/2021 14:00,0,0
26/06/2021 15:00,0,0
26/06/2021 16:00,0,0
26/06/2021 17:00,0,0
26/06/2021 18:00,0,0
26/06/2021 19:00,0,0
26/06/2021 20:00,0,0
26/06/2021 21:00,0,0
26/06/2021 22:00,0,0
26/06/2021 23:00,0,0
27/06/2021 00:00,0,0
27/06/2021 01:00,0,2.55
27/06/2021 02:00,0,0
27/06/2021 03:00,0,0
27/06/2021 04:00,0,0
27/06/2021 05:00,0,0
27/06/2021 06:00,0,0
27/06/2021 07:00,0,0
27/06/2021 08:00,0,0
27/06/2021 09:00,0,0
27/06/2021 10:00,0,0
27/06/2021 11:00,0,0
27/06/2021 12:00,0,0
27/06/2021 13:00,0,0
27/06/2021 14:00,0,0
27/06/2021 15:00,0,0
27/06/2021 16:00,0,0
27/06/2021 17:00,0,0
27/06/2021 18:00,0,0
27/06/2021 19:00,0,0
27/06/2021 20:00,0,0
27/06/2021 21:00,2.7642,0
27/06/2021 22:00,0,0
27/06/2021 23:00,0,0
28/06/2021 00:00,0,2.5
28/06/2021 01:00,0,3.88
28/06/2021 02:00,0,0
28/06/2021 03:00,0,0
28/06/2021 04:00,0,0
28/06/2021 05:00,0,0
28/06/2021 06:00,0,0.13
28/06/2021 07:00,0,0
28/06/2021 08:00,0,0
28/06/2021 09:00,0,0
28/06/2021 10:00,0,0
28/06/2021 11:00,0,0.96
28/06/2021 12:00,0,1.28
28/06/2021 13:00,0,0
28/06/2021 14:00,0.1624,0
28/06/2021 15:00,1.4517,0
28/06/2021 16:00,0,6.37
28/06/2021 17:00,5.266,1.47
28/06/2021 18:00,0,0
28/06/2021 19:00,0,0
28/06/2021 20:00,0,0
28/06/2021 21:00,0,0
28/06/2021 22:00,0,0
28/06/2021 23:00,0,0
29/06/2021 00:00,0,0
29/06/2021 01:00,0,0
29/06/2021 02:00,0,0
29/06/2021 03:00,0,0
29/06/2021 04:00,0,0
29/06/2021 05:00,0.5139,0
29/06/2021 06:00,0,0
29/06/2021 07:00,0,0.64
29/06/2021 08:00,0,0
29/06/2021 09:00,0,0
29/06/2021 10:00,0,0
29/06/2021 11:00,0,0
29/06/2021 12:00,0,0
29/06/2021 13:00,0,0
29/06/2021 14:00,0,0
29/06/2021 15:00,0.9065,0
29/06/2021 16:00,5.0836,4.24
29/06/2021 17:00,0,0.62
29/06/2021 18:00,0,0
29/06/2021 19:00,0,0
29/06/2021 20:00,0,0
29/06/2021 21:00,0,0
29/06/2021 22:00,0,0
29/06/2021 23:00,0,0
30/06/2021 00:00,0,0
30/06/2021 01:00,0,0
30/06/2021 02:00,0,0
30/06/2021 03:00,0,0
30/06/2021 04:00,0,0
30/06/2021 05:00,0,0
30/06/2021 06:00,4.2253,1.05
30/06/2021 07:00,0,4.06
30/06/2021 08:00,0,0
30/06/2021 09:00,0,0
30/06/2021 10:00,0,0
30/06/2021 11:00,0,0
30/06/2021 12:00,0,0
30/06/2021 13:00,0,0
30/06/2021 14:00,3.2449,0
30/06/2021 15:00,0,0
30/06/2021 16:00,0,0
30/06/2021 17:00,0,0
30/06/2021 18:00,0,0
30/06/2021 19:00,0,0
30/06/2021 20:00,0,0
30/06/2021 21:00,0,0
30/06/2021 22:00,0,0
30/06/2021 23:00,0,0
01/07/2021 00:00,0,0
01/07/2021 01:00,0,0
01/07/2021 02:00,0,0
01/07/2021 03:00,0,0
01/07/2021 04:00,0,0
01/07/2021 05:00,0,0
01/07/2021 06:00,0.9303,0
01/07/2021 07:00,0,0
01/07/2021 08:00,0,3.98
01/07/2021 09:00,0,0
01/07/2021 10:00,0,0
01/07/2021 11:00,0,0
01/07/2021 12:00,0,5.58
01/07/2021 13:00,0,0
01/07/2021 14:00,0,0
01/07/2021 15:00,0,0
01/07/2021 16:00,5.523,2.76
01/07/2021 17:00,0,0
01/07/2021 18:00,0,0
01/07/2021 19:00,0,0
01/07/2021 20:00,0,0
01/07/2021 21:00,0,0
01/07/2021 22:00,0,3.53
01/07/2021 23:00,0,0
02/07/2021 00:00,0,0
02/07/2021 01:00,0,0
02/07/2021 02:00,0,0
02/07/2021 03:00,0,0
02/07/2021 04:00,0,0
02/07/2021 05:00,0,0
02/07/2021 06:00,0,0
02/07/2021 07:00,0,0
02/07/2021 08:00,2.8771,0
02/07/2021 09:00,0,0
02/07/2021 10:00,0,0
02/07/2021 11:00,0,0
02/07/2021 12:00,0,0
02/07/2021 13:00,0,0
02/07/2021 14:00,4.4162,1.79
02/07/2021 15:00,0.7076,5.13
02/07/2021 16:00,0,0
02/07/2021 17:00,0,0
02/07/2021 18:00,0,0
02/07/2021 19:00,0,0
02/07/2021 20:00,0,0
02/07/2021 21:00,0,0
02/07/2021 22:00,0,0
02/07/2021 23:00,0,0
03/07/2021 00:00,0,0
03/07/2021 01:00,0,0
03/07/2021 02:00,0,0
03/07/2021 03:00,0,0
03/07/2021 04:00,0,0
03/07/2021 05:00,0,0
03/07/2021 06:00,0,0
03/07/2021 07:00,0,0
03/07/2021 08:00,0,0
03/07/2021 09:00,0,0
03/07/2021 10:00,4.1112,0
03/07/2021 11:00,4.5322,0
03/07/2021 12:00,1.4358,0
03/07/2021 13:00,0,0
03/07/2021 14:00,0,0
03/07/2021 15:00,0,0
03/07/2021 16:00,0,0
03/07/2021 17:00,0,0
03/07/2021 18:00,0,0
03/07/2021 19:00,2.6378,0
03/07/2021 20:00,0,0
03/07/2021 21:00,0,0
03/07/2021 22:00,0,0
03/07/2021 23:00,0,0
04/07/2021 00:00,0,0
04/07/2021 01:00,0,0
04/07/2021 02:00,0,0
04/07/2021 03:00,0,0
04/07/2021 04:00,0,0
04/07/2021 05:00,0,0
04/07/2021 06:00,0,0
04/07/2021 07:00,0,0
04/07/2021 08:00,1.15,0
04/07/2021 09:00,7.4241,0
04/07/2021 10:00,0,0
04/07/2021 11:00,0,0
04/07/2021 12:00,0,0
04/07/2021 13:00,0,0
04/07/2021 14:00,0,0
04/07/2021 15:00,0,0
04/07/2021 16:00,0,0
04/07/2021 17:00,0,0
04/07/2021 18:00,0,0
04/07/2021 19:00,6.1565,0
04/07/2021 20:00,0.4064,0
04/07/2021 21:00,0,0
04/07/2021 22:00,0,2.71
04/07/2021 23:00,0,0
05/07/2021 00:00,0,0
05/07/2021 01:00,0,0
05/07/2021 02:00,0,0
05/07/2021 03:00,0,0
05/07/2021 04:00,0,0
05/07/2021 05:00,0,0
05/07/2021 06:00,0.1337,0
05/07/2021 07:00,4.5469,0
05/07/2021 08:00,0,0
05/07/2021 09:00,0,0
05/07/2021 10:00,0,0
05/07/2021 11:00,0,0
05/07/2021 12:00,0,0
05/07/2021 13:00,0,0
05/07/2021 14:00,0,0
05/07/2021 15:00,0,0.16
05/07/2021 16:00,0,2.04
05/07/2021 17:00,1.0531,4.57
05/07/2021 18:00,0,0.41
05/07/2021 19:00,0,0
05/07/2021 20:00,0,0
05/07/2021 21:00,0,0
05/07/2021 22:00,0,0
05/07/2021 23:00,0,0
06/07/2021 00:00,0,0
06/07/2021 01:00,0,0
06/07/2021 02:00,0,0
06/07/2021 03:00,0,0
06/07/2021 04:00,0,0
06/07/2021 05:00,0,0
06/07/2021 06:00,1.2796,0
06/07/2021 07:00,0,0
06/07/2021 08:00,0,0
06/07/2021 09:00,0,0
06/07/2021 10:00,0,0
06/07/2021 11:00,0,0
06/07/2021 12:00,0,0
06/07/2021 13:00,0,1.29
06/07/2021 14:00,0,4.26
06/07/2021 15:00,0,0
06/07/2021 16:00,4.441,0
06/07/2021 17:00,1.3178,1.06
06/07/2021 18:00,0,0
06/07/2021 19:00,0,0
06/07/2021 20:00,0,0
06/07/2021 21:00,0,0
06/07/2021 22:00,0,0
06/07/2021 23:00,0,0
07/07/2021 00:00,0,0
07/07/2021 01:00,0,0
07/07/2021 02:00,0,0
07/07/2021 03:00,0,0
07/07/2021 04:00,0,0
07/07/2021 05:00,0,0
07/07/2021 06:00,4.8257,0
07/07/2021 07:00,1.0541,0.54
07/07/2021 08:00,0.3951,0
07/07/2021 09:00,0,0
07/07/2021 10:00,0,0
07/07/2021 11:00,0,0
07/07/2021 12:00,0,0
07/07/2021 13:00,0,0.69
07/07/2021 14:00,0,0
07/07/2021 15:00,0,1.62
07/07/2021 16:00,0,3.79
07/07/2021 17:00,0,0
07/07/2021 18:00,0,0
07/07/2021 19:00,0,0
07/07/2021 20:00,0,0
07/07/2021 21:00,0,0
07/07/2021 22:00,0,0
07/07/2021 23:00,0,0
08/07/2021 00:00,0,0
08/07/2021 01:00,0,0
08/07/2021 02:00,0,0
08/07/2021 03:00,0,0
08/07/2021 04:00,0,0
08/07/2021 05:00,0,0
08/07/2021 06:00,0.917,2.88
08/07/2021 07:00,0,2.57
08/07/2021 08:00,0,0
08/07/2021 09:00,0,0
08/07/2021 10:00,0,0
08/07/2021 11:00,0,0
08/07/2021 12:00,0,0
08/07/2021 13:00,0,0
08/07/2021 14:00,0,0
08/07/2021 15:00,0,0
08/07/2021 16:00,4.0109,0
08/07/2021 17:00,2.0413,0
08/07/2021 18:00,0,0
08/07/2021 19:00,0,0
08/07/2021 20:00,0,0
08/07/2021 21:00,0,0
08/07/2021 22:00,0,0
08/07/2021 23:00,0,0
09/07/2021 00:00,0,0
09/07/2021 01:00,0,0
09/07/2021 02:00,0,0
09/07/2021 03:00,0,0
09/07/2021 04:00,0,0
09/07/2021 05:00,0,0
09/07/2021 06:00,0,0
09/07/2021 07:00,0.4738,0
09/07/2021 08:00,0,0
09/07/2021 09:00,0,0
09/07/2021 10:00,0,0
09/07/2021 11:00,0,0
09/07/2021 12:00,0,0
09/07/2021 13:00,0,0
09/07/2021 14:00,7.1602,0
09/07/2021 15:00,0.6973,3.3
09/07/2021 16:00,0,2.17
09/07/2021 17:00,0,0.26
09/07/2021 18:00,0,0
09/07/2021 19:00,0,0
09/07/2021 20:00,0,0
09/07/2021 21:00,0,0
09/07/2021 22:00,0,0
09/07/2021 23:00,0,0
10/07/2021 00:00,0,0
10/07/2021 01:00,0,0
10/07/2021 02:00,0,0
10/07/2021 03:00,0,0
10/07/2021 04:00,0,0
10/07/2021 05:00,0,0
10/07/2021 06:00,0,0
10/07/2021 07:00,0,0
10/07/2021 08:00,1.6574,0
10/07/2021 09:00,0,0
10/07/2021 10:00,0,0
10/07/2021 11:00,0,0
10/07/2021 12:00,0,0
10/07/2021 13:00,0,0
10/07/2021 14:00,0,0
10/07/2021 15:00,0.7551,0
10/07/2021 16:00,8.952,0
10/07/2021 17:00,1.0332,0
10/07/2021 18:00,0,0
10/07/2021 19:00,0,0
10/07/2021 20:00,0,0
10/07/2021 21:00,0,0
10/07/2021 22:00,0,0
10/07/2021 23:00,0,0
11/07/2021 00:00,0,0
11/07/2021 01:00,0,0
11/07/2021 02:00,0,0
11/07/2021 03:00,0,0
11/07/2021 04:00,0,0
11/07/2021 05:00,0,0
11/07/2021 06:00,1.5367,0
11/07/2021 07:00,1.5915,0
11/07/2021 08:00,0,0
11/07/2021 09:00,0,0
11/07/2021 10:00,0,0
11/07/2021 11:00,0,0
11/07/2021 12:00,7.6854,0
11/07/2021 13:00,0,0
11/07/2021 14:00,0,0
11/07/2021 15:00,0,0
11/07/2021 16:00,0,0
11/07/2021 17:00,0,0
11/07/2021 18:00,0,0
11/07/2021 19:00,0,0
11/07/2021 20:00,0,0
11/07/2021 21:00,0,0
11/07/2021 22:00,0,0
11/07/2021 23:00,0,0
12/07/2021 00:00,0,0
12/07/2021 01:00,0,0
12/07/2021 02:00,0,0
12/07/2021 03:00,0,0.12
12/07/2021 04:00,0,0
12/07/2021 05:00,1.196,4.23
12/07/2021 06:00,0,0
12/07/2021 07:00,0,0
12/07/2021 08:00,0.7206,0
12/07/2021 09:00,0,0
12/07/2021 10:00,0,0
12/07/2021 11:00,0,0
12/07/2021 12:00,0,0
12/07/2021 13:00,0,0
12/07/2021 14:00,0,0
12/07/2021 15:00,4.8976,0
12/07/2021 16:00,0,0
12/07/2021 17:00,0,0
12/07/2021 18:00,0,0
12/07/2021 19:00,0,0
12/07/2021 20:00,0,0
12/07/2021 21:00,0,0
12/07/2021 22:00,0,0
12/07/2021 23:00,0,0
13/07/2021 00:00,0,0
13/07/2021 01:00,0,0
13/07/2021 02:00,0,0
13/07/2021 03:00,0,0
13/07/2021 04:00,0,0
13/07/2021 05:00,0,2.63
13/07/2021 06:00,4.0657,0.57
13/07/2021 07:00,0.5065,0
13/07/2021 08:00,0,0
13/07/2021 09:00,0,0
13/07/2021 10:00,0,0
13/07/2021 11:00,0,0
13/07/2021 12:00,0,0
13/07/2021 13:00,0,0
13/07/2021 14:00,0,0
13/07/2021 15:00,1.1113,4.34
13/07/2021 16:00,0,0
13/07/2021 17:00,0,0
13/07/2021 18:00,0,0
13/07/2021 19:00,0,0
13/07/2021 20:00,0,0
13/07/2021 21:00,0,0
13/07/2021 22:00,0,0
13/07/2021 23:00,0,0
14/07/2021 00:00,0,0
14/07/2021 01:00,0,0
14/07/2021 02:00,0,0
14/07/2021 03:00,0,0
14/07/2021 04:00,1.863,0
14/07/2021 05:00,0,0
14/07/2021 06:00,0,0
14/07/2021 07:00,0,0
14/07/2021 08:00,0,0
14/07/2021 09:00,0,0
14/07/2021 10:00,0,0
14/07/2021 11:00,0,0
14/07/2021 12:00,0,0
14/07/2021 13:00,0,0
14/07/2021 14:00,0,0
14/07/2021 15:00,0,1.58
14/07/2021 16:00,0,1.93
14/07/2021 17:00,4.3844,2.95
14/07/2021 18:00,0,0
14/07/2021 19:00,0,0
14/07/2021 20:00,0,0
14/07/2021 21:00,0,0
14/07/2021 22:00,0,0
14/07/2021 23:00,0,0
15/07/2021 00:00,0,0
15/07/2021 01:00,0,0
15/07/2021 02:00,0,0
15/07/2021 03:00,0,0
15/07/2021 04:00,0,0
15/07/2021 05:00,5.2972,0
15/07/2021 06:00,0,0
15/07/2021 07:00,0,0.82
15/07/2021 08:00,0,0
15/07/2021 09:00,0,0
15/07/2021 10:00,0,0
15/07/2021 11:00,0,0
15/07/2021 12:00,0,0
15/07/2021 13:00,0,3.04
15/07/2021 14:00,0,4.99
15/07/2021 15:00,0,0
15/07/2021 16:00,0,0
15/07/2021 17:00,0,0
15/07/2021 18:00,0,0
15/07/2021 19:00,0,0
15/07/2021 20:00,0,0
15/07/2021 21:00,0,0
15/07/2021 22:00,0,0
15/07/2021 23:00,0,0
16/07/2021 00:00,0,0
16/07/2021 01:00,0,0
16/07/2021 02:00,0,0
16/07/2021 03:00,0,0
16/07/2021 04:00,0,0
16/07/2021 05:00,0,1.18
16/07/2021 06:00,0,0
16/07/2021 07:00,0,0
16/07/2021 08:00,0,0
16/07/2021 09:00,0,0
16/07/2021 10:00,0,0
16/07/2021 11:00,0,0
16/07/2021 12:00,0,0
16/07/2021 13:00,0,0
16/07/2021 14:00,6.2196,3.49
16/07/2021 15:00,0,4
16/07/2021 16:00,1.0515,0
16/07/2021 17:00,0,0
16/07/2021 18:00,0,0
16/07/2021 19:00,0,0
16/07/2021 20:00,0,0
16/07/2021 21:00,0,0
16/07/2021 22:00,0,0
16/07/2021 23:00,0,0
17/07/2021 00:00,0,0
17/07/2021 01:00,0,0
17/07/2021 02:00,0,0
17/07/2021 03:00,0,0
17/07/2021 04:00,0,0
17/07/2021 05:00,0,0
17/07/2021 06:00,0,0
17/07/2021 07:00,0,0
17/07/2021 08:00,0,0
17/07/2021 09:00,0,0
17/07/2021 10:00,0,0
17/07/2021 11:00,0,0
17/07/2021 12:00,0,0
17/07/2021 13:00,0,0
17/07/2021 14:00,0,0
17/07/2021 15:00,0,0
17/07/2021 16:00,0,0
17/07/2021 17:00,0,0
17/07/2021 18:00,0,0
17/07/2021 19:00,0,0
17/07/2021 20:00,0,0
17/07/2021 21:00,0,0
17/07/2021 22:00,0,0
17/07/2021 23:00,0,0
18/07/2021 00:00,0,0
18/07/2021 01:00,0,0
18/07/2021 02:00,1.837,0
18/07/2021 03:00,0,0
18/07/2021 04:00,0,0
18/07/2021 05:00,0,0
18/07/2021 06:00,0,0
18/07/2021 07:00,0,0
18/07/2021 08:00,0,0
18/07/2021 09:00,0,0
18/07/2021 10:00,0,0
18/07/2021 11:00,0,0
18/07/2021 12:00,0,0
18/07/2021 13:00,0,0
18/07/2021 14:00,0,0
18/07/2021 15:00,0,0
18/07/2021 16:00,0,0
18/07/2021 17:00,0,0
18/07/2021 18:00,0,0
18/07/2021 19:00,0,0
18/07/2021 20:00,0,0
18/07/2021 21:00,0,0
18/07/2021 22:00,0,0
18/07/2021 23:00,0,0
19/07/2021 00:00,0,0
19/07/2021 01:00,0,0
19/07/2021 02:00,0,0
19/07/2021 03:00,0,0
19/07/2021 04:00,0,0
19/07/2021 05:00,0,0
19/07/2021 06:00,5.0765,0
19/07/2021 07:00,0.1181,0.89
19/07/2021 08:00,0,4.41
19/07/2021 09:00,0,0.6
19/07/2021 10:00,0,0
19/07/2021 11:00,0,0
19/07/2021 12:00,0,0
19/07/2021 13:00,0,0
19/07/2021 14:00,0.2684,0
19/07/2021 15:00,0,0
19/07/2021 16:00,0,0
19/07/2021 17:00,0,0
19/07/2021 18:00,0,0
19/07/2021 19:00,0,0
19/07/2021 20:00,0,0
19/07/2021 21:00,0,0
19/07/2021 22:00,0,0
19/07/2021 23:00,0,0
20/07/2021 00:00,0,0
20/07/2021 01:00,0,0
20/07/2021 02:00,0,0
20/07/2021 03:00,0,0
20/07/2021 04:00,0,0
20/07/2021 05:00,0,0
20/07/2021 06:00,0,0
20/07/2021 07:00,0,0
20/07/2021 08:00,0,0
20/07/2021 09:00,0,0.8
20/07/2021 10:00,0,0
20/07/2021 11:00,0,0
20/07/2021 12:00,0,0
20/07/2021 13:00,0,0
20/07/2021 14:00,5.6332,0
20/07/2021 15:00,0,7.29
20/07/2021 16:00,0,0
20/07/2021 17:00,0.5948,0
20/07/2021 18:00,0,0
20/07/2021 19:00,0,0
20/07/2021 20:00,0,0
20/07/2021 21:00,0,0
20/07/2021 22:00,0,0
20/07/2021 23:00,0,0
21/07/2021 00:00,0,0
21/07/2021 01:00,0,0
21/07/2021 02:00,0,0
21/07/2021 03:00,0,0
21/07/2021 04:00,0,0
21/07/2021 05:00,0,0
21/07/2021 06:00,0,0
21/07/2021 07:00,0,0
21/07/2021 08:00,0.8502,0
21/07/2021 09:00,3.474,0
21/07/2021 10:00,0,0
21/07/2021 11:00,0,0
21/07/2021 12:00,0,0
21/07/2021 13:00,0,0
21/07/2021 14:00,0,0
21/07/2021 15:00,1.8075,2.15
21/07/2021 16:00,0,0
21/07/2021 17:00,0,1.82
21/07/2021 18:00,0,3.32
21/07/2021 19:00,0,0
21/07/2021 20:00,0,0
21/07/2021 21:00,0,0
21/07/2021 22:00,0,0
21/07/2021 23:00,0,0
22/07/2021 00:00,0,0
22/07/2021 01:00,0,0
22/07/2021 02:00,0,0
22/07/2021 03:00,0,0
22/07/2021 04:00,0,0
22/07/2021 05:00,0,0
22/07/2021 06:00,0,0.43
22/07/2021 07:00,0,0
22/07/2021 08:00,0,0
22/07/2021 09:00,0,0
22/07/2021 10:00,0,0
22/07/2021 11:00,0,0
22/07/2021 12:00,0,0
22/07/2021 13:00,0,0
22/07/2021 14:00,0.1666,0
22/07/2021 15:00,0,0
22/07/2021 16:00,2.5735,0
22/07/2021 17:00,3.3738,0.59
22/07/2021 18:00,0,5.64
22/07/2021 19:00,0,0
22/07/2021 20:00,0,0
22/07/2021 21:00,0,0
22/07/2021 22:00,0,0
22/07/2021 23:00,0,0
23/07/2021 00:00,0,0
23/07/2021 01:00,0,0
23/07/2021 02:00,0,0
23/07/2021 03:00,0,0
23/07/2021 04:00,0,0
23/07/2021 05:00,0.8406,0
23/07/2021 06:00,0,0
23/07/2021 07:00,2.2463,0
23/07/2021 08:00,3.0552,0
23/07/2021 09:00,0,1.4
23/07/2021 10:00,0,0
23/07/2021 11:00,0,0
23/07/2021 12:00,0,0
23/07/2021 13:00,0,0
23/07/2021 14:00,0,3.02
23/07/2021 15:00,0,2.87
23/07/2021 16:00,0,0
23/07/2021 17:00,0,0
23/07/2021 18:00,0,0
23/07/2021 19:00,0,0
23/07/2021 20:00,0,0
23/07/2021 21:00,0,0
23/07/2021 22:00,0,0
23/07/2021 23:00,0,2.83
24/07/2021 00:00,0,0
24/07/2021 01:00,0,0
24/07/2021 02:00,0,0
24/07/2021 03:00,0,0
24/07/2021 04:00,0,0
24/07/2021 05:00,0,0
24/07/2021 06:00,0,0
24/07/2021 07:00,0,0
24/07/2021 08:00,0,0
24/07/2021 09:00,0,0
24/07/2021 10:00,0,0
24/07/2021 11:00,0,0
24/07/2021 12:00,0,0
24/07/2021 13:00,0,8.45
24/07/2021 14:00,0,5.08
24/07/2021 15:00,0,0
24/07/2021 16:00,0,0
24/07/2021 17:00,0,0
24/07/2021 18:00,0,0
24/07/2021 19:00,0,0
24/07/2021 20:00,0,0.73
24/07/2021 21:00,0,0.13
24/07/2021 22:00,0,0
24/07/2021 23:00,0,0
25/07/2021 00:00,0,0
25/07/2021 01:00,0,0
25/07/2021 02:00,0,0
25/07/2021 03:00,0,0
25/07/2021 04:00,0,0
25/07/2021 05:00,0,0
25/07/2021 06:00,0,0
25/07/2021 07:00,0,0
25/07/2021 08:00,0,0
25/07/2021 09:00,0,0
25/07/2021 10:00,0,0
25/07/2021 11:00,0,0
25/07/2021 12:00,0,0
25/07/2021 13:00,0,0
25/07/2021 14:00,9.2072,0
25/07/2021 15:00,0,0
25/07/2021 16:00,2.4596,0
25/07/2021 17:00,3.1751,0
25/07/2021 18:00,0,0
25/07/2021 19:00,0,0
25/07/2021 20:00,0,0
25/07/2021 21:00,0,0
25/07/2021 22:00,0,0
25/07/2021 23:00,0,0
26/07/2021 00:00,0,0
26/07/2021 01:00,0,0
26/07/2021 02:00,0,0
26/07/2021 03:00,0,0
26/07/2021 04:00,0,0
26/07/2021 05:00,0,0
26/07/2021 06:00,0,1.18
26/07/2021 07:00,0,0
26/07/2021 08:00,0,0
26/07/2021 09:00,0,1.24
26/07/2021 10:00,0,4.96
26/07/2021 11:00,0,0.57
26/07/2021 12:00,0,1.5
26/07/2021 13:00,0.1335,0
26/07/2021 14:00,0,0
26/07/2021 15:00,0,0
26/07/2021 16:00,3.1928,0
26/07/2021 17:00,1.2118,0
26/07/2021 18:00,0,0
26/07/2021 19:00,0,0
26/07/2021 20:00,0,0
26/07/2021 21:00,0,3.83
26/07/2021 22:00,0,0
26/07/2021 23:00,0,0
27/07/2021 00:00,0,0
27/07/2021 01:00,0,0
27/07/2021 02:00,0,0
27/07/2021 03:00,0,0
27/07/2021 04:00,0,0
27/07/2021 05:00,0,0
27/07/2021 06:00,0,0
27/07/2021 07:00,0,0
27/07/2021 08:00,0.3808,0
27/07/2021 09:00,3.1005,0
27/07/2021 10:00,0,0
27/07/2021 11:00,0,0
27/07/2021 12:00,0,0
27/07/2021 13:00,0,2.27
27/07/2021 14:00,0,0
27/07/2021 15:00,0,0.6
27/07/2021 16:00,0,3.44
27/07/2021 17:00,3.076,0
27/07/2021 18:00,0,0
27/07/2021 19:00,0,0
27/07/2021 20:00,0,0
27/07/2021 21:00,0,0
27/07/2021 22:00,0,0
27/07/2021 23:00,0,0
28/07/2021 00:00,0,1.59
28/07/2021 01:00,0,0
28/07/2021 02:00,0,0
28/07/2021 03:00,0,0
28/07/2021 04:00,0,0
28/07/2021 05:00,0,0.62
28/07/2021 06:00,0,0
28/07/2021 07:00,0.625,0
28/07/2021 08:00,0,0
28/07/2021 09:00,0,0
28/07/2021 10:00,0,0
28/07/2021 11:00,0,3.57
28/07/2021 12:00,0,4.75
28/07/2021 13:00,0,0
28/07/2021 14:00,3.5207,1.71
28/07/2021 15:00,2.594,3.55
28/07/2021 16:00,0,0
28/07/2021 17:00,0,0
28/07/2021 18:00,0,0
28/07/2021 19:00,0,0
28/07/2021 20:00,0,0
28/07/2021 21:00,0,0
28/07/2021 22:00,0,0
28/07/2021 23:00,0,0
29/07/2021 00:00,0,0
29/07/2021 01:00,0,0
29/07/2021 02:00,0,0
29/07/2021 03:00,0,0
29/07/2021 04:00,0,0
29/07/2021 05:00,0,0
29/07/2021 06:00,0.823,0
29/07/2021 07:00,6.0204,1.4
29/07/2021 08:00,1.0223,0
29/07/2021 09:00,0,0
29/07/2021 10:00,0,0
29/07/2021 11:00,0,0
29/07/2021 12:00,0,0
29/07/2021 13:00,0,0
29/07/2021 14:00,0,1.49
29/07/2021 15:00,0,4.7
29/07/2021 16:00,0,0
29/07/2021 17:00,0,0
29/07/2021 18:00,0,0
29/07/2021 19:00,0,0
29/07/2021 20:00,0,0
29/07/2021 21:00,0,0
29/07/2021 22:00,0,0
29/07/2021 23:00,0,0
30/07/2021 00:00,0,0
30/07/2021 01:00,0,0
30/07/2021 02:00,0,0
30/07/2021 03:00,0,0
30/07/2021 04:00,0,0
30/07/2021 05:00,0.1551,0
30/07/2021 06:00,0,0
30/07/2021 07:00,0,0
30/07/2021 08:00,0,0
30/07/2021 09:00,0,0
30/07/2021 10:00,0,0
30/07/2021 11:00,0,0
30/07/2021 12:00,0,0
30/07/2021 13:00,0,0
30/07/2021 14:00,0,0
30/07/2021 15:00,0,0
30/07/2021 16:00,7.1103,2.7
30/07/2021 17:00,0,2.29
30/07/2021 18:00,0,0.69
30/07/2021 19:00,0,0
30/07/2021 20:00,0,0
30/07/2021 21:00,0,0
30/07/2021 22:00,0,0
30/07/2021 23:00,0,1.77
31/07/2021 00:00,0,1.17
31/07/2021 01:00,0,0
31/07/2021 02:00,0,0
31/07/2021 03:00,0,0
31/07/2021 04:00,0,0
31/07/2021 05:00,0,0
31/07/2021 06:00,0,0
31/07/2021 07:00,0,0
31/07/2021 08:00,0,0
31/07/2021 09:00,0,0
31/07/2021 10:00,0,0
31/07/2021 11:00,0,0
31/07/2021 12:00,0,0
31/07/2021 13:00,0,0
31/07/2021 14:00,0,0
31/07/2021 15:00,0,0
31/07/2021 16:00,0,0
31/07/2021 17:00,0,0
31/07/2021 18:00,0,0
31/07/2021 19:00,0,0
31/07/2021 20:00,0,0
31/07/2021 21:00,0,0
31/07/2021 22:00,0,0
31/07/2021 23:00,0,0
01/08/2021 00:00,0,0
01/08/2021 01:00,0,0
01/08/2021 02:00,0,0
01/08/2021 03:00,0,0
01/08/2021 04:00,0,0
01/08/2021 05:00,0,0
01/08/2021 06:00,0,0
01/08/2021 07:00,0,0
01/08/2021 08:00,0,0
01/08/2021 09:00,0,0
01/08/2021 10:00,0,0
01/08/2021 11:00,0,0
01/08/2021 12:00,0,0
01/08/2021 13:00,0,5.1
01/08/2021 14:00,0,3.6
01/08/2021 15:00,0,6.18
01/08/2021 16:00,0,0
01/08/2021 17:00,0,0
01/08/2021 18:00,0,0
01/08/2021 19:00,0,0
01/08/2021 20:00,0,0
01/08/2021 21:00,0,0
01/08/2021 22:00,0,0
01/08/2021 23:00,0,0
02/08/2021 00:00,0,0
02/08/2021 01:00,0,0
02/08/2021 02:00,0,0
02/08/2021 03:00,0,0
02/08/2021 04:00,1.7439,0
02/08/2021 05:00,3.2303,0
02/08/2021 06:00,0,0
02/08/2021 07:00,0,0
02/08/2021 08:00,0,0
02/08/2021 09:00,0,0
02/08/2021 10:00,0,0
02/08/2021 11:00,0,0
02/08/2021 12:00,0,0
02/08/2021 13:00,0,0
02/08/2021 14:00,0,2.19
02/08/2021 15:00,0,4.95
02/08/2021 16:00,0,0
02/08/2021 17:00,0,0
02/08/2021 18:00,0,0
02/08/2021 19:00,0,0
02/08/2021 20:00,0,0
02/08/2021 21:00,0,0
02/08/2021 22:00,0,0
02/08/2021 23:00,0,0
03/08/2021 00:00,0,0
03/08/2021 01:00,0,0
03/08/2021 02:00,0,0
03/08/2021 03:00,0,0
03/08/2021 04:00,0,0
03/08/2021 05:00,0,0
03/08/2021 06:00,3.458,0
03/08/2021 07:00,2.9859,0
03/08/2021 08:00,0,0
03/08/2021 09:00,0,0
03/08/2021 10:00,0,0
03/08/2021 11:00,0,0
03/08/2021 12:00,0,0
03/08/2021 13:00,0,0.82
03/08/2021 14:00,0,0.43
03/08/2021 15:00,0.9127,5.59
03/08/2021 16:00,0,0
03/08/2021 17:00,0,0
03/08/2021 18:00,0,0
03/08/2021 19:00,0,0
03/08/2021 20:00,0,0
03/08/2021 21:00,0,0
03/08/2021 22:00,0,0
03/08/2021 23:00,0,0
04/08/2021 00:00,0,0
04/08/2021 01:00,0,0
04/08/2021 02:00,0,0
04/08/2021 03:00,0,0
04/08/2021 04:00,0,0
04/08/2021 05:00,0,0
04/08/2021 06:00,0,0
04/08/2021 07:00,0.5735,0
04/08/2021 08:00,4.7071,3.81
04/08/2021 09:00,1.1135,2.6
04/08/2021 10:00,0,2.88
04/08/2021 11:00,0,7.07
04/08/2021 12:00,0,0
04/08/2021 13:00,0,0
04/08/2021 14:00,0,0
04/08/2021 15:00,0.4694,0.76
04/08/2021 16:00,0.3109,0
04/08/2021 17:00,0,0
04/08/2021 18:00,0,0
04/08/2021 19:00,0,1.32
04/08/2021 20:00,0,0
04/08/2021 21:00,0,0
04/08/2021 22:00,0,0
04/08/2021 23:00,0,0
05/08/2021 00:00,1.1685,0
05/08/2021 01:00,0,0
05/08/2021 02:00,0,0
05/08/2021 03:00,0,0
05/08/2021 04:00,0,0
05/08/2021 05:00,0,0
05/08/2021 06:00,0,0
05/08/2021 07:00,0.1381,0
05/08/2021 08:00,0,0
05/08/2021 09:00,2.4633,0
05/08/2021 10:00,0,0
05/08/2021 11:00,0,0
05/08/2021 12:00,0,0
05/08/2021 13:00,0,4.01
05/08/2021 14:00,0,2.07
05/08/2021 15:00,4.3968,0
05/08/2021 16:00,0,0.13
05/08/2021 17:00,0,0.78
05/08/2021 18:00,0,0
05/08/2021 19:00,6.5662,0
05/08/2021 20:00,1.3194,0
05/08/2021 21:00,0,0
05/08/2021 22:00,0,0
05/08/2021 23:00,0,0
06/08/2021 00:00,0,0
06/08/2021 01:00,0,0
06/08/2021 02:00,0,0
06/08/2021 03:00,0,0
06/08/2021 04:00,0,0
06/08/2021 05:00,0,0.36
06/08/2021 06:00,0,3.74
06/08/2021 07:00,0,0
06/08/2021 08:00,0,0
06/08/2021 09:00,0,2.86
06/08/2021 10:00,0,4.19
06/08/2021 11:00,0,1.67
06/08/2021 12:00,0,3
06/08/2021 13:00,0,0
06/08/2021 14:00,1.1666,0
06/08/2021 15:00,0.2739,0
06/08/2021 16:00,5.2824,0.77
06/08/2021 17:00,0,0.15
06/08/2021 18:00,0,0
06/08/2021 19:00,0,0
06/08/2021 20:00,0,0
06/08/2021 21:00,0,0
06/08/2021 22:00,0,0
06/08/2021 23:00,0,0
07/08/2021 00:00,0,0
07/08/2021 01:00,0,0
07/08/2021 02:00,0,0
07/08/2021 03:00,0,0
07/08/2021 04:00,0,0
07/08/2021 05:00,0,0
07/08/2021 06:00,0,0
07/08/2021 07:00,0,0
07/08/2021 08:00,0,0
07/08/2021 09:00,0,0
07/08/2021 10:00,0,0
07/08/2021 11:00,0,7.85
07/08/2021 12:00,0,3.68
07/08/2021 13:00,0,0
07/08/2021 14:00,0,0
07/08/2021 15:00,3.7417,0
07/08/2021 16:00,8.4774,0
07/08/2021 17:00,5.1514,0
07/08/2021 18:00,0,0
07/08/2021 19:00,0,0
07/08/2021 20:00,0,0
07/08/2021 21:00,0,0
07/08/2021 22:00,0,0
07/08/2021 23:00,0,0
08/08/2021 00:00,0,0
08/08/2021 01:00,0,0
08/08/2021 02:00,0,0
08/08/2021 03:00,0,0
08/08/2021 04:00,0,0
08/08/2021 05:00,0,0
08/08/2021 06:00,0,0
08/08/2021 07:00,0,0
08/08/2021 08:00,0,0
08/08/2021 09:00,0,0
08/08/2021 10:00,0,0
08/08/2021 11:00,0,0
08/08/2021 12:00,0,0
08/08/2021 13:00,0,0
08/08/2021 14:00,0,0
08/08/2021 15:00,0,0
08/08/2021 16:00,0,0
08/08/2021 17:00,0,0
08/08/2021 18:00,0,0
08/08/2021 19:00,0,0
08/08/2021 20:00,0,0
08/08/2021 21:00,0,0
08/08/2021 22:00,0,0
08/08/2021 23:00,0,0
09/08/2021 00:00,0,0
09/08/2021 01:00,0,0
09/08/2021 02:00,0,0
09/08/2021 03:00,0,1.43
09/08/2021 04:00,0,0.11
09/08/2021 05:00,5.3814,0
09/08/2021 06:00,0.8429,0
09/08/2021 07:00,0,0
09/08/2021 08:00,0,0
09/08/2021 09:00,0,0
09/08/2021 10:00,0,0
09/08/2021 11:00,0,0
09/08/2021 12:00,0,0
09/08/2021 13:00,0,0
09/08/2021 14:00,0,0
09/08/2021 15:00,0,5.52
09/08/2021 16:00,0,1.61
09/08/2021 17:00,0,0
09/08/2021 18:00,0,0
09/08/2021 19:00,0,0
09/08/2021 20:00,0,0
09/08/2021 21:00,0,0
09/08/2021 22:00,0,0
09/08/2021 23:00,0,0
10/08/2021 00:00,0,0
10/08/2021 01:00,0,0
10/08/2021 02:00,0,0
10/08/2021 03:00,0,0
10/08/2021 04:00,0,0
10/08/2021 05:00,0,0
10/08/2021 06:00,0,0
10/08/2021 07:00,0.1373,2.85
10/08/2021 08:00,0,0.23
10/08/2021 09:00,0,0
10/08/2021 10:00,0,1.14
10/08/2021 11:00,0,0
10/08/2021 12:00,0,0
10/08/2021 13:00,0,0
10/08/2021 14:00,2.9836,0
10/08/2021 15:00,2.8247,0
10/08/2021 16:00,0,0
10/08/2021 17:00,0,0
10/08/2021 18:00,0,0
10/08/2021 19:00,0,0
10/08/2021 20:00,0,0
10/08/2021 21:00,0,0
10/08/2021 22:00,0,0
10/08/2021 23:00,0,0
11/08/2021 00:00,0,0
11/08/2021 01:00,0,0
11/08/2021 02:00,0,0
11/08/2021 03:00,0,0
11/08/2021 04:00,0,0
11/08/2021 05:00,0,0
11/08/2021 06:00,0,2.66
11/08/2021 07:00,0,0
11/08/2021 08:00,0,0
11/08/2021 09:00,0,0
11/08/2021 10:00,0,0
11/08/2021 11:00,0,0
11/08/2021 12:00,0,0
11/08/2021 13:00,0,0
11/08/2021 14:00,2.3494,0
11/08/2021 15:00,4.9811,0
11/08/2021 16:00,0,2.89
11/08/2021 17:00,0,0
11/08/2021 18:00,0,0
11/08/2021 19:00,0,0
11/08/2021 20:00,0,0
11/08/2021 21:00,0,0
11/08/2021 22:00,0,0
11/08/2021 23:00,0,0
12/08/2021 00:00,0,0
12/08/2021 01:00,0,0
12/08/2021 02:00,0.5392,0
12/08/2021 03:00,0,0
12/08/2021 04:00,0,0
12/08/2021 05:00,0,0
12/08/2021 06:00,0,0
12/08/2021 07:00,0,0
12/08/2021 08:00,0.8014,0
12/08/2021 09:00,0,0
12/08/2021 10:00,0,0
12/08/2021 11:00,8.005,0
12/08/2021 12:00,0.8605,0
12/08/2021 13:00,0,0.77
12/08/2021 14:00,0,0
12/08/2021 15:00,3.879,0
12/08/2021 16:00,0.6196,0.13
12/08/2021 17:00,0,4.83
12/08/2021 18:00,0,0
12/08/2021 19:00,0,0
12/08/2021 20:00,0,0
12/08/2021 21:00,0,0
12/08/2021 22:00,0,0
12/08/2021 23:00,0,0
13/08/2021 00:00,0,0
13/08/2021 01:00,0,0
13/08/2021 02:00,0,0
13/08/2021 03:00,0,0
13/08/2021 04:00,0,1
13/08/2021 05:00,1.3725,0
13/08/2021 06:00,3.2002,0
13/08/2021 07:00,0,0
13/08/2021 08:00,0,0
13/08/2021 09:00,0,0
13/08/2021 10:00,0,0
13/08/2021 11:00,0,0
13/08/2021 12:00,0,0
13/08/2021 13:00,0,0
13/08/2021 14:00,0,4.99
13/08/2021 15:00,1.5289,2.4
13/08/2021 16:00,0,0
13/08/2021 17:00,0,0
13/08/2021 18:00,0,0
13/08/2021 19:00,0,0
13/08/2021 20:00,0,0
13/08/2021 21:00,0,0
13/08/2021 22:00,0,0
13/08/2021 23:00,0,0
14/08/2021 00:00,0,0
14/08/2021 01:00,0,0
14/08/2021 02:00,0,0
14/08/2021 03:00,0,0
14/08/2021 04:00,0,0
14/08/2021 05:00,0,0
14/08/2021 06:00,0,0
14/08/2021 07:00,0,0
14/08/2021 08:00,0,0
14/08/2021 09:00,0,0
14/08/2021 10:00,5.2671,0
14/08/2021 11:00,4.6007,0
14/08/2021 12:00,0,0
14/08/2021 13:00,0,0
14/08/2021 14:00,0,0
14/08/2021 15:00,0,0
14/08/2021 16:00,3.4845,0
14/08/2021 17:00,0,0
14/08/2021 18:00,0,0
14/08/2021 19:00,0,0
14/08/2021 20:00,0,0
14/08/2021 21:00,0,0
14/08/2021 22:00,0,0
14/08/2021 23:00,0,0
15/08/2021 00:00,0,0
15/08/2021 01:00,0,0
15/08/2021 02:00,0,0
15/08/2021 03:00,0,0
15/08/2021 04:00,0,0
15/08/2021 05:00,0,0
15/08/2021 06:00,0,0
15/08/2021 07:00,0,0
15/08/2021 08:00,0,0
15/08/2021 09:00,0,0
15/08/2021 10:00,0,0
15/08/2021 11:00,0,0
15/08/2021 12:00,0,0
15/08/2021 13:00,0,0
15/08/2021 14:00,0,0
15/08/2021 15:00,0,0
15/08/2021 16:00,0,0
15/08/2021 17:00,0,0.78
15/08/2021 18:00,0,4.93
15/08/2021 19:00,0,7.04
15/08/2021 20:00,0,0.12
15/08/2021 21:00,0,0
15/08/2021 22:00,0,0
15/08/2021 23:00,0,0
16/08/2021 00:00,0,0
16/08/2021 01:00,0,0
16/08/2021 02:00,0,0
16/08/2021 03:00,0,0
16/08/2021 04:00,0,0
16/08/2021 05:00,4.9301,2.78
16/08/2021 06:00,0,0
16/08/2021 07:00,0.8705,0
16/08/2021 08:00,0,0
16/08/2021 09:00,0,0
16/08/2021 10:00,0,0
16/08/2021 11:00,0,0
16/08/2021 12:00,0,0
16/08/2021 13:00,0,0
16/08/2021 14:00,0,0
16/08/2021 15:00,0,0
16/08/2021 16:00,0,0
16/08/2021 17:00,0,1.96
16/08/2021 18:00,0,3.06
16/08/2021 19:00,0,0
16/08/2021 20:00,0,0
16/08/2021 21:00,0,0
16/08/2021 22:00,0,0
16/08/2021 23:00,0,0
17/08/2021 00:00,0,0
17/08/2021 01:00,0,0
17/08/2021 02:00,0,0
17/08/2021 03:00,0,0
17/08/2021 04:00,0,0
17/08/2021 05:00,0,0
17/08/2021 06:00,0,0.88
17/08/2021 07:00,3.5327,3.51
17/08/2021 08:00,1.631,0
17/08/2021 09:00,0,0
17/08/2021 10:00,0,0
17/08/2021 11:00,0,0
17/08/2021 12:00,0,0
17/08/2021 13:00,0,1.49
17/08/2021 14:00,0,0.49
17/08/2021 15:00,0.921,0
17/08/2021 16:00,0,0
17/08/2021 17:00,0,0
17/08/2021 18:00,0,0
17/08/2021 19:00,0,0
17/08/2021 20:00,0,0
17/08/2021 21:00,0,0
17/08/2021 22:00,0,0
17/08/2021 23:00,0,0
18/08/2021 00:00,0,0
18/08/2021 01:00,0,1.48
18/08/2021 02:00,6.936,2.38
18/08/2021 03:00,0,0
18/08/2021 04:00,0,0
18/08/2021 05:00,0,0
18/08/2021 06:00,0,5.2
18/08/2021 07:00,0,0
18/08/2021 08:00,0,0
18/08/2021 09:00,2.6643,0
18/08/2021 10:00,0,0
18/08/2021 11:00,0,0
18/08/2021 12:00,0,0
18/08/2021 13:00,0,0
18/08/2021 14:00,3.7729,0
18/08/2021 15:00,0,0
18/08/2021 16:00,0,0
18/08/2021 17:00,0,0.96
18/08/2021 18:00,0,0.52
18/08/2021 19:00,3.0337,0
18/08/2021 20:00,0,0
18/08/2021 21:00,0,2.36
18/08/2021 22:00,0,2.11
18/08/2021 23:00,0,0
19/08/2021 00:00,0,0
19/08/2021 01:00,0,0
19/08/2021 02:00,0,0
19/08/2021 03:00,0,0
19/08/2021 04:00,0,0
19/08/2021 05:00,0,0
19/08/2021 06:00,0,0
19/08/2021 07:00,3.0603,0
19/08/2021 08:00,0,0
19/08/2021 09:00,3.7997,0
19/08/2021 10:00,0,0
19/08/2021 11:00,0,0
19/08/2021 12:00,0,0
19/08/2021 13:00,0,0
19/08/2021 14:00,0,2.91
19/08/2021 15:00,0,2.77
19/08/2021 16:00,0,0.67
19/08/2021 17:00,0,0.99
19/08/2021 18:00,0,0
19/08/2021 19:00,0,0
19/08/2021 20:00,0,0
19/08/2021 21:00,0,0
19/08/2021 22:00,0,0
19/08/2021 23:00,0,0
20/08/2021 00:00,0,0
20/08/2021 01:00,0,0
20/08/2021 02:00,0,0
20/08/2021 03:00,0,0
20/08/2021 04:00,0,0
20/08/2021 05:00,0,0
20/08/2021 06:00,0.8558,0
20/08/2021 07:00,5.3071,0
20/08/2021 08:00,0,0
20/08/2021 09:00,0,0
20/08/2021 10:00,0,0
20/08/2021 11:00,0,0
20/08/2021 12:00,0,0
20/08/2021 13:00,0,0
20/08/2021 14:00,0,6.34
20/08/2021 15:00,0.5115,0
20/08/2021 16:00,0,0
20/08/2021 17:00,0,0
20/08/2021 18:00,0,0.77
20/08/2021 19:00,0,0
20/08/2021 20:00,0,0
20/08/2021 21:00,0,0
20/08/2021 22:00,0,0
20/08/2021 23:00,0,0
21/08/2021 00:00,0,0
21/08/2021 01:00,0,0
21/08/2021 02:00,0,0
21/08/2021 03:00,0,0
21/08/2021 04:00,0,0
21/08/2021 05:00,0,0
21/08/2021 06:00,0,0
21/08/2021 07:00,0,0
21/08/2021 08:00,0,0
21/08/2021 09:00,0,0
21/08/2021 10:00,0,0
21/08/2021 11:00,0,0
21/08/2021 12:00,5.0714,0
21/08/2021 13:00,0,0
21/08/2021 14:00,0,0
21/08/2021 15:00,0,0
21/08/2021 16:00,2.4649,0
21/08/2021 17:00,6.6302,0
21/08/2021 18:00,0,0
21/08/2021 19:00,0,0
21/08/2021 20:00,0,0
21/08/2021 21:00,0,0
21/08/2021 22:00,0,0
21/08/2021 23:00,0,0
22/08/2021 00:00,0,0
22/08/2021 01:00,0,0
22/08/2021 02:00,0,0
22/08/2021 03:00,0,0
22/08/2021 04:00,0,0
22/08/2021 05:00,0,0
22/08/2021 06:00,0,0
22/08/2021 07:00,0,0
22/08/2021 08:00,0,0
22/08/2021 09:00,0,0
22/08/2021 10:00,0,0
22/08/2021 11:00,0,0
22/08/2021 12:00,0,0
22/08/2021 13:00,0,0
22/08/2021 14:00,0,0
22/08/2021 15:00,0,0
22/08/2021 16:00,0,0
22/08/2021 17:00,0,0
22/08/2021 18:00,0,0
22/08/2021 19:00,0,0
22/08/2021 20:00,0,0
22/08/2021 21:00,0,0
22/08/2021 22:00,0,0
22/08/2021 23:00,0,0
23/08/2021 00:00,0,0
23/08/2021 01:00,0,0
23/08/2021 02:00,0,0
23/08/2021 03:00,0,0
23/08/2021 04:00,0.1251,0
23/08/2021 05:00,0,0
23/08/2021 06:00,0,0
23/08/2021 07:00,0,0
23/08/2021 08:00,0,0
23/08/2021 09:00,0,0
23/08/2021 10:00,0,0
23/08/2021 11:00,0,0
23/08/2021 12:00,0,0.65
23/08/2021 13:00,0,3.54
23/08/2021 14:00,6.6344,2.65
23/08/2021 15:00,0,0
23/08/2021 16:00,0,0
23/08/2021 17:00,0,0
23/08/2021 18:00,0,0
23/08/2021 19:00,0,0
23/08/2021 20:00,0,0
23/08/2021 21:00,0,0
23/08/2021 22:00,0,0
23/08/2021 23:00,0,0
24/08/2021 00:00,0,0
24/08/2021 01:00,0,0
24/08/2021 02:00,0,0
24/08/2021 03:00,0,0
24/08/2021 04:00,3.794,0
24/08/2021 05:00,0,4.58
24/08/2021 06:00,0,0
24/08/2021 07:00,0,0
24/08/2021 08:00,0,0
24/08/2021 09:00,0,0
24/08/2021 10:00,0,0
24/08/2021 11:00,0,0
24/08/2021 12:00,0,0
24/08/2021 13:00,0,0
24/08/2021 14:00,0,0
24/08/2021 15:00,0,0
24/08/2021 16:00,0,1.48
24/08/2021 17:00,1.8528,0
24/08/2021 18:00,0,0
24/08/2021 19:00,0,0
24/08/2021 20:00,0,0
24/08/2021 21:00,0,0
24/08/2021 22:00,0,0
24/08/2021 23:00,0,0
25/08/2021 00:00,0,0
25/08/2021 01:00,0,0
25/08/2021 02:00,0,0
25/08/2021 03:00,0,0
25/08/2021 04:00,0,0
25/08/2021 05:00,0,0
25/08/2021 06:00,0,0.12
25/08/2021 07:00,0,0
25/08/2021 08:00,0,0
25/08/2021 09:00,0,0
25/08/2021 10:00,0,0
25/08/2021 11:00,0,0
25/08/2021 12:00,0,0
25/08/2021 13:00,0,2.53
25/08/2021 14:00,4.2902,3.19
25/08/2021 15:00,0.4128,0
25/08/2021 16:00,0.3642,0
25/08/2021 17:00,1.4376,0
25/08/2021 18:00,0,0
25/08/2021 19:00,0,0
25/08/2021 20:00,0,0
25/08/2021 21:00,0,0
25/08/2021 22:00,0,0
25/08/2021 23:00,0,0
26/08/2021 00:00,0,0
26/08/2021 01:00,0,0
26/08/2021 02:00,0,0
26/08/2021 03:00,0,0
26/08/2021 04:00,0,0
26/08/2021 05:00,0,0
26/08/2021 06:00,0,2.39
26/08/2021 07:00,0,0
26/08/2021 08:00,0,1.19
26/08/2021 09:00,0,0
26/08/2021 10:00,0,0
26/08/2021 11:00,0,0
26/08/2021 12:00,0,0
26/08/2021 13:00,0,0
26/08/2021 14:00,0.1275,0
26/08/2021 15:00,4.0975,0
26/08/2021 16:00,4.5319,0
26/08/2021 17:00,0,0
26/08/2021 18:00,0,0
26/08/2021 19:00,0,0
26/08/2021 20:00,0,0
26/08/2021 21:00,0,0
26/08/2021 22:00,0,0
26/08/2021 23:00,0,0
27/08/2021 00:00,0,0
27/08/2021 01:00,0,4.06
27/08/2021 02:00,0,0
27/08/2021 03:00,0,0
27/08/2021 04:00,0,0
27/08/2021 05:00,0,0
27/08/2021 06:00,0,0
27/08/2021 07:00,2.711,4.33
27/08/2021 08:00,2.6652,0
27/08/2021 09:00,0,0
27/08/2021 10:00,0,0
27/08/2021 11:00,0,0
27/08/2021 12:00,0,0
27/08/2021 13:00,0,0.71
27/08/2021 14:00,0,0
27/08/2021 15:00,0,0
27/08/2021 16:00,0.7444,0
27/08/2021 17:00,0.2457,0
27/08/2021 18:00,0,1.99
27/08/2021 19:00,0,2.07
27/08/2021 20:00,0,0
27/08/2021 21:00,0,0
27/08/2021 22:00,0,0
27/08/2021 23:00,0,0
28/08/2021 00:00,0,0
28/08/2021 01:00,0,0
28/08/2021 02:00,0,2.19
28/08/2021 03:00,0,0
28/08/2021 04:00,0,0
28/08/2021 05:00,0,0
28/08/2021 06:00,0,0.73
28/08/2021 07:00,0,5.74
28/08/2021 08:00,0,0.61
28/08/2021 09:00,0,0
28/08/2021 10:00,0,0
28/08/2021 11:00,0,0
28/08/2021 12:00,0,0
28/08/2021 13:00,0,0
28/08/2021 14:00,3.1299,0
28/08/2021 15:00,5.3349,0
28/08/2021 16:00,3.9516,0
28/08/2021 17:00,0,0
28/08/2021 18:00,0,0
28/08/2021 19:00,0,0
28/08/2021 20:00,0,0
28/08/2021 21:00,0,0
28/08/2021 22:00,2.1968,0
28/08/2021 23:00,0,0
29/08/2021 00:00,0,0
29/08/2021 01:00,0,0
29/08/2021 02:00,1.8262,0
29/08/2021 03:00,0,0
29/08/2021 04:00,0,0
29/08/2021 05:00,0,0
29/08/2021 06:00,0,0
29/08/2021 07:00,0,0
29/08/2021 08:00,0,0
29/08/2021 09:00,0,0
29/08/2021 10:00,0,0
29/08/2021 11:00,0,0
29/08/2021 12:00,0,0
29/08/2021 13:00,0,0
29/08/2021 14:00,0,0
29/08/2021 15:00,0,0
29/08/2021 16:00,0,0
29/08/2021 17:00,0,0
29/08/2021 18:00,0,0
29/08/2021 19:00,0,0
29/08/2021 20:00,0,0
29/08/2021 21:00,0,2.47
29/08/2021 22:00,0,0
29/08/2021 23:00,0,0
30/08/2021 00:00,0,0
30/08/2021 01:00,0,0
30/08/2021 02:00,0,0
30/08/2021 03:00,0,0
30/08/2021 04:00,0,0
30/08/2021 05:00,0,0
30/08/2021 06:00,1.6694,2.88
30/08/2021 07:00,0,1.35
30/08/2021 08:00,0,0
30/08/2021 09:00,0,0
30/08/2021 10:00,0,0
30/08/2021 11:00,0,0
30/08/2021 12:00,0,0
30/08/2021 13:00,4.7753,0
30/08/2021 14:00,0,0
30/08/2021 15:00,0,0
30/08/2021 16:00,0,1.39
30/08/2021 17:00,0,0
30/08/2021 18:00,0,0
30/08/2021 19:00,0,0
30/08/2021 20:00,0,0
30/08/2021 21:00,0,0
30/08/2021 22:00,0,0
30/08/2021 23:00,0,0
31/08/2021 00:00,0,0
31/08/2021 01:00,0,0
31/08/2021 02:00,0,0
31/08/2021 03:00,0,0
31/08/2021 04:00,0,0
31/08/2021 05:00,0,0
31/08/2021 06:00,1.6545,0
31/08/2021 07:00,3.5335,0
31/08/2021 08:00,0,0
31/08/2021 09:00,0,0
31/08/2021 10:00,0,0
31/08/2021 11:00,0,0
31/08/2021 12:00,0,0
31/08/2021 13:00,1.0149,0.56
31/08/2021 14:00,0,4.65
31/08/2021 15:00,0,0.45
31/08/2021 16:00,0,0
31/08/2021 17:00,0,0
31/08/2021 18:00,0,0
31/08/2021 19:00,0,0
31/08/2021 20:00,0,0
31/08/2021 21:00,0,0
31/08/2021 22:00,0,0
31/08/2021 23:00,0,0
01/09/2021 00:00,0,0
01/09/2021 01:00,0,0
01/09/2021 02:00,0,0
01/09/2021 03:00,0,0
01/09/2021 04:00,0,0
01/09/2021 05:00,0,0
01/09/2021 06:00,0,0
01/09/2021 07:00,0,5.07
01/09/2021 08:00,2.0409,1.75
01/09/2021 09:00,2.3597,0
01/09/2021 10:00,0,0
01/09/2021 11:00,4.0236,0
01/09/2021 12:00,1.5007,0
01/09/2021 13:00,0,0
01/09/2021 14:00,0,0
01/09/2021 15:00,0,0
01/09/2021 16:00,1.0612,0
01/09/2021 17:00,1.5015,0
01/09/2021 18:00,0,0
01/09/2021 19:00,0,0
01/09/2021 20:00,3.9229,0
01/09/2021 21:00,0,0
01/09/2021 22:00,0,0
01/09/2021 23:00,0,0
02/09/2021 00:00,0,1.49
02/09/2021 01:00,0,5.59
02/09/2021 02:00,0,0
02/09/2021 03:00,0,2.28
02/09/2021 04:00,0.8444,0
02/09/2021 05:00,4.3813,0
02/09/2021 06:00,0,5.79
02/09/2021 07:00,0,0.49
02/09/2021 08:00,0,0
02/09/2021 09:00,0,0
02/09/2021 10:00,0,0
02/09/2021 11:00,0,0
02/09/2021 12:00,0,0
02/09/2021 13:00,0,0
02/09/2021 14:00,0,0
02/09/2021 15:00,0.4213,0
02/09/2021 16:00,0,0
02/09/2021 17:00,0,0
02/09/2021 18:00,0,0.55
02/09/2021 19:00,0,0
02/09/2021 20:00,0,0
02/09/2021 21:00,0,0
02/09/2021 22:00,0,0.25
02/09/2021 23:00,0,0
03/09/2021 00:00,0,0
03/09/2021 01:00,0,0
03/09/2021 02:00,0,0
03/09/2021 03:00,0,0
03/09/2021 04:00,0,0
03/09/2021 05:00,4.2568,0
03/09/2021 06:00,1.1124,4.45
03/09/2021 07:00,0,0
03/09/2021 08:00,0,0
03/09/2021 09:00,0,0
03/09/2021 10:00,0,0
03/09/2021 11:00,0,0
03/09/2021 12:00,0,0
03/09/2021 13:00,0,0
03/09/2021 14:00,0,0
03/09/2021 15:00,0,1.49
03/09/2021 16:00,0,0
03/09/2021 17:00,0,0
03/09/2021 18:00,0,0
03/09/2021 19:00,0,0
03/09/2021 20:00,0,0
03/09/2021 21:00,0,0
03/09/2021 22:00,0,0
03/09/2021 23:00,0,0
04/09/2021 00:00,0,0
04/09/2021 01:00,0,0
04/09/2021 02:00,0,0
04/09/2021 03:00,0,0
04/09/2021 04:00,0,0
04/09/2021 05:00,0,0
04/09/2021 06:00,0,0
04/09/2021 07:00,0,0
04/09/2021 08:00,0,0
04/09/2021 09:00,0,0
04/09/2021 10:00,3.4611,0
04/09/2021 11:00,8.301,0
04/09/2021 12:00,0.8493,0
04/09/2021 13:00,0,0
04/09/2021 14:00,0,0
04/09/2021 15:00,0,0
04/09/2021 16:00,0,0
04/09/2021 17:00,0,0
04/09/2021 18:00,0,0
04/09/2021 19:00,0,0
04/09/2021 20:00,0,0
04/09/2021 21:00,0,2.58
04/09/2021 22:00,0,0
04/09/2021 23:00,0,0
05/09/2021 00:00,0,0
05/09/2021 01:00,0,0
05/09/2021 02:00,0,0
05/09/2021 03:00,0,0
05/09/2021 04:00,0,0
05/09/2021 05:00,0,0
05/09/2021 06:00,0,0
05/09/2021 07:00,0,0
05/09/2021 08:00,0,0
05/09/2021 09:00,0,0
05/09/2021 10:00,0,0
05/09/2021 11:00,0,0
05/09/2021 12:00,2.4147,0
05/09/2021 13:00,7.3849,0
05/09/2021 14:00,0,0
05/09/2021 15:00,3.0493,0
05/09/2021 16:00,0,0
05/09/2021 17:00,0,0
05/09/2021 18:00,0,0
05/09/2021 19:00,0,0
05/09/2021 20:00,0,0
05/09/2021 21:00,0,0
05/09/2021 22:00,0,0
05/09/2021 23:00,0,0
06/09/2021 00:00,0,0
06/09/2021 01:00,0,0
06/09/2021 02:00,0,0
06/09/2021 03:00,0,0
06/09/2021 04:00,0,0
06/09/2021 05:00,0,0
06/09/2021 06:00,0,0
06/09/2021 07:00,0,0
06/09/2021 08:00,0,0
06/09/2021 09:00,0,0
06/09/2021 10:00,0,0
06/09/2021 11:00,0,0
06/09/2021 12:00,0,0
06/09/2021 13:00,0.5055,0
06/09/2021 14:00,5.547,0
06/09/2021 15:00,0,5.77
06/09/2021 16:00,0,2.03
06/09/2021 17:00,0,0
06/09/2021 18:00,0,0
06/09/2021 19:00,0,0
06/09/2021 20:00,0,0
06/09/2021 21:00,0,0
06/09/2021 22:00,0,0
06/09/2021 23:00,0,0
07/09/2021 00:00,7.7412,0
07/09/2021 01:00,0,0
07/09/2021 02:00,0,0
07/09/2021 03:00,0,0
07/09/2021 04:00,0.5299,0
07/09/2021 05:00,0,0
07/09/2021 06:00,0,0
07/09/2021 07:00,1.9817,5.37
07/09/2021 08:00,4.062,0
07/09/2021 09:00,0,1.26
07/09/2021 10:00,0,0
07/09/2021 11:00,0,0
07/09/2021 12:00,0,0
07/09/2021 13:00,0,0
07/09/2021 14:00,0,0
07/09/2021 15:00,0,0
07/09/2021 16:00,0,0
07/09/2021 17:00,0,0
07/09/2021 18:00,0,0
07/09/2021 19:00,0,0
07/09/2021 20:00,0.1414,0
07/09/2021 21:00,0,0
07/09/2021 22:00,0,0
07/09/2021 23:00,0,0
08/09/2021 00:00,0,0
08/09/2021 01:00,0,0
08/09/2021 02:00,0,0
08/09/2021 03:00,0,0
08/09/2021 04:00,0,0
08/09/2021 05:00,0,0
08/09/2021 06:00,0,5.63
08/09/2021 07:00,0,0
08/09/2021 08:00,0,0
08/09/2021 09:00,0,0
08/09/2021 10:00,0,0
08/09/2021 11:00,1.3087,0
08/09/2021 12:00,0.7192,0
08/09/2021 13:00,0,0
08/09/2021 14:00,5.1458,0
08/09/2021 15:00,0,0.28
08/09/2021 16:00,1.684,0
08/09/2021 17:00,0,0
08/09/2021 18:00,0,0
08/09/2021 19:00,0,0
08/09/2021 20:00,0,0
08/09/2021 21:00,1.2707,0
08/09/2021 22:00,5.514,0
08/09/2021 23:00,0,0
09/09/2021 00:00,0,0
09/09/2021 01:00,0,0
09/09/2021 02:00,0,0
09/09/2021 03:00,0,0
09/09/2021 04:00,0,0
09/09/2021 05:00,0,0
09/09/2021 06:00,0.2786,0
09/09/2021 07:00,4.7288,5.55
09/09/2021 08:00,0,0
09/09/2021 09:00,0,0
09/09/2021 10:00,0,0
09/09/2021 11:00,0,0
09/09/2021 12:00,0,0
09/09/2021 13:00,0,0
09/09/2021 14:00,0,0
09/09/2021 15:00,0,0.77
09/09/2021 16:00,0,0
09/09/2021 17:00,0,0
09/09/2021 18:00,0,0
09/09/2021 19:00,0,0
09/09/2021 20:00,0,0
09/09/2021 21:00,0,0
09/09/2021 22:00,0,0
09/09/2021 23:00,0,0
10/09/2021 00:00,0.1591,0
10/09/2021 01:00,3.8033,0
10/09/2021 02:00,0,0
10/09/2021 03:00,0,0
10/09/2021 04:00,0,0
10/09/2021 05:00,0,0
10/09/2021 06:00,0,0.21
10/09/2021 07:00,0,0
10/09/2021 08:00,1.5717,3.59
10/09/2021 09:00,0,0
10/09/2021 10:00,0,4.03
10/09/2021 11:00,0,0
10/09/2021 12:00,0,0
10/09/2021 13:00,0,0
10/09/2021 14:00,2.2367,0
10/09/2021 15:00,2.4778,0
10/09/2021 16:00,0,0
10/09/2021 17:00,0,0
10/09/2021 18:00,0,0
10/09/2021 19:00,0,0
10/09/2021 20:00,0,0
10/09/2021 21:00,4.1816,0
10/09/2021 22:00,0,0
10/09/2021 23:00,0,0
11/09/2021 00:00,0,0
11/09/2021 01:00,0,0
11/09/2021 02:00,0,0
11/09/2021 03:00,0,0
11/09/2021 04:00,0,0
11/09/2021 05:00,0,0
11/09/2021 06:00,0,0
11/09/2021 07:00,0,0
11/09/2021 08:00,0,0
11/09/2021 09:00,0,0
11/09/2021 10:00,0,0
11/09/2021 11:00,1.6101,0
11/09/2021 12:00,6.506,0
11/09/2021 13:00,3.9845,0
11/09/2021 14:00,1.5905,0
11/09/2021 15:00,0,0
11/09/2021 16:00,0,0
11/09/2021 17:00,0,0
11/09/2021 18:00,0,0
11/09/2021 19:00,0,0
11/09/2021 20:00,0,0
11/09/2021 21:00,0,0
11/09/2021 22:00,0,0
11/09/2021 23:00,0,0
12/09/2021 00:00,0,0
12/09/2021 01:00,0,0
12/09/2021 02:00,0,0
12/09/2021 03:00,0,0
12/09/2021 04:00,0,0
12/09/2021 05:00,0,0
12/09/2021 06:00,0,0
12/09/2021 07:00,0,0
12/09/2021 08:00,0,0
12/09/2021 09:00,0,0
12/09/2021 10:00,0,0
12/09/2021 11:00,0,0
12/09/2021 12:00,0,0
12/09/2021 13:00,0,0
12/09/2021 14:00,0,0
12/09/2021 15:00,0,0
12/09/2021 16:00,0,0
12/09/2021 17:00,0,0
12/09/2021 18:00,0,0
12/09/2021 19:00,0,0
12/09/2021 20:00,0,0
12/09/2021 21:00,0,0
12/09/2021 22:00,0,0
12/09/2021 23:00,0,0
13/09/2021 00:00,0,0
13/09/2021 01:00,0,0
13/09/2021 02:00,0,0
13/09/2021 03:00,0,0
13/09/2021 04:00,0,0
13/09/2021 05:00,0,0
13/09/2021 06:00,0,3.56
13/09/2021 07:00,0.7429,1.66
13/09/2021 08:00,0,0
13/09/2021 09:00,0,1.04
13/09/2021 10:00,0,0
13/09/2021 11:00,0,0
13/09/2021 12:00,0,0
13/09/2021 13:00,3.7919,0
13/09/2021 14:00,1.8879,0
13/09/2021 15:00,0,0
13/09/2021 16:00,0,0
13/09/2021 17:00,0,0
13/09/2021 18:00,0,0
13/09/2021 19:00,0,0
13/09/2021 20:00,0,0
13/09/2021 21:00,0,0
13/09/2021 22:00,0,0
13/09/2021 23:00,0,0
14/09/2021 00:00,0,0
14/09/2021 01:00,0,0
14/09/2021 02:00,0.7659,0
14/09/2021 03:00,1.5254,0
14/09/2021 04:00,0,4.6
14/09/2021 05:00,0,0
14/09/2021 06:00,0,0
14/09/2021 07:00,0,0
14/09/2021 08:00,2.3592,0
14/09/2021 09:00,0,0
14/09/2021 10:00,4.1468,0
14/09/2021 11:00,0,0
14/09/2021 12:00,0,0
14/09/2021 13:00,0,0
14/09/2021 14:00,0,0
14/09/2021 15:00,2.0292,0.52
14/09/2021 16:00,2.2133,0
14/09/2021 17:00,0,0
14/09/2021 18:00,0,0
14/09/2021 19:00,0,0
14/09/2021 20:00,0,0
14/09/2021 21:00,0,0
14/09/2021 22:00,2.1127,0
14/09/2021 23:00,0,0
15/09/2021 00:00,0,0
15/09/2021 01:00,0,0
15/09/2021 02:00,0,0
15/09/2021 03:00,0,0
15/09/2021 04:00,0,0
15/09/2021 05:00,0,0
15/09/2021 06:00,0,0
15/09/2021 07:00,0,3.97
15/09/2021 08:00,0,0
15/09/2021 09:00,3.2632,0
15/09/2021 10:00,0,0
15/09/2021 11:00,0,0
15/09/2021 12:00,0,0
15/09/2021 13:00,0,0
15/09/2021 14:00,0,0
15/09/2021 15:00,0,0
15/09/2021 16:00,2.9582,0
15/09/2021 17:00,0,1.79
15/09/2021 18:00,0,0
15/09/2021 19:00,0,0
15/09/2021 20:00,0,0
15/09/2021 21:00,0,0
15/09/2021 22:00,0,0
15/09/2021 23:00,0,0
16/09/2021 00:00,0,0
16/09/2021 01:00,0,0
16/09/2021 02:00,0,0
16/09/2021 03:00,0,0
16/09/2021 04:00,0,1.26
16/09/2021 05:00,1.4755,4.11
16/09/2021 06:00,3.3573,0
16/09/2021 07:00,0,0
16/09/2021 08:00,0,0
16/09/2021 09:00,0,0
16/09/2021 10:00,0,0
16/09/2021 11:00,0,0
16/09/2021 12:00,0,0
16/09/2021 13:00,0,0
16/09/2021 14:00,0.7419,0
16/09/2021 15:00,1.3499,0.12
16/09/2021 16:00,0,0
16/09/2021 17:00,0,0.42
16/09/2021 18:00,0,0
16/09/2021 19:00,0,0
16/09/2021 20:00,0,0
16/09/2021 21:00,0,0
16/09/2021 22:00,0,0
16/09/2021 23:00,0,0
17/09/2021 00:00,0,0
17/09/2021 01:00,0,0
17/09/2021 02:00,0,0
17/09/2021 03:00,0,0
17/09/2021 04:00,0,0
17/09/2021 05:00,0,0
17/09/2021 06:00,0,0
17/09/2021 07:00,0,0
17/09/2021 08:00,1.953,0
17/09/2021 09:00,0,0
17/09/2021 10:00,0,0
17/09/2021 11:00,0,0
17/09/2021 12:00,0,0
17/09/2021 13:00,0,0
17/09/2021 14:00,0,0
17/09/2021 15:00,4.0281,1
17/09/2021 16:00,0.2672,6.02
17/09/2021 17:00,0,0
17/09/2021 18:00,0,0
17/09/2021 19:00,0,0
17/09/2021 20:00,0,0
17/09/2021 21:00,0,0
17/09/2021 22:00,0,0
17/09/2021 23:00,0,0
18/09/2021 00:00,0,0
18/09/2021 01:00,0,0
18/09/2021 02:00,0,0
18/09/2021 03:00,0,0
18/09/2021 04:00,0,0
18/09/2021 05:00,0,0
18/09/2021 06:00,0,0
18/09/2021 07:00,0,0
18/09/2021 08:00,0,0
18/09/2021 09:00,0,0
18/09/2021 10:00,0,0
18/09/2021 11:00,0,0
18/09/2021 12:00,0,0
18/09/2021 13:00,2.1815,0
18/09/2021 14:00,6.0258,0
18/09/2021 15:00,3.0434,0
18/09/2021 16:00,0,0
18/09/2021 17:00,0,0
18/09/2021 18:00,0,0
18/09/2021 19:00,0,0
18/09/2021 20:00,0,0
18/09/2021 21:00,0,0
18/09/2021 22:00,0,0
18/09/2021 23:00,0,0
19/09/2021 00:00,0,0
19/09/2021 01:00,0,0
19/09/2021 02:00,0,0
19/09/2021 03:00,0,0
19/09/2021 04:00,0,0
19/09/2021 05:00,0,0
19/09/2021 06:00,0,0
19/09/2021 07:00,0,0
19/09/2021 08:00,0,0
19/09/2021 09:00,0,0
19/09/2021 10:00,0,0
19/09/2021 11:00,0,0
19/09/2021 12:00,0,0
19/09/2021 13:00,6.267,0
19/09/2021 14:00,0.1567,0
19/09/2021 15:00,4.4575,0
19/09/2021 16:00,0.4567,0
19/09/2021 17:00,1.7271,0
19/09/2021 18:00,0,0
19/09/2021 19:00,0,0
19/09/2021 20:00,0,0
19/09/2021 21:00,0,0
19/09/2021 22:00,0,0
19/09/2021 23:00,0,0
20/09/2021 00:00,0,0
20/09/2021 01:00,0,0
20/09/2021 02:00,0,0
20/09/2021 03:00,0,0
20/09/2021 04:00,0,0
20/09/2021 05:00,5.6352,0
20/09/2021 06:00,0,0
20/09/2021 07:00,0,0
20/09/2021 08:00,0,0
20/09/2021 09:00,0,2.29
20/09/2021 10:00,0,0
20/09/2021 11:00,0,0
20/09/2021 12:00,0,0
20/09/2021 13:00,0,0
20/09/2021 14:00,0.9453,0
20/09/2021 15:00,0,0
20/09/2021 16:00,0,3.07
20/09/2021 17:00,0,1.22
20/09/2021 18:00,0,0
20/09/2021 19:00,0,0
20/09/2021 20:00,0,0
20/09/2021 21:00,0,0
20/09/2021 22:00,0,0
20/09/2021 23:00,0,0
21/09/2021 00:00,0,0
21/09/2021 01:00,5.4349,0
21/09/2021 02:00,0,0
21/09/2021 03:00,0,0
21/09/2021 04:00,0,0
21/09/2021 05:00,0,0
21/09/2021 06:00,0,0
21/09/2021 07:00,0.2475,0
21/09/2021 08:00,0.1238,4.62
21/09/2021 09:00,0,0
21/09/2021 10:00,0,0
21/09/2021 11:00,3.9917,0
21/09/2021 12:00,0,0
21/09/2021 13:00,0,0
21/09/2021 14:00,0,0
21/09/2021 15:00,6.6043,0
21/09/2021 16:00,0.1139,1.02
21/09/2021 17:00,0,0
21/09/2021 18:00,0,0
21/09/2021 19:00,0,0
21/09/2021 20:00,0,0
21/09/2021 21:00,0,0
21/09/2021 22:00,0,0
21/09/2021 23:00,0,0
22/09/2021 00:00,0,0
22/09/2021 01:00,0,0
22/09/2021 02:00,0,0
22/09/2021 03:00,0,0
22/09/2021 04:00,0,0
22/09/2021 05:00,0,1.57
22/09/2021 06:00,0.8564,0
22/09/2021 07:00,0,3.89
22/09/2021 08:00,0,0
22/09/2021 09:00,0,0
22/09/2021 10:00,0,0
22/09/2021 11:00,0,0
22/09/2021 12:00,0,0
22/09/2021 13:00,0,0
22/09/2021 14:00,5.062,0
22/09/2021 15:00,0,0
22/09/2021 16:00,0,0
22/09/2021 17:00,0,0
22/09/2021 18:00,0,0
22/09/2021 19:00,0,0
22/09/2021 20:00,0,0
22/09/2021 21:00,0,0
22/09/2021 22:00,0,0
22/09/2021 23:00,0,0
23/09/2021 00:00,0,0
23/09/2021 01:00,0,0
23/09/2021 02:00,0,0
23/09/2021 03:00,0,0
23/09/2021 04:00,0,0
23/09/2021 05:00,0,0
23/09/2021 06:00,0,0
23/09/2021 07:00,0,0
23/09/2021 08:00,0,0
23/09/2021 09:00,0,0
23/09/2021 10:00,0,0
23/09/2021 11:00,0,0
23/09/2021 12:00,0,0
23/09/2021 13:00,0,0.77
23/09/2021 14:00,2.8034,0
23/09/2021 15:00,2.0989,4.64
23/09/2021 16:00,0.8935,0
23/09/2021 17:00,0.6655,0
23/09/2021 18:00,0,0
23/09/2021 19:00,0,0
23/09/2021 20:00,0,0
23/09/2021 21:00,0,0
23/09/2021 22:00,0,0
23/09/2021 23:00,0,0
24/09/2021 00:00,0,0
24/09/2021 01:00,0,0
24/09/2021 02:00,0,0
24/09/2021 03:00,0,0
24/09/2021 04:00,0,0
24/09/2021 05:00,0.2971,0
24/09/2021 06:00,1.3911,0
24/09/2021 07:00,0,0
24/09/2021 08:00,0,0.71
24/09/2021 09:00,0,1.57
24/09/2021 10:00,0,0
24/09/2021 11:00,0,0
24/09/2021 12:00,0,0
24/09/2021 13:00,2.4559,0
24/09/2021 14:00,1.991,0
24/09/2021 15:00,0,3.05
24/09/2021 16:00,0,0
24/09/2021 17:00,0,0
24/09/2021 18:00,0,0
24/09/2021 19:00,0,0
24/09/2021 20:00,0,0
24/09/2021 21:00,0,0
24/09/2021 22:00,0,0
24/09/2021 23:00,0,0
25/09/2021 00:00,0,0
25/09/2021 01:00,0,0
25/09/2021 02:00,0,0
25/09/2021 03:00,0,0
25/09/2021 04:00,0,0
25/09/2021 05:00,0,0
25/09/2021 06:00,0,0
25/09/2021 07:00,2.5979,0
25/09/2021 08:00,0,0
25/09/2021 09:00,0,0
25/09/2021 10:00,1.3783,0
25/09/2021 11:00,2.089,0
25/09/2021 12:00,0,0
25/09/2021 13:00,0,0
25/09/2021 14:00,0,0
25/09/2021 15:00,0,0
25/09/2021 16:00,0,0
25/09/2021 17:00,0,0
25/09/2021 18:00,0,0
25/09/2021 19:00,3.1498,0
25/09/2021 20:00,1.3357,0
25/09/2021 21:00,0,0
25/09/2021 22:00,0,0
25/09/2021 23:00,0,0
26/09/2021 00:00,0,0
26/09/2021 01:00,0,0
26/09/2021 02:00,0,0
26/09/2021 03:00,0,0
26/09/2021 04:00,0,0
26/09/2021 05:00,0,0
26/09/2021 06:00,0.5114,0
26/09/2021 07:00,5.4731,0
26/09/2021 08:00,5.5814,0
26/09/2021 09:00,1.1003,0
26/09/2021 10:00,0,0
26/09/2021 11:00,0,0
26/09/2021 12:00,0,0
26/09/2021 13:00,0,0
26/09/2021 14:00,0,0
26/09/2021 15:00,0,0
26/09/2021 16:00,0,0
26/09/2021 17:00,0,0
26/09/2021 18:00,0,0
26/09/2021 19:00,0,0
26/09/2021 20:00,0,0
26/09/2021 21:00,0,0
26/09/2021 22:00,0,0
26/09/2021 23:00,0,0
27/09/2021 00:00,1.3595,0
27/09/2021 01:00,2.1849,0
27/09/2021 02:00,0,0
27/09/2021 03:00,0,0
27/09/2021 04:00,0,0
27/09/2021 05:00,0,0
27/09/2021 06:00,3.9522,0
27/09/2021 07:00,1.1495,0
27/09/2021 08:00,0,0
27/09/2021 09:00,0,0
27/09/2021 10:00,0,0
27/09/2021 11:00,0,0
27/09/2021 12:00,0,0
27/09/2021 13:00,0,0
27/09/2021 14:00,1.5303,0
27/09/2021 15:00,0,5.68
27/09/2021 16:00,0,1.76
27/09/2021 17:00,0,1.23
27/09/2021 18:00,0,0
27/09/2021 19:00,0,0
27/09/2021 20:00,0,0
27/09/2021 21:00,0,0
27/09/2021 22:00,3.8858,0
27/09/2021 23:00,2.4219,0
28/09/2021 00:00,1.89,0
28/09/2021 01:00,0,0
28/09/2021 02:00,0,0
28/09/2021 03:00,0,0
28/09/2021 04:00,0.6584,0
28/09/2021 05:00,4.2006,0
28/09/2021 06:00,1.004,0
28/09/2021 07:00,0,0
28/09/2021 08:00,0,0
28/09/2021 09:00,0,0
28/09/2021 10:00,0,0
28/09/2021 11:00,0,0
28/09/2021 12:00,0,0
28/09/2021 13:00,0,0
28/09/2021 14:00,0,0
28/09/2021 15:00,0,5.88
28/09/2021 16:00,0,0.98
28/09/2021 17:00,0,0
28/09/2021 18:00,0,0
28/09/2021 19:00,0,0
28/09/2021 20:00,2.9683,0
28/09/2021 21:00,0,0
28/09/2021 22:00,0,0
28/09/2021 23:00,0,0
29/09/2021 00:00,0,0
29/09/2021 01:00,0,0
29/09/2021 02:00,0,0
29/09/2021 03:00,0,0
29/09/2021 04:00,0,0
29/09/2021 05:00,1.5694,0.39
29/09/2021 06:00,3.4424,4.03
29/09/2021 07:00,0,0
29/09/2021 08:00,0,0
29/09/2021 09:00,0,0
29/09/2021 10:00,0,0
29/09/2021 11:00,0,0
29/09/2021 12:00,0,0
29/09/2021 13:00,0,0
29/09/2021 14:00,0,0
29/09/2021 15:00,0,0
29/09/2021 16:00,0,0
29/09/2021 17:00,0.2349,0
29/09/2021 18:00,0,0
29/09/2021 19:00,0,0
29/09/2021 20:00,0,0
29/09/2021 21:00,0,0
29/09/2021 22:00,0,0
29/09/2021 23:00,0,0
30/09/2021 00:00,0,0
30/09/2021 01:00,0,0
30/09/2021 02:00,0,0
30/09/2021 03:00,0,0
30/09/2021 04:00,0,0
30/09/2021 05:00,2.0452,0
30/09/2021 06:00,1.4386,0
30/09/2021 07:00,0,0
30/09/2021 08:00,0,0
30/09/2021 09:00,0,0
30/09/2021 10:00,0,0
30/09/2021 11:00,0,0
30/09/2021 12:00,0,0
30/09/2021 13:00,0,0
30/09/2021 14:00,1.3839,0
30/09/2021 15:00,0,0
30/09/2021 16:00,0,0
30/09/2021 17:00,0,5.19
30/09/2021 18:00,0,0.54
30/09/2021 19:00,0,0
30/09/2021 20:00,0,0
30/09/2021 21:00,0,0
30/09/2021 22:00,0,0
30/09/2021 23:00,0,0
01/10/2021 00:00,0,1.93
01/10/2021 01:00,0,0.3
01/10/2021 02:00,0,0
01/10/2021 03:00,0,0
01/10/2021 04:00,0,0
01/10/2021 05:00,0,0
01/10/2021 06:00,0,0
01/10/2021 07:00,1.997,0
01/10/2021 08:00,4.0793,0
01/10/2021 09:00,0,0
01/10/2021 10:00,0,0
01/10/2021 11:00,5.4776,0
01/10/2021 12:00,0,0
01/10/2021 13:00,0,0
01/10/2021 14:00,0,0
01/10/2021 15:00,0,0
01/10/2021 16:00,0,0
01/10/2021 17:00,0,0
01/10/2021 18:00,0,0
01/10/2021 19:00,0,0
01/10/2021 20:00,0,0
01/10/2021 21:00,0,0
01/10/2021 22:00,0,0
01/10/2021 23:00,0,0
02/10/2021 00:00,0,0
02/10/2021 01:00,0,0
02/10/2021 02:00,0,0
02/10/2021 03:00,0,0
02/10/2021 04:00,0,0
02/10/2021 05:00,0,2.57
02/10/2021 06:00,0,3.39
02/10/2021 07:00,0,0
02/10/2021 08:00,0,0
02/10/2021 09:00,0,0
02/10/2021 10:00,0,0
02/10/2021 11:00,0.457,0
02/10/2021 12:00,0,0
02/10/2021 13:00,5.7176,0
02/10/2021 14:00,4.3329,0
02/10/2021 15:00,0,3.68
02/10/2021 16:00,0,0.41
02/10/2021 17:00,0,0
02/10/2021 18:00,0,0
02/10/2021 19:00,0,0
02/10/2021 20:00,0,0
02/10/2021 21:00,0,0
02/10/2021 22:00,0,0
02/10/2021 23:00,0,0
03/10/2021 00:00,0,0
03/10/2021 01:00,0,0
03/10/2021 02:00,0,0
03/10/2021 03:00,0,0
03/10/2021 04:00,0,0
03/10/2021 05:00,0,0
03/10/2021 06:00,0,5.17
03/10/2021 07:00,0,0
03/10/2021 08:00,0.8455,0
03/10/2021 09:00,0,0
03/10/2021 10:00,0,0
03/10/2021 11:00,0,0
03/10/2021 12:00,5.7786,0
03/10/2021 13:00,8.5232,0
03/10/2021 14:00,0,0
03/10/2021 15:00,0,6.03
03/10/2021 16:00,0,0.95
03/10/2021 17:00,0,0
03/10/2021 18:00,0,0
03/10/2021 19:00,0,0
03/10/2021 20:00,0,0
03/10/2021 21:00,0,0
03/10/2021 22:00,0,0
03/10/2021 23:00,0,0
04/10/2021 00:00,0,0
04/10/2021 01:00,0,0
04/10/2021 02:00,0,0
04/10/2021 03:00,0,0
04/10/2021 04:00,0,0
04/10/2021 05:00,4.8744,0
04/10/2021 06:00,0.111,0
04/10/2021 07:00,0,0
04/10/2021 08:00,0,0
04/10/2021 09:00,0,0
04/10/2021 10:00,0,0
04/10/2021 11:00,0,0
04/10/2021 12:00,0,1.92
04/10/2021 13:00,0,5.47
04/10/2021 14:00,0,0
04/10/2021 15:00,0,0
04/10/2021 16:00,0,0
04/10/2021 17:00,0,0
04/10/2021 18:00,0,0
04/10/2021 19:00,0,0
04/10/2021 20:00,0,0
04/10/2021 21:00,0,0
04/10/2021 22:00,0,0
04/10/2021 23:00,0,0
05/10/2021 00:00,0,0
05/10/2021 01:00,0,0
05/10/2021 02:00,0,0
05/10/2021 03:00,0,0
05/10/2021 04:00,2.1633,0
05/10/2021 05:00,2.0346,0
05/10/2021 06:00,0,0.38
05/10/2021 07:00,0,0
05/10/2021 08:00,0,0
05/10/2021 09:00,0,0
05/10/2021 10:00,0,0
05/10/2021 11:00,0,0
05/10/2021 12:00,0,0
05/10/2021 13:00,0,0
05/10/2021 14:00,0,0
05/10/2021 15:00,0,1.65
05/10/2021 16:00,0,3.51
05/10/2021 17:00,1.044,0
05/10/2021 18:00,0,0
05/10/2021 19:00,0,0
05/10/2021 20:00,0,0
05/10/2021 21:00,0,0
05/10/2021 22:00,0,0
05/10/2021 23:00,0,0
06/10/2021 00:00,0,0
06/10/2021 01:00,0,0
06/10/2021 02:00,0,0
06/10/2021 03:00,0,0
06/10/2021 04:00,0,0
06/10/2021 05:00,0,0
06/10/2021 06:00,0.4738,0
06/10/2021 07:00,0,0
06/10/2021 08:00,0,0
06/10/2021 09:00,0,0
06/10/2021 10:00,0,0
06/10/2021 11:00,0,0
06/10/2021 12:00,0,0
06/10/2021 13:00,0,0.34
06/10/2021 14:00,0,4.24
06/10/2021 15:00,4.2278,0.12
06/10/2021 16:00,0,0
06/10/2021 17:00,0,0
06/10/2021 18:00,0,0
06/10/2021 19:00,0,0
06/10/2021 20:00,0,0
06/10/2021 21:00,0,0
06/10/2021 22:00,0,0
06/10/2021 23:00,0,0
07/10/2021 00:00,0,0.11
07/10/2021 01:00,0,0
07/10/2021 02:00,0,0
07/10/2021 03:00,0,0
07/10/2021 04:00,0,0
07/10/2021 05:00,0,0
07/10/2021 06:00,0,0
07/10/2021 07:00,0,0
07/10/2021 08:00,0,3.86
07/10/2021 09:00,0,2.22
07/10/2021 10:00,0,0
07/10/2021 11:00,0,0
07/10/2021 12:00,0,0
07/10/2021 13:00,0,0
07/10/2021 14:00,0,0
07/10/2021 15:00,0,0
07/10/2021 16:00,4.5209,0
07/10/2021 17:00,1.5013,0
07/10/2021 18:00,0,0
07/10/2021 19:00,0,0
07/10/2021 20:00,0,0.79
07/10/2021 21:00,0,6.7
07/10/2021 22:00,0,1.33
07/10/2021 23:00,0,0
08/10/2021 00:00,0,0
08/10/2021 01:00,0,0
08/10/2021 02:00,0,0
08/10/2021 03:00,0,0
08/10/2021 04:00,0,0
08/10/2021 05:00,0,0
08/10/2021 06:00,0,0
08/10/2021 07:00,0,0
08/10/2021 08:00,0,0
08/10/2021 09:00,0,0.22
08/10/2021 10:00,0,0
08/10/2021 11:00,0,0
08/10/2021 12:00,0,0
08/10/2021 13:00,0.649,3.17
08/10/2021 14:00,0.2595,4.1
08/10/2021 15:00,4.1453,0
08/10/2021 16:00,0,0
08/10/2021 17:00,0,0
08/10/2021 18:00,0,0
08/10/2021 19:00,0,0
08/10/2021 20:00,0,0
08/10/2021 21:00,0,0
08/10/2021 22:00,0,0
08/10/2021 23:00,0,0
09/10/2021 00:00,0,0
09/10/2021 01:00,0,0
09/10/2021 02:00,0,0
09/10/2021 03:00,0,0
09/10/2021 04:00,0,0
09/10/2021 05:00,0,0
09/10/2021 06:00,0,0
09/10/2021 07:00,0,0
09/10/2021 08:00,0,0
09/10/2021 09:00,0,0
09/10/2021 10:00,0,0
09/10/2021 11:00,2.2248,0
09/10/2021 12:00,0.6226,0
09/10/2021 13:00,0,0
09/10/2021 14:00,0,0
09/10/2021 15:00,4.0988,0
09/10/2021 16:00,5.426,0
09/10/2021 17:00,0,0
09/10/2021 18:00,0,0
09/10/2021 19:00,0,0
09/10/2021 20:00,0,0
09/10/2021 21:00,0,0
09/10/2021 22:00,0,0
09/10/2021 23:00,2.3434,0
10/10/2021 00:00,0,0
10/10/2021 01:00,0,0
10/10/2021 02:00,0,0
10/10/2021 03:00,0,0
10/10/2021 04:00,0,0
10/10/2021 05:00,0,0
10/10/2021 06:00,0,0
10/10/2021 07:00,0,0.16
10/10/2021 08:00,0,9.48
10/10/2021 09:00,0,0
10/10/2021 10:00,0,0
10/10/2021 11:00,0,0
10/10/2021 12:00,0,0
10/10/2021 13:00,0,0
10/10/2021 14:00,0,0
10/10/2021 15:00,0,0
10/10/2021 16:00,0,1.02
10/10/2021 17:00,0,1
10/10/2021 18:00,0,0
10/10/2021 19:00,0,0
10/10/2021 20:00,0,0
10/10/2021 21:00,0,0
10/10/2021 22:00,0,0
10/10/2021 23:00,0,0
11/10/2021 00:00,0,0
11/10/2021 01:00,0,0
11/10/2021 02:00,0,0
11/10/2021 03:00,0,0
11/10/2021 04:00,0,0
11/10/2021 05:00,1.319,0
11/10/2021 06:00,2.9013,0
11/10/2021 07:00,0.8067,0
11/10/2021 08:00,0,4.72
11/10/2021 09:00,0,0.24
11/10/2021 10:00,0,0
11/10/2021 11:00,0,0
11/10/2021 12:00,0,0
11/10/2021 13:00,0,0
11/10/2021 14:00,0,0
11/10/2021 15:00,0,0
11/10/2021 16:00,0,0
11/10/2021 17:00,0,0
11/10/2021 18:00,0,0
11/10/2021 19:00,0,0
11/10/2021 20:00,0,0
11/10/2021 21:00,0,0
11/10/2021 22:00,0,0
11/10/2021 23:00,0,0
12/10/2021 00:00,0,0
12/10/2021 01:00,0,0
12/10/2021 02:00,0,0
12/10/2021 03:00,0,0
12/10/2021 04:00,0,0
12/10/2021 05:00,0,0
12/10/2021 06:00,2.9531,2.17
12/10/2021 07:00,1.1611,2.5
12/10/2021 08:00,0,0
12/10/2021 09:00,0,0
12/10/2021 10:00,0,0
12/10/2021 11:00,0,0
12/10/2021 12:00,0,0
12/10/2021 13:00,0,3.01
12/10/2021 14:00,0,0
12/10/2021 15:00,0,0
12/10/2021 16:00,0,0
12/10/2021 17:00,0.2238,0
12/10/2021 18:00,0,0
12/10/2021 19:00,0,0
12/10/2021 20:00,0,0
12/10/2021 21:00,0,0
12/10/2021 22:00,0,0
12/10/2021 23:00,0,0
13/10/2021 00:00,0,0
13/10/2021 01:00,0,0
13/10/2021 02:00,0,0
13/10/2021 03:00,0,0
13/10/2021 04:00,0,0
13/10/2021 05:00,2.7801,2.99
13/10/2021 06:00,0.9684,1.04
13/10/2021 07:00,0,0
13/10/2021 08:00,0,0
13/10/2021 09:00,0,0
13/10/2021 10:00,0,0
13/10/2021 11:00,0,0
13/10/2021 12:00,0,0
13/10/2021 13:00,0,0
13/10/2021 14:00,0,0
13/10/2021 15:00,0.1223,2.79
13/10/2021 16:00,0,0
13/10/2021 17:00,0,0
13/10/2021 18:00,0,0
13/10/2021 19:00,0,0
13/10/2021 20:00,0,0
13/10/2021 21:00,0,0
13/10/2021 22:00,0,0
13/10/2021 23:00,0,0
14/10/2021 00:00,0,0
14/10/2021 01:00,0,0
14/10/2021 02:00,0,0
14/10/2021 03:00,0,0
14/10/2021 04:00,0,0
14/10/2021 05:00,0,0
14/10/2021 06:00,0,0
14/10/2021 07:00,0,2.52
14/10/2021 08:00,0,1.16
14/10/2021 09:00,0,1.6
14/10/2021 10:00,0,0
14/10/2021 11:00,0,0
14/10/2021 12:00,0,0
14/10/2021 13:00,0,0
14/10/2021 14:00,0,0
14/10/2021 15:00,2.877,0
14/10/2021 16:00,2.3566,0
14/10/2021 17:00,0,0
14/10/2021 18:00,0,0
14/10/2021 19:00,0,0
14/10/2021 20:00,0,0
14/10/2021 21:00,0,0
14/10/2021 22:00,0,0
14/10/2021 23:00,0,0
15/10/2021 00:00,0,0
15/10/2021 01:00,0,0
15/10/2021 02:00,0,0
15/10/2021 03:00,0,0
15/10/2021 04:00,0,0
15/10/2021 05:00,0,0
15/10/2021 06:00,3.7511,4.16
15/10/2021 07:00,0,0.42
15/10/2021 08:00,0,0
15/10/2021 09:00,0,0
15/10/2021 10:00,0,0
15/10/2021 11:00,0,0
15/10/2021 12:00,0,0
15/10/2021 13:00,0,0
15/10/2021 14:00,0,0
15/10/2021 15:00,0,0
15/10/2021 16:00,0.6408,0
15/10/2021 17:00,0,0
15/10/2021 18:00,0,0
15/10/2021 19:00,0,0
15/10/2021 20:00,0,0
15/10/2021 21:00,0,0
15/10/2021 22:00,0,0
15/10/2021 23:00,0,0
16/10/2021 00:00,0,0
16/10/2021 01:00,0,0
16/10/2021 02:00,0,0
16/10/2021 03:00,0,0
16/10/2021 04:00,0,2.33
16/10/2021 05:00,0,0
16/10/2021 06:00,0,0
16/10/2021 07:00,0,0
16/10/2021 08:00,0,0
16/10/2021 09:00,0,0
16/10/2021 10:00,0,0
16/10/2021 11:00,0,0
16/10/2021 12:00,0,0
16/10/2021 13:00,0,0
16/10/2021 14:00,2.8924,0
16/10/2021 15:00,5.6996,0
16/10/2021 16:00,0,0
16/10/2021 17:00,0,0
16/10/2021 18:00,0,0
16/10/2021 19:00,1.2395,0
16/10/2021 20:00,1.0259,0
16/10/2021 21:00,0,0
16/10/2021 22:00,0,0
16/10/2021 23:00,0,0
17/10/2021 00:00,0,0
17/10/2021 01:00,0,0
17/10/2021 02:00,0,0
17/10/2021 03:00,0,0
17/10/2021 04:00,0,0
17/10/2021 05:00,0,0
17/10/2021 06:00,0,0
17/10/2021 07:00,0,0
17/10/2021 08:00,0,0
17/10/2021 09:00,0,0
17/10/2021 10:00,0,0
17/10/2021 11:00,0,0
17/10/2021 12:00,0,0
17/10/2021 13:00,0,0
17/10/2021 14:00,0,0
17/10/2021 15:00,0,0
17/10/2021 16:00,0,0
17/10/2021 17:00,0,0
17/10/2021 18:00,0,0
17/10/2021 19:00,0,0
17/10/2021 20:00,0,0
17/10/2021 21:00,0,2.23
17/10/2021 22:00,0,0
17/10/2021 23:00,0,0
18/10/2021 00:00,0,0
18/10/2021 01:00,0,0
18/10/2021 02:00,0,0
18/10/2021 03:00,0,0
18/10/2021 04:00,0,0
18/10/2021 05:00,0,0
18/10/2021 06:00,0,0.13
18/10/2021 07:00,0,0
18/10/2021 08:00,0,0
18/10/2021 09:00,0,4.83
18/10/2021 10:00,0,0.13
18/10/2021 11:00,0,0
18/10/2021 12:00,0,0
18/10/2021 13:00,0,0
18/10/2021 14:00,0,0
18/10/2021 15:00,1.5192,0
18/10/2021 16:00,4.8698,0
18/10/2021 17:00,0,0
18/10/2021 18:00,0,0
18/10/2021 19:00,0,0
18/10/2021 20:00,0,0
18/10/2021 21:00,0,0
18/10/2021 22:00,0,0
18/10/2021 23:00,0,0
19/10/2021 00:00,0,0
19/10/2021 01:00,0,0
19/10/2021 02:00,0,0
19/10/2021 03:00,0,0
19/10/2021 04:00,0,0
19/10/2021 05:00,0,4.09
19/10/2021 06:00,0,0
19/10/2021 07:00,3.9497,2.32
19/10/2021 08:00,0,0
19/10/2021 09:00,0,0
19/10/2021 10:00,0,0
19/10/2021 11:00,0,0
19/10/2021 12:00,0,0
19/10/2021 13:00,0,0
19/10/2021 14:00,0,0
19/10/2021 15:00,1.5115,0
19/10/2021 16:00,0,0
19/10/2021 17:00,0,0
19/10/2021 18:00,0,0
19/10/2021 19:00,0,0
19/10/2021 20:00,0,0
19/10/2021 21:00,0,0
19/10/2021 22:00,0,0
19/10/2021 23:00,0,0
20/10/2021 00:00,0,0
20/10/2021 01:00,0,0
20/10/2021 02:00,0,0
20/10/2021 03:00,0,0
20/10/2021 04:00,0,0
20/10/2021 05:00,0,3.34
20/10/2021 06:00,0,0.49
20/10/2021 07:00,0,1.71
20/10/2021 08:00,0,0
20/10/2021 09:00,0,0
20/10/2021 10:00,0,0
20/10/2021 11:00,0.2726,0
20/10/2021 12:00,4.2467,0
20/10/2021 13:00,1.4406,0
20/10/2021 14:00,0.5067,0
20/10/2021 15:00,4.1441,0
20/10/2021 16:00,0,0
20/10/2021 17:00,0,0
20/10/2021 18:00,0,0
20/10/2021 19:00,0,0
20/10/2021 20:00,0,0
20/10/2021 21:00,1.569,0
20/10/2021 22:00,1.1147,0
20/10/2021 23:00,0,0
21/10/2021 00:00,0,0
21/10/2021 01:00,0,0
21/10/2021 02:00,0,0
21/10/2021 03:00,0,0
21/10/2021 04:00,0,0
21/10/2021 05:00,0,0
21/10/2021 06:00,0,0
21/10/2021 07:00,0.1245,0
21/10/2021 08:00,0,4.28
21/10/2021 09:00,0,0
21/10/2021 10:00,0,0
21/10/2021 11:00,0,0
21/10/2021 12:00,0,0
21/10/2021 13:00,3.6225,0
21/10/2021 14:00,1.6896,0
21/10/2021 15:00,0,0.95
21/10/2021 16:00,0,0
21/10/2021 17:00,0,0
21/10/2021 18:00,0,0
21/10/2021 19:00,0,0
21/10/2021 20:00,0,0
21/10/2021 21:00,0,0
21/10/2021 22:00,0,0
21/10/2021 23:00,0,0
22/10/2021 00:00,0,0
22/10/2021 01:00,0,0
22/10/2021 02:00,0,0
22/10/2021 03:00,0,2.85
22/10/2021 04:00,0,0.46
22/10/2021 05:00,1.201,0.81
22/10/2021 06:00,4.5855,0
22/10/2021 07:00,0,0
22/10/2021 08:00,0.4934,0.58
22/10/2021 09:00,0,3.83
22/10/2021 10:00,0,0
22/10/2021 11:00,0,4.9
22/10/2021 12:00,0,0
22/10/2021 13:00,0,0
22/10/2021 14:00,0,0
22/10/2021 15:00,0,0
22/10/2021 16:00,0,0
22/10/2021 17:00,0,0
22/10/2021 18:00,0,0
22/10/2021 19:00,0,0
22/10/2021 20:00,0,0
22/10/2021 21:00,0,0
22/10/2021 22:00,0,0
22/10/2021 23:00,0,0
23/10/2021 00:00,0,0
23/10/2021 01:00,0,0
23/10/2021 02:00,0,0
23/10/2021 03:00,0,1.47
23/10/2021 04:00,0,0
23/10/2021 05:00,0,0
23/10/2021 06:00,0,0
23/10/2021 07:00,0,0
23/10/2021 08:00,0,0
23/10/2021 09:00,0,0
23/10/2021 10:00,0,0
23/10/2021 11:00,0,0
23/10/2021 12:00,3.4503,0
23/10/2021 13:00,1.7982,0
23/10/2021 14:00,0,0
23/10/2021 15:00,0,0
23/10/2021 16:00,0,0
23/10/2021 17:00,7.0651,0
23/10/2021 18:00,1.4172,0
23/10/2021 19:00,0,0
23/10/2021 20:00,0,0
23/10/2021 21:00,0,0
23/10/2021 22:00,0,0
23/10/2021 23:00,0,0
24/10/2021 00:00,0,0
24/10/2021 01:00,0,0
24/10/2021 02:00,0,0
24/10/2021 03:00,0,0
24/10/2021 04:00,0,0
24/10/2021 05:00,0,0
24/10/2021 06:00,0,0
24/10/2021 07:00,0,0
24/10/2021 08:00,0,0
24/10/2021 09:00,0,0
24/10/2021 10:00,0,0
24/10/2021 11:00,0,0
24/10/2021 12:00,0,0
24/10/2021 13:00,0,0
24/10/2021 14:00,0,0
24/10/2021 15:00,0,0
24/10/2021 16:00,3.44,0
24/10/2021 17:00,4.1756,0
24/10/2021 18:00,0,0
24/10/2021 19:00,0,0
24/10/2021 20:00,4.2575,0
24/10/2021 21:00,0,0
24/10/2021 22:00,0,0
24/10/2021 23:00,0,0
25/10/2021 00:00,0,0
25/10/2021 01:00,0,0
25/10/2021 02:00,0,0
25/10/2021 03:00,0,0
25/10/2021 04:00,0,0
25/10/2021 05:00,4.7176,0
25/10/2021 06:00,0,0
25/10/2021 07:00,0,0
25/10/2021 08:00,0,0.37
25/10/2021 09:00,0,0
25/10/2021 10:00,0,0
25/10/2021 11:00,0,0
25/10/2021 12:00,0,0
25/10/2021 13:00,0,4.73
25/10/2021 14:00,0,2.41
25/10/2021 15:00,0.1372,0
25/10/2021 16:00,0,0
25/10/2021 17:00,0,0
25/10/2021 18:00,0,0
25/10/2021 19:00,0,0
25/10/2021 20:00,0,0
25/10/2021 21:00,0,0
25/10/2021 22:00,0,0
25/10/2021 23:00,0,0
26/10/2021 00:00,0,0
26/10/2021 01:00,0,0
26/10/2021 02:00,0,0
26/10/2021 03:00,0,0
26/10/2021 04:00,0,0
26/10/2021 05:00,0.721,0
26/10/2021 06:00,0,0
26/10/2021 07:00,0,3.46
26/10/2021 08:00,0,1.65
26/10/2021 09:00,0,0
26/10/2021 10:00,0,0.11
26/10/2021 11:00,0,0
26/10/2021 12:00,0,0
26/10/2021 13:00,0,0.25
26/10/2021 14:00,4.6293,0
26/10/2021 15:00,0,0
26/10/2021 16:00,0,0
26/10/2021 17:00,0,0
26/10/2021 18:00,0,0
26/10/2021 19:00,0,0
26/10/2021 20:00,0,0
26/10/2021 21:00,0,0
26/10/2021 22:00,0,0
26/10/2021 23:00,0,0
27/10/2021 00:00,0,0
27/10/2021 01:00,0,0
27/10/2021 02:00,0,0
27/10/2021 03:00,0,0
27/10/2021 04:00,0,0
27/10/2021 05:00,0,0
27/10/2021 06:00,0,3.29
27/10/2021 07:00,0,0
27/10/2021 08:00,0,0
27/10/2021 09:00,0,0
27/10/2021 10:00,0,0
27/10/2021 11:00,0,0
27/10/2021 12:00,0,0
27/10/2021 13:00,0.6007,0
27/10/2021 14:00,3.9664,0
27/10/2021 15:00,1.149,0
27/10/2021 16:00,0,0
27/10/2021 17:00,0,0
27/10/2021 18:00,0,2.08
27/10/2021 19:00,0,0
27/10/2021 20:00,0,0
27/10/2021 21:00,0,0
27/10/2021 22:00,0,0
27/10/2021 23:00,2.3291,0
28/10/2021 00:00,0,0
28/10/2021 01:00,0,0
28/10/2021 02:00,0,0
28/10/2021 03:00,0,0
28/10/2021 04:00,0,0
28/10/2021 05:00,0,0
28/10/2021 06:00,0,0
28/10/2021 07:00,0,0
28/10/2021 08:00,0,0
28/10/2021 09:00,0,0
28/10/2021 10:00,0,0
28/10/2021 11:00,0,0
28/10/2021 12:00,0,0
28/10/2021 13:00,0,0
28/10/2021 14:00,0,0
28/10/2021 15:00,0,0
28/10/2021 16:00,0,0
28/10/2021 17:00,0,0
28/10/2021 18:00,0,0
28/10/2021 19:00,0,0
28/10/2021 20:00,0,0
28/10/2021 21:00,0,0
28/10/2021 22:00,0,0
28/10/2021 23:00,0,0
29/10/2021 00:00,0,0
29/10/2021 01:00,0,0
29/10/2021 02:00,0,0
29/10/2021 03:00,0,0
29/10/2021 04:00,0,0
29/10/2021 05:00,0,0
29/10/2021 06:00,0.3233,0
29/10/2021 07:00,0,2.91
29/10/2021 08:00,0,2.64
29/10/2021 09:00,0,0
29/10/2021 10:00,0,0
29/10/2021 11:00,0,0
29/10/2021 12:00,0,0
29/10/2021 13:00,0,0
29/10/2021 14:00,5.2745,0
29/10/2021 15:00,0,0.13
29/10/2021 16:00,0,0.27
29/10/2021 17:00,0,0
29/10/2021 18:00,0,0
29/10/2021 19:00,0,0
29/10/2021 20:00,0,0
29/10/2021 21:00,0,0
29/10/2021 22:00,0,0
29/10/2021 23:00,0,0
30/10/2021 00:00,0,0
30/10/2021 01:00,0,2.01
30/10/2021 02:00,0,0
30/10/2021 03:00,0,0
30/10/2021 04:00,0,0
30/10/2021 05:00,0,0
30/10/2021 06:00,0,0
30/10/2021 07:00,0,0
30/10/2021 08:00,0,0
30/10/2021 09:00,0,0
30/10/2021 10:00,0,0
30/10/2021 11:00,0,0
30/10/2021 12:00,0,0
30/10/2021 13:00,0,0
30/10/2021 14:00,0,0
30/10/2021 15:00,0,0
30/10/2021 16:00,0,0
30/10/2021 17:00,0,0
30/10/2021 18:00,0,0
30/10/2021 19:00,0,0
30/10/2021 20:00,0,0
30/10/2021 21:00,0,0
30/10/2021 22:00,0,0
30/10/2021 23:00,0,0
31/10/2021 00:00,0,0
31/10/2021 01:00,0,0
31/10/2021 02:00,0,0
31/10/2021 03:00,0,0
31/10/2021 04:00,0,0
31/10/2021 05:00,0,0
31/10/2021 06:00,0,0
31/10/2021 07:00,0,0
31/10/2021 08:00,0,0
31/10/2021 09:00,0,0
31/10/2021 10:00,0,0
31/10/2021 11:00,5.6078,0
31/10/2021 12:00,0,0
31/10/2021 13:00,0,0
31/10/2021 14:00,3.6634,0
31/10/2021 15:00,0,0
31/10/2021 16:00,0,0
31/10/2021 17:00,0,0
31/10/2021 18:00,0,0
31/10/2021 19:00,0,0
31/10/2021 20:00,0,0
31/10/2021 21:00,0,0
31/10/2021 22:00,2.481,0
31/10/2021 23:00,0,0
01/11/2021 00:00,4.2868,0
01/11/2021 01:00,0.3896,0
01/11/2021 02:00,0,0
01/11/2021 03:00,0,0
01/11/2021 04:00,0,0
01/11/2021 05:00,0,0
01/11/2021 06:00,0,2.97
01/11/2021 07:00,2.2757,2.42
01/11/2021 08:00,0,0
01/11/2021 09:00,0,0
01/11/2021 10:00,0,0
01/11/2021 11:00,0,0
01/11/2021 12:00,0,0
01/11/2021 13:00,2.7899,0
01/11/2021 14:00,0,0
01/11/2021 15:00,0,0
01/11/2021 16:00,0,0
01/11/2021 17:00,1.2421,0.48
01/11/2021 18:00,2.3518,0
01/11/2021 19:00,0,0
01/11/2021 20:00,0,0
01/11/2021 21:00,0,0
01/11/2021 22:00,0,0
01/11/2021 23:00,0,0
02/11/2021 00:00,0,0
02/11/2021 01:00,0,0
02/11/2021 02:00,0,0
02/11/2021 03:00,0,0
02/11/2021 04:00,0,0
02/11/2021 05:00,0,0
02/11/2021 06:00,0,0
02/11/2021 07:00,2.3107,4.39
02/11/2021 08:00,2.954,0
02/11/2021 09:00,0,0
02/11/2021 10:00,0,0
02/11/2021 11:00,0,1.03
02/11/2021 12:00,0,0
02/11/2021 13:00,2.1951,0
02/11/2021 14:00,0,0
02/11/2021 15:00,0,0
02/11/2021 16:00,0,2.06
02/11/2021 17:00,0,0
02/11/2021 18:00,0,0
02/11/2021 19:00,0,0
02/11/2021 20:00,0,5.7
02/11/2021 21:00,0,1.51
02/11/2021 22:00,1.7617,0
02/11/2021 23:00,4.5996,0
03/11/2021 00:00,0,0
03/11/2021 01:00,0,0
03/11/2021 02:00,0,0
03/11/2021 03:00,0,0
03/11/2021 04:00,0,0
03/11/2021 05:00,0,0
03/11/2021 06:00,4.176,0
03/11/2021 07:00,0,0
03/11/2021 08:00,0,0.34
03/11/2021 09:00,0,0
03/11/2021 10:00,0,0
03/11/2021 11:00,0,0
03/11/2021 12:00,0,0
03/11/2021 13:00,0,0
03/11/2021 14:00,0,0
03/11/2021 15:00,0,0.26
03/11/2021 16:00,0,5.41
03/11/2021 17:00,0.6836,0
03/11/2021 18:00,0,0
03/11/2021 19:00,0,0
03/11/2021 20:00,0,0
03/11/2021 21:00,0,0
03/11/2021 22:00,0,0
03/11/2021 23:00,0,0
04/11/2021 00:00,0,0
04/11/2021 01:00,0,0
04/11/2021 02:00,0,0
04/11/2021 03:00,0,0
04/11/2021 04:00,0,0
04/11/2021 05:00,0,0
04/11/2021 06:00,0,0
04/11/2021 07:00,0,4.37
04/11/2021 08:00,0,0
04/11/2021 09:00,0,0
04/11/2021 10:00,0,0
04/11/2021 11:00,0,1.35
04/11/2021 12:00,0,3.84
04/11/2021 13:00,0,0.77
04/11/2021 14:00,0,0
04/11/2021 15:00,0.9508,0
04/11/2021 16:00,0,0
04/11/2021 17:00,0.9584,0.11
04/11/2021 18:00,3.9981,0
04/11/2021 19:00,0,0
04/11/2021 20:00,0,0.59
04/11/2021 21:00,0,2.62
04/11/2021 22:00,0,0
04/11/2021 23:00,0,0
05/11/2021 00:00,0,0
05/11/2021 01:00,0,0
05/11/2021 02:00,0,0
05/11/2021 03:00,0,0
05/11/2021 04:00,0,0
05/11/2021 05:00,0,0
05/11/2021 06:00,0,0
05/11/2021 07:00,0,0
05/11/2021 08:00,0,0
05/11/2021 09:00,0.1074,0.61
05/11/2021 10:00,0.5453,0
05/11/2021 11:00,0,0
05/11/2021 12:00,0,0
05/11/2021 13:00,0,0
05/11/2021 14:00,0,0
05/11/2021 15:00,0,0
05/11/2021 16:00,0,4.91
05/11/2021 17:00,0,0.39
05/11/2021 18:00,4.446,0
05/11/2021 19:00,0,0
05/11/2021 20:00,0,0
05/11/2021 21:00,0,0
05/11/2021 22:00,0,0
05/11/2021 23:00,0,0
06/11/2021 00:00,0,0
06/11/2021 01:00,0,0
06/11/2021 02:00,0,0
06/11/2021 03:00,0,0
06/11/2021 04:00,0,0
06/11/2021 05:00,0,0
06/11/2021 06:00,0,0
06/11/2021 07:00,0,0
06/11/2021 08:00,0,0
06/11/2021 09:00,0,0
06/11/2021 10:00,0,0
06/11/2021 11:00,0,0
06/11/2021 12:00,0,0
06/11/2021 13:00,0,0
06/11/2021 14:00,0,0
06/11/2021 15:00,0,0
06/11/2021 16:00,0,0
06/11/2021 17:00,0,0
06/11/2021 18:00,0,0
06/11/2021 19:00,0,0
06/11/2021 20:00,0,0
06/11/2021 21:00,0,0
06/11/2021 22:00,0,0
06/11/2021 23:00,0,0
07/11/2021 00:00,0,0
07/11/2021 01:00,0,0
07/11/2021 02:00,0,0
07/11/2021 03:00,0,0
07/11/2021 04:00,0,0
07/11/2021 05:00,0,0
07/11/2021 06:00,0,0
07/11/2021 07:00,0,0
07/11/2021 08:00,0,0
07/11/2021 09:00,0,0
07/11/2021 10:00,0,0
07/11/2021 11:00,0,0
07/11/2021 12:00,0,0
07/11/2021 13:00,0,0
07/11/2021 14:00,1.2873,0
07/11/2021 15:00,1.4186,0
07/11/2021 16:00,0,0
07/11/2021 17:00,0,0
07/11/2021 18:00,4.2526,0
07/11/2021 19:00,5.0502,0
07/11/2021 20:00,0,0
07/11/2021 21:00,0,0
07/11/2021 22:00,2.3013,0
07/11/2021 23:00,0,0
08/11/2021 00:00,0,0
08/11/2021 01:00,0,0
08/11/2021 02:00,0,0
08/11/2021 03:00,0,0
08/11/2021 04:00,0,0
08/11/2021 05:00,0,0
08/11/2021 06:00,0,0
08/11/2021 07:00,0.3046,2.02
08/11/2021 08:00,0,0
08/11/2021 09:00,0,0
08/11/2021 10:00,0,0
08/11/2021 11:00,0.7693,0
08/11/2021 12:00,5.9622,0
08/11/2021 13:00,2.3427,0
08/11/2021 14:00,0,0
08/11/2021 15:00,0,1.95
08/11/2021 16:00,2.8822,2.39
08/11/2021 17:00,2.2044,0
08/11/2021 18:00,0,0
08/11/2021 19:00,0,0
08/11/2021 20:00,0,0
08/11/2021 21:00,0,0
08/11/2021 22:00,0,0
08/11/2021 23:00,0,0
09/11/2021 00:00,0,0
09/11/2021 01:00,0,0
09/11/2021 02:00,0,0
09/11/2021 03:00,0.1064,0
09/11/2021 04:00,2.9796,0
09/11/2021 05:00,0,0
09/11/2021 06:00,0.2147,0
09/11/2021 07:00,0,0
09/11/2021 08:00,0,0
09/11/2021 09:00,0,0.26
09/11/2021 10:00,0,1.97
09/11/2021 11:00,0.5677,3.06
09/11/2021 12:00,0,0
09/11/2021 13:00,3.2872,0
09/11/2021 14:00,0,0
09/11/2021 15:00,2.7222,0
09/11/2021 16:00,2.0945,0.78
09/11/2021 17:00,0,0
09/11/2021 18:00,0,0
09/11/2021 19:00,0,0
09/11/2021 20:00,0,0
09/11/2021 21:00,0,0
09/11/2021 22:00,1.0063,0
09/11/2021 23:00,1.6353,0
10/11/2021 00:00,0,0
10/11/2021 01:00,0,0
10/11/2021 02:00,0,0
10/11/2021 03:00,0,0
10/11/2021 04:00,0,0
10/11/2021 05:00,0,0
10/11/2021 06:00,0,0
10/11/2021 07:00,0,0
10/11/2021 08:00,0.2062,0
10/11/2021 09:00,0,0
10/11/2021 10:00,0,0
10/11/2021 11:00,0,0
10/11/2021 12:00,0,0
10/11/2021 13:00,0,0
10/11/2021 14:00,0,0
10/11/2021 15:00,4.4457,0
10/11/2021 16:00,0,0
10/11/2021 17:00,0,3.61
10/11/2021 18:00,0,0
10/11/2021 19:00,0,0
10/11/2021 20:00,0,0
10/11/2021 21:00,0,0
10/11/2021 22:00,0,0
10/11/2021 23:00,0,0
11/11/2021 00:00,0,0
11/11/2021 01:00,0,0
11/11/2021 02:00,0,0
11/11/2021 03:00,0,0
11/11/2021 04:00,0,0
11/11/2021 05:00,0.108,0
11/11/2021 06:00,3.7857,0
11/11/2021 07:00,1.1699,0
11/11/2021 08:00,0,0
11/11/2021 09:00,0,0
11/11/2021 10:00,0,0
11/11/2021 11:00,0,0
11/11/2021 12:00,0,1.04
11/11/2021 13:00,0,0
11/11/2021 14:00,0,2.89
11/11/2021 15:00,0,0.93
11/11/2021 16:00,0,0
11/11/2021 17:00,0,0
11/11/2021 18:00,0,0
11/11/2021 19:00,0,0
11/11/2021 20:00,0,0
11/11/2021 21:00,0,0
11/11/2021 22:00,0,0
11/11/2021 23:00,0,0
12/11/2021 00:00,0,0
12/11/2021 01:00,0,0
12/11/2021 02:00,0,0
12/11/2021 03:00,0,0
12/11/2021 04:00,0,0
12/11/2021 05:00,0,0
12/11/2021 06:00,0,0
12/11/2021 07:00,0,0
12/11/2021 08:00,0,0
12/11/2021 09:00,0,0.1
12/11/2021 10:00,0,1.18
12/11/2021 11:00,0,0
12/11/2021 12:00,0,0
12/11/2021 13:00,0,0
12/11/2021 14:00,0,0
12/11/2021 15:00,2.2246,0
12/11/2021 16:00,1.0609,0
12/11/2021 17:00,2.5076,0
12/11/2021 18:00,0,4.26
12/11/2021 19:00,0,0.22
12/11/2021 20:00,0,0
12/11/2021 21:00,0,0
12/11/2021 22:00,0,0
12/11/2021 23:00,0,0
13/11/2021 00:00,0,0
13/11/2021 01:00,0,0
13/11/2021 02:00,0,0
13/11/2021 03:00,0,0
13/11/2021 04:00,0,0
13/11/2021 05:00,0,0
13/11/2021 06:00,0,0
13/11/2021 07:00,0,0
13/11/2021 08:00,0,0
13/11/2021 09:00,0,0
13/11/2021 10:00,0,0
13/11/2021 11:00,0,0
13/11/2021 12:00,0,0
13/11/2021 13:00,0,0
13/11/2021 14:00,0,0
13/11/2021 15:00,0,0
13/11/2021 16:00,0,0
13/11/2021 17:00,0,0
13/11/2021 18:00,0,0
13/11/2021 19:00,0,0
13/11/2021 20:00,0,0
13/11/2021 21:00,0,0
13/11/2021 22:00,0,0
13/11/2021 23:00,0,0
14/11/2021 00:00,0,0
14/11/2021 01:00,0,0
14/11/2021 02:00,0,0
14/11/2021 03:00,0,0
14/11/2021 04:00,0,0
14/11/2021 05:00,0,0
14/11/2021 06:00,0,0
14/11/2021 07:00,0,0
14/11/2021 08:00,0,0
14/11/2021 09:00,0.9807,0
14/11/2021 10:00,0,0
14/11/2021 11:00,0,0
14/11/2021 12:00,0,0
14/11/2021 13:00,0,0
14/11/2021 14:00,0,0
14/11/2021 15:00,0,0
14/11/2021 16:00,0,0
14/11/2021 17:00,0,0
14/11/2021 18:00,2.0366,0
14/11/2021 19:00,6.4692,0
14/11/2021 20:00,0,0
14/11/2021 21:00,0,0
14/11/2021 22:00,0,2.09
14/11/2021 23:00,0,0
15/11/2021 00:00,0,0
15/11/2021 01:00,0,0
15/11/2021 02:00,0,0
15/11/2021 03:00,0,0
15/11/2021 04:00,0,0
15/11/2021 05:00,5.4058,0
15/11/2021 06:00,0,0
15/11/2021 07:00,0,0
15/11/2021 08:00,0,0
15/11/2021 09:00,0,0.15
15/11/2021 10:00,0,0
15/11/2021 11:00,0,0
15/11/2021 12:00,0,0
15/11/2021 13:00,0,0
15/11/2021 14:00,0,0
15/11/2021 15:00,0.2564,0
15/11/2021 16:00,0,5.96
15/11/2021 17:00,0,0
15/11/2021 18:00,0,0
15/11/2021 19:00,0,0
15/11/2021 20:00,0,0
15/11/2021 21:00,0,0
15/11/2021 22:00,0,0
15/11/2021 23:00,0,0
16/11/2021 00:00,0,0
16/11/2021 01:00,0,0
16/11/2021 02:00,0,0
16/11/2021 03:00,0,0
16/11/2021 04:00,0,0
16/11/2021 05:00,0,0
16/11/2021 06:00,2.2242,4.15
16/11/2021 07:00,1.9771,0
16/11/2021 08:00,0,0.34
16/11/2021 09:00,0,1.52
16/11/2021 10:00,0,0
16/11/2021 11:00,0,0
16/11/2021 12:00,0,0
16/11/2021 13:00,0,0
16/11/2021 14:00,0.137,0
16/11/2021 15:00,0,0
16/11/2021 16:00,0,0
16/11/2021 17:00,0,0
16/11/2021 18:00,0,0
16/11/2021 19:00,0,0
16/11/2021 20:00,0,0
16/11/2021 21:00,0,0
16/11/2021 22:00,0,0
16/11/2021 23:00,0,0
17/11/2021 00:00,0,0
17/11/2021 01:00,0,0
17/11/2021 02:00,0,0
17/11/2021 03:00,0,0
17/11/2021 04:00,0,0
17/11/2021 05:00,0,0
17/11/2021 06:00,0,0
17/11/2021 07:00,0,0
17/11/2021 08:00,0.5165,0
17/11/2021 09:00,0,0
17/11/2021 10:00,0,0
17/11/2021 11:00,0,0
17/11/2021 12:00,0,0
17/11/2021 13:00,0,0
17/11/2021 14:00,0,0
17/11/2021 15:00,0,0
17/11/2021 16:00,0,4.12
17/11/2021 17:00,4.1902,1.09
17/11/2021 18:00,0,0
17/11/2021 19:00,0,0
17/11/2021 20:00,0,0
17/11/2021 21:00,0,0
17/11/2021 22:00,0,0
17/11/2021 23:00,0,0
18/11/2021 00:00,0,0
18/11/2021 01:00,0,0
18/11/2021 02:00,0,0
18/11/2021 03:00,0,0
18/11/2021 04:00,0,0
18/11/2021 05:00,0,0
18/11/2021 06:00,0,0
18/11/2021 07:00,0,0
18/11/2021 08:00,0,0
18/11/2021 09:00,0.2611,3.83
18/11/2021 10:00,0,0
18/11/2021 11:00,0,1.3
18/11/2021 12:00,0,0
18/11/2021 13:00,0,0
18/11/2021 14:00,0,0
18/11/2021 15:00,2.5226,0
18/11/2021 16:00,1.8536,0
18/11/2021 17:00,0,0
18/11/2021 18:00,0,0
18/11/2021 19:00,0,0
18/11/2021 20:00,0,0
18/11/2021 21:00,0,0
18/11/2021 22:00,0,0
18/11/2021 23:00,0,0
19/11/2021 00:00,0,0
19/11/2021 01:00,0,0
19/11/2021 02:00,0,0
19/11/2021 03:00,0,0
19/11/2021 04:00,0,0
19/11/2021 05:00,0,0
19/11/2021 06:00,0,0.5
19/11/2021 07:00,0.5342,3.8
19/11/2021 08:00,4.2337,0
19/11/2021 09:00,0.4981,0
19/11/2021 10:00,0,0
19/11/2021 11:00,0,0
19/11/2021 12:00,0,0
19/11/2021 13:00,0,0
19/11/2021 14:00,0,1.26
19/11/2021 15:00,0,0
19/11/2021 16:00,0,0
19/11/2021 17:00,0,0
19/11/2021 18:00,0,0
19/11/2021 19:00,0,0
19/11/2021 20:00,0,0
19/11/2021 21:00,0,0
19/11/2021 22:00,0,0
19/11/2021 23:00,0,0
20/11/2021 00:00,0,0
20/11/2021 01:00,0,0
20/11/2021 02:00,0,0
20/11/2021 03:00,0,0
20/11/2021 04:00,0,0
20/11/2021 05:00,0,0
20/11/2021 06:00,0,0
20/11/2021 07:00,0,0
20/11/2021 08:00,0,0
20/11/2021 09:00,0.5118,0
20/11/2021 10:00,0,0
20/11/2021 11:00,5.0934,0
20/11/2021 12:00,0.2369,0
20/11/2021 13:00,0,0
20/11/2021 14:00,0,0
20/11/2021 15:00,0,0
20/11/2021 16:00,0,0
20/11/2021 17:00,0,0
20/11/2021 18:00,0,0
20/11/2021 19:00,0,0
20/11/2021 20:00,2.0929,0
20/11/2021 21:00,1.4773,0
20/11/2021 22:00,0,0
20/11/2021 23:00,0,0
21/11/2021 00:00,0,0
21/11/2021 01:00,0,0
21/11/2021 02:00,0,0
21/11/2021 03:00,0,0
21/11/2021 04:00,0,0
21/11/2021 05:00,0,0
21/11/2021 06:00,0,0
21/11/2021 07:00,0,0
21/11/2021 08:00,0,0
21/11/2021 09:00,0,0
21/11/2021 10:00,0,0
21/11/2021 11:00,0,0
21/11/2021 12:00,0,0
21/11/2021 13:00,0,0
21/11/2021 14:00,0,0
21/11/2021 15:00,0,0
21/11/2021 16:00,0,0
21/11/2021 17:00,0,0
21/11/2021 18:00,0,0
21/11/2021 19:00,0,0
21/11/2021 20:00,0,0
21/11/2021 21:00,0,0
21/11/2021 22:00,0,0
21/11/2021 23:00,0,0
22/11/2021 00:00,0,0
22/11/2021 01:00,0,0
22/11/2021 02:00,0,0
22/11/2021 03:00,0,2.8
22/11/2021 04:00,0,1.4
22/11/2021 05:00,0,0
22/11/2021 06:00,0,0
22/11/2021 07:00,0,0
22/11/2021 08:00,0.2196,1.1
22/11/2021 09:00,0.1098,0
22/11/2021 10:00,0,0
22/11/2021 11:00,0,0
22/11/2021 12:00,0,0
22/11/2021 13:00,0,0
22/11/2021 14:00,0,0
22/11/2021 15:00,2.5329,1.55
22/11/2021 16:00,1.0132,2.39
22/11/2021 17:00,0,0
22/11/2021 18:00,0,0
22/11/2021 19:00,0,0
22/11/2021 20:00,0,3.24
22/11/2021 21:00,0,0
22/11/2021 22:00,0,0
22/11/2021 23:00,0,0
23/11/2021 00:00,0,0
23/11/2021 01:00,0,0
23/11/2021 02:00,4.6565,0
23/11/2021 03:00,2.5399,0
23/11/2021 04:00,0,0
23/11/2021 05:00,1.3268,0
23/11/2021 06:00,0.8529,0
23/11/2021 07:00,0,0
23/11/2021 08:00,0,0
23/11/2021 09:00,0,0
23/11/2021 10:00,0,0
23/11/2021 11:00,0,0
23/11/2021 12:00,0.5219,0
23/11/2021 13:00,0,0
23/11/2021 14:00,0,0
23/11/2021 15:00,3.6907,0.81
23/11/2021 16:00,0,1.22
23/11/2021 17:00,0,2.94
23/11/2021 18:00,0,0.55
23/11/2021 19:00,0,0
23/11/2021 20:00,0,0
23/11/2021 21:00,0,0
23/11/2021 22:00,0,0
23/11/2021 23:00,0,0
24/11/2021 00:00,0,0
24/11/2021 01:00,0,0
24/11/2021 02:00,0,0
24/11/2021 03:00,0,0
24/11/2021 04:00,0,0
24/11/2021 05:00,0,0
24/11/2021 06:00,0,0
24/11/2021 07:00,0,0.46
24/11/2021 08:00,0,0.46
24/11/2021 09:00,1.037,0
24/11/2021 10:00,0,0
24/11/2021 11:00,0,0
24/11/2021 12:00,0,0
24/11/2021 13:00,0,0
24/11/2021 14:00,0,0
24/11/2021 15:00,2.6854,0
24/11/2021 16:00,0.7673,3.78
24/11/2021 17:00,0,0
24/11/2021 18:00,1.6533,0
24/11/2021 19:00,0,0
24/11/2021 20:00,0,0
24/11/2021 21:00,0,0
24/11/2021 22:00,0,0
24/11/2021 23:00,0,0
25/11/2021 00:00,0,0
25/11/2021 01:00,0,0
25/11/2021 02:00,0,0
25/11/2021 03:00,0,0
25/11/2021 04:00,0,0
25/11/2021 05:00,0,0
25/11/2021 06:00,0.8865,1.12
25/11/2021 07:00,3.6514,4.36
25/11/2021 08:00,0,0
25/11/2021 09:00,0,0
25/11/2021 10:00,0,0
25/11/2021 11:00,0,0
25/11/2021 12:00,0,0
25/11/2021 13:00,0,0
25/11/2021 14:00,0,0
25/11/2021 15:00,0,0
25/11/2021 16:00,0,0
25/11/2021 17:00,0,0
25/11/2021 18:00,0,0
25/11/2021 19:00,0,0
25/11/2021 20:00,0,0
25/11/2021 21:00,0,0
25/11/2021 22:00,0,0
25/11/2021 23:00,0,0
26/11/2021 00:00,0,0
26/11/2021 01:00,0,0
26/11/2021 02:00,0,0
26/11/2021 03:00,1.4543,0
26/11/2021 04:00,0,0
26/11/2021 05:00,0,0
26/11/2021 06:00,0,0
26/11/2021 07:00,0.9254,0
26/11/2021 08:00,0.6169,0
26/11/2021 09:00,0,0
26/11/2021 10:00,0,0
26/11/2021 11:00,0,0
26/11/2021 12:00,0,0
26/11/2021 13:00,0,0
26/11/2021 14:00,0,0
26/11/2021 15:00,0,0
26/11/2021 16:00,3.9447,3.72
26/11/2021 17:00,0,0
26/11/2021 18:00,0,1.02
26/11/2021 19:00,0,0.1
26/11/2021 20:00,3.6931,0
26/11/2021 21:00,1.2662,0
26/11/2021 22:00,0,0
26/11/2021 23:00,0,0
27/11/2021 00:00,0,0
27/11/2021 01:00,0,0
27/11/2021 02:00,0,0
27/11/2021 03:00,0,0
27/11/2021 04:00,1.538,0
27/11/2021 05:00,0,0
27/11/2021 06:00,0,0
27/11/2021 07:00,0,0
27/11/2021 08:00,0,0
27/11/2021 09:00,0,0
27/11/2021 10:00,0,0
27/11/2021 11:00,0,0
27/11/2021 12:00,0,0
27/11/2021 13:00,0,0
27/11/2021 14:00,0,0
27/11/2021 15:00,0,0
27/11/2021 16:00,0,0
27/11/2021 17:00,0,0
27/11/2021 18:00,0,0
27/11/2021 19:00,0,0
27/11/2021 20:00,0,0
27/11/2021 21:00,0,0
27/11/2021 22:00,0,0
27/11/2021 23:00,0,0
28/11/2021 00:00,0,0
28/11/2021 01:00,0,0
28/11/2021 02:00,0,0
28/11/2021 03:00,0,0
28/11/2021 04:00,0,0
28/11/2021 05:00,0,0
28/11/2021 06:00,0,0
28/11/2021 07:00,0,0
28/11/2021 08:00,0,0
28/11/2021 09:00,0,0
28/11/2021 10:00,0,0
28/11/2021 11:00,0,0
28/11/2021 12:00,0,0
28/11/2021 13:00,0,0
28/11/2021 14:00,0,0
28/11/2021 15:00,0,0
28/11/2021 16:00,0,0
28/11/2021 17:00,0,4.67
28/11/2021 18:00,0,2.53
28/11/2021 19:00,0,1.98
28/11/2021 20:00,0,1.75
28/11/2021 21:00,0,0
28/11/2021 22:00,0,1.55
28/11/2021 23:00,0,0.48
29/11/2021 00:00,0,0
29/11/2021 01:00,0,0
29/11/2021 02:00,0,0
29/11/2021 03:00,0,0
29/11/2021 04:00,0,0
29/11/2021 05:00,0,0
29/11/2021 06:00,0,0
29/11/2021 07:00,0,0
29/11/2021 08:00,0,5.2
29/11/2021 09:00,0.9122,0
29/11/2021 10:00,0,0
29/11/2021 11:00,0,1.12
29/11/2021 12:00,0,0
29/11/2021 13:00,0,0
29/11/2021 14:00,0,0
29/11/2021 15:00,0,0
29/11/2021 16:00,3.9452,0
29/11/2021 17:00,0,0
29/11/2021 18:00,0,0
29/11/2021 19:00,0,0
29/11/2021 20:00,0,0
29/11/2021 21:00,0,0
29/11/2021 22:00,0,0
29/11/2021 23:00,0,0
30/11/2021 00:00,0,0
30/11/2021 01:00,0,0
30/11/2021 02:00,0,0
30/11/2021 03:00,0,0
30/11/2021 04:00,0,0
30/11/2021 05:00,0,0
30/11/2021 06:00,0,0
30/11/2021 07:00,0,0
30/11/2021 08:00,0.8778,0
30/11/2021 09:00,0,0
30/11/2021 10:00,0,0
30/11/2021 11:00,0,0
30/11/2021 12:00,0,0
30/11/2021 13:00,0,0
30/11/2021 14:00,2.0486,0
30/11/2021 15:00,1.9612,0
30/11/2021 16:00,0,4.49
30/11/2021 17:00,0,2.21
30/11/2021 18:00,0,0
30/11/2021 19:00,0,0
30/11/2021 20:00,0,0
30/11/2021 21:00,0,0
30/11/2021 22:00,0,0
30/11/2021 23:00,0,0
01/12/2021 00:00,0,0
01/12/2021 01:00,0,0
01/12/2021 02:00,0,0
01/12/2021 03:00,0,0
01/12/2021 04:00,0,0
01/12/2021 05:00,0,0
01/12/2021 06:00,0,0
01/12/2021 07:00,1.5646,0
01/12/2021 08:00,0,5.51
01/12/2021 09:00,0,0
01/12/2021 10:00,0,0
01/12/2021 11:00,0,0
01/12/2021 12:00,0,0
01/12/2021 13:00,0,0
01/12/2021 14:00,4.6484,0
01/12/2021 15:00,0,0.13
01/12/2021 16:00,0,0
01/12/2021 17:00,0,0
01/12/2021 18:00,0,0
01/12/2021 19:00,0,0
01/12/2021 20:00,0,0
01/12/2021 21:00,0,0
01/12/2021 22:00,0,0
01/12/2021 23:00,0,0
02/12/2021 00:00,0,0
02/12/2021 01:00,0,0
02/12/2021 02:00,0,0
02/12/2021 03:00,0,0
02/12/2021 04:00,0,0
02/12/2021 05:00,0,0
02/12/2021 06:00,0.3172,0
02/12/2021 07:00,4.2032,0
02/12/2021 08:00,0,0
02/12/2021 09:00,0,0
02/12/2021 10:00,0,0
02/12/2021 11:00,0,4.56
02/12/2021 12:00,0,0
02/12/2021 13:00,0,0
02/12/2021 14:00,0,0
02/12/2021 15:00,0.7438,0
02/12/2021 16:00,0,0.11
02/12/2021 17:00,0,0
02/12/2021 18:00,0,0
02/12/2021 19:00,0,0
02/12/2021 20:00,0,0
02/12/2021 21:00,0,0
02/12/2021 22:00,0,0
02/12/2021 23:00,0,0
03/12/2021 00:00,0,0
03/12/2021 01:00,0,0
03/12/2021 02:00,0,0
03/12/2021 03:00,0,0
03/12/2021 04:00,0,0
03/12/2021 05:00,0,0
03/12/2021 06:00,0,0
03/12/2021 07:00,0,3.48
03/12/2021 08:00,0,0
03/12/2021 09:00,0,0
03/12/2021 10:00,0,0
03/12/2021 11:00,0,0
03/12/2021 12:00,0,0
03/12/2021 13:00,0,0
03/12/2021 14:00,0,0
03/12/2021 15:00,0,0
03/12/2021 16:00,0.7016,0
03/12/2021 17:00,3.5387,0.4
03/12/2021 18:00,0,0
03/12/2021 19:00,0,0
03/12/2021 20:00,0,0
03/12/2021 21:00,0,0
03/12/2021 22:00,0,0
03/12/2021 23:00,0,0
04/12/2021 00:00,0,0
04/12/2021 01:00,0,0
04/12/2021 02:00,0,0
04/12/2021 03:00,0,0
04/12/2021 04:00,0,0
04/12/2021 05:00,0,0
04/12/2021 06:00,0,0
04/12/2021 07:00,0,0
04/12/2021 08:00,0,0
04/12/2021 09:00,0,0
04/12/2021 10:00,0,0
04/12/2021 11:00,0,0
04/12/2021 12:00,0,0
04/12/2021 13:00,0,0
04/12/2021 14:00,0,0
04/12/2021 15:00,0,0
04/12/2021 16:00,0,0
04/12/2021 17:00,0,0
04/12/2021 18:00,0,0
04/12/2021 19:00,0,0
04/12/2021 20:00,0,0
04/12/2021 21:00,0,0
04/12/2021 22:00,0,1.93
04/12/2021 23:00,0,0
05/12/2021 00:00,0,0
05/12/2021 01:00,0,0
05/12/2021 02:00,0,0
05/12/2021 03:00,0,0
05/12/2021 04:00,0,0
05/12/2021 05:00,0,0
05/12/2021 06:00,0,0
05/12/2021 07:00,0,0
05/12/2021 08:00,0,0
05/12/2021 09:00,0,0
05/12/2021 10:00,0,0
05/12/2021 11:00,0,0
05/12/2021 12:00,3.6095,0
05/12/2021 13:00,0,0
05/12/2021 14:00,4.0187,0
05/12/2021 15:00,1.4353,0
05/12/2021 16:00,0,0
05/12/2021 17:00,0,0
05/12/2021 18:00,0,0
05/12/2021 19:00,0,0
05/12/2021 20:00,0,0
05/12/2021 21:00,0,0
05/12/2021 22:00,0,0
05/12/2021 23:00,0,0
06/12/2021 00:00,1.2518,0
06/12/2021 01:00,0,0
06/12/2021 02:00,1.3452,0
06/12/2021 03:00,1.5427,0
06/12/2021 04:00,0,0
06/12/2021 05:00,1.5634,0
06/12/2021 06:00,0,0
06/12/2021 07:00,0,0.46
06/12/2021 08:00,0,0
06/12/2021 09:00,0,0
06/12/2021 10:00,0,0
06/12/2021 11:00,0,0
06/12/2021 12:00,0,0
06/12/2021 13:00,0,0
06/12/2021 14:00,0,0
06/12/2021 15:00,2.6202,2.68
06/12/2021 16:00,0.6793,1.59
06/12/2021 17:00,0,0
06/12/2021 18:00,0,0
06/12/2021 19:00,0,0
06/12/2021 20:00,0,0
06/12/2021 21:00,0,0
06/12/2021 22:00,0,0
06/12/2021 23:00,3.3148,0
07/12/2021 00:00,0,0
07/12/2021 01:00,0,0
07/12/2021 02:00,0,0
07/12/2021 03:00,0,0
07/12/2021 04:00,0,0
07/12/2021 05:00,0,0
07/12/2021 06:00,0,0
07/12/2021 07:00,1.3552,0.12
07/12/2021 08:00,2.9568,0
07/12/2021 09:00,0.2242,0
07/12/2021 10:00,0,0
07/12/2021 11:00,0,0
07/12/2021 12:00,0,0
07/12/2021 13:00,0,0
07/12/2021 14:00,0,0.64
07/12/2021 15:00,0,3.52
07/12/2021 16:00,0,1.97
07/12/2021 17:00,0,0
07/12/2021 18:00,0,0
07/12/2021 19:00,0,0
07/12/2021 20:00,0,0
07/12/2021 21:00,0,0
07/12/2021 22:00,0,0
07/12/2021 23:00,0,0
08/12/2021 00:00,0,0
08/12/2021 01:00,0,0
08/12/2021 02:00,0,0
08/12/2021 03:00,0,0
08/12/2021 04:00,0,0
08/12/2021 05:00,0,0
08/12/2021 06:00,0,0
08/12/2021 07:00,0,0
08/12/2021 08:00,0,0
08/12/2021 09:00,0,0
08/12/2021 10:00,1.0982,0
08/12/2021 11:00,0,0
08/12/2021 12:00,0,0
08/12/2021 13:00,0,0
08/12/2021 14:00,3.9612,0
08/12/2021 15:00,0,2.22
08/12/2021 16:00,0,1.3
08/12/2021 17:00,0,1.31
08/12/2021 18:00,0.108,0
08/12/2021 19:00,0.216,0
08/12/2021 20:00,0,0
08/12/2021 21:00,0,0
08/12/2021 22:00,0,0
08/12/2021 23:00,0,0
09/12/2021 00:00,0,0
09/12/2021 01:00,0,0
09/12/2021 02:00,0,0
09/12/2021 03:00,0,0
09/12/2021 04:00,0,0
09/12/2021 05:00,0,0
09/12/2021 06:00,0,0
09/12/2021 07:00,3.3498,0
09/12/2021 08:00,2.0935,0
09/12/2021 09:00,0,0
09/12/2021 10:00,0,0.88
09/12/2021 11:00,0,0
09/12/2021 12:00,0,0
09/12/2021 13:00,0,0
09/12/2021 14:00,0,0
09/12/2021 15:00,0.29,0
09/12/2021 16:00,0,0
09/12/2021 17:00,0,3.34
09/12/2021 18:00,0,0
09/12/2021 19:00,0,0
09/12/2021 20:00,0,0
09/12/2021 21:00,0,0
09/12/2021 22:00,0,0
09/12/2021 23:00,0,0
10/12/2021 00:00,0,0
10/12/2021 01:00,0,0
10/12/2021 02:00,0,0
10/12/2021 03:00,0,0
10/12/2021 04:00,0,0
10/12/2021 05:00,0,0.25
10/12/2021 06:00,0,5.33
10/12/2021 07:00,0,0
10/12/2021 08:00,0,0
10/12/2021 09:00,0,0
10/12/2021 10:00,0,0
10/12/2021 11:00,0,0
10/12/2021 12:00,0,0
10/12/2021 13:00,0,0
10/12/2021 14:00,3.1989,0
10/12/2021 15:00,0,0.58
10/12/2021 16:00,1.6103,0
10/12/2021 17:00,0,0
10/12/2021 18:00,0.2638,0
10/12/2021 19:00,0.5159,0
10/12/2021 20:00,0,0
10/12/2021 21:00,0,0
10/12/2021 22:00,0,0
10/12/2021 23:00,0,0
11/12/2021 00:00,0,0
11/12/2021 01:00,0,0
11/12/2021 02:00,0,0
11/12/2021 03:00,0,1.4
11/12/2021 04:00,0,0
11/12/2021 05:00,0,0
11/12/2021 06:00,0,0
11/12/2021 07:00,0,0
11/12/2021 08:00,0,0
11/12/2021 09:00,0,0
11/12/2021 10:00,0,0
11/12/2021 11:00,0,0
11/12/2021 12:00,0,0
11/12/2021 13:00,0,0
11/12/2021 14:00,0,0
11/12/2021 15:00,0,0
11/12/2021 16:00,0,0
11/12/2021 17:00,0,0
11/12/2021 18:00,0,0
11/12/2021 19:00,0,0
11/12/2021 20:00,0,0
11/12/2021 21:00,0,0
11/12/2021 22:00,0,0
11/12/2021 23:00,0,0
12/12/2021 00:00,0,0
12/12/2021 01:00,0,0
12/12/2021 02:00,0,0
12/12/2021 03:00,0,1.41
12/12/2021 04:00,0,0.54
12/12/2021 05:00,0,0
12/12/2021 06:00,0,0
12/12/2021 07:00,0,0
12/12/2021 08:00,0,0
12/12/2021 09:00,0,0
12/12/2021 10:00,0,0
12/12/2021 11:00,0,0
12/12/2021 12:00,0,0
12/12/2021 13:00,0,0
12/12/2021 14:00,0,0
12/12/2021 15:00,0,0
12/12/2021 16:00,0,0
12/12/2021 17:00,0,0
12/12/2021 18:00,0,0
12/12/2021 19:00,0,0
12/12/2021 20:00,0,0
12/12/2021 21:00,0,0
12/12/2021 22:00,0,0
12/12/2021 23:00,0,0
13/12/2021 00:00,0,0
13/12/2021 01:00,5.2932,0
13/12/2021 02:00,0,0
13/12/2021 03:00,0,0
13/12/2021 04:00,0,0
13/12/2021 05:00,0,0
13/12/2021 06:00,2.3412,0
13/12/2021 07:00,1.8007,0
13/12/2021 08:00,0,0
13/12/2021 09:00,0,0
13/12/2021 10:00,0,0.76
13/12/2021 11:00,1.7228,3.5
13/12/2021 12:00,0,0
13/12/2021 13:00,0,0
13/12/2021 14:00,0,1.52
13/12/2021 15:00,0,0.85
13/12/2021 16:00,0,2.85
13/12/2021 17:00,0.3718,0
13/12/2021 18:00,0,0
13/12/2021 19:00,0,0
13/12/2021 20:00,0,0
13/12/2021 21:00,0,0.12
13/12/2021 22:00,0,0
13/12/2021 23:00,0,0
14/12/2021 00:00,0,0
14/12/2021 01:00,0,0
14/12/2021 02:00,0.9713,0
14/12/2021 03:00,0,0
14/12/2021 04:00,0,0
14/12/2021 05:00,0,1.37
14/12/2021 06:00,0,0
14/12/2021 07:00,0,0
14/12/2021 08:00,0,0
14/12/2021 09:00,1.0597,0
14/12/2021 10:00,0,0
14/12/2021 11:00,0,0
14/12/2021 12:00,3.6576,0
14/12/2021 13:00,2.4743,0.12
14/12/2021 14:00,0,4.67
14/12/2021 15:00,2.1452,0
14/12/2021 16:00,2.2644,0
14/12/2021 17:00,0,0
14/12/2021 18:00,0,0
14/12/2021 19:00,0,0
14/12/2021 20:00,0,0
14/12/2021 21:00,0,0
14/12/2021 22:00,0,0
14/12/2021 23:00,0,0
15/12/2021 00:00,0,0
15/12/2021 01:00,0,0
15/12/2021 02:00,0,0
15/12/2021 03:00,0,0
15/12/2021 04:00,0,0
15/12/2021 05:00,0.2255,0
15/12/2021 06:00,0,0
15/12/2021 07:00,0,0
15/12/2021 08:00,0,0
15/12/2021 09:00,0,0
15/12/2021 10:00,0,0
15/12/2021 11:00,0,0
15/12/2021 12:00,0,0
15/12/2021 13:00,0,0
15/12/2021 14:00,0,0
15/12/2021 15:00,0.9266,0.94
15/12/2021 16:00,3.6189,3.5
15/12/2021 17:00,0,0
15/12/2021 18:00,0,0
15/12/2021 19:00,0,0
15/12/2021 20:00,0,0
15/12/2021 21:00,0,0
15/12/2021 22:00,0,0
15/12/2021 23:00,0,0
16/12/2021 00:00,0,0
16/12/2021 01:00,0,3.02
16/12/2021 02:00,0,3.06
16/12/2021 03:00,0,0.55
16/12/2021 04:00,0,0
16/12/2021 05:00,0,0
16/12/2021 06:00,0,0
16/12/2021 07:00,0,4.52
16/12/2021 08:00,0,0.46
16/12/2021 09:00,0,0
16/12/2021 10:00,0,0
16/12/2021 11:00,0,0
16/12/2021 12:00,0,0
16/12/2021 13:00,0,0
16/12/2021 14:00,0,0
16/12/2021 15:00,3.871,0
16/12/2021 16:00,0,0
16/12/2021 17:00,1.1639,0.77
16/12/2021 18:00,0,0
16/12/2021 19:00,0,0
16/12/2021 20:00,0,0
16/12/2021 21:00,0,0
16/12/2021 22:00,0,0
16/12/2021 23:00,0,0
17/12/2021 00:00,0,0
17/12/2021 01:00,0,0
17/12/2021 02:00,0,0
17/12/2021 03:00,5.1069,0
17/12/2021 04:00,2.0536,0
17/12/2021 05:00,0,0
17/12/2021 06:00,0,0
17/12/2021 07:00,0,0
17/12/2021 08:00,0.7597,0
17/12/2021 09:00,0,0
17/12/2021 10:00,0,0.86
17/12/2021 11:00,0,0.24
17/12/2021 12:00,0,0
17/12/2021 13:00,2.2018,0
17/12/2021 14:00,1.9609,0
17/12/2021 15:00,0,0
17/12/2021 16:00,0,0
17/12/2021 17:00,0,0
17/12/2021 18:00,0,0.43
17/12/2021 19:00,0,4.75
17/12/2021 20:00,0,0
17/12/2021 21:00,0,0
17/12/2021 22:00,0,0
17/12/2021 23:00,0,0
18/12/2021 00:00,0,0
18/12/2021 01:00,0,0
18/12/2021 02:00,0,1.51
18/12/2021 03:00,0,0.47
18/12/2021 04:00,0,0
18/12/2021 05:00,0,0
18/12/2021 06:00,0,0
18/12/2021 07:00,0,0
18/12/2021 08:00,0,0
18/12/2021 09:00,0,0
18/12/2021 10:00,0.907,0
18/12/2021 11:00,5.7379,0
18/12/2021 12:00,3.3734,0
18/12/2021 13:00,0,0
18/12/2021 14:00,0,0
18/12/2021 15:00,0,2.08
18/12/2021 16:00,0,2.85
18/12/2021 17:00,0,0
18/12/2021 18:00,0,0
18/12/2021 19:00,0,6.09
18/12/2021 20:00,0,0.85
18/12/2021 21:00,0,0
18/12/2021 22:00,0,0
18/12/2021 23:00,2.0752,0
19/12/2021 00:00,0,0
19/12/2021 01:00,0,0
19/12/2021 02:00,0,0
19/12/2021 03:00,0,0
19/12/2021 04:00,0,0
19/12/2021 05:00,0,0
19/12/2021 06:00,0,0
19/12/2021 07:00,1.7186,0
19/12/2021 08:00,0,0
19/12/2021 09:00,0,0
19/12/2021 10:00,0,0
19/12/2021 11:00,0,0
19/12/2021 12:00,0,0
19/12/2021 13:00,0,0
19/12/2021 14:00,0,0
19/12/2021 15:00,0,0
19/12/2021 16:00,0,0
19/12/2021 17:00,0,0
19/12/2021 18:00,0,0
19/12/2021 19:00,0,0
19/12/2021 20:00,0,0
19/12/2021 21:00,0,0
19/12/2021 22:00,0,0
19/12/2021 23:00,0.1057,0
20/12/2021 00:00,0,0
20/12/2021 01:00,0,0
20/12/2021 02:00,0,0
20/12/2021 03:00,0,0
20/12/2021 04:00,0,0
20/12/2021 05:00,0,0
20/12/2021 06:00,0,0
20/12/2021 07:00,0,4.65
20/12/2021 08:00,0,0
20/12/2021 09:00,0,0.81
20/12/2021 10:00,0,0
20/12/2021 11:00,0,0
20/12/2021 12:00,0,0
20/12/2021 13:00,0,0
20/12/2021 14:00,0,0
20/12/2021 15:00,0,0
20/12/2021 16:00,3.3911,0
20/12/2021 17:00,2.1556,0
20/12/2021 18:00,0,0
20/12/2021 19:00,0,0
20/12/2021 20:00,0,0
20/12/2021 21:00,0,0
20/12/2021 22:00,0,0
20/12/2021 23:00,0,0
21/12/2021 00:00,0,0
21/12/2021 01:00,0,0
21/12/2021 02:00,3.3835,0
21/12/2021 03:00,1.8468,0
21/12/2021 04:00,0,0
21/12/2021 05:00,0,0
21/12/2021 06:00,2.838,0
21/12/2021 07:00,1.7781,0
21/12/2021 08:00,0,0
21/12/2021 09:00,0,1.37
21/12/2021 10:00,0,0
21/12/2021 11:00,0,0
21/12/2021 12:00,1.5356,0
21/12/2021 13:00,0.1097,0
21/12/2021 14:00,0.2096,0
21/12/2021 15:00,0,0
21/12/2021 16:00,0,0
21/12/2021 17:00,0,0
21/12/2021 18:00,0,0.63
21/12/2021 19:00,0,1.88
21/12/2021 20:00,0,0
21/12/2021 21:00,0,0
21/12/2021 22:00,0,0
21/12/2021 23:00,0,0
22/12/2021 00:00,0,0
22/12/2021 01:00,0,0
22/12/2021 02:00,0,0
22/12/2021 03:00,0,0
22/12/2021 04:00,0,0
22/12/2021 05:00,0,0
22/12/2021 06:00,0.7514,0
22/12/2021 07:00,5.7569,1.16
22/12/2021 08:00,0,0
22/12/2021 09:00,0,0
22/12/2021 10:00,0,0
22/12/2021 11:00,0,0
22/12/2021 12:00,0,0
22/12/2021 13:00,0,0
22/12/2021 14:00,0,0
22/12/2021 15:00,0,0.23
22/12/2021 16:00,0,4.24
22/12/2021 17:00,0,0.48
22/12/2021 18:00,0.1998,0
22/12/2021 19:00,0,0
22/12/2021 20:00,0,0
22/12/2021 21:00,0,0
22/12/2021 22:00,0,0
22/12/2021 23:00,0,0
23/12/2021 00:00,0,0
23/12/2021 01:00,0,0
23/12/2021 02:00,0,0.27
23/12/2021 03:00,0,0
23/12/2021 04:00,0,0
23/12/2021 05:00,0,0
23/12/2021 06:00,0,0
23/12/2021 07:00,0,0
23/12/2021 08:00,0,0.3
23/12/2021 09:00,5.404,0
23/12/2021 10:00,0,0
23/12/2021 11:00,0,0
23/12/2021 12:00,0,0
23/12/2021 13:00,0,0.5
23/12/2021 14:00,0,5.2
23/12/2021 15:00,0,0
23/12/2021 16:00,0,0
23/12/2021 17:00,0.2218,0
23/12/2021 18:00,0,0
23/12/2021 19:00,0,0
23/12/2021 20:00,0,0
23/12/2021 21:00,0,0
23/12/2021 22:00,0,3.3
23/12/2021 23:00,0,4.04
24/12/2021 00:00,0,0
24/12/2021 01:00,0,0
24/12/2021 02:00,0,0
24/12/2021 03:00,0,0
24/12/2021 04:00,0,0
24/12/2021 05:00,0,0
24/12/2021 06:00,0.7333,0
24/12/2021 07:00,0,0
24/12/2021 08:00,0,0
24/12/2021 09:00,0,0
24/12/2021 10:00,0,0
24/12/2021 11:00,0,0
24/12/2021 12:00,0,0
24/12/2021 13:00,0,0
24/12/2021 14:00,0,2.95
24/12/2021 15:00,0,1.3
24/12/2021 16:00,0,0
24/12/2021 17:00,0,0
24/12/2021 18:00,4.6487,0
24/12/2021 19:00,0,0
24/12/2021 20:00,0,0
24/12/2021 21:00,0,0
24/12/2021 22:00,0,0
24/12/2021 23:00,0,0
25/12/2021 00:00,0,0
25/12/2021 01:00,0,0
25/12/2021 02:00,2.0457,0
25/12/2021 03:00,0,0
25/12/2021 04:00,0,2.29
25/12/2021 05:00,0,0
25/12/2021 06:00,0,0
25/12/2021 07:00,0,0
25/12/2021 08:00,0,0
25/12/2021 09:00,0,0
25/12/2021 10:00,0,0
25/12/2021 11:00,2.0627,0
25/12/2021 12:00,1.2842,0
25/12/2021 13:00,2.2175,0
25/12/2021 14:00,3.7206,0
25/12/2021 15:00,0,0
25/12/2021 16:00,0,0
25/12/2021 17:00,0,0
25/12/2021 18:00,0,0
25/12/2021 19:00,0,0
25/12/2021 20:00,0,0
25/12/2021 21:00,0,0
25/12/2021 22:00,0,0
25/12/2021 23:00,0,0
26/12/2021 00:00,0.3906,0
26/12/2021 01:00,2.3458,2.37
26/12/2021 02:00,0,0
26/12/2021 03:00,0,0
26/12/2021 04:00,0,0
26/12/2021 05:00,0,0
26/12/2021 06:00,0,0
26/12/2021 07:00,0,0
26/12/2021 08:00,0,0
26/12/2021 09:00,0,0
26/12/2021 10:00,1.7954,0
26/12/2021 11:00,0,0
26/12/2021 12:00,0,0
26/12/2021 13:00,2.5386,0
26/12/2021 14:00,1.6924,0
26/12/2021 15:00,3.8732,0
26/12/2021 16:00,0.1435,0
26/12/2021 17:00,0,0
26/12/2021 18:00,0,0
26/12/2021 19:00,0,0
26/12/2021 20:00,0,0
26/12/2021 21:00,0,0
26/12/2021 22:00,0,0
26/12/2021 23:00,0,0
27/12/2021 00:00,0,0
27/12/2021 01:00,0,0
27/12/2021 02:00,0,0
27/12/2021 03:00,0,0
27/12/2021 04:00,0,0
27/12/2021 05:00,1.929,0
27/12/2021 06:00,2.7868,3.99
27/12/2021 07:00,0.6037,1.62
27/12/2021 08:00,0,0
27/12/2021 09:00,0,0
27/12/2021 10:00,0,0
27/12/2021 11:00,0,0
27/12/2021 12:00,0,0
27/12/2021 13:00,0,0
27/12/2021 14:00,0,0
27/12/2021 15:00,0,0
27/12/2021 16:00,0,0
27/12/2021 17:00,0,0
27/12/2021 18:00,0,0
27/12/2021 19:00,0,0
27/12/2021 20:00,0,0
27/12/2021 21:00,0,0
27/12/2021 22:00,0,0
27/12/2021 23:00,0,0
28/12/2021 00:00,0,0
28/12/2021 01:00,2.5914,0
28/12/2021 02:00,0.9445,0
28/12/2021 03:00,0,0
28/12/2021 04:00,0,0
28/12/2021 05:00,0,0
28/12/2021 06:00,0,0
28/12/2021 07:00,1.3988,0
28/12/2021 08:00,3.8036,0.12
28/12/2021 09:00,0,0.12
28/12/2021 10:00,0,0
28/12/2021 11:00,0,0
28/12/2021 12:00,0,0
28/12/2021 13:00,0,0
28/12/2021 14:00,0,0
28/12/2021 15:00,0.3167,0
28/12/2021 16:00,0,1.21
28/12/2021 17:00,0,3.12
28/12/2021 18:00,0,0
28/12/2021 19:00,0,0
28/12/2021 20:00,0,0
28/12/2021 21:00,0,0
28/12/2021 22:00,3.6639,0
28/12/2021 23:00,0,0
29/12/2021 00:00,0,0
29/12/2021 01:00,0,0
29/12/2021 02:00,1.1605,0
29/12/2021 03:00,4.8517,0
29/12/2021 04:00,1.5823,0
29/12/2021 05:00,0,0
29/12/2021 06:00,0,0
29/12/2021 07:00,0,1.93
29/12/2021 08:00,0,0
29/12/2021 09:00,0.6229,0
29/12/2021 10:00,0,0
29/12/2021 11:00,0,0
29/12/2021 12:00,0,0
29/12/2021 13:00,0,0
29/12/2021 14:00,0,0
29/12/2021 15:00,0,0.79
29/12/2021 16:00,1.9578,3.49
29/12/2021 17:00,1.5948,0
29/12/2021 18:00,0,0
29/12/2021 19:00,0,0
29/12/2021 20:00,0,0
29/12/2021 21:00,0,0
29/12/2021 22:00,0,0
29/12/2021 23:00,0,0
30/12/2021 00:00,0,0
30/12/2021 01:00,0,0
30/12/2021 02:00,0,0
30/12/2021 03:00,0,0
30/12/2021 04:00,0,0
30/12/2021 05:00,0,0
30/12/2021 06:00,0,0
30/12/2021 07:00,0,3.73
30/12/2021 08:00,0,0.57
30/12/2021 09:00,0,0
30/12/2021 10:00,0,0
30/12/2021 11:00,0,0
30/12/2021 12:00,0,0
30/12/2021 13:00,0,0
30/12/2021 14:00,0,0
30/12/2021 15:00,0.4254,0
30/12/2021 16:00,0,0
30/12/2021 17:00,2.04,0
30/12/2021 18:00,1.825,0
30/12/2021 19:00,0,0
30/12/2021 20:00,0,0
30/12/2021 21:00,0,0
30/12/2021 22:00,0,0
30/12/2021 23:00,0,0
31/12/2021 00:00,0,0
31/12/2021 01:00,0,0
31/12/2021 02:00,0,0
31/12/2021 03:00,0,0
31/12/2021 04:00,0,0
31/12/2021 05:00,0,4.36
31/12/2021 06:00,0,0
31/12/2021 07:00,0,0
31/12/2021 08:00,0,0
31/12/2021 09:00,0,0
31/12/2021 10:00,0,0
31/12/2021 11:00,0,0
31/12/2021 12:00,0,0
31/12/2021 13:00,0,0
31/12/2021 14:00,0,0
31/12/2021 15:00,3.0962,0
31/12/2021 16:00,1.6728,1.07
31/12/2021 17:00,0.3662,0
31/12/2021 18:00,0,0
31/12/2021 19:00,0,0
31/12/2021 20:00,0,0
31/12/2021 21:00,0,0
31/12/2021 22:00,0,0
31/12/2021 23:00,0,0
