Datetime,R1,R2,R3,R4,R5,R6
01/01/2021 00:00,0.780361853,0.52748849,0.669290376,0.831639115,0.849702607,0.683703024
01/01/2021 01:00,0.67161396,0.478501389,0.471117789,0.681044449,0.76623021,0.62267629
01/01/2021 02:00,0.544268204,0.378906225,0.480764521,0.53691979,0.626089292,0.523717602
01/01/2021 03:00,0.455153621,0.311543247,0.396146979,0.437584821,0.498165662,0.403751466
01/01/2021 04:00,0.428514102,0.305720574,0.367574854,0.409712606,0.46332718,0.375932633
01/01/2021 05:00,0.513599814,0.347166028,0.354746599,0.450116507,0.607567639,0.438677504
01/01/2021 06:00,0.82862042,0.451717438,0.573117894,0.638785277,0.719867851,0.585531134
01/01/2021 07:00,0.827690247,0.55949052,0.709814112,0.803643587,0.894906586,0.725123084
01/01/2021 08:00,0.702011404,0.541936784,0.687625669,0.902501849,0.866809352,0.702469029
01/01/2021 09:00,0.910867543,0.621002858,0.781256221,0.836515458,0.965198032,0.797470202
01/01/2021 10:00,0.923593013,0.627648822,0.792021585,0.882714988,0.996215564,0.809315547
01/01/2021 11:00,0.968562392,0.65599196,0.830640318,0.925809769,1.047110145,0.918711986
01/01/2021 12:00,1.047154268,0.696270298,0.88338659,1.105631282,1.04604717,0.902453242
01/01/2021 13:00,0.971952749,0.708361009,0.878717488,1.074848709,1.092694813,0.91045763
01/01/2021 14:00,1.004451922,0.6789408,0.861431929,0.960113324,1.085481522,0.879991235
01/01/2021 15:00,1.077794677,0.728283495,0.924318148,1.033219138,1.165180032,0.944256583
01/01/2021 16:00,1.088493341,0.735816891,0.919512765,1.040543063,1.17680654,1.129943465
01/01/2021 17:00,1.199477515,0.794370526,1.080199681,1.146181841,1.295703147,1.050021182
01/01/2021 18:00,1.357617074,0.917878894,1.164560033,1.297955506,1.468193826,1.174512927
01/01/2021 19:00,1.479975066,1.051125653,1.177399279,1.403154578,1.589479529,1.288057504
01/01/2021 20:00,1.501058768,1.014136363,1.287289953,1.434823152,1.47,1.315447474
01/01/2021 21:00,1.47,1.003972354,1.135911908,1.420669264,1.606802362,1.302041692
01/01/2021 22:00,1.257958149,1.050717022,1.184618631,1.202103976,1.359588578,1.101799532
01/01/2021 23:00,0.936136674,0.671227334,0.847045948,0.998819047,1.067769773,0.91537349
02/01/2021 00:00,0.791065839,0.534716046,0.678403568,0.857285145,0.855161262,0.692989299
02/01/2021 01:00,0.712126935,0.404074903,0.608716921,0.680604803,0.769854439,0.62397771
02/01/2021 02:00,0.569004416,0.443062578,0.487476384,0.544263476,0.615681952,0.497894347
02/01/2021 03:00,0.476227922,0.321770164,0.408253949,0.455016277,0.514617957,0.417052066
02/01/2021 04:00,0.411597155,0.300347215,0.381504604,0.424690834,0.480204161,0.389133904
02/01/2021 05:00,0.476699254,0.351929129,0.446506492,0.497676477,0.562775882,0.456125476
02/01/2021 06:00,0.675371866,0.448281547,0.370462574,0.645543553,0.730107719,0.591668493
02/01/2021 07:00,0.835627571,0.564218564,0.789542597,0.797923191,0.918551818,0.731438171
02/01/2021 08:00,0.808864842,0.546773988,0.69372965,0.776808997,0.870259569,0.708669529
02/01/2021 09:00,0.750653,0.608654358,0.772245772,0.860861831,1.046623122,0.788889798
02/01/2021 10:00,0.930844079,0.62921125,0.798296246,0.889745744,1.030583432,0.867397074
02/01/2021 11:00,0.975976002,0.659724117,0.836929804,0.933956971,1.049276676,0.855004945
02/01/2021 12:00,1.03763981,0.701394408,0.890171801,0.991867092,1.121742007,0.933927203
02/01/2021 13:00,1.063578076,0.715325558,0.812862509,1.012060645,1.143989788,0.927445835
02/01/2021 14:00,1.01439852,0.690242483,0.870557333,0.971580769,1.102268695,0.885485835
02/01/2021 15:00,1.086665027,0.731069636,0.933860723,1.040852031,1.158066839,0.955765352
02/01/2021 16:00,1.143650685,0.743721659,0.9435437,1.051557078,1.189455424,0.963744369
02/01/2021 17:00,1.228460366,0.72410972,1.038517499,1.1495683,1.308790775,1.060669704
02/01/2021 18:00,1.390545366,0.933356598,1.184121641,1.335117586,1.508224465,1.209771527
02/01/2021 19:00,1.483452266,1.002756779,1.272193312,1.448988471,1.603747309,1.299679615
02/01/2021 20:00,1.514814795,1.027119638,1.299098356,1.447954502,1.47,1.327167937
02/01/2021 21:00,1.47,1.013485185,1.288202536,1.433900891,1.615954194,1.314289356
02/01/2021 22:00,1.271787272,0.859629704,1.090695231,1.215560763,1.374915852,1.055822731
02/01/2021 23:00,0.934234655,0.633838948,0.859460302,0.957856521,1.142208489,0.877936208
03/01/2021 00:00,0.80903955,0.801309024,0.687893562,0.834549445,0.874583431,0.69893206
03/01/2021 01:00,0.730155103,0.486965477,0.530865032,0.688577447,0.778684283,0.631163222
03/01/2021 02:00,0.584094532,0.383258015,0.500889648,0.558283754,0.63170862,0.511698309
03/01/2021 03:00,0.524943394,0.338518182,0.428312686,0.480587299,0.556223144,0.438428468
03/01/2021 04:00,0.52993711,0.311540249,0.401245889,0.447515989,0.506130133,0.410173793
03/01/2021 05:00,0.536204979,0.360729849,0.46089742,0.512536619,0.565495339,0.486805849
03/01/2021 06:00,0.691165317,0.467067007,0.594440749,0.660525792,0.7469853,0.605380421
03/01/2021 07:00,0.850496781,0.592679625,0.729263895,0.725412093,0.79643664,0.745167975
03/01/2021 08:00,0.824733815,0.562744801,0.667796187,0.746618569,0.981268064,0.875320026
03/01/2021 09:00,0.899074674,0.610716155,0.892356374,0.730567741,0.972295426,0.787667009
03/01/2021 10:00,0.947344464,0.640360065,0.812077841,0.905529169,1.024147471,0.829976267
03/01/2021 11:00,0.992376474,0.671314972,0.851022378,0.948500897,1.124372457,0.92691347
03/01/2021 12:00,1.05373064,0.712318408,0.90373799,1.039684556,1.139403856,0.922773518
03/01/2021 13:00,1.07172131,0.724395818,0.922274076,1.024409905,1.158638948,0.94099093
03/01/2021 14:00,1.02833518,0.867691919,0.881888823,0.983058407,1.112700588,0.870300836
03/01/2021 15:00,1.01619423,0.743917898,0.755632406,1.053159933,1.211734065,0.965115452
03/01/2021 16:00,1.093235126,0.750957121,1.030461278,1.063666274,1.160618123,0.974794492
03/01/2021 17:00,1.249039654,0.826500398,1.048806421,1.169267175,1.322022731,1.081012214
03/01/2021 18:00,1.402817997,0.948209105,1.039752225,1.340056226,1.637850138,1.22899657
03/01/2021 19:00,1.482992232,1.079663897,1.28220171,1.430367307,1.616354334,1.446912982
03/01/2021 20:00,1.47,1.031340479,1.211587693,1.458465524,1.47,1.47
03/01/2021 21:00,1.510424343,0.996806961,1.271576362,1.445520459,1.632876899,1.319059287
03/01/2021 22:00,1.281464714,0.870275818,1.091257753,1.132747336,1.385302932,1.123425784
03/01/2021 23:00,0.993423438,0.587724749,0.835924706,0.966535338,1.093134759,0.885884549
04/01/2021 00:00,0.8197256,0.55379751,0.693482871,0.775450652,0.902386445,0.680344133
04/01/2021 01:00,0.765977418,0.486989629,0.621219533,0.688684046,0.957982777,0.627609691
04/01/2021 02:00,0.590726156,0.399217737,0.50666943,0.564673081,0.685617356,0.492572917
04/01/2021 03:00,0.504293714,0.346780783,0.439938964,0.490629103,0.554684657,0.449106474
04/01/2021 04:00,0.48188883,0.325731588,0.413275118,0.460740682,0.520836603,0.434653025
04/01/2021 05:00,0.500253212,0.365783451,0.464092668,0.517264166,0.585024582,0.435869851
04/01/2021 06:00,0.695745222,0.470323912,0.596827144,0.664548536,0.750484622,0.609644566
04/01/2021 07:00,0.854992043,0.577969674,0.733259706,0.813459309,0.925265505,0.749110775
04/01/2021 08:00,0.82911871,0.558659326,0.711004481,0.798709496,0.89628922,0.579455321
04/01/2021 09:00,0.88503142,0.598347449,0.759005681,0.830960037,0.989818976,0.912157728
04/01/2021 10:00,0.950606082,0.643204067,0.848514973,0.744570386,1.027676916,0.832892924
04/01/2021 11:00,1.025238914,0.672863836,0.856920726,0.951519622,1.076045077,0.872559458
04/01/2021 12:00,1.05618851,0.714349307,0.906303598,1.011086252,1.128105499,0.926136769
04/01/2021 13:00,1.058007192,0.790910029,0.921515896,1.027082153,1.162043939,0.941387589
04/01/2021 14:00,1.022484547,0.696835063,0.879305444,0.985356533,1.114436671,0.902880565
04/01/2021 15:00,1.103993183,0.746274449,0.946791618,1.04250899,1.193492623,0.967296911
04/01/2021 16:00,1.114610827,0.803225245,0.961269825,1.057034719,1.204970422,0.97647402
04/01/2021 17:00,1.376141702,0.821773204,1.155997696,1.170284849,1.323612301,1.051716336
04/01/2021 18:00,1.539554273,0.977968739,1.215942713,1.30544769,1.6175,1.242270909
04/01/2021 19:00,1.37532387,1.011073306,1.282763034,1.429792847,1.617033068,1.310441763
04/01/2021 20:00,1.561764326,1.031792354,1.291616763,1.38752999,1.650204637,1.303573468
04/01/2021 21:00,1.578290458,1.021452125,1.295939158,1.44443356,1.569569248,1.32391702
04/01/2021 22:00,1.298061995,0.911112663,1.099729683,1.218158057,1.386071134,1.160498186
04/01/2021 23:00,1.060657459,0.68550076,0.867885039,0.967311601,1.094013027,0.886476425
05/01/2021 00:00,0.820104916,0.554151857,0.697161795,0.752407117,0.828653317,0.721205713
05/01/2021 01:00,0.718247253,0.487112299,0.641451841,0.686412089,0.681598455,0.620440932
05/01/2021 02:00,0.590862253,0.39952452,0.496593275,0.565042966,0.638636291,0.502147807
05/01/2021 03:00,0.451071367,0.297,0.446938118,0.49818721,0.563392438,0.456547879
05/01/2021 04:00,0.490500888,0.331559485,0.420520893,0.468844771,0.509772191,0.429765723
05/01/2021 05:00,0.541536853,0.366066418,0.464319956,0.699991749,0.585480393,0.474741048
05/01/2021 06:00,0.695785525,0.470560445,0.596997419,0.455442769,0.751546723,0.608536526
05/01/2021 07:00,0.954619421,0.578222167,0.733603995,0.817663122,0.924754195,0.749185648
05/01/2021 08:00,0.829446875,0.560685139,0.719741216,0.792831673,0.887197985,0.726746787
05/01/2021 09:00,0.875749051,0.592032128,0.751076733,0.837180551,0.946789059,0.767272561
05/01/2021 10:00,1.082134951,0.642794949,0.607729491,0.909604087,1.027578927,0.833133124
05/01/2021 11:00,1.16039565,0.673226599,0.854007736,0.95175864,1.070009615,0.721037259
05/01/2021 12:00,1.039982292,0.7140807,0.906606118,1.010548941,1.277098114,0.926302744
05/01/2021 13:00,1.074896633,0.726575146,0.921798883,1.026423395,1.161504101,0.941899106
05/01/2021 14:00,1.031463807,0.697048432,0.884462299,0.9799346,1.150863914,0.90345885
05/01/2021 15:00,1.184780555,0.746505777,0.947171128,1.055630636,1.160833301,1.118019995
05/01/2021 16:00,1.115045734,0.750378289,0.956224907,1.065794438,1.205394845,0.977253859
05/01/2021 17:00,1.224801252,0.809550584,1.05038965,1.193843755,1.324078428,1.072999782
05/01/2021 18:00,1.418487893,0.969997448,1.216389303,1.355591929,1.533343619,1.242637797
05/01/2021 19:00,1.233249511,1.026429732,1.144277824,1.429293532,1.617350526,1.310943273
05/01/2021 20:00,1.459541561,1.03216195,1.50676451,1.459643564,1.6175,1.328364804
05/01/2021 21:00,1.512220427,1.047985769,1.178409072,1.557499507,1.63429258,1.324506952
05/01/2021 22:00,1.283240389,0.867174986,1.100078812,1.226325279,1.386883489,1.125366343
05/01/2021 23:00,1.012718763,0.836484749,0.868595682,0.968111473,1.095202285,0.88750998
06/01/2021 00:00,0.824051191,0.5566939,0.706784846,0.782290604,0.890837568,0.721756306
06/01/2021 01:00,0.713173629,0.483425945,0.6134768,0.480374358,0.971217922,0.623718531
06/01/2021 02:00,0.589323839,0.40338782,0.540079108,0.565476904,0.639618304,0.523268023
06/01/2021 03:00,0.523481757,0.351963451,0.438041895,0.326120053,0.649081308,0.5785086
06/01/2021 04:00,0.491673529,0.332009341,0.420834897,0.469382096,0.519607304,0.543908474
06/01/2021 05:00,0.541887593,0.366489277,0.297,0.518215579,0.573001228,0.474707704
06/01/2021 06:00,0.77250482,0.503247732,0.597200699,0.665632043,0.75281951,0.610092979
06/01/2021 07:00,0.932836699,0.543985856,0.728137268,0.817885362,0.924979342,0.7995388
06/01/2021 08:00,0.870027442,0.560817105,0.745092492,0.792976861,0.911688576,0.717261451
06/01/2021 09:00,0.87306815,0.590147288,0.748725853,0.804438391,0.943873544,0.764783282
06/01/2021 10:00,0.950913643,0.642742488,0.827858981,0.896568634,1.027977481,0.691973252
06/01/2021 11:00,0.995715694,0.672843538,0.838065011,0.951563516,1.059234878,0.872343247
06/01/2021 12:00,1.124319355,0.714302607,0.906254604,1.010503037,1.142403352,0.92592546
06/01/2021 13:00,0.990962891,0.734705513,0.919626239,1.02699629,1.16152716,0.909315751
06/01/2021 14:00,1.006538571,0.885624469,0.883868673,0.985426884,1.123847749,0.95361478
06/01/2021 15:00,1.103618685,0.745943504,0.946454967,0.893295658,1.16763555,0.951852394
06/01/2021 16:00,1.114052909,0.753358939,0.955242595,1.064903261,1.314108038,0.976028564
06/01/2021 17:00,1.223236141,0.802742917,1.049042432,1.169236525,1.322307377,1.1042138
06/01/2021 18:00,1.416248859,0.85441389,1.214674523,1.360524332,1.531343756,1.242936185
06/01/2021 19:00,1.495035832,1.173425483,1.280549337,1.427293199,1.595734789,1.308179203
06/01/2021 20:00,1.487415018,1.029891035,1.306475819,1.489529098,1.47,1.408508528
06/01/2021 21:00,1.47,1.019180836,1.307443542,1.47,1.630015124,1.321039576
06/01/2021 22:00,1.305369763,0.915417772,1.096598507,1.127637085,1.38238859,1.120183421
06/01/2021 23:00,0.999926131,0.681135596,0.86419602,0.962735142,1.089503104,0.88294005
07/01/2021 00:00,0.822520029,0.549988233,0.705267157,0.785807059,0.88907252,0.720499148
07/01/2021 01:00,0.710620626,0.632523031,0.610470157,0.679344233,0.768254072,0.6226041
07/01/2021 02:00,0.60826865,0.398798392,0.506046398,0.56396042,0.637888363,0.516389605
07/01/2021 03:00,0.520440111,0.351831456,0.446377741,0.497531313,0.501750133,0.455827747
07/01/2021 04:00,0.460540175,0.328226723,0.661940842,0.412139236,0.529541503,0.497626985
07/01/2021 05:00,0.540740237,0.365510654,0.46370548,0.516869095,0.525260112,0.473671769
07/01/2021 06:00,0.695177458,0.464849019,0.620364794,0.664660247,0.634426557,0.658728878
07/01/2021 07:00,0.854812691,0.578025665,0.733184781,1.04447729,0.889400735,0.748948868
07/01/2021 08:00,0.828922428,0.560252223,0.842915092,0.761772101,0.898036493,0.726211762
07/01/2021 09:00,0.8607609,0.549046271,0.748346221,0.834111362,0.943321079,0.764419208
07/01/2021 10:00,0.911718484,0.642456007,0.815129461,0.907108886,1.143854427,0.817330642
07/01/2021 11:00,0.99710416,0.825467303,0.889823595,1.225215999,1.12180233,0.909877293
07/01/2021 12:00,1.067138524,0.722110917,0.915194425,1.055258453,1.1536684,0.934873916
07/01/2021 13:00,1.090250492,0.736948453,0.98973979,1.042117737,1.178624246,0.810123593
07/01/2021 14:00,1.146156134,0.696625025,0.883832573,0.985063157,1.282424515,0.902902074
07/01/2021 15:00,1.095734013,0.740713862,0.939844587,0.950990279,1.184550751,0.9591887
07/01/2021 16:00,1.017979669,0.745864068,0.955238777,1.05494713,1.161490141,0.946262441
07/01/2021 17:00,1.206548022,0.858749382,1.22385291,1.162835131,1.378416093,1.06547399
07/01/2021 18:00,1.416146459,0.984445679,1.214967018,1.353625945,1.530905075,1.240644834
07/01/2021 19:00,1.418701766,1.006201274,1.276722642,1.516806455,1.609295427,1.304127082
07/01/2021 20:00,1.530135047,1.006291691,1.294976034,1.435611952,1.6175,1.322900564
07/01/2021 21:00,1.488799101,1.007043481,1.274866482,1.424047754,1.610600128,1.30522395
07/01/2021 22:00,1.243953583,0.856842221,1.062370608,1.210052574,1.366552956,1.109070952
07/01/2021 23:00,0.997259509,0.67502848,0.856405748,0.791020966,1.079833416,0.874921465
08/01/2021 00:00,0.831741588,0.429610091,0.713292108,0.805486655,0.812198755,0.737566731
08/01/2021 01:00,0.725332818,0.489789361,0.774126118,0.817612686,0.778488708,0.634960009
08/01/2021 02:00,0.602983541,0.407883725,0.4797651,0.576558365,0.651851784,0.528268572
08/01/2021 03:00,0.530564929,0.358881677,0.45118926,0.507654673,0.574091253,0.567919359
08/01/2021 04:00,0.502166245,0.33911126,0.590675513,0.479569452,0.542483511,0.481329588
08/01/2021 05:00,0.424281235,0.366837375,0.465397402,0.518348824,0.687117063,0.475459109
08/01/2021 06:00,0.682340069,0.471404091,0.603369223,0.666916711,0.754275234,0.611196965
08/01/2021 07:00,0.857430716,0.579582925,0.735314242,0.819579524,0.926913358,0.631171588
08/01/2021 08:00,0.831571926,0.560152412,0.799813119,0.795160116,0.899111851,0.728870505
08/01/2021 09:00,0.824166034,0.592235739,0.773459378,0.837079167,0.916680417,0.767003296
08/01/2021 10:00,0.931343558,0.644748532,0.817213804,0.915816015,1.022210619,0.835561091
08/01/2021 11:00,1.105178382,0.757451712,0.9572342,1.070273941,1.101672322,1.019638072
08/01/2021 12:00,1.106132999,0.747203754,0.942321564,1.05726101,1.168520933,0.9691084
08/01/2021 13:00,1.180526222,0.819078564,0.985869165,1.050615307,1.242756171,1.007093449
08/01/2021 14:00,1.040559499,0.704001233,0.892384273,0.99463641,1.124881512,0.911644851
08/01/2021 15:00,1.078834591,0.869917871,0.928731745,1.035091333,1.214882406,0.950020805
08/01/2021 16:00,1.085667661,0.750591871,0.92513648,1.037658136,1.093712366,0.956047381
08/01/2021 17:00,1.214637125,0.813471269,0.984418836,1.159800603,1.354292613,1.063029154
08/01/2021 18:00,1.429056541,0.928680844,1.180317396,1.367184204,1.594055832,1.252872678
08/01/2021 19:00,1.480387736,1.011219663,1.267247169,1.426054485,1.612839912,1.325934271
08/01/2021 20:00,1.489007552,0.999441655,1.19614959,1.423151282,1.609534104,1.304407822
08/01/2021 21:00,1.464581124,0.92977952,1.249561256,1.392758371,1.575201746,1.276538106
08/01/2021 22:00,1.249290765,0.741559635,1.071314119,1.194257839,1.350542855,1.07001124
08/01/2021 23:00,1.0013092,0.67687357,0.859057977,0.957130959,1.084548279,0.877301173
09/01/2021 00:00,0.852908835,0.576527177,0.676634255,0.815260028,0.922054107,0.747245152
09/01/2021 01:00,0.739221656,0.499681328,0.726617451,0.667971333,0.799139904,0.647590352
09/01/2021 02:00,0.872250523,0.416241419,0.504707419,0.594420475,0.667904659,0.541253953
09/01/2021 03:00,0.53772717,0.363378009,0.460987134,0.749563798,0.581194331,0.510116409
09/01/2021 04:00,0.504128171,0.341115651,0.432064122,0.481576477,0.544643692,0.44138494
09/01/2021 05:00,0.535681091,0.387943245,0.459394115,0.512033478,0.579661768,0.469301608
09/01/2021 06:00,0.636124135,0.486908364,0.588693004,0.656128512,0.722158942,0.584887493
09/01/2021 07:00,0.843683011,0.52849444,0.722196902,0.804940058,0.910449238,0.737429337
09/01/2021 08:00,0.811368616,0.549745438,0.696887385,0.776672668,0.878488039,0.665286167
09/01/2021 09:00,0.852349536,0.609703749,0.731236365,0.607214173,1.123672055,0.747002087
09/01/2021 10:00,0.970142324,0.626392867,0.794727259,0.885799735,0.81255213,0.869218732
09/01/2021 11:00,1.115033704,0.75358949,0.956230881,1.065814824,1.205415185,0.976889648
09/01/2021 12:00,1.066961458,0.721224667,0.914956956,1.020188967,1.15349546,0.942700355
09/01/2021 13:00,1.116684541,0.754825786,1.193353368,1.06739485,1.207243822,0.921604443
09/01/2021 14:00,1.144354125,0.659795007,0.813929763,0.932844198,1.055155365,0.855139206
09/01/2021 15:00,1.007641136,0.677521795,0.872598559,0.958075297,1.126684046,0.694174459
09/01/2021 16:00,0.998265731,0.65087664,0.720404434,0.954231856,1.098732545,0.874579416
09/01/2021 17:00,1.138103811,0.772871365,0.985308341,1.016378485,1.415253009,0.991166648
09/01/2021 18:00,1.35228125,0.914012547,1.159533882,1.292507019,1.461800267,1.184875623
09/01/2021 19:00,1.326488906,1.137920865,1.318603848,1.342847531,1.47,1.23217372
09/01/2021 20:00,1.47,0.972439249,1.18953095,1.325721304,1.499685,1.071909221
09/01/2021 21:00,1.216895863,0.910128121,1.199558872,1.287159784,1.452634063,1.179453379
09/01/2021 22:00,1.147248089,0.87956526,0.993098323,1.096443122,1.246264043,1.202793119
09/01/2021 23:00,0.907812299,0.447723309,0.778530452,0.867738244,0.908007189,0.783849429
10/01/2021 00:00,0.774759877,0.523024883,0.664786137,0.739069051,0.837461821,0.677837392
10/01/2021 01:00,0.608498296,0.49789032,0.571664689,0.603997557,0.710542165,0.534536495
10/01/2021 02:00,0.518718038,0.418803955,0.466819796,0.520273726,0.618294519,0.476684345
10/01/2021 03:00,0.464834454,0.314213374,0.43028985,0.444346331,0.624847329,0.346013081
10/01/2021 04:00,0.386498734,0.297,0.37146601,0.414745393,0.468819821,0.379341585
10/01/2021 05:00,0.461565618,0.31206582,0.395839448,0.441176279,0.498949739,0.459140555
10/01/2021 06:00,0.528449517,0.415614343,0.527286292,0.58771076,0.68972627,0.5386654
10/01/2021 07:00,0.773772593,0.523232495,0.66356426,0.763958319,0.867488759,0.676648469
10/01/2021 08:00,0.758460572,0.506106538,0.641828406,0.715287771,0.809046828,0.655686791
10/01/2021 09:00,0.794037702,0.536260118,0.680978131,0.759004972,0.862037962,0.692882303
10/01/2021 10:00,0.887303266,0.604251821,0.661615213,0.785221146,0.898123416,0.783179073
10/01/2021 11:00,1.066432329,0.724435674,1.169702056,1.024098407,1.123881895,0.938620413
10/01/2021 12:00,1.05416913,0.750902246,0.861325802,1.012597058,1.139632471,0.924495013
10/01/2021 13:00,1.103817708,0.697960368,0.946609597,1.055627944,1.193249682,0.905727506
10/01/2021 14:00,0.986137201,0.780194783,0.845739839,0.911259692,1.116816274,0.863309571
10/01/2021 15:00,1.025869485,0.693442049,0.879757664,0.980749122,0.999580284,0.898692065
10/01/2021 16:00,1.029682048,0.653051241,0.848970972,0.936220758,1.113300611,0.886254647
10/01/2021 17:00,1.162846461,0.788134786,1.057903308,1.106068073,1.256809482,1.013298618
10/01/2021 18:00,1.414252959,0.935510944,1.186772004,1.322779072,1.47,1.212754361
10/01/2021 19:00,1.446260311,0.959877939,1.240698658,1.382741903,1.563488323,1.267577975
10/01/2021 20:00,1.440378932,1.002460832,1.240562042,1.386094315,1.467957382,1.270471332
10/01/2021 21:00,1.416851441,0.957689053,1.164933235,1.316534769,1.531789593,1.241303011
10/01/2021 22:00,1.004720704,0.823069413,1.041696829,1.161058967,1.370468328,1.064183147
10/01/2021 23:00,0.970671869,0.707905037,0.833858138,0.929393074,1.147982027,1.031597604
11/01/2021 00:00,0.828738279,0.560194648,0.710763117,0.792118437,1.030166887,0.726045803
11/01/2021 01:00,0.718074517,0.485324682,0.616049326,0.686310693,0.703376994,0.629009484
11/01/2021 02:00,0.601204984,0.427183231,0.515498523,0.574781298,0.489613279,0.526486768
11/01/2021 03:00,0.57445857,0.467585536,0.448885176,0.406917334,0.568528774,0.460767231
11/01/2021 04:00,0.496395945,0.335597193,0.425755519,0.474543219,0.535995248,0.664912372
11/01/2021 05:00,0.537706984,0.323366693,0.460034904,0.425425916,0.580024478,0.469590562
11/01/2021 06:00,0.677748271,0.592886127,0.593074621,0.643790597,0.742195434,0.605854021
11/01/2021 07:00,0.850324212,0.575480837,0.731284003,0.813775413,0.920373016,0.868369536
11/01/2021 08:00,0.825844285,0.53528474,0.708178165,0.789782758,0.89278639,0.724176432
11/01/2021 09:00,0.869883462,0.585932627,0.746059201,0.831086504,0.940333793,0.762143277
11/01/2021 10:00,0.948216005,0.640948657,0.813177835,0.906360532,1.024915112,0.830730697
11/01/2021 11:00,1.055209093,0.713647087,0.913704971,1.008506574,1.320358689,0.85097148
11/01/2021 12:00,1.085562383,0.733816245,0.9667479,1.014297874,1.173556721,0.951003413
11/01/2021 13:00,1.12278799,0.75905825,0.99909422,1.073381632,1.213915976,0.983772001
11/01/2021 14:00,1.030904417,0.64555025,0.883912582,0.983159022,1.07607794,0.905520135
11/01/2021 15:00,1.047008039,0.663642001,1.150734906,1.033816077,1.156909747,0.94762486
11/01/2021 16:00,1.086533595,0.771582686,0.931417052,0.990296887,1.175804541,0.952847635
11/01/2021 17:00,1.210991712,0.818351749,1.03826753,1.157557628,1.308789468,1.018459225
11/01/2021 18:00,1.418542362,0.959199198,1.216416038,1.356298691,1.533515451,1.243852835
11/01/2021 19:00,1.485932474,1.114886225,1.274314082,1.420283954,1.606379247,1.30204082
11/01/2021 20:00,1.48658166,0.918661849,1.278799071,1.426383553,1.46936467,1.40799878
11/01/2021 21:00,1.486107067,0.989771339,1.30813065,1.40048241,1.52592287,1.283478965
11/01/2021 22:00,1.252015688,0.846303583,1.051750153,1.311563604,1.353511951,1.096880195
11/01/2021 23:00,0.999776564,0.675807753,0.857380928,0.955652973,1.080829422,0.87591608
12/01/2021 00:00,0.832376003,0.552662128,0.713614297,0.795131727,0.899368448,0.753667463
12/01/2021 01:00,0.76576358,0.440255071,0.613512368,0.642058545,0.732639407,0.626749206
12/01/2021 02:00,0.600763672,0.399845396,0.514916798,0.574310052,0.504759223,0.526388093
12/01/2021 03:00,0.532438893,0.335140674,0.453953501,0.586973113,0.572283904,0.463436366
12/01/2021 04:00,0.509357279,0.337171064,0.563111267,0.476761622,0.531092507,0.426824254
12/01/2021 05:00,0.545852663,0.368966841,0.468127797,0.612518627,0.593794261,0.478297239
12/01/2021 06:00,0.700226713,0.473305932,0.570498581,0.669328917,0.756139106,0.613483561
12/01/2021 07:00,0.85921662,0.580710171,0.789517099,0.821276802,0.872458356,0.752302934
12/01/2021 08:00,0.834803561,0.569724875,0.69411106,0.796006335,0.929733534,0.729643105
12/01/2021 09:00,0.875823308,0.592201448,0.751230521,0.836793508,0.946994067,0.767449173
12/01/2021 10:00,0.95327173,0.876078873,0.817567461,1.075831977,1.03063102,0.822554637
12/01/2021 11:00,0.996623653,0.689388056,0.855576424,0.953758915,1.078979564,0.874121734
12/01/2021 12:00,0.999564188,0.715506795,0.907780224,0.951915104,1.144315915,0.927375715
12/01/2021 13:00,1.038380472,0.712786953,0.92256125,1.017888458,1.162940549,0.914200903
12/01/2021 14:00,0.964001135,0.697370461,0.884766135,1.043393007,1.241887493,0.903245597
12/01/2021 15:00,1.09927718,0.746696887,0.947250565,1.059582918,1.166093053,0.967698219
12/01/2021 16:00,1.116990534,0.753607415,0.956582434,1.065673561,1.206595655,0.977101832
12/01/2021 17:00,1.205359993,0.827669146,1.050068061,1.186692,1.455772313,1.073191175
12/01/2021 18:00,1.359071408,0.960293238,1.215602784,1.360849385,1.458471018,1.251051492
12/01/2021 19:00,1.495619424,1.010960446,1.153149687,1.6175,1.616857482,1.342107947
12/01/2021 20:00,1.526238091,1.031746656,1.308391745,1.458628716,1.649968217,1.337182571
12/01/2021 21:00,1.510925092,1.021274029,1.295797829,1.543134823,1.6175,1.194187224
12/01/2021 22:00,1.281940534,0.939361684,1.098956989,1.225313946,1.385780022,1.028846034
12/01/2021 23:00,0.972730086,0.683836856,0.765373576,0.998907959,1.080720368,0.88630375
13/01/2021 00:00,0.824516299,0.567502307,0.706251188,0.671192013,0.890163342,0.721506299
13/01/2021 01:00,0.699622772,0.422482462,0.600985612,0.659816755,0.741728751,0.589036373
13/01/2021 02:00,0.590601152,0.398534698,0.506904463,0.564927666,0.638946578,0.515391545
13/01/2021 03:00,0.521547402,0.352383677,0.495941149,0.368370609,0.563819335,0.458640893
13/01/2021 04:00,0.490852575,0.331896976,0.420926493,0.469174638,0.53061949,0.438753348
13/01/2021 05:00,0.492969434,0.365958109,0.464434276,0.517648658,0.585388747,0.474399612
13/01/2021 06:00,0.696029708,0.470531004,0.613285243,0.665375618,0.661358321,0.518682874
13/01/2021 07:00,0.858802706,0.578258381,0.739403358,0.817898645,0.924839267,0.642258036
13/01/2021 08:00,0.829487822,0.560664894,0.711360441,0.793224386,0.82312063,0.72636747
13/01/2021 09:00,1.011510083,0.590227799,0.748825717,0.810010253,0.918381836,0.765296125
13/01/2021 10:00,0.951322696,0.642875127,0.815621035,0.925619101,1.028147136,0.831197423
13/01/2021 11:00,0.995820513,0.673131219,0.85411011,0.952877637,1.078231027,0.781540603
13/01/2021 12:00,1.057379404,0.714716005,0.90384649,0.991211434,1.159167838,0.926430469
13/01/2021 13:00,1.075079815,0.765362139,0.921977038,1.027620914,1.16222057,0.816175533
13/01/2021 14:00,1.025446198,0.696505739,0.884547924,0.985904396,1.114905539,0.849977554
13/01/2021 15:00,1.104615662,0.706392592,0.94693058,1.055911349,1.044160498,0.992179762
13/01/2021 16:00,1.115251213,0.753164898,0.956425946,1.066018556,1.205658236,0.977066341
13/01/2021 17:00,1.187077316,0.815485719,1.050332857,1.171064393,1.324268967,1.073228962
13/01/2021 18:00,1.413491983,0.959113354,1.396643274,1.355904096,1.533523902,1.242762875
13/01/2021 19:00,1.569540701,1.026637358,1.283269334,1.441274877,1.613927025,1.310976331
13/01/2021 20:00,1.527056201,1.032190567,1.309535202,1.45961259,1.6175,1.405487723
13/01/2021 21:00,1.511938032,1.091287684,1.296385082,1.444968188,1.634198408,1.324304689
13/01/2021 22:00,1.286442025,0.867041857,0.910764856,1.226082681,1.38672534,1.179586397
13/01/2021 23:00,1.01247535,0.686341507,0.884863299,0.967801714,1.12930959,0.887129276
14/01/2021 00:00,0.823631802,0.545436668,0.733138285,0.786998049,0.890394837,0.773190844
14/01/2021 01:00,0.700902806,0.473764986,0.601085338,0.65847506,0.76666682,0.607541495
14/01/2021 02:00,0.591126756,0.399699126,0.506966243,0.565057145,0.6194507,0.517904773
14/01/2021 03:00,0.494631602,0.336023478,0.45474858,0.498508561,0.563825397,0.456919708
14/01/2021 04:00,0.490905305,0.332283779,0.42094588,0.469179632,0.53279507,0.409079315
14/01/2021 05:00,0.541610453,0.375435457,0.464226979,0.627412776,0.585493655,0.590331541
14/01/2021 06:00,0.696325461,0.468493396,0.628458021,0.667599101,0.752860473,0.609939097
14/01/2021 07:00,0.873546523,0.577965416,0.733670484,0.817698124,0.91943078,0.76757777
14/01/2021 08:00,0.829535019,0.519922996,0.711408689,0.792925582,0.896808523,0.74211997
14/01/2021 09:00,0.873102235,0.589816717,0.732966269,0.834609743,0.887862924,0.765026752
14/01/2021 10:00,0.951073678,0.642837835,0.815674673,0.90827998,0.890476804,0.833281899
14/01/2021 11:00,0.995985083,0.70946517,0.854223162,0.952122124,1.076708031,0.872565369
14/01/2021 12:00,1.057336206,0.714770833,0.873031907,1.010685046,1.121770942,0.92587557
14/01/2021 13:00,1.069914322,0.727038849,0.92204068,0.99666413,1.162229721,0.941875225
14/01/2021 14:00,1.031617557,0.697220917,0.871726041,0.953285144,1.114692694,0.903631399
14/01/2021 15:00,1.021118619,0.746621192,0.947380682,1.055838534,1.219452429,1.074413351
14/01/2021 16:00,1.115153762,0.752740173,0.925535282,1.06598256,1.202952336,0.936933941
14/01/2021 17:00,1.224975136,0.828051189,1.050516673,1.192708212,1.331165589,1.073197164
14/01/2021 18:00,1.418442062,0.958831201,1.22884258,1.388047621,1.533477734,1.242761926
14/01/2021 19:00,1.496372509,0.951031204,1.283282574,1.430303348,1.617756893,1.310967548
14/01/2021 20:00,1.526343279,1.01783552,1.309586372,1.6175,1.6175,1.336739596
14/01/2021 21:00,1.50904824,1.02185518,1.345678802,1.487510179,1.63772997,1.192836861
14/01/2021 22:00,1.281670479,0.867084484,1.127277524,1.226143554,1.386709067,1.123786975
14/01/2021 23:00,1.012530425,0.684429656,0.868412168,0.967834959,1.113764929,0.887051574
15/01/2021 00:00,0.823666846,0.716957122,0.70642097,0.787291467,0.890467625,0.516968529
15/01/2021 01:00,0.700955387,0.473790304,0.601148097,0.560738092,0.757762904,0.609172412
15/01/2021 02:00,0.591199143,0.399609011,0.507001595,0.565593779,0.668531654,0.443545015
15/01/2021 03:00,0.521270536,0.352195443,0.45376024,0.499725748,0.563058625,0.45670232
15/01/2021 04:00,0.482868746,0.331928688,0.377560169,0.469306737,0.530659106,0.430079035
15/01/2021 05:00,0.657990499,0.366109989,0.464120277,0.518136117,0.58555013,0.474328974
15/01/2021 06:00,0.765514569,0.470587406,0.596945994,0.665504484,0.752609897,0.609592962
15/01/2021 07:00,0.855554038,0.578311953,0.723137727,0.817751546,0.850787877,0.750079223
15/01/2021 08:00,0.827446031,0.560727349,0.67932418,0.774815189,1.060599982,0.726806965
15/01/2021 09:00,0.835728638,0.590169123,0.733553417,0.987428141,0.944155862,0.765063062
15/01/2021 10:00,0.951329064,0.641689932,0.787414794,0.908996019,1.0282434,0.833299736
15/01/2021 11:00,0.948189373,0.673226702,0.700681722,0.952022517,1.134051363,0.87259105
15/01/2021 12:00,1.057468384,0.78717114,0.812124968,1.026784244,1.143089817,0.926349475
15/01/2021 13:00,1.014293026,0.726681727,0.951104011,1.211486573,1.162198519,0.941838387
15/01/2021 14:00,1.203678583,0.717315347,0.884407674,0.985866182,1.115004864,0.903556837
15/01/2021 15:00,1.104560285,0.892049923,0.992807811,1.056187598,1.13387831,0.967703702
15/01/2021 16:00,1.097709755,0.753809993,0.956351902,1.019096236,1.200136637,0.976993473
15/01/2021 17:00,1.196328673,0.835299589,1.0537809,1.170910264,1.349021615,1.073155356
15/01/2021 18:00,1.418612465,0.958473724,1.159213766,1.355852807,1.397733356,1.242713409
15/01/2021 19:00,1.495716624,1.004735974,1.283247337,1.430288183,1.617916371,1.311779405
15/01/2021 20:00,1.527160322,1.032075207,1.253158358,1.4594473,1.6175,1.33840796
15/01/2021 21:00,1.515849263,0.973653266,1.283851471,1.464696932,1.634282832,1.324387732
15/01/2021 22:00,1.335086989,0.867008391,1.100072033,1.14542698,1.460824267,1.122050185
15/01/2021 23:00,1.012512463,0.56263919,0.835258216,0.883026021,1.062796486,0.887020096
16/01/2021 00:00,0.823713752,0.556775678,0.706383412,0.787324981,0.892039027,0.743485569
16/01/2021 01:00,0.697424115,0.473764768,0.601143769,0.692245438,0.757800037,0.633533627
16/01/2021 02:00,0.608761758,0.399404655,0.506988147,0.565096098,0.639114066,0.51211179
16/01/2021 03:00,0.521101501,0.352801966,0.43302588,0.358960166,0.563194396,0.518367044
16/01/2021 04:00,0.490899878,0.331821732,0.420991805,0.531444387,0.297,0.430087117
16/01/2021 05:00,0.541286191,0.365340015,0.463706666,0.518253539,0.585551085,0.466732655
16/01/2021 06:00,0.696176756,0.471249147,0.597051306,0.665454051,0.752613984,0.609930481
16/01/2021 07:00,0.855389109,0.577351102,0.733543069,0.81762765,0.882676218,0.749434279
16/01/2021 08:00,0.829202725,0.612505891,0.711088324,0.792592185,0.896509361,0.724972577
16/01/2021 09:00,0.886875715,0.453784002,0.748245516,0.91369735,0.944139937,0.764573035
16/01/2021 10:00,0.949772113,0.663373119,0.814519551,0.909079499,1.026803049,0.852437377
16/01/2021 11:00,0.993791931,0.669408062,0.779858838,0.951618439,1.105254412,0.870585129
16/01/2021 12:00,1.003279847,0.835794227,0.903525877,1.007832788,1.138989152,0.921970829
16/01/2021 13:00,0.946387091,0.601651576,0.854795513,1.00497247,1.135693996,0.921045825
16/01/2021 14:00,1.140689226,0.680091795,0.862619862,0.961814914,1.087702101,0.894485196
16/01/2021 15:00,1.07778782,0.730319058,0.924240998,1.016414059,1.165162391,0.944260849
16/01/2021 16:00,1.086995261,0.734848515,0.932118459,0.922964978,1.261604275,0.905451212
16/01/2021 17:00,1.19523865,0.807917033,1.0250233,1.210033194,1.287158482,1.04719981
16/01/2021 18:00,1.387295726,0.884752567,1.234592169,1.325994758,1.536762873,1.221247099
16/01/2021 19:00,1.463682599,0.989386574,1.255907416,1.399198652,1.581984587,1.282318363
16/01/2021 20:00,1.47,0.925617682,1.271798018,1.417525442,1.47,1.299184718
16/01/2021 21:00,1.466576486,0.938195095,1.257489772,1.401614533,1.585253117,1.284649744
16/01/2021 22:00,1.237248439,0.83144167,1.170792071,1.182624811,1.337529544,1.083989777
16/01/2021 23:00,0.967007602,0.885931201,0.682387627,0.887924055,1.087924709,0.847195338
17/01/2021 00:00,0.778006351,0.465149063,0.660875171,0.74383172,0.856071488,0.667827893
17/01/2021 01:00,0.6554208,0.443071856,0.562106224,0.626483552,0.708509026,0.567275372
17/01/2021 02:00,0.541048822,0.369051158,0.468126326,0.521778692,0.590108476,0.297
17/01/2021 03:00,0.469963516,0.322370081,0.371667088,0.455872258,0.515570897,0.417851522
17/01/2021 04:00,0.449346596,0.304147744,0.385744557,0.430077381,0.486460514,0.38149193
17/01/2021 05:00,0.500206232,0.392903358,0.429109624,0.379551313,0.540952993,0.436243866
17/01/2021 06:00,0.657032682,0.444137581,0.562700186,0.628005602,0.710347828,0.639140479
17/01/2021 07:00,0.818012102,0.553191528,0.763679722,0.782730309,0.884730897,0.712171783
17/01/2021 08:00,0.794463657,0.440416058,0.681305987,0.759405937,0.858855559,0.742524408
17/01/2021 09:00,0.8078837,0.700021482,0.720558232,0.803092057,0.910650698,0.736099838
17/01/2021 10:00,0.920145201,0.632804977,0.660067507,0.879519556,0.992759406,0.806144722
17/01/2021 11:00,0.967121328,0.653721365,0.829384382,0.924460276,1.146674851,1.076434783
17/01/2021 12:00,1.051418182,0.669898123,0.901643642,1.006562039,1.053175542,0.921137914
17/01/2021 13:00,1.070475912,0.72082551,0.918049293,0.969852824,1.157275586,0.938280873
17/01/2021 14:00,1.027910285,0.694772608,0.883733093,0.982597371,1.111247697,0.897024914
17/01/2021 15:00,1.101765656,0.744834799,0.941123901,1.053263071,1.188562166,1.02779074
17/01/2021 16:00,1.130103887,0.752449069,0.889783639,1.064046446,1.203427768,0.97526464
17/01/2021 17:00,1.223653062,0.843633972,1.049274586,1.169462064,1.32263469,1.013317727
17/01/2021 18:00,1.417748991,0.9581334,1.215565519,1.236194301,1.532338839,1.240955301
17/01/2021 19:00,1.464771625,1.007851449,1.282391924,1.34224996,1.616847149,1.31032287
17/01/2021 20:00,1.47,1.031886531,1.309193444,1.459189011,1.47,1.47
17/01/2021 21:00,1.511437574,1.025721124,1.296181739,1.445209897,1.666429123,1.324162221
17/01/2021 22:00,1.259611897,0.867572929,1.098824032,1.378731729,1.386671412,1.123717208
17/01/2021 23:00,0.973570691,0.684240693,0.754607944,0.994785971,1.094530165,0.884462625
18/01/2021 00:00,0.808369642,0.556797413,0.680199845,0.78733349,0.890535401,0.722238324
18/01/2021 01:00,0.752587177,0.472341405,0.614623121,0.670035372,0.758715934,0.614206009
18/01/2021 02:00,0.591242954,0.399599025,0.506927433,0.564669113,0.639442041,0.517980138
18/01/2021 03:00,0.52104527,0.350103755,0.452981838,0.498071845,0.49017899,0.36844851
18/01/2021 04:00,0.491498966,0.440789316,0.423024381,0.470580362,0.530897456,0.357323677
18/01/2021 05:00,0.54166798,0.297,0.586816811,0.517747931,0.581947193,0.474239071
18/01/2021 06:00,0.69627861,0.478450409,0.597100293,0.667669786,0.752703647,0.626856262
18/01/2021 07:00,0.819180856,0.594195711,0.7337386,0.817813448,0.996278483,0.749564351
18/01/2021 08:00,0.825370453,0.56073628,0.637563424,0.793008957,0.896858857,0.72683295
18/01/2021 09:00,0.873274792,0.59028755,0.689505065,0.834730666,0.944059908,0.759913868
18/01/2021 10:00,0.95109309,0.642903488,0.852115346,0.908977083,1.070809874,0.833311313
18/01/2021 11:00,0.981824772,0.661349475,0.854146189,0.952523257,1.076767122,0.872600505
18/01/2021 12:00,1.057366155,0.714814689,0.943799983,1.010697317,1.143068726,0.926028319
18/01/2021 13:00,1.075062144,0.726688438,0.907946538,0.972786012,1.162176256,0.941864031
18/01/2021 14:00,1.031495731,0.783782058,1.052834033,0.98585751,1.115002093,0.903632793
18/01/2021 15:00,1.10456096,0.746625352,0.971608953,1.055791408,1.166107705,0.817706813
18/01/2021 16:00,1.115150571,0.753379606,0.956367128,1.065989215,1.205576789,0.912343027
18/01/2021 17:00,1.225059859,0.76602792,1.050484112,1.144645905,1.324252135,1.274347548
18/01/2021 18:00,1.418459642,0.950829604,1.251399746,1.355841819,1.533960457,1.298483096
18/01/2021 19:00,1.494175783,1.011469502,1.283249241,1.430320623,1.6175,1.304239772
18/01/2021 20:00,1.527270618,1.03223185,1.300481961,1.6175,1.650939873,1.337769014
18/01/2021 21:00,1.508639585,1.014806989,1.296385939,1.445080372,1.63421121,1.324383261
18/01/2021 22:00,1.500189105,0.867056273,1.100074913,1.139826949,1.247995968,1.101986958
18/01/2021 23:00,1.012486602,0.684404615,0.868318005,0.96857373,1.094548252,0.887030539
19/01/2021 00:00,0.823697693,0.556775737,0.706393927,0.787350088,0.883801592,0.719388171
19/01/2021 01:00,0.740552289,0.473813481,0.599043218,0.696884071,0.757781407,0.569774478
19/01/2021 02:00,0.591216528,0.399610188,0.506929609,0.565212266,0.63913331,0.521699086
19/01/2021 03:00,0.521439098,0.352485225,0.447206323,0.498458076,0.562262284,0.456984372
19/01/2021 04:00,0.671049475,0.351360575,0.420998599,0.469210466,0.530729163,0.438826085
19/01/2021 05:00,0.541653846,0.366224481,0.481112747,0.506156656,0.585566333,0.474352583
19/01/2021 06:00,0.696232204,0.579543217,0.597091123,0.663491221,0.752672305,0.60997932
19/01/2021 07:00,0.855353636,0.620861382,0.733711509,0.719021474,0.987417254,0.749743583
19/01/2021 08:00,0.829592493,0.560738001,0.711436491,0.736240702,0.896818239,0.726799867
19/01/2021 09:00,0.857059769,0.531907994,0.748880292,0.831526483,0.941610341,0.765066367
19/01/2021 10:00,0.951135501,0.643021259,0.815702817,0.909007706,1.028120359,0.834624919
19/01/2021 11:00,0.997594012,0.673219215,0.854403076,0.813164534,1.027156048,1.049606759
19/01/2021 12:00,1.057343251,0.715045763,0.906763116,1.010645283,1.143052791,0.924984262
19/01/2021 13:00,1.075046899,0.724096764,0.921909569,1.02758833,1.162201838,0.941867232
19/01/2021 14:00,1.145492978,0.726037824,0.884503709,0.985961399,1.114972067,0.903547756
19/01/2021 15:00,1.122610715,0.92503815,0.947491003,1.056130823,1.194205325,0.967696334
19/01/2021 16:00,1.110762891,0.75118367,0.956827658,1.066106894,1.205561747,0.974644777
19/01/2021 17:00,1.223951156,0.82800485,1.050469555,1.201960143,1.324206539,1.07314682
19/01/2021 18:00,1.323662599,0.958805525,1.216444879,1.327841724,1.533422761,1.292169724
19/01/2021 19:00,1.496532216,1.011443064,1.289706646,1.423369943,1.617602054,1.310932454
19/01/2021 20:00,1.520701255,0.993101703,1.309595801,1.459641921,1.6175,1.337737581
19/01/2021 21:00,1.511636676,1.023278253,1.312661232,1.44494007,1.634212748,1.32438057
19/01/2021 22:00,1.15326107,0.868149141,1.100121925,1.226677772,1.358088094,1.234658596
19/01/2021 23:00,1.033321717,0.6843877,0.868292753,0.968204028,1.140169283,0.793191374
20/01/2021 00:00,0.823690751,0.556766195,0.633260405,0.787225322,0.89042938,0.647522401
20/01/2021 01:00,0.700961153,0.425808705,0.601075803,0.670041123,0.757848511,0.633793898
20/01/2021 02:00,0.591248426,0.399596883,0.507023241,0.565067755,0.639360677,0.5112558
20/01/2021 03:00,0.521572036,0.30047552,0.446935663,0.498565482,0.56388122,0.457006888
20/01/2021 04:00,0.490892131,0.331578385,0.420932666,0.468929713,0.535863697,0.430096802
20/01/2021 05:00,0.546403062,0.360709462,0.464738494,0.503799587,0.585528935,0.4745513
20/01/2021 06:00,0.696243148,0.470606152,0.597088768,0.535355489,0.752735833,0.609637382
20/01/2021 07:00,0.855596802,0.594427891,0.869792122,0.817881917,0.925056125,0.749409768
20/01/2021 08:00,0.82963613,0.560284312,0.711443574,0.766318189,0.896773499,0.726792318
20/01/2021 09:00,0.873419409,0.658690606,0.748868065,0.854750672,0.943947802,0.695547627
20/01/2021 10:00,0.951132867,0.641523037,0.81021094,0.875013745,1.028231756,0.833019689
20/01/2021 11:00,0.995969164,0.673113414,0.853758793,1.016803734,1.149104288,0.872578147
20/01/2021 12:00,1.057356264,0.714741372,0.906969011,1.143655696,1.143048457,0.938721835
20/01/2021 13:00,1.074954765,0.726673255,0.916646106,1.027327033,1.162251033,0.941858239
20/01/2021 14:00,1.031381926,0.70191197,0.884596312,0.985851256,1.080587318,0.900739428
20/01/2021 15:00,1.131204685,0.746746381,0.783208037,1.056533421,1.194077456,1.114086725
20/01/2021 16:00,1.115164495,0.751956916,0.957453818,1.13359307,1.205593914,0.976978449
20/01/2021 17:00,1.260223079,0.827969745,1.050507457,1.170821619,1.324187564,1.073106085
20/01/2021 18:00,1.418445117,0.988319658,1.233038723,1.375808445,1.505430209,1.243058568
20/01/2021 19:00,1.496356015,0.933365647,1.283215838,1.430274228,1.587465305,1.310935541
20/01/2021 20:00,1.527410836,0.953114876,1.49188485,1.459623243,1.6175,1.337816596
20/01/2021 21:00,1.511670866,0.971862697,1.292657634,1.47828342,1.64881782,1.324430625
20/01/2021 22:00,1.282195473,0.867061842,1.098405427,1.226103779,1.386700786,1.123806488
20/01/2021 23:00,1.012501249,0.684387377,0.86832595,1.092819238,1.094581559,0.887072176
21/01/2021 00:00,0.850490284,0.514240243,0.586361889,0.78662755,0.876277663,0.721633917
21/01/2021 01:00,0.700954468,0.473963346,0.612676577,0.685137852,0.824060713,0.615132832
21/01/2021 02:00,0.591211151,0.399613192,0.528194361,0.610663416,0.639310094,0.517979094
21/01/2021 03:00,0.544383094,0.499532696,0.304128337,0.498548488,0.563892962,0.390766495
21/01/2021 04:00,0.490907994,0.316483714,0.609650656,0.469488689,0.580640069,0.310880284
21/01/2021 05:00,0.542043907,0.326446636,0.569977288,0.517741555,0.585792563,0.588366291
21/01/2021 06:00,0.696232028,0.467954038,0.597087187,0.665502231,0.933842196,0.610018314
21/01/2021 07:00,0.860389023,0.485262543,0.733728716,0.817783282,0.924899228,0.749582764
21/01/2021 08:00,0.700111975,0.56085026,0.710782453,0.793049556,0.896824448,0.726672388
21/01/2021 09:00,0.873209844,0.616351638,0.752449343,0.835039994,1.005793422,0.785100813
21/01/2021 10:00,0.947928615,0.634113846,0.815667775,0.909150918,1.030670911,0.843196035
21/01/2021 11:00,0.99599273,0.673236063,0.854138891,0.951983584,1.076693587,0.872571354
21/01/2021 12:00,1.0573377,0.560628604,0.899081049,1.045265009,1.143235294,0.926289014
21/01/2021 13:00,0.911760824,0.726458611,0.874764659,0.98045412,1.16219002,0.927459884
21/01/2021 14:00,1.031354152,0.746332906,0.965263333,1.208838456,1.068934159,0.903599977
21/01/2021 15:00,0.972980801,0.746619361,0.935744218,1.055794278,1.188049542,0.967611331
21/01/2021 16:00,1.115177612,0.71464805,0.956361369,1.065883596,1.205478521,0.976999678
21/01/2021 17:00,1.224921428,0.827921801,1.002472216,1.170821797,1.324330941,1.146098224
21/01/2021 18:00,1.418456181,0.958841261,1.171134576,1.477162316,1.568629398,1.421132924
21/01/2021 19:00,1.436938414,1.01144422,1.188504439,1.43026774,1.617552976,1.286845902
21/01/2021 20:00,1.527048835,1.032312685,1.252968088,1.459614396,1.6175,1.229270302
21/01/2021 21:00,1.511670519,1.094760063,1.296753808,1.510743716,1.586289318,1.283592152
21/01/2021 22:00,1.397931369,0.867068844,1.206152516,1.226132293,1.387098507,1.123802664
21/01/2021 23:00,1.012512975,0.684405452,0.899187973,0.968271651,1.094594422,0.887047645
22/01/2021 00:00,0.800588685,0.556937708,0.843423978,0.787316767,0.890464041,0.721639051
22/01/2021 01:00,0.700973255,0.465788135,0.601133044,0.670026154,0.757789439,0.614134422
22/01/2021 02:00,0.591163309,0.372861389,0.501794901,0.568012824,0.639146557,0.640320253
22/01/2021 03:00,0.324010083,0.352219237,0.67979512,0.522562268,0.563539208,0.449930082
22/01/2021 04:00,0.396688087,0.297,0.451057498,0.469247132,0.530923222,0.430236669
22/01/2021 05:00,0.541786365,0.369324207,0.560984957,0.593409401,0.585536876,0.474552044
22/01/2021 06:00,0.696231186,0.478319718,0.597097411,0.665375399,0.752684035,0.609986554
22/01/2021 07:00,0.855562478,0.578313681,0.709161216,0.817921461,0.941149199,0.839194535
22/01/2021 08:00,0.829607653,0.560765218,0.730986826,0.790122833,0.916887794,0.726810124
22/01/2021 09:00,0.873542161,0.590270658,0.794449105,0.83427836,0.805116631,0.76202441
22/01/2021 10:00,1.01205783,0.638728627,0.786140783,0.909164058,1.028244605,0.833301477
22/01/2021 11:00,0.955878033,0.702652739,0.854150016,0.951971593,1.057603014,0.870506919
22/01/2021 12:00,1.15893245,0.714944482,0.907675702,1.010599492,1.143416774,0.926348787
22/01/2021 13:00,1.018904365,0.726650516,0.921954935,0.863706722,1.107015236,0.941857134
22/01/2021 14:00,1.039840349,0.697159035,0.884526413,0.985664982,1.114960468,1.106756934
22/01/2021 15:00,1.104470362,0.746621058,0.946597605,1.05580211,1.219940038,0.956323646
22/01/2021 16:00,1.115108246,0.753800031,1.119513579,1.065948573,1.20556806,0.994583977
22/01/2021 17:00,1.286132929,0.827974806,1.024321017,1.167754225,1.308697601,1.073013447
22/01/2021 18:00,1.440165359,1.022875227,1.216460467,1.482938981,1.533428931,1.283162206
22/01/2021 19:00,1.481735657,1.011443757,1.369792058,1.430297488,1.617827767,1.310944816
22/01/2021 20:00,1.535131068,1.041182627,1.309233199,1.6175,1.6175,1.441301784
22/01/2021 21:00,1.511683071,1.20023777,1.231520423,1.444947904,1.5924166,1.324384881
22/01/2021 22:00,1.282423757,0.867380441,1.1005476,1.210739293,1.386722883,1.162641066
22/01/2021 23:00,1.013087564,0.684362588,0.868322801,0.915198106,1.094582723,0.887063211
23/01/2021 00:00,0.833418049,0.556767789,0.673308636,0.90091961,0.889598205,0.721642341
23/01/2021 01:00,0.873150407,0.646088193,0.59155489,0.670013246,0.707908974,0.572354598
23/01/2021 02:00,0.55061676,0.399600105,0.507003257,0.56507175,0.49946767,0.458548808
23/01/2021 03:00,0.597183823,0.352232535,0.448217678,0.498397317,0.563337084,0.337871378
23/01/2021 04:00,0.490899758,0.331872425,0.420475498,0.446120045,0.482676553,0.431019634
23/01/2021 05:00,0.541669198,0.366695446,0.464187113,0.517722346,0.585540954,0.474522599
23/01/2021 06:00,0.69610952,0.470634291,0.603422473,0.69836339,0.842908685,0.610017085
23/01/2021 07:00,0.855422723,0.565391403,0.573544947,0.895578306,0.9247273,0.749548205
23/01/2021 08:00,0.829210414,0.56048169,0.711133247,0.792936774,0.896411501,0.726488026
23/01/2021 09:00,0.871878318,0.589760552,0.748229085,0.834028849,0.943179727,0.764395541
23/01/2021 10:00,0.950042357,0.64200018,0.916367015,0.893326254,1.026780851,0.832451934
23/01/2021 11:00,1.002861607,0.723281577,0.848029939,0.949956964,1.074407582,0.761784655
23/01/2021 12:00,1.054834281,0.732045483,0.895492066,0.939458744,1.129041476,0.923110788
23/01/2021 13:00,1.051370462,0.710674672,0.902562277,1.004913558,1.098248447,0.921122341
23/01/2021 14:00,0.972536371,0.680093269,0.867935272,0.96204258,1.08768853,0.8814735
23/01/2021 15:00,1.164067953,0.728533619,0.977878054,1.030073637,1.165369905,0.943030493
23/01/2021 16:00,1.086900513,0.73466535,1.006847537,1.038970559,1.175051932,0.95247417
23/01/2021 17:00,1.195215325,0.807915993,1.025013941,1.142510898,1.297356451,1.046419053
23/01/2021 18:00,1.387296995,0.945652704,1.133998745,1.361837454,1.4998961,1.215470676
23/01/2021 19:00,1.475702837,0.989269908,1.252345715,1.398991319,1.582318111,1.282133352
23/01/2021 20:00,1.47,1.002437179,1.321436124,1.417662644,1.603194756,1.299540886
23/01/2021 21:00,1.466812882,1.092583095,1.257300082,1.401482489,1.47,1.28468038
23/01/2021 22:00,1.413470745,0.835524861,1.060737423,1.151255757,1.337510435,1.083943688
23/01/2021 23:00,0.95049535,0.653645141,0.734929235,1.047247238,1.04538923,0.847195686
24/01/2021 00:00,0.768976861,0.525990317,0.667365292,0.743855514,0.784536588,0.681771554
24/01/2021 01:00,0.662764318,0.443064743,0.55272895,0.626986921,0.708581151,0.560436453
24/01/2021 02:00,0.546386452,0.403776847,0.468269624,0.521760869,0.590144325,0.478244414
24/01/2021 03:00,0.549865616,0.322329071,0.408993802,0.435691689,0.515137388,0.417833223
24/01/2021 04:00,0.449900464,0.329434667,0.386053199,0.430099865,0.486448337,0.397706044
24/01/2021 05:00,0.50028932,0.314502448,0.478596319,0.478299745,0.540940629,0.440840476
24/01/2021 06:00,0.661773076,0.513162814,0.563359712,0.630609078,0.701917773,0.5756938
24/01/2021 07:00,0.81515364,0.5531954,0.70185486,0.782265966,0.884865767,0.751596118
24/01/2021 08:00,0.794468736,0.67580593,0.784191524,0.759418934,0.847583488,0.696044259
24/01/2021 09:00,0.864173889,0.567683125,0.72054806,0.804602484,0.911977862,0.736109582
24/01/2021 10:00,0.920494967,0.621917371,0.789110494,0.782621328,0.994681623,0.916633292
24/01/2021 11:00,0.890314767,0.64876727,0.828893325,0.924419122,1.04597799,0.807225515
24/01/2021 12:00,1.040106549,0.711265999,0.892223214,1.004883734,1.129973181,0.921122859
24/01/2021 13:00,1.070480009,0.723546818,0.918060602,0.939749974,1.197706427,0.937953407
24/01/2021 14:00,1.028166432,0.748370841,0.796823919,0.982061654,1.111321746,0.900566518
24/01/2021 15:00,1.101990394,0.744827731,1.035262454,1.018802604,1.189489208,0.96527806
24/01/2021 16:00,1.113266423,0.714189328,0.954661925,1.064119803,1.159079848,0.991435547
24/01/2021 17:00,1.223465286,0.826992219,0.911503212,1.169451481,1.322625487,1.07187974
24/01/2021 18:00,1.416016724,0.958095821,1.214931146,1.35487851,1.532297968,1.24647746
24/01/2021 19:00,1.477554636,1.010969259,1.074824724,1.429590329,1.598507492,1.315234182
24/01/2021 20:00,1.47,1.031817753,1.309198804,1.47,1.47,1.223869614
24/01/2021 21:00,1.511413944,1.011470853,1.29555004,1.148729941,1.63393827,1.324160863
24/01/2021 22:00,1.283029398,0.866989477,1.082734817,1.227776343,1.386522894,1.19753916
24/01/2021 23:00,1.012502475,0.684383874,1.079258335,0.925300134,1.094544934,0.886802623
25/01/2021 00:00,0.824813058,0.556979729,0.70635929,0.78721505,0.890916363,0.721744798
25/01/2021 01:00,0.701043083,0.474014756,0.606454269,0.669345445,0.757810174,0.61413341
25/01/2021 02:00,0.591242146,0.399648508,0.50732959,0.849520467,0.74032951,0.677179758
25/01/2021 03:00,0.521039695,0.35188944,0.446866853,0.592737928,0.563249827,0.424721379
25/01/2021 04:00,0.490932409,0.331846101,0.501988921,0.46943432,0.530156856,0.430108613
25/01/2021 05:00,0.541736437,0.366156927,0.464798585,0.517801025,0.51676941,0.466918741
25/01/2021 06:00,0.696229343,0.470621436,0.596786144,0.673018816,0.752486304,0.609999367
25/01/2021 07:00,0.78606628,0.578318273,0.733727841,0.817820396,0.924926155,0.749570236
25/01/2021 08:00,0.829612658,0.560255949,0.711041176,0.97532759,0.896912985,0.583622923
25/01/2021 09:00,0.87354895,0.433971808,0.748905819,0.837037712,0.944417994,0.765076804
25/01/2021 10:00,0.948517587,0.619168369,0.815703223,1.047227221,1.028240185,0.833310894
25/01/2021 11:00,0.987653997,0.673242682,0.856516951,0.960449577,1.076713994,0.962233395
25/01/2021 12:00,1.057382965,0.714720552,0.906785896,1.0106791,1.066273165,0.926355511
25/01/2021 13:00,1.075390326,0.726694353,0.921963469,1.027615444,1.162202434,0.941903393
25/01/2021 14:00,1.031168172,0.6971711,0.884510672,0.985941223,1.114999896,0.903610287
25/01/2021 15:00,1.104580851,0.746843172,0.946419747,1.055227136,1.232129357,1.139719955
25/01/2021 16:00,1.182539303,0.828946749,0.879564785,1.063287155,1.205387925,0.96758578
25/01/2021 17:00,1.224924151,0.82798615,1.069729277,1.170851823,1.312923146,1.080649737
25/01/2021 18:00,1.418469224,0.958797525,1.216440692,1.065505183,1.528052347,1.242706385
25/01/2021 19:00,1.495809074,1.077730317,1.283007184,1.424987365,1.617632874,1.290803952
25/01/2021 20:00,1.537797227,1.032185812,1.339947188,1.459586316,1.6175,1.379520758
25/01/2021 21:00,1.441740064,1.016581125,1.296401411,1.44494126,1.634202987,1.324316266
25/01/2021 22:00,1.282660662,0.868035895,1.100069741,1.178934967,1.452758614,1.115777304
25/01/2021 23:00,1.01343377,0.609266827,0.868427218,0.967810721,1.112370653,0.887056771
26/01/2021 00:00,0.682186158,0.560002945,0.706392109,0.787333715,0.833232563,0.612181769
26/01/2021 01:00,0.700447014,0.473798429,0.560934639,0.67013229,0.757779077,0.614114326
26/01/2021 02:00,0.591227171,0.399523108,0.506997176,0.565239086,0.639168756,0.51796742
26/01/2021 03:00,0.521452862,0.352749114,0.446855792,0.498445734,0.547840124,0.625154009
26/01/2021 04:00,0.491015894,0.510729126,0.420063147,0.480779134,0.530699651,0.415694283
26/01/2021 05:00,0.541652699,0.35093876,0.462127461,0.517696711,0.425530866,0.474049735
26/01/2021 06:00,0.696176319,0.470623443,0.597094037,0.665721727,0.828338743,0.609978968
26/01/2021 07:00,0.855381152,0.546181618,0.789213861,0.773235626,0.950961706,0.749595439
26/01/2021 08:00,0.829231368,0.577437178,0.711449331,0.818455392,0.897327935,0.736458247
26/01/2021 09:00,0.873314575,0.591688786,0.748895017,0.83470293,0.942728327,0.764666247
26/01/2021 10:00,0.951139853,0.601170021,0.815710488,0.909055095,1.028236291,0.853764953
26/01/2021 11:00,1.099305362,0.673230393,0.868142587,0.954109876,1.079286114,0.833963912
26/01/2021 12:00,1.106017229,0.71470094,0.839286225,1.007095427,1.143051614,0.926157678
26/01/2021 13:00,1.075048041,0.785479015,0.921958351,1.027590105,1.162189461,0.942173794
26/01/2021 14:00,1.045874649,0.697149833,0.848484157,0.985848551,1.114588337,0.903610658
26/01/2021 15:00,1.255143075,0.746626186,0.947232981,1.056104629,1.194082166,0.941101172
26/01/2021 16:00,1.114821179,0.727551001,0.940976896,1.215757356,1.205514889,0.977002086
26/01/2021 17:00,1.191521819,0.816599741,1.050591533,1.127412196,1.324442484,1.122320896
26/01/2021 18:00,1.463383995,0.958810137,1.216436102,1.355831233,1.533182292,1.242704614
26/01/2021 19:00,1.496066165,0.983031908,1.31583507,1.430274143,1.605787494,1.311791629
26/01/2021 20:00,1.527020429,1.032174044,1.30940431,1.459626429,1.6505085,1.337827431
26/01/2021 21:00,1.511682775,0.966631406,1.296417096,1.444938932,1.6175,1.434359799
26/01/2021 22:00,1.283665698,0.867064019,1.169338999,1.337259379,1.386710153,1.123812081
26/01/2021 23:00,1.012414759,0.721154556,0.868304247,0.894680768,1.093229248,0.858822604
27/01/2021 00:00,0.868085015,0.556766377,0.711621665,0.787305939,0.890261284,0.721633679
27/01/2021 01:00,0.701687506,0.473807404,0.601052827,0.670130343,0.758151005,0.661112121
27/01/2021 02:00,0.591239156,0.399606142,0.717084297,0.567302429,0.639181524,0.517987484
27/01/2021 03:00,0.617897717,0.352246325,0.447509058,0.49852647,0.561670016,0.456697976
27/01/2021 04:00,0.388007016,0.331966062,0.420982351,0.480183528,0.528521187,0.466134283
27/01/2021 05:00,0.541683207,0.36614905,0.469760058,0.740952309,0.60990927,0.474569281
27/01/2021 06:00,0.696228463,0.551666855,0.597077743,0.665871456,0.754205927,0.756620149
27/01/2021 07:00,0.911977734,0.484568289,0.733692814,0.817769611,0.914101983,0.749536047
27/01/2021 08:00,0.930979394,0.560745228,0.711424487,0.800197613,0.896818491,0.726463368
27/01/2021 09:00,0.873248278,0.589948592,0.75020551,0.834790546,0.941796745,0.860091196
27/01/2021 10:00,0.951134485,0.630105947,0.846071188,1.022811117,1.028243855,0.83328055
27/01/2021 11:00,0.994938998,0.672531276,0.857435947,0.951831551,1.075937691,0.911544415
27/01/2021 12:00,1.057343742,0.714701667,0.906778496,1.015901251,1.1430169,0.926322977
27/01/2021 13:00,1.077480991,0.726652566,0.965380993,1.153129517,1.162187029,0.94200687
27/01/2021 14:00,1.031966861,0.646982611,0.884456079,0.942845837,1.114934991,0.903674375
27/01/2021 15:00,1.104515662,0.979950161,0.947250452,0.926184397,1.194470074,0.967325473
27/01/2021 16:00,1.115172185,0.713761568,0.875661611,1.065939663,1.206395767,0.934764287
27/01/2021 17:00,1.224916407,0.827987637,1.050955209,1.142984376,1.324133784,1.069625776
27/01/2021 18:00,1.41856189,0.958780628,1.259200127,1.355833355,1.534340834,1.242233098
27/01/2021 19:00,1.496333107,1.011456871,1.28323316,1.471972981,1.615183557,1.373344262
27/01/2021 20:00,1.466005319,1.032212547,1.400145393,1.494800099,1.6175,1.337764911
27/01/2021 21:00,1.511680753,1.021564928,1.296389488,1.444906099,1.634209362,1.324371913
27/01/2021 22:00,1.282845266,0.867048591,1.100086475,1.131318577,1.386689744,1.123799286
27/01/2021 23:00,1.01251192,0.682297039,0.848033839,0.967334603,1.093409594,0.996213993
28/01/2021 00:00,0.823680092,0.556869666,0.706397683,0.787308987,0.841650604,0.683960037
28/01/2021 01:00,0.73183651,0.457335478,0.601144508,0.670027037,0.934827852,0.614120425
28/01/2021 02:00,0.45536056,0.354029732,0.396725845,0.565225559,0.638473757,0.598863647
28/01/2021 03:00,0.521576479,0.352566279,0.447292258,0.498562242,0.556165064,0.539340907
28/01/2021 04:00,0.475557872,0.331771997,0.421351147,0.469199504,0.52642367,0.430080875
28/01/2021 05:00,0.54170055,0.366215825,0.465519821,0.481106813,0.584352489,0.396510516
28/01/2021 06:00,0.696225045,0.470233501,0.596971923,0.665490583,0.752658672,0.597749232
28/01/2021 07:00,0.855534192,0.579543469,0.75550795,0.818146989,0.929606793,0.749523767
28/01/2021 08:00,0.830255178,0.56074349,0.728185457,0.785122232,0.943807455,0.646846379
28/01/2021 09:00,0.984323298,0.590243392,0.696692799,0.897912097,0.901291175,0.745003334
28/01/2021 10:00,0.913994983,0.641781453,0.815656746,0.909153118,1.028219609,0.834935744
28/01/2021 11:00,0.995986088,0.673193592,0.770632719,0.952008513,1.054515534,0.872582696
28/01/2021 12:00,1.076877117,0.714708649,1.044825372,1.010654873,1.143052675,0.926108724
28/01/2021 13:00,1.075054869,0.727996922,0.921954815,1.027126762,1.075901245,0.941896452
28/01/2021 14:00,1.031174464,0.904307742,0.883981706,0.985772524,1.114907795,0.9035418
28/01/2021 15:00,1.104587313,0.746635034,0.94723242,1.056075291,1.194112717,0.967721233
28/01/2021 16:00,1.130314681,0.753821989,0.956418915,1.066020745,1.205607259,0.977027228
28/01/2021 17:00,1.192338839,0.828008478,1.046800536,1.170729112,1.324276529,1.07319208
28/01/2021 18:00,1.418533901,0.878025983,1.216438479,1.407922561,1.533510842,1.257898991
28/01/2021 19:00,1.496433805,1.011518931,1.284767565,1.430367102,1.617715252,1.311016841
28/01/2021 20:00,1.597279017,1.03149619,1.310555593,1.45954237,1.6175,1.279553605
28/01/2021 21:00,1.511793664,1.022568774,1.352268798,1.445144186,1.63422652,1.32487787
28/01/2021 22:00,1.282872095,0.994514656,1.100231072,1.15194233,1.334964407,1.156020955
28/01/2021 23:00,1.012644509,0.684492609,0.868398798,0.967942759,1.317817876,0.887168029
29/01/2021 00:00,0.766376634,0.55696438,0.701792212,0.787458577,0.891329925,0.721885908
29/01/2021 01:00,0.701159833,0.473997642,0.558439538,0.666521458,0.751726105,0.614450974
29/01/2021 02:00,0.591752054,0.399978759,0.507472233,0.565538818,0.646181379,0.728392957
29/01/2021 03:00,0.757485247,0.35270427,0.447500855,0.498244077,0.513699363,0.44734712
29/01/2021 04:00,0.491464572,0.331919205,0.421140691,0.449196589,0.530498539,0.430376202
29/01/2021 05:00,0.543476707,0.367397986,0.46235877,0.519612408,0.587534699,0.476166858
29/01/2021 06:00,0.696231143,0.470168279,0.601077586,0.624439581,0.8647995,0.833143468
29/01/2021 07:00,0.855405997,0.578192232,0.801836136,0.822351408,0.84130745,0.714247645
29/01/2021 08:00,0.829379139,0.560614132,0.711292208,0.792758185,0.896749097,0.710763709
29/01/2021 09:00,0.872997382,0.590012177,0.74864248,0.806136537,0.943867692,0.777284061
29/01/2021 10:00,1.205184698,0.642585272,0.815639027,1.064016738,1.027801209,0.747230304
29/01/2021 11:00,0.996945106,0.672896536,0.853683814,0.951559577,1.076213205,0.872128024
29/01/2021 12:00,1.244018673,0.715170739,0.933489222,1.078348895,1.016731774,0.925786667
29/01/2021 13:00,1.08952436,0.72625018,0.915937129,1.191573621,1.138168372,0.79122874
29/01/2021 14:00,1.030039768,0.663996487,0.81022978,0.985124761,1.113901773,0.765201392
29/01/2021 15:00,1.026594138,0.746615384,0.947174214,1.055121912,1.188372754,0.967075669
29/01/2021 16:00,1.11452007,0.665991389,0.847330544,1.065319636,1.204873948,0.97652661
29/01/2021 17:00,1.224217582,0.827518092,1.049957796,1.170200348,1.379394958,1.237199421
29/01/2021 18:00,1.417913983,0.980677069,1.07870131,1.355323714,1.532812821,1.248290524
29/01/2021 19:00,1.592720136,1.011142773,1.283020357,1.42988842,1.617132298,1.311843491
29/01/2021 20:00,1.6175,0.943884511,1.316729766,1.45930614,1.6175,1.374403851
29/01/2021 21:00,1.511614076,1.021656995,1.296154704,1.444294173,1.633953818,1.170057117
29/01/2021 22:00,1.282627769,0.866979987,1.125549644,1.226011987,1.386588693,1.123726853
29/01/2021 23:00,1.012526477,0.684506878,0.907769445,0.967785674,1.119658822,1.047257922
30/01/2021 00:00,0.824298046,0.557125241,0.706787654,0.787833406,0.84178868,0.810843669
30/01/2021 01:00,0.701283062,0.474277138,0.601682275,0.670572096,0.758385343,0.617420217
30/01/2021 02:00,0.592622677,0.400627269,0.56298307,0.640559588,0.6419885,0.527443746
30/01/2021 03:00,0.521489613,0.35330267,0.44380328,0.499350941,0.56602801,0.457684939
30/01/2021 04:00,0.491707521,0.327013619,0.42176315,0.469856459,0.531664748,0.430856299
30/01/2021 05:00,0.566363331,0.435168268,0.376435989,0.541644624,0.662211532,0.441070994
30/01/2021 06:00,0.801729737,0.526554451,0.663055201,0.721823847,0.816538938,0.677747747
30/01/2021 07:00,0.913615508,0.617601657,0.783655713,0.733287227,0.98759584,0.826989985
30/01/2021 08:00,0.858408475,0.580220198,0.743845619,0.820299459,0.943303943,0.752028918
30/01/2021 09:00,0.95626673,0.594772416,0.754848302,0.841513253,0.95176873,0.555818621
30/01/2021 10:00,0.92821491,0.637126089,0.817254679,0.842433584,1.019465698,0.826345229
30/01/2021 11:00,0.972976306,0.657704849,0.833539316,0.947074417,1.025898124,0.851101239
30/01/2021 12:00,1.04254441,0.698086521,0.885719776,0.987162662,1.127200269,0.904801751
30/01/2021 13:00,1.043896602,0.707347674,0.901990134,1.005344885,1.137909662,0.921452577
30/01/2021 14:00,1.114210097,0.702422885,0.874345592,0.887570636,1.101418847,0.824934723
30/01/2021 15:00,1.068122585,0.721995963,0.915996511,1.021000425,1.081563618,0.938241169
30/01/2021 16:00,1.064411464,0.728131296,0.91290481,1.017453624,1.286816275,0.932568311
30/01/2021 17:00,1.015659572,0.780683822,0.990123074,1.103632017,1.249958267,1.01157
30/01/2021 18:00,1.328339973,0.809478789,1.138724817,1.269214357,1.434115656,1.161948894
30/01/2021 19:00,1.450695988,0.98779657,1.248746141,1.282571166,1.574141756,1.284419139
30/01/2021 20:00,1.47,1.028109957,1.301849825,1.451034742,1.47,1.329978081
30/01/2021 21:00,1.461847849,1.238130409,1.253653118,1.396977188,1.580266138,1.280725128
30/01/2021 22:00,1.23536192,0.835607583,1.060175362,1.158630875,1.339179783,1.083046997
30/01/2021 23:00,0.961513063,0.563410494,0.829517301,1.100927027,1.034115181,0.842543795
31/01/2021 00:00,0.76507372,0.514629214,0.653155866,0.727811596,0.823157488,0.617167697
31/01/2021 01:00,0.641463896,0.323554733,0.789111899,0.613143175,0.693732232,0.561981371
31/01/2021 02:00,0.482793545,0.374163149,0.481843385,0.612714186,0.606911278,0.492225073
31/01/2021 03:00,0.498401857,0.392769145,0.309069594,0.480454127,0.538650494,0.436696207
31/01/2021 04:00,0.423117287,0.321270355,0.522644378,0.464225267,0.424237966,0.416431347
31/01/2021 05:00,0.519236547,0.356210628,0.445244957,0.473200992,0.566628607,0.454563145
31/01/2021 06:00,0.733470577,0.374140998,0.629041757,0.701127983,0.809748119,0.625364486
31/01/2021 07:00,0.883275603,0.601244723,0.873836538,0.85164711,0.963199538,0.81204479
31/01/2021 08:00,0.80541973,0.586035355,0.689611801,0.768711977,0.739808316,0.855154743
31/01/2021 09:00,0.808181338,0.546271855,0.69305531,0.77234765,0.873654092,0.707560208
31/01/2021 10:00,0.856951304,0.579167336,0.734847673,0.79506198,0.926954278,0.750718147
31/01/2021 11:00,0.803483043,0.612340986,0.689028317,0.767950756,0.853514893,0.707865482
31/01/2021 12:00,0.859109789,0.681889669,0.736784301,0.821208846,0.861321725,0.75254713
31/01/2021 13:00,0.877678718,0.593263436,0.752625389,0.757614041,0.948819381,0.731246776
31/01/2021 14:00,0.849753572,0.574460015,0.728787641,0.812234794,0.919134637,0.744034289
31/01/2021 15:00,0.998949846,0.483547572,0.760586452,0.71758615,1.069868673,0.777027552
31/01/2021 16:00,0.877916293,0.673655337,0.752171336,0.837959057,0.946329903,0.768033062
31/01/2021 17:00,1.020566951,0.648042288,0.822198648,0.916416241,1.036447113,0.83993937
31/01/2021 18:00,1.172356561,0.79213639,1.010446355,1.120153136,1.240180913,1.03963411
31/01/2021 19:00,1.326404102,0.780801422,1.16051733,1.27155285,1.438128556,1.002173753
31/01/2021 20:00,1.412089384,0.954145192,1.210940241,1.326124754,1.47,1.265939813
31/01/2021 21:00,1.3538523,0.877849015,1.358566415,1.35177706,1.461203154,1.089518709
31/01/2021 22:00,1.136256442,0.768174591,1.134762904,1.084738385,1.228541989,0.995626068
31/01/2021 23:00,0.858727676,0.600322204,0.872524909,0.820824336,0.928343158,0.752140918
01/02/2021 00:00,0.627429579,0.434758977,0.461979034,0.578008401,0.703441859,0.570076611
01/02/2021 01:00,0.533824265,0.360840941,0.457831712,0.498423051,0.592266578,0.467673143
01/02/2021 02:00,0.591332503,0.308451968,0.391913628,0.436925734,0.406648529,0.365370906
01/02/2021 03:00,0.427459367,0.297,0.366698472,0.587619166,0.46216634,0.374335768
01/02/2021 04:00,0.412261905,0.297,0.353538759,0.393981697,0.445740896,0.361176802
01/02/2021 05:00,0.446628936,0.297,0.371913494,0.424260542,0.631895178,0.37994068
01/02/2021 06:00,0.691461337,0.407807264,0.578610861,0.660054537,0.746529843,0.604995787
01/02/2021 07:00,0.844685917,0.570520219,0.723690596,0.806812799,0.912407004,0.739477671
01/02/2021 08:00,0.77585514,0.499610052,0.622284166,0.687406591,0.878506175,0.647574111
01/02/2021 09:00,0.727470122,0.701734965,0.622237309,0.695429783,0.786509454,0.597710728
01/02/2021 10:00,0.763068395,0.695967644,0.663554797,0.729364428,0.824941608,0.707183635
01/02/2021 11:00,0.772629401,0.522263467,0.571385729,0.738513376,0.82886868,0.676852013
01/02/2021 12:00,0.722309896,0.563191483,0.549425775,0.795050803,0.899061948,0.476758756
01/02/2021 13:00,0.854308622,0.577478065,0.732466439,0.816613918,0.92355948,0.748962458
01/02/2021 14:00,0.835553838,0.564794867,0.716555373,0.874847969,0.903274702,0.732043405
01/02/2021 15:00,0.856899045,0.50722207,0.751242164,0.81850161,0.894827084,0.750643596
01/02/2021 16:00,0.836852577,0.56650905,0.645208962,0.801017395,0.906016145,0.740489188
01/02/2021 17:00,1.109566546,0.630558286,0.769985712,0.868835484,0.980448129,0.861426047
01/02/2021 18:00,1.207308325,0.766109351,0.971828141,1.088441003,1.174572394,0.992790707
01/02/2021 19:00,1.32908265,0.898287416,1.139765839,1.27043374,1.436852094,1.16371343
01/02/2021 20:00,1.435189862,0.970599497,1.229901308,1.370811741,1.510862082,1.253679267
01/02/2021 21:00,1.51875,0.917668351,1.164100341,1.220181187,1.452915015,1.18930295
01/02/2021 22:00,1.121234499,0.769527653,0.970528746,0.97576314,1.237787207,0.997982539
01/02/2021 23:00,0.86406075,0.584093806,0.737839216,0.895308768,0.934088182,0.932435259
02/02/2021 00:00,0.651656036,0.450020706,0.558802887,0.622752069,0.70441315,0.570875651
02/02/2021 01:00,0.558290032,0.361445518,0.458557213,0.535403834,0.567757408,0.479404013
02/02/2021 02:00,0.469030501,0.309562424,0.392732927,0.437732941,0.427528239,0.329213713
02/02/2021 03:00,0.438017189,0.297,0.442097076,0.409492132,0.406036824,0.375312185
02/02/2021 04:00,0.41304102,0.297,0.354232009,0.297,0.44658933,0.36186669
02/02/2021 05:00,0.473907464,0.318152927,0.403591023,0.453314343,0.508761437,0.412488708
02/02/2021 06:00,0.707706027,0.467213637,0.592937612,0.660889633,0.747403972,0.585608343
02/02/2021 07:00,0.844813417,0.571043195,0.729069014,0.807521711,0.933268944,0.74371159
02/02/2021 08:00,0.739788062,0.501473861,0.615512473,0.693044251,0.799746821,0.648264288
02/02/2021 09:00,0.72799625,0.352793875,0.680162104,0.69585156,0.78698885,0.637783894
02/02/2021 10:00,0.763379547,0.428176298,0.65467358,0.729650764,0.849593727,0.668775058
02/02/2021 11:00,0.772847132,0.509718592,0.662657346,0.738725802,0.831933556,0.676998954
02/02/2021 12:00,0.832444282,0.562283886,0.688276461,0.795132272,0.899292302,0.728869857
02/02/2021 13:00,0.816913138,0.582900493,0.904913932,0.816508539,1.018202536,0.748450558
02/02/2021 14:00,0.835424519,0.564722535,0.715901084,0.805760572,0.903472764,0.73191027
02/02/2021 15:00,0.856701303,0.772642131,0.734674995,0.829599691,0.914859612,0.789506765
02/02/2021 16:00,0.986507279,0.566775554,0.718517269,0.80081425,0.905722958,0.734005964
02/02/2021 17:00,0.908582666,0.616540423,0.779230586,0.868157445,0.980312505,0.921062546
02/02/2021 18:00,1.173988186,0.765883162,0.97116762,1.082950723,1.442772102,0.992480067
02/02/2021 19:00,1.298738411,0.898161806,1.221893403,1.270081282,1.436125617,1.164167023
02/02/2021 20:00,1.39157919,0.969128241,1.22957083,1.370486437,1.51875,1.203942578
02/02/2021 21:00,1.312739235,0.917304826,1.188603917,1.297339058,1.467080202,1.188904484
02/02/2021 22:00,1.144651565,0.773732144,0.9816375,1.094134521,1.247489947,1.002330108
02/02/2021 23:00,0.863813346,0.583892223,0.740796195,0.825616189,0.859532492,0.75678083
03/02/2021 00:00,0.651390585,0.398029458,0.558653045,0.622646519,0.704146696,0.570693447
03/02/2021 01:00,0.384664781,0.361345266,0.458447544,0.511001011,0.505155716,0.468084553
03/02/2021 02:00,0.436905793,0.309236901,0.341082984,0.437652794,0.496392897,0.427191321
03/02/2021 03:00,0.428415174,0.297,0.367332887,0.474506263,0.467731106,0.375294945
03/02/2021 04:00,0.413033989,0.297,0.354155633,0.392139822,0.493519138,0.361849998
03/02/2021 05:00,0.473119141,0.319723877,0.42711262,0.432765684,0.765615261,0.364183299
03/02/2021 06:00,0.731204762,0.467426206,0.618618731,0.661013326,0.747590674,0.817868365
03/02/2021 07:00,0.8449287,0.590988175,0.72451543,0.807661183,1.102141979,0.738198052
03/02/2021 08:00,0.739902706,0.499957686,0.727508697,0.70723309,0.799604377,0.645761611
03/02/2021 09:00,0.735701161,0.456203069,0.588732044,0.720306731,0.73035165,0.63786574
03/02/2021 10:00,0.763501251,0.51607726,0.654737259,0.729795417,0.77907967,0.671819233
03/02/2021 11:00,0.772855935,0.522472965,0.784519506,0.738820451,0.834212093,0.656809566
03/02/2021 12:00,0.831897206,0.56235543,0.713462437,0.794910711,0.859854551,0.734084161
03/02/2021 13:00,0.854370169,0.577503661,0.732681599,0.816648419,0.923617202,0.681972689
03/02/2021 14:00,0.835577408,0.565190471,0.716844138,0.669123773,0.815367116,0.658365229
03/02/2021 15:00,0.856733078,0.579089368,0.732841576,0.818793172,0.909975064,0.750549564
03/02/2021 16:00,0.929316606,0.566338667,0.718527491,0.786640296,0.905750095,0.734029536
03/02/2021 17:00,0.868616484,0.627890089,0.779249556,0.868522582,0.977069273,0.79603312
03/02/2021 18:00,1.238673633,0.765757827,0.971425582,1.039546726,1.224596919,1.054238766
03/02/2021 19:00,1.286348971,1.035098041,1.139745535,1.264688688,1.51875,1.164118544
03/02/2021 20:00,1.51875,1.000022242,1.297408446,1.371375526,1.550007258,1.256092958
03/02/2021 21:00,1.357076373,0.917306599,1.16382166,1.297384326,1.466722314,1.188944369
03/02/2021 22:00,0.962503088,0.773821347,0.981659209,1.094184167,1.237469056,1.112021413
03/02/2021 23:00,0.863908264,0.585350842,0.668005599,0.826458417,0.907187137,0.756914872
04/02/2021 00:00,0.735258064,0.549476863,0.5586142,0.622619626,0.70412108,0.570684087
04/02/2021 01:00,0.508592635,0.361340647,0.485557177,0.494483596,0.577949164,0.468340073
04/02/2021 02:00,0.457862387,0.309480686,0.391718369,0.422455893,0.473536548,0.297
04/02/2021 03:00,0.423617443,0.308102095,0.370836544,0.43608346,0.463083563,0.374319336
04/02/2021 04:00,0.31321811,0.297,0.354184599,0.394843137,0.443462059,0.361849897
04/02/2021 05:00,0.506099296,0.319846345,0.364620484,0.495408243,0.51024741,0.414564247
04/02/2021 06:00,0.86774502,0.467432166,0.42708251,0.660995217,0.849153864,0.605959161
04/02/2021 07:00,0.836893488,0.570404403,0.72452687,0.807632292,0.948361345,0.739777138
04/02/2021 08:00,0.739940436,0.500144754,0.622788238,0.691558769,0.799352637,0.64820791
04/02/2021 09:00,0.742914548,0.492160883,0.624415776,0.695967577,0.796472157,0.639609793
04/02/2021 10:00,0.763525989,0.552975414,0.654982661,0.73488962,0.825330935,0.572351718
04/02/2021 11:00,0.772949267,0.522472402,0.663152603,0.738809686,0.835601981,0.677187418
04/02/2021 12:00,0.831528652,0.536111056,0.64067917,0.795275791,0.895627149,0.716404263
04/02/2021 13:00,0.806403195,0.64689734,0.732318221,0.816666716,0.924232465,0.86984283
04/02/2021 14:00,0.785549236,0.588326385,0.71657837,0.798612382,1.026993647,0.721608433
04/02/2021 15:00,0.856738086,0.602020907,0.734724021,0.991191812,0.929088688,0.607407305
04/02/2021 16:00,0.837563748,0.564103034,0.780368196,0.801641026,0.905775662,0.741290542
04/02/2021 17:00,0.896011671,0.614207928,0.779214685,0.832925394,0.938174461,0.797623943
04/02/2021 18:00,1.040001869,0.942791269,0.971563402,1.082968008,1.224679382,0.992514553
04/02/2021 19:00,1.218195793,0.889832984,1.1413756,1.297323338,1.396510616,1.153303642
04/02/2021 20:00,1.425605828,0.916097916,1.229461739,1.370596343,1.51875,1.25933095
04/02/2021 21:00,1.356613486,0.84438421,1.216312165,1.298522064,1.484860976,1.154500565
04/02/2021 22:00,1.144640161,0.717017089,0.981348653,1.10488797,1.237470641,1.003380507
04/02/2021 23:00,0.863823893,0.583902681,0.741541906,0.825746374,0.933849352,0.756801816
05/02/2021 00:00,0.65138945,0.44030177,0.558741538,0.622640237,0.654030849,0.570685433
05/02/2021 01:00,0.534521497,0.387257285,0.459171855,0.57076644,0.56751321,0.47248685
05/02/2021 02:00,0.457820655,0.309410089,0.392569831,0.437530288,0.494873638,0.419129055
05/02/2021 03:00,0.42878103,0.297,0.367292292,0.409740684,0.462945708,0.297
05/02/2021 04:00,0.413029115,0.297,0.354209264,0.470452877,0.446503464,0.341714764
05/02/2021 05:00,0.473048409,0.297,0.40582309,0.452333038,0.511569494,0.414136563
05/02/2021 06:00,0.784500451,0.451402825,0.593041188,0.668808691,0.747592974,0.605829204
05/02/2021 07:00,0.906688791,0.55673837,0.724607816,0.807578667,0.857027552,0.744131599
05/02/2021 08:00,0.734787543,0.500138579,0.660894237,0.940633207,0.797958654,0.648199162
05/02/2021 09:00,0.728106768,0.492741939,0.616825947,0.695964345,0.735776819,0.522831298
05/02/2021 10:00,0.763522059,0.5161038,0.654950768,0.729813078,0.825399323,0.668925513
05/02/2021 11:00,0.772942463,0.522471697,0.675885547,0.739889375,0.835570165,0.677454298
05/02/2021 12:00,0.832797012,0.562345705,0.665547944,0.795249413,0.899407765,0.729852218
05/02/2021 13:00,0.854375422,0.759708179,0.731604139,0.816626661,0.924690752,0.754646163
05/02/2021 14:00,0.921216014,0.564750752,0.716513979,0.814457155,0.903344125,0.731876393
05/02/2021 15:00,0.856742088,0.556608393,0.734730222,0.818928901,0.926184517,0.750613147
05/02/2021 16:00,0.838741638,0.567882984,0.71858147,0.800918612,0.896562843,0.734050163
05/02/2021 17:00,1.014128037,0.578187977,0.714595224,0.831749296,0.914836022,0.780209926
05/02/2021 18:00,1.264920022,0.765731412,0.918150429,1.082511589,1.224702722,1.091627107
05/02/2021 19:00,1.32876993,0.965111957,1.139540545,1.270103455,1.43647908,1.149746822
05/02/2021 20:00,1.405939128,0.969166159,1.229612335,1.47095378,1.51875,1.419914926
05/02/2021 21:00,1.364706722,0.917325137,1.16385768,1.278688381,1.466177782,1.234549976
05/02/2021 22:00,1.144684808,0.627492585,0.981186522,1.110157662,1.246096625,1.002866839
05/02/2021 23:00,0.84594215,0.58390511,0.757488425,0.825725937,0.933855198,0.756800591
06/02/2021 00:00,0.659645663,0.440257579,0.55862547,0.622609726,0.57910101,0.570692785
06/02/2021 01:00,0.53453423,0.361538102,0.452260453,0.493240573,0.577897142,0.704016388
06/02/2021 02:00,0.484674447,0.309366137,0.392493373,0.437500769,0.494778102,0.470365467
06/02/2021 03:00,0.428301394,0.307989866,0.360480746,0.374854919,0.456415002,0.401271567
06/02/2021 04:00,0.412998595,0.297,0.297,0.394704297,0.43510039,0.361813828
06/02/2021 05:00,0.473183254,0.314473491,0.635734238,0.452145083,0.516130914,0.42074366
06/02/2021 06:00,0.691328076,0.467298803,0.591382769,0.661132258,0.774357415,0.605670352
06/02/2021 07:00,0.847833119,0.55420849,0.724162971,0.807227404,0.912897969,0.950783978
06/02/2021 08:00,0.728817264,0.499447231,0.561354334,0.701128268,0.798688938,0.644988064
06/02/2021 09:00,0.726312197,0.491427834,0.631781675,0.697863496,0.785218858,0.63630064
06/02/2021 10:00,0.753199398,0.50417623,0.569152244,0.719914512,0.814272341,0.609880626
06/02/2021 11:00,0.784509305,0.506959533,0.653916002,0.835767334,0.823609149,0.667445556
06/02/2021 12:00,0.820100697,0.55424778,0.703280291,0.784241543,0.886221194,0.718467153
06/02/2021 13:00,0.865763333,0.569080331,0.721814998,0.804639265,0.950370929,0.737430131
06/02/2021 14:00,0.822201422,0.560179832,0.70507155,0.920057139,0.888793274,0.715467942
06/02/2021 15:00,0.842688148,0.569198611,0.72220887,0.816151698,0.91077242,0.738286469
06/02/2021 16:00,0.823089049,0.556829622,0.706205949,0.78672357,0.889786982,0.681314296
06/02/2021 17:00,0.840872665,0.603722815,0.765930047,0.805698006,0.950132447,0.782381776
06/02/2021 18:00,1.111233091,0.751136534,0.950829398,1.062214059,1.201332654,0.973576248
06/02/2021 19:00,1.305746822,0.882849946,1.094672776,1.211506854,1.411618928,1.144274723
06/02/2021 20:00,1.410612617,0.954116077,1.208044928,1.260969925,1.44,1.272870489
06/02/2021 21:00,1.333761972,1.155694564,1.024566142,1.257406049,1.441882468,1.144499967
06/02/2021 22:00,1.121355642,0.908748793,1.047488852,1.072841908,1.118349803,0.982389583
06/02/2021 23:00,0.840458268,0.568082949,0.720769991,0.865383916,0.815714479,0.85138734
07/02/2021 00:00,0.628065743,0.502523551,0.538595525,0.566571581,0.678951953,0.570211102
07/02/2021 01:00,0.47229117,0.345549762,0.438004826,0.48864414,0.552644204,0.445202866
07/02/2021 02:00,0.321785818,0.297,0.368371462,0.415176204,0.469577971,0.380650413
07/02/2021 03:00,0.404112517,0.297,0.55927173,0.387033897,0.43768852,0.355838471
07/02/2021 04:00,0.39028143,0.297,0.334730045,0.360394324,0.400806571,0.341933869
07/02/2021 05:00,0.451272949,0.303153116,0.371715107,0.431413992,0.487790396,0.395213449
07/02/2021 06:00,0.670868022,0.453554586,0.575395516,0.708983476,0.72533096,0.570344138
07/02/2021 07:00,0.825307926,0.516225581,0.708799661,0.90093181,0.893237651,0.723890135
07/02/2021 08:00,0.722228975,0.488188368,0.619370437,0.670068304,0.737332208,0.632694733
07/02/2021 09:00,0.71138174,0.44198687,0.756468017,0.679979411,0.769058113,0.623231037
07/02/2021 10:00,0.747726341,0.565494321,0.641232588,0.714732031,0.808360728,0.639053119
07/02/2021 11:00,0.758086484,0.297,0.650140352,0.724642271,0.819542463,0.664038953
07/02/2021 12:00,0.725368249,0.552927778,0.675539374,0.834375899,0.877744305,0.685996209
07/02/2021 13:00,0.841332455,0.584528756,0.721483303,0.804019219,0.909533379,0.742386142
07/02/2021 14:00,0.830327708,0.48547656,0.706092146,0.787018462,0.888702185,0.627607959
07/02/2021 15:00,0.825045057,0.523914596,0.72510619,0.808140512,0.914895109,0.740767545
07/02/2021 16:00,0.827476912,0.559401017,0.709793218,0.936497702,0.929481575,0.725056498
07/02/2021 17:00,0.906018924,0.487331047,0.776612844,0.866027079,0.979463109,0.654952983
07/02/2021 18:00,1.13097849,0.764448931,0.969906433,1.081053249,1.222135948,0.99089552
07/02/2021 19:00,1.328738518,0.898417603,1.138392173,1.268006436,1.435086222,1.174648623
07/02/2021 20:00,1.323366756,0.945591366,1.231368529,1.369720288,1.44,1.255463487
07/02/2021 21:00,1.356607652,0.936549991,1.163426954,1.296363127,1.466605985,1.195752894
07/02/2021 22:00,1.14643286,0.773603903,0.976238215,1.255713956,1.237217232,1.002887961
07/02/2021 23:00,0.86376921,0.853900513,0.740736957,0.820159941,0.933894099,0.756721569
08/02/2021 00:00,0.815171847,0.495822766,0.55865094,0.623590606,0.704215163,0.715420372
08/02/2021 01:00,0.534207843,0.361315519,0.458482357,0.38084083,0.577886448,0.50367378
08/02/2021 02:00,0.458032847,0.441428421,0.297,0.437507457,0.494822725,0.325865094
08/02/2021 03:00,0.428153063,0.321321225,0.367430283,0.409204696,0.415706842,0.375549129
08/02/2021 04:00,0.420009674,0.476883036,0.354220454,0.53089012,0.446397634,0.366874976
08/02/2021 05:00,0.537735182,0.308495888,0.405831703,0.45234392,0.527587616,0.463031868
08/02/2021 06:00,0.691545832,0.467602491,0.500138825,0.661008904,0.74790657,0.631342597
08/02/2021 07:00,0.844938745,0.57113888,0.724609102,0.80764487,0.82996697,0.806386243
08/02/2021 08:00,0.739919188,0.491432021,0.634539085,0.759736729,0.805869262,0.648242978
08/02/2021 09:00,0.728098318,0.492170379,0.624412193,0.695926744,0.787035066,0.548310434
08/02/2021 10:00,0.763512478,0.516086242,0.654786243,0.778939879,0.841403231,0.678700693
08/02/2021 11:00,0.791002032,0.460520628,0.678750626,0.738832824,0.835612452,0.67719533
08/02/2021 12:00,0.831962253,0.471629631,0.713476711,0.846839936,0.899381251,0.606351593
08/02/2021 13:00,0.85441864,0.577550231,0.730337392,0.816532987,0.923832463,0.74213533
08/02/2021 14:00,0.83544357,0.564754415,0.691599066,0.792783594,0.903224451,0.881711443
08/02/2021 15:00,0.85651209,0.579238278,0.734724768,0.818915534,0.92629641,0.750592984
08/02/2021 16:00,0.845582227,0.565199885,0.718421185,0.800878129,0.81289713,0.73913637
08/02/2021 17:00,0.909134161,0.614129195,0.779332441,0.868825578,0.982725997,0.725649946
08/02/2021 18:00,1.13288795,0.765764693,0.965374974,1.082960788,1.224330678,0.992514744
08/02/2021 19:00,1.328762082,0.845837709,1.139535873,1.270043885,1.473359462,1.146123458
08/02/2021 20:00,1.282400368,0.976682124,1.180786743,1.51875,1.51875,1.25091359
08/02/2021 21:00,1.358203361,0.916772913,1.16382518,1.297161791,1.46709028,1.188971331
08/02/2021 22:00,1.144641484,0.773516038,0.981677818,1.104181342,1.237461071,1.003487533
08/02/2021 23:00,0.863790129,0.583710544,0.740794657,0.82549996,0.933837382,0.726743336
09/02/2021 00:00,0.651524691,0.44037634,0.558662985,0.623108315,0.816273994,0.570697545
09/02/2021 01:00,0.617283879,0.360236301,0.458442619,0.46334742,0.57790645,0.468991521
09/02/2021 02:00,0.45781667,0.309636541,0.392623917,0.485120499,0.494925759,0.386472928
09/02/2021 03:00,0.428284712,0.297,0.319671062,0.409286144,0.459482216,0.375257097
09/02/2021 04:00,0.413034492,0.297,0.369080088,0.557741422,0.428349688,0.361849619
09/02/2021 05:00,0.542965756,0.372236092,0.538876065,0.452235331,0.511578659,0.414580687
09/02/2021 06:00,0.69155829,0.450715793,0.716955334,0.656459545,0.747623548,0.605845036
09/02/2021 07:00,0.844954226,0.571541567,0.724732901,0.807727128,0.913430762,0.710206901
09/02/2021 08:00,0.739871809,0.697323486,0.592321275,0.707243651,0.80019742,0.648377975
09/02/2021 09:00,0.728113256,0.492170626,0.624411916,0.695966063,0.787120802,0.637987465
09/02/2021 10:00,0.764839337,0.516057768,0.604831043,0.729783606,0.875838261,0.669012902
09/02/2021 11:00,0.772949008,0.522479903,0.796772635,0.738607591,0.835601258,0.677073924
09/02/2021 12:00,0.688746345,0.562355329,0.713473009,0.760772961,0.863356049,0.728811843
09/02/2021 13:00,0.879859438,0.577539773,0.947499433,0.816574182,0.924256512,0.748511765
09/02/2021 14:00,0.852526259,0.57752816,0.716330444,0.767037959,0.903216747,0.716072168
09/02/2021 15:00,0.844881793,0.579198978,0.887455667,0.818904759,0.926187565,0.683079099
09/02/2021 16:00,0.837842829,0.566343224,0.730915739,0.800857396,0.905766609,0.743650586
09/02/2021 17:00,0.908656337,0.619307393,0.779252034,0.868542286,0.982316505,0.791235525
09/02/2021 18:00,1.132868286,0.768824388,0.971495856,1.286008475,1.224710803,0.966529396
09/02/2021 19:00,1.328761395,0.898180148,1.172028035,1.217229662,1.436346904,1.164008834
09/02/2021 20:00,1.433796865,1.120937047,1.229557349,1.370490656,1.550007616,1.048327252
09/02/2021 21:00,1.357397726,0.91725512,1.163810411,1.192150595,1.51875,1.18891842
09/02/2021 22:00,1.144625799,0.773801796,0.984404172,1.094598141,1.235516684,1.003115561
09/02/2021 23:00,0.877582556,0.587481924,0.646054471,0.825656319,0.933797767,0.756720086
10/02/2021 00:00,0.651129535,0.439913733,0.564618759,0.622655378,0.780348331,0.707723418
10/02/2021 01:00,0.526980362,0.362679505,0.458442882,0.510975269,0.597951139,0.526635974
10/02/2021 02:00,0.457857923,0.297,0.381288377,0.436942165,0.494951427,0.364602226
10/02/2021 03:00,0.428365216,0.297,0.366878099,0.336067359,0.463088121,0.375403629
10/02/2021 04:00,0.444142353,0.297,0.354205016,0.357808428,0.446502888,0.361841549
10/02/2021 05:00,0.525689205,0.319863265,0.405796953,0.452122624,0.479867726,0.414576865
10/02/2021 06:00,0.574163289,0.467431552,0.593018679,0.660993126,0.747573792,0.605889321
10/02/2021 07:00,0.844918237,0.571076223,0.707247446,0.807629742,0.784632716,0.739788045
10/02/2021 08:00,0.739925268,0.500164482,0.624106299,0.746208,0.800029164,0.887227875
10/02/2021 09:00,0.728101971,0.492158638,0.806749894,0.695952003,0.795303288,0.637937952
10/02/2021 10:00,0.763642058,0.516892743,0.654500236,0.681251097,0.825394181,0.668906523
10/02/2021 11:00,0.56062245,0.390405823,0.642270637,0.738815658,0.835505089,0.915113474
10/02/2021 12:00,0.831957455,0.569665454,0.715028474,0.912040069,0.899383214,0.728884983
10/02/2021 13:00,0.852467346,0.575417278,0.731627725,0.789250901,0.933219182,0.742721089
10/02/2021 14:00,0.835499621,0.564747305,0.716548232,0.798607867,0.90320945,0.832264392
10/02/2021 15:00,0.864955649,0.637700992,0.734748686,0.785162615,0.926171849,0.750748612
10/02/2021 16:00,0.838083667,0.566342234,0.714923389,0.800859379,0.905544031,0.734041358
10/02/2021 17:00,0.908673499,0.614216538,0.779253588,0.915547642,1.103796333,0.869012757
10/02/2021 18:00,1.132900992,0.764211541,1.058077067,1.041951205,1.177557544,0.992723344
10/02/2021 19:00,1.328749453,1.021741338,1.207948728,1.176372828,1.436453254,1.164076497
10/02/2021 20:00,1.51875,0.969160674,1.229658606,1.370503176,1.51875,1.329834933
10/02/2021 21:00,1.399441891,0.919032992,1.163818584,1.33915845,1.466887063,1.191304823
10/02/2021 22:00,1.144640902,0.741742309,0.971080992,1.115845108,1.210356092,0.976888128
10/02/2021 23:00,0.863635947,0.784520992,0.863870737,0.825679943,0.953577082,0.756657655
11/02/2021 00:00,0.646049349,0.440299358,0.558644888,0.622841165,0.698651403,0.5870653
11/02/2021 01:00,0.566689799,0.361360556,0.45885357,0.593409075,0.577970793,0.465193635
11/02/2021 02:00,0.457942262,0.309483045,0.387277502,0.437645691,0.503881107,0.401090524
11/02/2021 03:00,0.32756295,0.297,0.367359876,0.40938605,0.463102863,0.375728677
11/02/2021 04:00,0.413016397,0.439383976,0.354204812,0.394787684,0.446492161,0.361810189
11/02/2021 05:00,0.473214735,0.318317362,0.485375657,0.45231946,0.516650021,0.540118976
11/02/2021 06:00,0.691501915,0.467401567,0.593007217,0.66066144,0.74767492,0.607969758
11/02/2021 07:00,0.844955616,0.571088086,0.724600796,0.862387373,0.913387433,0.740242267
11/02/2021 08:00,0.790613442,0.495925081,0.636683219,0.707319328,0.799879533,0.724101119
11/02/2021 09:00,0.72810324,0.492159404,0.625863551,0.782320174,0.706994163,0.550390405
11/02/2021 10:00,0.763058422,0.516090376,0.654759919,0.729810212,0.825445874,0.668315026
11/02/2021 11:00,0.772930876,0.533206548,0.665035995,0.738825666,0.843585068,0.677168367
11/02/2021 12:00,0.831993503,0.696255928,0.71347339,0.795199447,0.89938991,0.728860112
11/02/2021 13:00,0.900331124,0.57744434,0.732702705,0.816364133,0.924008851,0.748513589
11/02/2021 14:00,0.848957418,0.564739826,0.678980389,0.798611877,0.903217521,0.73197016
11/02/2021 15:00,0.851521955,0.57914511,0.786340912,0.865915539,0.926182138,0.750588096
11/02/2021 16:00,0.837845913,0.448280391,0.718556353,0.800866456,0.921209024,0.727334326
11/02/2021 17:00,0.792720736,0.832483233,0.692951374,0.868541448,0.981799451,0.796079585
11/02/2021 18:00,1.13285083,0.765771879,0.971534067,1.082865072,1.224714679,0.992438125
11/02/2021 19:00,1.328740603,0.991761705,1.139539625,1.393886565,1.409921541,1.164026471
11/02/2021 20:00,1.433796707,0.969180144,1.076139607,1.370493759,1.51875,1.136955525
11/02/2021 21:00,1.357328623,0.891162642,1.163817834,1.29717741,1.467619729,1.147538532
11/02/2021 22:00,1.144682161,0.7737433,0.974704933,1.094133211,1.237465213,1.002748931
11/02/2021 23:00,0.863825806,0.583918314,0.740797363,0.823031373,0.933844092,0.7568806
12/02/2021 00:00,0.589353856,0.44031247,0.558633875,0.614261455,0.72241007,0.556473392
12/02/2021 01:00,0.558892549,0.307949067,0.459024336,0.511427898,0.546336817,0.468333829
12/02/2021 02:00,0.457343795,0.297,0.39259157,0.44599256,0.495482149,0.362170986
12/02/2021 03:00,0.428256517,0.297,0.367261285,0.409870547,0.462527119,0.375252927
12/02/2021 04:00,0.519106632,0.297,0.354199809,0.394768093,0.448049985,0.361776431
12/02/2021 05:00,0.473256991,0.297,0.40579453,0.452322742,0.511569133,0.414581362
12/02/2021 06:00,0.640057591,0.483585247,0.454160345,0.660991319,0.90775701,0.605853729
12/02/2021 07:00,0.812328251,0.58933955,0.723836616,0.64152125,0.913428427,0.740150948
12/02/2021 08:00,0.640465659,0.490130734,0.634550675,0.709408696,0.960081458,0.648234503
12/02/2021 09:00,0.72823378,0.483843446,0.624390894,0.696798071,0.78709571,0.637879125
12/02/2021 10:00,0.76353421,0.516159736,0.64317081,0.729789139,0.730559441,0.668861711
12/02/2021 11:00,0.772961843,0.522459469,0.613713662,0.738829141,0.839488967,0.677184075
12/02/2021 12:00,0.893786116,0.567575792,0.713475615,0.795243227,0.899390957,0.729191532
12/02/2021 13:00,0.887192988,0.59029168,0.73268469,0.945915135,0.985321729,0.748520381
12/02/2021 14:00,0.835511287,0.547697656,0.765638474,0.798620725,0.902564017,0.731979212
12/02/2021 15:00,0.86290605,0.579114354,0.734733049,0.78830032,0.98801349,0.750589296
12/02/2021 16:00,0.8342502,0.566346768,0.719114615,0.800669684,0.905788751,0.734020511
12/02/2021 17:00,0.952143791,0.614221004,0.779246243,0.926294916,0.982312877,0.796288646
12/02/2021 18:00,1.132876728,0.765768711,0.971576073,1.042278535,1.225055433,0.992514066
12/02/2021 19:00,1.3287985,0.898176407,1.139527197,1.270707779,1.4364528,1.164130147
12/02/2021 20:00,1.434164036,0.969152922,1.187369011,1.370461736,1.51875,1.256137302
12/02/2021 21:00,1.359929225,0.917656506,1.163838304,1.361259402,1.344682901,1.148043746
12/02/2021 22:00,1.144673962,0.773743505,0.984045142,1.094147942,1.266882257,1.002814333
12/02/2021 23:00,0.863823678,0.747656642,0.740834206,0.76764597,0.928425834,0.756797765
13/02/2021 00:00,0.651328956,0.437211151,0.558618669,0.622537964,0.706031566,0.825134097
13/02/2021 01:00,0.715721732,0.361036273,0.458430463,0.510959007,0.577819536,0.468315499
13/02/2021 02:00,0.457695105,0.312390405,0.392526134,0.437491132,0.494801694,0.420134346
13/02/2021 03:00,0.576839554,0.297,0.567308871,0.409243462,0.462842361,0.409665048
13/02/2021 04:00,0.413015616,0.297,0.370427799,0.488674124,0.446558641,0.361827351
13/02/2021 05:00,0.509206331,0.319827821,0.420459839,0.452259827,0.511514945,0.414518676
13/02/2021 06:00,0.691301964,0.467300697,0.625322299,0.661017864,0.747818781,0.605674447
13/02/2021 07:00,0.83449754,0.63403485,0.772430873,0.663389572,0.912854118,0.739947311
13/02/2021 08:00,0.739066742,0.499586012,0.633687723,0.706529934,0.805031136,0.647381271
13/02/2021 09:00,0.726098386,0.48998213,0.513287319,0.694232913,0.782830256,0.636083841
13/02/2021 10:00,0.752814159,0.505899613,0.645939656,0.949924162,0.814344366,0.65987483
13/02/2021 11:00,0.761829641,0.51489043,0.653332232,0.763638591,0.823598269,0.661728839
13/02/2021 12:00,0.822312261,0.554359273,0.703280849,0.797139209,0.886623011,0.722163259
13/02/2021 13:00,0.846708321,0.568969818,0.721905838,0.804605082,0.910008577,0.737354931
13/02/2021 14:00,0.861248553,0.548018486,0.703680975,0.691214694,0.888802899,0.765385088
13/02/2021 15:00,0.842694403,0.560645587,0.722174105,0.805736726,0.910951128,0.738266606
13/02/2021 16:00,0.823044704,0.556129509,0.705838836,0.647990738,0.889753762,0.721678835
13/02/2021 17:00,0.70846569,0.527695019,0.766011711,0.853684082,0.965494217,0.782375949
13/02/2021 18:00,1.275825416,0.750777621,0.953067211,1.062192107,1.201358325,0.973558971
13/02/2021 19:00,1.306080606,0.8828404,1.120415692,1.248431849,1.411940908,1.206088737
13/02/2021 20:00,1.44,0.953463141,1.209700867,1.348327062,1.44,1.235796071
13/02/2021 21:00,1.334607576,0.90152556,1.17636129,1.27484598,1.441873148,1.168435036
13/02/2021 22:00,1.121278309,0.758059826,0.96158494,1.025452551,1.213100279,1.022405314
13/02/2021 23:00,0.895401596,0.541533033,0.720745111,0.803330809,0.909558308,0.735960135
14/02/2021 00:00,0.607940317,0.42918167,0.538642135,0.600288795,0.678938049,0.600576309
14/02/2021 01:00,0.561883522,0.345595671,0.522604934,0.488608767,0.587805909,0.462329108
14/02/2021 02:00,0.43432503,0.297,0.372448001,0.41514638,0.476068478,0.38051165
14/02/2021 03:00,0.404926876,0.300145986,0.34038389,0.387018641,0.437695242,0.354977018
14/02/2021 04:00,0.392661865,0.297,0.334702273,0.48785675,0.324964042,0.297
14/02/2021 05:00,0.333958059,0.305072454,0.421984831,0.431417215,0.487898223,0.395394534
14/02/2021 06:00,0.670953011,0.453484219,0.575246688,0.790030783,0.725418173,0.587803825
14/02/2021 07:00,0.815070039,0.710261616,0.708550468,0.756361913,0.893446762,0.723928857
14/02/2021 08:00,0.722199946,0.404685796,0.771611785,0.681596869,0.745111248,0.632710545
14/02/2021 09:00,0.762967476,0.480837557,0.610046778,0.679946071,0.738260976,0.623209971
14/02/2021 10:00,0.747712503,0.505638306,0.641306708,0.71496342,0.808304495,0.598000872
14/02/2021 11:00,0.758094775,0.512414724,0.650111228,0.728822525,0.878739849,0.664156269
14/02/2021 12:00,0.81798605,0.55223467,0.702004598,0.783208398,0.812731467,0.717236056
14/02/2021 13:00,0.841319843,0.568686695,0.720727552,0.691755415,0.963084174,0.674980496
14/02/2021 14:00,0.641182404,0.61095786,0.706099434,0.787303147,0.890081386,0.720881887
14/02/2021 15:00,0.845526305,0.571497018,0.723699334,0.808192691,0.944885535,0.739368039
14/02/2021 16:00,0.842649775,0.560000667,0.709794359,0.791083308,0.894744441,0.725107183
14/02/2021 17:00,0.906127185,0.613918783,0.777063817,0.865219584,0.97933314,0.793794425
14/02/2021 18:00,1.203126648,0.765002352,0.969962362,1.316761676,1.171094091,0.990879588
14/02/2021 19:00,1.354705862,0.897346553,1.302202629,1.391241036,1.426967482,1.164872785
14/02/2021 20:00,1.432987138,0.968673951,1.21954483,1.343131522,1.44,1.44
14/02/2021 21:00,1.350241721,0.91694144,1.128337823,1.296751255,1.466507973,1.188546276
14/02/2021 22:00,1.144394021,0.773593453,0.981976031,1.093937405,1.237226294,1.019467501
14/02/2021 23:00,0.857354975,0.58382234,0.740929237,0.740874072,0.93373503,0.756721413
15/02/2021 00:00,0.65706652,0.440766773,0.5462766,0.622948079,0.704213358,0.492025637
15/02/2021 01:00,0.643003639,0.361353357,0.458516428,0.416148294,0.575258149,0.468108278
15/02/2021 02:00,0.297,0.309740221,0.59267657,0.437531398,0.498195327,0.41181428
15/02/2021 03:00,0.495730547,0.302884245,0.36719609,0.409215139,0.439527552,0.37512231
15/02/2021 04:00,0.413088825,0.297,0.354218436,0.39479514,0.446520228,0.361866541
15/02/2021 05:00,0.558943461,0.297,0.406441132,0.461195929,0.512602547,0.414609371
15/02/2021 06:00,0.673949221,0.467448758,0.593049602,0.661004304,0.642789071,0.591584439
15/02/2021 07:00,0.844944258,0.571123166,0.724568804,0.811773307,0.913418707,0.740248238
15/02/2021 08:00,0.739915717,0.500144638,0.634547281,0.707287711,0.633933582,0.653328242
15/02/2021 09:00,0.731004377,0.49216475,0.624632204,0.69826322,0.716486497,0.637893813
15/02/2021 10:00,0.763523998,0.632914414,0.623537957,0.729805598,0.825389875,0.648435232
15/02/2021 11:00,0.772922366,0.587563499,0.687198641,0.738843892,0.791105251,0.856101678
15/02/2021 12:00,0.831980595,0.535452121,0.728601845,0.795233212,0.920007645,0.728878944
15/02/2021 13:00,0.804825038,0.5479898,0.775261534,0.816651396,0.982553293,0.74798301
15/02/2021 14:00,0.836950012,0.564727091,0.716461808,0.798630024,0.903223852,0.732035591
15/02/2021 15:00,0.835718171,0.579241288,0.734725809,0.818910221,0.635850456,0.751589625
15/02/2021 16:00,0.837859637,0.436870744,0.718658413,0.839198543,0.905810114,0.56244698
15/02/2021 17:00,0.919398848,0.613286726,0.779260197,0.876023239,0.98231824,0.796112405
15/02/2021 18:00,1.130631829,0.72495408,0.987692635,1.082862731,1.212868215,0.977360682
15/02/2021 19:00,1.328768763,0.846826951,1.142363794,1.15411613,1.43635759,1.164135354
15/02/2021 20:00,1.51875,0.969161083,1.130590797,1.370491441,1.51875,1.2561101
15/02/2021 21:00,1.35708258,0.92755551,1.163832498,1.297171379,1.467441247,1.188946988
15/02/2021 22:00,1.089547092,0.768911564,0.831589133,1.094123083,1.23746405,1.002850669
15/02/2021 23:00,0.871416872,0.584062861,0.740895495,0.825720969,1.027910746,0.756751209
16/02/2021 00:00,0.651418092,0.440395742,0.560651513,0.638920575,0.70421093,0.651787873
16/02/2021 01:00,0.562724708,0.361342174,0.458644668,0.510966156,0.493115128,0.468290852
16/02/2021 02:00,0.458741199,0.297,0.560944113,0.436082503,0.4949261,0.401102474
16/02/2021 03:00,0.351360907,0.297,0.367227692,0.409466535,0.462885582,0.478715508
16/02/2021 04:00,0.375287927,0.297,0.423599572,0.39479353,0.446534047,0.3455127
16/02/2021 05:00,0.326308103,0.319864371,0.402845918,0.452353746,0.51381938,0.414579839
16/02/2021 06:00,0.667621444,0.478168856,0.59295723,0.781973519,0.747489646,0.605806041
16/02/2021 07:00,0.844933445,0.573287391,0.837819164,0.987817228,0.913272448,0.740039055
16/02/2021 08:00,0.739905022,0.489562241,0.588517071,0.707458832,0.797863765,0.648232577
16/02/2021 09:00,0.753687814,0.446237453,0.607868184,0.696321254,0.743588073,0.567245305
16/02/2021 10:00,0.763495305,0.518448503,0.649302993,0.729804442,0.825446876,0.66958294
16/02/2021 11:00,0.77320855,0.522473712,0.616816475,0.74128256,0.835597909,0.804467544
16/02/2021 12:00,0.83193104,0.55055212,0.611488977,0.831368943,0.89994733,0.728804819
16/02/2021 13:00,0.854352293,0.664876834,0.732772808,0.790060001,0.923675728,0.725829088
16/02/2021 14:00,0.851364435,0.56474364,0.716516655,0.798175071,0.903207753,0.732084712
16/02/2021 15:00,0.85673333,0.576241835,0.734724827,0.818953176,0.90515413,0.701027061
16/02/2021 16:00,0.837849877,0.641672545,0.716595704,0.683507322,0.90576592,0.614019382
16/02/2021 17:00,0.908654837,0.614203219,0.779273657,0.868009987,0.982270589,0.91191633
16/02/2021 18:00,1.132805604,0.76676273,0.973436789,1.082842328,1.154092923,0.991837171
16/02/2021 19:00,1.328760339,0.898139299,1.220288739,1.270103407,1.345734789,1.164399387
16/02/2021 20:00,1.464177486,0.968815925,1.229577153,1.37054112,1.51875,1.272763002
16/02/2021 21:00,1.304008931,0.917305426,1.110424336,1.229634482,1.467091071,1.189353114
16/02/2021 22:00,1.144625301,0.773732467,0.982014147,1.094097886,1.237462495,0.984958683
16/02/2021 23:00,0.863981403,0.583907756,0.740795606,0.891736911,0.991399248,0.756799514
17/02/2021 00:00,0.651447184,0.440317979,0.576191324,0.622643614,0.891444683,0.570693009
17/02/2021 01:00,0.534571868,0.361341984,0.458431793,0.514269294,0.577905818,0.45468194
17/02/2021 02:00,0.457939893,0.309493974,0.418864615,0.438011423,0.494987856,0.401156858
17/02/2021 03:00,0.428353676,0.297,0.367357691,0.408606741,0.463085457,0.426139012
17/02/2021 04:00,0.394666846,0.297,0.354205032,0.322796084,0.601753127,0.361861307
17/02/2021 05:00,0.473208291,0.322771392,0.4151533,0.394272717,0.329393644,0.382272247
17/02/2021 06:00,0.69142017,0.467398216,0.593096413,0.660994,0.748994285,0.605842229
17/02/2021 07:00,0.844943279,0.57113569,0.724639148,0.807621812,0.91355734,0.732854953
17/02/2021 08:00,0.73979225,0.339562077,0.633626146,0.707165021,0.799875824,0.648230552
17/02/2021 09:00,0.700113674,0.486996042,0.58576968,0.695961764,0.787101491,0.637915029
17/02/2021 10:00,0.757017166,0.5160888,0.6547686,0.761418093,0.825798815,0.595004259
17/02/2021 11:00,0.769541975,0.522469606,0.662991479,0.738823425,0.835592647,0.677165279
17/02/2021 12:00,0.832031695,0.648964045,0.721886669,0.795508485,0.899384719,0.72888241
17/02/2021 13:00,0.855456762,0.577506116,0.732657206,0.868252547,0.923577621,0.949121066
17/02/2021 14:00,0.843089639,0.56499255,0.716116209,0.798600723,0.903211904,0.842822986
17/02/2021 15:00,0.85642464,0.579104744,0.734567215,0.818897405,0.926190999,0.750572676
17/02/2021 16:00,0.849616743,0.566348464,0.717285877,0.677863728,0.906423283,0.7341231
17/02/2021 17:00,0.858614733,0.614416168,0.779252303,0.948100303,0.973356447,0.796072724
17/02/2021 18:00,1.136255969,0.76580608,0.971542652,1.082857707,1.224813813,0.99250654
17/02/2021 19:00,1.328760025,0.898747947,1.139155172,1.269768322,1.432230724,1.130327776
17/02/2021 20:00,1.433766358,0.969507823,1.220249198,1.370492231,1.51875,1.256594542
17/02/2021 21:00,1.354416258,0.917371076,1.163818092,1.51875,1.467452329,1.189036247
17/02/2021 22:00,1.144660931,0.773193751,1.054597779,1.114360156,1.366222667,1.005448619
17/02/2021 23:00,0.864237014,0.583892614,0.746052691,0.82589748,0.934433205,0.756857143
18/02/2021 00:00,0.500393372,0.440388976,0.589843056,0.636410935,0.704197371,0.570688846
18/02/2021 01:00,0.534594834,0.391390419,0.458351363,0.510934171,0.578203614,0.44423683
18/02/2021 02:00,0.457839735,0.309562744,0.392726535,0.437667895,0.564016169,0.401174142
18/02/2021 03:00,0.428376828,0.297,0.297,0.409455242,0.463026787,0.375299219
18/02/2021 04:00,0.297,0.297,0.354710447,0.3947989,0.462607379,0.31105583
18/02/2021 05:00,0.473207188,0.34666538,0.405809231,0.452317526,0.511575768,0.414570108
18/02/2021 06:00,0.568989672,0.46743682,0.593031382,0.605497677,0.747568002,0.605719472
18/02/2021 07:00,0.844877733,0.571119863,0.639812676,0.808641524,0.913406308,0.748406948
18/02/2021 08:00,0.739897645,0.499710211,0.607936948,0.577091158,0.801527661,0.648189267
18/02/2021 09:00,0.728080225,0.503273516,0.628026026,0.696025177,0.835672926,0.626878602
18/02/2021 10:00,0.763379092,0.516052961,0.654775178,0.765945756,0.756191928,0.668909196
18/02/2021 11:00,0.772948736,0.522457413,0.621530377,0.738799763,0.835708716,0.67722698
18/02/2021 12:00,0.831952752,0.575134067,0.750490361,0.795226244,0.899383941,0.728871353
18/02/2021 13:00,0.854370336,0.578025993,0.704415033,0.775182597,0.923341182,0.748515269
18/02/2021 14:00,0.835614638,0.564750004,0.716967825,0.824528875,0.902084806,0.731976003
18/02/2021 15:00,0.856734384,0.526902086,0.734726132,0.818883026,0.923426662,0.780004535
18/02/2021 16:00,0.910712965,0.566336618,0.718525156,0.697626376,0.905760809,0.702349852
18/02/2021 17:00,0.90864954,0.601289882,0.698431993,0.868530935,0.982334673,0.796113148
18/02/2021 18:00,1.132907121,0.766343659,0.97109906,1.119882728,1.22470418,0.983213134
18/02/2021 19:00,1.328762774,0.89816312,1.13956456,1.270094319,1.436837317,1.090125174
18/02/2021 20:00,1.433960895,0.9668423,1.229610923,1.368174143,1.51875,1.256107174
18/02/2021 21:00,1.397546961,0.915763307,1.163909981,1.358875516,1.467095247,1.229309404
18/02/2021 22:00,1.147154192,0.773752392,1.09191861,0.971409505,1.224538881,1.002883425
18/02/2021 23:00,0.857427091,0.583870513,0.741850943,0.834343218,0.933835983,0.825599891
19/02/2021 00:00,0.651254527,0.370717769,0.558599555,0.671083384,0.705423253,0.570697868
19/02/2021 01:00,0.534524725,0.361401906,0.458673959,0.554670449,0.64647943,0.468792492
19/02/2021 02:00,0.483865988,0.309436185,0.392593314,0.437547683,0.494900396,0.528817471
19/02/2021 03:00,0.428282324,0.297,0.299756637,0.409343539,0.462952747,0.375198413
19/02/2021 04:00,0.413027594,0.297,0.297,0.33283637,0.443877813,0.361860881
19/02/2021 05:00,0.48271292,0.320313803,0.407236405,0.53531464,0.511607907,0.414598022
19/02/2021 06:00,0.692467489,0.467435441,0.572803639,0.660991328,0.821404278,0.605840208
19/02/2021 07:00,1.026958897,0.570432359,0.724609798,0.80823752,0.849360494,0.740247186
19/02/2021 08:00,0.62781033,0.500385482,0.634499562,0.820904389,0.808747344,0.648824556
19/02/2021 09:00,0.7281097,0.492159672,0.62441705,0.682655846,0.693390341,0.632423165
19/02/2021 10:00,0.762652304,0.521126012,0.675219363,0.752917211,0.958387867,0.671896563
19/02/2021 11:00,0.778735652,0.503354798,0.662875693,0.7388298,0.835594004,0.599110181
19/02/2021 12:00,0.831955434,0.565590256,0.713475846,0.79526407,0.899748193,0.728876686
19/02/2021 13:00,0.854391775,0.577500498,0.732711396,0.816649954,0.92417366,0.748522422
19/02/2021 14:00,0.835623253,0.564750569,0.615544461,0.761082721,0.874537981,0.580835113
19/02/2021 15:00,0.856755552,0.579119376,0.810416109,0.818890701,0.926156589,0.724519858
19/02/2021 16:00,0.876967791,0.566097093,0.719172972,0.88025038,0.905759681,0.713582834
19/02/2021 17:00,0.908662358,0.74877009,0.788865449,0.868549509,0.835409225,0.796129601
19/02/2021 18:00,1.132879612,0.767549688,0.971464881,1.082868336,1.224703689,0.992497107
19/02/2021 19:00,1.32762018,1.00711721,1.139656986,1.270132156,1.436508636,1.164212482
19/02/2021 20:00,1.433785477,0.969196228,1.22960915,1.370598603,1.51875,1.371814915
19/02/2021 21:00,1.402485759,1.023315159,1.163562087,1.297183933,1.51640057,1.188945262
19/02/2021 22:00,1.026614871,0.900297656,0.879462939,1.093418948,1.196470315,1.002847875
19/02/2021 23:00,0.863824998,0.583991056,0.724879455,0.825678296,0.923972878,0.756798485
20/02/2021 00:00,0.638118984,0.442747598,0.552590416,0.638875616,0.70502398,0.570643471
20/02/2021 01:00,0.535083703,0.361264017,0.458431772,0.472088431,0.577749683,0.467387476
20/02/2021 02:00,0.457711842,0.309317584,0.392511608,0.455062797,0.494739256,0.376996196
20/02/2021 03:00,0.405750006,0.297,0.367216081,0.409243818,0.495760564,0.375059828
20/02/2021 04:00,0.412999483,0.297,0.354121278,0.394718023,0.446481378,0.362156257
20/02/2021 05:00,0.473199197,0.319813238,0.40575558,0.47206781,0.511464978,0.414592081
20/02/2021 06:00,0.682968382,0.467607032,0.592864047,0.661063452,0.747439319,0.605683139
20/02/2021 07:00,0.844449792,0.569758769,0.84584231,0.810866595,0.912889454,0.739837417
20/02/2021 08:00,0.738900185,0.561220044,0.633641097,0.705140406,0.798790469,0.647347004
20/02/2021 09:00,0.726317153,0.491027777,0.571680717,0.620139172,0.785214464,0.696086482
20/02/2021 10:00,0.753214617,0.505240096,0.646481858,0.718973966,0.814255002,0.659861572
20/02/2021 11:00,0.757603118,0.582099173,0.652659788,0.728202281,0.823573935,0.667784554
20/02/2021 12:00,0.820567712,0.604858427,0.616883805,0.784279118,0.886552378,0.719725854
20/02/2021 13:00,0.86715689,0.569738058,0.721907144,0.823850573,0.90999117,0.737469172
20/02/2021 14:00,0.789676878,0.550387523,0.826728168,0.850906362,1.003776045,0.715211045
20/02/2021 15:00,0.848655483,0.57002902,0.721106408,0.806722874,0.91097459,0.738264825
20/02/2021 16:00,0.792182222,0.558487329,0.705807493,0.764514379,0.889764584,0.721075041
20/02/2021 17:00,0.89310248,0.603953287,0.765917984,0.853740474,0.965484841,0.916999226
20/02/2021 18:00,1.064953464,0.751022779,0.952986809,1.032391222,1.201346523,0.97359976
20/02/2021 19:00,1.306088843,1.043167846,1.120162514,1.382674558,1.411907457,1.144838785
20/02/2021 20:00,1.410554769,0.917855838,1.206512102,1.349385717,1.44,1.235836102
20/02/2021 21:00,1.317827604,0.901538466,1.153668055,1.274827081,1.441827032,1.168477654
20/02/2021 22:00,1.140444655,0.756773676,0.959613488,1.071758944,1.211880475,1.077047969
20/02/2021 23:00,0.840133099,0.568019346,0.711301596,0.80334671,0.908107983,0.73629536
21/02/2021 00:00,0.637893222,0.424499026,0.53857783,0.600449267,0.654354293,0.554348979
21/02/2021 01:00,0.511350783,0.354339999,0.438338382,0.440677079,0.552604727,0.447838807
21/02/2021 02:00,0.362329586,0.297,0.372473344,0.415156208,0.471506066,0.380144474
21/02/2021 03:00,0.404917296,0.297,0.318874794,0.387030492,0.43773048,0.354741671
21/02/2021 04:00,0.390240256,0.297,0.334880565,0.479109888,0.42189204,0.341906191
21/02/2021 05:00,0.451434341,0.559512185,0.387494873,0.373025309,0.487586953,0.395384542
21/02/2021 06:00,0.670930521,0.453512115,0.575403759,0.613475131,0.870056743,0.615975243
21/02/2021 07:00,0.826228413,0.73108421,0.709487525,0.789720289,0.893130215,0.723824291
21/02/2021 08:00,0.570794221,0.488179193,0.645192331,0.699915156,0.769161355,0.632700469
21/02/2021 09:00,0.711844594,0.434499572,0.608898104,0.591884149,0.769012009,0.620907805
21/02/2021 10:00,0.747705589,0.505523562,0.642442144,0.931848394,0.808296926,0.655041448
21/02/2021 11:00,0.758735397,0.508548495,0.650072063,0.764968025,0.819506111,0.664141296
21/02/2021 12:00,0.818011095,0.562241407,0.70009626,0.781502626,0.849194781,0.716629943
21/02/2021 13:00,0.841448392,0.568683107,0.72150598,0.804180482,0.909505372,0.78051389
21/02/2021 14:00,0.824512695,0.557037461,0.707782336,0.688940782,1.054667815,0.721283448
21/02/2021 15:00,0.990245036,0.571557116,0.725233268,0.769960111,0.913381094,0.892927377
21/02/2021 16:00,0.828106856,0.559421743,0.709750616,0.644170492,0.895049371,0.725060299
21/02/2021 17:00,0.906071214,0.612452955,0.778886106,0.866067426,0.974073217,0.793807189
21/02/2021 18:00,1.13101885,0.760773075,0.917099112,1.081169446,1.240535989,0.990881577
21/02/2021 19:00,1.277638915,0.905129692,1.138805523,1.131172443,1.435416056,1.164135886
21/02/2021 20:00,1.432912706,0.937618986,1.228749025,1.369723148,1.44,1.255402627
21/02/2021 21:00,1.35663254,0.965450204,1.181646877,1.3470274,1.462447383,1.129143629
21/02/2021 22:00,1.135033456,0.773690203,1.074525425,1.093929415,1.237234069,1.002664226
21/02/2021 23:00,0.86375121,0.584142566,0.740656783,0.825630477,0.813298144,0.756739763
22/02/2021 00:00,0.651410374,0.452891999,0.559164667,0.6226539,0.676999897,0.570701137
22/02/2021 01:00,0.482691087,0.361244684,0.491364439,0.402429846,0.579256973,0.36334229
22/02/2021 02:00,0.457732298,0.308876507,0.392592686,0.637672753,0.49483708,0.401036801
22/02/2021 03:00,0.562731178,0.297,0.367179583,0.40926491,0.463153761,0.374995835
22/02/2021 04:00,0.403487829,0.297,0.386584026,0.39478475,0.446494196,0.368911678
22/02/2021 05:00,0.723241827,0.320071231,0.40577883,0.452251889,0.511199667,0.414568552
22/02/2021 06:00,0.69157163,0.46769533,0.587120315,0.614698425,0.747590004,0.605931655
22/02/2021 07:00,0.808989804,0.571103834,0.724614636,0.807641237,0.913423251,0.7408528
22/02/2021 08:00,0.739877358,0.723318025,0.639693345,0.707253823,0.799896211,0.648242212
22/02/2021 09:00,0.728128365,0.492157682,0.624416674,0.696104539,0.787135083,0.637903212
22/02/2021 10:00,0.762501318,0.509702878,0.653694818,0.729844658,0.825407507,0.669462342
22/02/2021 11:00,0.772984679,0.522215115,0.662859349,0.739296901,0.83561273,0.677119312
22/02/2021 12:00,0.831392421,0.643143401,0.715235949,0.718428656,0.844301288,0.728813203
22/02/2021 13:00,0.775366989,0.577502772,0.859809967,0.816610508,0.939742213,0.907625655
22/02/2021 14:00,0.835725711,0.564410811,0.716037653,0.780538934,0.903108444,0.847548507
22/02/2021 15:00,0.696714554,0.579111554,0.913640234,0.81891971,0.926096619,0.73843186
22/02/2021 16:00,0.837991309,0.566379093,0.718897794,0.800873078,0.905774889,0.80119754
22/02/2021 17:00,0.76972454,0.613948628,0.777179249,0.868542211,0.923893017,0.699472395
22/02/2021 18:00,1.315071181,0.765684596,0.870669202,0.993263412,1.263789055,0.988959852
22/02/2021 19:00,1.328768121,0.898698669,1.139533509,1.270125711,1.436297152,1.164146313
22/02/2021 20:00,1.433814253,0.969161893,1.229603979,1.37055327,1.51875,1.294167454
22/02/2021 21:00,1.357079362,0.917318743,1.169205572,1.296690296,1.467230478,1.191854229
22/02/2021 22:00,1.144674111,0.773738741,0.971633713,1.094131502,1.230814609,1.002867222
22/02/2021 23:00,0.864255327,0.550287555,0.740795692,0.825684973,0.933920734,0.756789669
23/02/2021 00:00,0.555258357,0.440310221,0.558881582,0.623227432,0.704208443,0.569711725
23/02/2021 01:00,0.534557248,0.36137769,0.458442244,0.511026811,0.577857001,0.46811504
23/02/2021 02:00,0.457837443,0.34982519,0.392761261,0.437513416,0.498885282,0.331898893
23/02/2021 03:00,0.428309892,0.297,0.367309512,0.409392787,0.463015578,0.375593352
23/02/2021 04:00,0.41302027,0.297,0.354195484,0.394717827,0.446608985,0.310651076
23/02/2021 05:00,0.403617395,0.319858661,0.405818473,0.413088255,0.461525486,0.412110276
23/02/2021 06:00,0.69152191,0.488607783,0.593007516,0.660997063,0.747571556,0.605833563
23/02/2021 07:00,0.844937767,0.555225738,0.724380557,0.763108105,0.913284447,0.713471282
23/02/2021 08:00,0.739904901,0.50013835,0.634521686,0.696669956,0.799883469,0.648225749
23/02/2021 09:00,0.714058933,0.492163788,0.624419543,0.695957403,0.84242276,0.633033485
23/02/2021 10:00,0.796787065,0.516093271,0.630608357,0.735250119,0.824629732,0.761964616
23/02/2021 11:00,0.772956683,0.522477264,0.610284933,0.69121722,0.835629214,0.677473434
23/02/2021 12:00,0.831957467,0.562362107,0.713484525,0.79522964,0.899381036,0.728893003
23/02/2021 13:00,1.03155915,0.577521835,0.731618862,0.814306215,0.923576008,0.748524781
23/02/2021 14:00,0.838704841,0.564753387,0.716524737,0.798815021,0.903223235,0.718176589
23/02/2021 15:00,0.856741284,0.579110374,0.858300954,0.81886251,0.926184398,0.611297676
23/02/2021 16:00,0.812942866,0.567360416,0.749535763,0.80088448,0.87753656,0.733769134
23/02/2021 17:00,0.908658254,0.614204249,0.779289703,0.868536901,0.982294814,0.769167091
23/02/2021 18:00,1.132865859,0.764917667,0.852879814,1.082858547,1.224715823,0.992501007
23/02/2021 19:00,1.328265529,0.898264762,1.203035027,1.270099017,1.436454311,1.086841091
23/02/2021 20:00,1.464782348,0.969267228,1.236501836,1.47456899,1.51875,1.071499562
23/02/2021 21:00,1.357062028,0.917316785,1.164180944,1.225238224,1.467045497,1.197943834
23/02/2021 22:00,1.146495527,0.773699212,0.987119287,1.094128718,1.23744259,1.006171046
23/02/2021 23:00,0.863800334,0.735754395,0.740786452,0.825578202,0.933832296,0.991055783
24/02/2021 00:00,0.651359391,0.440230196,0.557848378,0.638503207,0.704139715,0.570656925
24/02/2021 01:00,0.533720432,0.361330732,0.458176452,0.510950221,0.577877507,0.469013044
24/02/2021 02:00,0.457836932,0.503053774,0.392114198,0.441643293,0.588864181,0.401114991
24/02/2021 03:00,0.44696027,0.298444468,0.434882925,0.530463621,0.453588966,0.37528295
24/02/2021 04:00,0.413012007,0.312082284,0.354134605,0.447442905,0.444826263,0.36177067
24/02/2021 05:00,0.473535089,0.33968473,0.405809868,0.504678281,0.487057427,0.414491614
24/02/2021 06:00,0.6737718,0.404115312,0.593032028,0.669612855,0.674780669,0.575827603
24/02/2021 07:00,0.84493539,0.570766498,0.724594141,0.807625352,0.913396135,0.74022855
24/02/2021 08:00,0.732947876,0.500324261,0.635871627,0.707249147,0.764257784,0.648173791
24/02/2021 09:00,0.658613776,0.470197771,0.624426509,0.783204703,0.787140001,0.637898863
24/02/2021 10:00,0.763517698,0.519404956,0.654789189,0.729596948,0.82529608,0.65534294
24/02/2021 11:00,0.680106591,0.52160139,0.662935557,0.747308123,0.835917815,0.677236207
24/02/2021 12:00,0.831992959,0.562359339,0.713513588,0.793470456,0.899508873,0.728874339
24/02/2021 13:00,0.854409203,0.636456467,0.732733046,0.81663998,0.923668324,0.649110478
24/02/2021 14:00,0.83554165,0.56347796,0.716540061,0.798719461,0.849485647,0.732046687
24/02/2021 15:00,0.857162333,0.579133496,0.595467153,0.798586349,0.92641746,0.75125029
24/02/2021 16:00,0.837821553,0.465401975,0.718608049,0.80091017,0.905808284,0.734069904
24/02/2021 17:00,0.829832199,0.614233373,0.779275315,0.868572715,0.992018873,0.796291901
24/02/2021 18:00,1.024183193,0.75934385,0.971568763,1.08289166,1.224735094,0.899750911
24/02/2021 19:00,1.32898437,1.093428946,1.047516771,1.270594452,1.404710246,1.164158346
24/02/2021 20:00,1.433820698,0.969191671,1.376601435,1.370532633,1.51875,1.256396063
24/02/2021 21:00,1.35629344,0.917345932,1.163972055,1.285003903,1.467157358,1.189433443
24/02/2021 22:00,1.049620723,0.773847904,0.981699723,1.094215785,1.199738224,1.002895498
24/02/2021 23:00,0.864466996,0.573362464,0.740842295,0.825735114,1.11364436,0.756848359
25/02/2021 00:00,0.651426886,0.442387576,0.558646962,0.624373906,0.704612318,0.568782314
25/02/2021 01:00,0.534605205,0.361356858,0.458457724,0.510930615,0.580402787,0.645405628
25/02/2021 02:00,0.432337197,0.309097219,0.392688194,0.438442356,0.506107609,0.397067938
25/02/2021 03:00,0.428354423,0.297,0.402002079,0.377751284,0.411302676,0.37474465
25/02/2021 04:00,0.3928208,0.297,0.354255424,0.388467072,0.446717059,0.319174328
25/02/2021 05:00,0.473279333,0.323525905,0.396925777,0.402246986,0.511545284,0.364254825
25/02/2021 06:00,0.691593001,0.43185645,0.613319042,0.661036878,0.748392788,0.605891263
25/02/2021 07:00,0.844962209,0.453551063,0.724630395,0.782782894,0.906491568,0.74026937
25/02/2021 08:00,0.739734454,0.501433165,0.634500065,0.70720959,0.842173289,0.62821249
25/02/2021 09:00,0.63712289,0.492084814,0.649207651,0.69586677,0.832395652,0.637786838
25/02/2021 10:00,0.730394492,0.515956502,0.654582743,0.729611215,0.825182158,0.668970424
25/02/2021 11:00,0.772758333,0.522331406,0.662603852,0.738547777,0.834238853,0.677047188
25/02/2021 12:00,0.754784619,0.562631222,0.713160454,0.8445201,0.898975977,0.728559298
25/02/2021 13:00,0.8538358,0.577213259,0.926795772,0.567861129,0.923151591,0.748361696
25/02/2021 14:00,0.749188643,0.564405905,0.716058559,0.797895552,1.026443075,0.759106502
25/02/2021 15:00,0.856178737,0.740504305,0.734204613,0.818447756,1.108769622,0.702065501
25/02/2021 16:00,0.822092689,0.532585731,0.717540001,0.800286748,0.905136895,0.733526449
25/02/2021 17:00,0.908070697,0.561627287,0.778638868,0.907368769,0.981979666,0.795117376
25/02/2021 18:00,1.206599904,0.765298658,0.97095011,1.081588146,1.106619949,1.210199146
25/02/2021 19:00,1.328084667,0.897739542,1.139081233,1.270047906,1.436145147,1.163522755
25/02/2021 20:00,1.433084244,0.968748954,1.27152116,1.447209169,1.51875,1.255632257
25/02/2021 21:00,1.35627736,0.916865684,1.163260336,1.295308019,1.466246291,1.183175491
25/02/2021 22:00,1.136853741,0.663447337,0.974957401,1.26289612,1.229009435,0.995992591
25/02/2021 23:00,0.864635372,0.58446624,0.741575015,0.826492147,0.934466326,0.757524983
26/02/2021 00:00,0.646574037,0.318739477,0.545034909,0.708057447,0.731329358,0.566779694
26/02/2021 01:00,0.540821684,0.384502746,0.466602872,0.511917716,0.58814799,0.459169001
26/02/2021 02:00,0.47121059,0.318489169,0.404119339,0.308909152,0.509416503,0.41343905
26/02/2021 03:00,0.461584138,0.297,0.378840678,0.422266813,0.477863492,0.387010491
26/02/2021 04:00,0.428566745,0.297,0.367918947,0.409324783,0.438885877,0.375171353
26/02/2021 05:00,0.480777408,0.345259299,0.408705329,0.459468915,0.368338126,0.421116569
26/02/2021 06:00,0.660472722,0.445898257,0.566524495,0.629045641,0.628072528,0.577244123
26/02/2021 07:00,0.840153464,0.637596078,0.698939805,0.743499849,0.881171576,0.71424251
26/02/2021 08:00,0.768371683,0.5101992,0.65465886,0.726069145,0.825231655,0.629323875
26/02/2021 09:00,0.731319778,0.491999004,0.673380015,0.798424141,0.78719139,0.638261046
26/02/2021 10:00,0.763341124,0.515985789,0.648151796,0.609627416,0.815792155,0.669947216
26/02/2021 11:00,0.772903214,0.461980896,0.662808143,0.831805417,0.835721543,0.6598817
26/02/2021 12:00,0.77523851,0.400767773,0.677869485,0.795251193,0.849264903,0.728889863
26/02/2021 13:00,0.874507356,0.547774021,0.75679077,0.825221826,0.814967676,0.748630177
26/02/2021 14:00,0.801943087,0.564901156,0.597515573,0.798845575,0.8921155,0.621790128
26/02/2021 15:00,0.857385029,0.647054633,0.735065648,0.81586333,0.926577502,0.750484705
26/02/2021 16:00,0.838447165,0.566711557,0.718975956,0.814270501,0.906360652,0.734562135
26/02/2021 17:00,0.909414247,0.614719894,0.683812619,0.869269423,1.085984734,0.796739634
26/02/2021 18:00,1.133850866,0.766416784,0.972375977,1.083801918,1.209913304,1.005499043
26/02/2021 19:00,1.329988066,0.899111607,1.140547787,1.271229343,1.51875,1.160986218
26/02/2021 20:00,1.469820133,0.97019918,1.415434913,1.372030144,1.552000319,1.257484385
26/02/2021 21:00,1.358915234,0.918559103,1.165396962,1.294462894,1.474306735,1.190552633
26/02/2021 22:00,1.120638969,0.757476026,0.961041395,1.122774588,1.142204237,0.981356832
26/02/2021 23:00,0.871366568,0.598658348,0.759023955,0.830071387,0.942159004,0.715275658
27/02/2021 00:00,0.659719629,0.597183463,0.553650807,0.665536191,0.696946832,0.553304888
27/02/2021 01:00,0.818545836,0.378665883,0.481207091,0.536383963,0.62278715,0.491166366
27/02/2021 02:00,0.491503346,0.332071444,0.421351645,0.330651608,0.557892182,0.455196541
27/02/2021 03:00,0.55229384,0.310119631,0.343762554,0.439027351,0.496545831,0.402423488
27/02/2021 04:00,0.445517574,0.297,0.381706091,0.425891786,0.481876119,0.390318059
27/02/2021 05:00,0.49088389,0.331802497,0.573699286,0.508172226,0.530663671,0.510446165
27/02/2021 06:00,0.606449665,0.523916655,0.520310345,0.579007578,0.65586907,0.531537825
27/02/2021 07:00,0.752981029,0.499609974,0.645760978,0.71973173,0.814007409,0.659689101
27/02/2021 08:00,0.747428122,0.355371494,0.641085657,0.714521347,0.807946892,0.65491388
27/02/2021 09:00,0.690477078,0.443060017,0.592089277,0.659989325,0.929631184,0.604187577
27/02/2021 10:00,0.724083356,0.489233936,0.62075269,0.741783484,0.782441936,0.624474071
27/02/2021 11:00,0.731196869,0.55389458,0.611729543,0.69838948,0.7902803,0.640422437
27/02/2021 12:00,0.787659793,0.537153471,0.674194248,0.752866222,0.851473439,0.726461129
27/02/2021 13:00,0.754012934,0.545759821,0.692422741,0.796651977,0.821502709,0.707369424
27/02/2021 14:00,0.785501384,0.530951449,0.673667149,0.750802615,0.849152207,0.687898287
27/02/2021 15:00,0.803159853,0.542833821,0.688784221,0.800734196,0.88779406,0.703674366
27/02/2021 16:00,0.756498768,0.511353107,0.536341153,0.670029825,0.818080837,0.662769799
27/02/2021 17:00,0.790556726,0.464192783,0.6855359,0.744275643,0.881609849,0.715786757
27/02/2021 18:00,0.976652166,0.58718011,0.866837045,0.966165973,1.006314876,0.892455697
27/02/2021 19:00,1.331999057,0.773281742,0.97605984,1.196025739,1.295792863,1.050305129
27/02/2021 20:00,1.306673095,0.883240516,1.015563385,1.248929353,1.44,1.144765666
27/02/2021 21:00,1.227956116,0.831214283,1.053465535,1.174039822,1.33692228,1.076155101
27/02/2021 22:00,1.012133169,0.554408005,0.885463729,0.967073625,1.093754739,0.886279313
27/02/2021 23:00,0.781784487,0.476484618,0.635241643,0.747262338,0.980057183,0.631928619
28/02/2021 00:00,0.559678779,0.378314481,0.534914585,0.534983497,0.605374332,0.49023523
28/02/2021 01:00,0.420108368,0.319854102,0.411224028,0.385328557,0.517747119,0.420088713
28/02/2021 02:00,0.575393326,0.297,0.350034915,0.393509169,0.446646337,0.360025247
28/02/2021 03:00,0.42754026,0.297,0.326022848,0.363387923,0.411023621,0.505336502
28/02/2021 04:00,0.370233188,0.297,0.317508076,0.379497091,0.400253727,0.339900875
28/02/2021 05:00,0.412283678,0.297,0.353591801,0.394078331,0.445685134,0.361743917
28/02/2021 06:00,0.535995547,0.362308103,0.400352589,0.512334151,0.585604314,0.469560062
28/02/2021 07:00,0.674706537,0.456161516,0.568315027,0.644912587,0.729367851,0.564513061
28/02/2021 08:00,0.70766845,0.477777165,0.61048713,0.678030741,0.76505937,0.620058964
28/02/2021 09:00,0.660897738,0.4467682,0.566778342,0.631285238,0.714553358,0.654700222
28/02/2021 10:00,0.685308537,0.472700124,0.593329416,0.669446076,0.753765179,0.612684149
28/02/2021 11:00,0.720011731,0.486742222,0.752151881,0.526754368,0.778519822,0.608848572
28/02/2021 12:00,0.779475888,0.526710624,0.668214759,0.745037272,0.842672107,0.877338467
28/02/2021 13:00,0.724375148,0.673643835,0.683704628,0.761977221,0.859790938,0.698410796
28/02/2021 14:00,0.76295936,0.515657615,0.654350888,0.693617114,0.790091515,0.668539747
28/02/2021 15:00,0.771189876,0.521205745,0.657379562,0.804710382,0.833706063,0.79799335
28/02/2021 16:00,0.759876454,0.558457191,0.651627966,0.728102876,0.82149049,0.665763174
28/02/2021 17:00,0.809143748,0.546912754,0.693667848,0.773527223,0.874471396,0.74101837
28/02/2021 18:00,0.988810698,0.668348548,0.912031434,0.975508398,1.068840846,0.873167117
28/02/2021 19:00,1.160604818,0.76656682,1.101341426,1.101621492,1.269470673,1.028019177
28/02/2021 20:00,1.2846337,0.868349069,1.101694248,1.227797842,1.388771255,1.06203975
28/02/2021 21:00,1.174131554,0.813863586,0.997243645,1.152681031,1.303726675,1.056501483
28/02/2021 22:00,1.005860538,0.679962412,0.856253611,0.962040802,1.087371644,0.88129666
28/02/2021 23:00,0.816737556,0.491493875,0.508467728,0.784030686,0.850092314,0.801677574
01/03/2021 00:00,0.584213734,0.390199239,0.495025301,0.565454693,0.624343641,0.505453936
01/03/2021 01:00,0.496386028,0.335563222,0.42576373,0.522785604,0.536666368,0.297
01/03/2021 02:00,0.507033513,0.297,0.368768706,0.410702034,0.464499494,0.594534367
01/03/2021 03:00,0.38404135,0.297,0.297,0.376918474,0.430512917,0.348605928
01/03/2021 04:00,0.416855865,0.297,0.358671034,0.372132573,0.387489561,0.34112342
01/03/2021 05:00,0.415181504,0.297,0.449073187,0.410160122,0.463884701,0.375931574
01/03/2021 06:00,0.550064989,0.299983466,0.517401754,0.525917423,0.594807186,0.482074733
01/03/2021 07:00,0.674316835,0.455802764,0.439364252,0.644593257,0.728978133,0.590925324
01/03/2021 08:00,0.719669128,0.485579863,0.610676505,0.688298147,0.77794088,0.630677985
01/03/2021 09:00,0.680053923,0.467465634,0.593074026,0.661005187,0.747621311,0.606023739
01/03/2021 10:00,0.732660517,0.477245906,0.625299787,0.700337171,0.792181868,0.630295218
01/03/2021 11:00,0.765857928,0.670282162,0.65663556,0.741386441,0.827668036,0.688861568
01/03/2021 12:00,0.959201755,0.558684457,0.711076318,0.788149867,0.913019308,0.72238425
01/03/2021 13:00,0.820051485,0.562836281,0.57298169,0.794987406,0.900199748,0.670242479
01/03/2021 14:00,0.781814725,0.528516034,0.670254469,0.747386363,0.845250901,0.720458623
01/03/2021 15:00,0.775918113,0.524491919,0.665428,0.744035689,0.842989803,0.679848525
01/03/2021 16:00,0.758695105,0.539073496,0.662737196,0.737141888,0.833673604,0.67561897
01/03/2021 17:00,0.800332983,0.540978597,0.685437512,0.764995885,0.911403402,0.701108228
01/03/2021 18:00,0.952154578,0.749631523,0.808516811,0.910023369,1.029226972,0.834253727
01/03/2021 19:00,1.131283972,0.765328084,1.070767046,1.081493968,1.243602797,0.991274044
01/03/2021 20:00,1.24719698,0.899610333,1.069529218,1.192069052,1.32,1.036267839
01/03/2021 21:00,1.167091522,0.903080836,0.927414207,1.115533466,1.260882992,1.022460033
01/03/2021 22:00,1.000174443,0.675868927,0.857574706,0.954802506,1.080936066,0.879175817
01/03/2021 23:00,0.784231137,0.505998843,0.680731251,0.749450678,0.98078936,0.687067125
02/03/2021 00:00,0.540529077,0.396106157,0.509015965,0.567180336,0.701231422,0.51984757
02/03/2021 01:00,0.490014014,0.391399973,0.420849245,0.554924482,0.4904197,0.429294553
02/03/2021 02:00,0.418975024,0.297,0.319154065,0.400516188,0.522016457,0.4732796
02/03/2021 03:00,0.467026258,0.297,0.331701015,0.370164594,0.418700032,0.339296947
02/03/2021 04:00,0.379433035,0.297,0.297,0.323756551,0.410205506,0.332444511
02/03/2021 05:00,0.424199067,0.392706402,0.375404483,0.40538617,0.361938774,0.371611999
02/03/2021 06:00,0.581115125,0.392816828,0.498509132,0.555464244,0.628454831,0.527127617
02/03/2021 07:00,0.690877865,0.467155507,0.592462661,0.59114618,0.718855921,0.605247301
02/03/2021 08:00,0.697480275,0.471463272,0.597011639,0.666719951,0.754015388,0.611126447
02/03/2021 09:00,0.688888643,0.465734962,0.579355322,0.659365575,0.759669128,0.603566703
02/03/2021 10:00,0.730379361,0.490965617,0.626793514,0.698148799,0.969197316,0.639748109
02/03/2021 11:00,0.782374988,0.543977313,0.740744184,0.728438867,0.795524432,0.683459019
02/03/2021 12:00,0.820914305,0.555311273,0.704054228,0.79638335,0.887637932,0.719296194
02/03/2021 13:00,0.829192638,0.560474104,0.663926425,0.79259422,0.812934551,0.857353074
02/03/2021 14:00,0.777964441,0.526172327,0.72671617,0.750110026,0.834611524,0.864313563
02/03/2021 15:00,0.772396028,0.522129075,0.660088004,0.738391553,0.835078126,0.670384012
02/03/2021 16:00,0.767760269,0.519049192,0.658417911,0.733862209,0.771421379,0.672630974
02/03/2021 17:00,0.792871743,0.539882084,0.684960222,0.763426379,0.863446251,0.615872049
02/03/2021 18:00,0.930983695,0.646593747,0.815444762,0.908340838,1.029183757,0.832673966
02/03/2021 19:00,1.130649222,0.703089694,1.019154601,1.08046326,1.103026923,1.047338603
02/03/2021 20:00,1.296567356,0.84273892,1.071969009,1.191028135,1.32,1.091665014
02/03/2021 21:00,1.036262752,0.786140055,1.003062723,1.114428959,1.260442586,1.021424788
02/03/2021 22:00,1.000832942,0.676559867,0.968113657,0.95673012,1.339432582,1.041471623
02/03/2021 23:00,0.814377428,0.526584946,0.668086087,0.777483335,0.842212233,0.68263036
03/03/2021 00:00,0.601527227,0.406562473,0.520880282,0.574957042,0.658601061,0.526982922
03/03/2021 01:00,0.445194919,0.329475888,0.427310511,0.465831987,0.526952526,0.427080788
03/03/2021 02:00,0.415137161,0.297,0.356287457,0.297,0.449004407,0.35508776
03/03/2021 03:00,0.384257648,0.297,0.329661372,0.367301852,0.412510578,0.336648567
03/03/2021 04:00,0.297,0.297,0.320513839,0.360386223,0.415928511,0.33049178
03/03/2021 05:00,0.423499952,0.297,0.362433829,0.403873471,0.456874437,0.370340591
03/03/2021 06:00,0.595687377,0.307753124,0.518143342,0.569769529,0.602965379,0.471513215
03/03/2021 07:00,0.700423485,0.471946344,0.598771901,0.667380045,0.754796237,0.61182257
03/03/2021 08:00,0.702462049,0.491974206,0.591710866,0.659438252,0.758022653,0.604483579
03/03/2021 09:00,0.688044849,0.404406886,0.590158215,0.673147347,0.799800435,0.602847563
03/03/2021 10:00,0.729487593,0.493168818,0.662714932,0.698936188,0.645493961,0.639033605
03/03/2021 11:00,0.677822182,0.514591733,0.652863717,0.72768231,0.781816048,0.666568306
03/03/2021 12:00,0.820271418,0.497730258,0.703506521,0.783858781,0.925847955,0.718726017
03/03/2021 13:00,0.833265378,0.560022016,0.710522992,0.791353647,0.892076197,0.725803576
03/03/2021 14:00,0.77662145,0.525714049,0.666990906,0.74342275,0.840802705,0.681466014
03/03/2021 15:00,0.771891732,0.471584298,0.66122878,0.737768469,0.833985051,0.676214999
03/03/2021 16:00,0.76717248,0.5183744,0.65808493,0.733252221,0.781503815,0.833484846
03/03/2021 17:00,0.800137859,0.539958249,0.684951449,0.763563611,0.913861688,0.634296344
03/03/2021 18:00,0.902358534,0.642763385,0.842146922,0.909265819,1.037173148,0.833069714
03/03/2021 19:00,1.182828101,0.71604911,0.969742428,0.961250767,1.234438253,0.990306727
03/03/2021 20:00,1.246154176,0.84470886,1.068560152,1.191136811,1.32,1.09175036
03/03/2021 21:00,1.14288916,0.787991205,0.962821861,1.114264992,1.260283527,1.021342605
03/03/2021 22:00,1.001420457,0.580078001,0.858473588,0.957648233,1.084301033,0.87140221
03/03/2021 23:00,0.778958744,0.526583924,0.628800482,0.744575605,0.743088111,0.682450674
04/03/2021 00:00,0.609641771,0.412223261,0.523101946,0.583027246,0.735280373,0.534389976
04/03/2021 01:00,0.487614981,0.393677694,0.418324883,0.465318644,0.527141143,0.428550035
04/03/2021 02:00,0.415438458,0.297,0.356229389,0.397066823,0.449088054,0.308764943
04/03/2021 03:00,0.384746941,0.297,0.327751193,0.367778325,0.415919415,0.351545923
04/03/2021 04:00,0.377628011,0.297,0.323929801,0.360962789,0.397148561,0.330837274
04/03/2021 05:00,0.422461673,0.297,0.423641143,0.403839358,0.456702775,0.370100317
04/03/2021 06:00,0.595942813,0.402815782,0.405124571,0.569744249,0.644226846,0.522071213
04/03/2021 07:00,0.701163563,0.472340737,0.787818477,0.652054768,0.754755019,0.612018174
04/03/2021 08:00,0.66231656,0.466611109,0.591988853,0.659845679,0.746741211,0.805384014
04/03/2021 09:00,0.866837037,0.533232604,0.589963715,0.657566083,0.725349275,0.602390144
04/03/2021 10:00,0.720154647,0.492911274,0.626055361,0.783587448,0.679616829,0.708265621
04/03/2021 11:00,0.762591299,0.514430628,0.652736921,0.805471326,0.822871999,0.666789163
04/03/2021 12:00,0.941743019,0.554336931,0.703242699,0.783862996,1.08381332,0.71848137
04/03/2021 13:00,0.828109932,0.555085746,0.710394872,0.791783928,0.895487888,0.734134655
04/03/2021 14:00,0.777618829,0.348640839,0.666916855,0.672065629,1.027892868,0.681260833
04/03/2021 15:00,0.771713906,0.521637959,0.661813515,0.737658554,0.846462169,0.676099727
04/03/2021 16:00,0.767534566,0.437623973,0.707710198,0.733140141,0.675701231,0.671921469
04/03/2021 17:00,0.798527039,0.540211659,0.685095538,0.763569081,0.8816867,0.699805714
04/03/2021 18:00,0.9510668,0.643222658,0.914229705,0.909069497,1.023264543,0.833295204
04/03/2021 19:00,1.13047567,0.898955329,0.96953588,1.080686939,1.248961691,0.990385725
04/03/2021 20:00,1.302065516,0.842420534,1.068781894,1.191247097,1.279776948,1.091889848
04/03/2021 21:00,1.170988222,0.909425472,0.999863781,1.12148118,1.251450353,1.011874243
04/03/2021 22:00,1.000903742,0.676331693,0.97390514,0.956447991,1.079575514,0.863258856
04/03/2021 23:00,0.742119851,0.417384301,0.66730922,0.74017592,0.86072059,0.682447143
05/03/2021 00:00,0.534260136,0.596497705,0.523409522,0.584745874,0.661504353,0.530653894
05/03/2021 01:00,0.487488636,0.432958055,0.418059153,0.322787262,0.527008683,0.427086034
05/03/2021 02:00,0.415506693,0.297,0.356759706,0.397134459,0.36176637,0.322142059
05/03/2021 03:00,0.405226647,0.297,0.334999035,0.367833027,0.423889576,0.347847147
05/03/2021 04:00,0.297,0.297,0.324101225,0.361019923,0.408307186,0.330887731
05/03/2021 05:00,0.422527638,0.297,0.362378455,0.403875178,0.456781191,0.42021208
05/03/2021 06:00,0.595984205,0.383296181,0.39058985,0.569625869,0.541397737,0.513521212
05/03/2021 07:00,0.698627585,0.474388894,0.599139516,0.66782871,0.759987951,0.612146991
05/03/2021 08:00,0.690338427,0.46664374,0.592042694,0.659878012,0.741078786,0.604821152
05/03/2021 09:00,0.68805692,0.465027618,0.589985784,0.657605422,0.743774226,0.598465237
05/03/2021 10:00,0.6768988,0.491217538,0.539603463,0.695846922,0.788367986,0.618722509
05/03/2021 11:00,0.806640158,0.36091474,0.652693107,0.727487379,0.822819657,0.666789632
05/03/2021 12:00,0.839598665,0.55444611,0.703485634,0.783906768,0.886505233,0.626289405
05/03/2021 13:00,0.828269417,0.55988582,0.710431497,0.791710344,0.895958974,0.693546854
05/03/2021 14:00,0.777516401,0.415702053,0.675136375,0.743200288,0.840541065,0.681188895
05/03/2021 15:00,0.77160603,0.521822468,0.66182553,0.587534538,0.90854218,0.675981953
05/03/2021 16:00,0.88052319,0.5183912,0.657638132,0.720330909,0.829018124,0.733602312
05/03/2021 17:00,0.722708322,0.448570264,0.709246009,0.763439375,0.863430077,0.695508071
05/03/2021 18:00,0.97725764,0.642773656,0.719023248,0.908880843,1.027977685,0.83306518
05/03/2021 19:00,1.13040929,0.802538169,0.969337538,1.079870906,1.221996265,0.990230925
05/03/2021 20:00,1.246259378,0.842243765,1.06888101,1.191266044,1.32,1.091861146
05/03/2021 21:00,1.165722864,0.787357957,1.000130707,1.104969605,1.260213851,1.02122475
05/03/2021 22:00,1.014588844,0.677163279,0.888637898,0.957578573,1.08299317,0.738802716
05/03/2021 23:00,0.706115725,0.52903594,0.668195365,0.581376177,0.842206545,0.691752258
06/03/2021 00:00,0.626448369,0.423585116,0.548885658,0.525190969,0.677226983,0.409175087
06/03/2021 01:00,0.498664715,0.330353796,0.419144232,0.467126715,0.527974069,0.32315016
06/03/2021 02:00,0.37184923,0.297,0.352517842,0.398406831,0.450583955,0.444715929
06/03/2021 03:00,0.385089173,0.297,0.331132711,0.408849741,0.41746138,0.338367108
06/03/2021 04:00,0.379189456,0.319576789,0.325216067,0.362986816,0.409399096,0.440679639
06/03/2021 05:00,0.424197538,0.297,0.365694066,0.405488338,0.378645161,0.371997971
06/03/2021 06:00,0.657959114,0.404068998,0.512651525,0.570914462,0.646444869,0.523724977
06/03/2021 07:00,0.615877612,0.473522905,0.600783964,0.669341037,0.765161392,0.563094452
06/03/2021 08:00,0.722193159,0.468007179,0.593803086,0.659369231,0.734479336,0.60702852
06/03/2021 09:00,0.690179681,0.479300944,0.643497575,0.659706639,0.745811842,0.604730877
06/03/2021 10:00,0.731587124,0.474523138,0.62718356,0.685278168,0.790900527,0.761969091
06/03/2021 11:00,0.747017766,0.517354127,0.650197079,0.729783857,0.825457207,0.857685583
06/03/2021 12:00,0.822679243,0.556126482,0.671921772,0.788762654,0.889388104,0.720751477
06/03/2021 13:00,0.829649917,0.56174218,0.798967001,0.794355684,0.896671529,0.728202607
06/03/2021 14:00,0.780397441,0.526718453,0.669129958,0.747235159,0.844685988,0.683715974
06/03/2021 15:00,0.774594144,0.522744771,0.664250647,0.735567388,0.837377843,0.64342484
06/03/2021 16:00,0.7700898,0.520444779,0.66029623,0.735960276,0.832358472,0.674154668
06/03/2021 17:00,0.801863883,0.655675974,0.687662717,0.766463454,0.867198905,0.702471477
06/03/2021 18:00,0.954123796,0.644850709,0.818225773,0.912019436,0.921061893,0.836003307
06/03/2021 19:00,1.133495284,0.765151565,0.982852171,1.093977038,1.225738441,0.993062045
06/03/2021 20:00,1.249548503,0.844626503,1.071562286,1.194370499,1.305,1.094624017
06/03/2021 21:00,1.17913665,0.790099849,0.990591424,1.117278008,1.26354299,1.024031956
06/03/2021 22:00,0.82249428,0.585808486,0.743384123,0.805648693,0.934965631,0.759421812
06/03/2021 23:00,0.771118871,0.493753925,0.627923319,0.698212032,0.789672903,0.676306646
07/03/2021 00:00,0.626588406,0.547471872,0.536279435,0.592963753,0.677405746,0.499034232
07/03/2021 01:00,0.529898698,0.379867111,0.454978617,0.506434522,0.572799583,0.464264347
07/03/2021 02:00,0.325077998,0.370152043,0.364333748,0.406072126,0.459543651,0.372193566
07/03/2021 03:00,0.408237085,0.297,0.350088842,0.398906038,0.440937561,0.358249593
07/03/2021 04:00,0.379161877,0.297,0.326938924,0.362540808,0.411387276,0.32408972
07/03/2021 05:00,0.419322712,0.297,0.363506554,0.605296333,0.366183312,0.348462385
07/03/2021 06:00,0.617235453,0.403663602,0.5120794,0.638627558,0.645566097,0.40725086
07/03/2021 07:00,0.676416212,0.493740942,0.575874452,0.668948119,0.756223917,0.612976203
07/03/2021 08:00,0.732970882,0.464598605,0.592840833,0.660760651,0.747311332,0.605686238
07/03/2021 09:00,0.688767157,0.457539357,0.593906191,0.661249788,0.744593256,0.602888308
07/03/2021 10:00,0.823512827,0.532791348,0.625978331,0.672827136,0.883764732,0.62711027
07/03/2021 11:00,0.723621336,0.514835102,0.653212189,0.727881885,0.823393399,0.667320942
07/03/2021 12:00,0.822422795,0.515130951,0.703590236,0.784296434,0.973569091,0.718849445
07/03/2021 13:00,0.828580528,0.54421586,0.661078414,0.792040358,0.895822009,0.718098057
07/03/2021 14:00,0.778681351,0.417873096,0.666891615,0.743633002,0.87181342,0.681429828
07/03/2021 15:00,0.745147744,0.522027147,0.510835899,0.737674883,0.834300192,0.676124247
07/03/2021 16:00,0.767042771,0.472011624,0.65779594,0.733050905,0.901643335,0.671882645
07/03/2021 17:00,0.798660607,0.554724257,0.684880442,0.736412997,0.861025907,0.699659376
07/03/2021 18:00,0.948126698,0.821592747,0.815366039,0.908838785,1.025625702,0.832930993
07/03/2021 19:00,1.129277343,0.722394296,0.969215669,1.087909527,1.305,0.948202457
07/03/2021 20:00,1.152354083,0.850467918,1.068632307,1.297250385,1.347085835,1.091679724
07/03/2021 21:00,1.164091135,0.897146142,0.909713541,1.113888094,1.259794686,1.005024639
07/03/2021 22:00,1.001059271,0.676605199,1.052798201,0.956678228,1.097026593,0.876855267
07/03/2021 23:00,0.779032624,0.526633117,0.668062065,0.97801623,0.842083305,0.658216141
08/03/2021 00:00,0.609274254,0.411806746,0.52402173,0.582693749,0.658661865,0.749597452
08/03/2021 01:00,0.487614445,0.329583346,0.368603255,0.466487156,0.515971638,0.427202842
08/03/2021 02:00,0.415541205,0.297,0.356299187,0.397115289,0.449196533,0.363650991
08/03/2021 03:00,0.297,0.297,0.329882744,0.297,0.413832031,0.334736199
08/03/2021 04:00,0.377645573,0.297,0.323935364,0.427903982,0.409787652,0.331434046
08/03/2021 05:00,0.442836615,0.297,0.362283808,0.403790636,0.45677973,0.320639141
08/03/2021 06:00,0.596086885,0.331620541,0.578732902,0.521936071,0.547343412,0.521019712
08/03/2021 07:00,0.698605493,0.472224562,0.599112977,0.590487742,0.865214655,0.61122859
08/03/2021 08:00,0.690733493,0.376973223,0.561758717,0.701933884,0.74640288,0.604815405
08/03/2021 09:00,0.688000247,0.465063475,0.590018054,0.657634681,0.732468587,0.62311231
08/03/2021 10:00,0.690660663,0.397223271,0.625420005,0.697084545,0.79121778,0.628898002
08/03/2021 11:00,0.76114117,0.514490841,0.652659503,0.723310805,0.822814058,0.850028064
08/03/2021 12:00,0.85051215,0.553987903,0.704863264,0.783946707,0.833205167,0.718496885
08/03/2021 13:00,0.828364684,0.560094971,0.71039141,0.791959053,0.905323995,0.72571697
08/03/2021 14:00,0.779773473,0.523298894,0.664910645,0.761897227,0.84075046,0.681321197
08/03/2021 15:00,0.771783534,0.521550923,0.623466521,0.737633696,0.834203408,0.676115653
08/03/2021 16:00,0.766963908,0.518418524,0.657753279,0.733105908,0.829104578,0.671936378
08/03/2021 17:00,0.644688304,0.5399223,0.733289752,0.763546213,0.863582348,0.699835026
08/03/2021 18:00,0.951275107,0.671712614,0.814539447,1.021094551,1.02563405,0.833183571
08/03/2021 19:00,1.130331878,0.764050927,0.969358498,1.020559775,1.32,0.990289855
08/03/2021 20:00,1.14962278,0.842352394,1.068695189,1.191159486,1.347192843,1.08487391
08/03/2021 21:00,1.210633956,0.787953318,0.999681808,1.180270203,1.252726899,1.021269387
08/03/2021 22:00,0.998831821,0.613147875,0.856879681,0.881279133,1.079813003,0.87493757
08/03/2021 23:00,0.784714846,0.526600255,0.668032904,0.926998508,0.850655703,0.682730142
09/03/2021 00:00,0.60060103,0.52729985,0.55177051,0.574073831,0.649286852,0.526314887
09/03/2021 01:00,0.347932149,0.333490503,0.416317656,0.46375913,0.496025208,0.460644367
09/03/2021 02:00,0.415451676,0.297,0.357628568,0.39714761,0.447075406,0.34999284
09/03/2021 03:00,0.38493807,0.297,0.584097579,0.367688279,0.415941658,0.337083751
09/03/2021 04:00,0.47919614,0.297,0.324380714,0.440537885,0.40192944,0.316603761
09/03/2021 05:00,0.432454069,0.297,0.36249615,0.403693205,0.45682456,0.371979571
09/03/2021 06:00,0.595677207,0.402943965,0.520243103,0.47005564,0.644438801,0.530174646
09/03/2021 07:00,0.698762385,0.454743638,0.599267497,0.67564256,0.755414186,0.612254669
09/03/2021 08:00,0.690470035,0.466342857,0.592167322,0.660073333,0.746460651,0.604987214
09/03/2021 09:00,0.687799513,0.506688467,0.590023161,0.657620584,0.767245467,0.601305418
09/03/2021 10:00,0.729332522,0.50139271,0.581839532,0.697190717,0.88537512,0.639108908
09/03/2021 11:00,0.722327031,0.514560386,0.652935148,0.73239119,0.823831426,0.668460173
09/03/2021 12:00,0.820222515,0.554428388,0.716916866,0.784019005,0.878356398,0.702270387
09/03/2021 13:00,0.828457187,0.486560566,0.687212008,0.686888402,0.913583836,0.726029286
09/03/2021 14:00,0.73623405,0.525787102,0.702152492,0.743378017,0.87440859,0.702217188
09/03/2021 15:00,0.771810835,0.700113213,0.582866051,0.835850556,0.834353772,0.694230633
09/03/2021 16:00,0.767050532,0.518497239,0.657717186,0.733213058,0.829359826,0.672013558
09/03/2021 17:00,0.765132733,0.540004257,0.685156046,0.763632704,0.811456718,0.699922169
09/03/2021 18:00,0.950905428,0.489441579,0.815741241,0.909092021,1.161559767,0.833279304
09/03/2021 19:00,1.131022339,0.76415201,1.131929153,1.080944313,1.084862308,0.990444101
09/03/2021 20:00,1.252930352,0.93576434,1.003420555,1.190497009,1.32,1.085166442
09/03/2021 21:00,1.165544664,0.796190368,0.999857128,1.114435434,1.187381197,1.021436186
09/03/2021 22:00,0.999936405,0.675913928,0.833438421,0.929820607,1.080924271,0.834708222
09/03/2021 23:00,0.778089536,0.524698763,0.667290755,0.743805858,0.942519251,0.804556106
10/03/2021 00:00,0.598009008,0.422124699,0.514456238,0.573362001,0.653597367,0.529480514
10/03/2021 01:00,0.488360342,0.328967255,0.417455549,0.371462836,0.525438379,0.426296647
10/03/2021 02:00,0.359870809,0.359614912,0.370161088,0.396198362,0.448063339,0.325371169
10/03/2021 03:00,0.382769762,0.297,0.328576228,0.366859607,0.579506903,0.336264539
10/03/2021 04:00,0.377319555,0.297,0.323885424,0.360983001,0.408274588,0.330962773
10/03/2021 05:00,0.422534839,0.297,0.371967932,0.403882067,0.455100954,0.370168585
10/03/2021 06:00,0.445961657,0.403053993,0.40235914,0.569679605,0.455072532,0.5748487
10/03/2021 07:00,0.707753981,0.422751005,0.599228246,0.667924898,0.828229452,0.602382589
10/03/2021 08:00,0.690546715,0.466738535,0.688477844,0.660015099,0.856955043,0.5112153
10/03/2021 09:00,0.635951216,0.464518651,0.576927138,0.656815675,0.742499348,0.602172362
10/03/2021 10:00,0.720584329,0.561879158,0.625561512,0.659874996,0.787610286,0.639080599
10/03/2021 11:00,0.682259722,0.514680998,0.652900591,0.727730421,0.907326665,0.666987107
10/03/2021 12:00,0.817224417,0.554493385,0.70349728,0.859765677,0.872871187,0.515366648
10/03/2021 13:00,0.792534881,0.560058106,0.673622979,0.86998881,0.895746837,0.706287714
10/03/2021 14:00,0.776869536,0.526193204,0.626449359,0.71338052,0.844516011,0.697464497
10/03/2021 15:00,0.7720106,0.482070382,0.722133052,0.722047769,0.834444577,0.676242053
10/03/2021 16:00,0.766914452,0.518911135,0.657883689,0.733258038,0.829754781,0.672083829
10/03/2021 17:00,0.798962832,0.540391787,0.685169286,0.763761658,0.863759251,0.700038176
10/03/2021 18:00,0.897762982,0.642931332,0.815964122,0.870749219,1.028253043,0.832982056
10/03/2021 19:00,1.144883333,0.764139835,0.904872748,1.078735617,1.222078413,0.990385039
10/03/2021 20:00,1.32,0.832685699,1.056472762,1.177497626,1.32,1.09842257
10/03/2021 21:00,1.165701351,0.787897341,0.999709118,1.094766452,1.260309433,1.021289142
10/03/2021 22:00,1.000348896,0.585040664,0.817072845,0.956183082,1.080634982,0.877822067
10/03/2021 23:00,0.765552187,0.517523131,0.656539859,0.581945854,0.827563673,0.670677057
11/03/2021 00:00,0.59062955,0.40252862,0.705937472,0.569225433,0.600209669,0.491454118
11/03/2021 01:00,0.486878521,0.329096331,0.417603469,0.465373177,0.506343435,0.426501091
11/03/2021 02:00,0.403428388,0.322632948,0.345984848,0.385617405,0.436124021,0.35108017
11/03/2021 03:00,0.378447336,0.297,0.324589945,0.341428219,0.409608197,0.331551569
11/03/2021 04:00,0.378407863,0.297,0.392424191,0.360704462,0.407953587,0.440482234
11/03/2021 05:00,0.398196125,0.297,0.362175656,0.40415008,0.456509134,0.369743721
11/03/2021 06:00,0.595906353,0.402797905,0.510559405,0.578609268,0.642898756,0.510786307
11/03/2021 07:00,0.698674826,0.472274313,0.489319894,0.578176269,0.760227313,0.611957601
11/03/2021 08:00,0.651781212,0.458826853,0.592199939,0.736193618,0.74613013,0.60450672
11/03/2021 09:00,0.678640505,0.459376546,0.553030004,0.649611765,0.73468611,0.78763965
11/03/2021 10:00,0.710194142,0.493206157,0.377365491,0.697461005,0.78866866,0.639248953
11/03/2021 11:00,0.761581329,0.514746433,0.652731775,0.727954323,0.839307127,0.73413629
11/03/2021 12:00,0.830028841,0.755820437,0.7042426,0.716876521,0.887133463,0.718948831
11/03/2021 13:00,0.880531455,0.560320559,0.710660748,0.792333742,0.939536246,0.726228544
11/03/2021 14:00,0.767737456,0.453694467,0.667375252,0.778637716,0.841557032,0.681764689
11/03/2021 15:00,0.772296571,0.473706929,0.662315675,0.697395338,0.834790144,0.676611043
11/03/2021 16:00,0.767612855,0.51837452,0.658138907,0.733661602,0.829771404,0.586152807
11/03/2021 17:00,0.7882261,0.751127579,0.68595758,0.763948477,0.864166179,0.700292687
11/03/2021 18:00,0.950444676,0.643209257,0.816965433,0.909589424,1.028719521,0.832713506
11/03/2021 19:00,1.129501062,0.764583359,0.969859736,1.080991477,1.222085433,0.971238853
11/03/2021 20:00,1.221173219,0.852682972,1.04731834,1.167431887,1.32,1.069815718
11/03/2021 21:00,1.166180183,0.678660751,1.001436455,1.114697164,1.300963552,1.021681823
11/03/2021 22:00,1.001023755,0.676567838,0.858572675,0.956718365,1.077406554,0.876864929
11/03/2021 23:00,0.753367253,0.50914104,0.645601886,0.719954082,0.814337404,0.65990226
12/03/2021 00:00,0.727147558,0.489135091,0.508193977,0.560966533,0.640601177,0.519164529
12/03/2021 01:00,0.487772448,0.328992996,0.407999876,0.466237252,0.527297757,0.439357316
12/03/2021 02:00,0.396924161,0.297,0.340426678,0.379679595,0.429136514,0.347790775
12/03/2021 03:00,0.344640469,0.297,0.323849486,0.359575122,0.406358394,0.329309267
12/03/2021 04:00,0.356192137,0.297,0.304638091,0.339566207,0.297,0.306002504
12/03/2021 05:00,0.397353662,0.330271266,0.340116697,0.562999421,0.429535388,0.34486135
12/03/2021 06:00,0.57327814,0.386247794,0.717442369,0.408449535,0.617746704,0.506848279
12/03/2021 07:00,0.623996103,0.421962174,0.616100338,0.602269796,0.674505048,0.547657279
12/03/2021 08:00,0.678171723,0.458308541,0.584156432,0.647959339,0.742813048,0.594024197
12/03/2021 09:00,0.690993882,0.467076565,0.592581633,0.690541554,0.746509075,0.768045564
12/03/2021 10:00,0.771033393,0.529512263,0.671662858,0.748613053,0.846663447,0.633802801
12/03/2021 11:00,0.836609078,0.575010807,0.722628472,0.805651247,1.032065809,0.73832002
12/03/2021 12:00,0.86798533,0.604235863,0.95681404,0.857625087,0.994880307,0.833549257
12/03/2021 13:00,0.957470344,0.746318241,0.821135843,0.890933512,1.108744003,0.838755722
12/03/2021 14:00,0.87598123,0.592191303,0.753995599,0.837400804,0.947547259,0.767485279
12/03/2021 15:00,0.81211962,0.548501893,0.695457196,0.774853444,0.877193037,0.694202824
12/03/2021 16:00,0.817781338,0.552854978,0.701354352,0.781678605,0.884339621,0.716535817
12/03/2021 17:00,0.837188543,0.4780624,0.718035481,0.765881096,0.881719083,0.733404638
12/03/2021 18:00,0.943926652,0.637987897,0.816642796,0.902178387,1.019862221,0.826996932
12/03/2021 19:00,1.128641257,0.798198154,1.16852306,1.077058954,1.220104292,0.989307048
12/03/2021 20:00,1.307082878,0.842202601,1.052445064,1.217939159,1.32,1.091797642
12/03/2021 21:00,1.16783476,0.789475264,0.926386483,1.112040398,1.111492404,1.023741436
12/03/2021 22:00,0.952570946,0.625082449,0.84896383,0.866084329,1.153662093,0.867260944
12/03/2021 23:00,0.482580489,0.636008874,0.667808852,0.744122849,0.841658846,0.681422122
13/03/2021 00:00,0.626506569,0.542830041,0.537196994,0.598386043,0.677351581,0.548833847
13/03/2021 01:00,0.526661271,0.315810159,0.397054859,0.501288332,0.569375061,0.461874911
13/03/2021 02:00,0.424711262,0.297,0.297,0.635070079,0.572768813,0.372096827
13/03/2021 03:00,0.467537309,0.297,0.350387739,0.464029817,0.441340617,0.357492769
13/03/2021 04:00,0.379994731,0.297,0.328168042,0.385384112,0.405932647,0.329333256
13/03/2021 05:00,0.400703871,0.297,0.355388178,0.428513273,0.401189513,0.372325665
13/03/2021 06:00,0.571892136,0.522649827,0.491334068,0.546701206,0.618269564,0.501095037
13/03/2021 07:00,0.588951396,0.398268689,0.505292596,0.573996305,0.636934865,0.516191591
13/03/2021 08:00,0.681961272,0.460983611,0.641283205,0.651856016,0.741476425,0.596427634
13/03/2021 09:00,0.705573781,0.4771725,0.605666621,0.674775667,0.762909502,0.61844477
13/03/2021 10:00,0.698419118,0.559506973,0.816175462,0.791331617,0.894995652,0.787054571
13/03/2021 11:00,0.882640648,0.611954026,0.77639285,0.865201169,0.979164692,0.795561063
13/03/2021 12:00,0.95650207,0.646535293,0.900702819,0.914447894,1.034068221,0.838019758
13/03/2021 13:00,1.054893963,0.781611899,1.089167964,0.980972754,1.140413792,0.922627897
13/03/2021 14:00,0.871065232,0.641033017,0.813293344,0.879710165,0.983172173,0.830839019
13/03/2021 15:00,0.714887282,0.566409293,0.71062703,0.800891311,0.905821134,0.73407278
13/03/2021 16:00,0.847553809,0.566405628,0.717412468,0.981868024,0.905868581,0.693076828
13/03/2021 17:00,0.951273962,0.571491893,0.725066081,0.807914125,0.915022497,0.759115356
13/03/2021 18:00,0.904368345,0.612584169,0.783491573,0.873219458,0.987609098,0.762814531
13/03/2021 19:00,1.026391519,0.743013265,0.935855361,1.17446942,1.202088103,0.96302678
13/03/2021 20:00,1.246774545,0.842775392,1.069063684,1.140795461,1.305,1.093776623
13/03/2021 21:00,0.977155377,1.018689318,0.963213039,1.21526793,1.223711614,0.941379492
13/03/2021 22:00,0.923816468,0.624437109,0.792706998,0.882905959,0.99859718,0.809428668
13/03/2021 23:00,0.778446029,0.526510461,0.658468425,0.741497193,0.886462615,0.682416218
14/03/2021 00:00,0.626843621,0.423974374,0.53848528,0.599517959,0.678116098,0.549713097
14/03/2021 01:00,0.512896428,0.358184173,0.310331391,0.506604207,0.566390651,0.354437127
14/03/2021 02:00,0.430479338,0.297,0.365943837,0.408003237,0.490963636,0.49795295
14/03/2021 03:00,0.39160862,0.297,0.350662762,0.384297321,0.43897879,0.358332118
14/03/2021 04:00,0.297,0.297,0.301082453,0.346913503,0.474073491,0.320750934
14/03/2021 05:00,0.342143851,0.297,0.32071397,0.368082124,0.416294026,0.337358557
14/03/2021 06:00,0.532464459,0.361070969,0.456643383,0.470323683,0.358145849,0.466499883
14/03/2021 07:00,0.495760595,0.340120695,0.425157649,0.517363298,0.535951922,0.425131263
14/03/2021 08:00,0.653758203,0.44190794,0.560703978,0.487625276,0.857563501,0.572768673
14/03/2021 09:00,0.707102054,0.478037202,0.597551082,0.676057658,0.764616456,0.619634948
14/03/2021 10:00,0.863602789,0.634426855,0.740622391,0.738526513,0.986324448,0.756577681
14/03/2021 11:00,0.965280749,0.644608742,0.827449685,0.863868873,1.043250728,0.845448329
14/03/2021 12:00,1.008697273,0.644279727,0.865012848,1.063277176,1.15994186,0.883733692
14/03/2021 13:00,1.147328158,0.776268849,0.985370414,1.077121375,1.230639145,1.006631212
14/03/2021 14:00,1.00913647,0.694606771,0.869696162,0.969738614,1.084527437,0.854055368
14/03/2021 15:00,0.85179769,0.583537114,0.730279763,0.814008536,0.925017609,0.746070996
14/03/2021 16:00,0.854048893,0.577231796,0.758166325,0.815557943,0.890748204,0.748215357
14/03/2021 17:00,0.956825131,0.576805461,0.728325867,0.803389488,0.830252382,0.757730291
14/03/2021 18:00,0.875258849,0.543629551,0.750599154,0.836628684,0.946227902,0.785036786
14/03/2021 19:00,1.06412134,0.719295547,0.885937661,1.017575006,1.030363516,0.836556051
14/03/2021 20:00,1.256868423,0.849563649,1.077884867,1.201931633,1.305,1.101190181
14/03/2021 21:00,1.087887248,0.739133467,0.937969184,1.003590665,1.122212518,0.958232905
14/03/2021 22:00,0.895176718,0.585377588,0.742135535,0.851375559,0.936223375,0.758820841
14/03/2021 23:00,0.90151953,0.531217374,0.676223504,0.754629178,0.853401042,0.886082072
15/03/2021 00:00,0.626493007,0.423381232,0.476008516,0.59012078,0.677157371,0.546635291
15/03/2021 01:00,0.570177131,0.357990578,0.45416045,0.529150118,0.5464796,0.463999756
15/03/2021 02:00,0.44145597,0.409492953,0.364331455,0.406392685,0.459251934,0.372172708
15/03/2021 03:00,0.408104673,0.297,0.350028878,0.390088383,0.444383257,0.357757045
15/03/2021 04:00,0.348256606,0.297,0.297,0.336026045,0.385508384,0.427599791
15/03/2021 05:00,0.383994088,0.327761968,0.329281375,0.368208217,0.423702448,0.336426249
15/03/2021 06:00,0.531250711,0.359135516,0.492787587,0.507859964,0.584835541,0.464339233
15/03/2021 07:00,0.541135973,0.334267532,0.424129871,0.474593044,0.534780761,0.427861559
15/03/2021 08:00,0.652537453,0.441100733,0.531213072,0.623631557,0.705446325,0.493027103
15/03/2021 09:00,0.70724736,0.616377121,0.606546944,0.675997864,0.811922456,0.693011649
15/03/2021 10:00,0.862402892,0.5828458,0.7238222,0.824316001,0.932692306,0.767899239
15/03/2021 11:00,0.963768735,0.651484905,0.82665385,0.873269282,1.043629461,0.876800409
15/03/2021 12:00,0.934014003,0.681003309,0.86398236,0.963030991,1.133517468,0.881762697
15/03/2021 13:00,1.147254128,0.775240029,0.983869772,1.096605631,1.178879586,1.036108305
15/03/2021 14:00,1.012689201,0.684513811,0.868470023,0.968003886,1.087867441,0.742818927
15/03/2021 15:00,0.849781499,0.574415919,0.728754863,0.812183137,0.847117031,0.744275721
15/03/2021 16:00,0.7782244,0.576981347,0.728563167,0.865326891,0.921160548,0.746447066
15/03/2021 17:00,0.847318017,0.572706366,0.748693192,0.809893137,0.993650532,0.742290637
15/03/2021 18:00,0.917991535,0.590188322,0.748804595,0.834572948,0.805174112,0.766391374
15/03/2021 19:00,0.9431015,0.717731225,0.910985152,1.014888401,1.147965672,0.970938047
15/03/2021 20:00,1.265392141,0.855338877,1.085240183,1.209530912,1.305,1.029547132
15/03/2021 21:00,1.119601288,0.760695111,0.964397389,1.074901946,1.215670763,1.218547967
15/03/2021 22:00,0.853163231,0.576696092,0.741015261,0.81672711,0.922491885,0.749176679
15/03/2021 23:00,0.779626743,0.526948714,0.703343346,0.743912188,0.842759768,0.683000257
16/03/2021 00:00,0.650179115,0.415852896,0.526441924,0.586640361,0.66361308,0.537744557
16/03/2021 01:00,0.515509767,0.347929365,0.442068222,0.492895385,0.437825589,0.451425748
16/03/2021 02:00,0.505282634,0.297,0.360072569,0.401337565,0.453708454,0.367853067
16/03/2021 03:00,0.387280455,0.297,0.300442453,0.358118752,0.428255295,0.349823067
16/03/2021 04:00,0.359810545,0.30836996,0.307613874,0.34369996,0.387926507,0.297
16/03/2021 05:00,0.392748042,0.297,0.336823234,0.375496629,0.427408529,0.297
16/03/2021 06:00,0.548819612,0.37095607,0.470055624,0.52459389,0.593299429,0.480760888
16/03/2021 07:00,0.430957292,0.378932773,0.480727022,0.537814625,0.606004855,0.491094464
16/03/2021 08:00,0.656692768,0.389088297,0.563316985,0.627654973,0.709949396,0.575372439
16/03/2021 09:00,0.688267917,0.465229,0.590233617,0.65780001,0.735669061,0.602972321
16/03/2021 10:00,0.806588856,0.540619726,0.68610124,0.752594163,0.8044088,0.705849244
16/03/2021 11:00,0.837554799,0.588639674,0.74919541,0.8339164,0.941320342,0.762862626
16/03/2021 12:00,0.915462166,0.618951192,0.785113566,0.874346293,0.989619039,0.802090149
16/03/2021 13:00,0.982887787,0.894166752,0.839789071,0.910782109,1.053188465,0.860872911
16/03/2021 14:00,0.890194597,0.601637474,0.763409239,0.850417836,0.97193563,0.815823794
16/03/2021 15:00,0.805952919,0.544781656,0.691141061,0.768449606,0.938956908,0.705762315
16/03/2021 16:00,0.804881977,0.516634606,0.690190206,0.769314938,0.871252976,0.657440637
16/03/2021 17:00,0.818515309,0.553309452,0.632560244,0.78152982,0.88458324,0.71483692
16/03/2021 18:00,0.81812149,0.613477688,0.778330728,0.867516314,0.982556695,0.669430597
16/03/2021 19:00,1.091662059,0.901672703,0.936188347,1.043812134,1.180207359,0.95640576
16/03/2021 20:00,1.247316188,0.84312351,1.069687678,1.193408581,1.32,1.315766026
16/03/2021 21:00,1.143190593,0.772295991,0.979986296,1.050295961,1.235155217,1.00097013
16/03/2021 22:00,0.927461896,0.626847196,0.79535522,0.896576982,1.002783716,0.812564272
16/03/2021 23:00,0.780362157,0.527378333,0.669044287,0.745715636,0.843743831,0.5710792
17/03/2021 00:00,0.60843699,0.342454749,0.519415746,0.581643909,0.656714331,0.557900336
17/03/2021 01:00,0.508732844,0.343917913,0.434942228,0.486364662,0.550036177,0.445750968
17/03/2021 02:00,0.526330707,0.297,0.364014944,0.410754648,0.458904441,0.371832683
17/03/2021 03:00,0.393606664,0.297,0.337544397,0.376222095,0.4252619,0.344833579
17/03/2021 04:00,0.368639049,0.297,0.324205211,0.352228997,0.402060412,0.297
17/03/2021 05:00,0.404441733,0.297,0.347247039,0.456428819,0.433997388,0.360526898
17/03/2021 06:00,0.575445104,0.313593338,0.488199302,0.677487697,0.615428661,0.498744044
17/03/2021 07:00,0.61804762,0.418813377,0.531282355,0.591242527,0.783409363,0.542845999
17/03/2021 08:00,0.666000255,0.637687261,0.491309849,0.639025642,0.728222134,0.570046939
17/03/2021 09:00,0.689003714,0.3722062,0.59160601,0.659053896,0.746077383,0.604876574
17/03/2021 10:00,0.696373577,0.52352105,0.664156148,0.740256902,0.837218026,0.787436776
17/03/2021 11:00,0.828751884,0.560232395,0.710230875,0.964577981,0.947724662,0.726206474
17/03/2021 12:00,0.952629788,0.591227547,0.801148206,0.835112235,0.956837009,0.766291625
17/03/2021 13:00,0.837434518,0.565985119,0.718113485,0.768604185,0.905164476,0.723193309
17/03/2021 14:00,0.784490041,0.529884791,0.672249618,0.751458628,0.847597898,0.808451479
17/03/2021 15:00,0.717769481,0.434437283,0.666896058,0.74279585,0.84068616,0.681290222
17/03/2021 16:00,0.805227429,0.526839259,0.662533731,0.739935937,0.834372102,0.676835573
17/03/2021 17:00,0.803991575,0.543700353,0.689559398,0.691599654,0.768364032,0.704475217
17/03/2021 18:00,1.005454084,0.795805771,0.818842689,0.913576191,1.095700606,0.837390839
17/03/2021 19:00,1.083307071,0.699908701,0.932894472,1.149765587,1.226764684,1.157246751
17/03/2021 20:00,1.241068733,0.84011394,0.978026303,1.186251912,1.32,1.078976023
17/03/2021 21:00,1.16644318,0.714888375,0.987034344,1.114541908,1.260941712,0.878101583
17/03/2021 22:00,1.003297946,0.678319657,0.896041933,0.932611861,1.064860122,0.879184411
17/03/2021 23:00,0.779123009,0.526674857,0.718924672,0.812174777,0.836976358,0.698873766
18/03/2021 00:00,0.600949194,0.406007767,0.470632804,0.716792989,0.649273571,0.466874177
18/03/2021 01:00,0.487315293,0.329424605,0.421410837,0.468052405,0.64249162,0.499809861
18/03/2021 02:00,0.414961636,0.297,0.310121899,0.396952563,0.448980082,0.363836297
18/03/2021 03:00,0.421452944,0.297,0.417026478,0.367538069,0.414084871,0.32043724
18/03/2021 04:00,0.297,0.297,0.321890483,0.396297975,0.405706254,0.328829313
18/03/2021 05:00,0.46478109,0.297,0.362196774,0.393826886,0.45122944,0.370014024
18/03/2021 06:00,0.595855487,0.575038395,0.510990154,0.63304975,0.644171092,0.522021623
18/03/2021 07:00,0.586458588,0.47218713,0.599074208,0.667641677,0.755193133,0.612005148
18/03/2021 08:00,0.69034928,0.375330526,0.564175136,0.67848399,0.746330802,0.604827951
18/03/2021 09:00,0.728902932,0.462308847,0.683478121,0.653540942,0.874049242,0.600400151
18/03/2021 10:00,0.729553099,0.492598344,0.625537386,0.697217106,0.788555396,0.639042966
18/03/2021 11:00,0.744844074,0.51463179,0.652900103,0.728203344,0.829389511,0.666981181
18/03/2021 12:00,0.820422896,0.554554712,0.704043074,0.689553967,0.886912485,0.718832292
18/03/2021 13:00,0.95376971,0.49882953,0.70901105,0.802905701,0.897248675,0.723029723
18/03/2021 14:00,0.778263774,0.486162475,0.741099152,0.648632724,0.841145476,0.681678204
18/03/2021 15:00,0.772204559,0.522392152,0.662258125,0.738133312,0.834841056,0.855471666
18/03/2021 16:00,0.7675716,0.518714161,0.658073469,0.733939776,0.829801753,0.672469692
18/03/2021 17:00,0.799533577,0.540418296,0.683622897,0.764202858,0.864355692,0.700845821
18/03/2021 18:00,0.951820713,0.643337672,0.816101431,0.778169344,1.02876056,0.833829399
18/03/2021 19:00,1.132131703,0.765856955,0.954789465,1.081213268,1.216684922,0.991000046
18/03/2021 20:00,1.32,0.83362014,1.064709686,1.187483339,1.32,1.082011869
18/03/2021 21:00,1.149206468,0.788994455,1.24223071,1.114978322,1.261119913,1.022016596
18/03/2021 22:00,0.984627975,0.670875631,0.858742946,0.947840496,1.082545969,0.909224171
18/03/2021 23:00,0.77865067,0.526443787,0.593988546,0.744317101,0.841936612,0.682886788
19/03/2021 00:00,0.610749459,0.414340208,0.451773717,0.58581069,0.662806386,0.537009881
19/03/2021 01:00,0.487826697,0.32983809,0.418470836,0.465400329,0.527506971,0.427502489
19/03/2021 02:00,0.416979427,0.297,0.342317604,0.401338817,0.450329564,0.364908749
19/03/2021 03:00,0.455378384,0.412438708,0.339659829,0.37858947,0.42816123,0.346990558
19/03/2021 04:00,0.378783106,0.297,0.325326052,0.362083143,0.409500015,0.331846633
19/03/2021 05:00,0.42287296,0.297,0.362649442,0.404237056,0.638313753,0.370610194
19/03/2021 06:00,0.5962784,0.412628463,0.511352362,0.692445949,0.645636012,0.52249952
19/03/2021 07:00,0.698893422,0.505494287,0.534714043,0.667992158,0.889747437,0.612299684
19/03/2021 08:00,0.690530647,0.466955345,0.624638741,0.656306158,0.763123481,0.604523271
19/03/2021 09:00,0.688051836,0.688293349,0.590109078,0.779368336,0.743857716,0.602547196
19/03/2021 10:00,0.694106428,0.492965486,0.625461442,0.648360074,0.788442882,0.487942371
19/03/2021 11:00,0.869508708,0.532237316,0.624182223,0.727276449,0.82278834,0.594787044
19/03/2021 12:00,0.820004746,0.554268213,0.705512224,0.783781331,0.886453519,0.718391863
19/03/2021 13:00,0.828165413,0.568953555,0.710145161,0.791477517,0.895878005,0.725735568
19/03/2021 14:00,0.769593314,0.524362826,0.666609055,0.743032157,0.84060758,0.681031846
19/03/2021 15:00,0.77030889,0.521379595,0.767451465,0.739385225,0.833813429,0.6757363
19/03/2021 16:00,0.790774122,0.51803915,0.657317366,0.732603465,0.828601746,0.67150339
19/03/2021 17:00,0.797702319,0.539596198,0.671742107,0.754042182,0.755977366,0.87823113
19/03/2021 18:00,1.150986091,0.645613769,1.047301341,0.908376481,1.027382556,0.832661322
19/03/2021 19:00,1.12959526,0.764400164,0.89531515,1.079748581,1.241173262,0.989658282
19/03/2021 20:00,1.245177759,0.84158302,1.067853917,1.190051266,1.32,1.090922244
19/03/2021 21:00,1.273660347,0.789480768,1.001523923,1.116295374,1.262524864,1.186921282
19/03/2021 22:00,1.120191805,0.675657415,0.857215051,0.918499231,1.080581573,0.870096473
19/03/2021 23:00,0.768456291,0.524838385,0.653211123,0.745924876,0.87339131,0.678508363
20/03/2021 00:00,0.625027765,0.478246667,0.459061854,0.597424636,0.675530056,0.5476051
20/03/2021 01:00,0.528545397,0.361085766,0.452968107,0.50519202,0.571493113,0.463048231
20/03/2021 02:00,0.297,0.297,0.358397458,0.399245476,0.437180155,0.404258997
20/03/2021 03:00,0.322527999,0.297,0.348988459,0.388980325,0.439928883,0.356520874
20/03/2021 04:00,0.379208502,0.297,0.305746691,0.297,0.378992887,0.331898617
20/03/2021 05:00,0.424215749,0.297,0.363701097,0.444040313,0.45845041,0.304269469
20/03/2021 06:00,0.649988186,0.4708902,0.32787572,0.538047053,0.484459485,0.524169579
20/03/2021 07:00,0.697294345,0.530780802,0.60057987,0.669345149,0.756931415,0.615336124
20/03/2021 08:00,0.691470397,0.462688501,0.593520391,0.623498605,0.92046109,0.606469206
20/03/2021 09:00,0.601224232,0.426962842,0.591361237,0.623511686,0.763273464,0.59773702
20/03/2021 10:00,0.776572534,0.458220999,0.62700451,0.698912275,0.761789106,0.526916787
20/03/2021 11:00,0.763168533,0.515847609,0.656026162,0.729479432,0.832539908,0.6686091
20/03/2021 12:00,1.006732819,0.555944244,0.705424535,0.791637692,0.937483899,0.720435624
20/03/2021 13:00,0.892254231,0.561480861,0.712363072,0.794283136,1.070266638,0.727800662
20/03/2021 14:00,0.781454217,0.527298637,0.668986876,0.7455887,0.843270842,0.68353748
20/03/2021 15:00,0.774095346,0.523356115,0.664005754,0.740480574,0.846817883,0.678318099
20/03/2021 16:00,0.769652866,0.491730112,0.753369026,0.73782031,0.832038476,0.674301614
20/03/2021 17:00,0.801381767,0.541831966,0.687490479,0.766206328,0.866459263,0.634799613
20/03/2021 18:00,0.954610921,0.644787633,0.860085811,0.904079742,1.007225773,0.835523566
20/03/2021 19:00,1.132732806,0.847112835,0.987268459,1.083322967,1.205622676,0.990996246
20/03/2021 20:00,1.248595308,0.83718342,1.070624796,1.19837686,1.305,1.093772977
20/03/2021 21:00,1.169933904,0.790832171,0.974920925,1.118359199,1.264963144,1.025037807
20/03/2021 22:00,1.003168978,0.676068827,0.860491141,0.961283823,1.084748963,0.873915888
20/03/2021 23:00,0.73503507,0.493192522,0.58397973,0.69720423,0.788716888,0.639171377
21/03/2021 00:00,0.626619103,0.378884794,0.449541425,0.598364664,0.677540758,0.597671034
21/03/2021 01:00,0.662863893,0.358715322,0.453770696,0.505479312,0.571762665,0.561553468
21/03/2021 02:00,0.423944626,0.305996601,0.52732834,0.529006372,0.468772155,0.360844368
21/03/2021 03:00,0.408112643,0.297,0.349914877,0.389785227,0.441099066,0.357494841
21/03/2021 04:00,0.380863533,0.299531666,0.32630661,0.363741847,0.421433947,0.333259303
21/03/2021 05:00,0.42564208,0.297,0.297,0.406517286,0.461777161,0.320710081
21/03/2021 06:00,0.598513573,0.411878087,0.513269485,0.572241122,0.64703343,0.676134838
21/03/2021 07:00,0.755426876,0.447926434,0.600495962,0.672175552,0.757322085,0.613949397
21/03/2021 08:00,0.692066412,0.46838852,0.662897584,0.661480305,0.748197542,0.616402481
21/03/2021 09:00,0.689553644,0.466100889,0.591350265,0.659092486,0.745451222,0.606049973
21/03/2021 10:00,0.728875301,0.49268631,0.625095482,0.827599267,0.787885296,0.641800218
21/03/2021 11:00,0.74407334,0.513774711,0.57839861,0.727223567,1.055623948,0.666892588
21/03/2021 12:00,0.819478056,0.646597893,0.629841283,0.779067238,0.835809681,0.712652739
21/03/2021 13:00,0.827381158,0.559134433,0.942567627,0.791144551,0.894760892,0.669835714
21/03/2021 14:00,0.776854612,0.525050012,0.666247915,0.89317084,0.839863129,0.680619502
21/03/2021 15:00,0.770919234,0.521121082,0.661133977,0.736780658,0.833415469,0.675406599
21/03/2021 16:00,0.766162424,0.517824548,0.657051559,0.714337437,0.828282274,0.671254959
21/03/2021 17:00,0.797718191,0.540545079,0.68435226,0.762722455,0.862679008,0.76003136
21/03/2021 18:00,0.950334222,0.642252147,0.794643738,0.908377381,0.997465145,0.848616165
21/03/2021 19:00,1.129605559,0.763507037,0.968708885,1.079673691,1.196536769,0.989530844
21/03/2021 20:00,1.244814583,0.841660013,1.068023415,1.190186629,1.305,1.090954228
21/03/2021 21:00,1.165978647,0.668953799,1.000265311,1.115137356,1.295383112,1.013834578
21/03/2021 22:00,0.999672819,0.677442693,0.820882393,0.955966855,1.080668939,0.876999946
21/03/2021 23:00,0.845782625,0.530230814,0.514606091,0.745264875,0.842945631,0.733634525
22/03/2021 00:00,0.61265043,0.4141184,0.525398562,0.602108731,0.662286794,0.492698309
22/03/2021 01:00,0.487128106,0.329965135,0.418690378,0.631219073,0.528453805,0.427699376
22/03/2021 02:00,0.382366214,0.297,0.352267345,0.397791028,0.449859205,0.4483026
22/03/2021 03:00,0.394869994,0.297,0.382204046,0.368914117,0.423251795,0.346005524
22/03/2021 04:00,0.377239632,0.297,0.403265222,0.360765466,0.333698052,0.330494067
22/03/2021 05:00,0.422440933,0.297,0.362065469,0.403567155,0.456365409,0.398652783
22/03/2021 06:00,0.595622402,0.402607465,0.511402693,0.44531853,0.643897112,0.495048242
22/03/2021 07:00,0.698190863,0.551748642,0.571358461,0.666874706,0.75496576,0.611458777
22/03/2021 08:00,0.668621479,0.396133693,0.591817922,0.550349014,0.746036298,0.604595939
22/03/2021 09:00,0.687831109,0.464520229,0.479958508,0.657427764,0.742949035,0.60259664
22/03/2021 10:00,0.729066811,0.492827026,0.879407173,0.696900056,0.788211261,0.638782005
22/03/2021 11:00,0.691467827,0.514379726,0.80785554,0.725277272,0.822686075,0.666459416
22/03/2021 12:00,0.819870061,0.55429243,0.70322471,0.783843558,0.886462651,0.718392578
22/03/2021 13:00,0.793090375,0.560238117,0.725025786,0.791967447,0.931487305,0.724800981
22/03/2021 14:00,0.77756793,0.465088904,0.531540163,0.743235387,0.76191892,0.681375729
22/03/2021 15:00,0.737004961,0.521658018,0.661795179,0.73762661,0.834149763,0.676117419
22/03/2021 16:00,0.760840799,0.654215654,0.657762093,0.678419028,0.829175342,0.629583834
22/03/2021 17:00,0.798896764,0.487655471,0.685055172,0.763624575,0.863627748,0.699566084
22/03/2021 18:00,0.951141159,0.642916543,0.815694202,0.885396684,1.033484649,0.714646582
22/03/2021 19:00,1.130700261,0.764277147,0.969190985,1.13068769,1.290613623,0.990694203
22/03/2021 20:00,1.246236186,0.842383306,1.06875187,1.191248529,1.32,1.091848182
22/03/2021 21:00,1.165741074,0.747173683,0.999893703,1.115193528,1.260222878,1.018266842
22/03/2021 22:00,1.000869758,0.676926664,0.910705812,0.95659945,1.047296633,0.876823611
22/03/2021 23:00,0.782914259,0.528524742,0.54835122,0.746871445,0.844722082,0.684582243
23/03/2021 00:00,0.608366799,0.41471548,0.497523769,0.581450314,0.657356609,0.532892738
23/03/2021 01:00,0.488045476,0.33770456,0.418558302,0.647035862,0.527608916,0.427546581
23/03/2021 02:00,0.407136707,0.297,0.297,0.390507459,0.477328164,0.357479325
23/03/2021 03:00,0.388076578,0.297,0.330439948,0.316110947,0.416538651,0.337582525
23/03/2021 04:00,0.409595579,0.297,0.323885339,0.351710001,0.378537894,0.330880969
23/03/2021 05:00,0.389911007,0.297,0.534355626,0.576461249,0.440707943,0.405184378
23/03/2021 06:00,0.480023842,0.468886201,0.511093105,0.569700057,0.64426214,0.421324561
23/03/2021 07:00,0.694714167,0.472210676,0.599599113,0.667271278,0.755229553,0.612149078
23/03/2021 08:00,0.690305423,0.466594348,0.592264431,0.659719677,0.746191643,0.60477031
23/03/2021 09:00,0.687902983,0.355722523,0.589948353,0.565646386,0.743668992,0.597719613
23/03/2021 10:00,0.729370379,0.492895872,0.625334535,0.699704511,0.788272085,0.639298173
23/03/2021 11:00,0.761670285,0.508005629,0.659937886,0.726800497,0.823043552,0.666700745
23/03/2021 12:00,0.819965897,0.547764321,0.603445164,0.783767591,0.886371878,0.66798311
23/03/2021 13:00,0.828190084,0.5598819,0.778663257,0.75210587,0.854566048,0.72592805
23/03/2021 14:00,0.809804736,0.508982731,0.767145401,0.743099986,0.840423027,0.684092115
23/03/2021 15:00,0.611217237,0.521485913,0.661609517,0.751418453,0.834017266,0.675895689
23/03/2021 16:00,0.769205615,0.6908667,0.587620677,0.73287827,0.828966355,0.784239018
23/03/2021 17:00,0.798589989,0.531077785,0.691068899,0.763292727,0.845220819,0.699661477
23/03/2021 18:00,0.950769709,0.642796979,0.807545779,0.855926408,1.027838703,0.832980593
23/03/2021 19:00,1.130076413,0.76365944,0.864189405,1.082778876,1.23268486,0.985238464
23/03/2021 20:00,1.246130996,0.814919279,1.070360755,1.249931474,1.32,1.091719204
23/03/2021 21:00,1.149267948,0.775540863,0.984422873,1.059026027,1.130322943,1.005198001
23/03/2021 22:00,1.000264484,0.633204359,0.773962889,0.956132814,1.08136151,0.761290457
23/03/2021 23:00,0.782632379,0.529026903,0.716759022,0.748114732,0.846110303,0.864611774
24/03/2021 00:00,0.601086623,0.395239402,0.514707523,0.575193666,0.6522496,0.526653389
24/03/2021 01:00,0.487769448,0.329427364,0.47087406,0.435675068,0.527250891,0.44069293
24/03/2021 02:00,0.415548731,0.297,0.356426229,0.397202078,0.449206696,0.399078938
24/03/2021 03:00,0.385269327,0.297,0.330420479,0.368260411,0.41649859,0.338308772
24/03/2021 04:00,0.374093886,0.297,0.324542859,0.361538354,0.461384769,0.33137914
24/03/2021 05:00,0.423138312,0.297,0.321620748,0.404455606,0.457437491,0.369746784
24/03/2021 06:00,0.596680734,0.403305622,0.511688664,0.570266872,0.645325267,0.522754363
24/03/2021 07:00,0.699378711,0.472731308,0.599777654,0.660708879,0.755362855,0.612770601
24/03/2021 08:00,0.69112824,0.297,0.592717728,0.660631238,0.822636048,0.60552154
24/03/2021 09:00,0.689131761,0.465800747,0.727456153,0.657818328,0.594801962,0.603409454
24/03/2021 10:00,0.730093109,0.49347193,0.66885225,0.649837219,0.789196048,0.639612779
24/03/2021 11:00,0.80236796,0.517663322,0.652471593,0.728259509,0.975501357,0.70302696
24/03/2021 12:00,0.817940793,0.630905673,0.703907551,0.779835799,0.898877696,0.809703927
24/03/2021 13:00,0.828874434,0.467411421,0.738108341,0.862508262,0.89613796,0.72626869
24/03/2021 14:00,0.659411749,0.464924583,0.667262183,0.834006384,0.841134006,0.681662569
24/03/2021 15:00,0.771099927,0.521917429,0.662053296,0.690113157,0.834584771,0.676371147
24/03/2021 16:00,0.812387894,0.49026448,0.682882698,0.676440978,0.803812901,0.672030902
24/03/2021 17:00,0.798589453,0.539868459,0.546019708,0.773680045,0.863454361,0.699839973
24/03/2021 18:00,0.950674898,0.65717643,0.815265347,0.87889365,1.027734992,0.832937719
24/03/2021 19:00,1.129791071,0.763672529,0.897329199,0.925582676,1.221347186,0.989795274
24/03/2021 20:00,1.246910627,0.841631965,1.069339171,1.209681588,1.32,1.092380444
24/03/2021 21:00,1.128942934,0.763109205,0.963627436,1.094268506,1.220482456,0.989160462
24/03/2021 22:00,0.999149824,0.640977243,0.856891715,1.054160707,1.111137407,0.858493049
24/03/2021 23:00,0.755988107,0.519008508,0.618289564,0.727886529,0.830062618,0.62900706
25/03/2021 00:00,0.608729719,0.411482719,0.55733003,0.581859406,0.660475912,0.696460651
25/03/2021 01:00,0.495221693,0.334856303,0.42473533,0.473424102,0.535422537,0.433904785
25/03/2021 02:00,0.422682397,0.297,0.362514967,0.404014099,0.433920043,0.370298292
25/03/2021 03:00,0.383155478,0.297,0.328897941,0.412133329,0.415366358,0.335997646
25/03/2021 04:00,0.376421368,0.297,0.322815881,0.359812067,0.406919077,0.353360072
25/03/2021 05:00,0.359854835,0.29877255,0.358233102,0.3990118,0.652477345,0.365735141
25/03/2021 06:00,0.589650005,0.307858004,0.47431127,0.562880592,0.637437226,0.516736996
25/03/2021 07:00,0.627101707,0.42545543,0.539795136,0.601628586,0.680428481,0.551454682
25/03/2021 08:00,0.658845777,0.445240636,0.56504763,0.6372661,0.712262389,0.577240985
25/03/2021 09:00,0.715265372,0.379768569,0.574918664,0.641043132,0.724768872,0.70899446
25/03/2021 10:00,0.806705822,0.510499532,0.647564735,0.673765221,0.816410093,0.66153063
25/03/2021 11:00,0.855213271,0.505010022,0.696971636,0.776812667,0.877861662,0.712017966
25/03/2021 12:00,0.865232173,0.581673719,0.752797878,0.870279149,0.935111652,0.757854268
25/03/2021 13:00,0.868485882,0.622587735,0.671710436,0.863720578,0.957643511,0.806343875
25/03/2021 14:00,1.069210236,0.757952756,0.697665018,0.801624706,0.904762652,0.733232833
25/03/2021 15:00,1.006594314,0.536004957,0.913650326,0.739687866,0.835603408,0.681309321
25/03/2021 16:00,0.686292847,0.632196014,0.657795685,0.72176835,0.828956645,0.672089652
25/03/2021 17:00,0.78567667,0.53102631,0.673724978,0.735239002,0.827984728,0.750783508
25/03/2021 18:00,0.932201386,0.663750213,0.79953162,0.888034115,1.007818337,0.805301647
25/03/2021 19:00,0.975255544,0.714355532,0.922383281,1.026582559,1.16105079,0.852402646
25/03/2021 20:00,1.233049885,0.832268858,1.055903215,1.066511606,1.331066784,1.078667355
25/03/2021 21:00,1.054491747,0.739444265,0.938132495,1.045629758,1.305,0.96912807
25/03/2021 22:00,0.917057448,0.619878408,0.786467712,0.880566836,0.991358204,0.779668897
25/03/2021 23:00,0.817466842,0.494189467,0.672383736,0.698821487,0.790346147,0.791115881
26/03/2021 00:00,0.600474902,0.516144981,0.514964379,0.573971813,0.649382192,0.524287541
26/03/2021 01:00,0.37268516,0.330064831,0.417796491,0.472445778,0.624138686,0.418099979
26/03/2021 02:00,0.404450669,0.297,0.356513141,0.397941929,0.449421936,0.364297262
26/03/2021 03:00,0.362082181,0.297,0.308711201,0.344081717,0.418940878,0.313139846
26/03/2021 04:00,0.327792489,0.297,0.297,0.297,0.354557187,0.297
26/03/2021 05:00,0.562522008,0.297,0.419692462,0.351803568,0.398169431,0.297
26/03/2021 06:00,0.529162848,0.357439867,0.453715251,0.505811853,0.575788227,0.431831977
26/03/2021 07:00,0.541187152,0.297,0.464166485,0.517334932,0.617933181,0.474991194
26/03/2021 08:00,0.627092936,0.423836617,0.42852156,0.599405676,0.677918985,0.549399623
26/03/2021 09:00,0.658853601,0.431334462,0.564669241,0.744576413,0.757073658,0.577136115
26/03/2021 10:00,0.773723457,0.470490965,0.66865558,0.744911504,0.676386832,0.682651756
26/03/2021 11:00,0.858764082,0.580614066,0.736617134,0.820876099,0.928395641,0.752596402
26/03/2021 12:00,0.909349975,0.614858441,0.707895979,1.041529253,0.931217781,0.796840784
26/03/2021 13:00,1.051598012,0.698288004,0.878050679,0.98743496,1.123319726,0.905052083
26/03/2021 14:00,0.898368769,0.626233118,0.794426632,0.885451612,1.00134828,0.815819186
26/03/2021 15:00,0.815646405,0.551229203,0.590678514,0.774693723,0.881750201,0.877638436
26/03/2021 16:00,0.815893292,0.612666799,0.699416853,0.779802141,0.881889526,0.714736802
26/03/2021 17:00,0.824060268,0.827086258,0.706862487,0.787688117,0.89086139,0.725169471
26/03/2021 18:00,0.970689648,0.656118319,0.789513953,0.927841395,1.049352631,0.847326734
26/03/2021 19:00,1.081680271,0.821754163,0.930208613,1.142849237,1.121332334,0.947660834
26/03/2021 20:00,1.279924396,0.865168416,1.097545601,1.223418806,1.32,1.121349417
26/03/2021 21:00,1.164580456,0.778304274,1.032688981,1.102043231,1.246261662,1.010086423
26/03/2021 22:00,0.926393909,0.626192399,0.785253461,0.885229728,0.949344133,0.811615345
26/03/2021 23:00,0.764543076,0.560028898,0.724950253,0.731761323,0.827602712,0.675641727
27/03/2021 00:00,0.630266403,0.447147294,0.567308678,0.67083806,0.66146686,0.579542475
27/03/2021 01:00,0.500485078,0.370496196,0.687214495,0.528826421,0.592404047,0.480202354
27/03/2021 02:00,0.571095231,0.315708326,0.41624473,0.463949822,0.524725311,0.425238064
27/03/2021 03:00,0.411279594,0.297,0.353691833,0.394001618,0.420517784,0.347639797
27/03/2021 04:00,0.353514529,0.297,0.316423826,0.350902581,0.382164314,0.309698414
27/03/2021 05:00,0.386910335,0.297,0.297,0.419331869,0.419188889,0.347325303
27/03/2021 06:00,0.571608742,0.361830326,0.410654298,0.512119185,0.578687392,0.468738977
27/03/2021 07:00,0.386102997,0.334965547,0.338588269,0.473697551,0.611647983,0.448970332
27/03/2021 08:00,0.653649463,0.441797652,0.557510844,0.624737441,0.706630881,0.572310205
27/03/2021 09:00,0.712502606,0.476130101,0.662379483,0.834587093,0.762356101,0.618119813
27/03/2021 10:00,0.836140838,0.481743823,0.740534407,0.82199918,0.933632333,0.756570528
27/03/2021 11:00,0.96498486,0.652284318,0.827544174,0.922358734,1.043213771,0.845431909
27/03/2021 12:00,0.939007322,0.681752223,1.026366553,0.964109027,1.090332594,0.88363351
27/03/2021 13:00,1.149051176,0.776646733,0.985348734,0.959442653,1.242088989,1.005730245
27/03/2021 14:00,1.014414536,0.625250746,0.870236301,0.969690571,1.096648821,1.060743098
27/03/2021 15:00,0.851725327,0.575593051,0.730529103,0.834821864,0.920607316,0.746064813
27/03/2021 16:00,0.933317714,0.577214407,0.642711568,0.820484508,0.922929102,0.748118642
27/03/2021 17:00,0.849305393,0.57250787,0.734327816,0.811777489,0.926521397,0.744008922
27/03/2021 18:00,0.989642034,0.668537933,0.848251882,0.945447604,1.06928078,0.866540305
27/03/2021 19:00,1.08810542,0.719365744,0.896195968,0.977736096,1.150806828,0.932380024
27/03/2021 20:00,1.23994538,0.871946348,1.106046448,1.222024446,1.272016367,1.130180829
27/03/2021 21:00,1.148454049,0.929611968,1.073043163,1.225365757,1.264988786,1.062141162
27/03/2021 22:00,0.866529553,0.585671375,0.743104442,0.828190897,0.94188152,0.759148911
27/03/2021 23:00,0.860841392,0.49584397,0.62909481,0.701163992,0.792316479,0.604776853
28/03/2021 00:00,0.651964599,0.445688968,0.492326837,0.630246681,0.712749107,0.57758297
28/03/2021 01:00,0.757078382,0.337986788,0.468414773,0.522004586,0.693946276,0.568350648
28/03/2021 02:00,0.70575894,0.3099958,0.406588333,0.616106087,0.512508912,0.415760803
28/03/2021 03:00,0.485218051,0.297,0.35137588,0.391468735,0.442372456,0.340314766
28/03/2021 04:00,0.351891388,0.297,0.301763304,0.297,0.380398715,0.308292597
28/03/2021 05:00,0.443296601,0.297,0.333733453,0.369211151,0.417572413,0.33842244
28/03/2021 06:00,0.533930586,0.36087365,0.457871921,0.635887624,0.534235052,0.313681936
28/03/2021 07:00,0.497550965,0.338074234,0.426629335,0.469679433,0.537812448,0.435834582
28/03/2021 08:00,0.655744506,0.427421922,0.562360873,0.539774041,0.708871368,0.626165815
28/03/2021 09:00,0.70454216,0.473190193,0.603712636,0.67356687,0.761777352,0.617374598
28/03/2021 10:00,0.863211921,0.584517099,0.740046497,0.824844791,0.932975394,0.756011646
28/03/2021 11:00,0.98049966,0.652037235,0.857304501,0.921527903,1.042574473,0.84539788
28/03/2021 12:00,1.008769948,0.681707621,0.83131196,0.964008957,1.091068935,0.883713197
28/03/2021 13:00,1.14921079,0.772944798,0.985234877,1.118845459,1.305,1.009228885
28/03/2021 14:00,1.014994246,0.686073886,0.870125058,0.970209983,1.176665249,0.92235211
28/03/2021 15:00,0.853575616,0.558072461,0.746944456,0.815051934,0.921605638,0.722297306
28/03/2021 16:00,0.855185615,0.578123076,0.79521354,0.817004987,0.874323081,0.749164511
28/03/2021 17:00,0.850792438,0.574704676,0.729081229,0.80807095,0.919747913,0.745382908
28/03/2021 18:00,0.991171317,0.678243483,0.849787422,0.834732842,1.070795903,0.855447602
28/03/2021 19:00,1.06644307,0.745534597,0.91440504,0.98744391,1.152297052,0.841229285
28/03/2021 20:00,1.234926115,0.834741479,0.95058942,1.180393802,1.334654036,1.081931131
28/03/2021 21:00,0.977759597,0.741742961,0.940741254,1.080632062,1.186064004,0.960937825
28/03/2021 22:00,0.910618752,0.519055631,0.779978833,0.870205967,0.985720202,0.871123768
28/03/2021 23:00,0.721441961,0.487638021,0.61868535,0.563878493,0.779916292,0.632043284
29/03/2021 00:00,0.492755844,0.468541499,0.512232607,0.578051741,0.653978147,0.548225847
29/03/2021 01:00,0.553176305,0.297,0.437723131,0.469975798,0.531413178,0.430719988
29/03/2021 02:00,0.471496542,0.297,0.37677001,0.419984574,0.369967427,0.38510497
29/03/2021 03:00,0.379094276,0.297,0.364365117,0.416885396,0.590330486,0.333221356
29/03/2021 04:00,0.346845367,0.297,0.297445619,0.326371826,0.458029056,0.297
29/03/2021 05:00,0.375014067,0.297,0.321040408,0.358457447,0.405345183,0.328542385
29/03/2021 06:00,0.785571543,0.359077925,0.545014841,0.483042055,0.623417386,0.465295926
29/03/2021 07:00,0.552640483,0.364332551,0.472212033,0.573334049,0.443354085,0.484168757
29/03/2021 08:00,0.650810582,0.439920844,0.753367348,0.621737187,0.703579249,0.570067881
29/03/2021 09:00,0.680288032,0.459848177,0.583387464,0.650251589,0.735419133,0.601005453
29/03/2021 10:00,0.780423511,0.527529922,0.669258719,0.745901451,0.843694132,0.683736557
29/03/2021 11:00,0.847541343,0.572887121,0.698549009,0.868417539,0.916227077,0.742538685
29/03/2021 12:00,0.899311653,0.454344295,0.749047122,0.859599495,0.901775729,0.788055041
29/03/2021 13:00,0.974093472,0.658436226,0.827147447,0.931084087,1.05303383,0.853409988
29/03/2021 14:00,0.881879868,0.756289743,0.755147969,0.842990746,0.953352756,0.848302816
29/03/2021 15:00,0.797900247,0.507549524,0.684846725,0.752650539,0.862616953,0.699028727
29/03/2021 16:00,0.743420816,0.538788249,0.683666014,0.761868424,0.861745248,0.698335899
29/03/2021 17:00,0.843480164,0.548171332,0.696838591,0.775215451,0.876747836,0.709815464
29/03/2021 18:00,0.961017818,0.646041284,0.819529751,0.918159403,1.032808903,0.8388066
29/03/2021 19:00,1.084518203,0.73313581,1.033578439,1.03603967,1.172713151,0.979914201
29/03/2021 20:00,1.251780552,0.847940048,1.056325749,1.199201825,1.32,1.09902008
29/03/2021 21:00,1.215548226,0.772402877,1.073694817,1.122574164,1.269583919,1.029287635
29/03/2021 22:00,0.943868439,0.601072704,0.809424637,0.902299975,0.982844183,0.827194712
29/03/2021 23:00,0.764253272,0.502212115,0.649520887,0.563274145,0.803200554,0.650913298
30/03/2021 00:00,0.47577112,0.394465996,0.501627834,0.592016179,0.632347515,0.433780757
30/03/2021 01:00,0.504780045,0.340649078,0.432888574,0.482493421,0.545695847,0.442435193
30/03/2021 02:00,0.606517465,0.297,0.545795322,0.44235499,0.465672038,0.373520905
30/03/2021 03:00,0.331043028,0.297,0.332580016,0.439964486,0.419419144,0.333468415
30/03/2021 04:00,0.367685294,0.297,0.315837466,0.351952763,0.397599681,0.322590852
30/03/2021 05:00,0.297,0.297,0.347264389,0.386865512,0.410138513,0.354579907
30/03/2021 06:00,0.56891596,0.384574686,0.487915382,0.5438234,0.61510259,0.497932794
30/03/2021 07:00,0.624935476,0.422388976,0.54216909,0.597386794,0.675931608,0.572355902
30/03/2021 08:00,0.854312619,0.454125753,0.577411771,0.64745761,0.734823077,0.58832889
30/03/2021 09:00,0.647341855,0.468932868,0.596282556,0.664607115,0.771993231,0.60915493
30/03/2021 10:00,0.73845766,0.498008587,0.6331918,0.649136903,0.796476721,0.598617882
30/03/2021 11:00,0.76812965,0.5196313,0.659211725,0.734741172,0.830982803,0.673437485
30/03/2021 12:00,0.801438035,0.546189838,0.709682508,0.791110497,0.895314567,0.725098445
30/03/2021 13:00,0.820335436,0.663447862,0.716627898,0.798684368,0.903470243,0.732150347
30/03/2021 14:00,0.73652065,0.514898837,0.672836297,0.605463234,0.809331611,0.687290751
30/03/2021 15:00,0.773263421,0.515602706,0.72311242,0.740427295,0.825664985,0.678640233
30/03/2021 16:00,0.697535682,0.491938557,0.654778189,0.596832133,0.83142646,0.674449522
30/03/2021 17:00,0.801028521,0.540812302,0.686933832,0.826883592,0.865939052,0.701774868
30/03/2021 18:00,0.951176078,0.605280265,0.815747599,0.977638024,0.960027882,1.031330798
30/03/2021 19:00,1.091154927,0.765098895,0.970701457,0.9980495,1.225797816,0.991692433
30/03/2021 20:00,1.247163823,0.843023794,0.919746987,1.192101907,1.32,1.044645847
30/03/2021 21:00,1.166575746,0.788539654,1.00043696,1.057472595,1.261129636,1.054629189
30/03/2021 22:00,1.013541642,0.690887624,0.869222608,1.002470229,1.108488082,0.961390454
30/03/2021 23:00,0.778809513,0.526001569,0.667893553,0.744532511,0.860885832,0.678418162
31/03/2021 00:00,0.538559541,0.38844491,0.493569662,0.729886067,0.622235006,0.504329869
31/03/2021 01:00,0.365468512,0.334643242,0.424570621,0.36449425,0.542800752,0.420922618
31/03/2021 02:00,0.416320419,0.297,0.407932285,0.398196014,0.442642907,0.367225675
31/03/2021 03:00,0.380870897,0.297,0.326645862,0.364076254,0.411770233,0.297
31/03/2021 04:00,0.368436744,0.297,0.316141398,0.352160166,0.398331827,0.322787718
31/03/2021 05:00,0.42326452,0.297,0.363228888,0.297,0.457607236,0.370598535
31/03/2021 06:00,0.700004508,0.434433904,0.511642463,0.570184605,0.610673357,0.52274492
31/03/2021 07:00,0.711312247,0.472683035,0.574331882,0.668460078,0.759966609,0.612476975
31/03/2021 08:00,0.690933673,0.297,0.592227507,0.618093638,0.660726606,0.677967248
31/03/2021 09:00,0.62668273,0.465444679,0.590550482,0.658243887,0.744459319,0.603244925
31/03/2021 10:00,0.693991422,0.493409439,0.62600745,0.697253211,0.879013279,0.634791172
31/03/2021 11:00,0.718398905,0.513553132,0.653219676,0.728175451,0.823602905,0.667428667
31/03/2021 12:00,0.769633939,0.554834838,0.703915055,0.784561451,0.887378054,0.681205731
31/03/2021 13:00,0.829118158,0.56029834,0.710569391,0.792495734,0.896313192,0.726825794
31/03/2021 14:00,0.77835928,0.52613788,0.667533321,0.744013019,0.841465899,0.559521343
31/03/2021 15:00,0.783206863,0.522088938,0.812191607,0.902947605,0.835049372,0.677055757
31/03/2021 16:00,0.767558979,0.534798921,0.64656784,0.733900654,0.746092881,0.672615447
31/03/2021 17:00,0.799639698,0.535027137,0.613706642,0.764161981,0.864366782,0.699707229
31/03/2021 18:00,0.948221357,0.643388047,0.70563364,1.09090058,1.028899572,0.866844415
31/03/2021 19:00,1.131058979,0.780406023,1.084957,1.081048968,1.222832268,0.898517789
31/03/2021 20:00,1.223629254,0.713855212,1.069092974,1.187487437,1.32,1.092206699
31/03/2021 21:00,1.163890566,0.792,1.000204512,1.073059024,1.260837865,1.047382393
31/03/2021 22:00,1.115717198,0.700877665,0.834506517,0.930302252,1.051987301,0.852558414
31/03/2021 23:00,0.779036574,0.571525253,0.606135876,0.744645692,0.844484536,0.63671495
01/04/2021 00:00,0.576118413,0.351391928,0.493938302,0.550707209,0.622649901,0.498203155
01/04/2021 01:00,0.495346062,0.334944261,0.431260591,0.473716823,0.590759958,0.434201311
01/04/2021 02:00,0.44090832,0.298077764,0.378173881,0.421480773,0.47642581,0.454868832
01/04/2021 03:00,0.386753236,0.297,0.331731563,0.369745498,0.418607617,0.297
01/04/2021 04:00,0.363591059,0.346573872,0.306195849,0.346962062,0.392492218,0.318212301
01/04/2021 05:00,0.547048961,0.297,0.358623296,0.297,0.452184068,0.365822397
01/04/2021 06:00,0.477476686,0.361024873,0.458478671,0.511048456,0.809591552,0.468347653
01/04/2021 07:00,0.647246646,0.437501857,0.534928408,0.618673881,0.868008075,0.567049371
01/04/2021 08:00,0.656618111,0.449225949,0.570384211,0.630186658,0.71843316,0.582241156
01/04/2021 09:00,0.71406118,0.550933848,0.543102241,0.573952539,0.687876882,0.608126197
01/04/2021 10:00,0.921422566,0.512434086,0.664145545,0.679601457,0.810035505,0.656286868
01/04/2021 11:00,0.939027955,0.586730924,0.723769955,0.774128264,0.912392442,0.737140826
01/04/2021 12:00,0.845287034,0.571361403,0.724947432,0.831418757,0.913803166,0.620533897
01/04/2021 13:00,0.896684515,0.517641321,0.756584704,0.843248634,0.953689488,0.761055574
01/04/2021 14:00,0.75866304,0.487065235,0.650483885,0.725121818,0.820040439,0.664611192
01/04/2021 15:00,0.751508643,0.507998117,0.644502015,0.718365482,0.784562513,0.571997283
01/04/2021 16:00,0.745417441,0.503983411,0.713120442,0.712735494,0.778950149,0.653158899
01/04/2021 17:00,0.776195519,0.52474212,0.481123418,0.730664136,0.839249585,0.706822141
01/04/2021 18:00,0.927400115,0.680739876,0.795329399,0.833588517,1.002563314,0.862438424
01/04/2021 19:00,1.062123497,0.747357062,0.947820067,1.056962487,1.195257369,0.97940486
01/04/2021 20:00,1.0775,0.741345122,1.046456724,1.0775,1.0775,1.0775
01/04/2021 21:00,1.140327116,0.770614815,0.938271634,1.089745064,1.233309004,0.998811154
01/04/2021 22:00,0.894086362,0.604356677,0.766615799,0.853258298,0.966586672,0.619775219
01/04/2021 23:00,0.753909997,0.424097935,0.64839279,0.689499486,0.817358449,0.662380918
02/04/2021 00:00,0.624432582,0.503613978,0.46861293,0.522307215,0.590693064,0.47873035
02/04/2021 01:00,0.461366893,0.314849261,0.436639591,0.495849435,0.503109922,0.384768591
02/04/2021 02:00,0.434877807,0.297,0.37309087,0.415844366,0.470509287,0.381147032
02/04/2021 03:00,0.369086327,0.297,0.316527008,0.297,0.399061452,0.297
02/04/2021 04:00,0.333957655,0.297,0.297,0.319136095,0.479712108,0.297
02/04/2021 05:00,0.339463972,0.297,0.330059406,0.633775183,0.419501921,0.339779601
02/04/2021 06:00,0.44475882,0.300481191,0.380976302,0.425122396,0.480806836,0.425884797
02/04/2021 07:00,0.567474951,0.297,0.472795232,0.542431991,0.613472815,0.497145525
02/04/2021 08:00,0.611754067,0.597899119,0.524428904,0.584462739,0.660901172,0.535769058
02/04/2021 09:00,0.660668849,0.460628879,0.544206819,0.651193582,0.736484925,0.596877064
02/04/2021 10:00,0.745135931,0.502456134,0.720076527,0.702830147,0.805550981,0.652859673
02/04/2021 11:00,0.873586015,0.611819736,0.775902069,0.865161234,1.098516203,0.792929571
02/04/2021 12:00,0.8722416,0.595221035,0.716832309,0.833576547,0.942704783,0.764003314
02/04/2021 13:00,0.942395264,0.633791258,0.804111189,0.889343027,1.013642904,0.943050314
02/04/2021 14:00,0.817982434,0.553865361,0.701045673,0.781329973,0.883671268,0.716140545
02/04/2021 15:00,0.913189463,0.523530181,0.689911446,0.767825728,0.868370933,0.706143662
02/04/2021 16:00,0.726066755,0.49712448,0.559150707,0.702923778,0.795121163,0.75405373
02/04/2021 17:00,0.776645007,0.582029528,0.665179978,0.701599438,0.986291575,0.673883682
02/04/2021 18:00,0.833782903,0.557761949,0.707506661,0.790198494,0.892035861,0.688227815
02/04/2021 19:00,0.922177046,0.623250074,0.790936468,0.881425269,0.996945119,0.939756496
02/04/2021 20:00,1.10554699,0.746874958,0.947549757,1.043277889,1.12875,0.968021573
02/04/2021 21:00,1.081196448,0.730821751,0.927214732,1.033381548,1.1688325,0.947258296
02/04/2021 22:00,0.781953934,0.52856028,0.670503306,0.747429745,0.845337341,0.81898335
02/04/2021 23:00,0.63323002,0.506049649,0.580088339,0.715615264,0.809347454,0.65590626
03/04/2021 00:00,0.56297295,0.380547656,0.482800014,0.53796372,0.657860394,0.493230747
03/04/2021 01:00,0.456635502,0.308643557,0.373089309,0.436423224,0.476392921,0.306042421
03/04/2021 02:00,0.449607901,0.304130255,0.385525308,0.429689367,0.485955227,0.393841835
03/04/2021 03:00,0.380544127,0.297,0.297,0.33110878,0.41777859,0.332868492
03/04/2021 04:00,0.301538104,0.297,0.306070107,0.341085988,0.386051489,0.339500109
03/04/2021 05:00,0.370268521,0.297,0.315383317,0.308250027,0.39984301,0.308711619
03/04/2021 06:00,0.367436712,0.297,0.320038994,0.356857189,0.403463422,0.428814126
03/04/2021 07:00,0.507131173,0.343115208,0.435213904,0.485092283,0.549482113,0.444618708
03/04/2021 08:00,0.618762012,0.390758162,0.49576104,0.552265913,0.624943913,0.50646723
03/04/2021 09:00,0.518137013,0.494022249,0.619165722,0.653886236,0.749594132,0.599521221
03/04/2021 10:00,0.758968404,0.497008573,0.651292951,0.723253715,0.835964215,0.665352154
03/04/2021 11:00,0.983512905,0.664796032,0.843569404,0.940090342,1.063244648,0.819133427
03/04/2021 12:00,0.904324479,0.61154181,0.775543968,0.86436761,0.977816543,0.833420071
03/04/2021 13:00,1.001492858,0.67904023,0.929097106,0.960085225,1.086946756,0.890575503
03/04/2021 14:00,0.741231862,0.594125554,0.942445842,1.000494027,0.950185037,0.770040844
03/04/2021 15:00,0.856463646,0.578925522,0.734684462,0.785591375,0.952698762,0.751149142
03/04/2021 16:00,0.665618161,0.441716231,0.650322513,0.716015256,1.072828299,0.656283848
03/04/2021 17:00,0.776151243,0.518413278,0.665879083,0.803652522,0.839074792,0.686088174
03/04/2021 18:00,0.679260415,0.495304297,0.628158921,0.700269843,0.79213589,0.64171604
03/04/2021 19:00,0.747818032,0.585252565,0.641322808,0.71467277,0.808434364,0.655177632
03/04/2021 20:00,0.997971736,0.674570694,0.864639972,0.931339151,1.0789114,0.874323841
03/04/2021 21:00,1.030955543,0.697835756,0.83150751,0.984878085,1.0775,0.903166121
03/04/2021 22:00,0.893320636,0.603833692,0.76495269,0.838307143,0.965722425,0.792214394
03/04/2021 23:00,0.743181199,0.500094211,0.637341033,0.710372868,0.803408516,0.651116805
04/04/2021 00:00,0.578075318,0.390782121,0.49630107,0.552555318,0.624928922,0.487952483
04/04/2021 01:00,0.431036811,0.324726111,0.351591906,0.459847901,0.606588894,0.459357661
04/04/2021 02:00,0.437844412,0.297064927,0.557041788,0.420079402,0.475123713,0.385044178
04/04/2021 03:00,0.36070965,0.297,0.321430757,0.358056879,0.404939049,0.407725139
04/04/2021 04:00,0.297,0.297,0.329265733,0.367028723,0.415111382,0.377146512
04/04/2021 05:00,0.371126378,0.297,0.40701276,0.297,0.611164672,0.325058206
04/04/2021 06:00,0.480815967,0.297,0.437609607,0.389123153,0.439968741,0.356567257
04/04/2021 07:00,0.551610908,0.373215322,0.457616619,0.465819508,0.596910668,0.483559117
04/04/2021 08:00,0.586833988,0.396692145,0.503201322,0.560701482,0.593780119,0.514126084
04/04/2021 09:00,0.663029004,0.44798407,0.801769922,0.633501871,0.716487198,0.580651418
04/04/2021 10:00,0.723919498,0.462577207,0.626721945,0.691981074,0.782604618,0.634267311
04/04/2021 11:00,0.899237434,0.607833055,0.651992568,0.859435783,1.106952351,0.514724633
04/04/2021 12:00,0.859072937,0.580677959,0.736729507,0.821063785,0.928541986,0.886867863
04/04/2021 13:00,1.0775,0.695789081,0.826041166,0.935547672,0.995435036,0.843730021
04/04/2021 14:00,0.865939983,0.686680187,0.742616553,0.936870411,0.933188301,0.758570857
04/04/2021 15:00,0.843522305,0.440035745,0.742839855,0.806242818,0.911487143,0.75529101
04/04/2021 16:00,0.734237387,0.496303559,0.63131925,0.701814195,0.793749947,0.613737936
04/04/2021 17:00,0.7619487,0.51063167,0.654637101,0.729656733,0.901368928,0.668482694
04/04/2021 18:00,0.698677386,0.485350457,0.617198091,0.68792952,0.778087813,0.646407855
04/04/2021 19:00,0.734994115,0.49688147,0.63039058,0.627480022,0.870306685,0.643990965
04/04/2021 20:00,0.985249537,0.666295399,0.844853664,0.945069429,1.0775,0.863211351
04/04/2021 21:00,0.997001643,0.640043581,0.870653483,0.90132045,1.064068308,0.892134356
04/04/2021 22:00,0.909715242,0.506125463,1.034608865,0.869646518,0.983452139,0.795450738
04/04/2021 23:00,0.760408095,0.561832379,0.627361955,0.699236967,0.790744502,0.642146214
05/04/2021 00:00,0.572572084,0.386974725,0.490957003,0.547217833,0.619224238,0.516358372
05/04/2021 01:00,0.740795127,0.32655466,0.297,0.340803823,0.578292241,0.339632822
05/04/2021 02:00,0.431414074,0.297,0.369957786,0.41235813,0.429979852,0.377962239
05/04/2021 03:00,0.377130644,0.297,0.297,0.358225233,0.537291043,0.326034557
05/04/2021 04:00,0.374861422,0.297,0.297,0.358306261,0.406595176,0.328451551
05/04/2021 05:00,0.575034234,0.297,0.321508957,0.358317101,0.405283456,0.328477104
05/04/2021 06:00,0.536993304,0.297,0.363720571,0.463945468,0.429036282,0.38364137
05/04/2021 07:00,0.572995788,0.32987132,0.487000847,0.548614231,0.620409581,0.363130589
05/04/2021 08:00,0.59424983,0.401321303,0.509606495,0.568044007,0.642443022,0.53195453
05/04/2021 09:00,0.753901402,0.44062272,0.559096779,0.62312886,0.704723155,0.570367893
05/04/2021 10:00,0.707114934,0.533707844,0.529499881,0.693867305,0.684171066,0.617455697
05/04/2021 11:00,0.852204203,0.576076133,0.730743235,0.814583293,0.920334364,0.86826921
05/04/2021 12:00,0.837255993,0.709202809,0.716178473,0.798629106,1.021593254,0.731975679
05/04/2021 13:00,0.918939965,0.621106206,0.788069919,0.880832852,0.993065438,0.758888563
05/04/2021 14:00,0.830796936,0.561536874,0.760135198,0.781602148,0.875421994,0.728005806
05/04/2021 15:00,0.789314451,0.54592403,0.738192122,0.772009541,0.872165807,0.716822498
05/04/2021 16:00,0.732023711,0.495645315,0.627858823,0.699783967,0.791647306,0.641370088
05/04/2021 17:00,0.750950215,0.50785238,0.624645349,0.718271338,0.812154007,0.833595715
05/04/2021 18:00,0.735306525,0.497097302,0.630388278,0.702584048,0.794634892,0.643980491
05/04/2021 19:00,0.825560123,0.525285013,0.663742669,0.84735743,0.825601912,0.678068792
05/04/2021 20:00,1.008772822,0.626586615,0.864957706,0.963787276,1.090540482,0.892232922
05/04/2021 21:00,1.023163267,0.691987955,0.873387575,0.814631895,0.967877654,0.896857861
05/04/2021 22:00,0.986336374,0.612789251,0.777467609,0.866654654,0.980085459,0.794278537
05/04/2021 23:00,0.759049086,0.496566885,0.519612936,0.702202009,0.794179561,0.646091732
06/04/2021 00:00,0.570132922,0.385242518,0.490338896,0.544940659,0.616246168,0.434592023
06/04/2021 01:00,0.467819211,0.539103451,0.401264577,0.44706032,0.689817794,0.409919099
06/04/2021 02:00,0.43236228,0.297,0.363944874,0.409775807,0.320441275,0.375647548
06/04/2021 03:00,0.297,0.429529623,0.325359366,0.361172947,0.408449072,0.322825527
06/04/2021 04:00,0.297,0.297,0.316222298,0.355565097,0.401950153,0.326046875
06/04/2021 05:00,0.381087113,0.297,0.326717554,0.388950016,0.411771995,0.333782135
06/04/2021 06:00,0.482101039,0.326472318,0.413455305,0.461301283,0.521180507,0.426902561
06/04/2021 07:00,0.651365368,0.439766723,0.553791784,0.621861434,0.703246717,0.529192572
06/04/2021 08:00,0.692004413,0.422179925,0.535792721,0.59705205,0.589630807,0.567840857
06/04/2021 09:00,0.640606245,0.424097791,0.549323404,0.612301815,0.692460644,0.561196246
06/04/2021 10:00,0.673981769,0.403177856,0.578115069,0.643948156,0.728630649,0.590496792
06/04/2021 11:00,0.751808541,0.508162772,0.680024479,0.575431501,0.787826091,0.655532431
06/04/2021 12:00,0.789580817,0.519327628,0.672922891,0.754875093,0.832970828,0.69174288
06/04/2021 13:00,0.879334312,0.708041086,0.751888925,0.763207245,0.955843924,0.770467737
06/04/2021 14:00,0.797681969,0.538772854,0.684025027,0.763454719,0.857120005,0.698788808
06/04/2021 15:00,0.77102304,0.523961851,0.664737693,0.740979633,0.837963115,0.679086685
06/04/2021 16:00,0.732009305,0.49478837,0.627750807,0.699684929,0.791268284,0.604505901
06/04/2021 17:00,0.744325062,0.6167689,0.638135059,0.844820299,0.804595486,0.649656689
06/04/2021 18:00,0.753188905,0.535318455,0.64592258,0.719950619,0.722090807,0.659868983
06/04/2021 19:00,0.812629613,0.549477732,0.696899218,0.726904417,0.878577497,0.711889604
06/04/2021 20:00,1.12875,0.698539606,0.886252343,0.987828994,1.117172486,0.905383633
06/04/2021 21:00,1.032349855,0.759493847,0.885326454,0.98548757,1.116147442,0.884285265
06/04/2021 22:00,0.908059624,0.612692837,0.777329628,0.866398479,0.968136943,0.880656759
06/04/2021 23:00,0.729603538,0.501004643,0.635628015,0.705495942,0.801268255,0.649848569
07/04/2021 00:00,0.570568913,0.395190743,0.482841747,0.545683711,0.632288294,0.500129769
07/04/2021 01:00,0.467429739,0.504647719,0.486300541,0.406075931,0.505379372,0.409611583
07/04/2021 02:00,0.435981806,0.297,0.297,0.410403221,0.591930545,0.443711272
07/04/2021 03:00,0.377745757,0.297,0.324047354,0.371735722,0.408411218,0.308305745
07/04/2021 04:00,0.371275769,0.297,0.319083206,0.356482881,0.418286731,0.342458006
07/04/2021 05:00,0.374900435,0.297,0.33212777,0.58734231,0.418699545,0.339289213
07/04/2021 06:00,0.477501936,0.325606714,0.409740231,0.427941112,0.500400357,0.401763819
07/04/2021 07:00,0.649568162,0.412914148,0.402985119,0.619999882,0.718597067,0.569109155
07/04/2021 08:00,0.623582078,0.421504984,0.563617904,0.594950072,0.674011397,0.54614446
07/04/2021 09:00,0.639906836,0.432313428,0.71336154,0.611681562,0.688566725,0.560853683
07/04/2021 10:00,0.672701116,0.456400773,0.576771584,0.644005766,0.830907868,0.589665013
07/04/2021 11:00,0.750835866,0.583213465,0.6437558,0.720657613,0.81173216,0.658728831
07/04/2021 12:00,0.788582899,0.53304832,0.644751569,0.753762024,0.852503691,0.690878538
07/04/2021 13:00,0.795576263,0.55609818,0.723787367,0.881127233,0.910305979,0.845496337
07/04/2021 14:00,0.710793911,0.519394643,0.781314647,0.734480105,0.830670205,0.673197382
07/04/2021 15:00,0.743532729,0.589054849,0.63765061,0.710653374,0.940831536,0.661381172
07/04/2021 16:00,0.731518557,0.441112651,0.627391473,0.627353253,0.924219149,0.640927587
07/04/2021 17:00,0.735224591,0.51431687,0.631413228,0.703791809,0.795965265,0.64654191
07/04/2021 18:00,0.661341478,0.523818503,0.683380749,0.74092272,0.837743763,0.676042664
07/04/2021 19:00,0.861222991,0.582142577,0.738206031,0.82109079,0.825110184,0.75453149
07/04/2021 20:00,1.065238273,0.720607514,0.952276054,1.019514283,1.12875,0.923551768
07/04/2021 21:00,1.002296277,0.704840825,0.895329182,1.00859928,1.128639097,0.91442776
07/04/2021 22:00,0.906156352,0.612504129,0.777077484,0.866128656,0.979606077,0.79384692
07/04/2021 23:00,0.749616536,0.508472859,0.643791152,0.716981256,0.81091475,0.723208516
08/04/2021 00:00,0.57096447,0.383684941,0.490326658,0.545758717,0.617488941,0.499752758
08/04/2021 01:00,0.467301756,0.315759058,0.400246008,0.446935317,0.500244419,0.409241348
08/04/2021 02:00,0.429330423,0.369774164,0.368199286,0.410383423,0.423242248,0.376133826
08/04/2021 03:00,0.369351641,0.297,0.323427205,0.335469871,0.409490608,0.330654585
08/04/2021 04:00,0.371569244,0.297,0.318177129,0.354358608,0.401607139,0.325951394
08/04/2021 05:00,0.368513961,0.297,0.331831432,0.418910906,0.524261042,0.339018305
08/04/2021 06:00,0.48132693,0.325355518,0.412789628,0.460093653,0.520336417,0.421685245
08/04/2021 07:00,0.648911187,0.400881006,0.556527582,0.618271745,0.701572051,0.568591515
08/04/2021 08:00,0.623029194,0.421059899,0.611313546,0.64657341,0.675271697,0.544990626
08/04/2021 09:00,0.639065338,0.56004045,0.54799821,0.611303712,0.690556952,0.560291856
08/04/2021 10:00,0.904279482,0.454753569,0.57665394,0.64310166,0.727115733,0.589271838
08/04/2021 11:00,0.750498768,0.585441244,0.643665372,0.717425404,0.811388716,0.657511637
08/04/2021 12:00,0.934248246,0.532856523,0.642222965,0.753513981,0.852167022,0.667854833
08/04/2021 13:00,0.843773799,0.570333232,0.723573079,0.80642252,1.109401347,0.847634939
08/04/2021 14:00,0.768290261,0.519292259,0.635660939,0.734509413,0.807338934,0.673043088
08/04/2021 15:00,0.75460388,0.502510657,0.637589769,0.71062815,0.812090704,0.584636193
08/04/2021 16:00,0.731637041,0.463690593,0.585069052,0.710895224,0.790900607,0.640886155
08/04/2021 17:00,0.736211306,0.388505942,0.630759627,0.704626783,0.687067428,0.611411922
08/04/2021 18:00,0.742496599,0.473424291,0.664383095,0.740982795,0.838236464,0.623973441
08/04/2021 19:00,0.861498944,0.582355849,0.738828431,0.824884057,0.928669189,0.753965295
08/04/2021 20:00,1.107353774,0.720422448,0.913896597,1.039419226,1.12875,0.933471515
08/04/2021 21:00,1.044449543,0.70595545,0.927480187,0.998288771,1.124932224,0.91510294
08/04/2021 22:00,0.827577994,0.499142136,0.77524952,0.866366106,0.97991644,0.79411036
08/04/2021 23:00,0.750606755,0.451227291,0.694228146,0.717470475,0.809722494,0.65761322
09/04/2021 00:00,0.574794841,0.385393916,0.489671146,0.545781668,0.617285779,0.506484044
09/04/2021 01:00,0.428226306,0.315846123,0.421885181,0.446967948,0.505035476,0.409281438
09/04/2021 02:00,0.429485162,0.297,0.368251045,0.431227351,0.411378708,0.376197391
09/04/2021 03:00,0.377956883,0.297,0.323983362,0.361105528,0.503055319,0.297
09/04/2021 04:00,0.425184591,0.414956012,0.319204358,0.332643044,0.365212868,0.38680294
09/04/2021 05:00,0.386986739,0.297,0.297,0.370394795,0.418248233,0.342404111
09/04/2021 06:00,0.336625354,0.325456558,0.383112004,0.446069085,0.520406473,0.421691624
09/04/2021 07:00,0.568293917,0.446667267,0.517072361,0.62034133,0.701596864,0.568584436
09/04/2021 08:00,0.623035042,0.421162346,0.548311641,0.595537846,0.673556655,0.549996839
09/04/2021 09:00,0.684667348,0.406246697,0.548583114,0.611329929,0.691422416,0.560391905
09/04/2021 10:00,0.672556005,0.45465831,0.576833324,0.641758575,0.728341931,0.589280335
09/04/2021 11:00,0.750521669,0.507332305,0.644466044,0.661889706,0.811436013,0.657625966
09/04/2021 12:00,0.788282086,0.533344418,0.675980039,0.915267006,0.852182962,0.690609372
09/04/2021 13:00,0.843753415,0.570335117,0.723596026,0.806563169,0.912151663,0.739214929
09/04/2021 14:00,0.774075063,0.519283326,0.658832739,0.734291545,0.727614257,0.673050755
09/04/2021 15:00,0.743479459,0.502775605,0.551301743,0.710616378,0.803361842,0.650655443
09/04/2021 16:00,0.694440474,0.487810482,0.62722942,0.699219943,0.790671584,0.648314677
09/04/2021 17:00,0.736395161,0.497769941,0.631350992,0.703982904,0.796084144,0.645158227
09/04/2021 18:00,0.775592771,0.524115018,0.664919925,0.734149073,0.838204704,0.67911131
09/04/2021 19:00,0.861480971,0.582330016,0.753676599,0.823459631,0.93861103,0.754416541
09/04/2021 20:00,1.065610182,0.72031243,0.856285309,1.018601966,1.12875,0.937777525
09/04/2021 21:00,1.044303656,0.705924522,0.912429301,1.101622753,0.978058266,0.914994839
09/04/2021 22:00,0.906332959,0.61258632,0.777255705,0.866422795,0.980966847,0.714979649
09/04/2021 23:00,0.750583073,0.507266119,0.643678974,0.717433835,0.811406379,0.657571216
10/04/2021 00:00,0.571349992,0.386132129,0.48990588,0.546122328,0.61753891,0.634731485
10/04/2021 01:00,0.50451179,0.315656091,0.400800941,0.446728152,0.391079894,0.363151531
10/04/2021 02:00,0.429628608,0.297,0.368389855,0.410080391,0.464370656,0.376336995
10/04/2021 03:00,0.377499307,0.297,0.374592539,0.363749208,0.408035349,0.330502853
10/04/2021 04:00,0.371512198,0.297,0.452046218,0.297,0.401748169,0.383348593
10/04/2021 05:00,0.496347766,0.297,0.297,0.369843552,0.418267969,0.338963574
10/04/2021 06:00,0.481219691,0.32527904,0.411660953,0.459990525,0.520284839,0.421610184
10/04/2021 07:00,0.505619112,0.438491777,0.556307808,0.620059055,0.701278714,0.568399143
10/04/2021 08:00,0.587523081,0.420837038,0.372350658,0.595141288,0.702581688,0.545475761
10/04/2021 09:00,0.638548526,0.431976453,0.467280844,0.61075987,0.642839149,0.55980567
10/04/2021 10:00,0.636750114,0.469034147,0.574722572,0.640562151,0.72452775,0.587115359
10/04/2021 11:00,0.763056378,0.50552438,0.641312333,0.714884667,0.808521672,0.670324124
10/04/2021 12:00,0.785507715,0.530954976,0.70816545,0.666093508,0.849079367,0.920476709
10/04/2021 13:00,0.949757414,0.718951116,0.72696316,0.782764999,0.970212524,0.736659017
10/04/2021 14:00,0.831292448,0.517213459,0.691641266,0.68345785,0.769140731,0.670575424
10/04/2021 15:00,0.740296364,0.500308512,0.579685267,0.797444629,0.796119677,0.648508582
10/04/2021 16:00,0.727803224,0.684187781,0.619044596,0.694173165,0.910831855,0.637628893
10/04/2021 17:00,0.759411787,0.574860186,0.628364466,0.699462993,0.79213648,0.641462027
10/04/2021 18:00,0.810604111,0.52129327,0.661369437,0.739449835,0.833946278,0.675433712
10/04/2021 19:00,0.857317296,0.579372153,0.735052928,0.819323326,0.926538129,0.751103927
10/04/2021 20:00,0.971501819,0.717290259,0.910045897,1.014924378,1.0775,0.821132199
10/04/2021 21:00,1.039938177,0.707633498,1.006809015,0.99436086,1.015154132,1.027864361
10/04/2021 22:00,0.845902829,0.596314279,0.773402189,0.857600162,0.975444664,0.789935089
10/04/2021 23:00,0.746042172,0.504134542,0.639813746,0.713129108,0.856777113,0.653798566
11/04/2021 00:00,0.56667915,0.382854296,0.513505545,0.550109554,0.619925733,0.593799472
11/04/2021 01:00,0.462243809,0.315847538,0.407700531,0.442391296,0.500260555,0.405346491
11/04/2021 02:00,0.424658668,0.297,0.363564588,0.406293674,0.45951225,0.345687527
11/04/2021 03:00,0.373120878,0.297,0.31994181,0.356601997,0.406060381,0.326865233
11/04/2021 04:00,0.367605826,0.297,0.31545963,0.362240337,0.397178044,0.297
11/04/2021 05:00,0.382770114,0.393652968,0.297,0.399145811,0.413983286,0.511730055
11/04/2021 06:00,0.492499084,0.323061855,0.411480527,0.321006731,0.516691242,0.418723544
11/04/2021 07:00,0.52168197,0.393512937,0.553629981,0.617173444,0.765834603,0.585517926
11/04/2021 08:00,0.622341767,0.434866184,0.531584363,0.592471461,0.670123704,0.576338319
11/04/2021 09:00,0.636503046,0.297,0.545408612,0.60840361,0.688058589,0.484039679
11/04/2021 10:00,0.715207251,0.429302195,0.57417934,0.64010654,0.723939191,0.579975562
11/04/2021 11:00,0.747663921,0.505379392,0.640442365,0.714643202,0.808234685,0.654975166
11/04/2021 12:00,0.785400117,0.53114934,0.673693233,0.865685184,0.849273006,0.688221201
11/04/2021 13:00,0.841170421,0.568592918,0.721428399,0.804046414,0.909360489,0.740182223
11/04/2021 14:00,0.767531304,0.483741124,0.792170019,0.719879313,0.829971669,0.672467815
11/04/2021 15:00,0.57024926,0.502570602,0.637123096,0.727170163,0.979381163,0.650877791
11/04/2021 16:00,0.725735432,0.543189412,0.625559156,0.698592709,0.790082395,0.640238161
11/04/2021 17:00,0.736067536,0.497529909,0.631242076,0.703320876,0.740549357,0.597730781
11/04/2021 18:00,0.77508683,0.478599706,0.622317236,0.740875595,0.933873832,0.801334275
11/04/2021 19:00,0.771680007,0.582189933,0.75031282,0.823273908,0.931106329,0.754560743
11/04/2021 20:00,0.962604765,0.72021409,0.913600629,1.018545572,1.0775,0.933485581
11/04/2021 21:00,1.048465161,0.7058911,0.895572001,0.985531435,1.018905755,0.872426056
11/04/2021 22:00,0.906086092,0.612585947,0.813957359,0.8662434,0.980018106,0.895141771
11/04/2021 23:00,0.751434734,0.527750527,0.643637813,0.718610729,0.873042759,0.657526085
12/04/2021 00:00,0.571166551,0.386210001,0.489834554,0.545956524,0.617474379,0.527101365
12/04/2021 01:00,0.744768552,0.315897968,0.401528062,0.447329433,0.505175057,0.386431255
12/04/2021 02:00,0.297,0.297,0.368386637,0.410604984,0.56844207,0.375289687
12/04/2021 03:00,0.377535107,0.297,0.323829847,0.360850426,0.408130881,0.331544287
12/04/2021 04:00,0.371750339,0.297,0.439778777,0.355325786,0.397467419,0.32567554
12/04/2021 05:00,0.297,0.324863209,0.297,0.369991175,0.331496682,0.339120592
12/04/2021 06:00,0.48130821,0.324857267,0.464921275,0.537912997,0.520440016,0.402318455
12/04/2021 07:00,0.701426645,0.439218304,0.433883607,0.620067913,0.701414835,0.481677707
12/04/2021 08:00,0.623277911,0.533878221,0.534358233,0.59586684,0.676055432,0.545892921
12/04/2021 09:00,0.63961429,0.432079399,0.547596222,0.50352031,0.880185127,0.430216076
12/04/2021 10:00,0.671394508,0.461921783,0.577219791,0.643324401,0.727132297,0.589303512
12/04/2021 11:00,0.750539731,0.507227674,0.64678561,0.636710687,0.801595573,0.657548483
12/04/2021 12:00,0.788712562,0.532850029,0.828757004,0.753501453,0.852056382,0.690807513
12/04/2021 13:00,0.843161612,0.535662187,0.723582161,0.806167718,0.912168116,0.7394077
12/04/2021 14:00,0.718137041,0.519282904,0.66159648,0.580242801,0.807748827,0.638366251
12/04/2021 15:00,0.743466267,0.50201709,0.637700027,0.710588511,0.785976774,0.462071618
12/04/2021 16:00,0.750336519,0.493368307,0.626811894,0.699070994,0.770082356,0.631971579
12/04/2021 17:00,0.736368071,0.552423284,0.631506578,0.704411017,0.796060064,0.64490547
12/04/2021 18:00,0.774744072,0.524071473,0.664895037,0.741083735,1.017069421,0.679260275
12/04/2021 19:00,0.851367947,0.717101196,0.73878018,0.81462659,0.844994304,0.747014568
12/04/2021 20:00,1.065612726,0.720874668,0.874177733,1.018497185,1.12875,0.933566158
12/04/2021 21:00,1.044614448,0.706433769,0.895618223,0.992848923,1.128924132,0.917978031
12/04/2021 22:00,0.906455029,0.685185055,0.777235279,0.866292917,0.979792222,0.794273625
12/04/2021 23:00,0.750178137,0.507329391,0.692086903,0.717426233,0.811374751,0.657533838
13/04/2021 00:00,0.674021074,0.492253362,0.448029097,0.498151245,0.617470526,0.500397902
13/04/2021 01:00,0.467318515,0.315890241,0.400763451,0.446662637,0.505439607,0.410863045
13/04/2021 02:00,0.426943198,0.297,0.351327891,0.411816861,0.464469837,0.321212616
13/04/2021 03:00,0.377614584,0.297,0.323830538,0.386994044,0.408176169,0.32849231
13/04/2021 04:00,0.371746801,0.297,0.405401468,0.297,0.401269326,0.325665828
13/04/2021 05:00,0.331939806,0.297,0.297,0.328986825,0.373768482,0.339118191
13/04/2021 06:00,0.479923965,0.339140673,0.412666923,0.460219804,0.520500728,0.350604705
13/04/2021 07:00,0.64903497,0.438701482,0.552766627,0.619922454,0.701663278,0.568738905
13/04/2021 08:00,0.621879103,0.421769709,0.534370487,0.592644544,0.566383714,0.442299833
13/04/2021 09:00,0.639494775,0.432342333,0.548178763,0.614129539,0.691447842,0.522615121
13/04/2021 10:00,0.670000993,0.454678205,0.574744014,0.643039056,0.7194608,0.589302743
13/04/2021 11:00,0.73772038,0.507319872,0.64133586,0.717761685,0.811361684,0.538288036
13/04/2021 12:00,0.624999215,0.532840464,0.652021777,0.756668948,0.852167098,0.69060975
13/04/2021 13:00,0.908260869,0.570324943,0.587584319,0.806503637,0.912176359,0.774994059
13/04/2021 14:00,0.768285917,0.519197474,0.658758011,0.734039569,0.81003166,0.673043552
13/04/2021 15:00,0.812829067,0.502528779,0.637570028,0.71059576,0.803706454,0.65130357
13/04/2021 16:00,0.709141783,0.504127495,0.627453002,0.69936001,0.790955896,0.49781235
13/04/2021 17:00,0.736377901,0.497732345,0.673194811,0.703855934,0.796166069,0.645121055
13/04/2021 18:00,0.775306328,0.675936298,0.664905459,0.654680149,0.838106415,0.679247458
13/04/2021 19:00,0.89595184,0.649950744,0.738769091,0.823422283,0.906537059,0.754708837
13/04/2021 20:00,1.065614933,0.721038723,0.929156314,1.018560375,1.12875,0.933575791
13/04/2021 21:00,1.044362162,0.731514913,0.893398341,0.998246419,1.120209288,0.914850919
13/04/2021 22:00,0.818930945,0.612604992,0.777227048,0.8673069,0.979870832,0.908996883
13/04/2021 23:00,0.756601863,0.507313276,0.593695634,0.717389434,0.811330103,0.657529147
14/04/2021 00:00,0.571071056,0.58921897,0.489815678,0.565185258,0.617357196,0.500381422
14/04/2021 01:00,0.500405466,0.303064847,0.400749238,0.442140848,0.52129181,0.409403171
14/04/2021 02:00,0.639463192,0.297,0.368373651,0.410583614,0.452854098,0.371220066
14/04/2021 03:00,0.388135283,0.297,0.323834206,0.360951862,0.408229277,0.349689806
14/04/2021 04:00,0.371706451,0.37433826,0.318784214,0.355304353,0.406002522,0.297
14/04/2021 05:00,0.387098824,0.297,0.331936529,0.369957354,0.418449649,0.339105697
14/04/2021 06:00,0.481472035,0.325540791,0.412896316,0.493873377,0.465398237,0.421762151
14/04/2021 07:00,0.649033547,0.667855218,0.556604256,0.650436562,0.701798201,0.599741005
14/04/2021 08:00,0.622651268,0.421166563,0.534347059,0.595571109,0.672333991,0.545897282
14/04/2021 09:00,0.648044579,0.432478687,0.545647939,0.636397702,0.691444999,0.490843125
14/04/2021 10:00,0.672634045,0.454664515,0.576786468,0.642932994,0.695465107,0.595520841
14/04/2021 11:00,0.745459652,0.507317034,0.672729307,0.713864755,0.713143984,0.657553557
14/04/2021 12:00,0.902112217,0.532840593,0.67600382,0.753486745,0.852183072,0.689839954
14/04/2021 13:00,0.913900184,0.570858319,0.723584091,0.64246515,0.912243429,0.739197227
14/04/2021 14:00,0.768205043,0.518950364,0.688595704,0.733973746,0.820624049,0.526656742
14/04/2021 15:00,0.743444918,0.502500519,0.637503073,0.749296611,0.803705796,0.624626215
14/04/2021 16:00,0.731642315,0.57042227,0.627816378,0.699399003,0.76844671,0.640927899
14/04/2021 17:00,0.736364504,0.497721988,0.629502296,0.648676845,0.796079323,0.645034515
14/04/2021 18:00,0.815961227,0.52502068,0.666746056,0.758449006,0.830019145,0.679176983
14/04/2021 19:00,0.782775829,0.581963298,0.738750846,0.829019248,0.931276414,0.754719257
14/04/2021 20:00,1.065595822,0.768786656,0.916103531,0.97780957,1.12875,0.93358819
14/04/2021 21:00,1.086802144,0.704999058,0.970033092,0.998737436,1.129050272,0.829048477
14/04/2021 22:00,0.886056486,0.686023639,0.79721124,0.865795872,0.979758192,0.793698453
14/04/2021 23:00,0.750374139,0.507317137,0.45437497,0.717299159,0.811365897,0.80812951
15/04/2021 00:00,0.577693397,0.386118965,0.486367303,0.545970336,0.622958175,0.604860061
15/04/2021 01:00,0.558072041,0.315875646,0.38066004,0.358331661,0.505167864,0.364092102
15/04/2021 02:00,0.430021603,0.297,0.36796119,0.41056836,0.464349567,0.37673846
15/04/2021 03:00,0.377638677,0.297,0.343826666,0.360953497,0.40819896,0.297
15/04/2021 04:00,0.371722033,0.297,0.297,0.35297126,0.371846229,0.325713072
15/04/2021 05:00,0.387075567,0.297,0.3319402,0.389224737,0.418565234,0.297
15/04/2021 06:00,0.481487274,0.325448863,0.41290362,0.459882241,0.520492827,0.421812657
15/04/2021 07:00,0.718425251,0.43865471,0.515805255,0.620309404,0.701650043,0.573035942
15/04/2021 08:00,0.623079372,0.297,0.534365118,0.585550469,0.673585355,0.401104588
15/04/2021 09:00,0.639597303,0.432858268,0.515169013,0.611380833,0.473956703,0.461591105
15/04/2021 10:00,0.688638296,0.454635096,0.57685102,0.556549111,0.725010728,0.589294135
15/04/2021 11:00,0.75052785,0.507086705,0.643647273,0.717396415,0.678760817,0.680154245
15/04/2021 12:00,0.788641403,0.532718143,0.676017624,0.610310141,0.852168396,0.767933878
15/04/2021 13:00,0.901322039,0.570322232,0.803151612,0.806378311,0.911816948,0.739218924
15/04/2021 14:00,0.787975556,0.429666436,0.658825142,0.73430941,0.880299897,0.521902817
15/04/2021 15:00,0.743448359,0.498976865,0.635529671,0.712481543,0.803692104,0.651335663
15/04/2021 16:00,0.731111272,0.583224352,0.627382578,0.699321754,0.792445032,0.649154961
15/04/2021 17:00,0.682593915,0.497761686,0.632838637,0.667906964,0.917637652,0.645132134
15/04/2021 18:00,0.775310876,0.528479613,0.661302327,0.601157379,0.83999465,0.665074697
15/04/2021 19:00,0.85311053,0.541544993,0.738328084,0.823426802,1.12875,0.754679427
15/04/2021 20:00,1.06561144,0.720314734,0.914068611,1.002675996,1.151890004,0.934145598
15/04/2021 21:00,1.086811946,0.705005684,0.851191649,0.99826764,1.129245437,0.914758927
15/04/2021 22:00,0.906331205,0.612705877,0.777246485,0.866342544,0.972182592,0.944815176
15/04/2021 23:00,0.750548133,0.507329428,0.643607451,0.717415752,0.811430458,0.657552187
16/04/2021 00:00,0.596052966,0.334876844,0.489822854,0.545950505,0.619179348,0.500396699
16/04/2021 01:00,0.467318568,0.315875894,0.535021594,0.444541057,0.50517812,0.534433422
16/04/2021 02:00,0.416302277,0.297,0.36832189,0.410612243,0.4641027,0.376311195
16/04/2021 03:00,0.377626172,0.297,0.310455799,0.360957705,0.320347913,0.330778419
16/04/2021 04:00,0.371903547,0.297,0.319145698,0.355315341,0.401795815,0.325677463
16/04/2021 05:00,0.587201251,0.297,0.332963266,0.369985968,0.41842513,0.339123034
16/04/2021 06:00,0.420977847,0.325401941,0.412913301,0.460218611,0.500245004,0.418601296
16/04/2021 07:00,0.649164283,0.438092799,0.524014459,0.618633109,0.800221931,0.568829096
16/04/2021 08:00,0.62311515,0.421139417,0.534369744,0.595592126,0.673147637,0.595197774
16/04/2021 09:00,0.719051462,0.419793058,0.579526714,0.620632636,0.691505815,0.54381947
16/04/2021 10:00,0.908298773,0.45371114,0.576879859,0.642968373,0.727424468,0.404677463
16/04/2021 11:00,0.750941386,0.367717336,0.638183699,0.717406935,0.783101396,0.696991836
16/04/2021 12:00,0.788304877,0.532786218,0.676041346,0.71419167,0.852183284,0.587739345
16/04/2021 13:00,0.843780792,0.570359137,0.723604494,0.835397537,0.921942934,0.739410452
16/04/2021 14:00,0.60063977,0.51929046,0.65887879,0.734327176,0.831539698,0.673059717
16/04/2021 15:00,0.822900052,0.476902911,0.609214666,0.710614075,0.803837093,0.651364181
16/04/2021 16:00,0.75625832,0.494268006,0.630442183,0.698936717,0.790484678,0.634184403
16/04/2021 17:00,0.731420958,0.497962551,0.687281277,0.740575536,0.762278121,0.561640192
16/04/2021 18:00,0.775326344,0.330860809,0.657207459,0.741163742,0.838173462,0.680315735
16/04/2021 19:00,0.861465835,0.621401997,0.788829206,0.823439815,0.931307489,0.752456109
16/04/2021 20:00,1.065623794,0.720335568,0.867943679,1.018578031,1.12875,0.933591989
16/04/2021 21:00,1.12875,0.706021074,1.019551364,0.998233601,1.129034813,0.914964707
16/04/2021 22:00,0.906311702,0.61252747,0.777241845,0.821250495,0.979782457,0.792977387
16/04/2021 23:00,0.750536892,0.499502186,0.64399531,0.717392163,0.811492459,0.657521988
17/04/2021 00:00,0.596165956,0.386042107,0.489748081,0.545914876,0.617410127,0.500353671
17/04/2021 01:00,0.467235911,0.315818994,0.504754471,0.446608813,0.505112247,0.403874939
17/04/2021 02:00,0.429455576,0.365423166,0.368267895,0.410479178,0.46425221,0.37631862
17/04/2021 03:00,0.378729597,0.297,0.297,0.360744276,0.408145959,0.330631119
17/04/2021 04:00,0.371531133,0.297,0.31866866,0.465108746,0.40152828,0.453252302
17/04/2021 05:00,0.386819002,0.297,0.297,0.369746649,0.488826679,0.297
17/04/2021 06:00,0.481434237,0.40767622,0.41263777,0.459898736,0.52025839,0.390309527
17/04/2021 07:00,0.648631737,0.438444742,0.54973483,0.563277203,0.701131656,0.568258628
17/04/2021 08:00,0.650709919,0.38995115,0.533885628,0.594549839,0.672924983,0.545424415
17/04/2021 09:00,0.607351555,0.431869438,0.547977578,0.609602952,0.69071281,0.720103256
17/04/2021 10:00,0.670145785,0.4530343,0.487132963,0.674848294,0.724498765,0.60743463
17/04/2021 11:00,0.780889434,0.554692104,0.641308132,0.715170426,0.808492481,0.655212502
17/04/2021 12:00,0.913953093,0.530954133,0.67363346,0.750782367,0.849175088,0.688189293
17/04/2021 13:00,0.881503253,0.566847307,0.721108048,0.803712106,0.878117687,0.735660382
17/04/2021 14:00,0.942199196,0.517201326,0.576065476,0.731376854,0.79725032,0.690968527
17/04/2021 15:00,0.740170134,0.491132517,0.635450369,0.707520424,0.799444817,0.648498352
17/04/2021 16:00,0.725531751,0.495430035,0.582729139,0.695642744,0.786759742,0.640521754
17/04/2021 17:00,0.732770544,0.495241576,0.632644328,0.699785643,0.792280953,0.601384913
17/04/2021 18:00,0.771230238,0.521419626,0.661289717,0.73713576,0.833763055,0.67527005
17/04/2021 19:00,0.857159099,0.583267468,0.735178274,1.051593794,0.956120559,0.751091781
17/04/2021 20:00,1.061586421,0.717301418,1.033838633,1.014341486,1.0775,0.928983136
17/04/2021 21:00,1.047455699,0.67451361,0.891827175,1.0775,1.189995619,0.911173256
17/04/2021 22:00,0.907072942,0.609536088,0.776390846,0.862026884,0.974813095,0.790066393
17/04/2021 23:00,0.746094705,0.504289762,0.639840248,0.713091068,0.806523997,0.653635705
18/04/2021 00:00,0.566685588,0.383081274,0.466468413,0.503979593,0.612617549,0.496471616
18/04/2021 01:00,0.462844771,0.312846109,0.358652719,0.442395844,0.493482284,0.405472472
18/04/2021 02:00,0.425065021,0.297,0.364530943,0.406300455,0.459520679,0.37256697
18/04/2021 03:00,0.38123247,0.297,0.320010488,0.359778776,0.403306949,0.304460794
18/04/2021 04:00,0.454016543,0.297,0.297,0.339031767,0.397621873,0.335636719
18/04/2021 05:00,0.380367116,0.3083272,0.515664979,0.366342416,0.413993803,0.297
18/04/2021 06:00,0.454186435,0.323062088,0.409829392,0.456848089,0.516674669,0.31971929
18/04/2021 07:00,0.645704816,0.434277678,0.548330591,0.61661613,0.692861184,0.49291711
18/04/2021 08:00,0.619882862,0.419140049,0.440733691,0.592489876,0.586253452,0.579968512
18/04/2021 09:00,0.575158069,0.430461106,0.545854449,0.608411745,0.685021932,0.558708916
18/04/2021 10:00,0.669670277,0.460774827,0.48158807,0.631492867,0.723946039,0.765126392
18/04/2021 11:00,0.742607894,0.506721985,0.641220014,0.763926483,0.888051038,0.655051742
18/04/2021 12:00,0.790329618,0.531010655,0.673689721,0.777556075,0.84924515,0.685489115
18/04/2021 13:00,0.841208017,0.568607753,0.654122256,0.804030918,0.910582388,0.73696571
18/04/2021 14:00,0.767698215,0.518787162,0.658745315,0.73402459,0.829851504,0.672368729
18/04/2021 15:00,0.74290131,0.502192431,0.637147875,0.710179342,0.841701101,0.651717879
18/04/2021 16:00,0.730790588,0.503189777,0.59348526,0.698587537,0.790086316,0.640191309
18/04/2021 17:00,0.751624816,0.497515758,0.631258711,0.703670463,0.796603794,0.626873073
18/04/2021 18:00,0.775099273,0.524105685,0.664722404,0.773704973,0.821878746,0.679068804
18/04/2021 19:00,0.813386516,0.582287924,0.738653854,0.823301088,0.931139456,0.75458979
18/04/2021 20:00,1.023011065,0.720234366,0.913777565,1.009263125,1.0775,0.933500903
18/04/2021 21:00,1.059312767,0.88565711,0.896072542,0.991692871,1.127707149,0.914938837
18/04/2021 22:00,0.906262148,0.612604974,0.777344232,0.86624794,0.979375504,0.75645195
18/04/2021 23:00,0.749239713,0.50907793,0.742625229,0.717396826,0.811527274,0.657562047
19/04/2021 00:00,0.498417527,0.395676476,0.48981074,0.547808834,0.617429834,0.421387638
19/04/2021 01:00,0.450992409,0.315886358,0.400321076,0.446694816,0.50523869,0.409347382
19/04/2021 02:00,0.430583911,0.297,0.368401312,0.410644078,0.465213106,0.376293826
19/04/2021 03:00,0.377329444,0.297,0.323829823,0.428427065,0.407892631,0.330769157
19/04/2021 04:00,0.371658011,0.297,0.297,0.355160512,0.401857181,0.326358497
19/04/2021 05:00,0.387077511,0.341081944,0.331136095,0.384799819,0.416362952,0.359561382
19/04/2021 06:00,0.482584837,0.375257633,0.412915821,0.46022089,0.485819549,0.422491944
19/04/2021 07:00,0.64905447,0.438445208,0.666601719,0.546787957,0.701315221,0.568637127
19/04/2021 08:00,0.623188971,0.421105011,0.534357337,0.595523772,0.673599062,0.423152426
19/04/2021 09:00,0.639585854,0.463462594,0.547352334,0.611378071,0.577288111,0.560195312
19/04/2021 10:00,0.67267984,0.454321946,0.576862037,0.652461907,0.727234966,0.568954481
19/04/2021 11:00,0.750531859,0.506489227,0.643651557,0.779622686,0.795345651,0.612496474
19/04/2021 12:00,0.788349371,0.532811981,0.676101261,0.610304818,0.852153108,0.690632789
19/04/2021 13:00,0.843928918,0.570327569,0.723602977,0.806599283,0.8286043,0.739223179
19/04/2021 14:00,0.769146141,0.51928331,0.65883414,0.734228838,0.830511102,0.672909143
19/04/2021 15:00,0.811876491,0.501577322,0.637707252,0.707029507,0.829923043,0.606668423
19/04/2021 16:00,0.731225625,0.480519263,0.627252737,0.747662406,0.985155943,0.640849763
19/04/2021 17:00,0.736376144,0.497751377,0.631505111,0.703862462,0.789668667,0.645189158
19/04/2021 18:00,0.774467259,0.523561823,0.664261896,0.741114961,0.83820391,0.631261501
19/04/2021 19:00,0.932081355,0.635193862,0.806164522,0.823443836,0.930942879,0.754735301
19/04/2021 20:00,0.992223736,0.72062413,0.91386462,1.018572966,1.12875,0.933589813
19/04/2021 21:00,1.04438221,0.705941586,0.903363964,0.998247272,1.128946798,0.915577912
19/04/2021 22:00,0.920792534,0.612607907,0.777252143,0.866241323,1.054908954,0.79401351
19/04/2021 23:00,0.750740874,0.507321542,0.642684617,0.756494907,0.811379283,0.65737605
20/04/2021 00:00,0.571060435,0.297,0.490164312,0.545974144,0.617591969,0.500395487
20/04/2021 01:00,0.467322804,0.315878917,0.400766566,0.446688306,0.500356222,0.297
20/04/2021 02:00,0.429560104,0.297,0.475057235,0.410570267,0.730612571,0.376769159
20/04/2021 03:00,0.377063716,0.297,0.323813319,0.361006669,0.408207371,0.526051464
20/04/2021 04:00,0.371559291,0.297,0.297,0.355416453,0.397980905,0.324822715
20/04/2021 05:00,0.386250557,0.297,0.331937127,0.393952812,0.418329902,0.339232888
20/04/2021 06:00,0.414335346,0.325469605,0.410023227,0.463038965,0.520495358,0.421820472
20/04/2021 07:00,0.431554944,0.439090264,0.556612869,0.620555509,0.7016521,0.745653083
20/04/2021 08:00,0.690228282,0.395009415,0.55417586,0.59555727,0.57383814,0.545881393
20/04/2021 09:00,0.349264721,0.380129695,0.549149373,0.61136325,0.691439152,0.56037272
20/04/2021 10:00,0.672818221,0.455081728,0.576848894,0.642932597,0.735500125,0.589307234
20/04/2021 11:00,0.834229895,0.507357385,0.627791096,0.765833084,0.861402502,0.619796914
20/04/2021 12:00,0.788289025,0.532864117,0.537688576,0.75451307,0.852183503,0.732604224
20/04/2021 13:00,0.726152759,0.571297765,0.723486392,0.789441537,0.914121495,0.73895055
20/04/2021 14:00,0.767895062,0.519161701,0.658821192,0.733466943,0.816691007,0.673000286
20/04/2021 15:00,0.743437673,0.342307568,0.637516405,0.646562872,0.803706452,0.651332364
20/04/2021 16:00,0.903655062,0.494749485,0.627447493,0.708513733,0.697212302,0.629460425
20/04/2021 17:00,0.679253286,0.498305475,0.541903363,0.608757531,0.767764078,0.644821029
20/04/2021 18:00,0.657951225,0.489064909,0.664893989,0.938761575,0.887319828,0.696271524
20/04/2021 19:00,0.861412508,0.582295006,0.738764016,0.939765093,0.894338141,0.754717139
20/04/2021 20:00,1.064831732,0.720329092,0.913826193,1.018668382,1.12875,0.933552799
20/04/2021 21:00,1.044399716,0.603661877,0.893638021,1.038302873,1.12901455,0.914970985
20/04/2021 22:00,0.884464092,0.613719819,0.77723293,0.866430553,0.980418095,0.794014394
20/04/2021 23:00,0.750465616,0.501608176,0.651624818,0.69499518,0.811615725,0.47289712
21/04/2021 00:00,0.457591132,0.369586247,0.489772255,0.550056542,0.466306673,0.498372067
21/04/2021 01:00,0.467287289,0.315874846,0.400507953,0.446688101,0.505178217,0.409385108
21/04/2021 02:00,0.42954209,0.297,0.416811858,0.410709062,0.464459541,0.376797065
21/04/2021 03:00,0.376307171,0.297,0.32411041,0.360473338,0.408230768,0.330331749
21/04/2021 04:00,0.493374592,0.297,0.326484102,0.355335361,0.401846161,0.328504603
21/04/2021 05:00,0.38713589,0.297,0.297,0.363312873,0.418436393,0.33909781
21/04/2021 06:00,0.609218066,0.462206768,0.412901489,0.525255785,0.520519212,0.430560353
21/04/2021 07:00,0.649071413,0.442719222,0.556607931,0.620615865,0.701142923,0.715276746
21/04/2021 08:00,0.669086214,0.431051423,0.528914854,0.582305017,0.673572876,0.537839304
21/04/2021 09:00,0.624993524,0.43238016,0.548474279,0.611453685,0.775669141,0.559573226
21/04/2021 10:00,0.654632369,0.359926952,0.530198079,0.642940963,0.727376095,0.589300692
21/04/2021 11:00,0.750498059,0.423796485,0.64363513,0.643858822,0.811357036,0.579462026
21/04/2021 12:00,0.75392965,0.615215204,0.676017765,0.753488113,0.732979444,0.689059853
21/04/2021 13:00,0.84387584,0.512284632,0.690984144,0.806486847,0.912147248,0.739209342
21/04/2021 14:00,0.768230475,0.519278845,0.61431547,0.73431013,0.849078025,0.673052925
21/04/2021 15:00,0.743444329,0.502528639,0.706606816,0.710617248,1.055555651,0.651330203
21/04/2021 16:00,0.735759431,0.500387259,0.627408725,0.699242814,0.79095239,0.634763206
21/04/2021 17:00,0.815801098,0.497820345,0.631122891,0.674124982,0.796091689,0.646015083
21/04/2021 18:00,0.763933053,0.526781924,0.664886561,0.741081081,0.841707455,0.67921971
21/04/2021 19:00,0.861890389,0.582272208,0.738722196,0.8597344,0.931346771,0.754752561
21/04/2021 20:00,1.063596405,0.720291756,0.910772243,1.024726734,1.12875,0.81355439
21/04/2021 21:00,1.040606504,0.61861265,0.896553977,1.12875,1.129011913,0.914927377
21/04/2021 22:00,0.894161628,0.612608746,0.730374694,0.811159633,0.979757371,0.793691975
21/04/2021 23:00,0.750513731,0.507316767,0.643606891,0.701639372,0.817690328,0.686949997
22/04/2021 00:00,0.571178661,0.386070603,0.489817579,0.540503142,0.618063349,0.498261815
22/04/2021 01:00,0.476025986,0.317206787,0.297,0.446811749,0.756073295,0.374956849
22/04/2021 02:00,0.448975621,0.297,0.569490635,0.410590617,0.46477055,0.376298495
22/04/2021 03:00,0.349113669,0.297,0.312831699,0.360973248,0.408211928,0.297
22/04/2021 04:00,0.334382317,0.297,0.478983595,0.355243486,0.401868814,0.297
22/04/2021 05:00,0.386716254,0.553778386,0.397987806,0.37008685,0.418521273,0.339445748
22/04/2021 06:00,0.507581965,0.325429914,0.412894099,0.460635821,0.520492089,0.421804947
22/04/2021 07:00,0.647885929,0.439122832,0.55657882,0.620367967,0.717701402,0.568257198
22/04/2021 08:00,0.634980081,0.654501652,0.534327701,0.611112893,0.72402646,0.545885451
22/04/2021 09:00,0.63960066,0.432377482,0.548596137,0.611362216,0.69151487,0.553913575
22/04/2021 10:00,0.672638539,0.454639928,0.576789013,0.643473735,0.650887077,0.589591406
22/04/2021 11:00,0.750528314,0.507363378,0.820682332,0.669594793,0.811365761,0.657754832
22/04/2021 12:00,1.04272961,0.53283808,0.705842942,0.679085175,0.844390826,0.56491858
22/04/2021 13:00,0.842278817,0.570081071,0.723689248,0.811443346,0.912070279,0.751705206
22/04/2021 14:00,0.768374323,0.519289046,0.658836543,0.734315294,0.618176831,0.673104677
22/04/2021 15:00,0.725560667,0.545066419,0.819910754,0.736985943,0.803703932,0.651335162
22/04/2021 16:00,0.809516401,0.494354293,0.592997658,0.699260747,0.811688062,0.640900252
22/04/2021 17:00,0.736726142,0.495781935,0.632008486,0.701201262,0.823264059,0.645130506
22/04/2021 18:00,0.775153751,0.52406191,0.664859345,0.741078803,0.838144338,0.679194949
22/04/2021 19:00,0.86033209,0.834148868,0.73877682,0.781678441,0.830410964,0.754723597
22/04/2021 20:00,1.05880547,0.720296562,0.915117694,1.018565537,1.125778478,0.932925575
22/04/2021 21:00,1.12875,0.705940521,0.895616638,0.998277973,1.12875,0.914999755
22/04/2021 22:00,0.905541259,0.612617696,0.777222765,0.866428638,0.97978102,0.888690882
22/04/2021 23:00,0.750318183,0.641980595,0.643746219,0.61242434,0.797519422,0.657564017
23/04/2021 00:00,0.579389577,0.297,0.489630907,0.545958069,0.617461295,0.506629348
23/04/2021 01:00,0.517602149,0.315876324,0.404331904,0.424303612,0.509823346,0.413236415
23/04/2021 02:00,0.42954549,0.418107951,0.368382697,0.410784954,0.464376732,0.376332578
23/04/2021 03:00,0.377701699,0.297,0.323818558,0.345537039,0.427868485,0.33080979
23/04/2021 04:00,0.600866939,0.452389351,0.318789835,0.355395123,0.401867997,0.297
23/04/2021 05:00,0.387050221,0.297,0.331951516,0.37002703,0.418448791,0.33906283
23/04/2021 06:00,0.481449661,0.325471817,0.474136134,0.460158025,0.520473638,0.438583054
23/04/2021 07:00,0.685197322,0.438549936,0.689962514,0.620434985,0.701031307,0.568388485
23/04/2021 08:00,0.623054693,0.421177361,0.534357314,0.55383707,0.525863162,0.545885445
23/04/2021 09:00,0.639611477,0.43236088,0.564399997,0.61107624,0.691236197,0.560462701
23/04/2021 10:00,0.746349969,0.455034204,0.576729329,0.715325458,0.727170934,0.589332394
23/04/2021 11:00,0.750545167,0.507338399,0.592861994,0.717372021,0.860463546,0.658041339
23/04/2021 12:00,0.788304466,0.532889392,0.676170345,0.753504759,0.973179468,0.690580801
23/04/2021 13:00,0.842996515,0.570634525,0.723866436,0.806499932,0.912084155,0.739259346
23/04/2021 14:00,0.768238952,0.474341741,0.658750804,0.721403347,0.827651612,0.779052976
23/04/2021 15:00,0.742777795,0.455355161,0.636861823,0.710586231,0.804420378,0.384406502
23/04/2021 16:00,0.731230415,0.494240869,0.700503432,0.698954548,0.790492407,0.640280454
23/04/2021 17:00,0.735755093,0.608551261,0.637333938,0.697069334,0.795968596,0.645145401
23/04/2021 18:00,0.769703638,0.530156765,0.66509458,0.746355425,0.838162657,0.679262118
23/04/2021 19:00,0.784163049,0.582525662,0.738897078,1.04661477,0.820465006,0.755175967
23/04/2021 20:00,1.065622847,0.720297522,0.913963043,1.08181424,1.12875,0.933830992
23/04/2021 21:00,1.044317992,0.705953122,0.895099263,0.998291224,1.090794557,0.914979037
23/04/2021 22:00,0.906324591,0.6126581,0.777239755,0.866467584,0.921724447,0.794467449
23/04/2021 23:00,0.801387254,0.507436126,0.643653245,0.76687353,0.811374161,0.657680624
24/04/2021 00:00,0.622724463,0.386440044,0.489778941,0.545365849,0.617984955,0.4156132
24/04/2021 01:00,0.467243747,0.314934132,0.400700079,0.442731372,0.495904895,0.409351658
24/04/2021 02:00,0.429514716,0.297,0.368605856,0.410483304,0.464324468,0.376403343
24/04/2021 03:00,0.376240079,0.297,0.403024871,0.297,0.408208551,0.329858164
24/04/2021 04:00,0.371533355,0.333396316,0.318439295,0.297,0.402294129,0.325506411
24/04/2021 05:00,0.386817272,0.297,0.331733846,0.369734182,0.297,0.33888335
24/04/2021 06:00,0.481200607,0.297,0.412846666,0.45996001,0.520160152,0.421544193
24/04/2021 07:00,0.648589716,0.438382944,0.548669585,0.619999817,0.701209307,0.568261806
24/04/2021 08:00,0.622543309,0.436866525,0.677176751,0.595069318,0.673046441,0.554585414
24/04/2021 09:00,0.635027161,0.431854062,0.547922875,0.610704135,0.922986619,0.559739047
24/04/2021 10:00,0.670364037,0.56662797,0.574685187,0.474625192,0.724412143,0.587110407
24/04/2021 11:00,0.747990223,0.49422222,0.64132467,0.712523823,0.826559159,0.560464832
24/04/2021 12:00,0.785495087,0.531445756,0.673624568,0.750818347,0.815401839,0.687595876
24/04/2021 13:00,0.82375884,0.590203059,0.721040637,0.94176032,0.890896826,0.737757653
24/04/2021 14:00,0.7651862,0.517191509,0.815287949,0.731373541,0.827161089,0.670347612
24/04/2021 15:00,0.737168649,0.497676664,0.634796617,0.706897052,0.80087921,0.648496201
24/04/2021 16:00,0.727420526,0.491946987,0.624126264,0.644440844,0.856908521,0.637674109
24/04/2021 17:00,0.748095186,0.495295499,0.628302465,0.700381858,0.792207389,0.641932996
24/04/2021 18:00,0.771213772,0.682705997,0.661405916,0.691245251,0.969807381,0.695703661
24/04/2021 19:00,0.85723463,0.550781639,0.735186889,0.81883401,0.926615599,0.750362213
24/04/2021 20:00,1.0775,0.717285934,0.910300619,0.93085925,1.0775,0.930053391
24/04/2021 21:00,1.03997037,0.78247644,0.891818239,0.994322135,0.974192261,0.910930938
24/04/2021 22:00,0.902038605,0.609255117,0.773327356,0.963179193,0.974998133,0.790094696
24/04/2021 23:00,0.783586855,0.504286153,0.639800698,0.713113199,0.806536665,0.653733209
25/04/2021 00:00,0.566680961,0.383360729,0.486003298,0.541676646,0.780944469,0.49648955
25/04/2021 01:00,0.46333061,0.297,0.443930203,0.297,0.500353922,0.400785036
25/04/2021 02:00,0.425091097,0.297,0.297,0.39750231,0.459526351,0.371860027
25/04/2021 03:00,0.320002489,0.297,0.297,0.394626775,0.403307822,0.32684058
25/04/2021 04:00,0.367090081,0.297,0.315066636,0.353823333,0.39743546,0.321876212
25/04/2021 05:00,0.382955803,0.297,0.297,0.36623102,0.413997378,0.33550047
25/04/2021 06:00,0.477953938,0.297,0.444386316,0.456843767,0.516609845,0.297
25/04/2021 07:00,0.615691971,0.436446743,0.569851368,0.617190509,0.698038577,0.56569741
25/04/2021 08:00,0.723169244,0.418995976,0.531583003,0.59419529,0.670134581,0.543080099
25/04/2021 09:00,0.810647057,0.430238477,0.545628869,0.608398946,0.757143194,0.550842529
25/04/2021 10:00,0.758241745,0.503097933,0.574313284,0.446881654,0.755921282,0.586691905
25/04/2021 11:00,0.747623812,0.503831721,0.641185543,0.714679141,0.808338613,0.655021354
25/04/2021 12:00,0.837164987,0.530990339,0.674049057,0.75087501,0.898470385,0.688216501
25/04/2021 13:00,0.841167018,0.626333889,0.635087089,0.804040117,0.834220773,0.736958929
25/04/2021 14:00,0.72811498,0.481440155,0.662776173,0.733669805,0.82965494,0.672430347
25/04/2021 15:00,0.742945817,0.502171694,0.707266452,0.615468918,0.750261106,0.650869285
25/04/2021 16:00,0.730815542,0.453184572,0.586114006,0.698530252,0.790050848,0.600748549
25/04/2021 17:00,0.73605028,0.497215471,0.631248008,0.706393667,0.795711497,0.644856325
25/04/2021 18:00,0.774956891,0.523920364,0.664540463,0.740844006,0.797219642,0.679562783
25/04/2021 19:00,0.861267545,0.582171499,0.738951071,0.82330779,0.931213393,0.754505271
25/04/2021 20:00,0.964518929,0.720219505,0.913483923,1.018333414,1.023669777,0.933474514
25/04/2021 21:00,1.044297405,0.653469133,0.895575493,0.998214533,1.0775,0.914415777
25/04/2021 22:00,0.906254805,0.612570103,0.777193782,0.866247435,0.979705207,0.793577265
25/04/2021 23:00,0.82066114,0.486946303,0.521864311,0.717283214,0.692186884,0.624448051
26/04/2021 00:00,0.637234224,0.386395864,0.489842092,0.39591302,0.63620475,0.510892252
26/04/2021 01:00,0.444674934,0.316044873,0.40071074,0.446731618,0.534656044,0.542446127
26/04/2021 02:00,0.429715112,0.297,0.569037909,0.572034185,0.467176412,0.428376001
26/04/2021 03:00,0.379877297,0.297,0.323785991,0.360891854,0.408040735,0.330731416
26/04/2021 04:00,0.384743003,0.297,0.318748295,0.355353852,0.375250651,0.299852751
26/04/2021 05:00,0.394203764,0.297,0.359504851,0.370016094,0.418475088,0.297
26/04/2021 06:00,0.481528507,0.325474558,0.412988959,0.458107279,0.520578497,0.484254754
26/04/2021 07:00,0.649074683,0.438769552,0.568107623,0.62041304,0.688876519,0.570969472
26/04/2021 08:00,0.65812915,0.421209932,0.534498237,0.595602662,0.673542723,0.54590712
26/04/2021 09:00,0.639985194,0.432354472,0.556138059,0.611363613,0.691403468,0.559703025
26/04/2021 10:00,0.672658254,0.382660098,0.576880096,0.712008833,0.646493177,0.589362161
26/04/2021 11:00,0.750530526,0.507343133,0.643659498,0.717414453,0.81152168,0.608735267
26/04/2021 12:00,0.788313656,0.512805116,0.676015676,0.753491561,0.849742106,0.690632414
26/04/2021 13:00,0.806914393,0.570338755,0.723484961,0.806155417,0.908565056,0.739225522
26/04/2021 14:00,0.847672663,0.519241858,0.658437958,0.734389206,0.830509822,0.673052194
26/04/2021 15:00,0.743450719,0.502601797,0.637574708,0.710631945,0.803702674,0.651297163
26/04/2021 16:00,0.733732447,0.494518685,0.627286688,0.699078824,0.580773317,0.64093324
26/04/2021 17:00,0.71877746,0.497742526,0.63150995,0.759662056,0.79605882,0.593036835
26/04/2021 18:00,0.775294716,0.522553671,0.63149452,0.619310505,0.838145728,0.84382732
26/04/2021 19:00,0.861113713,0.582615996,0.738763895,0.823414116,0.931266108,0.754400394
26/04/2021 20:00,1.065592651,0.72015305,0.913840207,1.011591287,1.12875,0.935499328
26/04/2021 21:00,0.987614888,0.705922857,0.895694644,1.064277517,1.128986258,0.914937451
26/04/2021 22:00,0.910209827,0.509697637,0.777286818,0.755866455,0.979735013,0.794036148
26/04/2021 23:00,1.027937382,0.628635123,0.643607446,0.691208129,0.801026124,0.657503917
27/04/2021 00:00,0.722051904,0.362681811,0.489909774,0.555633305,0.644306561,0.500476887
27/04/2021 01:00,0.467332221,0.516525662,0.400784612,0.446716292,0.505194811,0.407246111
27/04/2021 02:00,0.428482375,0.297,0.368584511,0.311655326,0.464708575,0.413548904
27/04/2021 03:00,0.377663679,0.297,0.31028842,0.36160253,0.408397658,0.297
27/04/2021 04:00,0.388519331,0.297,0.318903206,0.355363475,0.401650185,0.325847884
27/04/2021 05:00,0.381324424,0.297,0.297,0.370006478,0.418974091,0.339134016
27/04/2021 06:00,0.500629185,0.325464025,0.412923622,0.460225524,0.520522197,0.399149144
27/04/2021 07:00,0.648279528,0.438728972,0.522171398,0.620404138,0.702919346,0.568708997
27/04/2021 08:00,0.607036161,0.421138544,0.532880942,0.595584953,0.673600801,0.545927151
27/04/2021 09:00,0.639606745,0.432500101,0.569890121,0.471713152,0.691448846,0.560358323
27/04/2021 10:00,0.672643311,0.447962603,0.578188236,0.642942148,0.727148758,0.589278578
27/04/2021 11:00,0.731046797,0.507323257,0.643638911,0.617584963,0.811346478,0.658082588
27/04/2021 12:00,0.694549249,0.446434118,0.676007224,0.783260979,0.849746197,0.690599748
27/04/2021 13:00,0.84373558,0.527931879,0.614307664,0.805969706,0.828659671,0.603219147
27/04/2021 14:00,0.768190211,0.514553563,0.603701885,0.910508812,0.83047386,0.673327941
27/04/2021 15:00,0.819063308,0.502574131,0.637554328,0.710587338,0.803660158,0.499901475
27/04/2021 16:00,0.731590307,0.494526382,0.627416773,0.699319508,0.790907444,0.640961372
27/04/2021 17:00,0.864044949,0.492624898,0.633042914,0.710018676,0.795925641,0.64506859
27/04/2021 18:00,0.775252967,0.524023422,0.664848345,0.739915045,0.838091578,0.67919426
27/04/2021 19:00,0.861362552,0.569317898,0.738701024,0.823362977,0.930887878,0.755030887
27/04/2021 20:00,1.065535873,0.720230814,0.913768532,1.018466968,1.12875,0.955725714
27/04/2021 21:00,1.044234131,0.705846963,0.913384588,0.920868316,1.128895979,0.915203345
27/04/2021 22:00,0.906174416,0.612510125,0.736312273,0.977240984,0.979616101,0.856296752
27/04/2021 23:00,0.74802617,0.520228807,0.643507234,0.666056571,1.008455298,0.65744344
28/04/2021 00:00,0.571084801,0.394987524,0.489750231,0.545890941,0.616808634,0.500256585
28/04/2021 01:00,0.47732633,0.322807911,0.409554466,0.524707442,0.516275226,0.418395229
28/04/2021 02:00,0.429454991,0.297,0.369080468,0.410491094,0.464161526,0.376240241
28/04/2021 03:00,0.375650254,0.297,0.322128957,0.359144943,0.40558982,0.327758279
28/04/2021 04:00,0.371420471,0.297,0.321173535,0.504808661,0.40171871,0.579589842
28/04/2021 05:00,0.386878719,0.387684924,0.331861609,0.369809094,0.418470751,0.339011071
28/04/2021 06:00,0.481335787,0.313771227,0.412792343,0.714234821,0.520599106,0.421716048
28/04/2021 07:00,0.705532926,0.438662858,0.556637571,0.620291461,0.652993869,0.554566695
28/04/2021 08:00,0.622068622,0.421147429,0.78846501,0.595543159,0.674880889,0.545859579
28/04/2021 09:00,0.639614422,0.423630007,0.610543099,0.611895245,0.69198936,0.583450579
28/04/2021 10:00,0.672684962,0.454889016,0.578605882,0.642996425,0.74739696,0.47009218
28/04/2021 11:00,0.750594921,0.507379295,0.680718383,0.711922759,0.810912423,0.660274162
28/04/2021 12:00,0.78836203,0.533261391,0.676096663,0.753613727,0.852291135,0.717521834
28/04/2021 13:00,0.843490659,0.57040537,0.723667349,0.806562375,0.927423152,0.710661206
28/04/2021 14:00,0.684675903,0.518021024,0.658815955,0.734312077,0.83047616,0.68169814
28/04/2021 15:00,0.819311042,0.502430144,0.637461033,0.737763598,0.803614615,0.540711621
28/04/2021 16:00,0.731674869,0.516284472,0.627504843,0.739867786,0.791442294,0.641061588
28/04/2021 17:00,0.736189088,0.497638132,0.63135867,0.702387814,0.795867145,0.645020752
28/04/2021 18:00,0.77527426,0.380828028,0.674239872,0.741031637,0.83506029,0.679206464
28/04/2021 19:00,0.828709416,0.582113528,0.738782476,0.791540728,0.931172637,0.754632643
28/04/2021 20:00,1.04918821,0.720237846,0.913719842,1.018405686,1.12875,0.933465719
28/04/2021 21:00,1.057429681,0.552330378,1.017808292,1.006291373,1.135029108,0.914769754
28/04/2021 22:00,0.9060247,0.448550113,0.776901057,0.865984856,0.97945071,0.823337363
28/04/2021 23:00,0.751571909,0.50710272,0.643363091,0.717521047,0.811052278,0.65725518
29/04/2021 00:00,0.512275181,0.385850842,0.489210627,0.527628709,0.617111709,0.500040776
29/04/2021 01:00,0.483178286,0.327944981,0.416013877,0.463842715,0.634239055,0.425996351
29/04/2021 02:00,0.434107594,0.297,0.371773359,0.415030117,0.490172334,0.380387843
29/04/2021 03:00,0.373545806,0.297,0.320348717,0.357044349,0.403888496,0.328531075
29/04/2021 04:00,0.357287572,0.297,0.306005835,0.335796363,0.385769276,0.446547554
29/04/2021 05:00,0.381930915,0.297,0.312964513,0.349002561,0.435088238,0.319962528
29/04/2021 06:00,0.417279579,0.297,0.366923262,0.408949927,0.461859459,0.424318094
29/04/2021 07:00,0.590010145,0.399948147,0.609274545,0.563937721,0.638540006,0.53203938
29/04/2021 08:00,0.577077497,0.389813703,0.494446752,0.551218194,0.623998809,0.512312598
29/04/2021 09:00,0.651496612,0.44018957,0.558475379,0.622463555,0.703780907,0.570543339
29/04/2021 10:00,0.720738464,0.487171749,0.618097754,0.688916289,0.778653572,0.631406914
29/04/2021 11:00,0.828732654,0.5600252,0.710529677,0.791905572,0.895914843,0.724730431
29/04/2021 12:00,0.84992487,0.619452213,0.72889867,0.813367654,0.918826603,0.744634059
29/04/2021 13:00,0.917525399,0.620223335,0.787151152,1.109765339,0.993042233,0.803847622
29/04/2021 14:00,0.768035478,0.519097002,0.658640524,0.734103905,0.830272905,0.672056497
29/04/2021 15:00,0.741510914,0.502344078,0.620996846,0.710372313,0.803412443,0.651091066
29/04/2021 16:00,0.769831591,0.715361233,0.624388425,0.644640914,0.766131158,0.637918129
29/04/2021 17:00,0.743464205,0.674370555,0.630908429,0.606345616,0.795467481,0.644612146
29/04/2021 18:00,0.875423312,0.507973164,0.647631036,0.826616687,0.81520513,0.523378164
29/04/2021 19:00,0.84823891,0.555693368,0.704895103,0.714619698,0.888766901,0.71387697
29/04/2021 20:00,0.96457782,0.609358841,0.883622556,0.961847121,1.120576984,0.908131189
29/04/2021 21:00,1.12875,0.682141281,0.865687643,0.964604688,1.090958032,0.884107497
29/04/2021 22:00,0.915599509,0.499715328,0.785140477,0.875154476,1.039720154,0.802129284
29/04/2021 23:00,0.771110448,0.508482273,0.62923366,0.719024902,0.813257748,0.610640928
30/04/2021 00:00,0.582668994,0.393863547,0.396798876,0.556888257,0.629934648,0.510553934
30/04/2021 01:00,0.496174085,0.311971844,0.425209536,0.472446877,0.536002726,0.434471786
30/04/2021 02:00,0.427049039,0.298868585,0.379227478,0.422672197,0.600536094,0.387726271
30/04/2021 03:00,0.548713236,0.297,0.320074968,0.35618414,0.402676639,0.326273388
30/04/2021 04:00,0.346815283,0.297,0.299130601,0.331077433,0.377056177,0.305584065
30/04/2021 05:00,0.352705997,0.297,0.297,0.338903811,0.381291751,0.309040809
30/04/2021 06:00,0.396156295,0.301434183,0.339609162,0.378411635,0.431627568,0.38200655
30/04/2021 07:00,0.482632338,0.297,0.473673979,0.530207338,0.599688198,0.484418878
30/04/2021 08:00,0.460875733,0.374554564,0.474783387,0.522485893,0.598149931,0.485143923
30/04/2021 09:00,0.696301412,0.470662403,0.597138355,0.665544644,0.752738062,0.610004071
30/04/2021 10:00,0.793886997,0.536625031,0.68082912,0.760006059,0.85823147,0.695508659
30/04/2021 11:00,0.924195933,0.624752903,0.791893321,0.883385034,1.010050783,0.809692965
30/04/2021 12:00,0.937705934,0.525024148,0.880268649,0.858894572,0.903277245,0.803607705
30/04/2021 13:00,1.022634925,0.691369873,0.876993324,0.977484735,1.105437056,0.824375431
30/04/2021 14:00,0.82145823,0.555286236,0.634398992,0.820991956,0.885048085,0.719679461
30/04/2021 15:00,0.791659827,0.534757898,0.678915099,0.756703767,0.709438791,0.693570942
30/04/2021 16:00,0.775175138,0.446925717,0.674370042,0.751742096,0.84998097,0.689475512
30/04/2021 17:00,0.800458166,0.541067814,0.736747402,0.765135213,0.865338253,0.711567316
30/04/2021 18:00,0.807628057,0.539991771,0.692596489,0.704054165,0.776200673,0.853003677
30/04/2021 19:00,0.908348673,0.611475973,0.707331087,0.859325009,0.971807427,0.796276664
30/04/2021 20:00,1.0775,0.784610642,0.963995014,1.0775,1.219869052,0.984803527
30/04/2021 21:00,1.093062104,0.739235104,0.937926377,1.04445854,1.182305018,0.958197323
30/04/2021 22:00,0.981334793,0.699097039,0.886506611,0.988385443,1.0775,0.905726482
30/04/2021 23:00,0.86676375,0.539963262,0.743315806,0.828501102,0.938080162,0.747839621
01/05/2021 00:00,0.914268235,0.466235965,0.604191703,0.672687498,0.760341585,0.616504553
01/05/2021 01:00,0.60878207,0.623893492,0.541205626,0.603192809,0.732716435,0.688739775
01/05/2021 02:00,0.562849484,0.380620915,0.482889069,0.538281863,0.608718662,0.49156858
01/05/2021 03:00,0.67336094,0.324394253,0.411454663,0.458592781,0.632788987,0.417883509
01/05/2021 04:00,0.447945906,0.30279208,0.384192383,0.428177995,0.484260778,0.391787362
01/05/2021 05:00,0.471627717,0.344612131,0.381025229,0.424700755,0.480438256,0.389287533
01/05/2021 06:00,0.502274469,0.306762002,0.392926259,0.433705263,0.523846643,0.399091569
01/05/2021 07:00,0.511357767,0.410422355,0.519135754,0.580287956,0.854266248,0.541086307
01/05/2021 08:00,0.615324693,0.387506251,0.568240257,0.588128939,0.665182263,0.539073049
01/05/2021 09:00,0.786403707,0.531409828,0.524409002,0.74945887,0.850143008,0.689130265
01/05/2021 10:00,0.916216012,0.619333099,0.78560252,0.691135285,0.990548035,0.802694812
01/05/2021 11:00,1.07317116,0.715110707,1.097381439,1.026011186,1.160404937,0.756253666
01/05/2021 12:00,1.067480478,0.721458502,0.915334807,1.105936078,1.153859404,0.945028633
01/05/2021 13:00,1.153891966,0.780260243,0.989752141,1.184143078,1.2225,1.011137196
01/05/2021 14:00,0.861551732,0.595864583,0.755989204,0.842144879,0.910918464,0.772319532
01/05/2021 15:00,0.915925292,0.570140863,0.709545048,0.848295795,0.911561652,0.738891269
01/05/2021 16:00,0.837607008,0.741330203,0.718276985,0.801232265,0.905484156,0.73379508
01/05/2021 17:00,0.85388787,0.574117648,0.729136827,0.775944932,0.895687973,0.744226234
01/05/2021 18:00,0.834588072,0.563897959,0.695466831,0.797432513,0.861090636,0.700339222
01/05/2021 19:00,0.872130302,0.580588136,0.765906178,0.833069332,0.942851201,0.714596303
01/05/2021 20:00,1.048940037,0.745964649,0.934039865,1.054843716,1.193017929,0.966811298
01/05/2021 21:00,1.065903793,0.720523801,0.914115385,1.018839136,1.152311305,0.83747526
01/05/2021 22:00,1.046048577,0.73892244,0.896967775,0.999770067,1.130722125,0.857389125
01/05/2021 23:00,0.730249591,0.59142183,0.824392774,0.905588252,0.940705801,0.766931969
02/05/2021 00:00,0.74212461,0.484527538,0.614848969,0.685182363,0.675889864,0.616384539
02/05/2021 01:00,0.655508497,0.401996147,0.401528238,0.626489118,0.708564341,0.575286381
02/05/2021 02:00,0.56928283,0.384798958,0.488276972,0.400362996,0.584512893,0.498741805
02/05/2021 03:00,0.557083307,0.321747284,0.408207364,0.454983043,0.514778009,0.415593822
02/05/2021 04:00,0.448759344,0.302579883,0.385186403,0.429421532,0.485133457,0.387640123
02/05/2021 05:00,0.44517071,0.300885715,0.383442864,0.425499449,0.481136566,0.389942436
02/05/2021 06:00,0.455738951,0.307655009,0.298084263,0.446330467,0.492641598,0.39927666
02/05/2021 07:00,0.587698618,0.41083856,0.521517989,0.580966266,0.663264302,0.532483993
02/05/2021 08:00,0.885970682,0.416368565,0.579839268,0.603455097,0.715110091,0.560247202
02/05/2021 09:00,0.786951887,0.531866098,0.84717097,0.753665421,1.001545261,0.676985765
02/05/2021 10:00,0.916669573,0.619650638,0.938855287,0.876202257,0.990971086,0.812429489
02/05/2021 11:00,1.048911246,0.70869524,0.899419993,1.002600945,1.133947097,0.90263406
02/05/2021 12:00,1.080839701,0.671311407,0.898301183,0.984742001,1.054268463,0.915417594
02/05/2021 13:00,1.154782898,0.780558117,0.943145798,1.103804899,1.242972015,1.011671098
02/05/2021 14:00,0.878172009,0.615574528,0.715884111,0.84207202,0.951626579,0.771506102
02/05/2021 15:00,0.838058811,0.566307231,0.879744545,0.800626468,0.905754644,0.733962546
02/05/2021 16:00,0.840468569,0.568122744,0.712498253,0.808824083,0.908680647,0.736399462
02/05/2021 17:00,0.854308939,0.578921268,0.734513994,0.818655044,0.985957296,0.750354638
02/05/2021 18:00,1.094660421,0.556714669,0.572751943,0.821157997,0.884069072,0.752518745
02/05/2021 19:00,0.96162909,0.6565874,0.78229808,0.839909644,0.972419201,0.7881442
02/05/2021 20:00,1.119789446,0.761310498,0.965908565,1.076557699,1.216023663,0.986732978
02/05/2021 21:00,1.097627845,0.74192238,0.941303836,1.049437364,1.2225,0.961621295
02/05/2021 22:00,1.047772506,0.708234675,0.856314535,1.00151356,1.183405197,0.91771003
02/05/2021 23:00,0.887740047,0.561484874,0.761111116,0.84812889,0.959485719,0.777106366
03/05/2021 00:00,0.71559666,0.541033539,0.612178132,0.726559543,0.794395979,0.748423413
03/05/2021 01:00,0.666079952,0.440393247,0.558739665,0.623110144,0.704330611,0.515702392
03/05/2021 02:00,0.578080529,0.376268365,0.495006361,0.63669346,0.624037269,0.468745687
03/05/2021 03:00,0.497810863,0.386990195,0.426871445,0.497874053,0.538158791,0.435876605
03/05/2021 04:00,0.473430156,0.320000461,0.405951759,0.442580042,0.511805654,0.414770064
03/05/2021 05:00,0.470396205,0.317583023,0.402956606,0.443910133,0.454249503,0.411620594
03/05/2021 06:00,0.503712759,0.361085895,0.432092855,0.482913153,0.442169295,0.441294622
03/05/2021 07:00,0.653445592,0.441730685,0.560401998,0.857379481,0.858293759,0.572194924
03/05/2021 08:00,0.653478295,0.323177061,0.560244205,0.649484077,0.706105916,0.572334664
03/05/2021 09:00,0.765885966,0.51763041,0.656613149,0.731965341,0.823699386,0.670849824
03/05/2021 10:00,0.910809968,0.588165945,0.751166762,0.831714165,0.94115868,0.76268955
03/05/2021 11:00,0.880132955,0.66847177,0.838728872,0.933633639,1.055925952,0.737068193
03/05/2021 12:00,1.008251053,0.84172233,0.864653453,0.963866215,1.087975662,0.883318807
03/05/2021 13:00,1.063453413,0.718446729,0.911768005,0.968607751,1.149109454,0.930139749
03/05/2021 14:00,0.903572461,0.46333315,0.743147031,0.833335001,0.937319552,0.721645379
03/05/2021 15:00,0.821953618,0.555503784,0.705137554,0.761233753,0.888717704,0.718487757
03/05/2021 16:00,0.810063195,0.552476064,0.700221541,0.791195676,0.992129028,0.715373743
03/05/2021 17:00,1.05732301,0.556917728,0.722430143,0.787555546,0.890816706,0.721850078
03/05/2021 18:00,0.836552375,0.565462167,0.717390185,0.79961056,0.90433953,0.734628063
03/05/2021 19:00,0.879438506,0.59489153,0.754196697,0.840602732,0.95071739,0.770720341
03/05/2021 20:00,1.103215765,0.709771366,0.946104966,1.05249857,1.2225,0.922077181
03/05/2021 21:00,1.090671506,0.85233858,0.927527706,1.033713168,1.169093578,0.947301773
03/05/2021 22:00,1.004729047,0.679173733,0.861695834,0.960430424,1.08624413,0.880326275
03/05/2021 23:00,0.85137281,0.575454233,0.729200344,0.813770122,0.902625272,0.734316705
04/05/2021 00:00,0.677398056,0.458977836,0.580931571,0.754160019,0.732294669,0.593333657
04/05/2021 01:00,0.555436567,0.375457041,0.476577595,0.532196719,0.763614421,0.486600306
04/05/2021 02:00,0.476579733,0.33089314,0.481465113,0.46846988,0.529162653,0.428862346
04/05/2021 03:00,0.423512053,0.297,0.36328697,0.320112643,0.457927436,0.371118639
04/05/2021 04:00,0.396927531,0.297,0.340394092,0.3794119,0.408079725,0.297
04/05/2021 05:00,0.393511643,0.297,0.337272173,0.376001833,0.425816246,0.34463115
04/05/2021 06:00,0.465621888,0.297,0.381481846,0.428973257,0.481004044,0.39072585
04/05/2021 07:00,0.589460295,0.398527091,0.505448969,0.558513936,0.635979381,0.516495496
04/05/2021 08:00,0.558230955,0.332761589,0.646867352,0.558292591,0.621999441,0.511742525
04/05/2021 09:00,0.662823435,0.44804069,0.56845916,0.638252478,0.716855662,0.579861133
04/05/2021 10:00,0.750724964,0.496316166,0.643884857,0.71764593,0.816676432,0.657784718
04/05/2021 11:00,0.830678686,0.561542302,0.712475381,0.771641184,0.89823518,0.727809228
04/05/2021 12:00,0.884729355,0.598163809,0.758475183,0.845474106,0.956219749,0.774368452
04/05/2021 13:00,0.922723972,0.623724583,0.841851868,0.8834639,0.997538738,0.80846247
04/05/2021 14:00,0.755562891,0.520538153,0.78207203,0.73616051,0.957708843,0.632817345
04/05/2021 15:00,0.753485057,0.504144385,0.639664379,0.695769258,0.806249686,0.649587321
04/05/2021 16:00,0.753945939,0.509563116,0.646609673,0.733540948,0.923484468,0.660531604
04/05/2021 17:00,0.770972248,0.756767288,0.657636333,0.887717792,0.869221803,0.652389301
04/05/2021 18:00,0.811279933,0.52816252,0.693248664,0.773014636,0.876299675,0.649587674
04/05/2021 19:00,0.854750441,0.48504883,0.663450722,0.804822939,0.956651175,0.748857531
04/05/2021 20:00,1.097875152,0.724659757,0.920892709,1.086371665,1.1375,0.939121599
04/05/2021 21:00,1.061356213,0.717421441,0.910218136,1.014510905,1.139754159,0.929847433
04/05/2021 22:00,0.958157334,0.647617941,0.821637881,0.915795178,1.035749958,0.999585682
04/05/2021 23:00,0.823201314,0.6090879,0.795847563,0.786844829,0.889888209,0.724113519
05/05/2021 00:00,0.644911742,0.43593344,0.553027463,0.616436856,0.69717349,0.564990738
05/05/2021 01:00,0.546029053,0.36912181,0.479422202,0.471804989,0.590339455,0.477647088
05/05/2021 02:00,0.494323187,0.297,0.423905413,0.472502986,0.534372412,0.569160221
05/05/2021 03:00,0.44611408,0.297,0.385325842,0.45550292,0.482269294,0.39077785
05/05/2021 04:00,0.420527267,0.297,0.3607562,0.401770498,0.454451002,0.368512189
05/05/2021 05:00,0.538352812,0.297,0.357365492,0.333903928,0.381512968,0.351717044
05/05/2021 06:00,0.495122713,0.354465225,0.440461351,0.473240234,0.551400685,0.381561797
05/05/2021 07:00,0.630799649,0.411965074,0.541434178,0.603109332,0.717039865,0.552786936
05/05/2021 08:00,0.616969803,0.417048143,0.484769263,0.589732063,0.666913038,0.578560336
05/05/2021 09:00,0.60789851,0.616419677,0.561570643,0.615874044,0.696662664,0.387483499
05/05/2021 10:00,0.704983543,0.477894737,0.60618741,0.742937404,0.764302664,0.619383732
05/05/2021 11:00,0.75929849,0.514205914,0.633921365,0.725778334,0.820845562,0.665358178
05/05/2021 12:00,0.825408345,0.568318955,0.721045972,0.842640003,0.908933458,0.73657975
05/05/2021 13:00,0.867239191,0.585875995,0.794129207,0.828446653,0.936962591,0.759327004
05/05/2021 14:00,0.760631878,0.514179315,0.677181663,0.727079291,0.822290089,0.6664135
05/05/2021 15:00,0.745349163,0.471913898,0.638676354,0.712954136,0.754338091,0.653052108
05/05/2021 16:00,0.774147001,0.59829407,0.650259768,0.867885008,0.819817599,0.664334845
05/05/2021 17:00,0.773587313,0.52379537,0.66342882,0.739489931,0.836297274,0.677988626
05/05/2021 18:00,0.796919993,0.521486104,0.726150211,0.762567799,0.877052497,0.710780631
05/05/2021 19:00,0.856691371,0.579459342,0.743062377,0.821084685,0.926710867,0.75792377
05/05/2021 20:00,1.074136671,0.726155608,0.92165094,1.026993466,1.1375,0.94119255
05/05/2021 21:00,1.063582546,0.71860166,0.912188866,1.01662026,1.149794806,0.931801504
05/05/2021 22:00,0.960837512,0.649216369,0.822637035,0.883732911,1.038706713,0.841744876
05/05/2021 23:00,0.825059094,0.557689139,0.710158348,0.788629834,0.891966889,0.353350465
06/05/2021 00:00,0.656678918,0.443877659,0.571486484,0.837644146,0.633619418,0.575279436
06/05/2021 01:00,0.547675713,0.317214343,0.469737007,0.523395038,0.667986289,0.479879863
06/05/2021 02:00,0.495286551,0.310124792,0.297,0.47353689,0.535845469,0.434229736
06/05/2021 03:00,0.496702616,0.304017764,0.383476234,0.388735303,0.483475481,0.315020082
06/05/2021 04:00,0.421172687,0.297,0.361240714,0.402628959,0.455450334,0.441978478
06/05/2021 05:00,0.417741778,0.297,0.321236499,0.39921575,0.428235347,0.357342116
06/05/2021 06:00,0.495527412,0.339886943,0.424906241,0.473680888,0.597384899,0.434127287
06/05/2021 07:00,0.62575533,0.426626793,0.541322284,0.63055902,0.682463808,0.553019698
06/05/2021 08:00,0.615387319,0.413383497,0.52771418,0.588248777,0.665136045,0.558662317
06/05/2021 09:00,0.564261666,0.435443947,0.504303821,0.573545781,0.696398963,0.563380156
06/05/2021 10:00,0.706754247,0.459721088,0.606138119,0.675556757,0.76351407,0.619174462
06/05/2021 11:00,0.758718507,0.512849612,0.650669216,0.725215285,0.819735728,0.615157588
06/05/2021 12:00,0.841925517,0.567901729,0.725837634,0.800261914,0.908263017,0.736003838
06/05/2021 13:00,0.867087649,0.584881458,0.742888905,0.827872559,0.924801147,0.758810057
06/05/2021 14:00,0.759927669,0.513520687,0.651730887,0.761944879,0.821549291,0.664098737
06/05/2021 15:00,0.743444486,0.502525949,0.63756658,0.710600207,0.803793314,0.651328083
06/05/2021 16:00,0.757143335,0.512108627,0.529704884,0.724176584,0.819434883,0.66368766
06/05/2021 17:00,0.772977367,0.520614143,0.667906633,0.738777362,0.835641004,0.67733427
06/05/2021 18:00,0.70994995,0.548008329,0.687904612,0.774960398,0.876450815,0.707974233
06/05/2021 19:00,0.860744844,0.573884445,0.734741718,0.818892314,0.926399628,0.677849475
06/05/2021 20:00,1.1375,0.72591311,0.920996685,1.026691682,1.1375,0.940873487
06/05/2021 21:00,1.063300613,0.718733635,0.912142696,1.041395878,1.094308072,0.931559495
06/05/2021 22:00,0.963485412,0.563880979,0.826380803,0.983413218,1.041873728,0.84462879
06/05/2021 23:00,0.910716808,0.556634934,0.70621818,0.787798835,0.890234779,0.721550038
07/05/2021 00:00,0.656557219,0.44508348,0.582854679,0.911918118,0.682308082,0.576230357
07/05/2021 01:00,0.559865232,0.376299546,0.47342595,0.432188253,0.507029757,0.566675037
07/05/2021 02:00,0.501929018,0.338050683,0.427501897,0.476530715,0.538965425,0.436811087
07/05/2021 03:00,0.440030573,0.340202845,0.377612905,0.420918814,0.476046053,0.37217765
07/05/2021 04:00,0.421459614,0.297,0.331694858,0.402860504,0.455591489,0.369233421
07/05/2021 05:00,0.395501872,0.297,0.358385158,0.399457919,0.503437888,0.417744849
07/05/2021 06:00,0.495768929,0.335111317,0.337788917,0.477968894,0.406368289,0.361569039
07/05/2021 07:00,0.631480842,0.426875948,0.541505432,0.603588976,0.682673129,0.553238007
07/05/2021 08:00,0.607407921,0.413498006,0.52159534,0.581440038,0.634934472,0.532854651
07/05/2021 09:00,0.766729896,0.435613662,0.552673655,0.616016468,0.69668978,0.56460339
07/05/2021 10:00,0.666081931,0.487478761,0.601001549,0.757710767,0.764401163,0.615503783
07/05/2021 11:00,0.762814563,0.512693546,0.650814435,0.725394002,0.827622878,0.65939756
07/05/2021 12:00,0.840314329,0.568020034,0.720683455,0.803231541,0.908420426,0.736207217
07/05/2021 13:00,0.875086055,0.585538149,0.742903208,0.908785252,0.936501699,0.759392632
07/05/2021 14:00,0.758526891,0.614920883,0.657475064,0.726491629,0.821667613,0.666072523
07/05/2021 15:00,0.743536378,0.502587211,0.648783,0.711391303,0.884658401,0.651379535
07/05/2021 16:00,0.775907826,0.512174727,0.650345585,0.681764323,0.83718629,0.663831311
07/05/2021 17:00,0.772945291,0.582328041,0.445460532,0.739323927,0.835605728,0.70970646
07/05/2021 18:00,0.878346768,0.547784616,0.695339586,0.954767672,1.057056047,0.704737719
07/05/2021 19:00,0.871499541,0.579416905,0.73479004,0.817684249,0.926256543,0.759064912
07/05/2021 20:00,1.07431639,0.726029957,0.92101142,1.026617797,1.1375,0.940899092
07/05/2021 21:00,1.047163306,0.755790323,0.803199837,0.975367103,1.148612772,0.946647462
07/05/2021 22:00,1.010326422,0.652882663,0.832420413,0.927064754,1.049156428,0.85047814
07/05/2021 23:00,0.819633254,0.554493783,0.703147766,0.784155513,0.886251592,0.829086192
08/05/2021 00:00,0.656748001,0.443785783,0.529400831,0.761635036,0.70356797,0.554893336
08/05/2021 01:00,0.566941353,0.35287602,0.500772963,0.54150273,0.612437299,0.4962778
08/05/2021 02:00,0.450727327,0.338306071,0.429457676,0.447178175,0.524290054,0.438720244
08/05/2021 03:00,0.35085981,0.334123978,0.314257325,0.41738205,0.471083304,0.38339091
08/05/2021 04:00,0.423190861,0.297,0.366368844,0.39513016,0.456571996,0.370746063
08/05/2021 05:00,0.421675026,0.297,0.361407039,0.435303126,0.433070087,0.297546833
08/05/2021 06:00,0.513952226,0.344769014,0.441505488,0.492118629,0.556521161,0.462414694
08/05/2021 07:00,0.653464182,0.441636604,0.559454178,0.62165641,0.70639365,0.549444176
08/05/2021 08:00,0.632115078,0.404247729,0.542090515,0.568580434,0.683347038,0.55532683
08/05/2021 09:00,0.670891763,0.453725218,0.575006877,0.641281923,0.725348769,0.648681481
08/05/2021 10:00,0.735344843,0.554964958,0.632544071,0.727198314,0.794913812,0.644628709
08/05/2021 11:00,0.75572237,0.526689026,0.676739933,0.769631468,0.853103104,0.691855237
08/05/2021 12:00,0.872462539,0.589652676,0.958624991,0.833869143,0.9554351,0.761395973
08/05/2021 13:00,0.887417848,0.60841945,0.823582016,0.860568444,1.108821987,0.78853535
08/05/2021 14:00,0.795754341,0.537302189,0.682515818,0.760582727,0.86495856,0.697103385
08/05/2021 15:00,0.68594503,0.540139861,0.670113043,0.746646859,0.844352708,0.684000535
08/05/2021 16:00,0.808721024,0.546656316,0.673293985,0.773544856,0.874266147,0.708215635
08/05/2021 17:00,0.563347111,0.673598745,0.767879374,0.857277535,0.89382991,0.723996153
08/05/2021 18:00,0.865867214,0.584091427,0.818031347,0.827743577,0.936045889,0.758590199
08/05/2021 19:00,0.913083919,0.617367318,0.639840647,0.872955683,1.198055847,0.793636877
08/05/2021 20:00,1.208738928,0.764464064,0.977224874,1.08104348,1.2225,0.981455803
08/05/2021 21:00,1.121095263,0.684197136,0.961427246,1.072882838,1.211905611,1.043925352
08/05/2021 22:00,1.030818467,0.536705772,0.88387417,0.985249909,1.073490575,0.900699575
08/05/2021 23:00,0.724490981,0.593829372,0.752990416,0.82641316,0.949140014,0.745481661
09/05/2021 00:00,0.716289208,0.4824474,0.614280951,0.68464704,0.774718108,0.637616784
09/05/2021 01:00,0.631112927,0.426515679,0.698106707,0.600833159,0.682346903,0.552973055
09/05/2021 02:00,0.56172558,0.440603753,0.481724137,0.53692915,0.607247532,0.492129258
09/05/2021 03:00,0.494795231,0.352860346,0.424120162,0.472579592,0.534603403,0.433275012
09/05/2021 04:00,0.481838493,0.412250634,0.518690011,0.460609076,0.515718302,0.422146739
09/05/2021 05:00,0.400712428,0.323652308,0.409651328,0.456429871,0.485555826,0.297
09/05/2021 06:00,0.553842283,0.369547426,0.361432248,0.52943243,0.604002985,0.565016028
09/05/2021 07:00,0.687281006,0.464573586,0.588279476,0.656962403,0.743018368,0.602177226
09/05/2021 08:00,0.661563438,0.443421547,0.701913026,0.632391511,0.715216023,0.579639263
09/05/2021 09:00,0.684755995,0.462664036,0.50956362,0.641722861,0.704471175,0.518329149
09/05/2021 10:00,0.594204916,0.502985134,0.637921617,0.711266368,0.804434945,0.667927728
09/05/2021 11:00,0.793977127,0.536681579,0.681161653,0.758891442,0.861991785,0.695567588
09/05/2021 12:00,0.822105998,0.590188616,0.842843138,0.834794432,1.000670733,0.942144664
09/05/2021 13:00,0.897245851,0.606489413,0.920060169,0.857650833,0.969963406,0.819736614
09/05/2021 14:00,0.789703777,0.533254798,0.676650322,0.779247761,0.852946465,0.668754507
09/05/2021 15:00,0.719230794,0.432426642,0.661729122,0.736426518,0.832886855,0.675360596
09/05/2021 16:00,0.782420967,0.616121521,0.671010193,0.748059926,0.806417474,0.730825535
09/05/2021 17:00,0.795467005,0.584262371,0.68218469,0.760351663,0.961107937,0.772569654
09/05/2021 18:00,0.825380911,0.561449885,0.712281563,0.702890187,0.900859089,0.727659868
09/05/2021 19:00,1.024177935,0.490727751,0.736873582,0.822416781,1.042864193,0.753815373
09/05/2021 20:00,0.96205437,0.7335,0.922438645,1.028134969,1.162829502,0.942525111
09/05/2021 21:00,1.06377648,0.646046258,0.9123232,1.016794555,1.150011827,0.957590392
09/05/2021 22:00,0.970254127,0.656021159,0.832017525,1.070012657,1.058488601,0.732670654
09/05/2021 23:00,0.819262908,0.555192818,0.702688814,0.759287819,0.85349939,0.715428065
10/05/2021 00:00,0.656135695,0.443510707,0.562789309,0.554563926,0.641777257,0.57472531
10/05/2021 01:00,0.565423922,0.381838026,0.484435776,0.547756103,0.610667668,0.494881651
10/05/2021 02:00,0.499973247,0.36107159,0.428809336,0.650541304,0.540562088,0.354784439
10/05/2021 03:00,0.435175473,0.297,0.373125877,0.415973241,0.470435662,0.297
10/05/2021 04:00,0.420974815,0.325116206,0.361319691,0.402362129,0.45455631,0.359336024
10/05/2021 05:00,0.450718365,0.297,0.357812002,0.39901801,0.37528956,0.365724392
10/05/2021 06:00,0.495676845,0.334816173,0.424433931,0.473474893,0.535406596,0.433985569
10/05/2021 07:00,0.631007252,0.426566061,0.54269788,0.837482407,0.682023347,0.552937219
10/05/2021 08:00,0.611725777,0.564095915,0.486732553,0.584736428,0.613174481,0.535947876
10/05/2021 09:00,0.716187513,0.507720334,0.552347497,0.615632449,0.806262993,0.6147867
10/05/2021 10:00,0.706634967,0.47754192,0.490001449,0.67543237,0.763849649,0.619076762
10/05/2021 11:00,0.750684301,0.450511947,0.594383947,0.711384798,0.926127786,0.658186508
10/05/2021 12:00,0.839894441,0.567782232,0.720297255,0.769839253,0.934163106,0.735921787
10/05/2021 13:00,0.865998936,0.585334943,0.742643182,0.82773719,0.936230793,0.758672386
10/05/2021 14:00,0.759762042,0.513631896,0.628518079,0.726222685,0.821360295,0.665649139
10/05/2021 15:00,0.743259186,0.502386639,0.590542185,0.671203619,0.803469476,0.651165839
10/05/2021 16:00,0.7574093,0.511966811,0.649541953,0.724551118,0.826287518,0.662876954
10/05/2021 17:00,0.77235552,0.522332944,0.645342197,0.738312995,0.784711229,0.694764548
10/05/2021 18:00,0.81061767,0.447937971,0.695204306,0.774720773,0.876220075,0.652972841
10/05/2021 19:00,0.856850431,0.578964901,0.734543658,0.821026833,0.910080013,0.750409527
10/05/2021 20:00,1.075690864,0.725733133,0.920754175,1.042935586,1.1375,0.966208692
10/05/2021 21:00,1.091225786,0.720417847,0.911721223,1.051590842,1.149250675,0.931357788
10/05/2021 22:00,0.966336908,0.726055425,0.828719589,0.940534671,1.044750806,0.846609568
10/05/2021 23:00,0.821720505,0.555510529,0.69634064,0.78536147,0.891165043,0.719378694
11/05/2021 00:00,0.656105324,0.443492611,0.562199276,0.626557677,0.709287122,0.577109746
11/05/2021 01:00,0.512662759,0.609035229,0.38889344,0.528160491,0.591968221,0.566978015
11/05/2021 02:00,0.579921392,0.358702014,0.548954347,0.474839425,0.536933411,0.435187995
11/05/2021 03:00,0.540713839,0.359337722,0.380866846,0.424274222,0.479930142,0.381148893
11/05/2021 04:00,0.609780009,0.297,0.297,0.402522308,0.693182561,0.368970587
11/05/2021 05:00,0.417550956,0.297,0.355713561,0.36444755,0.623432739,0.36623526
11/05/2021 06:00,0.501245173,0.334916016,0.435567848,0.473580589,0.535855857,0.602393105
11/05/2021 07:00,0.559189665,0.426647309,0.532978214,0.634186697,0.682361792,0.552975588
11/05/2021 08:00,0.592914358,0.419655595,0.527990674,0.589797027,0.753597152,0.556824794
11/05/2021 09:00,0.644191102,0.436028602,0.547488337,0.615174007,0.696408218,0.564176424
11/05/2021 10:00,0.70674671,0.477743149,0.606283013,0.67554741,0.76402125,0.619116695
11/05/2021 11:00,0.745765957,0.527388349,0.650636729,0.835065686,0.840650262,0.664680136
11/05/2021 12:00,0.839664474,0.56793423,0.709909147,0.803018905,0.776152936,0.736496583
11/05/2021 13:00,0.832619153,0.58547712,0.742786843,0.827997469,0.936295499,0.758783597
11/05/2021 14:00,0.759770195,0.514562661,0.651576661,0.72634967,0.823468225,0.665382176
11/05/2021 15:00,0.743611638,0.606053184,0.637516372,0.710557776,0.983392298,0.666374491
11/05/2021 16:00,0.757496916,0.512035123,0.829805717,0.724108869,0.818956588,0.665302441
11/05/2021 17:00,0.871848959,0.521969069,0.645117294,0.738715838,0.835580522,0.677131986
11/05/2021 18:00,0.810662576,0.547966371,0.607855652,0.774867204,0.862570793,0.710080611
11/05/2021 19:00,0.822241399,0.579029553,0.734690762,0.818908793,0.926117583,0.751223731
11/05/2021 20:00,1.1375,0.725857245,0.920900881,1.042433226,1.1375,0.940786905
11/05/2021 21:00,1.063233226,0.718673708,0.926805779,1.019179127,1.153524882,0.94760027
11/05/2021 22:00,0.935684659,0.649550008,0.823715434,1.052059462,1.038423224,0.840585359
11/05/2021 23:00,0.824862075,0.55756505,0.707424482,0.788455847,0.891852264,0.67439217
12/05/2021 00:00,0.656156375,0.487783742,0.56283212,0.627158514,0.709340307,0.599916313
12/05/2021 01:00,0.547586602,0.370203015,0.469612846,0.490562323,0.592020274,0.483426846
12/05/2021 02:00,0.521514233,0.35022753,0.422421309,0.47424073,0.535684923,0.390676533
12/05/2021 03:00,0.447353263,0.302306311,0.381584434,0.484860154,0.483535509,0.393132385
12/05/2021 04:00,0.408394566,0.297,0.35842878,0.402740611,0.455388526,0.369113843
12/05/2021 05:00,0.417759456,0.297,0.357807555,0.399321722,0.451632759,0.365808279
12/05/2021 06:00,0.495646535,0.33501142,0.425069837,0.401019238,0.465397187,0.433468934
12/05/2021 07:00,0.630995285,0.426759048,0.52458462,0.603439742,0.682536775,0.450244197
12/05/2021 08:00,0.617297929,0.433197693,0.71164083,0.43648443,0.666977638,0.540705247
12/05/2021 09:00,0.644318448,0.466657586,0.754467291,0.616026195,0.649712729,0.545048764
12/05/2021 10:00,0.940216081,0.671385945,0.606214791,0.595466419,0.764131513,0.61931244
12/05/2021 11:00,0.639600354,0.51291352,0.709892267,0.725561048,0.820271243,0.54476613
12/05/2021 12:00,0.840225882,0.471389038,0.720566877,0.803154262,0.907364135,0.736083788
12/05/2021 13:00,0.866175586,0.587417774,0.726492206,0.988143535,0.908405278,0.758864773
12/05/2021 14:00,0.760042411,0.514069607,0.65173882,0.726406819,0.821592571,0.665999732
12/05/2021 15:00,0.743454709,0.502542092,0.637563119,0.843682112,0.803720646,0.887014232
12/05/2021 16:00,0.757604259,0.512098588,0.647618449,0.58095122,0.745878624,0.663735458
12/05/2021 17:00,0.814632868,0.522366365,0.662833242,0.738740082,0.835567769,0.68558694
12/05/2021 18:00,0.810714587,0.514641417,1.02202561,0.677975667,0.876453717,0.571113501
12/05/2021 19:00,0.703248088,0.579094667,0.694123187,0.818896923,0.926159304,0.750571447
12/05/2021 20:00,1.073280103,0.706744465,0.883375112,1.026436491,1.1375,0.854398798
12/05/2021 21:00,1.063229215,0.78051657,0.911714787,1.01645983,1.149420152,0.931576054
12/05/2021 22:00,0.98237839,0.649289656,0.823763225,0.917964005,1.073965023,0.84164295
12/05/2021 23:00,0.824838091,0.557021067,0.707358296,0.78853263,0.891942032,0.722654529
13/05/2021 00:00,0.652130207,0.443582718,0.496582406,0.626951163,0.701083393,0.57485587
13/05/2021 01:00,0.547656166,0.370197593,0.469685816,0.510636628,0.592121518,0.479847924
13/05/2021 02:00,0.495752133,0.335092659,0.425152043,0.446769954,0.511654305,0.650404878
13/05/2021 03:00,0.608777063,0.300258896,0.383652473,0.427622407,0.483630301,0.297
13/05/2021 04:00,0.397397947,0.297,0.361338253,0.402735409,0.456168624,0.450083732
13/05/2021 05:00,0.41210588,0.297,0.358340885,0.588076002,0.451726445,0.425843835
13/05/2021 06:00,0.500887714,0.335076803,0.424349984,0.329065021,0.52825807,0.434418477
13/05/2021 07:00,0.631409582,0.426757825,0.54149057,0.60353645,0.733438351,0.55308234
13/05/2021 08:00,0.594576493,0.417208849,0.51651654,0.590373634,0.66711623,0.541381577
13/05/2021 09:00,0.644003187,0.435532709,0.557580162,0.575918575,0.695632205,0.796186111
13/05/2021 10:00,0.706837842,0.477790603,0.571482423,0.675633523,0.703461545,0.664856251
13/05/2021 11:00,0.758708746,0.512146646,0.619097726,0.725007279,0.819731039,0.602479274
13/05/2021 12:00,0.834258995,0.567848958,0.720480512,0.754446379,0.977000782,0.736031045
13/05/2021 13:00,0.863789243,0.593638361,0.742685782,0.827783957,0.914024848,0.758722891
13/05/2021 14:00,0.76008086,0.513855658,0.6515704,0.7262123,0.821748597,0.636082684
13/05/2021 15:00,0.743547796,0.502356621,0.637296893,0.677934505,0.803472498,0.651135666
13/05/2021 16:00,0.652782179,0.672239596,0.649359546,0.707554313,0.818645554,0.663492312
13/05/2021 17:00,0.772623152,0.517307984,0.662576855,0.738570814,0.835249214,0.676904431
13/05/2021 18:00,0.810335637,0.547267179,0.694916191,0.774930884,1.074004619,0.677951181
13/05/2021 19:00,0.895604103,0.484017421,0.73142153,0.815578064,0.922333019,0.747550502
13/05/2021 20:00,1.080338803,0.725584356,0.920563417,1.026084171,1.111874416,0.940424522
13/05/2021 21:00,1.059392903,0.715457214,0.907747676,1.011748131,1.1375,1.1375
13/05/2021 22:00,0.96369211,0.651414155,1.018688997,0.955651715,1.041822416,0.84428844
13/05/2021 23:00,0.824121395,0.557091389,0.664980079,0.790941983,0.892282753,0.722013041
14/05/2021 00:00,0.656237467,0.444092581,0.561705751,0.627147446,0.709297673,0.57482023
14/05/2021 01:00,0.504256557,0.378096927,0.479719538,0.508730985,0.614078936,0.490121699
14/05/2021 02:00,0.495711043,0.335026837,0.297,0.473760959,0.535677591,0.495568956
14/05/2021 03:00,0.44726002,0.302194175,0.383637234,0.427503706,0.481648156,0.393761013
14/05/2021 04:00,0.427308881,0.297,0.361331937,0.315185375,0.464871452,0.372679899
14/05/2021 05:00,0.364408588,0.297,0.358292189,0.399353975,0.451706881,0.366036302
14/05/2021 06:00,0.484120634,0.337102368,0.425121815,0.473943056,0.535887224,0.439197714
14/05/2021 07:00,0.631426021,0.426817855,0.541552911,0.603274843,0.719762316,0.553201987
14/05/2021 08:00,0.617397322,0.40543784,0.474098727,0.587122322,0.667335126,0.540916136
14/05/2021 09:00,0.644454368,0.445124095,0.552648184,0.640801845,0.69127292,0.564822011
14/05/2021 10:00,0.706861593,0.4409754,0.606363345,0.6255028,0.751582065,0.619359893
14/05/2021 11:00,0.758971889,0.512935546,0.650905032,0.725486912,0.820498958,0.637080342
14/05/2021 12:00,0.908233997,0.568083229,0.721046906,0.755330772,0.901836388,0.736340672
14/05/2021 13:00,0.86592472,0.585647138,0.744628653,0.93789172,1.005676633,0.759102086
14/05/2021 14:00,0.760219979,0.546544778,0.652530083,0.726654844,0.816612469,0.666147127
14/05/2021 15:00,0.743713617,0.451924626,0.637423632,0.710894002,0.804000956,0.651743302
14/05/2021 16:00,0.757876493,0.518139713,0.677182418,0.724764815,0.819101615,0.624772517
14/05/2021 17:00,0.773262276,0.669341251,0.663612662,0.739201533,0.83594614,0.584822891
14/05/2021 18:00,0.939818306,0.548223885,0.695613103,0.775254594,0.876787954,0.66658966
14/05/2021 19:00,0.821819662,0.599019458,0.725463052,0.808344265,0.914701703,0.721559636
14/05/2021 20:00,1.074254245,0.726117344,0.916373987,1.021026986,1.1375,0.941142868
14/05/2021 21:00,1.049676518,0.606564458,0.770713629,1.003522514,1.134733553,0.919708038
14/05/2021 22:00,0.97469725,0.658841185,0.835868898,0.931670747,1.053592615,0.853894306
14/05/2021 23:00,0.824727082,0.557473974,0.588076127,0.839266961,0.891026161,0.722544455
15/05/2021 00:00,0.658980023,0.397640631,0.518575822,0.62900728,0.711302974,0.564796341
15/05/2021 01:00,0.568572215,0.384310899,0.378559202,0.534728666,0.753105782,0.498109009
15/05/2021 02:00,0.49823574,0.336801627,0.410081801,0.476276372,0.538669812,0.436549457
15/05/2021 03:00,0.450623153,0.304643211,0.386446769,0.430705829,0.487146098,0.394923746
15/05/2021 04:00,0.425397812,0.297,0.365147999,0.407334562,0.509913385,0.384325312
15/05/2021 05:00,0.432687476,0.314859652,0.371396312,0.414875562,0.467397391,0.560921675
15/05/2021 06:00,0.512452988,0.345766009,0.439451031,0.490171618,0.525748612,0.448882689
15/05/2021 07:00,0.50690056,0.391405661,0.499467272,0.622807259,0.702791446,0.56954236
15/05/2021 08:00,0.637804552,0.431135556,0.546743663,0.630928429,0.689143436,0.558198516
15/05/2021 09:00,0.666754014,0.450775788,0.571797534,0.602626815,0.720683135,0.585596796
15/05/2021 10:00,0.731184179,0.49415376,0.614999055,0.698780384,0.853544296,0.787130769
15/05/2021 11:00,0.783306255,0.530403359,0.672973476,0.750048487,0.97558003,0.692217324
15/05/2021 12:00,0.867794873,0.586552806,0.744352521,0.829466831,0.935680374,0.760249246
15/05/2021 13:00,0.895325088,0.56999661,0.730976724,0.855114003,0.878289449,0.784303645
15/05/2021 14:00,0.79119128,0.534513578,0.77988081,0.755726138,0.854708761,0.715815177
15/05/2021 15:00,0.895499614,0.524920641,0.645043199,0.698819975,0.838135931,0.674108704
15/05/2021 16:00,0.798921554,0.538518998,0.681697,0.763025812,0.865373856,0.700179007
15/05/2021 17:00,0.804225087,0.551866755,0.700169171,0.780475529,0.820381391,0.71528171
15/05/2021 18:00,1.034675848,0.681307843,0.895303626,0.803982563,0.925132589,0.749739088
15/05/2021 19:00,0.889782165,0.601383171,0.763064058,0.850502735,0.936991686,0.78073183
15/05/2021 20:00,1.120424446,0.757532125,0.960866322,1.2225,1.211217476,0.981612837
15/05/2021 21:00,1.094323047,0.688238871,0.93631463,1.09762956,1.18310826,0.805271854
15/05/2021 22:00,1.022245801,0.59577275,0.876520067,0.976729722,1.161962211,0.895518755
15/05/2021 23:00,0.870538,0.588414276,0.746656437,0.83296195,0.941103637,0.802120867
16/05/2021 00:00,0.704131126,0.490898752,0.603783684,0.672981456,0.777281109,0.722802932
16/05/2021 01:00,0.610353626,0.416872529,0.528899794,0.589583564,0.668620868,0.505672973
16/05/2021 02:00,0.50292138,0.367442871,0.466189836,0.519592424,0.587625653,0.476246934
16/05/2021 03:00,0.495451224,0.334182744,0.415244033,0.473272848,0.53524523,0.433789822
16/05/2021 04:00,0.497633242,0.316884332,0.359070633,0.447962893,0.593419111,0.411221096
16/05/2021 05:00,0.463788567,0.297,0.398149703,0.441834027,0.501979154,0.406816447
16/05/2021 06:00,0.540489085,0.427935032,0.463616182,0.516779627,0.599610333,0.431826106
16/05/2021 07:00,0.68259706,0.351054963,0.571005245,0.636730311,0.696916154,0.583358911
16/05/2021 08:00,0.649168599,0.381558395,0.556697256,0.620488533,0.700565283,0.568724556
16/05/2021 09:00,0.674322151,0.46574299,0.578285865,0.649780171,0.697744691,0.590330443
16/05/2021 10:00,0.73522785,0.496990236,0.58996378,0.678746909,0.794746814,0.644161255
16/05/2021 11:00,0.782895667,0.531185991,0.673907675,0.756143224,0.849513043,0.704916667
16/05/2021 12:00,0.865917483,0.585349926,0.724974529,0.827759608,0.972598082,0.69420765
16/05/2021 13:00,0.890931232,0.602758436,0.763923391,0.851483574,0.963131367,0.767226065
16/05/2021 14:00,0.807760364,0.582182959,0.661617603,0.754154593,0.847156865,0.686570513
16/05/2021 15:00,0.859526363,0.517267601,0.656904044,0.732111501,0.805111187,0.670240547
16/05/2021 16:00,0.779476876,0.61773108,0.663128727,0.744184803,0.885094863,0.682084683
16/05/2021 17:00,0.774633721,0.52366274,0.664363791,0.740450203,0.84115364,0.789173168
16/05/2021 18:00,0.810769015,0.548043626,0.695288077,0.766890738,0.863808835,0.657950691
16/05/2021 19:00,0.847040374,0.570882265,0.911534152,0.845759693,0.913024508,0.777958068
16/05/2021 20:00,1.077298739,0.7335,0.919502959,1.025316663,1.159233942,0.938999506
16/05/2021 21:00,0.907690149,0.707931881,0.898152507,0.983058604,1.132174043,0.91751867
16/05/2021 22:00,0.961598793,0.656945329,0.832876977,0.928514993,1.043226784,0.851027271
16/05/2021 23:00,0.837774755,0.555557957,0.743681876,0.895602115,0.898573384,0.720036232
17/05/2021 00:00,0.655370792,0.44257741,0.562052731,0.625939931,0.688519328,0.574191935
17/05/2021 01:00,0.566606509,0.383256553,0.485912302,0.541592222,0.600711318,0.496396489
17/05/2021 02:00,0.49497976,0.334559434,0.424446697,0.381202161,0.506793873,0.432985581
17/05/2021 03:00,0.446596924,0.30187697,0.382989469,0.42696536,0.482066528,0.386198176
17/05/2021 04:00,0.419727848,0.297,0.360758751,0.397468134,0.427854865,0.368535624
17/05/2021 05:00,0.417099375,0.297,0.357770854,0.309075515,0.712997143,0.297
17/05/2021 06:00,0.399297587,0.325215548,0.424555813,0.453038928,0.543184893,0.43368415
17/05/2021 07:00,0.630772196,0.426409498,0.541011101,0.666471354,0.679836889,0.552624852
17/05/2021 08:00,0.564066022,0.416454407,0.528876832,0.589455653,0.666668363,0.481850886
17/05/2021 09:00,0.64443489,0.414727886,0.552172718,0.615355573,0.696030269,0.564060477
17/05/2021 10:00,0.706479202,0.477580524,0.462619334,0.675377111,0.763635881,0.619476073
17/05/2021 11:00,0.758455645,0.51262034,0.354404578,0.723753752,0.819853766,0.66422834
17/05/2021 12:00,0.84232306,0.58692818,0.769707775,0.925632849,0.91794674,0.735770682
17/05/2021 13:00,0.868033468,0.615300849,0.742554085,0.903688408,0.935084292,0.758463747
17/05/2021 14:00,0.760916758,0.517698904,0.659377666,0.726111438,0.821207652,0.665537262
17/05/2021 15:00,0.743067494,0.502328758,0.62612698,0.710266904,0.802901706,0.651074893
17/05/2021 16:00,0.75737248,0.511911715,0.649573533,0.723006629,0.813798561,0.670589218
17/05/2021 17:00,0.772757038,0.411728394,0.669746271,0.738478149,0.835321293,0.676963753
17/05/2021 18:00,0.819388698,0.547893824,0.72448076,0.774706439,0.87618236,0.847097991
17/05/2021 19:00,0.849940597,0.554095847,0.728713175,0.812212229,1.029088297,0.608608657
17/05/2021 20:00,1.073667173,0.725761401,0.864637362,0.900586559,1.1375,0.901763347
17/05/2021 21:00,1.013928649,0.713289933,0.905332304,1.009708705,1.129105068,0.826117118
17/05/2021 22:00,0.969817117,0.673169425,0.830330496,0.925479273,1.045577326,0.894084351
17/05/2021 23:00,0.824083825,0.557050741,0.706644651,0.787710684,0.890880055,0.721857668
18/05/2021 00:00,0.656392493,0.565024923,0.562869499,0.630344377,0.709596612,0.562960401
18/05/2021 01:00,0.776019941,0.37355788,0.468993493,0.528659542,0.597641477,0.48434223
18/05/2021 02:00,0.495806905,0.330177341,0.425155667,0.465916795,0.530483639,0.366952542
18/05/2021 03:00,0.447372949,0.316515326,0.383685782,0.427953812,0.483671021,0.391986635
18/05/2021 04:00,0.421440454,0.297,0.350829505,0.448084966,0.445031469,0.369204337
18/05/2021 05:00,0.417935717,0.297,0.348921964,0.323416911,0.451654159,0.366081864
18/05/2021 06:00,0.40815379,0.33505224,0.425107005,0.471519826,0.702615556,0.434289822
18/05/2021 07:00,0.631383519,0.426786223,0.540921422,0.619785156,0.682902033,0.553075645
18/05/2021 08:00,0.617201863,0.41720163,0.529341937,0.544032591,0.667241266,0.602464472
18/05/2021 09:00,0.644317609,0.435518906,0.552524278,0.562480468,0.726040352,0.564480788
18/05/2021 10:00,0.706824413,0.471120884,0.606200192,0.788847299,0.764063567,0.619250704
18/05/2021 11:00,0.758768084,0.512867256,0.650547127,0.725770633,0.826021567,0.66470875
18/05/2021 12:00,0.840140912,0.567887586,0.720398766,0.802345848,0.869324623,0.736544277
18/05/2021 13:00,0.946843351,0.586008047,0.744513134,0.827869709,0.918701819,0.574809634
18/05/2021 14:00,0.718009111,0.513628964,0.651643483,0.734948009,1.000972029,0.676278877
18/05/2021 15:00,0.826031561,0.462180032,0.637478662,0.680479281,0.789319066,0.633721467
18/05/2021 16:00,0.758913822,0.644065552,0.649606848,0.723899732,0.932558018,0.663588351
18/05/2021 17:00,0.772441322,0.52236098,0.662725319,0.699487415,0.835057474,0.677067111
18/05/2021 18:00,0.67094173,0.547956043,0.695080803,0.774809354,0.8759366,0.710156739
18/05/2021 19:00,0.70994172,0.297,0.673268841,0.818901589,0.887121209,0.759500796
18/05/2021 20:00,1.076436156,0.720127798,0.923212153,1.026410467,1.1375,1.091188561
18/05/2021 21:00,1.063202285,0.782760212,0.911835988,1.013444419,1.025402116,0.93148684
18/05/2021 22:00,0.972098423,0.649138819,0.823709,0.918100802,1.038348992,0.841388109
18/05/2021 23:00,0.824760399,0.739707306,0.716583587,0.788378325,0.891635356,0.622792911
19/05/2021 00:00,0.658626392,0.443595751,0.417929026,0.627151055,0.590676928,0.574851631
19/05/2021 01:00,0.547917151,0.356065798,0.620390332,0.523408288,0.591974184,0.47973087
19/05/2021 02:00,0.495658817,0.334982279,0.420954579,0.473713444,0.535714754,0.43724014
19/05/2021 03:00,0.450936369,0.302322201,0.383779949,0.427522817,0.483518522,0.407715263
19/05/2021 04:00,0.361980988,0.297,0.361282678,0.402709239,0.316712495,0.369093966
19/05/2021 05:00,0.537784571,0.297,0.358481955,0.399307584,0.601426238,0.365993685
19/05/2021 06:00,0.544939424,0.335039266,0.39706137,0.473753379,0.590481722,0.434359792
19/05/2021 07:00,0.68335449,0.350476244,0.541432019,0.603474112,0.682876508,0.553119867
19/05/2021 08:00,0.617184575,0.597577453,0.529318638,0.741811242,0.667817101,0.540786015
19/05/2021 09:00,0.643963934,0.435521036,0.552523136,0.615934513,0.703164614,0.564527952
19/05/2021 10:00,0.704903685,0.477816149,0.606146679,0.856839279,0.803638417,0.619179668
19/05/2021 11:00,0.65381419,0.512903128,0.656751706,0.943408409,0.82029677,0.664874509
19/05/2021 12:00,0.84044156,0.6074166,0.624517536,0.803120115,0.908310959,0.736139073
19/05/2021 13:00,0.866341916,0.585493348,0.742856275,0.827671969,0.936401684,0.685935313
19/05/2021 14:00,0.699548973,0.513714159,0.651753647,0.732518379,0.821500372,0.665821057
19/05/2021 15:00,0.7434707,0.502487126,0.637576982,0.710621054,0.803337212,0.65148371
19/05/2021 16:00,0.758204065,0.512038744,0.759715004,0.751387611,0.819075075,0.663723728
19/05/2021 17:00,0.772860068,0.522340808,0.662861596,0.731146968,0.775567419,0.677236993
19/05/2021 18:00,0.810636423,0.543448124,0.695254186,0.774924109,0.876409591,0.710256497
19/05/2021 19:00,0.889226313,0.581007874,0.800513607,0.821396793,0.926050442,0.748095142
19/05/2021 20:00,1.073855614,0.842211584,0.920926591,1.026566187,1.1375,1.079274136
19/05/2021 21:00,1.06322101,0.718688247,0.909473471,1.017588264,1.149715449,0.931467153
19/05/2021 22:00,0.960636837,0.649223187,0.823939082,0.875958417,1.038426049,0.841156141
19/05/2021 23:00,0.825462234,0.59299678,0.682822758,0.787797882,0.891714591,0.722679419
20/05/2021 00:00,0.656890034,0.461153115,0.563297851,0.627267187,0.709336432,0.65079413
20/05/2021 01:00,0.4713868,0.370201671,0.469671339,0.415019076,0.592035406,0.480017161
20/05/2021 02:00,0.495742735,0.335073162,0.446105244,0.473987505,0.535919533,0.434396448
20/05/2021 03:00,0.378003417,0.297,0.392098861,0.548986846,0.483827742,0.391939501
20/05/2021 04:00,0.373434303,0.297,0.371247513,0.402799813,0.455585395,0.358022292
20/05/2021 05:00,0.417846303,0.297,0.358339364,0.382808132,0.451587069,0.365290007
20/05/2021 06:00,0.496633816,0.486940468,0.426955335,0.47170397,0.461489954,0.434292071
20/05/2021 07:00,0.792809421,0.426768196,0.541476629,0.612914866,0.682581739,0.553115744
20/05/2021 08:00,0.617282169,0.4171715,0.529321374,0.607524774,0.667247155,0.498353743
20/05/2021 09:00,0.644324942,0.435505765,0.552592244,0.616155326,0.696737676,0.565979176
20/05/2021 10:00,0.706861585,0.477766058,0.614963209,0.685430933,0.764127166,0.574805509
20/05/2021 11:00,0.758081669,0.512847982,0.650697871,0.725250791,1.002555658,0.716318566
20/05/2021 12:00,0.840103169,0.567864534,0.719327531,0.813530106,0.90824417,0.785657326
20/05/2021 13:00,0.892357734,0.585395932,0.602903919,0.827781561,0.936217807,0.622744872
20/05/2021 14:00,0.759777236,0.513386982,0.65142645,0.727920718,0.821338398,0.66609806
20/05/2021 15:00,0.743210601,0.502367406,0.637409105,0.710342096,0.803453648,0.651126047
20/05/2021 16:00,0.769797942,0.512510633,0.649477154,0.723983767,0.818650841,0.663391664
20/05/2021 17:00,0.781280526,0.522258003,0.662606729,0.738504431,0.912484828,0.676967456
20/05/2021 18:00,0.810324042,0.547746428,0.694946773,0.774578191,0.87517094,0.7099459
20/05/2021 19:00,0.853228557,0.729485472,0.731741018,0.847196099,0.913065327,0.739887428
20/05/2021 20:00,1.082155678,0.725724616,0.929954938,1.003363889,1.1375,0.946978763
20/05/2021 21:00,1.058481457,0.715471175,0.907742526,1.011754852,1.138518318,0.927310328
20/05/2021 22:00,0.963678825,0.77850894,0.82347959,0.921077723,1.041811349,0.810223702
20/05/2021 23:00,0.824149483,0.557099232,0.70678128,0.787798498,0.890813727,0.761437097
21/05/2021 00:00,0.656109273,0.443494249,0.562666342,0.628238773,0.709259047,0.6207694
21/05/2021 01:00,0.56065727,0.37805721,0.476810593,0.500312629,0.574128487,0.490070862
21/05/2021 02:00,0.495728834,0.32348311,0.386716776,0.395682916,0.535809972,0.43511314
21/05/2021 03:00,0.447257393,0.302302786,0.49858331,0.427849018,0.482613802,0.392805924
21/05/2021 04:00,0.421363199,0.31640855,0.36078779,0.42276527,0.455479947,0.368952866
21/05/2021 05:00,0.395728251,0.297,0.357978946,0.399368195,0.451832901,0.366159567
21/05/2021 06:00,0.496139226,0.335057115,0.425087371,0.475548643,0.535830373,0.451656435
21/05/2021 07:00,0.631497985,0.42670131,0.536529561,0.555589008,0.781736666,0.553351054
21/05/2021 08:00,0.617274088,0.417238833,0.529389255,0.589936373,0.667358721,0.541400903
21/05/2021 09:00,0.627917583,0.396101391,0.552696312,0.732380765,0.696739732,0.539495345
21/05/2021 10:00,0.715848682,0.477909217,0.593584236,0.676872746,0.764133797,0.61945228
21/05/2021 11:00,0.758418105,0.513042145,0.681758441,0.725505918,0.820491502,0.645485134
21/05/2021 12:00,0.82309732,0.568096819,0.753138635,0.803327636,0.796125908,0.73612203
21/05/2021 13:00,0.86650656,0.585655811,0.742973871,0.828165276,1.049400015,0.760924358
21/05/2021 14:00,0.811172822,0.51389891,0.655505571,0.728262166,0.70378489,0.609642796
21/05/2021 15:00,0.821410597,0.502745531,0.532789749,0.710885799,0.80400913,0.810682351
21/05/2021 16:00,0.757909066,0.512426692,0.64998111,0.697119886,0.823755139,0.614448744
21/05/2021 17:00,0.773281904,0.522689638,0.663148514,0.7391395,0.835959691,0.85264878
21/05/2021 18:00,0.811009061,0.507952383,0.640730684,0.775297685,0.876433653,0.710563777
21/05/2021 19:00,0.815387822,0.571819837,0.7254738,0.808589616,0.914682551,0.74111723
21/05/2021 20:00,0.923103023,0.726586305,0.956198397,1.026955454,1.1375,0.870076874
21/05/2021 21:00,1.049635071,0.70950836,0.900092123,1.003290262,1.024675366,0.919587928
21/05/2021 22:00,0.974699831,0.658833954,0.958238988,0.84095546,1.053706427,0.69336161
21/05/2021 23:00,0.84908063,0.557476516,0.707312397,0.813376868,0.894788247,0.722546836
22/05/2021 00:00,0.820500519,0.44517197,0.56441088,0.62899853,0.711546893,0.576544831
22/05/2021 01:00,0.547103031,0.384085899,0.48759381,0.543480418,0.647940098,0.498130674
22/05/2021 02:00,0.498287706,0.336102526,0.601459649,0.476289402,0.548061811,0.436594974
22/05/2021 03:00,0.613294278,0.451567945,0.385864529,0.430812257,0.487088602,0.391905013
22/05/2021 04:00,0.425761436,0.297,0.36513634,0.406892336,0.460466781,0.37301198
22/05/2021 05:00,0.46391202,0.380923639,0.364778901,0.41379706,0.467552577,0.387156555
22/05/2021 06:00,0.514042423,0.346480427,0.439869729,0.538497412,0.755172982,0.448947886
22/05/2021 07:00,0.650108187,0.642593948,0.534176974,0.551821389,0.702796259,0.569570668
22/05/2021 08:00,0.597429173,0.431131849,0.83912998,0.609674235,0.811008047,0.558793895
22/05/2021 09:00,0.666761008,0.450703239,0.571814287,0.606715161,0.720871119,0.556751185
22/05/2021 10:00,0.731063649,0.494127201,0.626954629,0.486470777,1.013498536,0.641010764
22/05/2021 11:00,0.782737838,0.530416295,0.832051971,0.74775769,0.890808113,0.687477044
22/05/2021 12:00,0.867771028,0.594561788,0.744202202,0.824744573,0.938126871,0.651477254
22/05/2021 13:00,0.895345843,0.606087621,0.767841354,0.855820733,0.967896385,0.787084521
22/05/2021 14:00,0.720304615,0.534423058,0.677229204,0.75582333,0.955890267,0.677526732
22/05/2021 15:00,0.775970099,0.524192494,0.665947163,0.731220643,0.838306479,0.682311041
22/05/2021 16:00,0.799059655,0.526428223,0.685272967,0.761475686,0.724754366,0.699689926
22/05/2021 17:00,0.816452474,0.548557643,0.700156623,0.780405071,0.963387597,0.715284628
22/05/2021 18:00,0.816466929,0.520318197,0.75614439,0.818001991,0.925241532,0.749644805
22/05/2021 19:00,0.921993998,0.601475932,0.703553765,0.850509157,0.962550459,0.900568822
22/05/2021 20:00,1.2225,0.779882507,1.051639854,1.070978114,1.2225,0.981607214
22/05/2021 21:00,1.159323135,0.743559721,0.938458864,1.045883442,1.182929038,0.958731089
22/05/2021 22:00,1.051642121,0.690850008,0.876534669,0.976949943,1.104918956,0.895442075
22/05/2021 23:00,0.779333378,0.588537934,0.762722612,0.832127552,0.94112044,0.762782871
23/05/2021 00:00,0.704222099,0.475901351,0.603825781,0.715303792,0.826168794,0.743358261
23/05/2021 01:00,0.619286775,0.315976884,0.528975714,0.690763521,0.666638773,0.5582188
23/05/2021 02:00,0.499656985,0.36749432,0.46621971,0.510663787,0.591051808,0.454436184
23/05/2021 03:00,0.491566087,0.297,0.456620707,0.47340951,0.518783017,0.43380802
23/05/2021 04:00,0.467616112,0.316510853,0.405622813,0.448040681,0.645149092,0.496447235
23/05/2021 05:00,0.464367824,0.389805909,0.347037369,0.443410274,0.50200903,0.406840464
23/05/2021 06:00,0.475965881,0.365513362,0.461711746,0.51693786,0.633017959,0.473662089
23/05/2021 07:00,0.575368068,0.449753245,0.570998762,0.720745828,0.719745284,0.655712006
23/05/2021 08:00,0.459877265,0.438796602,0.521073658,0.620448963,0.701767106,0.568720613
23/05/2021 09:00,0.737556816,0.455727425,0.521062809,0.64508922,0.728992503,0.764910358
23/05/2021 10:00,0.735248002,0.508250661,0.630548678,0.702804672,0.782184988,0.644173854
23/05/2021 11:00,0.785849213,0.532505132,0.673739409,0.738206115,0.849569159,0.688556619
23/05/2021 12:00,0.866051709,0.585393489,0.742709062,0.84804239,0.984922486,0.947414715
23/05/2021 13:00,0.963784293,0.602159259,0.763893459,0.852044225,0.963140379,0.780536433
23/05/2021 14:00,0.783644772,0.529722925,0.676723766,0.749077247,0.895834753,0.686828027
23/05/2021 15:00,0.766113639,0.54322142,0.647512782,0.731833441,0.807543253,0.671098016
23/05/2021 16:00,0.851409297,0.525491635,0.661015758,0.74409507,0.841656243,0.681985043
23/05/2021 17:00,0.732441539,0.562102257,0.664354061,0.772380366,0.764843487,0.792341493
23/05/2021 18:00,0.810505292,0.548172746,0.728391264,0.774793237,0.877874415,0.71186041
23/05/2021 19:00,0.844824349,0.543661951,0.7246346,0.807497133,0.913327681,0.740132535
23/05/2021 20:00,1.072282356,0.7335,1.129999501,1.024848128,1.1548808,0.93897731
23/05/2021 21:00,1.047236875,0.708041003,0.897876029,1.009271487,1.132938132,0.86410066
23/05/2021 22:00,0.970668723,0.62344098,0.759133995,0.928565628,1.050301071,0.882823471
23/05/2021 23:00,0.994105227,0.533726494,0.709684721,0.785610967,0.888477285,0.702816493
24/05/2021 00:00,0.655779389,0.423434019,0.562006504,0.626455727,0.708511054,0.550909811
24/05/2021 01:00,0.535716378,0.382995021,0.48592769,0.541619355,0.612549937,0.496437274
24/05/2021 02:00,0.49494841,0.334554518,0.424470686,0.47321414,0.514804676,0.433648084
24/05/2021 03:00,0.481042056,0.302268346,0.406442678,0.385085176,0.426629628,0.39126601
24/05/2021 04:00,0.420663898,0.297,0.35852688,0.402095208,0.455096384,0.368545366
24/05/2021 05:00,0.41715141,0.297,0.357752592,0.398647088,0.450962602,0.37826179
24/05/2021 06:00,0.479726896,0.334756501,0.424580235,0.47311522,0.533206224,0.433733046
24/05/2021 07:00,0.631090899,0.426584936,0.541978317,0.712706863,0.681968446,0.552655822
24/05/2021 08:00,0.616673667,0.328319014,0.656146344,0.589911059,0.666668477,0.54027421
24/05/2021 09:00,0.643703979,0.423266595,0.552161429,0.615635173,0.755803801,0.563684515
24/05/2021 10:00,0.666991384,0.444319344,0.605342165,0.674924161,0.764185835,0.618979237
24/05/2021 11:00,0.792882644,0.512617579,0.650404816,0.818803912,0.81985198,0.664411687
24/05/2021 12:00,0.765536189,0.53205383,0.720233215,0.803819256,0.940113066,0.735771779
24/05/2021 13:00,0.8658189,0.545791743,0.739311159,0.826920831,0.948579148,0.748164567
24/05/2021 14:00,0.759652831,0.51347846,0.601320175,0.726370959,0.821349158,0.666611505
24/05/2021 15:00,0.869682073,0.428318643,0.419828536,0.803392298,0.803379279,0.681123378
24/05/2021 16:00,0.756379598,0.5119384,0.6428379,0.739069393,0.818015039,0.663477878
24/05/2021 17:00,0.772796305,0.522302239,0.661960117,0.738577184,0.865146174,0.676818149
24/05/2021 18:00,0.810479714,0.544596782,0.694992319,0.774699205,0.870199707,0.710328085
24/05/2021 19:00,0.849725216,0.573820961,0.728704048,0.739268439,0.918574027,0.745187173
24/05/2021 20:00,1.073694305,0.685559383,0.920774038,1.026283168,1.1375,0.938027342
24/05/2021 21:00,1.055581929,0.71353566,0.913630188,1.009072883,1.045101954,0.924130505
24/05/2021 22:00,0.968300504,0.657292881,0.830693386,0.852875593,1.016086208,0.848252146
24/05/2021 23:00,0.824090202,0.559947078,0.706731875,0.791322316,1.06309999,0.72197962
25/05/2021 00:00,0.656398398,0.622602877,0.562926513,0.543546602,0.708177628,0.420989411
25/05/2021 01:00,0.552857447,0.312936947,0.486991849,0.528336883,0.598027754,0.424314641
25/05/2021 02:00,0.495838954,0.335138652,0.425247178,0.47395221,0.439945529,0.43442019
25/05/2021 03:00,0.397872529,0.297,0.383711868,0.427286506,0.434202714,0.576445423
25/05/2021 04:00,0.421430678,0.297,0.37897689,0.420792893,0.47484496,0.369111954
25/05/2021 05:00,0.394950788,0.297,0.358363713,0.297058373,0.451617272,0.366093112
25/05/2021 06:00,0.457302802,0.335187997,0.411044492,0.50877861,0.670136886,0.438833747
25/05/2021 07:00,0.631390429,0.357198718,0.527401364,0.603896889,0.687588207,0.553152997
25/05/2021 08:00,0.626558902,0.417241474,0.529303364,0.589956605,0.670628416,0.540739136
25/05/2021 09:00,0.644479258,0.43559203,0.620100148,0.615878414,0.696786013,0.465478182
25/05/2021 10:00,0.706842302,0.477613804,0.606296738,0.67452377,0.764126513,0.609800624
25/05/2021 11:00,0.75080443,0.552309443,0.650672817,0.725327308,0.812209002,0.554333145
25/05/2021 12:00,0.777907235,0.567891394,0.720497375,0.803045575,0.908233247,0.644149602
25/05/2021 13:00,1.046996799,0.585426937,0.829013138,0.827847766,0.922345812,0.759560984
25/05/2021 14:00,0.784650415,0.513632122,0.69232254,0.726305075,0.820975874,0.649169055
25/05/2021 15:00,0.834093314,0.454286965,0.637442196,0.710530435,0.803582338,0.651232419
25/05/2021 16:00,0.819889051,0.512036694,0.588940824,0.666446571,0.821358986,0.663636672
25/05/2021 17:00,0.783140686,0.578192293,0.570617288,0.853719108,0.862097444,0.677061362
25/05/2021 18:00,0.810667103,0.541434766,0.695149262,0.774802973,0.87624251,0.710154798
25/05/2021 19:00,0.856169112,0.577620934,0.734616311,0.818789173,0.926043094,0.750477444
25/05/2021 20:00,1.1375,0.716416273,0.920832621,1.026362899,1.1375,0.940677245
25/05/2021 21:00,1.063132458,0.718695875,0.911435527,1.016320612,1.149387094,0.931415225
25/05/2021 22:00,0.960464392,0.638799971,0.765692231,0.912797104,1.039483568,0.857338861
25/05/2021 23:00,0.824762188,0.600383001,0.707318362,0.789303376,0.912236027,0.722583836
26/05/2021 00:00,0.613608936,0.443505776,0.562689338,0.627169664,0.731382601,0.574832775
26/05/2021 01:00,0.547561707,0.370137617,0.468886889,0.523348504,0.589153048,0.479731166
26/05/2021 02:00,0.495662202,0.341933133,0.42509843,0.421349878,0.535820279,0.433398591
26/05/2021 03:00,0.447279328,0.364013376,0.383679097,0.427807573,0.483368979,0.326061616
26/05/2021 04:00,0.421269764,0.297,0.36809499,0.40270708,0.45528208,0.369102317
26/05/2021 05:00,0.375379832,0.297,0.526590411,0.399326375,0.451641593,0.36620478
26/05/2021 06:00,0.416636081,0.52370464,0.422676868,0.504165261,0.684529441,0.434315855
26/05/2021 07:00,0.590187504,0.426772242,0.541443297,0.648890949,0.663427676,0.590027958
26/05/2021 08:00,0.617206271,0.398853616,0.529426003,0.55589424,0.580216806,0.540739069
26/05/2021 09:00,0.644345632,0.435551625,0.552619368,0.615912055,0.697466066,0.564510993
26/05/2021 10:00,0.706886386,0.439938941,0.723050612,0.63349865,0.79940124,0.659992578
26/05/2021 11:00,0.728510825,0.512931105,0.705744461,0.72534578,0.656801752,0.554946028
26/05/2021 12:00,0.84025399,0.565776498,0.720561555,0.803160141,0.908355061,0.736146343
26/05/2021 13:00,0.866212634,0.585553929,0.742842852,0.827428867,0.936407712,0.758889047
26/05/2021 14:00,0.760002871,0.5137205,0.651764077,0.735189469,0.821674514,0.665931321
26/05/2021 15:00,0.743474834,0.342288899,0.637594158,0.717943548,0.671134153,0.691716539
26/05/2021 16:00,0.728073162,0.512077994,0.649742011,0.724180823,0.819036656,0.605612886
26/05/2021 17:00,0.772891584,0.522424567,0.612303041,0.738787165,0.846844617,0.749536009
26/05/2021 18:00,0.810713227,0.560375424,0.695240221,0.777459351,0.876417565,0.673455672
26/05/2021 19:00,0.829441675,0.579091965,0.719554017,0.81902884,0.878161189,0.859738878
26/05/2021 20:00,1.042287199,0.725853761,0.920628125,0.912760948,1.1375,0.925290754
26/05/2021 21:00,1.133383015,0.718689275,0.911816926,1.008165601,1.147538572,0.787719332
26/05/2021 22:00,0.960560669,0.649264497,0.84216786,0.918178963,1.071102474,0.841550184
26/05/2021 23:00,0.824876187,0.557594472,0.70739692,0.788452957,0.931168792,0.721815133
27/05/2021 00:00,0.52647962,0.443570492,0.562584281,0.627143896,0.778643882,0.487403909
27/05/2021 01:00,0.505103462,0.370141462,0.469569606,0.523757062,0.60816222,0.479703493
27/05/2021 02:00,0.495593384,0.334954605,0.424948931,0.474070523,0.535627727,0.381777319
27/05/2021 03:00,0.447209667,0.302332335,0.432021983,0.425238629,0.437447195,0.391887752
27/05/2021 04:00,0.42132389,0.337228439,0.36126561,0.406048576,0.642654872,0.369155165
27/05/2021 05:00,0.455629325,0.297,0.358230829,0.312065731,0.633601978,0.365963308
27/05/2021 06:00,0.49560489,0.335104989,0.425025208,0.487496238,0.544429142,0.434117291
27/05/2021 07:00,0.631307815,0.42673766,0.457940001,0.603449489,0.682453326,0.553096624
27/05/2021 08:00,0.617151908,0.469826415,0.537425952,0.589957831,0.667170745,0.540681004
27/05/2021 09:00,0.644283331,0.436085231,0.63825978,0.75119918,0.656316062,0.564380052
27/05/2021 10:00,0.706793403,0.628246877,0.692723117,0.557567565,0.763776907,0.619281681
27/05/2021 11:00,0.491817661,0.512876668,0.650703697,0.725211981,0.820257177,0.664748627
27/05/2021 12:00,0.840196169,0.568291755,0.720818069,0.803089832,0.917298961,0.736033494
27/05/2021 13:00,0.860970811,0.585554925,0.718035713,0.827800727,0.936350693,0.758835458
27/05/2021 14:00,0.759847225,0.513517246,0.651760295,0.703511264,0.822597159,0.665794153
27/05/2021 15:00,0.741046138,0.502518557,0.6372368,0.711210188,0.803764621,0.64945062
27/05/2021 16:00,0.757437863,0.51208225,0.669243548,0.724180158,0.819007023,0.663654798
27/05/2021 17:00,0.772885833,0.523838549,0.662816126,0.738872032,0.835541907,0.701975328
27/05/2021 18:00,0.810720745,0.54798108,0.695255532,0.774871145,0.876431552,0.710263365
27/05/2021 19:00,0.860653734,0.579106152,0.734725213,0.996092735,0.88476896,0.750563212
27/05/2021 20:00,1.074848385,0.725875466,0.847085913,1.030435997,1.1375,0.940862421
27/05/2021 21:00,0.925597847,0.7133191,0.885186391,1.127472968,1.147343284,0.835802012
27/05/2021 22:00,0.960652865,0.586052722,0.875866194,0.918273913,1.038537822,0.831961623
27/05/2021 23:00,0.824976208,0.555669244,0.720275695,0.800760733,0.833809507,0.722769317
28/05/2021 00:00,0.658571205,0.445159048,0.536157425,0.629498783,0.712183808,0.576845603
28/05/2021 01:00,0.547840799,0.370643642,0.469460919,0.523320389,0.591870741,0.484680302
28/05/2021 02:00,0.495578824,0.334976813,0.425001049,0.475626883,0.535392017,0.426464986
28/05/2021 03:00,0.435820131,0.305186906,0.382596525,0.444477256,0.44436346,0.453519776
28/05/2021 04:00,0.370029295,0.309076136,0.361241534,0.565703703,0.494836046,0.368959783
28/05/2021 05:00,0.417821891,0.297,0.303108066,0.491917294,0.678942907,0.365935756
28/05/2021 06:00,0.521177582,0.334979235,0.42509233,0.462858464,0.535724503,0.31370414
28/05/2021 07:00,0.631284251,0.426712409,0.660171359,0.603399588,0.68245154,0.565445108
28/05/2021 08:00,0.692902806,0.414707279,0.607116666,0.677907191,0.663217572,0.537505845
28/05/2021 09:00,0.644164841,0.402011754,0.546802777,0.615811482,0.696493574,0.564833601
28/05/2021 10:00,0.706794149,0.658928114,0.608744497,0.675636629,0.76411615,0.619098731
28/05/2021 11:00,0.758719777,0.413047702,0.650854746,0.725521786,0.820251797,0.664735061
28/05/2021 12:00,0.840122647,0.432200876,0.611249863,0.796647565,1.1375,0.750147163
28/05/2021 13:00,0.866164304,0.601750821,0.742629802,0.827880604,0.936332835,0.714139224
28/05/2021 14:00,0.759926714,0.600300406,0.676499893,0.726371069,0.821280023,0.665779026
28/05/2021 15:00,0.774276683,0.487981502,0.637541232,0.710716494,0.803430413,0.651307641
28/05/2021 16:00,0.763019063,0.434008973,0.649713895,0.724159508,0.818985812,0.663953431
28/05/2021 17:00,0.853522789,0.522297603,0.662828538,0.716149528,0.835408684,0.676969545
28/05/2021 18:00,0.851777646,0.640344682,0.697284824,0.892578083,0.87922624,0.728685273
28/05/2021 19:00,0.857035623,0.579634255,0.735084663,0.700352451,0.926789375,0.751421546
28/05/2021 20:00,1.073798432,0.834800438,0.889680086,1.026468263,1.160885226,0.940793828
28/05/2021 21:00,1.135788979,0.718675756,0.911745301,1.014444211,1.056609627,0.931483785
28/05/2021 22:00,0.953566579,0.555484522,0.783777736,0.919483225,1.028174687,0.842764225
28/05/2021 23:00,0.824810813,0.55754934,0.725564969,0.788387485,0.899932262,0.768174197
29/05/2021 00:00,0.66668135,0.453285089,0.570787846,0.637002394,0.799819863,0.583852055
29/05/2021 01:00,0.546930653,0.369715149,0.469036713,0.522223863,0.504347072,0.479222814
29/05/2021 02:00,0.534681026,0.334917855,0.424485552,0.473140381,0.535062397,0.433596433
29/05/2021 03:00,0.446607672,0.301858415,0.382976068,0.385679494,0.482819402,0.391231116
29/05/2021 04:00,0.34380044,0.3942807,0.360695548,0.402012232,0.454682505,0.368455575
29/05/2021 05:00,0.307227055,0.297,0.357693681,0.398682833,0.44987177,0.364866756
29/05/2021 06:00,0.496839021,0.436025462,0.424005954,0.473200235,0.537859847,0.405727951
29/05/2021 07:00,0.606894453,0.426457362,0.541027794,0.554230585,0.68204057,0.540572984
29/05/2021 08:00,0.60373968,0.560592823,0.534829821,0.578111289,0.653827991,0.607874089
29/05/2021 09:00,0.59051099,0.450046712,0.550861005,0.614231299,0.694434844,0.562767372
29/05/2021 10:00,0.684913162,0.476789663,0.717430121,0.62623516,0.762550745,0.607426263
29/05/2021 11:00,0.759859868,0.500060237,0.65170306,0.726356192,0.821564242,0.665799151
29/05/2021 12:00,0.955033259,0.56936277,0.713196994,0.987479233,0.91081897,0.737958332
29/05/2021 13:00,0.885606656,0.821804226,0.759516932,0.846505551,0.957393142,0.77590863
29/05/2021 14:00,0.780176437,0.527312147,0.668837061,0.613153029,0.843426721,0.683429864
29/05/2021 15:00,0.796928831,0.517391408,0.706243609,0.730368823,0.826400707,0.669653692
29/05/2021 16:00,0.900377134,0.526508972,0.668412038,0.746677239,0.937246263,0.527934997
29/05/2021 17:00,0.795207381,0.537568238,0.681297264,0.765185736,0.85974492,0.686285206
29/05/2021 18:00,0.950071238,0.568306646,0.720447675,0.872384085,0.90810716,0.736081422
29/05/2021 19:00,0.883913059,0.597376091,0.757904664,0.843388595,0.921799942,0.774282629
29/05/2021 20:00,1.108236357,0.749149684,0.834417495,1.059308299,1.195628564,1.038485677
29/05/2021 21:00,1.098146214,0.803397386,0.941631487,1.049620218,1.188899048,1.112752287
29/05/2021 22:00,1.044181628,0.797073945,0.865301671,0.968662362,1.099187382,0.884013071
29/05/2021 23:00,0.856027369,0.68021908,0.734659117,0.818820976,0.910195031,0.75041547
30/05/2021 00:00,0.707851674,0.478439664,0.60698615,0.826307013,0.765180219,0.706674389
30/05/2021 01:00,0.48734234,0.48717037,0.49251619,0.530593076,0.620865152,0.502832224
30/05/2021 02:00,0.520527679,0.351276578,0.437521826,0.471576043,0.495268316,0.456015717
30/05/2021 03:00,0.470542677,0.297,0.396825228,0.450071157,0.508703184,0.412280533
30/05/2021 04:00,0.444744834,0.299428212,0.437439966,0.591990464,0.481206467,0.568508901
30/05/2021 05:00,0.438576181,0.297,0.376037763,0.419215402,0.474032611,0.460381784
30/05/2021 06:00,0.515533432,0.348479978,0.433744805,0.453302862,0.557296792,0.451121321
30/05/2021 07:00,0.65044102,0.42856742,0.500211527,0.621725129,0.703154555,0.569678013
30/05/2021 08:00,0.60103182,0.406273558,0.379441445,0.72497375,0.649756,0.526712078
30/05/2021 09:00,0.581389994,0.440107211,0.455608768,0.629597507,0.711729997,0.570099662
30/05/2021 10:00,0.72087817,0.487275304,0.618627285,0.708190626,0.779303661,0.626677197
30/05/2021 11:00,0.78514718,0.524398936,0.665316931,0.921065033,0.838677378,0.679644584
30/05/2021 12:00,0.863874176,0.579154011,0.732445603,0.819009707,0.926255307,0.750666654
30/05/2021 13:00,0.997525158,0.594924561,0.75668849,0.843393706,0.946856359,0.773024785
30/05/2021 14:00,0.775623187,0.524291987,0.670128171,0.596358219,0.796782821,0.679684938
30/05/2021 15:00,0.832280956,0.432067122,0.659942218,0.72501955,0.820075587,0.664941029
30/05/2021 16:00,0.733965073,0.52204343,0.660202513,0.73289148,0.818477557,0.676539067
30/05/2021 17:00,0.849110225,0.573826143,0.728323156,0.812060283,0.919460166,0.743698492
30/05/2021 18:00,0.834266692,0.564302418,0.770368716,0.849244391,0.901807166,0.706657054
30/05/2021 19:00,0.872452974,0.589766816,0.747910423,0.856993053,0.943183301,0.763296479
30/05/2021 20:00,1.086914579,0.734650156,0.93261014,1.038867118,1.174952252,0.952184756
30/05/2021 21:00,1.075974222,0.727331343,0.922737462,1.028475469,1.163131697,0.942649248
30/05/2021 22:00,1.046333369,0.698528134,0.898170369,1.000907515,1.132255855,0.897558052
30/05/2021 23:00,0.837300283,0.565864575,0.717931001,0.800079635,0.85264517,0.733253259
31/05/2021 00:00,0.706413892,0.466772808,0.566922655,0.660080288,0.780199227,0.602343257
31/05/2021 01:00,0.551195591,0.372586534,0.472707867,0.526789837,0.595918462,0.420665267
31/05/2021 02:00,0.499261458,0.40885093,0.428187745,0.477258304,0.724289698,0.38664028
31/05/2021 03:00,0.450529509,0.304713659,0.38663813,0.430942614,0.487343019,0.394985209
31/05/2021 04:00,0.424551607,0.31900833,0.317897958,0.52095553,0.399146023,0.372257167
31/05/2021 05:00,0.421536536,0.297,0.360990574,0.402356883,0.437807784,0.368786355
31/05/2021 06:00,0.496784319,0.569702429,0.42747206,0.476449421,0.514971165,0.439196597
31/05/2021 07:00,0.869443675,0.428550703,0.542578512,0.607003623,0.685630163,0.555184865
31/05/2021 08:00,0.566563145,0.383143205,0.48588421,0.522642218,0.611641968,0.49637272
31/05/2021 09:00,0.645632591,0.436505436,0.553738197,0.615821272,0.705556093,0.56586773
31/05/2021 10:00,0.661013971,0.333337183,0.641867332,0.675109722,0.765083472,0.69385816
31/05/2021 11:00,0.759029189,0.513106872,0.650950656,0.725537661,0.815494893,0.710553846
31/05/2021 12:00,0.839871285,0.574501245,0.72032786,0.802788355,0.907974407,0.735817735
31/05/2021 13:00,0.865240947,0.584825903,0.957829312,0.815663076,0.894192702,0.758035793
31/05/2021 14:00,0.758380437,0.5184739,0.647294745,0.570865153,0.819884489,0.664517357
31/05/2021 15:00,0.741193127,0.50124531,0.686246947,0.931728793,0.80144026,0.649450696
31/05/2021 16:00,0.754793198,0.510241104,0.629585446,0.559873667,0.815975125,0.66127485
31/05/2021 17:00,0.718267009,0.519937955,0.660043959,0.743856671,0.831380407,0.676727423
31/05/2021 18:00,0.854676213,0.507125006,0.730732413,0.82693728,0.923952807,0.748800504
31/05/2021 19:00,0.900904922,0.60590833,0.772578791,1.071078126,0.97389322,0.642359222
31/05/2021 20:00,1.068487286,0.722215452,1.028804575,1.14231451,1.155065754,0.936277934
31/05/2021 21:00,0.908637085,0.637981689,0.807685379,0.821484435,1.018393105,0.825011467
31/05/2021 22:00,1.1375,0.809208448,0.992583481,1.1375,1.1375,1.048074306
31/05/2021 23:00,1.14566475,0.748442316,0.982568303,1.022322692,1.240408586,1.049744027
01/06/2021 00:00,0.992503388,0.687442795,0.982248438,0.997103831,1.072666984,0.868990103
01/06/2021 01:00,1.053591155,0.707099582,0.899665037,1.086447726,1.131031989,0.839841136
01/06/2021 02:00,0.9896799,0.668950777,0.84885276,1.091921757,1.069754823,0.887884693
01/06/2021 03:00,0.908329676,0.613913213,0.67953424,0.92944541,0.918039043,0.795793354
01/06/2021 04:00,0.853086424,0.576643417,0.731671173,0.747490038,0.933023524,0.747381944
01/06/2021 05:00,0.839352754,0.564008023,0.715095259,0.79766016,0.902208661,0.731434729
01/06/2021 06:00,0.838623271,0.546499901,0.671653634,0.818955355,0.906153684,0.734269232
01/06/2021 07:00,0.917611008,0.629865988,0.799115888,0.890683591,1.007438591,0.816577373
01/06/2021 08:00,0.893640554,0.676666381,0.766395833,0.854259986,0.965050611,0.78299526
01/06/2021 09:00,0.956330825,0.678965055,0.800626223,0.913879974,1.003529954,0.829906108
01/06/2021 10:00,1.009336384,0.658324048,0.867376386,0.96535098,1.09204435,0.949330175
01/06/2021 11:00,0.963652253,0.657606196,0.834321427,0.934511624,1.053145532,0.852346122
01/06/2021 12:00,1.06057393,0.762715892,0.863199636,1.013754492,1.146542028,0.929148194
01/06/2021 13:00,1.168952521,0.790542951,1.00263149,0.998710139,1.264342043,1.024603027
01/06/2021 14:00,1.193238081,0.890907988,1.06505211,1.142694675,1.319307239,1.069429389
01/06/2021 15:00,1.247047704,0.842936762,0.948988527,1.048794326,1.260807065,1.092967025
01/06/2021 16:00,1.263996199,0.854475806,1.08396534,1.207155203,1.366473701,1.107360386
01/06/2021 17:00,1.229276285,0.805989411,1.023047962,1.146538345,1.241853291,1.044651598
01/06/2021 18:00,1.167116489,0.778106914,1.002097607,1.116928248,1.346381951,1.023714285
01/06/2021 19:00,1.281273712,0.790090646,1.002350659,1.346339859,1.263550275,1.001075384
01/06/2021 20:00,1.273325193,0.798070554,0.902116946,1.128521663,1.299502274,1.034373758
01/06/2021 21:00,1.258894934,0.850941579,1.079605858,1.203526479,1.361285172,1.102892007
01/06/2021 22:00,1.327514578,1.031580631,1.138432307,1.268970528,1.395,1.226277716
01/06/2021 23:00,1.301858854,0.867573998,1.114692431,1.242453194,1.405197206,1.138776446
02/06/2021 00:00,1.207140911,0.721119116,1.035173783,1.153833113,1.304989365,0.992576716
02/06/2021 01:00,1.168877181,0.774520613,1.002701508,1.117303032,1.263613421,1.129517415
02/06/2021 02:00,1.172279608,0.742808371,0.941885834,1.050348507,1.187935252,0.962714301
02/06/2021 03:00,1.001531261,0.676978546,0.901444023,0.957193005,1.082248259,0.870060212
02/06/2021 04:00,0.889805485,0.628836387,0.797703137,0.891566952,1.00563525,0.79642634
02/06/2021 05:00,0.897770733,0.606842783,0.769860892,0.743688914,0.970172327,0.786536567
02/06/2021 06:00,0.898755597,0.60729303,0.78037528,0.858799811,1.026000947,0.787143528
02/06/2021 07:00,1.11298714,0.649177017,0.823478769,0.973644081,1.03814042,0.900586178
02/06/2021 08:00,0.86268736,0.610442312,0.774989295,0.863789338,1.187897281,0.792296596
02/06/2021 09:00,0.924490457,0.647128769,0.794548591,0.729589525,1.002641294,0.796582778
02/06/2021 10:00,0.970141685,0.655775879,0.848634081,1.254097676,1.048666718,0.807419476
02/06/2021 11:00,0.986700799,0.665205563,0.846199574,0.943151933,1.013704842,0.865737893
02/06/2021 12:00,1.074426916,0.731724414,0.921452184,1.027066001,1.161604196,0.94107463
02/06/2021 13:00,1.228404067,0.934137998,1.014959209,1.255268976,1.278796058,1.044327523
02/06/2021 14:00,1.23465994,0.902970467,1.058961701,1.180225526,1.334692166,1.08024576
02/06/2021 15:00,1.260938758,0.817711559,1.081432893,1.202720183,1.363194801,0.991225921
02/06/2021 16:00,1.278031269,0.979015312,1.116153131,1.221547961,1.381583187,1.119919907
02/06/2021 17:00,1.206382169,0.824352068,0.986010306,1.153125554,1.395,1.057112155
02/06/2021 18:00,1.193550462,0.781392272,0.998941303,1.105007987,1.249990607,1.012787662
02/06/2021 19:00,1.117455494,0.69679687,1.037699568,1.067968333,1.208033002,0.885284598
02/06/2021 20:00,1.194490582,0.775638961,0.984207199,1.141352168,1.194859762,0.932065693
02/06/2021 21:00,1.27271695,0.860237224,1.090994919,1.216654186,1.375753845,1.114730075
02/06/2021 22:00,1.297419609,0.852537231,0.96279863,1.199456696,1.404115117,1.098839638
02/06/2021 23:00,1.270009809,0.88905464,1.127886903,1.257518536,1.421885485,1.200972497
03/06/2021 00:00,1.222032989,0.825956926,1.047935083,1.14960289,1.192801592,1.038784195
03/06/2021 01:00,1.126658669,0.978236379,0.972694627,1.13101786,1.279156757,0.740671801
03/06/2021 02:00,1.090705353,0.750521195,0.952454513,1.061424343,1.200356117,1.005429883
03/06/2021 03:00,1.012708299,0.715881187,1.05042041,0.967901057,1.094709524,0.887151896
03/06/2021 04:00,0.940800575,0.635937093,0.806456684,0.899195012,1.010595429,0.824268533
03/06/2021 05:00,0.905917536,0.612263013,0.703699213,0.969712133,0.920068156,0.794039316
03/06/2021 06:00,0.892968411,0.612255043,0.776968471,0.86535126,1.110089222,0.793547398
03/06/2021 07:00,0.967294906,0.648425785,0.818379264,0.925740812,1.043588798,0.832922584
03/06/2021 08:00,0.902967109,0.674847896,0.774266472,0.863339912,0.976127074,0.924976317
03/06/2021 09:00,1.048171039,0.586993532,0.744692638,0.830082277,0.938699282,0.760758325
03/06/2021 10:00,0.902689841,0.629886344,0.774348737,0.862890546,0.975934272,0.790840543
03/06/2021 11:00,0.992530443,0.750598744,0.85249649,0.94867664,1.073806851,0.869538263
03/06/2021 12:00,0.99350121,0.729955235,1.034973603,1.032219744,1.167433514,0.945596593
03/06/2021 13:00,1.101556009,0.940134181,1.039697873,1.136078516,1.28485639,1.048982475
03/06/2021 14:00,1.32989038,0.841933517,1.06314157,1.034671059,1.382301091,1.085759072
03/06/2021 15:00,1.2652757,0.855250916,1.081766262,1.209420303,1.395,1.108499685
03/06/2021 16:00,1.281700978,0.866436497,1.099227328,1.22521616,1.372448984,1.033324555
03/06/2021 17:00,1.209784646,0.817674468,1.025420779,1.156341498,1.313753364,1.059889731
03/06/2021 18:00,1.159056426,0.778305587,0.994132436,1.147010751,1.253025093,1.089285651
03/06/2021 19:00,1.153395408,0.757774052,0.960961694,1.111784473,1.21957319,0.973914907
03/06/2021 20:00,1.196084555,0.809260478,1.134795311,1.143534753,1.408824706,1.043567136
03/06/2021 21:00,1.183327343,0.853226898,1.139595392,1.234743594,1.377950091,1.11671271
03/06/2021 22:00,1.300290775,0.830286227,1.114350444,1.24199031,1.304751513,1.138364068
03/06/2021 23:00,1.325609108,0.890151506,1.129390649,1.258854098,1.423703191,1.152372618
04/06/2021 00:00,1.223884267,0.827368382,1.108747353,1.173349968,1.323219442,1.072298952
04/06/2021 01:00,1.18453266,0.800680715,1.015841868,1.132240785,1.280546637,1.037600019
04/06/2021 02:00,1.111729453,0.755643751,0.953350843,1.062325382,1.087432313,0.946745769
04/06/2021 03:00,1.013318137,0.666515485,0.869086519,0.968700852,1.016697595,0.887901331
04/06/2021 04:00,0.90001723,0.636352738,0.807663112,0.907847351,1.019078518,0.825700441
04/06/2021 05:00,0.906345603,0.613175539,0.706716433,0.866389664,1.010695885,0.794099619
04/06/2021 06:00,0.906444027,0.617966904,0.777310257,0.86637606,0.979866553,0.794079816
04/06/2021 07:00,0.959924695,0.597086641,0.7291283,0.87382637,1.101484555,0.973044288
04/06/2021 08:00,0.815626068,0.605481104,0.692195891,0.857389852,1.017022925,0.784689099
04/06/2021 09:00,0.86857622,0.587159591,0.744903973,0.830253081,0.939444527,0.761475681
04/06/2021 10:00,0.902783611,0.631113219,0.774273543,0.813103107,0.975984497,0.798771331
04/06/2021 11:00,0.992504911,0.670878501,0.851276573,0.948668834,1.130690248,0.869626358
04/06/2021 12:00,1.071700961,0.664339232,0.90396493,1.032146049,1.172249617,0.927527134
04/06/2021 13:00,1.189388598,0.87082453,1.015958185,1.135914116,1.28469969,1.041164195
04/06/2021 14:00,1.238996495,0.837539554,1.06081243,1.183432279,1.34057411,0.989812245
04/06/2021 15:00,1.272280249,0.854436712,1.235703747,1.209222205,1.367748604,1.083029706
04/06/2021 16:00,1.281585263,0.866346402,1.099014798,1.248623066,1.395,1.11468467
04/06/2021 17:00,1.049377021,0.8176238,1.037328831,1.15620062,1.307644789,1.065930543
04/06/2021 18:00,1.158858468,0.782299451,0.993988226,1.110535178,1.252792886,1.015283448
04/06/2021 19:00,1.119862109,0.732960624,0.960345343,1.11536376,1.21073267,0.980437018
04/06/2021 20:00,1.196669252,0.713118747,1.024953666,1.143806824,1.293755453,1.065379116
04/06/2021 21:00,1.360122674,0.833266716,1.183295889,1.218287537,1.377969369,1.116639006
04/06/2021 22:00,1.29931106,0.878457449,1.114308609,1.241899195,1.391977601,1.023878763
04/06/2021 23:00,1.317039426,0.890248381,1.125598034,1.258350862,1.423794218,1.15722802
05/06/2021 00:00,1.223078388,0.826988925,0.961831081,1.169442371,1.32228524,1.071863712
05/06/2021 01:00,1.084416721,0.800699647,1.015669025,1.131936615,1.280112427,1.037510533
05/06/2021 02:00,1.11141481,0.748224561,0.953065701,1.062273527,1.114451889,0.973399439
05/06/2021 03:00,1.013450319,0.685126925,0.809587759,1.018033155,1.09546744,0.888335091
05/06/2021 04:00,0.934936989,0.611265208,0.807306952,0.899608016,1.017455074,0.824548621
05/06/2021 05:00,1.081838707,0.618372026,0.774561062,0.865566196,1.027259019,0.793689826
05/06/2021 06:00,0.880984915,0.690697814,0.794720368,0.869674486,0.978462432,0.796656197
05/06/2021 07:00,0.965192814,0.595651395,0.827822477,0.922715346,1.043428223,0.851261591
05/06/2021 08:00,0.889025166,0.602547811,0.801624131,0.849100688,0.99678713,0.780992115
05/06/2021 09:00,0.835826302,0.565402264,0.725784528,0.832442431,0.904391096,0.732821375
05/06/2021 10:00,0.816235469,0.587183753,0.744031638,0.829398539,0.938043052,0.760327754
05/06/2021 11:00,0.954796485,0.645326459,0.887028795,0.912655342,1.032302215,0.836653446
05/06/2021 12:00,1.107337374,0.702755565,0.891602716,0.938636508,1.154931821,1.021635759
05/06/2021 13:00,1.178278114,0.717929031,0.982671773,1.095145634,1.238275771,0.961799531
05/06/2021 14:00,1.194188448,0.719667696,1.01237542,1.108308547,1.290984959,1.062984777
05/06/2021 15:00,1.217762564,0.823146426,1.044313904,1.164538161,1.316453587,1.066856525
05/06/2021 16:00,1.231776234,0.832607227,1.041939438,1.160536474,1.33410798,1.128389596
05/06/2021 17:00,1.157225796,0.782218803,0.992420193,1.106133381,1.25101984,0.968578766
05/06/2021 18:00,1.087327362,0.734967347,0.932478956,1.039193319,1.15296115,0.95260222
05/06/2021 19:00,1.045155854,0.706466245,0.896312688,1.052051977,1.129581486,0.819574009
05/06/2021 20:00,1.1205233,0.762580181,0.960667345,1.070785391,1.301295136,1.075313977
05/06/2021 21:00,1.197685055,0.809933215,1.026964006,1.141916338,1.294695985,0.907188714
05/06/2021 22:00,1.222258003,0.826177245,1.048196578,1.113204872,1.240634179,1.070768707
05/06/2021 23:00,1.290016329,0.90975,1.063389943,1.185248584,1.34050595,1.029949081
06/06/2021 00:00,1.146646834,0.775149905,0.984285062,1.096146979,1.215596812,1.004590601
06/06/2021 01:00,1.071370376,0.748544598,0.949869898,1.058350701,1.197178465,0.970492855
06/06/2021 02:00,1.014631029,0.699337912,0.887324443,0.924483093,1.250578639,0.902544041
06/06/2021 03:00,0.937064863,0.633493169,0.979110667,0.895845986,1.012785373,0.82102128
06/06/2021 04:00,0.833604324,0.619178577,0.743366731,0.828528807,1.004409276,0.88458927
06/06/2021 05:00,0.833383199,0.564032101,0.700222875,0.79760284,0.902074325,0.731023382
06/06/2021 06:00,0.839393249,0.715914573,0.720177298,0.802103196,0.906076926,0.735015121
06/06/2021 07:00,0.907238059,0.613245681,0.778142141,0.794590117,0.98081871,0.794837003
06/06/2021 08:00,0.838443475,0.566700811,0.719022015,0.764431284,0.906387166,0.7345394
06/06/2021 09:00,0.814337525,0.550586348,0.678410195,0.778427806,0.880349245,0.713463282
06/06/2021 10:00,0.851634815,0.538858425,0.730351359,0.890126838,0.920669083,0.746010206
06/06/2021 11:00,0.944312854,0.638305617,0.739228903,0.899653171,1.035729403,0.827412704
06/06/2021 12:00,1.034604087,0.876375211,0.887265275,0.989112544,1.118466366,0.906483978
06/06/2021 13:00,1.146178808,0.778389835,0.976562476,1.095697862,1.239046905,1.000985242
06/06/2021 14:00,1.199879542,0.826398299,1.029007008,1.14613102,1.2321355,1.119627831
06/06/2021 15:00,1.213151486,0.830610837,1.053764845,1.174742438,1.234110616,1.065083158
06/06/2021 16:00,1.248650558,0.844012434,1.070680652,1.193532798,1.349861353,1.046766502
06/06/2021 17:00,1.263601865,0.812658655,1.031048751,1.158741019,1.297051211,1.039898068
06/06/2021 18:00,1.153678024,0.789868945,0.989279013,1.102312222,1.247545576,1.011083446
06/06/2021 19:00,1.249811195,0.759930174,0.957465293,0.944652093,1.207024852,1.087462242
06/06/2021 20:00,1.195054369,0.90975,1.024380145,1.141760792,1.279773251,1.046484277
06/06/2021 21:00,1.271212986,0.860680286,1.091996608,1.217101539,1.376562895,1.138356515
06/06/2021 22:00,1.299089449,0.877879143,1.067447701,1.241386571,1.404532669,0.928940055
06/06/2021 23:00,1.257350351,0.890090196,1.12927695,1.258599176,1.423695717,1.153651581
07/06/2021 00:00,1.166999735,0.825702498,1.049717878,1.089496231,1.30686554,1.072109854
07/06/2021 01:00,1.18452249,0.800657639,1.015870989,1.132503148,1.280604467,1.037761735
07/06/2021 02:00,1.120859758,0.654926302,0.953323339,1.062493801,1.201687792,0.973882626
07/06/2021 03:00,1.013618398,0.684857948,0.868944354,0.968792581,1.110809662,0.888029307
07/06/2021 04:00,0.941899917,0.486628537,0.807594052,0.913237935,1.017968394,0.824990216
07/06/2021 05:00,0.906281936,0.612611612,0.657985748,0.866334797,0.979764022,0.794028058
07/06/2021 06:00,0.90630307,0.612611959,0.777253508,0.866687506,0.979592934,0.7500511
07/06/2021 07:00,0.958728055,0.653889815,0.829886451,0.92493105,1.025737675,0.847886514
07/06/2021 08:00,0.895699071,0.605433604,0.76811551,0.856143092,0.968285616,0.784703336
07/06/2021 09:00,0.868516051,0.587089928,0.744855574,0.814606622,0.926783459,0.760930817
07/06/2021 10:00,0.902891967,0.591828834,0.773426855,0.862913692,0.975935086,0.79499087
07/06/2021 11:00,0.992397696,0.670878177,0.851111735,0.948641517,1.07274757,0.869507765
07/06/2021 12:00,1.079786035,0.730055099,0.813905376,1.032110293,1.167162848,0.946570075
07/06/2021 13:00,1.176978123,0.834468556,1.017426232,1.135883559,1.285578074,1.024771075
07/06/2021 14:00,1.264693951,0.83755441,1.062621667,1.184403444,1.339534068,1.085579701
07/06/2021 15:00,1.265038186,0.855109964,1.085057434,1.209426147,1.367576527,1.108309342
07/06/2021 16:00,1.281272056,0.866263373,1.056995383,1.22498369,1.385429824,1.093256586
07/06/2021 17:00,1.209592179,0.697149501,0.932187447,1.156142239,1.307629768,1.059716227
07/06/2021 18:00,1.048798873,0.783313616,0.993794675,1.108038461,1.358837223,1.013425731
07/06/2021 19:00,0.976701459,0.7569796,0.960412549,1.03392536,1.210677769,0.98113835
07/06/2021 20:00,1.108255128,0.882665566,1.026232751,1.143246171,1.273619894,1.074547844
07/06/2021 21:00,1.274573515,0.86148263,1.092713428,1.237756487,1.377933921,1.087557647
07/06/2021 22:00,1.3772677,0.878236903,1.124175952,1.241912212,1.404583613,1.138056615
07/06/2021 23:00,1.316982489,0.890195204,1.205563116,1.210871859,1.395,1.153797085
08/06/2021 00:00,1.224198689,0.977993113,1.049484553,1.14556487,1.32191556,1.064201593
08/06/2021 01:00,1.185035491,0.800808186,1.119569668,1.194826074,0.990414626,1.037934608
08/06/2021 02:00,1.111533294,0.751386077,0.969191261,1.149096302,1.201698556,1.07574563
08/06/2021 03:00,1.013671534,0.685181185,0.869309837,0.968305557,1.056885267,0.886523074
08/06/2021 04:00,0.941822508,0.633766592,0.807663515,0.900759073,1.018115071,0.81499839
08/06/2021 05:00,0.90325058,0.612606789,0.783937458,0.947177346,0.979758192,0.735581228
08/06/2021 06:00,0.839758312,0.612609004,0.777229213,0.866286925,0.979712564,0.794005881
08/06/2021 07:00,0.967658944,0.654085193,0.830187674,0.921569946,1.046094565,0.847911861
08/06/2021 08:00,1.045274452,0.605505556,0.768498869,0.856126214,0.968272709,0.784701308
08/06/2021 09:00,0.828654951,0.58656584,0.744750351,0.826769552,0.939765096,0.760916661
08/06/2021 10:00,0.902753702,0.610389401,0.774191298,0.862867353,1.000046015,0.790905575
08/06/2021 11:00,0.992525967,0.67607139,0.851085573,0.948620848,1.073895744,0.872956257
08/06/2021 12:00,1.079451893,0.701615508,0.926592185,1.058159984,1.167253416,0.945897127
08/06/2021 13:00,1.167733043,0.80324942,1.019091216,1.135849026,1.284660573,1.041042786
08/06/2021 14:00,1.239212393,0.837588341,1.054481187,1.184386664,1.338472435,1.085473394
08/06/2021 15:00,1.265086844,0.855096213,1.084686367,1.209268237,1.367588587,1.319084471
08/06/2021 16:00,1.208167752,0.657379076,1.00690302,1.224516001,1.371421943,1.122822428
08/06/2021 17:00,1.20898979,0.818554277,1.037300826,1.156015908,1.307605399,1.059783793
08/06/2021 18:00,1.2680025,0.784187727,1.083329849,1.26800406,1.252751923,1.015252858
08/06/2021 19:00,1.119935241,0.756977141,1.070893023,1.075204745,1.21067099,0.878240372
08/06/2021 20:00,1.163404676,0.80903816,1.020854271,1.143769842,1.294864464,1.048322965
08/06/2021 21:00,1.274506965,1.023891166,1.290227478,1.218186708,1.383290474,1.116512019
08/06/2021 22:00,1.299258933,1.095671149,1.114231189,1.242136328,1.395,1.138263282
08/06/2021 23:00,1.316961108,0.890125202,1.129348079,1.274827448,1.423697712,1.19226607
09/06/2021 00:00,1.223685666,0.726378113,0.953316241,1.169717537,1.373509489,1.071779218
09/06/2021 01:00,1.246128232,0.800491236,1.014788459,1.132478929,1.280698823,1.037996093
09/06/2021 02:00,1.225214558,1.028838174,0.95345328,1.048180351,1.201728925,0.958706155
09/06/2021 03:00,1.014272806,0.685229641,0.869159943,0.968938533,1.155008661,0.911655357
09/06/2021 04:00,0.941792824,0.636913996,0.8065847,0.901765813,1.018005778,0.825119022
09/06/2021 05:00,0.906121376,0.69983084,0.972458249,0.789000987,1.09000814,0.794010082
09/06/2021 06:00,0.908693487,0.638197249,0.778325794,0.866252971,0.979754875,0.778850617
09/06/2021 07:00,0.919246872,0.65427221,0.88079614,0.924940388,1.046093089,0.844361713
09/06/2021 08:00,0.895672764,0.605428103,0.767616257,0.860566587,0.968254885,0.784699798
09/06/2021 09:00,0.934567273,0.586984369,0.760015702,0.765564475,0.938965462,0.760868848
09/06/2021 10:00,0.842754812,0.612277726,0.775892103,0.862896285,0.975927793,0.794083401
09/06/2021 11:00,0.992476585,0.67011149,0.901140349,0.948456538,1.072786249,0.869456178
09/06/2021 12:00,1.080036471,0.641856682,0.918168695,1.026917148,1.183601991,0.946092877
09/06/2021 13:00,1.18832337,0.808185471,1.019503297,1.140623831,1.28465426,1.064082
09/06/2021 14:00,1.166321808,0.707398005,1.062364793,1.18437583,1.339479797,1.085467518
09/06/2021 15:00,1.274704879,0.855090951,1.084688299,1.209177405,1.367721243,1.108298236
09/06/2021 16:00,1.142742576,0.870943503,1.099128062,1.224975297,1.385437801,1.122813551
09/06/2021 17:00,1.20957323,0.860713709,0.965322168,1.281609478,1.307615022,1.059707123
09/06/2021 18:00,1.158975474,0.783326553,0.991555821,1.107691347,1.252061442,0.975373885
09/06/2021 19:00,1.145479086,0.756984937,0.942515489,1.070466726,1.210644485,0.982895405
09/06/2021 20:00,1.196585108,0.808923544,1.026819361,1.144139672,1.298878795,0.996143593
09/06/2021 21:00,1.274474209,0.861730303,1.092976142,1.218207839,1.377783014,1.11829667
09/06/2021 22:00,1.280341447,0.878181291,1.114151722,1.242226162,1.404572247,1.138257893
09/06/2021 23:00,1.316968245,0.873601655,1.129408102,1.341243166,1.395,1.153784429
10/06/2021 00:00,1.223723776,0.872040964,1.049422953,1.169983717,1.322893631,1.072120571
10/06/2021 01:00,1.184824512,0.795175626,1.089756395,1.059735065,1.231268572,1.075139301
10/06/2021 02:00,1.111625963,0.751395487,0.953318579,1.062736378,1.201731663,0.97003289
10/06/2021 03:00,1.013675506,0.685193367,0.869303436,0.968971531,1.095611388,0.886884267
10/06/2021 04:00,0.899456588,0.636892794,0.807578142,0.900113123,1.018082155,0.825034556
10/06/2021 05:00,0.9062863,0.612589565,0.696529984,0.743285708,0.979753877,0.792519247
10/06/2021 06:00,0.905896315,0.612605791,0.777226906,0.866309322,0.979754571,0.710498032
10/06/2021 07:00,0.969784796,0.654081131,0.830285128,0.924940111,1.064492981,0.848096687
10/06/2021 08:00,0.895655749,0.608659605,0.699833982,0.74697495,0.968849391,0.78469984
10/06/2021 09:00,0.868522917,0.680056702,0.744872956,0.83004744,0.938929821,0.724117837
10/06/2021 10:00,0.902778191,0.610236951,0.694062423,0.86289597,0.9243355,0.790894515
10/06/2021 11:00,0.992431509,0.67062358,0.850991368,0.948457057,0.901279246,0.952465801
10/06/2021 12:00,1.011826534,0.714268558,0.925997685,1.032084751,1.218344796,0.757964027
10/06/2021 13:00,1.172502401,0.729856744,1.026065735,1.312099233,1.284628332,1.041087678
10/06/2021 14:00,1.23911152,0.837587745,1.04251622,1.184374148,1.365620071,1.07984667
10/06/2021 15:00,1.26493773,0.855095995,1.219528521,1.209267538,1.36760745,0.996435061
10/06/2021 16:00,1.28155557,0.758179055,1.099047002,1.225116149,1.385461435,1.12276866
10/06/2021 17:00,1.209571356,0.817605677,1.038723882,1.195573724,1.307595461,1.059671416
10/06/2021 18:00,1.158828933,0.783400213,1.14595938,1.107672233,1.252782866,1.015243576
10/06/2021 19:00,1.120047604,0.759197916,0.960473892,1.070528456,1.210742039,0.982718993
10/06/2021 20:00,1.264246775,0.808770008,1.032261093,1.143837661,1.291843768,1.042983666
10/06/2021 21:00,1.395,0.861487372,1.316060251,1.2182066,1.320180874,1.111354033
10/06/2021 22:00,1.299254812,0.785182716,1.112390498,1.395,1.354708415,1.094307289
10/06/2021 23:00,1.317579948,0.890195563,1.138997431,1.459419649,1.395,1.153963383
11/06/2021 00:00,1.223846436,0.811903683,1.123280966,1.169686301,1.33983984,1.072119672
11/06/2021 01:00,1.130059697,0.8737075,1.016108484,1.24630779,1.305854925,1.037977912
11/06/2021 02:00,1.11208976,0.751395759,0.95307924,1.024212566,1.203181051,0.973898177
11/06/2021 03:00,0.853301058,0.685175118,0.868142212,0.965476253,1.095839167,0.888088752
11/06/2021 04:00,0.934040541,0.641100604,0.807108907,0.900116856,1.018011609,0.811423786
11/06/2021 05:00,0.902864091,0.606757956,0.777242361,0.850450973,0.886831083,0.767789587
11/06/2021 06:00,0.906287528,0.613058468,0.777267827,0.866277991,0.979668672,0.752248547
11/06/2021 07:00,0.962904569,0.654075675,0.756241974,0.891743556,1.046426216,0.847758124
11/06/2021 08:00,0.895698886,0.605419534,0.768297275,0.856342536,0.965598246,0.788491074
11/06/2021 09:00,0.868521969,0.587072167,0.954878638,0.880114933,0.938921562,0.760963197
11/06/2021 10:00,0.861842219,0.577144444,0.774146178,0.865205497,0.975909681,0.790894625
11/06/2021 11:00,1.08389896,0.671393841,0.853475054,0.963233113,1.072871932,0.981609483
11/06/2021 12:00,1.132644338,0.730037879,0.927486852,1.032033711,1.169562505,0.940554311
11/06/2021 13:00,1.188319187,0.802470105,1.01888275,1.135861738,1.28416797,1.041254838
11/06/2021 14:00,1.230110937,0.837534411,1.062135795,1.184372585,1.339590513,1.087795014
11/06/2021 15:00,1.258378635,0.862299577,1.084945349,1.17448543,1.370040603,1.10823972
11/06/2021 16:00,1.293668358,1.045155169,1.053672639,1.225013109,1.385422708,1.122866847
11/06/2021 17:00,1.20996975,0.817596557,1.156712423,1.156162051,1.316465045,1.060084382
11/06/2021 18:00,1.107865107,0.783279215,0.992552415,1.144547499,1.2577782,1.082923394
11/06/2021 19:00,1.120321737,0.756056249,0.960648386,1.08616487,1.210975681,0.981388515
11/06/2021 20:00,1.196566061,0.808787525,1.016946936,1.143728413,1.293503009,1.203571051
11/06/2021 21:00,1.395,0.851823482,1.092934825,1.236412471,1.377763751,1.117912165
11/06/2021 22:00,1.349683525,0.907991622,1.114205598,1.239245404,1.404468882,1.145233039
11/06/2021 23:00,1.316950379,0.894103431,1.129763352,1.258801132,1.395,1.15381089
12/06/2021 00:00,1.223784386,0.827661451,1.04976452,1.170007122,1.322893505,1.056555498
12/06/2021 01:00,1.184794786,0.80085141,0.964920478,1.132553015,1.289314461,1.050179809
12/06/2021 02:00,1.111770602,0.750783464,0.953409458,1.062682455,1.201848651,0.974008478
12/06/2021 03:00,1.014149305,0.864234289,0.869611272,0.870113392,1.09605372,0.888268058
12/06/2021 04:00,0.942,0.636740983,0.793863049,0.900408007,1.016123866,0.825292577
12/06/2021 05:00,0.90888649,0.612895679,0.777581965,0.86669709,0.980236041,0.79228954
12/06/2021 06:00,0.958485219,0.613016984,0.77772363,0.706465859,1.019465227,0.794511575
12/06/2021 07:00,0.969747001,0.653444757,0.830378367,0.926261986,0.933223943,0.836485473
12/06/2021 08:00,0.89669582,0.606087114,0.769022055,0.930482488,0.968989923,0.785556659
12/06/2021 09:00,0.869793181,0.751066876,0.742301463,0.825535019,0.940249921,0.761988668
12/06/2021 10:00,0.928359195,0.613973003,0.810501139,0.867929055,0.982426998,0.641438957
12/06/2021 11:00,0.998133969,0.674685143,0.856078655,0.954025979,1.07901703,0.763631096
12/06/2021 12:00,1.091659652,0.733604576,0.931236087,1.037993176,1.174169907,0.951363819
12/06/2021 13:00,1.194865276,0.668935546,1.027676671,1.141442288,1.51625,1.046822676
12/06/2021 14:00,1.246024695,0.844486746,1.068929104,1.19080047,1.347012268,1.091632932
12/06/2021 15:00,1.272370249,0.880847008,1.057806327,1.216258385,1.375541118,1.114763495
12/06/2021 16:00,1.225289438,0.871522949,1.112522452,1.160505045,1.281764424,1.129741499
12/06/2021 17:00,1.217776987,0.807293271,1.044368583,1.164030091,1.316999251,1.066875772
12/06/2021 18:00,1.16706864,0.76351334,0.998250009,1.115802548,1.261786984,1.061597433
12/06/2021 19:00,1.128867741,0.762996691,0.967971459,1.067454962,1.222240575,0.988898932
12/06/2021 20:00,1.203813745,0.924855537,1.033870143,1.153638949,1.303278899,1.056162953
12/06/2021 21:00,1.283573134,0.867888636,1.100763135,1.156249063,1.387602077,1.124529352
12/06/2021 22:00,1.308358844,0.880788095,1.105701837,1.25059753,1.414905418,1.107383796
12/06/2021 23:00,1.326043007,0.922972042,1.137176102,1.267513846,1.433516749,1.161646126
13/06/2021 00:00,1.331380056,0.833357256,1.058527808,1.372870202,1.384754907,1.096132101
13/06/2021 01:00,1.193884154,0.729692272,1.002425655,1.141171883,1.290724748,1.045953546
13/06/2021 02:00,1.120687654,0.757502875,0.965334559,1.071078134,1.209134402,0.981728768
13/06/2021 03:00,1.021783465,0.688561292,0.883786877,0.858536298,1.105479739,0.895898771
13/06/2021 04:00,0.906583646,0.642257253,0.775532325,0.908300365,0.877172481,1.032572447
13/06/2021 05:00,0.913481738,0.615609337,0.782386396,0.915741908,0.951912005,0.885643151
13/06/2021 06:00,0.912119189,0.558445277,0.782252597,0.871777304,0.971902594,0.799043899
13/06/2021 07:00,0.973221301,0.657943072,0.836328106,0.930159335,1.052006659,0.85249702
13/06/2021 08:00,0.900819496,0.609000567,0.758967678,0.856599688,0.973868368,0.789237921
13/06/2021 09:00,0.873448624,0.590366866,0.746731513,0.835070833,0.947476482,0.773338246
13/06/2021 10:00,1.087133454,0.613321125,0.778449563,0.867337746,0.985636007,0.800121806
13/06/2021 11:00,0.996144881,0.674255588,0.854837989,0.952753607,0.947969193,0.872344476
13/06/2021 12:00,1.080362031,0.696660523,0.926472258,1.032667257,1.167804644,0.946405369
13/06/2021 13:00,1.188714229,0.803496661,1.273835791,1.136888199,1.284846673,1.041391725
13/06/2021 14:00,1.239247302,0.798141629,1.062933058,1.152246959,1.339738606,1.08570452
13/06/2021 15:00,1.26513637,0.85514897,1.084937576,1.209282274,1.442349741,1.108124948
13/06/2021 16:00,1.281586941,0.941236322,1.147766763,1.22503967,1.385470772,1.122732128
13/06/2021 17:00,1.117437448,0.817606528,0.998574801,1.194219725,1.344329503,1.059712992
13/06/2021 18:00,1.157469429,0.81965744,0.983711307,1.107458289,1.261799566,1.020094774
13/06/2021 19:00,1.120307859,0.755034794,1.193401595,1.069866393,1.022962845,1.095217161
13/06/2021 20:00,1.196587281,0.808938868,1.125153267,1.14374865,1.283630489,1.048329955
13/06/2021 21:00,1.508746694,0.850458008,1.0929075,1.218194487,1.377752164,1.116567557
13/06/2021 22:00,1.29924292,0.87822944,1.125852239,1.241920347,1.402814083,1.269157233
13/06/2021 23:00,1.38473773,0.889400491,1.038246648,1.258771337,1.423668979,1.153789058
14/06/2021 00:00,1.223871952,0.82698081,1.048965438,1.167439538,1.322875287,1.072074527
14/06/2021 01:00,1.184944178,0.800746905,1.015227999,1.132023102,1.251249208,1.038079567
14/06/2021 02:00,1.111613548,0.751351222,0.828184576,0.953783332,1.206913899,0.973839645
14/06/2021 03:00,1.013635949,0.685172321,0.869278733,0.968891618,1.218141615,0.888036552
14/06/2021 04:00,0.941906697,0.63650263,0.805537609,0.900122726,1.01846227,0.824910757
14/06/2021 05:00,0.906246493,0.613069634,0.777156615,0.866217847,1.008093141,0.793961913
14/06/2021 06:00,0.905592461,0.612572037,0.777181655,0.860802974,1.006364483,0.805046285
14/06/2021 07:00,0.967566263,0.70490384,0.829763149,0.924913859,1.130988849,1.027481619
14/06/2021 08:00,0.895674071,0.592749193,0.768065076,0.856086979,1.048622222,0.642677968
14/06/2021 09:00,0.869130294,0.474519338,0.751604989,0.858040096,0.933935793,0.760922554
14/06/2021 10:00,0.934651934,0.610747702,0.774157425,0.862985282,0.976010968,0.790877188
14/06/2021 11:00,0.992776066,0.670821042,0.851090393,0.948614627,1.072869372,0.869440863
14/06/2021 12:00,1.079760668,0.729907667,0.925999305,1.032168452,1.041589471,1.003424013
14/06/2021 13:00,1.189295752,0.803261304,0.872209045,1.135923457,1.284551385,1.041161427
14/06/2021 14:00,1.241026763,0.83755391,1.295404841,1.252626968,1.407216594,1.085032705
14/06/2021 15:00,1.265829495,0.855147551,1.085056294,1.209234045,1.367624759,1.056443218
14/06/2021 16:00,1.281624783,0.866296434,1.194144659,1.224816977,1.395,1.139638139
14/06/2021 17:00,1.209636377,0.92765044,0.894187528,1.155814288,1.307319177,1.059818787
14/06/2021 18:00,1.158978268,0.786710099,0.993874272,1.153088845,1.252871307,1.038253608
14/06/2021 19:00,1.119948332,0.917203706,0.976576276,1.072457741,1.207973176,0.9847782
14/06/2021 20:00,1.196689422,0.890000786,1.012680007,1.143555058,1.297410934,1.047863176
14/06/2021 21:00,1.274534171,0.86130819,1.148793584,1.214633178,1.353789248,1.116633162
14/06/2021 22:00,1.299210433,0.87823075,1.11451567,1.202590506,1.404457038,1.139242775
14/06/2021 23:00,1.317010302,0.797918121,1.129568642,1.260160255,1.410635687,1.154024111
15/06/2021 00:00,1.223609402,0.823210496,1.049379168,1.169522678,1.32306959,1.072121964
15/06/2021 01:00,1.178394485,0.800786772,1.031980558,1.132079052,1.28072932,1.038191045
15/06/2021 02:00,1.111559646,0.751336601,0.953256258,1.026805203,1.214144996,0.936893216
15/06/2021 03:00,1.045413056,0.685152702,0.820107904,0.968891003,1.095821704,0.888766494
15/06/2021 04:00,0.941717158,0.636504438,0.808108083,0.900114317,0.957110872,0.823876412
15/06/2021 05:00,0.906259539,0.612580067,0.834253384,0.866276394,0.979729587,0.793010455
15/06/2021 06:00,0.810538865,0.612589674,0.779491705,0.865958933,0.813763957,0.794118082
15/06/2021 07:00,0.967645314,0.654275907,0.829836517,0.924914204,1.055859727,0.847623296
15/06/2021 08:00,0.89563521,0.555090858,0.877416849,0.845323414,0.968223142,0.784494754
15/06/2021 09:00,0.868490283,0.580722105,0.908598198,0.830175003,0.778695536,0.76090868
15/06/2021 10:00,0.902041331,0.610213863,0.776943421,0.862877313,0.975944449,0.791165028
15/06/2021 11:00,0.992423519,0.670826089,0.850962508,0.948600992,1.21758188,0.868762784
15/06/2021 12:00,1.242802628,0.723447413,0.925966815,1.032065868,1.167176526,0.997567853
15/06/2021 13:00,1.188356548,0.803067445,1.019068322,1.204061871,1.285665583,1.041059272
15/06/2021 14:00,1.238987184,0.837494341,1.062554367,1.184289942,1.41645863,1.091314414
15/06/2021 15:00,1.253820029,0.794380515,0.9189829,1.209254189,1.371818707,1.108360201
15/06/2021 16:00,1.281028217,0.866181089,1.099005759,1.224762755,1.283020449,1.122709756
15/06/2021 17:00,1.196706742,0.817641071,1.027488733,1.156220802,1.307631085,1.059752227
15/06/2021 18:00,1.158868391,0.73138686,0.993929127,1.107623805,1.261952505,1.015292686
15/06/2021 19:00,1.127644292,0.757018335,0.960440149,1.070508203,1.210712044,0.981172712
15/06/2021 20:00,1.205627,0.957584702,1.026776601,1.143851745,1.293675748,1.199001832
15/06/2021 21:00,1.274722814,0.836922792,1.09352124,1.28350219,1.378057789,1.113036931
15/06/2021 22:00,1.29979613,0.83610597,1.011793999,1.242451291,1.405148075,1.138638613
15/06/2021 23:00,1.317032621,0.746458943,1.129464768,1.199939272,1.395,1.153882912
16/06/2021 00:00,1.223594645,0.827086682,1.049342489,1.169574231,1.322778259,1.071994758
16/06/2021 01:00,1.184549721,0.80118663,1.188127282,1.011818,1.362914641,1.111507413
16/06/2021 02:00,1.126416784,0.751255849,0.958307962,1.062359182,1.201531375,0.99054013
16/06/2021 03:00,1.013622647,0.6851339,0.869800955,0.968750518,1.100798395,0.857059096
16/06/2021 04:00,0.959405117,0.746247433,0.807679669,0.900069416,0.933556512,0.824995055
16/06/2021 05:00,0.906365993,0.612762673,0.777527611,0.866482079,0.994543946,0.869871953
16/06/2021 06:00,0.906314705,0.612455874,0.974270517,0.787063117,0.9795688,0.79398601
16/06/2021 07:00,1.040060028,0.654249495,0.829200332,0.925456559,1.042635,0.77111194
16/06/2021 08:00,0.896048064,0.609840644,0.768365533,0.855949636,0.96859761,0.784942958
16/06/2021 09:00,0.868901878,0.587304686,0.761130896,0.830506698,0.91441156,0.701328679
16/06/2021 10:00,0.906978291,0.610426526,0.936897031,0.863388231,0.976298222,0.791108639
16/06/2021 11:00,0.992665374,0.671068693,0.887174016,0.967166002,0.982777092,0.869403886
16/06/2021 12:00,1.080251317,0.670803882,0.92639854,1.032335834,1.174901031,0.959771063
16/06/2021 13:00,1.187027021,1.013408433,1.019376986,1.22585116,1.285036445,1.041412731
16/06/2021 14:00,1.239353487,0.837992963,1.0627099,1.184599985,1.339784704,1.08521297
16/06/2021 15:00,1.395,0.769994189,1.080917829,1.210079231,1.368563122,1.187068269
16/06/2021 16:00,1.281694718,0.789158436,1.329246238,1.211645567,1.385720688,1.123067228
16/06/2021 17:00,1.211114665,0.801782551,1.025040392,1.214665837,1.308437746,1.060365617
16/06/2021 18:00,1.159524396,0.783813515,0.994350255,1.092953493,1.253492849,1.032599995
16/06/2021 19:00,1.120616687,0.757327298,0.960829343,1.030192553,1.210490009,0.981480609
16/06/2021 20:00,1.280188184,0.808968751,1.008885537,1.140037231,1.294140698,1.121353799
16/06/2021 21:00,1.293933984,0.856316714,1.058225747,1.218163484,1.377699737,1.066017863
16/06/2021 22:00,1.299807364,0.87923988,1.11550898,1.24332658,1.395,1.139579372
16/06/2021 23:00,1.314669057,0.893802058,1.127703873,1.258575438,1.423502474,1.153554977
17/06/2021 00:00,1.222701776,0.827059578,1.146482024,1.031808611,1.183503266,1.078864413
17/06/2021 01:00,1.183862144,0.800259774,1.015298695,1.131646295,1.277502236,1.103259666
17/06/2021 02:00,1.110476862,0.767308622,0.975253874,1.061767338,1.186584587,0.972893538
17/06/2021 03:00,1.012307092,0.683671173,0.868146892,0.967502242,1.09437402,0.886873233
17/06/2021 04:00,0.94032196,0.635545133,0.921401456,0.898804902,1.016300384,0.822282463
17/06/2021 05:00,0.900383368,0.64473642,0.788177801,0.865470276,0.945404706,0.79338861
17/06/2021 06:00,0.90424946,0.611849951,0.775466444,0.865406788,0.977536552,0.792297105
17/06/2021 07:00,0.966488657,0.637508766,0.82915605,0.924121983,1.023018361,0.770113919
17/06/2021 08:00,0.894740443,0.54820978,0.785725666,0.855242535,0.967100659,0.785222798
17/06/2021 09:00,0.867660896,0.539564603,0.743892173,0.829209607,1.020983911,0.760030273
17/06/2021 10:00,1.090601204,0.610027994,0.916515049,0.86186485,1.124445325,0.832247051
17/06/2021 11:00,0.97346393,0.646278721,0.849802489,0.947341217,1.071434476,0.868403246
17/06/2021 12:00,1.078447091,0.728889106,0.934739995,1.132661027,1.165834229,0.950803952
17/06/2021 13:00,1.186857786,0.802268243,1.017870801,1.134211418,1.28310336,0.903848915
17/06/2021 14:00,1.25661941,0.891233288,1.204200364,1.189195857,1.358683836,1.101084965
17/06/2021 15:00,1.364804229,0.900178448,1.134034008,1.263997344,1.395,1.158531621
17/06/2021 16:00,1.283866557,0.864629651,1.109302521,1.223235196,1.38349464,1.121227312
17/06/2021 17:00,1.241414796,0.840199,1.16595681,1.188282181,1.415910955,1.088932278
17/06/2021 18:00,1.080087782,0.798243908,1.012743535,1.128772284,1.280854188,1.034488521
17/06/2021 19:00,1.241734591,0.877478339,0.959312779,1.069109706,1.227148461,0.840128626
17/06/2021 20:00,1.19477647,0.75283959,0.929316939,1.142501145,1.292251337,1.047254775
17/06/2021 21:00,1.269782232,1.018483962,1.089186439,1.213830287,1.372089911,1.112448317
17/06/2021 22:00,1.347153188,0.850716266,1.094322929,1.208886455,1.367071857,1.287306125
17/06/2021 23:00,1.326349616,0.888804084,1.127108752,1.256836989,1.421488324,1.110711591
18/06/2021 00:00,1.064989362,0.924655027,1.047365202,1.254756535,1.336539325,0.933978932
18/06/2021 01:00,1.182548648,0.797870418,1.013883014,0.964110796,1.278136424,1.035729795
18/06/2021 02:00,1.109000113,0.820238677,0.950977519,1.060034889,1.198885233,0.974721055
18/06/2021 03:00,0.992474113,0.749157513,0.867008038,0.966340471,1.112166831,0.885755959
18/06/2021 04:00,0.937731266,0.634778217,0.787290719,0.897652234,1.012300197,0.824606136
18/06/2021 05:00,0.905391583,0.611997367,0.776453861,0.864790487,0.978711629,0.793212131
18/06/2021 06:00,0.903329678,0.716681294,0.774648144,0.863452721,0.976570135,0.861557619
18/06/2021 07:00,1.014904253,0.676233749,0.829841986,0.893810434,1.04597807,0.847485021
18/06/2021 08:00,0.895179675,0.605420659,0.810441267,0.856134555,0.968896501,0.784695279
18/06/2021 09:00,1.045594079,0.660798964,0.744880915,0.830221955,0.938972685,0.758027603
18/06/2021 10:00,0.862698281,0.610192296,0.774199078,0.862882398,0.918306104,0.768911172
18/06/2021 11:00,0.992255028,0.851880017,0.850961511,1.024602324,1.07161372,0.759455706
18/06/2021 12:00,1.079400926,0.731971386,0.927083964,1.031752835,1.17521982,1.107436769
18/06/2021 13:00,1.395,0.802808288,0.889740253,1.135266185,1.284074849,1.040511474
18/06/2021 14:00,1.368713781,0.943975925,1.105806054,1.288182936,1.393843508,1.281854386
18/06/2021 15:00,1.295327832,1.103850019,1.264602657,1.305826451,1.470963638,1.181884336
18/06/2021 16:00,1.280058743,0.86525651,1.097748311,1.23178909,1.339484827,1.121558307
18/06/2021 17:00,1.270118491,0.858009143,1.091539728,1.213945551,1.395,0.962683094
18/06/2021 18:00,1.200553349,0.811547987,1.028970638,1.147511769,1.362661691,1.010998362
18/06/2021 19:00,1.05623873,0.761520872,1.072834946,1.076858696,1.217521233,0.98699357
18/06/2021 20:00,1.244982743,0.813207663,0.973927111,1.011226941,1.301396477,1.054210688
18/06/2021 21:00,1.270788329,0.859310267,1.090697842,1.215216627,1.374388504,1.113862158
18/06/2021 22:00,1.235189506,0.834904773,1.065485031,1.175596819,1.335380225,1.082504513
18/06/2021 23:00,1.318902067,0.890955991,1.13140255,1.260669524,1.426092721,1.017737547
19/06/2021 00:00,1.225590458,0.771198805,1.05099232,1.066486798,1.225927701,1.253502833
19/06/2021 01:00,1.28306192,0.812613697,1.020301701,1.137213848,1.286107888,1.042326408
19/06/2021 02:00,1.116392547,0.754629508,0.926547764,1.067073551,1.206846002,0.842247917
19/06/2021 03:00,1.020226307,0.688125156,0.872994877,0.973077872,1.100615126,0.891917636
19/06/2021 04:00,0.945227564,0.639109656,0.924199367,0.903680542,1.0220411,0.732491675
19/06/2021 05:00,0.917596481,0.621406474,0.735453386,0.877166977,0.976381419,0.797375828
19/06/2021 06:00,0.908376076,0.615474684,0.778995327,0.868360909,0.981992988,0.795769509
19/06/2021 07:00,0.96408897,0.661789461,0.839606071,1.070737132,1.017605665,0.857759875
19/06/2021 08:00,0.93129358,0.602821806,0.765760199,0.85238455,0.964159984,0.781352386
19/06/2021 09:00,0.884844585,0.773419005,0.759295218,0.744541575,0.949634858,0.77164564
19/06/2021 10:00,0.975900322,0.659557524,0.836777896,0.933322231,1.055417494,0.854884917
19/06/2021 11:00,0.989889748,0.829676474,0.87075002,0.958481673,1.156971102,0.878578414
19/06/2021 12:00,1.106389885,0.736144953,0.93434227,1.041537196,1.137767994,1.016367147
19/06/2021 13:00,1.252422447,0.809598731,1.028473663,1.206174722,1.29477131,1.079088536
19/06/2021 14:00,1.308032224,0.8908956,1.148387316,1.279594816,1.314599023,1.173372123
19/06/2021 15:00,1.282082655,0.961937389,1.220534975,1.360029721,1.51625,1.287613841
19/06/2021 16:00,1.286809057,0.871387739,1.1016857,1.292299064,1.393642023,1.129074811
19/06/2021 17:00,1.310691477,0.882366789,1.119490217,1.38165044,1.411172901,1.141395512
19/06/2021 18:00,1.216091379,0.828530365,1.051382521,1.171327905,1.325086913,0.909781274
19/06/2021 19:00,1.12839149,0.762668114,0.967683842,1.07915588,1.21849829,0.988625396
19/06/2021 20:00,1.029897268,0.69696975,0.883206784,0.951984351,1.113337846,0.937716794
19/06/2021 21:00,1.272038113,0.827609171,1.089440383,1.214899748,1.2099535,1.113529833
19/06/2021 22:00,1.233692563,0.834207813,1.118167739,1.251762034,1.322215213,1.118106882
19/06/2021 23:00,1.319146342,0.892047959,1.100232327,1.2614211,1.280418669,1.166238263
20/06/2021 00:00,1.232729411,0.826186847,1.051230836,1.171708637,1.325177721,1.073919878
20/06/2021 01:00,1.186171929,0.802885615,1.048119664,1.133857535,1.217710226,1.01181177
20/06/2021 02:00,1.092953388,0.752173701,0.954191501,0.965088127,1.202579566,0.974225734
20/06/2021 03:00,1.030622288,0.665107628,0.869437793,0.970470762,1.095994062,0.888333728
20/06/2021 04:00,0.941199876,0.597305312,0.807158516,0.967872093,1.017458883,0.839934523
20/06/2021 05:00,0.885846628,0.581189976,0.759680896,0.846790797,0.95763666,0.745211591
20/06/2021 06:00,0.904673233,0.635810911,1.067981658,1.081895051,0.921602483,0.792585652
20/06/2021 07:00,0.853857601,0.577156166,0.732247675,0.81612945,0.92396153,0.748298664
20/06/2021 08:00,0.756838023,0.587195579,0.537172695,0.825165858,0.916006199,0.761068855
20/06/2021 09:00,0.992104181,0.670450734,0.850909131,0.892018255,1.072633357,0.869767668
20/06/2021 10:00,1.030968891,0.696901523,0.884174329,0.9684419,1.12955722,0.903272824
20/06/2021 11:00,1.154566956,0.756660023,1.027162772,1.065248895,1.24812766,1.012213671
20/06/2021 12:00,1.307970287,0.847462509,1.073424592,1.196564693,1.272440862,1.096597401
20/06/2021 13:00,1.263686732,0.85652182,1.060732597,1.211208209,1.369770862,1.014373361
20/06/2021 14:00,1.358074687,0.911667318,1.156611458,1.314673264,1.458058705,1.181001729
20/06/2021 15:00,1.435622861,0.970150238,1.231010556,1.348540555,1.516827988,1.257354577
20/06/2021 16:00,1.428250061,0.965256636,1.237812636,1.364700842,1.51625,1.252979811
20/06/2021 17:00,1.321525116,0.89023738,1.13332521,1.263161349,1.428574083,1.157790172
20/06/2021 18:00,1.182836979,0.840951893,1.067004633,1.186305471,1.365773044,1.089734203
20/06/2021 19:00,1.126782545,0.761623465,0.961476341,1.077040091,1.311171586,0.985434445
20/06/2021 20:00,1.029846929,0.695913379,0.870120845,0.982958741,1.15809272,0.902006227
20/06/2021 21:00,1.304622665,0.881642437,1.118994444,1.246993386,1.399992578,1.143274733
20/06/2021 22:00,1.269027303,0.759473441,1.08683951,1.212887829,1.371734212,1.087640038
20/06/2021 23:00,1.23559062,0.794397062,1.174701106,1.041135291,1.33635183,1.084207008
21/06/2021 00:00,1.081439675,0.730151655,0.88596587,1.033710425,1.167450093,1.144647442
21/06/2021 01:00,1.107727678,0.748756292,0.951244351,1.058824771,1.197514335,1.099733478
21/06/2021 02:00,0.990030381,0.77998186,0.989591301,1.102980126,1.182912397,0.995057998
21/06/2021 03:00,1.056200925,0.783320998,0.905787427,1.009576967,1.141803992,0.925936378
21/06/2021 04:00,0.984473303,0.665951773,0.844278456,0.940819563,1.064052313,0.862326119
21/06/2021 05:00,0.905072924,0.734855254,0.776244269,0.865102884,0.978427,0.792355702
21/06/2021 06:00,0.948684274,0.641240726,0.81358073,0.9068899,1.025579215,0.831157117
21/06/2021 07:00,1.009962468,0.682594329,0.865743568,0.964417201,1.216905181,0.843551
21/06/2021 08:00,0.906677662,0.620740957,0.777337443,0.86654319,0.999325211,0.794223274
21/06/2021 09:00,1.103822396,0.706751804,0.780588278,0.865857053,0.936019849,0.797471092
21/06/2021 10:00,1.06738764,0.721484226,0.915394222,1.020275593,1.136167325,0.935133715
21/06/2021 11:00,1.079734188,0.755400924,1.076698656,1.106393869,1.251746984,1.014425441
21/06/2021 12:00,1.253381598,0.847139706,1.075714715,1.198734366,1.460026064,1.098952654
21/06/2021 13:00,1.229206013,0.830889161,1.054157034,1.174946231,1.274120606,1.074133735
21/06/2021 14:00,1.314904608,0.894471872,1.138222156,1.265673602,1.431380145,1.110117015
21/06/2021 15:00,1.42199192,0.932523031,1.106185432,1.338627113,1.491328801,1.215494632
21/06/2021 16:00,1.437690424,0.78452789,1.13365951,1.257999045,1.429328157,1.158355184
21/06/2021 17:00,1.293124919,0.874075584,0.965183117,1.316824015,1.397931717,1.311323758
21/06/2021 18:00,1.133786879,0.830196332,1.231711263,1.173979304,1.188937315,1.076078139
21/06/2021 19:00,1.160386402,0.886272088,1.110882476,1.109246831,1.348451019,1.020088596
21/06/2021 20:00,1.237636487,0.826334202,1.060526077,1.182688832,1.337604322,1.084012872
21/06/2021 21:00,1.315398348,0.93570742,1.127763687,1.257332504,1.51625,1.149444461
21/06/2021 22:00,1.304264223,0.752015081,1.151547471,1.234022737,1.373055706,1.084532579
21/06/2021 23:00,1.358660175,0.918279741,1.164922603,1.299381954,1.468573964,1.190136695
22/06/2021 00:00,1.265633141,0.671537054,1.076522693,1.209742473,1.36822571,1.108824714
22/06/2021 01:00,1.227088533,0.829260296,1.05232217,1.172911677,1.303918425,1.104610129
22/06/2021 02:00,1.197172981,0.777906258,0.987815073,1.101049649,1.238513728,1.009136573
22/06/2021 03:00,1.054793881,0.712938532,0.92236851,1.008177431,1.140783366,0.924092504
22/06/2021 04:00,0.983669781,0.664815766,0.754017529,0.864992579,1.063254121,0.861685986
22/06/2021 05:00,0.905988587,0.612339546,0.776898475,0.938035942,0.995210087,0.793668544
22/06/2021 06:00,0.859747272,0.640396959,0.813218021,0.945377848,1.024090254,0.869892388
22/06/2021 07:00,1.00809249,0.681418423,0.864528847,1.010589479,1.173316103,0.883197401
22/06/2021 08:00,0.802659519,0.619908994,0.74494893,0.875912736,1.124858006,0.802751233
22/06/2021 09:00,0.905056681,0.611810118,0.776174202,0.747513363,0.978436363,0.792918969
22/06/2021 10:00,1.020867396,0.688709797,0.691587106,1.011938852,1.098590457,0.894449016
22/06/2021 11:00,1.027493914,0.521847233,0.881112814,0.982098065,1.110779882,0.89757697
22/06/2021 12:00,1.113154185,0.75248566,0.954695849,1.064317093,1.203462936,0.899024774
22/06/2021 13:00,1.21871686,0.823801514,1.045116478,1.164832903,1.317504568,1.068007211
22/06/2021 14:00,1.263357414,0.856985139,1.087290475,1.267388816,1.370625911,1.113485457
22/06/2021 15:00,1.292163127,1.106181382,1.108118024,1.193059498,1.396920102,1.131521247
22/06/2021 16:00,1.274986277,0.883423018,1.120846774,1.249083302,1.412934955,1.145045791
22/06/2021 17:00,1.233219824,0.754728257,1.057409947,1.169563789,1.345305697,1.24183121
22/06/2021 18:00,1.180669531,0.798019843,1.012466906,1.128473434,1.276534705,1.034521671
22/06/2021 19:00,1.294450819,0.754575515,0.968255458,1.066052872,1.217514563,0.617139435
22/06/2021 20:00,1.205976545,0.812062193,1.022514123,1.149170477,1.160233258,1.061409633
22/06/2021 21:00,1.23653169,0.858731084,1.096276188,1.221545786,1.382090794,1.224415278
22/06/2021 22:00,1.268777196,0.759734463,1.118720979,1.244653934,1.405798791,1.140834108
22/06/2021 23:00,1.319013672,0.891354598,1.127823717,1.249291251,1.395,1.155726379
23/06/2021 00:00,1.225357624,0.828273306,1.05083551,1.171252868,1.324682117,1.073537482
23/06/2021 01:00,1.137496992,0.801737802,1.018095004,1.133688129,1.28227598,1.039111977
23/06/2021 02:00,1.111874658,0.748400848,0.953496063,1.063540813,1.201961658,0.914678294
23/06/2021 03:00,1.013732645,0.685752148,0.869483338,0.968996385,1.095807817,0.874888605
23/06/2021 04:00,0.906597146,0.636605359,0.807326076,0.900221563,0.994796399,0.930916073
23/06/2021 05:00,0.861009142,0.592048608,0.591954479,0.840163954,0.945693446,0.768771925
23/06/2021 06:00,0.906426584,0.607534409,0.777344758,0.866396335,0.979893624,0.794133366
23/06/2021 07:00,0.967836082,0.654182988,0.772750961,0.925076493,1.046251758,0.847903954
23/06/2021 08:00,0.887725578,0.600080748,0.757704568,0.848375717,0.941335073,0.930013762
23/06/2021 09:00,0.704650565,0.467164404,0.746228871,0.990682441,0.97071154,0.761064457
23/06/2021 10:00,0.926132193,0.634381973,0.804567746,0.903199712,1.01427269,0.947006361
23/06/2021 11:00,0.993183783,0.778899662,0.851791019,0.969390559,1.075618986,0.870932964
23/06/2021 12:00,1.079732015,0.730299071,0.926633466,1.088313047,1.168103712,0.946629896
23/06/2021 13:00,1.188554373,0.853046176,1.019295877,1.136088423,1.210496194,1.041210206
23/06/2021 14:00,1.239247777,0.838193413,1.09064461,1.184541175,1.339696376,1.085706057
23/06/2021 15:00,1.265217052,0.84937593,1.085077221,1.248762943,1.368019508,1.108457598
23/06/2021 16:00,1.281766956,0.866397072,1.09908705,1.225163464,1.367141051,1.195495912
23/06/2021 17:00,1.154950789,0.869337712,1.035799755,1.119592723,1.32859774,1.059818371
23/06/2021 18:00,1.159029185,0.783442441,0.99404206,1.114100167,1.226073087,1.015422465
23/06/2021 19:00,1.120228706,0.790472558,0.939555688,1.070615545,1.210870206,0.981284602
23/06/2021 20:00,1.190975329,0.807042653,1.027020393,1.144429393,1.417390296,1.048514911
23/06/2021 21:00,1.275229273,0.861658525,1.058495476,1.218555704,1.378022931,1.116750963
23/06/2021 22:00,1.157980472,0.87841065,1.114421286,1.242062086,1.421456552,1.138308528
23/06/2021 23:00,1.317198657,0.89145587,1.129612972,1.259050547,1.395,1.144945912
24/06/2021 00:00,1.223922271,0.812358152,1.049663227,1.169893714,1.323140221,1.072287658
24/06/2021 01:00,1.233686652,0.800973367,1.016239532,1.132685133,1.32530691,1.038174976
24/06/2021 02:00,1.122314325,0.732425512,0.953244997,1.062471938,1.13717813,0.973817562
24/06/2021 03:00,1.013571922,0.53843573,0.869551624,0.991739878,1.068954559,1.082462531
24/06/2021 04:00,0.900222049,0.636508544,0.857334445,0.942600524,1.018765589,0.824242776
24/06/2021 05:00,0.891700182,0.598528285,0.840038124,0.852333782,0.963970975,0.798237223
24/06/2021 06:00,0.919958815,0.612602062,0.777222205,0.865677683,0.974627893,0.794007387
24/06/2021 07:00,0.987727145,0.654056177,0.82125242,0.922178697,1.046098337,0.847819833
24/06/2021 08:00,0.895703655,0.871687317,0.768166597,0.85616944,0.968572878,0.641639284
24/06/2021 09:00,0.868503193,0.588443149,0.744860183,0.830205636,0.938913667,0.760951075
24/06/2021 10:00,1.09025298,0.61038077,0.774419192,0.729646563,0.975141512,0.788018508
24/06/2021 11:00,1.023072838,0.671149693,0.851316678,0.948861349,1.073135288,0.788373089
24/06/2021 12:00,1.080011694,0.730005989,0.926425597,1.032475021,1.213103093,0.921564118
24/06/2021 13:00,1.187840927,0.803296673,0.980239212,1.023835692,1.284749664,1.035249874
24/06/2021 14:00,1.239111529,0.838395323,1.070240439,1.183902046,1.338002564,0.921685473
24/06/2021 15:00,1.265596038,0.855172562,1.0710899,1.225236612,1.367734188,1.108257658
24/06/2021 16:00,1.281559213,0.866269873,1.138149971,1.223564888,1.408429883,1.203537408
24/06/2021 17:00,1.209513796,0.773463468,1.037279195,1.156191638,1.344633395,1.093052161
24/06/2021 18:00,1.158807841,0.773872193,1.012492854,1.072036734,1.252740942,1.059499893
24/06/2021 19:00,1.119917751,0.757000401,0.960366215,1.070511127,1.220498441,0.981150153
24/06/2021 20:00,1.216383541,0.806435199,1.026178563,1.101344247,1.293539616,1.048300674
24/06/2021 21:00,1.395,0.861468832,1.152729597,1.218166947,1.377727733,1.035828409
24/06/2021 22:00,1.299197451,0.872962732,1.114215092,1.240458691,1.399617832,1.138410439
24/06/2021 23:00,1.316867722,0.889594345,1.129297745,1.258743756,1.395,1.153338975
25/06/2021 00:00,1.224624287,0.827182736,1.049471869,1.151639257,1.322932617,1.072119042
25/06/2021 01:00,1.183298819,0.800843912,1.016184832,1.115237726,1.28078515,1.037982383
25/06/2021 02:00,1.061345226,0.751574889,0.953338692,1.031352401,1.201767262,0.937392546
25/06/2021 03:00,1.236811613,0.66888848,0.869360369,0.850056571,1.095819718,0.971994425
25/06/2021 04:00,0.971243024,0.636546194,0.807592425,0.90047984,1.01796755,0.825067211
25/06/2021 05:00,0.906150206,0.612831893,0.777133782,0.86619986,0.984897568,0.79438262
25/06/2021 06:00,0.906272779,0.612568921,0.77718723,0.720019453,0.947447072,0.782099778
25/06/2021 07:00,0.970085926,0.654047587,0.829375722,0.933068767,1.162429113,0.847741439
25/06/2021 08:00,0.895638413,0.605376296,0.768080198,0.867737912,0.968252397,0.783892536
25/06/2021 09:00,0.868201038,0.581893396,0.74482124,0.840890103,0.938894535,0.81639039
25/06/2021 10:00,0.89612711,0.610042846,0.774100062,0.862884669,0.976405228,0.791909493
25/06/2021 11:00,0.992314721,0.678990538,0.851014455,0.957753328,1.072800355,0.871361963
25/06/2021 12:00,1.079628658,0.703199885,1.087687919,1.031936255,1.167181541,0.945895716
25/06/2021 13:00,1.188224882,0.803255057,1.018991649,1.088648845,1.307595249,1.221194934
25/06/2021 14:00,1.307279364,0.837460859,1.062617278,1.184435714,1.339465772,1.095772452
25/06/2021 15:00,1.244555839,0.855071194,1.084864474,1.209272505,1.367548154,1.124919115
25/06/2021 16:00,1.2715184,1.078283158,1.091008083,1.224971356,1.347182608,1.122713195
25/06/2021 17:00,1.231415798,0.817565248,1.037276279,1.156136044,1.307595711,1.128118032
25/06/2021 18:00,1.158820952,0.814717553,0.983619503,1.109589441,1.250916304,1.015260398
25/06/2021 19:00,1.120229152,0.709050787,0.960180122,1.1016424,1.201480681,0.984182806
25/06/2021 20:00,1.212434232,0.808837066,1.026178046,1.331014777,1.293565147,1.048322872
25/06/2021 21:00,1.27423754,0.861399127,0.979407839,1.327379438,1.372906281,1.116552162
25/06/2021 22:00,1.299243593,0.87823103,1.114222177,1.155588489,1.404564043,1.138274528
25/06/2021 23:00,1.316972999,0.939432357,1.127061659,1.258802573,1.395,1.153792823
26/06/2021 00:00,1.12914719,0.826937402,1.049158863,1.169370963,1.32264405,1.068995165
26/06/2021 01:00,1.184483068,0.826984772,1.00883834,1.027397937,1.259351476,0.978783695
26/06/2021 02:00,1.057995808,0.612511985,0.953088932,1.062342197,1.201448226,0.973688103
26/06/2021 03:00,1.013527345,0.787026969,0.869103171,0.968729143,1.095680236,0.936612971
26/06/2021 04:00,0.962083468,0.63179407,0.807543899,0.899404864,1.020267133,0.826254279
26/06/2021 05:00,0.901092048,0.612688761,0.788988502,0.866407751,0.979936333,0.794120964
26/06/2021 06:00,0.906515433,0.616367899,0.777691488,0.99983993,0.979995367,0.794200791
26/06/2021 07:00,0.84999145,0.632525618,0.865136156,0.925342686,1.046524918,0.848097445
26/06/2021 08:00,0.998977778,0.60584471,0.760515963,0.856670629,0.968721832,0.785240183
26/06/2021 09:00,0.869335894,0.587669598,0.745851926,0.831024526,0.939475913,0.761641677
26/06/2021 10:00,0.908151253,0.61333516,0.778095101,0.867521911,0.974196847,0.768178463
26/06/2021 11:00,0.997393913,0.673836804,0.855292093,0.95329388,1.077751825,0.898869425
26/06/2021 12:00,1.085126447,0.762574861,0.93041964,1.024554983,1.150060342,0.950165397
26/06/2021 13:00,1.194010828,0.807178337,1.023556486,1.146751877,1.290825626,1.046141607
26/06/2021 14:00,1.245320291,0.841366256,1.068048623,1.190338263,1.345835037,1.090953469
26/06/2021 15:00,1.271602883,0.844200229,1.090980597,1.215483805,1.374702079,1.113827052
26/06/2021 16:00,1.288813762,0.870989457,1.123355441,1.231714606,1.243002568,1.196466143
26/06/2021 17:00,1.216986035,0.822656928,1.063216801,1.163281968,1.308264528,0.928499401
26/06/2021 18:00,1.166077441,0.788231343,1.004390864,1.195575749,1.285312624,1.021544485
26/06/2021 19:00,1.16166207,0.763039656,0.95182115,1.061125344,1.220369759,0.988982771
26/06/2021 20:00,1.204849805,0.923333965,1.033265831,1.151654645,1.29990033,1.055560239
26/06/2021 21:00,1.316177593,0.851456414,1.100161468,1.226408359,1.386805564,1.123886151
26/06/2021 22:00,1.175511746,0.857298836,1.121562802,1.084004565,1.427676814,1.123428242
26/06/2021 23:00,1.395931194,0.92012919,1.063820278,1.157213207,1.432725156,1.161000115
27/06/2021 00:00,1.231531312,0.83257862,1.056147476,1.177165431,1.331573153,1.078936828
27/06/2021 01:00,1.192782288,0.659454285,1.022766054,1.04923046,1.289279989,1.04483785
27/06/2021 02:00,1.154758737,0.878967589,0.960019339,1.142970669,1.226293503,0.980749852
27/06/2021 03:00,1.208648194,0.690394923,0.977785405,0.976317474,1.130265421,0.915689486
27/06/2021 04:00,0.945317111,0.626983276,0.814029633,0.907915587,0.931237173,0.831426005
27/06/2021 05:00,0.87841172,0.61585226,0.781748553,0.777101992,0.98545794,0.798638183
27/06/2021 06:00,0.898680146,0.615947531,0.781553307,0.871208107,0.985419725,0.632318804
27/06/2021 07:00,1.015907989,0.657492865,0.833993747,0.946317201,1.051436196,0.85199818
27/06/2021 08:00,0.900926387,0.596691047,0.772112543,1.011335829,0.973201839,0.638921941
27/06/2021 09:00,0.872910248,0.701123862,0.772892752,0.834378995,0.949509542,0.681286146
27/06/2021 10:00,0.906701699,0.633679292,0.77435295,0.866668737,0.980198748,0.794391847
27/06/2021 11:00,1.110824648,0.62505822,0.85400147,0.931403779,1.076535623,0.95739063
27/06/2021 12:00,1.080637472,0.730357728,0.988653744,1.032811179,1.168178355,0.946619465
27/06/2021 13:00,1.147132345,0.78826323,1.001055657,1.136296409,1.28307948,1.041528922
27/06/2021 14:00,1.239042888,0.694613247,1.10878541,1.184758976,1.247067266,1.085899176
27/06/2021 15:00,1.265366311,0.90975,1.08513704,1.164245452,1.367926723,1.109249278
27/06/2021 16:00,1.286583704,0.866479196,1.099294656,1.225271685,1.441532613,0.968712207
27/06/2021 17:00,1.207759189,0.817802178,1.037542042,1.0725861,1.307933811,0.916881506
27/06/2021 18:00,1.151293176,0.783523015,0.994030502,1.085072284,1.253090989,1.015479192
27/06/2021 19:00,1.122562573,0.758767338,0.963302736,1.072990928,1.213546185,0.953679442
27/06/2021 20:00,1.197394619,0.789099555,1.026867734,1.161797466,1.505411201,1.049027696
27/06/2021 21:00,1.275294307,0.86200501,1.093655109,1.218982589,1.311162569,1.163225585
27/06/2021 22:00,1.301520875,0.877756481,1.114889149,1.186071478,1.40510313,1.138888402
27/06/2021 23:00,1.317596426,0.892191823,0.98894614,1.259571065,1.425622328,1.154482068
28/06/2021 00:00,1.223569698,0.848249661,1.182382673,1.169572069,1.32280685,1.071978388
28/06/2021 01:00,1.173380589,0.80091103,1.096746772,1.098233492,1.280249325,1.035989563
28/06/2021 02:00,0.991064334,0.751265688,1.059415241,1.082503754,1.124723039,0.986280387
28/06/2021 03:00,0.969925454,0.685075397,0.869258647,0.859271217,1.095785925,0.888236973
28/06/2021 04:00,0.951516625,0.636864651,0.80773347,0.900039515,0.854090126,0.824985467
28/06/2021 05:00,0.906264584,0.612588722,0.77721202,0.8664517,0.980061023,0.793918469
28/06/2021 06:00,0.906380454,0.599256714,0.777232681,0.866283469,1.100739303,0.793997917
28/06/2021 07:00,0.967541924,0.601691507,0.829883816,0.926504203,1.057593303,0.813519855
28/06/2021 08:00,0.894182712,0.605461345,0.768176797,0.856164808,0.939652094,0.753512724
28/06/2021 09:00,0.868291488,0.587134898,0.704876056,0.829256758,0.939005973,0.760995931
28/06/2021 10:00,0.918691441,0.557059606,0.76624282,0.863819253,0.976033815,0.790990943
28/06/2021 11:00,0.992586494,0.670924541,0.851223438,0.907003715,1.073025245,0.869526735
28/06/2021 12:00,1.089729978,0.729970819,0.885080786,1.032084316,1.148541863,0.945104883
28/06/2021 13:00,1.238802478,0.803375699,0.980997076,1.136096092,1.285591019,1.042957294
28/06/2021 14:00,1.322286618,0.837698447,1.065646034,1.243750874,1.265836521,1.085768766
28/06/2021 15:00,1.26528527,0.855281763,1.08509442,1.195850206,1.367836816,1.170358713
28/06/2021 16:00,1.395,0.866458802,1.091309633,1.225324438,1.385665776,1.12303656
28/06/2021 17:00,1.209984696,0.731561054,1.209630609,1.351754025,1.306472181,1.075891451
28/06/2021 18:00,1.338145543,0.783577605,1.029089802,1.102585501,1.253156464,1.015432636
28/06/2021 19:00,1.120367877,0.757356638,0.978832985,0.99888724,1.211150919,1.108110302
28/06/2021 20:00,1.192537186,0.809187084,1.026692337,1.167818179,1.294116382,1.106337193
28/06/2021 21:00,1.275015161,0.861834599,1.093433104,1.126675838,1.378204472,1.071235012
28/06/2021 22:00,1.411958168,0.878600965,1.131304072,1.242434784,1.395,1.138779193
28/06/2021 23:00,1.30427541,0.890350951,1.12990702,1.259401216,1.424357607,1.154362829
29/06/2021 00:00,1.246196525,0.829136771,1.051977496,1.172514604,1.326947316,1.280200321
29/06/2021 01:00,1.14748741,0.802933399,1.018697544,1.191279271,1.284168221,1.040777989
29/06/2021 02:00,1.057225785,0.75363751,0.792525082,1.065609263,1.377463587,0.976699332
29/06/2021 03:00,1.018804652,0.687408357,0.87212663,0.81045945,1.108000917,0.875025321
29/06/2021 04:00,0.945009016,0.638845692,0.800996978,0.878562955,0.882678563,0.82792323
29/06/2021 05:00,0.909600349,0.615139202,0.896899302,0.869082691,0.983424013,0.79664828
29/06/2021 06:00,0.909720062,0.614842479,0.777215405,0.83953174,0.981854465,0.959865333
29/06/2021 07:00,0.930927572,0.677574613,0.83271298,0.947933972,1.085117244,0.813281995
29/06/2021 08:00,0.898965367,0.607645348,0.779389066,0.750556016,0.973335115,0.839182009
29/06/2021 09:00,0.859560372,0.554094844,0.746945189,0.832627338,0.941702269,0.757981469
29/06/2021 10:00,0.902326954,0.609925059,0.773845104,0.848874727,0.975453059,0.790517602
29/06/2021 11:00,0.991738214,0.520344422,0.850159782,0.947945396,1.083214748,0.868929628
29/06/2021 12:00,1.082035323,0.731558767,0.994174059,1.115223544,1.334575263,0.849434382
29/06/2021 13:00,1.190596119,0.792655095,1.020241209,1.077045905,1.287096516,1.043095649
29/06/2021 14:00,1.241076781,0.838859817,0.917426901,1.185044708,1.349396506,1.087309172
29/06/2021 15:00,1.204684405,0.923800862,0.944346504,1.210735394,1.369429953,1.109784859
29/06/2021 16:00,1.282914956,0.867073605,1.100232609,1.226091453,1.386937006,1.124057374
29/06/2021 17:00,1.221714042,0.825802928,1.047748946,1.167773811,1.320705917,1.07041047
29/06/2021 18:00,1.159678719,0.783973115,0.983944915,1.108484711,1.253687855,1.006772043
29/06/2021 19:00,1.120518879,0.757481758,0.960877844,1.065123308,1.035203952,0.987814481
29/06/2021 20:00,1.19703861,0.808100019,1.024674613,1.243158652,1.293303906,1.038169717
29/06/2021 21:00,1.351824166,0.859076048,1.090011611,1.21481035,1.395,1.113465825
29/06/2021 22:00,1.299765267,0.87563327,1.018335748,1.238901338,1.400657291,1.135191267
29/06/2021 23:00,1.312837283,0.887728097,1.100307892,1.25486686,1.419692403,1.175656931
30/06/2021 00:00,1.294137798,0.87504227,1.110149048,1.237303029,1.399359535,1.13388595
30/06/2021 01:00,1.295952624,0.904563519,1.07257892,1.196029568,1.349272954,1.09572576
30/06/2021 02:00,1.21045538,0.807477969,1.006503928,1.118159483,1.246464531,1.22801663
30/06/2021 03:00,1.052394773,0.711362546,0.902520882,1.005936577,1.214720726,0.922393314
30/06/2021 04:00,0.856219964,0.693961057,0.829982302,0.925433675,1.046544163,0.848133864
30/06/2021 05:00,0.918601802,0.620941042,0.787764805,0.854800114,0.992641907,0.804811894
30/06/2021 06:00,0.908062407,0.613801671,0.778711359,0.941669377,0.981678021,0.795558823
30/06/2021 07:00,0.938202089,0.652267978,0.771781426,0.927296956,1.049512401,0.890147882
30/06/2021 08:00,0.898559571,0.608048596,0.72706829,0.858766411,0.959570822,1.020002517
30/06/2021 09:00,0.872062218,0.694930945,0.747846596,0.83354848,0.968809571,0.763991416
30/06/2021 10:00,0.902486314,0.610213778,0.774150701,0.85787713,0.898984431,0.790903678
30/06/2021 11:00,0.938665405,0.711203236,0.851039516,0.948611689,1.021908959,0.869478236
30/06/2021 12:00,1.079772247,0.675044531,0.925241788,1.03205299,1.265845437,0.945113329
30/06/2021 13:00,1.351477419,0.769113675,1.019214342,1.1358268,1.28465463,1.04789231
30/06/2021 14:00,1.2390765,0.837629225,1.062616633,1.156004501,1.339504645,1.085627513
30/06/2021 15:00,1.265035932,0.693497619,1.084886408,1.292341015,1.367570536,1.046198684
30/06/2021 16:00,1.281557145,0.898859761,1.221538393,1.224971463,1.38556077,1.122783434
30/06/2021 17:00,1.209566042,0.785524698,1.026889066,1.156739102,1.30760615,1.064545814
30/06/2021 18:00,1.158822654,0.98393656,0.92459656,1.107666729,1.252727384,1.015251654
30/06/2021 19:00,1.513650814,1.076176827,1.301542699,1.446831453,1.636272687,1.320727444
30/06/2021 20:00,1.58462457,1.072190366,1.358977669,1.514825625,1.73311516,1.38828533
30/06/2021 21:00,1.67751165,1.126087775,1.438523699,1.603876662,1.766482753,1.468267889
30/06/2021 22:00,1.395,1.173341356,1.395,1.395,1.395,1.395
30/06/2021 23:00,1.330656419,0.898816881,1.156996871,1.271241757,1.438635035,1.165823233
01/07/2021 00:00,1.9075,1.204211649,1.60142096,1.703618746,1.926766236,1.561632343
01/07/2021 01:00,1.733503833,1.35895874,1.486589123,1.656922186,1.87395257,1.518695395
01/07/2021 02:00,1.644316264,1.111541499,1.40093288,1.571842246,1.777807607,1.417218702
01/07/2021 03:00,1.503901883,0.990344316,1.378821899,1.440356658,1.629208324,1.320175392
01/07/2021 04:00,1.408876793,0.940684165,1.208503332,1.346970999,1.523415959,1.234640707
01/07/2021 05:00,1.344312455,0.908646964,1.144906656,1.282998209,1.453174722,1.174785134
01/07/2021 06:00,1.305021956,0.882135584,1.027978453,1.247683384,1.410985641,1.143269898
01/07/2021 07:00,1.311419436,0.883949023,1.12144193,1.249967647,1.511266784,1.164613367
01/07/2021 08:00,1.233210878,0.947098816,1.057396344,1.17853748,1.29114323,1.240408087
01/07/2021 09:00,1.163394114,0.786840776,0.997701547,1.03515507,1.246147982,1.025252341
01/07/2021 10:00,1.346499685,0.886844239,1.125155872,1.254075461,1.430814455,1.149539193
01/07/2021 11:00,1.400868289,0.946851152,1.361711118,1.339024869,1.514054597,1.227305092
01/07/2021 12:00,1.383861519,0.935392444,1.181531986,1.323301091,1.495945345,1.212371292
01/07/2021 13:00,1.498141621,1.013028688,1.284341191,1.428914828,1.736405005,1.312531182
01/07/2021 14:00,1.63450146,1.105113009,1.401157046,1.561618566,1.745915257,1.431689705
01/07/2021 15:00,1.750515489,1.192989755,1.537283319,1.67326568,1.89293267,1.564496102
01/07/2021 16:00,1.784754739,1.20644801,1.530625051,1.702850451,1.929394812,1.563595071
01/07/2021 17:00,1.651558073,1.116479881,1.419888721,1.57882864,1.785632204,1.44694148
01/07/2021 18:00,1.557354905,1.227719404,1.211366267,1.48862548,1.615801789,1.304155575
01/07/2021 19:00,1.628804737,1.002684477,1.267791948,1.3971373,1.78389503,1.309227204
01/07/2021 20:00,1.573002184,1.063265745,1.348510997,1.503561073,1.488182599,1.378098082
01/07/2021 21:00,1.714545668,1.128375973,1.430755475,1.594341541,1.776310869,1.461649336
01/07/2021 22:00,1.726160287,1.166737243,1.467531495,1.608237736,1.86607622,1.457479032
01/07/2021 23:00,1.73332617,1.214025437,1.454338903,1.71777714,1.9075,1.574133677
02/07/2021 00:00,1.771458449,1.164980874,1.523421075,1.693302242,1.915038358,1.503963146
02/07/2021 01:00,1.721801229,1.099069664,1.476850743,1.646116673,1.861332558,1.508027139
02/07/2021 02:00,1.63275706,1.265050828,1.37732529,1.676325982,1.765184109,1.43530711
02/07/2021 03:00,1.503059262,1.056372422,1.281502493,1.428951549,1.616342933,1.281408869
02/07/2021 04:00,1.439789398,0.944587871,1.198305594,1.335739105,1.56986437,1.22430657
02/07/2021 05:00,1.33290004,0.900917322,1.143078936,1.343444323,1.400900783,1.329162116
02/07/2021 06:00,1.29670385,0.908103156,1.112027815,1.239051432,1.391925321,1.135985982
02/07/2021 07:00,1.301769456,0.839189593,1.11646852,1.244299218,1.407284767,1.14071922
02/07/2021 08:00,1.30849965,0.817892728,1.053926186,1.174682904,1.328553903,1.076587491
02/07/2021 09:00,1.160791188,0.618745885,0.990216213,1.052968741,1.228686453,1.016913509
02/07/2021 10:00,1.175245524,0.752648828,1.007871556,1.123357386,1.273868771,1.029620143
02/07/2021 11:00,1.241562755,0.805481462,1.064740166,1.236793881,1.342313042,1.109799849
02/07/2021 12:00,1.372078553,0.930371409,1.160032344,1.383765969,1.487859237,1.2060304
02/07/2021 13:00,1.490945526,1.007799553,1.278937049,1.423988717,1.612100824,1.306208508
02/07/2021 14:00,1.600213934,1.09962994,1.395172695,1.55500764,1.791159812,1.508953217
02/07/2021 15:00,1.743770015,1.178723641,1.450075688,1.666758532,1.885284568,1.527718287
02/07/2021 16:00,1.826608312,1.201909658,1.515449441,1.699625942,1.92224206,1.590291848
02/07/2021 17:00,1.632849154,1.119023812,1.3461958,1.582626147,1.903275097,1.470122071
02/07/2021 18:00,1.55045599,1.048108171,1.329740531,1.46609327,1.63282218,1.35844415
02/07/2021 19:00,1.477468349,0.998698294,1.267054233,1.412219293,1.511525408,1.294417435
02/07/2021 20:00,1.58930931,1.062875207,1.335714027,1.503059852,1.715844006,1.377591724
02/07/2021 21:00,1.622269717,1.123068022,1.424597382,1.817492144,1.796516155,1.414773618
02/07/2021 22:00,1.719580459,1.162346915,1.475792072,1.626082192,1.858963545,1.506639101
02/07/2021 23:00,1.72533679,1.218239625,1.742805804,1.722154079,1.9075,1.584755162
03/07/2021 00:00,1.69189677,1.362716293,1.51543143,1.734343461,2.007114973,1.554175665
03/07/2021 01:00,1.717067107,1.160771794,1.472825761,1.641281022,1.856223805,1.587834391
03/07/2021 02:00,1.626751494,1.111221434,1.395066779,1.554437048,1.704816012,1.425181319
03/07/2021 03:00,1.487777259,0.994241228,1.27571545,1.390247618,1.607930228,1.303395252
03/07/2021 04:00,1.346825936,0.944888385,1.190625565,1.317435356,1.47976213,1.216919961
03/07/2021 05:00,1.408265797,0.8936114,1.150350431,1.263674532,1.429157875,1.158199343
03/07/2021 06:00,1.277633064,1.031639935,1.047347692,1.228818427,1.389408716,1.14633103
03/07/2021 07:00,1.261155814,0.852304645,1.081409921,1.205241812,1.363119155,1.101901265
03/07/2021 08:00,1.061590675,0.825252439,1.015483969,1.131423009,1.280096567,1.039768885
03/07/2021 09:00,1.112100066,0.751787093,0.953716431,1.061109586,1.240277023,0.97432774
03/07/2021 10:00,1.122710655,0.629848873,0.960516917,0.988358356,1.194220179,0.983526643
03/07/2021 11:00,1.180029206,0.702957387,1.198804792,1.115883195,1.281335654,0.83059491
03/07/2021 12:00,1.315721024,0.889369569,1.116324262,1.256094464,1.571972224,1.171950971
03/07/2021 13:00,1.426728229,0.964508313,1.224839964,1.364070617,1.542270321,1.250117274
03/07/2021 14:00,1.559281367,1.071965879,1.337235676,1.719609377,1.685696836,1.366020372
03/07/2021 15:00,1.646823514,1.131059167,1.434570515,1.598952856,1.808830848,1.468006428
03/07/2021 16:00,1.703683048,1.162896399,1.461049273,1.578058605,1.856786999,1.492560717
03/07/2021 17:00,1.509509191,0.919548803,1.350763209,1.505539089,1.702653789,1.473990441
03/07/2021 18:00,1.465853088,0.973384825,1.256974533,1.399514417,1.584416989,1.286111571
03/07/2021 19:00,1.305897348,0.939051467,1.227996925,1.328448585,1.502506071,1.217594866
03/07/2021 20:00,1.605716922,1.004406097,1.273256693,1.419125429,1.613373168,1.300753892
03/07/2021 21:00,1.569086688,1.063413254,1.349088368,1.503676485,1.66369925,1.378284619
03/07/2021 22:00,1.630498951,1.189212575,1.291940383,1.474442439,1.763414644,1.429092577
03/07/2021 23:00,1.711592755,1.156959097,1.468248645,1.636151132,1.850471924,1.499464817
04/07/2021 00:00,1.689622816,1.163037659,1.44404532,1.553365089,1.822098719,1.475557251
04/07/2021 01:00,1.633448848,1.10436178,1.400901327,1.425465935,1.766032389,1.540127588
04/07/2021 02:00,1.54381176,1.030049095,1.327903679,1.476109007,1.669459438,1.352947438
04/07/2021 03:00,1.407355763,0.951532971,1.2073151,1.335985854,1.522763425,1.233390015
04/07/2021 04:00,1.372365366,0.887919248,1.126896506,1.256076569,1.412552364,1.151195791
04/07/2021 05:00,1.272499038,0.792204708,1.091281069,1.21632207,1.355378654,0.905951554
04/07/2021 06:00,1.24125477,0.837963231,1.070692286,1.184482276,1.340178786,1.086098532
04/07/2021 07:00,1.233035044,0.843745781,1.070572006,1.193588296,1.348344311,1.092829955
04/07/2021 08:00,1.171473126,0.796745105,1.009279752,1.124952833,1.272309998,1.031073511
04/07/2021 09:00,0.935127326,0.750690104,0.952906351,1.061292208,1.201304303,0.982839379
04/07/2021 10:00,1.10837333,0.762319973,0.967642112,1.113428522,1.219740293,0.988496923
04/07/2021 11:00,1.19775746,0.809234925,1.026996926,1.14243665,1.303456685,1.049038301
04/07/2021 12:00,1.33535555,0.902516395,1.151688367,1.275813041,1.462320847,1.278972308
04/07/2021 13:00,1.44474141,1.184214883,1.273852957,1.431115126,1.626614448,1.26537961
04/07/2021 14:00,1.749588865,1.097338434,1.392208118,1.579027459,1.744216246,1.555612381
04/07/2021 15:00,1.976073131,1.176997593,1.493761114,1.817633473,1.882970846,1.525963625
04/07/2021 16:00,1.776998279,1.198753408,1.599852861,1.698577193,1.921034243,1.556831754
04/07/2021 17:00,1.65483018,1.004422272,1.468413876,1.618212823,1.788991467,1.449824055
04/07/2021 18:00,1.550147469,1.047819112,1.329396067,1.481962632,1.676437454,1.358088544
04/07/2021 19:00,1.481100095,0.99835307,1.261730809,1.412519296,1.698763825,1.39531949
04/07/2021 20:00,1.472340875,1.062492053,1.40717994,1.666513518,1.699196684,1.377043048
04/07/2021 21:00,1.663121497,1.142388251,1.424923153,1.588345378,1.796270162,1.656347017
04/07/2021 22:00,1.719532984,1.162310598,1.430615703,1.675243683,1.850891515,1.561649203
04/07/2021 23:00,1.80080836,1.217243787,1.542349215,1.721331664,1.946754108,1.604676345
05/07/2021 00:00,1.774157715,1.198693952,1.47013323,1.811252102,1.999727838,1.554854732
05/07/2021 01:00,1.725209036,1.166148104,1.479557814,1.649003011,1.881972126,1.511447529
05/07/2021 02:00,1.63545945,1.107452417,1.403749988,1.686252861,1.768101033,1.317819294
05/07/2021 03:00,1.497359258,1.029757221,1.2839206,1.44718363,1.618795707,1.31192239
05/07/2021 04:00,1.399511505,0.991820114,1.199390249,1.337806744,1.4603581,1.226115616
05/07/2021 05:00,1.334608843,0.902129848,1.144521853,1.275836133,1.442400505,1.121550308
05/07/2021 06:00,1.298032273,0.877425897,1.285455126,1.219775776,1.310201681,1.137206138
05/07/2021 07:00,1.302788089,0.880594662,1.11712521,1.245246286,1.380949879,1.141211041
05/07/2021 08:00,1.229597235,0.831268336,1.05449021,1.285296041,1.338932683,1.077250866
05/07/2021 09:00,1.161240715,0.785477634,0.995799474,1.109899186,1.110166423,1.017290058
05/07/2021 10:00,1.091772455,0.844498224,1.00797801,1.123455833,1.270583083,1.029590282
05/07/2021 11:00,1.241418731,0.840633769,1.064532289,1.193397776,1.342064626,1.085728668
05/07/2021 12:00,1.380101772,0.930859505,1.18007014,1.315055974,1.487480474,1.406097458
05/07/2021 13:00,1.490424566,1.00745842,1.278113654,1.423576353,1.611246069,1.264767518
05/07/2021 14:00,1.741115836,1.099203445,1.397162094,1.554465899,1.761647151,1.424533698
05/07/2021 15:00,1.743369914,1.208545754,1.494720585,1.666085426,1.884249441,1.527052261
05/07/2021 16:00,1.691490529,1.201098325,1.524101655,1.69885783,1.9075,1.679936115
05/07/2021 17:00,1.653700593,1.278542072,1.418863133,1.581444252,1.768600657,1.449445701
05/07/2021 18:00,1.549458262,1.047444121,1.328807298,1.481152222,1.699023677,1.345107066
05/07/2021 19:00,1.426741375,0.997906425,1.266068876,1.400819104,1.625109373,1.299221419
05/07/2021 20:00,1.630753321,1.061632176,1.474195895,1.5012238,1.697609699,1.375942593
05/07/2021 21:00,1.660397221,1.122390077,1.423903832,1.586825524,1.778266184,1.336011767
05/07/2021 22:00,1.718165697,1.161447188,1.473596073,1.644612156,1.857533783,1.506513021
05/07/2021 23:00,1.800577197,1.217284227,1.544894766,1.622317152,1.961416215,1.5265049
06/07/2021 00:00,1.774820395,1.431376594,1.521841077,1.696480442,1.918692626,1.680471561
06/07/2021 01:00,1.725349371,1.116175941,1.480105909,1.691165401,1.86538312,1.511507269
06/07/2021 02:00,1.635562233,1.105676002,1.343134781,1.589229442,1.794235078,1.432923754
06/07/2021 03:00,1.497402355,0.971444647,1.284799443,1.43140456,1.618932353,1.312556153
06/07/2021 04:00,1.408884027,0.978567205,1.20419986,1.337780482,1.513054534,1.230912758
06/07/2021 05:00,1.295164342,0.901251458,1.14592781,1.274695213,1.442832528,1.169296514
06/07/2021 06:00,1.298084865,0.87859502,1.043129711,1.240761029,1.403323089,1.137245348
06/07/2021 07:00,1.303939779,0.880562001,1.117255247,1.261340891,1.408367308,1.172499711
06/07/2021 08:00,1.229619852,0.831147701,1.054519487,1.175307443,1.329711095,1.077050699
06/07/2021 09:00,1.162444127,0.784895179,0.995859647,1.109928291,1.245218494,1.017178322
06/07/2021 10:00,1.206215644,0.809167218,1.007965755,1.123463824,1.477825543,1.029725613
06/07/2021 11:00,1.098233331,0.845749024,1.064639266,1.186630913,1.34150721,1.087581352
06/07/2021 12:00,1.367158741,0.913883357,1.180263647,1.31519145,1.482429406,1.205341275
06/07/2021 13:00,1.490593532,1.005080788,1.272428508,1.273242842,1.611257739,1.354319437
06/07/2021 14:00,1.626137503,1.099250732,1.559145683,1.554044497,1.757882293,1.393507401
06/07/2021 15:00,1.77727813,1.247428969,1.355094884,1.666082624,1.833758019,1.527027655
06/07/2021 16:00,1.777166276,1.321323628,1.524090516,1.6992107,1.937361313,1.556998629
06/07/2021 17:00,1.654453585,1.118480298,1.59899217,1.579325356,1.788574464,1.449834299
06/07/2021 18:00,1.54944497,1.047334253,1.22031574,1.40791125,1.615153543,1.357272014
06/07/2021 19:00,1.476280328,0.997871376,1.26453242,1.411109243,1.595929643,1.293822151
06/07/2021 20:00,1.581236101,1.059617509,1.345049975,1.479663116,1.69494578,1.416600311
06/07/2021 21:00,1.660372026,1.122322969,1.433105617,1.587067402,1.794959154,1.454615181
06/07/2021 22:00,1.753134665,1.161493414,1.4732775,1.643096847,1.857558976,1.505247374
06/07/2021 23:00,1.726690254,1.182047296,1.512267483,1.721307468,1.9075,1.577684248
07/07/2021 00:00,1.768659793,1.199688735,1.483720497,1.696914306,1.918628408,1.554918841
07/07/2021 01:00,1.725360728,1.166474307,1.482901699,1.643664886,1.864583973,1.511618554
07/07/2021 02:00,1.635817543,1.198540752,1.451149633,1.568595404,1.90391713,1.432946539
07/07/2021 03:00,1.497422266,1.012226856,1.33695956,1.482462573,1.579958772,1.311711555
07/07/2021 04:00,1.39954012,0.946103843,1.25768845,1.337809457,1.513336951,1.226175165
07/07/2021 05:00,1.394421473,0.851184533,1.058970665,1.222349047,1.442844842,1.169411505
07/07/2021 06:00,1.343175209,0.884643624,1.112830443,1.229266247,1.439651306,1.252233597
07/07/2021 07:00,1.342387497,0.880570695,1.387283071,1.184845445,1.408399223,1.14138266
07/07/2021 08:00,1.214479819,0.831164363,1.054387032,1.17537352,1.351014492,1.077287337
07/07/2021 09:00,1.161154054,0.775945584,1.001133059,1.109912167,1.255299034,1.017318984
07/07/2021 10:00,1.175349867,0.794428663,1.007967044,1.129933214,1.270631544,1.155266904
07/07/2021 11:00,1.228123574,0.836217315,0.98735626,1.067967455,1.392343746,0.991062346
07/07/2021 12:00,1.376538078,0.930302193,1.189661536,1.315155338,1.500503701,1.205471583
07/07/2021 13:00,1.478943379,1.012536031,1.266801472,1.447617319,1.611246611,1.370807571
07/07/2021 14:00,1.626126075,0.883683929,1.395567021,1.55437007,1.758012732,1.42465835
07/07/2021 15:00,1.73954114,1.173282169,1.49465253,1.66702179,1.884244477,1.53709469
07/07/2021 16:00,1.77717422,1.201269058,1.524097309,1.698729328,1.921253399,1.556960049
07/07/2021 17:00,1.65455254,1.180058555,1.418804227,1.662473509,1.789056584,1.398677763
07/07/2021 18:00,1.548943693,1.04733431,1.317235032,1.481033272,1.66559202,1.357458377
07/07/2021 19:00,1.511059183,0.997481219,1.266023137,1.405624597,1.522801809,1.291639309
07/07/2021 20:00,1.568360798,1.060551405,1.372857121,1.506189845,1.695449554,1.374059717
07/07/2021 21:00,1.660478745,1.122314293,1.424001348,1.589190331,1.794949822,1.454601581
07/07/2021 22:00,1.718162234,1.161427526,1.466786111,1.644101089,1.857325611,1.505251997
07/07/2021 23:00,1.802542702,1.217110263,1.747484207,1.721298466,1.9075,1.612239026
08/07/2021 00:00,1.774821269,1.197827592,1.541484737,1.696479762,1.9075,1.554892839
08/07/2021 01:00,1.725266976,1.072451457,1.451281707,1.648997376,1.94487865,1.511507618
08/07/2021 02:00,1.63481067,1.105557829,1.402680997,1.493291252,1.768226178,1.48387729
08/07/2021 03:00,1.457444503,0.865851608,1.086974022,1.431370887,1.618901337,1.311969105
08/07/2021 04:00,1.312541789,0.813967635,1.158994331,1.338530128,1.513058618,1.218364743
08/07/2021 05:00,1.334666662,0.606185113,1.174093962,1.297458788,1.451747902,1.169150599
08/07/2021 06:00,1.298159355,0.877431189,1.112685444,1.243231214,1.391154388,1.137230156
08/07/2021 07:00,1.302799169,0.881546838,1.293493917,1.245266886,1.412134771,1.11134346
08/07/2021 08:00,1.229531064,0.814304457,0.900195208,1.17555876,1.329322201,1.077156525
08/07/2021 09:00,1.183043319,0.783066671,0.96796261,1.109950693,1.509449407,0.901378354
08/07/2021 10:00,1.174486047,0.794488073,1.007795961,1.173505938,1.270598929,1.029717711
08/07/2021 11:00,1.380214777,0.83914332,1.07000296,1.186628845,1.342220387,1.075483721
08/07/2021 12:00,1.375962546,0.978637005,1.178627823,1.315538965,1.487479616,1.205490249
08/07/2021 13:00,1.490884161,0.96966689,1.27817192,1.486369439,1.611239675,1.305714995
08/07/2021 14:00,1.59547826,1.168936491,1.394500371,1.717424373,1.757954255,1.364337622
08/07/2021 15:00,1.743965747,1.178181302,1.494618528,1.666021151,1.884228574,1.55918078
08/07/2021 16:00,1.76972832,1.282039649,1.696692954,1.698160165,1.92123975,1.690335812
08/07/2021 17:00,1.654460879,1.133865031,1.41884583,1.581689575,1.770065386,1.349658635
08/07/2021 18:00,1.551920215,1.04711404,1.564456522,1.485979842,1.675052639,1.381758665
08/07/2021 19:00,1.476269325,0.937879125,1.264573516,1.411189194,1.608798147,1.293256617
08/07/2021 20:00,1.568312244,1.060074612,1.344968927,1.659422941,1.695153508,1.30278594
08/07/2021 21:00,1.58042221,1.122348729,1.423878516,1.587066441,1.794942318,1.454652702
08/07/2021 22:00,1.718182867,1.161354713,1.481040249,1.642333779,1.848657112,1.504460085
08/07/2021 23:00,1.800762654,1.217284857,1.544685253,1.712973144,1.946754389,1.577648324
09/07/2021 00:00,1.774304837,1.19982563,1.615400974,1.558757044,1.918896758,1.554852183
09/07/2021 01:00,1.760553042,1.166186706,1.514586117,1.658440057,1.832685351,1.511842196
09/07/2021 02:00,1.635579017,1.108876084,1.40268263,1.563119943,1.768119678,1.432931699
09/07/2021 03:00,1.497532673,1.095227154,1.284242531,1.345783239,1.651918021,1.327008644
09/07/2021 04:00,1.399556363,0.94589218,1.200269134,1.245631388,1.783026711,1.226232836
09/07/2021 05:00,1.286688171,0.850205529,1.067889236,1.267711506,1.467908255,1.169296599
09/07/2021 06:00,1.286754513,0.88955677,1.11308923,1.240774571,1.403184198,1.142194269
09/07/2021 07:00,1.296755514,0.880622088,1.117284306,1.245152326,1.408399417,1.22765127
09/07/2021 08:00,1.229237025,0.823518419,1.045807606,1.271312504,1.329295952,1.077283687
09/07/2021 09:00,1.181529036,0.995867145,0.99582207,1.076331523,1.255348713,1.017385108
09/07/2021 10:00,1.175227925,0.790323901,1.007967307,1.109092293,1.270640452,1.029720812
09/07/2021 11:00,1.199749,0.839302856,1.032334707,1.127669446,1.289445776,1.087814388
09/07/2021 12:00,1.528693143,0.930062346,1.180002836,1.315220729,1.487500834,1.282711131
09/07/2021 13:00,1.490332428,1.007401778,1.278175293,1.424771359,1.610935886,1.177584258
09/07/2021 14:00,1.626207407,1.099817959,1.363322048,1.551529187,1.757910463,1.432367453
09/07/2021 15:00,1.742965038,1.193983664,1.495064305,1.733568457,1.823236618,1.52737073
09/07/2021 16:00,1.777186122,1.190821108,1.52414567,1.69849035,1.921251954,1.695051947
09/07/2021 17:00,1.722266659,1.111902111,1.410133036,1.581819762,1.790864814,1.449542086
09/07/2021 18:00,1.54582556,1.034427508,1.328907225,1.481042543,1.675040093,1.357461125
09/07/2021 19:00,1.459206286,0.951174623,1.261192138,1.411096246,1.595976464,1.221364737
09/07/2021 20:00,1.563708261,1.059957606,1.344956349,1.498992942,1.694953681,1.373989479
09/07/2021 21:00,1.660240743,1.122430133,1.477771047,1.589536168,1.797763061,1.454917435
09/07/2021 22:00,1.718182862,1.16139981,1.443941844,1.642053472,1.857453218,1.504358934
09/07/2021 23:00,1.803263829,1.217235703,1.544207328,1.719456923,1.9075,1.565270039
10/07/2021 00:00,1.774853666,1.27437643,1.56688686,1.714035083,1.955578987,1.554318038
10/07/2021 01:00,1.754662512,1.128491405,1.479611656,1.649095737,1.865432692,1.561777871
10/07/2021 02:00,1.73905074,1.105664892,1.402567983,1.563285824,1.767935046,1.5100783
10/07/2021 03:00,1.497208643,1.011875218,1.283868622,1.431105444,1.619441955,1.311797127
10/07/2021 04:00,1.398828884,1.091520773,1.154596279,1.337109309,1.360935343,1.225547998
10/07/2021 05:00,1.333329193,0.901279786,1.143440999,1.273841401,1.248186608,1.168110401
10/07/2021 06:00,1.287800242,0.863361882,0.963556317,1.238562859,1.400828249,1.299037426
10/07/2021 07:00,1.299245115,1.079519048,1.017650922,1.186625816,1.404592544,1.138296578
10/07/2021 08:00,1.224530491,0.827658134,1.148631484,1.130958318,1.323576613,1.072724558
10/07/2021 09:00,0.989768991,0.692951049,0.989489503,1.102872185,1.26082961,1.010853681
10/07/2021 10:00,1.138023084,0.738141685,1.0983739,1.088118216,1.302930113,0.997107259
10/07/2021 11:00,1.291463676,0.665022489,1.030098513,1.14813808,1.298554609,1.24458593
10/07/2021 12:00,1.329935252,0.900914548,1.143011316,1.276737435,1.439962912,1.204730827
10/07/2021 13:00,1.444316449,0.976373046,1.239221375,1.380705288,1.56159755,1.26563498
10/07/2021 14:00,1.57637379,1.066220626,1.324071245,1.507630749,1.705377909,1.381987089
10/07/2021 15:00,1.691738185,1.143308339,1.36270686,1.616752457,1.844806275,1.61665697
10/07/2021 16:00,1.728297173,1.164537706,1.47747618,1.64667454,1.862472556,1.468373471
10/07/2021 17:00,1.652531296,1.079198113,1.353435454,1.52663248,1.657110063,1.399340179
10/07/2021 18:00,1.483439937,1.119042075,1.272106658,1.417917398,1.625418828,1.471856167
10/07/2021 19:00,1.682231143,0.949559861,1.204848615,1.342753629,1.727902183,1.144942371
10/07/2021 20:00,1.42647311,1.013568476,1.336112842,1.427891713,1.606668807,1.308855707
10/07/2021 21:00,1.688424334,1.07136343,1.400960775,1.375876245,1.711812591,1.447408426
10/07/2021 22:00,1.643293908,1.245149355,1.408721759,1.450985203,1.870845785,1.439132438
10/07/2021 23:00,1.725280131,1.166130699,1.473415839,1.649026294,1.920878229,1.573240106
11/07/2021 00:00,1.699326954,1.148773867,1.457402969,1.730281036,1.82810462,1.539202628
11/07/2021 01:00,1.649739866,1.115123956,1.414117275,1.576911641,1.610779237,1.488219465
11/07/2021 02:00,1.517465771,1.054827658,1.337931593,1.496235761,1.68686775,1.366912876
11/07/2021 03:00,1.423162222,0.850118967,1.182943454,1.37180413,1.539041545,1.235671902
11/07/2021 04:00,1.302429963,0.897041032,1.098962689,1.269515419,1.377236867,1.162441043
11/07/2021 05:00,1.268789144,0.858106143,1.097231934,1.21275414,1.37163172,1.111547665
11/07/2021 06:00,1.242745568,0.766657286,1.071916685,1.254244251,1.343833256,1.08302207
11/07/2021 07:00,1.250546134,0.821113986,1.072435649,1.195319043,1.351887073,1.095583475
11/07/2021 08:00,1.179281798,0.797662424,1.012830002,1.127945555,1.310009671,1.033834415
11/07/2021 09:00,1.114277018,0.760434097,0.975948528,1.065079795,1.205036663,0.975759677
11/07/2021 10:00,1.131110771,0.764561979,0.970027905,1.081162581,1.225859671,0.990954496
11/07/2021 11:00,1.179673374,0.81227117,1.006628932,1.109166492,1.297141555,1.051248414
11/07/2021 12:00,1.337254626,0.903903195,1.275252378,1.278197875,1.588689298,1.171538099
11/07/2021 13:00,1.445980618,0.982906595,1.286496746,1.471530641,1.571561605,1.175442852
11/07/2021 14:00,1.60152856,1.095059018,1.553075144,1.548512984,1.751755237,1.418155182
11/07/2021 15:00,1.738907596,1.175363296,1.491182091,1.644935824,1.879756449,1.367127223
11/07/2021 16:00,1.773744108,1.19955825,1.521908344,1.696156731,1.918454168,1.554732982
11/07/2021 17:00,1.65424714,1.117302516,1.417531226,1.527887337,1.711796251,1.44809461
11/07/2021 18:00,1.521481497,1.04681081,1.329000642,1.480261417,1.684036895,1.356645779
11/07/2021 19:00,1.475887609,0.997689073,1.265694818,1.410769684,1.578498976,1.25441706
11/07/2021 20:00,1.529058507,1.060030728,1.271491294,1.498858194,1.695324289,1.373868775
11/07/2021 21:00,1.660346202,1.122266024,1.423899249,1.587039377,1.77958514,1.454630602
11/07/2021 22:00,1.666591564,1.161397536,1.359805603,1.624622847,1.883565737,1.504586692
11/07/2021 23:00,1.800770521,1.217244693,1.544423755,1.754637679,2.015,1.529122706
12/07/2021 00:00,1.774821548,1.200039125,1.522072649,1.696540788,1.888600932,1.554936133
12/07/2021 01:00,1.747880065,1.166186185,1.476356708,1.649674168,1.753010213,1.511558722
12/07/2021 02:00,1.635578977,1.105586493,1.359118065,1.563386558,1.768146023,1.433855299
12/07/2021 03:00,1.54244732,1.091619081,1.517635979,1.372837373,1.618866003,1.311977594
12/07/2021 04:00,1.363944935,0.946078176,1.203915169,1.331986908,1.513102978,1.319743877
12/07/2021 05:00,1.333962025,0.902129931,1.144521959,1.275662313,1.442841956,1.152243782
12/07/2021 06:00,1.298169566,0.877431473,1.113217298,1.247873509,1.403289734,1.23190562
12/07/2021 07:00,1.30275718,0.966478046,1.11726536,1.239505033,1.408393362,1.141383303
12/07/2021 08:00,1.229659437,0.83132555,1.010835386,1.145834199,1.32943706,1.036025521
12/07/2021 09:00,1.22598189,0.784930756,0.907758569,1.109956277,1.255211713,1.017731649
12/07/2021 10:00,1.274468394,0.794477101,1.089047028,1.103990021,1.201691042,1.029725715
12/07/2021 11:00,1.241408691,0.838970105,1.064635431,1.186351089,1.342055628,1.127988936
12/07/2021 12:00,1.376087505,0.930061946,1.180030314,1.313874152,1.486058739,1.24754282
12/07/2021 13:00,1.490417405,1.007432366,1.277598766,1.263034136,1.632095958,1.305767225
12/07/2021 14:00,1.626164489,1.099176787,1.394556836,1.554368111,1.741464263,1.424659387
12/07/2021 15:00,1.871414725,1.178144286,1.605839253,1.515949311,1.832038313,1.542885501
12/07/2021 16:00,1.693722848,1.201288963,1.524095489,1.698732109,1.940669453,1.573275915
12/07/2021 17:00,1.654448847,1.095303543,1.509442208,1.581437541,1.788565627,1.449475218
12/07/2021 18:00,1.54954446,1.047446736,1.328842244,1.48034228,1.675030732,1.357666634
12/07/2021 19:00,1.476689092,0.997877224,1.254228815,1.411101549,1.595389797,1.52669357
12/07/2021 20:00,1.568310624,1.060087745,1.344995621,1.499062825,1.695384818,1.374011625
12/07/2021 21:00,1.660379109,1.122313998,1.424242523,1.674429702,1.794809349,1.404499935
12/07/2021 22:00,1.679313028,1.321742555,1.473442562,1.642334318,1.896853213,1.505663664
12/07/2021 23:00,1.800823845,1.217236997,1.544302774,1.688685885,1.9075,1.643800222
13/07/2021 00:00,1.77498462,1.206012766,1.522173454,1.705803955,1.918714051,1.552772534
13/07/2021 01:00,1.9075,1.166365985,1.479566982,1.649371815,1.865099758,1.511510105
13/07/2021 02:00,1.469683083,1.105808028,1.402736675,1.563401702,1.768153694,1.650089461
13/07/2021 03:00,1.497509813,0.962678885,1.293150224,1.345782875,1.618893967,1.313805553
13/07/2021 04:00,1.396903446,0.946041064,1.21138516,1.345935399,1.54666848,1.226198158
13/07/2021 05:00,1.486531221,0.768667622,1.144789095,1.311060377,1.442845339,1.169316695
13/07/2021 06:00,1.298014023,0.952760782,1.229059126,1.331370723,1.403296583,1.137157353
13/07/2021 07:00,1.268439289,0.880608545,1.11731803,1.248877116,1.408735992,1.141381274
13/07/2021 08:00,1.229633226,0.831183863,1.054512495,1.175351897,1.329301079,1.077274678
13/07/2021 09:00,1.161116488,0.784903297,0.995814836,1.109938652,1.25308144,0.960077941
13/07/2021 10:00,1.175347258,0.794466706,1.008104487,1.123510576,1.270616547,0.959365186
13/07/2021 11:00,1.241444033,0.71513607,1.064558311,1.197293565,1.392909336,1.087609325
13/07/2021 12:00,1.375421056,0.929938671,1.180010519,1.224082997,1.487428777,1.205527078
13/07/2021 13:00,1.490431591,1.007455403,1.278227245,1.424634784,1.611239437,1.305741464
13/07/2021 14:00,1.624398396,0.979158861,1.32143004,1.714694483,1.758290201,1.424234976
13/07/2021 15:00,1.926165922,1.178180759,1.495578379,1.666022198,1.9075,1.527040673
13/07/2021 16:00,1.684309554,1.20126518,1.524084657,1.698731884,1.914674279,1.55938395
13/07/2021 17:00,1.654463238,1.118312843,1.418853198,1.580488215,1.788565504,1.449458892
13/07/2021 18:00,1.549317828,1.047448886,1.330518721,1.481009073,1.675037025,1.357689087
13/07/2021 19:00,1.436746572,0.997878974,1.255723488,1.646791185,1.595948773,1.293590154
13/07/2021 20:00,1.56827983,1.060097137,1.345492503,1.438073622,1.695470796,1.373993726
13/07/2021 21:00,1.528295753,1.122314611,1.324092122,1.586701142,1.794925381,1.454696556
13/07/2021 22:00,1.718259501,1.161403813,1.473478321,1.642323062,1.796089962,1.505302202
13/07/2021 23:00,1.745848544,1.217215419,1.654322193,1.721293112,1.948084626,1.613730242
14/07/2021 00:00,1.77483231,1.200123865,1.557613381,1.696484188,1.918672152,1.553689671
14/07/2021 01:00,1.606600551,1.166544264,1.479575919,1.648926478,1.865107596,1.553199483
14/07/2021 02:00,1.635565421,1.105213928,1.433519148,1.563424589,1.768182731,1.400327357
14/07/2021 03:00,1.497570676,1.012248189,1.370605916,1.431395206,1.618857454,1.296780011
14/07/2021 04:00,1.399564701,0.982264082,1.199876083,1.337821581,1.5103429,1.226161918
14/07/2021 05:00,1.339093004,0.976257284,1.153006012,1.275857801,1.497258838,1.169294134
14/07/2021 06:00,1.298029224,0.881110164,1.131063864,1.240791132,1.387444806,1.137797177
14/07/2021 07:00,1.304356525,0.741691988,1.117265355,1.245242838,1.524064158,1.133540708
14/07/2021 08:00,1.229645549,0.818696202,1.054514443,1.175374097,1.391718171,1.077083626
14/07/2021 09:00,1.16110762,0.78490163,1.112640636,0.857974887,1.191661432,0.992440871
14/07/2021 10:00,1.191188492,0.80614952,1.056658418,0.976780226,1.270835717,1.029697952
14/07/2021 11:00,1.302325865,1.074835672,1.064620521,1.186628658,1.345449787,1.128762626
14/07/2021 12:00,1.375962676,0.930124869,1.12012733,1.102897738,1.487469195,1.204631373
14/07/2021 13:00,1.4493805,1.00744935,1.278238541,1.424627052,1.632946389,1.266329308
14/07/2021 14:00,1.538773261,1.099230246,1.362564401,1.55848127,1.757892851,1.351272972
14/07/2021 15:00,1.735319336,1.179172967,1.204411124,1.666012741,1.884224641,1.527011543
14/07/2021 16:00,1.777203561,1.058086257,1.524095556,1.698733673,1.759641365,1.557018444
14/07/2021 17:00,1.648146928,1.101814521,1.529990358,1.581426098,1.788927191,1.496472508
14/07/2021 18:00,1.549466976,1.016328315,1.328704819,1.481031247,1.675039572,1.509727871
14/07/2021 19:00,1.476268861,0.997850058,1.266224307,1.159144711,1.69326261,1.372918796
14/07/2021 20:00,1.568629894,0.975410231,1.345041481,1.498246819,1.73022929,1.374021883
14/07/2021 21:00,1.660358872,1.122457015,1.475510911,1.594754302,1.794828106,1.454631512
14/07/2021 22:00,1.713683743,1.161393297,1.390027452,1.642373606,1.858513693,1.513526612
14/07/2021 23:00,1.800789091,1.217237225,1.544335988,1.884362252,1.9075,1.577670612
15/07/2021 00:00,1.774825398,1.202123578,1.522071642,1.696477058,1.919530069,1.510965936
15/07/2021 01:00,1.72525052,1.163814378,1.44803824,1.64910267,1.866401225,1.510799189
15/07/2021 02:00,1.635578741,1.105100647,1.402642395,1.563373515,1.76815412,1.609159727
15/07/2021 03:00,1.497510394,1.011689164,1.284244848,1.43140249,1.618892717,1.416440461
15/07/2021 04:00,1.399563556,0.943840822,1.200251693,1.365355193,1.51304001,1.225985505
15/07/2021 05:00,1.46800194,0.90533695,1.148388694,1.275676419,1.442843936,1.169219426
15/07/2021 06:00,1.436858263,0.900877536,1.067161956,1.240747778,1.377922945,1.137341374
15/07/2021 07:00,1.302797161,0.904605962,1.192594669,1.24526829,1.407815744,0.934571955
15/07/2021 08:00,1.225754477,0.831182806,1.216932476,1.174926199,1.329304579,1.077283806
15/07/2021 09:00,1.161189901,0.790196127,0.995837135,1.112531881,1.38074537,1.19707992
15/07/2021 10:00,1.301883404,0.794470635,1.062937218,1.123093361,1.270627364,1.029672064
15/07/2021 11:00,1.241791668,0.839146363,1.070841094,1.18663166,1.34205094,1.087293831
15/07/2021 12:00,1.374725324,0.930075815,1.188368202,1.315158997,1.476912284,1.222102534
15/07/2021 13:00,1.490582447,0.997766028,1.209360655,1.455752839,1.642151724,1.305758743
15/07/2021 14:00,1.747475799,1.101854273,1.419609332,1.55434766,1.720964965,1.424660528
15/07/2021 15:00,1.724465289,1.178175166,1.494747407,1.665983077,1.884281192,1.527006302
15/07/2021 16:00,1.782025113,1.201283677,1.550452747,1.682393065,1.9075,1.556898158
15/07/2021 17:00,1.654611496,1.118325374,1.419320949,1.581423567,1.82970597,1.428519438
15/07/2021 18:00,1.549521032,1.04733611,1.32877664,1.481027327,1.675025829,1.35740386
15/07/2021 19:00,1.448865308,0.997837442,1.265840768,1.323711758,1.595930461,1.293358624
15/07/2021 20:00,1.572392459,1.060085401,1.345048285,1.499080944,1.666979711,1.443275613
15/07/2021 21:00,1.633450836,1.122314611,1.478579549,1.587157012,1.794944435,1.454704476
15/07/2021 22:00,1.71818343,1.131360121,1.473558467,1.642343467,1.85747929,1.480534927
15/07/2021 23:00,1.800799981,1.217197447,1.545870723,1.721182977,1.769773083,1.578526688
16/07/2021 00:00,1.774821342,1.1996874,1.438594368,1.696632932,1.9075,1.557471183
16/07/2021 01:00,1.578360851,1.166285231,1.479562051,1.646846039,1.86510873,1.693841771
16/07/2021 02:00,1.640589734,1.105408801,1.50294517,1.563846817,1.768124949,1.434186777
16/07/2021 03:00,1.497860844,1.01223674,1.284248494,1.470801472,1.618654295,1.305147402
16/07/2021 04:00,1.399809817,0.94604306,1.289779878,1.337780772,1.574742164,1.226272048
16/07/2021 05:00,1.334670576,0.86695908,1.14457148,1.311525008,1.442844029,1.453675369
16/07/2021 06:00,1.298070537,0.877433605,1.113208006,1.256118818,1.403265511,1.280303134
16/07/2021 07:00,1.302788345,0.880677658,1.117256782,1.245542715,1.408330242,1.141377318
16/07/2021 08:00,1.229462191,0.808479023,1.054502381,1.175274603,1.329300068,1.076618737
16/07/2021 09:00,1.161183346,0.739584752,0.995811504,1.052818608,1.046426602,1.151231319
16/07/2021 10:00,1.051343275,0.622871358,1.008026311,1.123465471,1.239755508,1.18018861
16/07/2021 11:00,1.241438623,0.839143795,1.064640023,1.186638212,1.342051449,1.111191679
16/07/2021 12:00,1.375962277,0.930013854,1.242415129,1.315221026,1.487479622,1.205293758
16/07/2021 13:00,1.74044901,1.062124287,1.278175948,1.653774797,1.61113001,1.277140615
16/07/2021 14:00,1.626138156,1.078153257,1.394540745,1.554352976,1.902666573,1.424660759
16/07/2021 15:00,1.748191464,1.28148743,1.439626856,1.692715043,1.884275825,1.527087738
16/07/2021 16:00,1.77174858,1.201201541,1.524113622,1.698858384,1.828839169,1.556994045
16/07/2021 17:00,1.654459831,1.11834551,1.44839419,1.581408723,1.781107397,1.449537475
16/07/2021 18:00,1.338155272,1.04736314,1.295304109,1.47108336,1.675029225,1.357459559
16/07/2021 19:00,1.476352295,1.012572103,1.267839413,1.41111559,1.44492728,1.36700984
16/07/2021 20:00,1.568343069,1.060191317,1.344930276,1.465892534,1.695407776,1.373991276
16/07/2021 21:00,1.9075,1.122349911,1.414262882,1.587064432,1.794976152,1.454703333
16/07/2021 22:00,1.779405056,1.162996152,1.473468765,1.829577134,1.697195236,1.505353064
16/07/2021 23:00,1.800774029,1.051326827,1.544748256,1.721103624,1.915519709,1.577670787
17/07/2021 00:00,1.774846868,1.209,1.522036481,1.694329086,1.918685717,1.571208191
17/07/2021 01:00,1.725249453,1.166172055,1.5004008,1.785171835,1.742683228,1.511494076
17/07/2021 02:00,1.635482368,1.105502969,1.402573096,1.563282091,1.472075944,1.432847383
17/07/2021 03:00,1.497194757,1.012014618,1.284082233,1.431123567,1.61854966,1.418046339
17/07/2021 04:00,1.398836424,0.945554975,1.045321646,1.337139833,1.522807902,1.225522935
17/07/2021 05:00,1.333457598,0.900811464,1.143465313,1.283665794,1.441402238,1.164468218
17/07/2021 06:00,1.296194035,0.875914416,1.111234669,1.265430356,1.400855556,1.135462692
17/07/2021 07:00,1.299292827,1.053438029,1.114265507,1.241022385,1.402170702,1.181792804
17/07/2021 08:00,1.226283838,0.827662075,1.05007258,1.112294112,1.298757467,1.072729954
17/07/2021 09:00,1.153803702,0.780035885,1.058765403,1.035419639,1.13533257,1.010861319
17/07/2021 10:00,1.138105057,0.769297974,0.976036382,1.087862929,1.230360353,0.997092234
17/07/2021 11:00,1.201057266,0.811928738,0.958895641,1.14811843,1.298536621,1.052359025
17/07/2021 12:00,1.369961494,0.90117406,1.143003018,1.273994537,1.440852263,1.185489557
17/07/2021 13:00,1.444478661,0.975249613,1.238759123,1.380711534,1.561544441,1.310439135
17/07/2021 14:00,1.577400557,1.066229232,1.34244621,1.506982127,1.705224529,1.381929528
17/07/2021 15:00,1.627500563,1.140906081,1.312822068,1.768528346,1.828520341,1.481997252
17/07/2021 16:00,1.722711775,1.164534658,1.477478179,1.756517899,1.790912375,1.475604924
17/07/2021 17:00,1.509171676,1.078795853,1.503113819,1.524509204,1.72668357,1.399355691
17/07/2021 18:00,1.483366347,1.103838628,1.272127676,1.454771387,1.60314579,1.299575444
17/07/2021 19:00,1.385655799,0.951009957,1.204784332,1.34277685,1.580415246,1.230725347
17/07/2021 20:00,1.493994389,1.009789248,1.280918894,1.433014581,1.626367665,1.308670142
17/07/2021 21:00,1.584972398,1.011957768,1.359263797,1.577229024,1.713303925,1.388583895
17/07/2021 22:00,1.642676276,1.110256353,1.322806053,1.570061423,1.944123148,1.443212777
17/07/2021 23:00,1.725263855,1.166394117,1.499924424,1.614428215,1.8653921,1.510743431
18/07/2021 00:00,1.699333941,1.148673859,1.457302637,1.624301454,1.835055155,1.488776024
18/07/2021 01:00,1.649709044,1.115242015,1.41441522,1.43797229,1.781028764,1.269194343
18/07/2021 02:00,1.459400537,1.053970758,1.369223668,1.491270203,1.686686731,1.366889297
18/07/2021 03:00,1.337923428,0.938805425,1.221630145,1.366536896,1.527224692,1.082943293
18/07/2021 04:00,1.328142534,0.897837501,1.138967995,1.270693692,1.437929219,1.049768143
18/07/2021 05:00,1.25206489,0.85763202,1.05155836,1.212916976,1.371625514,1.106460588
18/07/2021 06:00,1.234277154,0.840262193,1.066574854,1.188209041,1.300524062,1.089057939
18/07/2021 07:00,1.359964314,0.845287712,1.052362877,1.195318736,1.400446606,1.152815883
18/07/2021 08:00,1.180046839,0.740050869,1.011997179,1.127955493,1.275761354,1.082337783
18/07/2021 09:00,1.114269588,0.75319206,0.959275333,1.065086632,1.204597479,0.976367813
18/07/2021 10:00,1.192808593,0.76456991,0.962323605,1.081613035,1.222795369,0.990960875
18/07/2021 11:00,1.206689117,0.712856225,0.893323307,1.146478965,1.29716699,1.051443819
18/07/2021 12:00,1.337235391,0.903759074,1.146903515,1.191808147,1.44566132,1.171541205
18/07/2021 13:00,1.454727257,1.025620943,1.282030358,1.390457108,1.57261684,1.274494111
18/07/2021 14:00,1.575576407,1.095051741,1.389318292,1.595517992,1.751343568,1.486985886
18/07/2021 15:00,1.76275596,1.175374012,1.337785673,1.662126521,2.0018712,1.506387597
18/07/2021 16:00,1.77566836,1.18716043,1.849694046,1.696259942,2.015,1.554750116
18/07/2021 17:00,1.652940416,1.117352509,1.41757823,1.549939285,1.787100343,1.448159038
18/07/2021 18:00,1.548618831,1.044546583,1.328095129,1.480022673,1.689660184,1.356764067
18/07/2021 19:00,1.644242003,0.997643648,1.498502585,1.410777247,1.657776849,1.272989039
18/07/2021 20:00,1.568209374,0.967853649,1.379380194,1.389387732,1.695317777,1.379237529
18/07/2021 21:00,1.660330944,1.122584302,1.42373008,1.559953229,1.795079961,1.506242669
18/07/2021 22:00,1.733490361,1.161399698,1.473495581,1.847852199,1.858498882,1.505308258
18/07/2021 23:00,1.800918645,1.217236635,1.544336501,1.722440226,1.946788258,1.670341348
19/07/2021 00:00,1.776805329,1.449707403,1.522050809,1.69315715,1.918359876,1.554927524
19/07/2021 01:00,1.724621717,1.165825024,1.562636472,1.649114932,1.958437188,1.511533431
19/07/2021 02:00,1.635588872,1.173121929,1.402654207,1.548851107,1.748010544,1.432926138
19/07/2021 03:00,1.497499117,0.974895658,1.284386733,1.431402642,1.575475864,1.3617696
19/07/2021 04:00,1.39956425,0.946282817,1.200178521,1.337782896,1.512664615,1.225579457
19/07/2021 05:00,1.334594926,0.901388896,1.196194573,1.275747134,1.439675109,1.169320964
19/07/2021 06:00,1.298078141,0.877423564,1.11320789,1.302990165,1.403240745,1.137185151
19/07/2021 07:00,1.302784496,0.880718072,1.118425032,1.314323738,1.408399477,1.14110641
19/07/2021 08:00,1.231119609,0.695873892,1.054392302,1.149282949,1.329449247,1.07522748
19/07/2021 09:00,1.144857834,0.785116281,0.995811785,1.109946948,1.255312578,0.943020322
19/07/2021 10:00,1.14274655,0.794222488,1.008183212,0.993865707,1.270633158,1.029664985
19/07/2021 11:00,1.241466905,0.842274994,1.06471655,1.186631664,1.309145881,1.087628221
19/07/2021 12:00,1.375980611,0.930092594,1.180264729,1.316333152,1.487494913,1.205581089
19/07/2021 13:00,1.491608338,1.006073137,1.278182075,1.424632795,1.668298862,1.302032246
19/07/2021 14:00,1.606579447,1.099185531,1.39496993,1.570403436,1.763999669,1.424257161
19/07/2021 15:00,1.562239341,1.067316871,1.49473797,1.66610743,1.884242002,1.527472534
19/07/2021 16:00,1.777155461,1.201339831,1.414502215,1.698731664,1.921240243,1.556995529
19/07/2021 17:00,1.654500267,1.118326286,1.418845653,1.581420581,1.783830623,1.630008466
19/07/2021 18:00,1.609193637,1.047330307,1.319397195,1.480967022,1.67266985,1.357490569
19/07/2021 19:00,1.476244103,0.997877933,1.265993448,1.409699894,1.595915174,1.294214871
19/07/2021 20:00,1.569198872,1.060038456,1.346111455,1.499407108,1.56583195,1.553755029
19/07/2021 21:00,1.660359949,1.122286131,1.423894446,1.590727972,1.794931508,1.454662948
19/07/2021 22:00,1.717460062,1.16139934,1.529785657,1.641701681,1.857454384,1.492927318
19/07/2021 23:00,1.80075428,1.217310722,1.721374008,1.720917643,1.9075,1.577672664
20/07/2021 00:00,1.7748174,1.199705803,1.482549347,1.696476896,1.918689532,1.590215591
20/07/2021 01:00,1.725385184,1.078347262,1.33636098,1.661025155,1.865114969,1.511388902
20/07/2021 02:00,1.635552335,1.105563645,1.402654052,1.563376613,1.767849747,1.483779508
20/07/2021 03:00,1.53695155,1.012238026,1.448015429,1.431150823,1.611245565,1.311969806
20/07/2021 04:00,1.420351288,0.944881566,1.200476261,1.337787605,1.513294101,1.226164295
20/07/2021 05:00,1.335661756,0.843793573,1.116360388,1.233213206,1.442889917,1.169799528
20/07/2021 06:00,1.292843019,0.877430691,1.113214188,1.240767943,1.387444807,1.319584034
20/07/2021 07:00,1.210898337,1.040808223,1.116823603,1.246041361,1.408393543,1.14131713
20/07/2021 08:00,1.22967474,0.830331456,1.054576388,1.17534414,1.329331419,1.097293837
20/07/2021 09:00,1.151971671,0.745465,0.911033346,1.110036099,1.257475598,1.017480084
20/07/2021 10:00,1.175003298,0.795108163,0.982846997,1.274057902,1.286493739,1.030002302
20/07/2021 11:00,1.241351457,0.839340973,1.064630921,1.147401489,1.342339538,1.087264897
20/07/2021 12:00,1.375960757,1.153258826,1.17989017,1.063266677,1.50486291,1.205487033
20/07/2021 13:00,1.49042639,1.002566023,1.278207501,1.444819754,1.611510003,1.195724329
20/07/2021 14:00,1.625367546,1.099111401,1.394577643,1.593440423,1.75854839,1.424626559
20/07/2021 15:00,1.779849317,1.178149271,1.469108609,1.666028718,1.9075,1.527012924
20/07/2021 16:00,1.777178623,1.19974982,1.524095644,1.698733459,1.955741672,1.556056732
20/07/2021 17:00,1.6541116,1.118317159,1.369288455,1.583995371,1.788417512,1.449446562
20/07/2021 18:00,1.549443955,1.04733748,1.326621995,1.481132607,1.675066545,1.357468042
20/07/2021 19:00,1.454834998,0.927960179,1.267310347,1.4111041,1.628416233,1.293374848
20/07/2021 20:00,1.568314552,1.060392844,1.344968909,1.494098362,1.695437412,1.372243661
20/07/2021 21:00,1.659836926,1.122353234,1.42392066,1.593857576,1.794961088,1.445114184
20/07/2021 22:00,1.718796526,1.161441058,1.473495175,1.612807495,1.857380906,1.505237594
20/07/2021 23:00,1.878787427,1.21722449,1.727536984,1.721386243,1.946756234,1.535186017
21/07/2021 00:00,1.731888208,1.196917837,1.521755788,1.696454991,1.918914382,1.555262994
21/07/2021 01:00,1.725253465,1.21622147,1.479562862,1.649101045,1.8640319,1.511546627
21/07/2021 02:00,1.635578489,1.120052343,1.402642904,1.56342257,1.768233084,1.687077953
21/07/2021 03:00,1.481638106,1.011807115,1.284359135,1.565635425,1.618873894,1.312492221
21/07/2021 04:00,1.3995602,0.945962076,1.200250643,1.337806963,1.54387422,1.226190083
21/07/2021 05:00,1.323636218,0.903845659,1.144580033,1.316108834,1.460914437,1.167557471
21/07/2021 06:00,1.298078969,0.935195561,1.113222768,1.346585463,1.402911948,1.285942848
21/07/2021 07:00,1.30280401,0.879473039,1.117270258,1.245256196,1.4083994,1.118984515
21/07/2021 08:00,1.229641599,0.831167948,1.054517679,1.175288224,1.3296268,1.077229679
21/07/2021 09:00,1.112917321,0.862214383,0.967296912,1.109679488,1.25531249,1.016932546
21/07/2021 10:00,1.173105245,0.890790097,1.007974475,1.122953248,1.270620638,1.029398816
21/07/2021 11:00,1.241513221,0.839143786,1.064896794,1.140947725,1.342136056,1.036421938
21/07/2021 12:00,1.375753066,0.930079163,1.102702419,1.274225907,1.621394686,1.205482161
21/07/2021 13:00,1.490564139,1.007450388,1.278174856,1.424626098,1.613553127,1.315418835
21/07/2021 14:00,1.626134822,1.099240797,1.388208484,1.554359617,1.777376762,1.449449896
21/07/2021 15:00,1.742613923,1.121756743,1.494972227,1.774965168,1.884239522,1.527013339
21/07/2021 16:00,1.777800602,1.201295246,1.526347797,1.698730793,1.921234686,1.555871305
21/07/2021 17:00,1.654458612,1.118327597,1.399378349,1.669925244,1.788578013,1.449307683
21/07/2021 18:00,1.549203255,1.047311602,1.328776117,1.451506814,1.674985889,1.357140405
21/07/2021 19:00,1.476619573,1.001212602,1.152342527,1.411099455,1.593967266,1.293766287
21/07/2021 20:00,1.568326308,1.060106886,1.344825177,1.415613097,1.695709886,1.374002263
21/07/2021 21:00,1.660369607,1.122319538,1.423699635,1.700722236,1.794918819,1.454642655
21/07/2021 22:00,1.708175283,1.13135741,1.473495165,1.642322933,1.859290144,1.395259543
21/07/2021 23:00,1.800785738,1.217255577,1.544381037,1.726674502,1.9075,1.577375412
22/07/2021 00:00,1.774834083,1.150448591,1.522070376,1.696483419,1.918686415,1.586384244
22/07/2021 01:00,1.680211972,1.16617704,1.479528913,1.649101509,1.86509688,1.511522374
22/07/2021 02:00,1.635567161,1.126408119,1.402680452,1.563329362,1.76816869,1.43293564
22/07/2021 03:00,1.497496565,1.012183108,1.284246099,1.431343626,1.615152889,1.311969784
22/07/2021 04:00,1.399453972,0.946026482,1.200251049,1.33776881,1.541159327,1.226165498
22/07/2021 05:00,1.071601612,0.929687161,1.152193221,1.275741823,1.442077302,1.168816629
22/07/2021 06:00,1.298067506,0.904230769,1.113431728,1.216675841,1.403294602,1.13820762
22/07/2021 07:00,1.306362598,0.877453197,1.104794651,1.245285298,1.377740444,1.141446636
22/07/2021 08:00,1.229814244,0.831085927,1.054605718,1.175407489,1.430467261,1.07728585
22/07/2021 09:00,1.161130255,0.784915346,0.995834462,1.293130232,1.255313027,1.017217581
22/07/2021 10:00,1.131014501,0.783691636,1.008347414,1.12339713,1.253104935,1.029694299
22/07/2021 11:00,1.378361799,0.840061298,1.064620468,1.187112523,1.342061194,1.04809964
22/07/2021 12:00,1.375987758,0.915858167,1.179690559,1.313960178,1.282847705,1.205488205
22/07/2021 13:00,1.50410084,0.967256555,1.280154348,1.4246423,1.611231452,1.301160993
22/07/2021 14:00,1.626138871,1.099177651,1.39455478,1.597786106,1.757947293,1.424661113
22/07/2021 15:00,1.742988929,1.086842052,1.494745821,1.650867802,1.884233209,1.527048514
22/07/2021 16:00,1.777301851,1.200389521,1.512772035,1.698734175,1.939454247,1.556991189
22/07/2021 17:00,1.49408694,1.118580693,1.418052692,1.626684838,1.788685874,1.4434372
22/07/2021 18:00,1.549791362,1.054937567,1.328771713,1.481033636,1.675027628,1.357494932
22/07/2021 19:00,1.472809297,0.921004138,1.265779886,1.339104768,1.59593624,1.29343045
22/07/2021 20:00,1.674494617,1.060122514,1.344979609,1.499078272,1.695347448,1.373995239
22/07/2021 21:00,1.697244356,1.1223188,1.397746339,1.586966434,1.794926943,1.45591591
22/07/2021 22:00,1.718187335,1.161399796,1.471265671,1.642351719,1.857454939,1.505285502
22/07/2021 23:00,1.80078471,1.215551604,1.533012431,1.721183431,1.9075,1.578420531
23/07/2021 00:00,1.769863949,1.20151861,1.522071532,1.696486756,1.9075,1.554926896
23/07/2021 01:00,1.725254883,1.185617919,1.479565162,1.669897804,1.865183723,1.511484864
23/07/2021 02:00,1.63571766,1.093092854,1.397938773,1.54032962,1.768153643,1.432930998
23/07/2021 03:00,1.497510004,1.012148998,1.27044242,1.374810584,1.623925249,1.312082962
23/07/2021 04:00,1.399586951,0.946006006,1.200275451,1.291444309,1.512967277,1.115758807
23/07/2021 05:00,1.301369234,0.903037141,1.14503996,1.270268573,1.44293676,1.169367528
23/07/2021 06:00,1.311184122,0.877442365,1.113214207,1.341937166,1.274511253,1.174131557
23/07/2021 07:00,1.302373636,0.880020052,1.117364939,1.245382614,1.408402887,1.132081757
23/07/2021 08:00,1.2294783,0.831241518,1.05451301,1.225292235,1.329288591,1.077559826
23/07/2021 09:00,1.161190096,0.784902504,0.995851072,1.109851981,1.178611844,1.287371914
23/07/2021 10:00,1.175350685,0.966673553,0.999836338,1.232636261,1.2706386,1.029743095
23/07/2021 11:00,1.242018242,0.839144144,1.059687486,1.186715267,1.190917999,1.087450063
23/07/2021 12:00,1.376207448,0.925242478,1.179691009,1.315238436,1.50690515,1.205480437
23/07/2021 13:00,1.471310607,1.007330662,1.278171397,1.364635547,1.611287671,1.30616602
23/07/2021 14:00,1.626137915,1.099167649,1.51860093,1.554341522,1.779318814,1.414085739
23/07/2021 15:00,1.798805644,1.210270937,1.494741449,1.666030233,1.8842327,1.576318733
23/07/2021 16:00,1.778632587,1.32647471,1.524095856,1.657928463,1.919765516,1.557058906
23/07/2021 17:00,1.740817684,1.118260601,1.418138936,1.581422767,1.788628523,1.372528891
23/07/2021 18:00,1.547960668,1.019100059,1.338030874,1.463678437,1.675023832,1.492015236
23/07/2021 19:00,1.360327686,0.997901152,1.269696353,1.411086308,1.595952466,1.284563812
23/07/2021 20:00,1.567616045,1.060113537,1.344948924,1.490724501,1.694903933,1.337055025
23/07/2021 21:00,1.660637919,1.003100675,1.617477284,1.587086912,1.794940518,1.454643731
23/07/2021 22:00,1.718184045,1.161433363,1.473495157,1.643089519,1.857542669,1.506062029
23/07/2021 23:00,1.800787423,1.197664756,1.532442862,1.731578102,1.946724907,1.577674375
24/07/2021 00:00,1.775143057,1.197094515,1.522054494,1.707035609,2.015,1.554925671
24/07/2021 01:00,1.731719187,1.166471119,1.479553688,1.502404444,1.862904193,1.511653797
24/07/2021 02:00,1.63562741,1.284399112,1.402622321,1.540368277,1.768050084,1.432837789
24/07/2021 03:00,1.497164881,1.012085435,1.28398293,1.38392161,1.617833164,1.328454415
24/07/2021 04:00,1.399058429,0.945525525,1.20016995,1.337107051,1.512275015,1.225526311
24/07/2021 05:00,1.332810928,0.868161858,1.143446799,1.274467448,1.441402318,1.168159354
24/07/2021 06:00,1.295807564,0.875926229,1.083002775,1.258710296,1.384853087,1.135267946
24/07/2021 07:00,1.299287099,0.878252621,1.076017369,1.282589306,1.404629883,1.301379901
24/07/2021 08:00,1.224451663,0.82711074,1.038976598,1.170617517,1.323932571,1.072403479
24/07/2021 09:00,1.153797284,0.77991054,0.98951142,1.10285326,1.247913938,0.91869997
24/07/2021 10:00,1.114004434,0.766201686,0.976024515,1.198657237,1.215750157,1.197217582
24/07/2021 11:00,1.202639547,0.811909027,1.068936329,1.110804578,1.298531733,0.946410219
24/07/2021 12:00,1.344256661,0.951971808,1.143013387,1.273929528,1.440862746,1.167636688
24/07/2021 13:00,1.444470848,0.953337889,1.238759118,1.380700981,1.561553783,1.233019145
24/07/2021 14:00,1.577382873,1.226559814,1.353352944,1.507754375,1.747277393,1.337275996
24/07/2021 15:00,1.691430808,1.143310523,1.450533828,1.61674024,1.82774437,1.481638285
24/07/2021 16:00,1.722827016,1.164536973,1.477477339,1.646874846,1.862494178,1.509366205
24/07/2021 17:00,1.597233853,1.079674851,1.576975926,1.500746668,1.726684142,1.369020842
24/07/2021 18:00,1.486292005,0.861539815,1.27196924,1.475113115,1.603601662,1.293827198
24/07/2021 19:00,1.451790178,0.963940535,1.204743203,1.342730982,1.518665479,1.233393296
24/07/2021 20:00,1.493501544,1.009833351,1.293121554,1.555753851,1.614935488,1.30905126
24/07/2021 21:00,1.585025656,1.071362754,1.523029853,1.51501101,1.781874409,1.382035356
24/07/2021 22:00,1.642692228,1.081939074,1.408586608,1.570143136,1.775338601,1.418012856
24/07/2021 23:00,1.719139108,1.167731257,1.479512134,1.64910179,1.905561168,1.511505008
25/07/2021 00:00,1.699300184,1.150667267,1.645967601,1.624233679,1.837075066,1.488811089
25/07/2021 01:00,1.780628103,1.110983931,1.392821806,1.546633161,1.783460118,1.551682275
25/07/2021 02:00,1.621109967,1.054634739,1.337988314,1.488004522,1.686664737,1.318566617
25/07/2021 03:00,1.42362946,0.961970797,1.220519102,1.344507024,1.539435817,1.246857204
25/07/2021 04:00,1.329996241,0.919464617,1.138810726,1.269514155,1.435793408,1.164922522
25/07/2021 05:00,1.260846035,0.857622649,1.05359507,1.212661182,1.371630143,1.11260108
25/07/2021 06:00,1.216475146,0.840247672,1.066014792,1.188222006,1.343829582,1.083076667
25/07/2021 07:00,1.250529296,0.845275321,1.072853922,1.100666852,1.351902112,1.055471646
25/07/2021 08:00,1.18004987,0.797430729,1.012469874,1.128479051,1.233215181,1.033844295
25/07/2021 09:00,1.114261706,0.753185875,0.955595901,1.038312045,1.204594702,0.976210292
25/07/2021 10:00,1.131137495,0.798877922,0.970656009,1.066023488,1.222795068,0.990950909
25/07/2021 11:00,1.199009549,0.811017376,1.029025251,1.145427632,1.297160076,1.051329846
25/07/2021 12:00,1.332377132,0.893880572,1.146848153,1.278218088,1.436909381,1.171596643
25/07/2021 13:00,1.454695491,0.983613784,1.247518534,1.356878581,1.707171767,1.254902645
25/07/2021 14:00,1.604841231,1.095051083,1.388862113,1.548498402,1.7501121,1.401298415
25/07/2021 15:00,1.739263326,1.251544932,1.491280259,1.662293924,1.912658366,1.52341267
25/07/2021 16:00,1.774614373,1.147970838,1.521898264,1.6961993,1.91844537,1.554681548
25/07/2021 17:00,1.653078587,1.076553568,1.578960373,1.580327618,1.78685403,1.448145611
25/07/2021 18:00,1.541002475,1.046800237,1.348713476,1.480307983,1.67417291,1.347548885
25/07/2021 19:00,1.475862705,0.997023195,1.265788932,1.357791158,1.595554589,1.293143939
25/07/2021 20:00,1.56823186,1.060050706,1.431425284,1.603067238,1.695343027,1.37403895
25/07/2021 21:00,1.660333181,1.122480178,1.423899132,1.587053475,1.754732579,1.454637725
25/07/2021 22:00,1.624190136,1.161382028,1.607733393,1.603987455,1.783346528,1.501066263
25/07/2021 23:00,1.800794295,1.233522112,1.569229949,1.721098219,1.946581505,1.577677764
26/07/2021 00:00,1.774893184,1.209573032,1.522045139,1.696448839,1.918515458,1.55492003
26/07/2021 01:00,1.725239895,1.166341485,1.479540364,1.659001246,1.865109445,1.511397004
26/07/2021 02:00,1.547514063,1.070871119,1.400659049,1.563368726,1.770287892,1.432952164
26/07/2021 03:00,1.497510821,1.012361973,1.272924879,1.43134157,1.619024449,1.321908071
26/07/2021 04:00,1.399589365,0.880473656,1.193297821,1.337788594,1.512957281,1.25654893
26/07/2021 05:00,1.334661255,0.902177397,1.138200372,1.275624633,1.442808588,1.296658281
26/07/2021 06:00,1.338752017,0.877431013,1.322459491,1.240492303,1.493197814,1.156103031
26/07/2021 07:00,1.302800488,0.854414153,1.112084531,1.245287817,1.408403464,1.141383521
26/07/2021 08:00,1.229629833,0.829658407,1.084294902,1.175353602,1.329305381,1.077265887
26/07/2021 09:00,1.160950928,0.785023092,0.995824067,1.109911728,1.303974765,1.025736221
26/07/2021 10:00,1.173855169,0.784301766,1.007968081,1.123464741,1.270621804,1.029716377
26/07/2021 11:00,1.24139956,0.839140326,1.062549133,1.186609667,1.342052491,1.087616054
26/07/2021 12:00,1.376300893,0.930010675,1.179953611,1.315266341,1.482373405,1.205462118
26/07/2021 13:00,1.488211742,1.005993009,1.277942366,1.424633347,1.611239457,1.292109337
26/07/2021 14:00,1.62662774,1.099181634,1.243162383,1.55437731,1.745020197,1.424665903
26/07/2021 15:00,1.742963606,1.148597502,1.492511174,1.666020189,1.9075,1.446185129
26/07/2021 16:00,1.777184642,1.200933868,1.524095191,1.674675354,1.932173216,1.555483791
26/07/2021 17:00,1.662792048,0.989526792,1.418843444,1.581441797,1.772689829,1.420944016
26/07/2021 18:00,1.549264825,1.047334529,1.328728923,1.481093874,1.675021432,1.357505577
26/07/2021 19:00,1.476258306,0.997869608,1.266022722,1.411139191,1.59589171,1.246500081
26/07/2021 20:00,1.568407075,1.060092859,1.345058946,1.499075392,1.695266407,1.393406904
26/07/2021 21:00,1.660287759,1.094061023,1.423879979,1.587585801,1.794922626,1.304634156
26/07/2021 22:00,1.718626819,1.161728683,1.473602026,1.67323836,1.783541922,1.521168488
26/07/2021 23:00,1.800802342,1.216196868,1.397437528,1.716562114,1.945041795,1.760876853
27/07/2021 00:00,1.776553916,1.199695624,1.522276096,1.696478615,1.904768819,1.534656334
27/07/2021 01:00,1.724952786,1.166522814,1.603137792,1.650433394,1.86509212,1.761524589
27/07/2021 02:00,1.635577999,1.1048449,1.403111653,1.561146454,1.768229472,1.43282389
27/07/2021 03:00,1.497493456,1.01221081,1.282099131,1.431380546,1.611067468,1.433623406
27/07/2021 04:00,1.399570551,0.84997183,1.200337401,1.337743126,1.513006722,1.226340624
27/07/2021 05:00,1.334660604,0.902042576,1.144585702,1.255140645,1.447928377,1.169295909
27/07/2021 06:00,1.287520533,0.877406412,1.111801202,1.244361651,1.403227904,1.137245984
27/07/2021 07:00,1.302617305,0.880518966,1.069267535,1.212979094,1.408392338,1.140466442
27/07/2021 08:00,1.229185112,0.830395819,1.059249666,1.130801297,1.329247251,0.920966522
27/07/2021 09:00,1.168895503,0.784882837,1.131903454,1.109927398,1.255405603,1.017318561
27/07/2021 10:00,1.17534741,0.846477467,1.007952164,1.123468097,1.2706282,1.062741006
27/07/2021 11:00,1.184375416,0.83899599,0.957684498,1.186669878,1.342913432,1.087281693
27/07/2021 12:00,1.401814501,0.930062949,1.411698543,1.498422238,1.48699813,1.205473022
27/07/2021 13:00,1.489915324,1.007432086,1.27962404,1.418286918,1.611155777,1.312734414
27/07/2021 14:00,1.627407446,1.129572752,1.394627873,1.554360832,1.757911623,1.298959393
27/07/2021 15:00,1.742957161,1.178153659,1.494844561,1.667184597,1.875309265,1.610085245
27/07/2021 16:00,1.778659343,1.201286298,1.524015528,1.698592721,1.921381988,1.745724416
27/07/2021 17:00,1.654461082,1.117782628,1.418489998,1.581352106,1.746507201,1.388713156
27/07/2021 18:00,1.549439244,1.049402367,1.328782251,1.480477065,1.712942693,1.357459022
27/07/2021 19:00,1.475964048,1.198508662,1.266686971,1.411115762,1.595945623,1.324365474
27/07/2021 20:00,1.484854013,1.060052756,1.34496331,1.499286066,1.695517928,1.374001375
27/07/2021 21:00,1.660360684,1.122448348,1.442312534,1.587086319,1.794948893,1.454647519
27/07/2021 22:00,1.718200467,1.161396733,1.473509476,1.642350784,1.857407247,1.468376846
27/07/2021 23:00,1.758572108,1.217312796,1.559207125,1.72129257,1.9075,1.577588592
28/07/2021 00:00,1.774830705,1.199483972,1.489613133,1.69575798,1.934536378,1.555026429
28/07/2021 01:00,1.673802433,1.202536848,1.581509217,1.622333382,1.865115217,1.511510558
28/07/2021 02:00,1.756212957,1.105569092,1.402602974,1.545032747,1.768159733,1.43292073
28/07/2021 03:00,1.28519209,1.012238825,1.188525134,1.431316309,1.618897805,1.312537523
28/07/2021 04:00,1.39914534,0.80830569,1.185873305,1.337780364,1.514254069,1.226200254
28/07/2021 05:00,1.334605197,0.902143548,1.094562292,1.248733815,1.442824527,1.169302543
28/07/2021 06:00,1.431945358,0.878992786,1.113188992,1.30767558,1.530362151,1.13716209
28/07/2021 07:00,1.302751408,0.880683843,1.117221117,1.245263164,1.399268464,1.141361622
28/07/2021 08:00,1.229572273,0.831488795,1.054479247,1.208336097,1.329720976,1.077169634
28/07/2021 09:00,1.161546658,0.784687562,0.948266712,1.110164962,1.368999579,1.215368101
28/07/2021 10:00,1.021206261,0.851999956,1.007933058,1.123570791,1.210090456,1.029617376
28/07/2021 11:00,1.241602558,0.839210295,1.082938866,1.186776499,1.319252921,1.144767689
28/07/2021 12:00,1.376071265,0.938887145,1.340442431,1.315211033,1.486806095,1.215169786
28/07/2021 13:00,1.490350315,1.007585619,1.20451092,1.424589792,1.611684044,1.305703919
28/07/2021 14:00,1.626069582,1.099136589,1.394403332,1.553375928,1.757940449,1.533463798
28/07/2021 15:00,1.742899227,1.178110732,1.494685914,1.665963999,1.881586356,1.526938865
28/07/2021 16:00,1.883128282,1.43038903,1.653305199,1.697977178,1.921509709,1.596633867
28/07/2021 17:00,1.65460644,1.158853303,1.418785242,1.581370284,1.803822701,1.35066971
28/07/2021 18:00,1.455651618,1.050878198,1.344612853,1.480983937,1.674980877,1.366560472
28/07/2021 19:00,1.4762318,0.997849845,1.387483966,1.411037094,1.612639849,1.293437048
28/07/2021 20:00,1.568204787,1.059493245,1.344903607,1.301734559,1.695749593,1.373936281
28/07/2021 21:00,1.660454783,1.316822571,1.423952526,1.537103159,1.79416696,1.45685413
28/07/2021 22:00,1.768866668,1.23444281,1.476337509,1.64246341,1.920130688,1.627013886
28/07/2021 23:00,1.802812939,1.217150752,1.544185587,1.72074945,1.9075,1.57760095
29/07/2021 00:00,1.774156927,1.206630955,1.5221175,1.619724798,1.918637213,1.620766139
29/07/2021 01:00,1.725300157,1.166175185,1.674078098,1.649146513,1.94130512,1.511543921
29/07/2021 02:00,1.635606914,1.105586504,1.389086599,1.641359339,1.768145117,1.33723202
29/07/2021 03:00,1.497908576,1.012426377,1.300128032,1.629092401,1.606251805,1.311777887
29/07/2021 04:00,1.455374113,0.941275175,1.199750462,1.337741133,1.512970829,1.227115586
29/07/2021 05:00,1.33457791,0.789682149,1.144522511,1.274192395,1.442753227,1.169094809
29/07/2021 06:00,1.243011337,0.877379334,1.112947364,1.240636688,1.403136324,1.137052284
29/07/2021 07:00,1.341141946,0.880500536,1.119717058,1.245118189,1.391018569,1.121760821
29/07/2021 08:00,1.229773864,0.831054822,1.054498263,1.160084612,1.305253269,1.077205034
29/07/2021 09:00,1.161552743,0.785141953,0.96477073,1.110292423,1.255809406,0.969633897
29/07/2021 10:00,1.175180177,0.825359756,1.007821153,1.123226532,1.270059898,1.029576372
29/07/2021 11:00,1.241878643,0.839652561,1.043590538,1.187074234,1.342572307,0.950292953
29/07/2021 12:00,1.376737028,0.930467292,1.180429571,1.277436998,1.488021778,1.205900002
29/07/2021 13:00,1.490265253,1.007344258,1.278169224,1.433978597,1.648206554,1.305888694
29/07/2021 14:00,1.678483713,0.99454961,1.394458067,1.541296097,1.766137126,1.604295594
29/07/2021 15:00,1.804563454,1.178422586,1.495210338,1.665933631,1.9075,1.614297829
29/07/2021 16:00,1.777155842,1.205334974,1.524082186,1.698696144,1.921219559,1.693720599
29/07/2021 17:00,1.684254578,1.118103819,1.330339278,1.578469943,1.788595689,1.450848853
29/07/2021 18:00,1.549475122,1.047403321,1.310456323,1.480993137,1.668471966,1.357532983
29/07/2021 19:00,1.531706087,0.997973581,1.265861966,1.411305634,1.697480496,1.294036842
29/07/2021 20:00,1.56845375,1.0596694,1.34508159,1.499197844,1.831661031,1.36843717
29/07/2021 21:00,1.660940282,1.122755828,1.419582338,1.458903597,1.844777359,1.465252622
29/07/2021 22:00,1.717081854,1.160642975,1.433026335,1.634793066,1.85626371,1.480607632
29/07/2021 23:00,1.801239284,1.217538969,1.545233519,1.720715096,1.837205996,1.578186353
30/07/2021 00:00,1.775962599,1.278406266,1.523038789,1.697502104,1.919916859,1.555922212
30/07/2021 01:00,1.753277556,1.113738194,1.387812681,1.650814067,1.866350705,1.512507724
30/07/2021 02:00,1.667535594,1.106329978,1.4029442,1.564423284,1.769379855,1.433930548
30/07/2021 03:00,1.498584072,1.14719531,1.28529778,1.432412191,1.619847497,1.305264784
30/07/2021 04:00,1.514198757,0.861941199,1.21695516,1.334976683,1.714182129,1.22679103
30/07/2021 05:00,1.354352341,0.900057295,1.144981623,1.378389412,1.44358164,1.170035331
30/07/2021 06:00,1.282424051,0.877958812,1.113800075,1.241701329,1.404047187,1.137845617
30/07/2021 07:00,1.413039695,0.880989461,1.118175773,1.245776612,1.438480326,1.137583861
30/07/2021 08:00,1.229905531,0.831397239,1.054665308,1.175550305,1.32959233,1.077527315
30/07/2021 09:00,1.163777845,0.735662163,1.074110031,1.111849671,1.21560114,1.019555444
30/07/2021 10:00,1.155251229,0.794398039,1.005792126,1.12347098,1.270659575,1.029627452
30/07/2021 11:00,1.233835006,0.905908639,0.921843126,1.178027996,1.333502078,1.080689937
30/07/2021 12:00,1.364084235,0.777074651,1.169938775,1.303996232,1.474743968,1.195162544
30/07/2021 13:00,1.489737098,1.006909905,1.277616683,1.423985673,1.523117176,1.304667832
30/07/2021 14:00,1.623147108,1.10053467,1.393830792,1.553559392,1.757047259,1.258024336
30/07/2021 15:00,1.741971382,1.177553461,1.494187233,1.665072646,1.884737968,1.461473068
30/07/2021 16:00,1.509123929,1.00325005,1.418124868,1.697389727,1.914615011,1.556283977
30/07/2021 17:00,1.722612706,1.153276656,1.443397272,1.654643925,1.787234074,1.485282743
30/07/2021 18:00,1.553208424,1.061780034,1.327700395,1.479746652,1.674151914,1.345989604
30/07/2021 19:00,1.474880039,0.996999232,1.264815181,1.409790798,1.594457078,1.292133362
30/07/2021 20:00,1.568281273,1.058933325,1.370743998,1.497582599,1.69471629,1.372329626
30/07/2021 21:00,1.643691241,1.121766962,1.316009673,1.586290452,1.794067187,1.453931579
30/07/2021 22:00,1.703533685,1.154333461,1.437755464,1.632369937,1.846140326,1.395270095
30/07/2021 23:00,1.766501392,1.167972404,1.551089897,1.735555058,1.9075,1.589338895
31/07/2021 00:00,1.796235813,1.214271026,1.540479086,1.719739208,1.941773972,1.66246664
31/07/2021 01:00,1.750969123,1.184301144,1.500946611,1.672932743,1.892758144,1.533303936
31/07/2021 02:00,1.66685983,1.126360175,1.426611712,1.673753359,1.801449058,1.459777257
31/07/2021 03:00,1.595487484,1.035147478,1.314345577,1.565745191,1.644179287,1.341672527
31/07/2021 04:00,1.435601164,0.970032651,1.23078184,1.371707845,1.575297273,1.257255602
31/07/2021 05:00,1.311795571,0.9239035,1.172465018,1.306404924,1.613659348,1.200062414
31/07/2021 06:00,1.320000252,1.053588516,1.17733575,1.261721667,1.21827856,1.156451811
31/07/2021 07:00,1.302991686,0.881051211,1.117431097,1.245395154,1.421386863,1.199297355
31/07/2021 08:00,1.23912394,0.846908978,0.908551225,1.184410914,1.28336387,1.069676831
31/07/2021 09:00,1.109831294,0.787260423,1.014235479,1.113508848,1.259505636,1.021151725
31/07/2021 10:00,1.168573457,0.78991069,1.04125463,1.38226835,1.282468298,1.023578717
31/07/2021 11:00,1.220860871,0.83655309,1.07119946,1.164949893,1.390646484,1.108188316
31/07/2021 12:00,1.34283843,0.906893674,1.151317957,1.283233327,1.427223631,1.17623905
31/07/2021 13:00,1.448149181,0.978161528,1.241005652,1.38322159,1.5644247,1.267808248
31/07/2021 14:00,1.540906413,1.021427254,1.321462916,1.472880263,1.671101605,1.350545143
31/07/2021 15:00,1.567142573,1.133397842,1.377104796,1.602969139,1.767351993,1.468958508
31/07/2021 16:00,1.743222273,1.155833638,1.467862992,1.67407318,1.760748233,1.498853784
31/07/2021 17:00,1.615161826,1.076394757,1.359374519,1.605427653,1.71361217,1.388719374
31/07/2021 18:00,1.45030107,0.990295676,1.395586684,1.408416178,1.587684739,1.286692712
31/07/2021 19:00,1.321844199,0.93636819,1.187880534,1.324016713,1.497431832,1.213535166
31/07/2021 20:00,1.436786643,0.971167642,1.222821722,1.373432716,1.553214442,1.258894955
31/07/2021 21:00,1.517872128,1.135172282,1.349952618,1.451449953,1.640910206,1.32979473
31/07/2021 22:00,1.587412476,1.072912009,1.596989107,1.517253651,1.716083644,1.384089238
31/07/2021 23:00,1.687181452,1.134486002,1.439348773,1.630191417,2.015,1.471826538
01/08/2021 00:00,1.73625,1.145877494,1.397402269,1.620345647,1.832632488,1.492397713
01/08/2021 01:00,1.650666075,1.115651656,1.403295474,1.57764464,1.766403461,1.446009722
01/08/2021 02:00,1.568817368,1.244673005,1.345401663,1.499562889,1.695732536,1.375590573
01/08/2021 03:00,1.435572139,0.97037006,1.231131746,1.37779513,1.55193302,1.274231649
01/08/2021 04:00,1.337834879,0.90624624,1.158935341,1.279597489,1.449273637,1.174415257
01/08/2021 05:00,1.352226058,0.859378623,1.088160567,1.185205458,1.37441796,1.113850821
01/08/2021 06:00,1.219412587,0.823662284,1.045006561,1.232416974,1.317299236,1.06755744
01/08/2021 07:00,1.227014522,0.80323858,1.019062815,1.135875536,1.284684404,1.041387712
01/08/2021 08:00,1.129735421,0.661717057,0.969124205,1.09529223,1.221230406,0.989666225
01/08/2021 09:00,0.838325662,0.710185602,0.901056729,0.976277345,1.14673057,0.988401921
01/08/2021 10:00,1.043750334,0.703722801,0.86716832,0.989066952,0.994305485,0.927357897
01/08/2021 11:00,1.074746891,0.715804555,0.936574655,1.043891438,1.180119166,0.957646181
01/08/2021 12:00,1.231963674,0.819609013,1.016810114,1.158997222,1.244620654,1.062302914
01/08/2021 13:00,1.325610973,0.886855495,1.125286648,1.254235357,1.41852287,1.111834475
01/08/2021 14:00,1.428659952,0.994365712,1.261555158,1.303218122,1.696351169,1.292139848
01/08/2021 15:00,1.619385466,1.094562442,1.388246539,1.616345599,1.751861253,1.419624895
01/08/2021 16:00,1.656478489,1.082174329,1.419061127,1.582584884,1.789805703,1.450221195
01/08/2021 17:00,1.532657033,1.033525908,1.295121683,1.462169441,1.653674992,1.340151722
01/08/2021 18:00,1.412758189,0.844348901,1.195733777,1.350664861,1.526792047,1.176508945
01/08/2021 19:00,1.333708654,0.814554675,1.143852051,1.267911717,1.331873794,1.167542076
01/08/2021 20:00,1.414536508,0.956221715,1.226933803,1.351550122,1.561507394,1.239431948
01/08/2021 21:00,1.552157102,1.175930286,1.284543563,1.431291019,1.618943993,1.352131247
01/08/2021 22:00,1.566308733,1.058717937,1.343217852,1.48909967,1.693230606,1.372562916
01/08/2021 23:00,1.66532438,1.136183976,1.423419439,1.592580842,1.73625,1.63312736
02/08/2021 00:00,1.70534068,1.153188972,1.430487931,1.62926527,1.80875,1.494040817
02/08/2021 01:00,1.663180522,1.166617014,1.462472163,1.545566318,1.797739318,1.521995245
02/08/2021 02:00,1.588968298,1.07403246,1.37166875,1.518796847,1.629876746,1.24790497
02/08/2021 03:00,1.459208332,0.986339089,1.165002726,1.394787035,1.577482,1.278405715
02/08/2021 04:00,1.367266781,0.924186455,1.286135445,1.306902059,1.43690319,1.197863541
02/08/2021 05:00,1.29656765,0.876243727,1.102844868,1.167402329,1.411635231,1.136060686
02/08/2021 06:00,1.235168686,0.831786738,1.058371132,1.203109512,1.334013459,1.081235124
02/08/2021 07:00,1.182192686,0.791496325,1.014245424,1.134076921,1.186292482,1.035601954
02/08/2021 08:00,1.134128249,0.766601474,0.976086892,1.084054755,1.226048665,1.119782417
02/08/2021 09:00,1.049210489,0.524603813,0.899834032,1.003140026,0.984485049,0.921150771
02/08/2021 10:00,1.063666486,0.823878676,0.890929615,1.277394488,1.116696166,0.910209725
02/08/2021 11:00,1.081551221,0.724183108,0.925413963,1.032130197,1.166181386,0.946907582
02/08/2021 12:00,1.204317983,0.816692299,1.043395463,1.150981601,1.301386787,1.089742297
02/08/2021 13:00,1.2731024,0.860555547,1.091805125,1.21690881,1.376304848,1.115371247
02/08/2021 14:00,1.539741046,0.977924567,1.240717387,1.382945177,1.564035216,1.267511712
02/08/2021 15:00,1.61449982,1.091142597,1.456970897,1.481909603,1.813590764,1.41474792
02/08/2021 16:00,1.663674925,1.116961444,1.418359582,1.432789182,1.801901722,1.454482253
02/08/2021 17:00,1.525329533,1.030910845,1.307904658,1.559638961,1.648780624,1.33622291
02/08/2021 18:00,1.401329095,0.947288125,1.201770121,1.354965075,1.514969483,1.209215639
02/08/2021 19:00,1.320033916,0.892261602,1.037666576,1.261790822,1.426898517,1.156487693
02/08/2021 20:00,1.394461098,1.077218319,1.204722701,1.332949269,1.507396982,1.221885022
02/08/2021 21:00,1.471462119,0.994630893,1.311216634,1.406505987,1.568540015,1.289161186
02/08/2021 22:00,1.544474617,1.043975001,1.324684859,1.476293401,1.669987462,1.312310633
02/08/2021 23:00,1.65773263,1.120534967,1.421708001,1.579278358,1.792144167,1.452339417
03/08/2021 00:00,1.707126376,1.255883478,1.464139525,1.628461049,1.846287319,1.496033638
03/08/2021 01:00,1.664889795,1.125376204,1.427868772,1.591304958,1.722896125,1.458518709
03/08/2021 02:00,1.733894518,1.054722949,1.364404751,1.52008443,1.80875,1.345762696
03/08/2021 03:00,1.461034199,0.987575314,1.208626633,1.396529734,1.579455065,1.209409337
03/08/2021 04:00,1.276964064,0.92537894,1.207064927,1.308584281,1.479970028,1.199372542
03/08/2021 05:00,1.227535443,0.87760985,1.113308973,1.455674013,1.403398655,1.137311386
03/08/2021 06:00,1.235600163,0.817191951,1.064233806,1.180888897,1.341233043,1.08621282
03/08/2021 07:00,1.181657934,0.800095063,1.015078162,1.131383975,1.321285698,1.037053163
03/08/2021 08:00,1.298175025,0.767412118,0.977243268,1.085039937,1.227258953,0.994559765
03/08/2021 09:00,1.051333614,0.710672929,0.849920372,1.004909995,1.136613491,0.923579814
03/08/2021 10:00,1.039566053,0.702594671,0.891551364,0.993708065,1.036907465,0.76079175
03/08/2021 11:00,1.067216585,0.704061256,0.867251367,1.108622354,1.04678484,0.820555629
03/08/2021 12:00,1.197193361,0.809167512,1.112990345,1.144268511,1.293757052,1.048775464
03/08/2021 13:00,1.272570608,0.801874119,1.091920063,1.217089386,1.376431209,1.115496708
03/08/2021 14:00,1.446743244,0.97815507,1.234318333,1.382874231,1.564020917,1.268083726
03/08/2021 15:00,1.614248976,1.091216518,1.384288167,1.44868758,1.752535079,1.414442479
03/08/2021 16:00,1.652154891,1.259104182,1.418013318,1.582047252,1.786087001,1.366758134
03/08/2021 17:00,1.523658319,1.030366735,1.216381889,1.457424442,1.641364924,1.335864089
03/08/2021 18:00,1.46205343,0.946978871,1.455484078,1.338981541,1.514921906,1.227265447
03/08/2021 19:00,1.319670181,0.824160331,1.133454884,1.261180958,1.42639125,1.172060416
03/08/2021 20:00,1.394287642,0.942131983,1.195157048,1.332267463,1.506852342,1.221335619
03/08/2021 21:00,1.464176043,0.994170745,1.261255179,1.40578708,1.589908928,1.237288415
03/08/2021 22:00,1.53702706,1.038944642,1.39917904,1.443019564,1.66161883,1.346620382
03/08/2021 23:00,1.656979322,1.119829654,1.42101611,1.58397488,1.801585617,1.451706125
04/08/2021 00:00,1.707375465,1.154287233,1.464295323,1.62808991,1.845798978,1.495786574
04/08/2021 01:00,1.66491503,1.125403562,1.41620164,1.591413348,1.801703271,1.458240785
04/08/2021 02:00,1.626757938,1.075089401,1.323419006,1.607026107,1.709250682,1.393602162
04/08/2021 03:00,1.460852708,0.987510142,1.252841688,1.403721856,1.57900797,1.237159011
04/08/2021 04:00,1.368869801,0.925306513,1.101306966,1.308424129,1.47979988,1.197941397
04/08/2021 05:00,1.298080283,0.783547494,1.113192517,1.240724314,1.271134545,1.073568896
04/08/2021 06:00,1.230316392,0.83512066,1.090761521,1.180934489,1.335643837,1.082411608
04/08/2021 07:00,1.183585821,0.799650086,1.015534642,1.198973916,1.279486765,1.0369497
04/08/2021 08:00,1.151487187,0.728085932,0.973505218,0.992270387,1.248902064,0.994357895
04/08/2021 09:00,1.051684275,0.711134015,0.901911564,1.005242665,1.136944518,0.9213548
04/08/2021 10:00,1.039572641,0.70270412,0.891534531,0.839562018,1.12364632,0.90554831
04/08/2021 11:00,1.058919602,0.715756429,0.908107319,1.012161656,1.144759089,0.936504413
04/08/2021 12:00,1.19204614,0.784865413,1.082527958,1.139648017,1.288851113,1.044527376
04/08/2021 13:00,1.273241461,0.860940945,1.043834391,1.217032786,1.376437025,1.116573026
04/08/2021 14:00,1.447224716,0.977910607,1.052670928,1.383873615,1.564022224,1.267469934
04/08/2021 15:00,1.613516993,1.079662095,1.384393973,1.77576946,1.745135913,1.414283071
04/08/2021 16:00,1.634584716,1.116555925,1.418193315,1.578395575,1.80875,1.541441338
04/08/2021 17:00,1.524616076,1.030560253,1.307521258,1.457313258,1.648197127,1.335721847
04/08/2021 18:00,1.433826166,0.946814923,1.201234079,1.338859942,1.514268463,1.227175829
04/08/2021 19:00,1.432005444,0.891788688,1.131421473,1.222194247,1.426570057,1.155833527
04/08/2021 20:00,1.393652761,0.942029923,1.194168391,1.331648127,1.506618071,1.221343102
04/08/2021 21:00,1.470438856,1.116218128,1.261086965,1.341463919,1.464535824,1.289198237
04/08/2021 22:00,1.503711957,1.038681408,1.3177497,1.434373902,1.661112538,1.346185382
04/08/2021 23:00,1.63880154,1.043120544,1.458009512,1.586863235,1.76891743,1.451555686
05/08/2021 00:00,1.627479955,1.161035041,1.46442564,1.632227059,1.80875,1.495924336
05/08/2021 01:00,1.665323627,1.12552884,1.427972287,1.591657363,1.800084809,1.480518512
05/08/2021 02:00,1.590729321,1.075276645,1.371818545,1.520521827,1.719693178,1.392950787
05/08/2021 03:00,1.460939047,0.929096065,1.252868041,1.396451672,1.579366724,1.241670882
05/08/2021 04:00,1.36921178,0.838085508,1.18259927,1.308442446,1.479844886,1.19928817
05/08/2021 05:00,1.203343359,0.873976552,1.113107523,1.24061442,1.403972607,1.137488834
05/08/2021 06:00,1.36289815,0.841320629,1.059576496,1.180918926,1.335560855,1.082270088
05/08/2021 07:00,1.182917137,0.800073651,1.015067128,1.131401391,1.254915917,1.037035345
05/08/2021 08:00,1.104320143,0.70511569,0.962721528,1.085445994,1.227274853,0.994569775
05/08/2021 09:00,1.051453202,0.710723065,0.856034469,1.005098688,1.136705244,0.92122834
05/08/2021 10:00,1.039711304,0.702736278,0.891572971,0.993699744,1.12379295,0.910126355
05/08/2021 11:00,1.058672858,0.715037752,0.891931976,0.88612087,1.005473101,0.92762517
05/08/2021 12:00,1.187069316,0.805569265,1.022145484,1.139281497,1.28851063,1.044221698
05/08/2021 13:00,1.273262578,0.796210776,0.948747873,1.217462268,1.431993594,1.292550832
05/08/2021 14:00,1.446819851,0.977918066,1.289218913,1.370992437,1.586815847,1.267601793
05/08/2021 15:00,1.614608099,1.206179915,1.384423058,1.542873541,1.745158009,1.408924008
05/08/2021 16:00,1.652354239,1.108641537,1.416588306,1.579041239,1.78599193,1.447368303
05/08/2021 17:00,1.524618114,1.030673022,1.162397024,1.415265578,1.648282277,1.316220757
05/08/2021 18:00,1.400728896,0.946814732,1.201229971,1.286998089,1.515538665,1.290396014
05/08/2021 19:00,1.153189587,0.89188063,1.130616432,1.370006455,1.426242596,1.155843614
05/08/2021 20:00,1.399120091,0.942025339,1.25535381,1.332121901,1.505694664,1.220961198
05/08/2021 21:00,1.470356093,0.974260416,1.260959402,1.405437684,1.589534457,1.288177344
05/08/2021 22:00,1.536437574,1.111004977,1.317266684,1.628790143,1.661032309,1.585071608
05/08/2021 23:00,1.586145378,1.120273255,1.404817505,1.583677499,1.791294214,1.451514018
06/08/2021 00:00,1.707605267,1.003237191,1.463238621,1.632198851,1.80875,1.642676382
06/08/2021 01:00,1.666063929,1.038019513,1.427975661,1.591619614,1.800136601,1.458643995
06/08/2021 02:00,1.65005075,0.980426975,1.364215962,1.48673254,1.71969022,1.393406308
06/08/2021 03:00,1.460935578,1.003626799,1.253013322,1.396415213,1.537888591,1.280079456
06/08/2021 04:00,1.296081549,0.92529443,1.174149832,1.3084657,1.479854108,1.202005432
06/08/2021 05:00,1.298080188,0.828198857,1.131237684,1.241192148,1.403266746,1.137158631
06/08/2021 06:00,1.235532879,0.838133866,1.053197409,1.177820522,1.33581949,1.08245322
06/08/2021 07:00,1.183887673,0.800086772,1.024724661,1.087934187,1.284307976,1.056492676
06/08/2021 08:00,1.015207943,0.767351653,0.973543381,1.085081691,1.228273547,0.994557106
06/08/2021 09:00,1.051459073,0.710359849,0.952284344,1.002205907,1.136691255,0.921049027
06/08/2021 10:00,1.039644223,0.702777376,0.891605325,1.13608303,1.123890875,0.911494383
06/08/2021 11:00,1.058589237,0.715510753,0.907746289,1.011792839,1.103526388,0.978043204
06/08/2021 12:00,1.075927209,0.797320534,1.02076714,1.139270322,1.350498073,1.044199527
06/08/2021 13:00,1.273285595,0.860741841,1.093608068,1.217711538,1.364601379,1.13805759
06/08/2021 14:00,1.446755461,0.977933712,1.240723032,1.38287979,1.564010302,1.267434622
06/08/2021 15:00,1.614350417,1.091201329,1.384801093,1.543066353,1.744745866,1.414303934
06/08/2021 16:00,1.652088933,1.116642647,1.416812692,1.579167396,1.786061558,1.401613843
06/08/2021 17:00,1.519457538,0.883670958,1.191512153,1.426679283,1.648225801,1.567412775
06/08/2021 18:00,1.400740886,0.906546429,1.201241644,1.33891398,1.514275174,1.227185313
06/08/2021 19:00,1.319298498,0.891781975,1.131388137,1.261062301,1.426240849,1.155522258
06/08/2021 20:00,1.251665633,0.942045686,1.194827598,1.332658967,1.506636888,1.220965592
06/08/2021 21:00,1.48570205,0.993938832,1.261101172,1.405441191,1.589580001,1.285231254
06/08/2021 22:00,1.534002485,1.009025548,1.322338692,1.411886354,1.661022137,1.371129273
06/08/2021 23:00,1.654141097,1.119190778,1.420859714,1.583656146,1.791084889,1.503542232
07/08/2021 00:00,1.70755023,1.154230723,1.464351518,1.632187894,1.73625,1.495987034
07/08/2021 01:00,1.665058394,1.125492336,1.429111621,1.565581514,1.79915356,1.458759072
07/08/2021 02:00,1.590521839,1.077011828,1.363990803,1.533092032,1.710232603,1.393906217
07/08/2021 03:00,1.505786669,0.985985616,1.253190418,1.395776371,1.577499735,1.279439263
07/08/2021 04:00,1.367296573,0.919266418,1.172872353,1.306937438,1.478096038,1.198054266
07/08/2021 05:00,1.295068406,0.875407934,1.110636319,1.346760236,1.352905567,1.134615492
07/08/2021 06:00,1.23040105,0.831722853,1.055216323,1.176136158,1.330185632,1.078776132
07/08/2021 07:00,1.175678138,0.793201319,1.013541792,1.123771371,1.238848171,1.030034243
07/08/2021 08:00,1.058946839,0.83235967,0.963490641,1.070849907,1.214787102,0.984286817
07/08/2021 09:00,1.034698917,0.696441706,0.868450562,1.058438367,1.118594132,0.906825562
07/08/2021 10:00,0.95520722,0.645517834,0.819217329,0.988241407,1.032640954,0.836893194
07/08/2021 11:00,0.899381021,0.666832718,0.829539996,0.924614034,1.040394901,0.847468175
07/08/2021 12:00,1.053340938,0.733971605,0.937625904,1.066795483,1.184114035,0.97488629
07/08/2021 13:00,1.123865783,0.812372136,1.002678806,1.087837642,1.264428874,1.024319659
07/08/2021 14:00,1.316191856,0.797354073,1.146027418,1.277679082,1.444658523,1.170765116
07/08/2021 15:00,1.497574882,1.172482916,1.284300478,1.431432967,1.618964849,1.178535061
07/08/2021 16:00,1.563739461,1.033017337,1.24925004,1.477507999,1.782134316,1.313533504
07/08/2021 17:00,1.395263884,0.952284362,1.196331046,1.337966885,1.508084563,1.222176336
07/08/2021 18:00,1.242719899,0.926544721,1.072905515,1.195895637,1.269006792,1.096060264
07/08/2021 19:00,1.157382781,0.800541642,0.919175774,1.114404924,1.251233775,0.87406157
07/08/2021 20:00,1.385533794,0.82817397,1.050668929,1.180668289,1.285645429,1.073402468
07/08/2021 21:00,1.29755823,0.878460264,1.114499968,1.237049091,1.404923643,1.197806931
07/08/2021 22:00,1.365344419,0.905017429,1.175479945,1.305093867,1.475750346,1.196179112
07/08/2021 23:00,1.484294871,1.004252185,1.274358337,1.420143489,1.689126774,1.302151994
08/08/2021 00:00,1.536459346,0.947356123,1.317621389,1.468640455,1.661009252,1.347457462
08/08/2021 01:00,1.494437421,0.948580935,1.281228865,1.59261765,1.614380184,1.308837566
08/08/2021 02:00,1.430636638,0.959826068,1.21775445,1.357277939,1.540083483,1.252203802
08/08/2021 03:00,1.280661505,0.873669669,1.108429227,1.227791109,1.397259089,1.02249264
08/08/2021 04:00,1.068275565,0.815927662,1.035186165,1.159243424,1.304930201,1.167406432
08/08/2021 05:00,1.147966951,0.776515392,0.9852294,1.098131223,1.317645141,1.007395619
08/08/2021 06:00,1.111132738,0.751576236,0.952709325,1.009039357,1.046855759,1.016717056
08/08/2021 07:00,1.065181143,0.719981998,0.953849912,1.018162399,1.151413318,0.87848417
08/08/2021 08:00,1.022899605,0.691425478,0.877163138,0.977751602,1.105835551,0.896162611
08/08/2021 09:00,0.94516117,0.63980353,0.760173135,0.903420638,0.995616276,0.828085803
08/08/2021 10:00,0.939798248,0.634962839,0.812877487,0.897972641,1.015693248,0.824434289
08/08/2021 11:00,0.964667104,0.651796673,0.827079103,0.921828644,1.043075167,0.844949501
08/08/2021 12:00,1.103940657,0.754971798,0.947889109,1.057461194,1.191962943,0.970234053
08/08/2021 13:00,1.192780858,0.806116411,1.069543893,1.139693805,1.288986566,1.224749481
08/08/2021 14:00,1.384998672,0.968617338,1.354062181,1.37091216,1.65043683,1.206637165
08/08/2021 15:00,1.605081796,1.084943452,1.377080741,1.534248536,1.735211058,1.404466329
08/08/2021 16:00,1.646258517,1.010512708,1.465383506,1.573575966,1.779700254,1.442280098
08/08/2021 17:00,1.52123413,1.187211759,1.296475922,1.544364867,1.779440564,1.332843906
08/08/2021 18:00,1.399113185,0.945296287,1.199724731,1.337199869,1.512371829,1.225594915
08/08/2021 19:00,1.318644401,0.890821324,1.130779201,1.26033666,1.425987161,1.156878262
08/08/2021 20:00,1.393431704,0.962746524,1.195006489,1.331906789,1.506319226,1.337124435
08/08/2021 21:00,1.563313302,0.993529029,1.338307039,1.405624789,1.589516699,1.288168165
08/08/2021 22:00,1.537986123,1.038613643,1.318012446,1.46862488,1.660988296,1.344069569
08/08/2021 23:00,1.656835898,1.119973158,1.424854174,1.583672044,1.73625,1.45150751
09/08/2021 00:00,1.80875,1.154291193,1.440622257,1.632187674,1.845975795,1.495996245
09/08/2021 01:00,1.630378545,1.125505574,1.416929751,1.591551998,1.800001607,1.294739841
09/08/2021 02:00,1.590731539,0.928345533,1.363558625,1.515391704,1.719555689,1.555051902
09/08/2021 03:00,1.460921745,1.026180663,1.179859963,1.396424159,1.579842367,1.319030315
09/08/2021 04:00,1.349323831,0.923035136,1.173925619,1.308453042,1.479838996,1.199214582
09/08/2021 05:00,1.299885817,0.910340476,1.113257284,1.279446049,1.355291526,1.137236325
09/08/2021 06:00,1.254963213,0.848023251,1.098547515,1.241168443,1.336589824,1.082454013
09/08/2021 07:00,1.238323641,0.800146023,1.014890111,1.131566733,1.279535205,1.03696745
09/08/2021 08:00,1.1352624,0.767244132,1.012669554,1.210305014,1.265774441,0.993807776
09/08/2021 09:00,1.122796211,0.710698752,0.901664457,1.005023799,1.136670337,0.921150256
09/08/2021 10:00,1.218543242,0.635460831,1.051928319,1.156694779,1.179682628,0.911945542
09/08/2021 11:00,1.005679058,0.724503034,0.908198457,1.011792135,1.144827304,0.937258424
09/08/2021 12:00,1.191877486,0.805630482,1.010549982,1.139256662,1.288504441,1.012953545
09/08/2021 13:00,1.273292687,0.860369069,1.088645071,1.217087373,1.376504452,0.930901935
09/08/2021 14:00,1.446767302,0.974091961,1.240499539,1.382891151,1.564006983,1.267472635
09/08/2021 15:00,1.484757682,1.091208545,1.385689024,1.543058928,1.745192593,1.414844183
09/08/2021 16:00,1.667942229,1.116728407,1.41690734,1.579224891,1.685140252,1.445310702
09/08/2021 17:00,1.52470761,1.027538852,1.307443631,1.457357039,1.659675983,1.33573059
09/08/2021 18:00,1.400743009,0.946827772,1.162347052,1.338912286,1.546651055,1.153290044
09/08/2021 19:00,1.355666231,0.891988419,1.187874208,1.261084686,1.426286451,1.155870736
09/08/2021 20:00,1.39369803,0.949742425,1.195184195,1.323184439,1.462945467,1.220988126
09/08/2021 21:00,1.470358724,0.941684404,1.260425586,1.406732622,1.546594463,1.285848697
09/08/2021 22:00,1.536447381,1.038560171,1.315949575,1.468585234,1.661004464,1.346631063
09/08/2021 23:00,1.656909953,1.119907409,1.39409179,1.583686581,1.80875,1.451537256
10/08/2021 00:00,1.70108519,1.154271693,1.483631369,1.627036214,1.80875,1.49607024
10/08/2021 01:00,1.665097047,1.206287517,1.427943712,1.616969522,1.800054031,1.458778338
10/08/2021 02:00,1.541575097,1.075247618,1.364187881,1.47655185,1.696020242,1.389765544
10/08/2021 03:00,1.5156406,1.010621073,1.252869366,1.396435224,1.536037123,1.293026467
10/08/2021 04:00,1.367220499,0.925693555,1.17434633,1.308119824,1.479857016,1.201531312
10/08/2021 05:00,1.151391771,0.885035117,1.111723588,1.240776011,1.403309726,1.127226596
10/08/2021 06:00,1.235533,0.871509648,1.059589162,1.180990398,1.341851512,1.082445432
10/08/2021 07:00,1.183629367,0.911150182,1.046051404,1.131361055,1.189886108,1.116400166
10/08/2021 08:00,1.152597131,0.767175413,0.973559345,0.945186553,1.227247512,0.99457086
10/08/2021 09:00,0.96319457,0.710745412,1.037787763,1.005023797,1.138529362,0.921177042
10/08/2021 10:00,1.039749657,0.702746531,0.908852808,0.830459037,1.123884491,0.882843346
10/08/2021 11:00,1.058523898,0.738489393,0.937827844,1.011795985,1.144323295,0.922538754
10/08/2021 12:00,1.236130583,0.805641562,1.022137099,1.136212325,1.288489446,0.998937421
10/08/2021 13:00,1.143691742,0.860650978,1.091966049,1.226887733,1.376503402,1.115503592
10/08/2021 14:00,1.540668196,0.97792327,1.240676612,1.382856184,1.564073944,1.278448966
10/08/2021 15:00,1.614327735,1.091108098,1.317900666,1.545836187,1.745190512,1.414314615
10/08/2021 16:00,1.652104454,1.117054281,1.416728349,1.579169901,1.79042465,1.447395189
10/08/2021 17:00,1.557974992,1.030492438,1.259821648,1.56709299,1.64823647,1.335736777
10/08/2021 18:00,1.400698297,0.946813852,1.201234043,1.33926647,1.469948162,1.22726641
10/08/2021 19:00,1.38100658,0.893917296,1.101641426,1.262274305,1.480124792,1.156150708
10/08/2021 20:00,1.390079885,1.022776917,1.195183521,1.332067411,1.506644137,1.304856916
10/08/2021 21:00,1.470462384,0.993497848,1.26097138,1.405458599,1.589556704,1.289520338
10/08/2021 22:00,1.536392601,1.132632871,1.317638911,1.468418573,1.660961039,1.346080291
10/08/2021 23:00,1.656855562,1.119948288,1.420918504,1.702474671,1.763126767,1.451275319
11/08/2021 00:00,1.707564078,1.154221334,1.464373315,1.632172951,1.834333781,1.495982761
11/08/2021 01:00,1.746172975,1.145690114,1.397336947,1.591501051,1.800045359,1.458834984
11/08/2021 02:00,1.590727951,1.197599803,1.364194681,1.520521133,1.719668817,1.505786868
11/08/2021 03:00,1.343570122,0.987507667,1.252875818,1.396435351,1.579340261,1.226145764
11/08/2021 04:00,1.368882456,0.878435612,1.173928282,1.308415931,1.483017958,1.199233844
11/08/2021 05:00,1.307859202,0.877410117,1.113300134,1.240802207,1.403283053,1.146854885
11/08/2021 06:00,1.412572571,0.835487149,1.058745166,1.140879913,1.416734798,1.06726323
11/08/2021 07:00,1.183661765,0.799093223,1.015047173,1.131351037,1.274430724,1.03695532
11/08/2021 08:00,1.135235116,0.767867887,0.973652216,1.08467083,1.437290711,0.994743098
11/08/2021 09:00,1.051367,0.71073009,0.901705138,1.127307755,1.153691894,0.923310634
11/08/2021 10:00,1.039642677,0.681719633,0.892779077,1.166345841,1.123913685,0.911154145
11/08/2021 11:00,1.058524502,0.715464114,0.907778485,1.011795514,1.143632052,0.966198863
11/08/2021 12:00,1.19187885,0.805626204,1.022106583,1.139501916,1.294806337,1.044189559
11/08/2021 13:00,1.273283937,0.860624464,1.111794053,1.040943705,1.378291252,1.115536384
11/08/2021 14:00,1.495327126,1.042447273,1.216829433,1.382867146,1.564038033,1.267506953
11/08/2021 15:00,1.61431486,1.197016692,1.711219975,1.543096094,1.72069537,1.552790605
11/08/2021 16:00,1.652099799,1.039446173,1.499197415,1.578929206,1.786013659,1.447405186
11/08/2021 17:00,1.524651826,1.030588218,1.312742801,1.415107262,1.648229196,1.335756677
11/08/2021 18:00,1.407213334,0.946768731,1.041041479,1.338898483,1.514284638,1.22727553
11/08/2021 19:00,1.295220815,0.833224223,1.131430718,1.264447696,1.426492624,1.156308564
11/08/2021 20:00,1.39364988,0.942040774,1.195426196,1.405790343,1.449519755,1.220990378
11/08/2021 21:00,1.470394581,0.99446404,1.260949237,1.405382077,1.589559187,1.355738102
11/08/2021 22:00,1.484037686,1.037931673,1.320099698,1.468801428,1.660987181,1.346177243
11/08/2021 23:00,1.656786906,1.10476697,1.42123975,1.464483703,1.80875,1.451057221
12/08/2021 00:00,1.70755522,1.179284727,1.464386242,1.639496275,1.80875,1.495996336
12/08/2021 01:00,1.665079372,1.125568177,1.427902895,1.534463143,1.800046831,1.458777335
12/08/2021 02:00,1.590858206,1.075259256,1.364177266,1.520496679,1.719668941,1.397720118
12/08/2021 03:00,1.421490173,1.076088449,1.253180752,1.279080013,1.579361536,1.299445175
12/08/2021 04:00,1.315487209,0.775220437,1.136407421,1.310841931,1.47983971,1.293351928
12/08/2021 05:00,1.270088417,0.877370516,1.113400253,1.2407626,1.403514006,1.142376097
12/08/2021 06:00,1.235537074,0.695497425,1.059580261,1.180987855,1.335660581,1.080435936
12/08/2021 07:00,1.182884637,0.753681605,1.015051864,1.110337509,1.382873987,1.013044608
12/08/2021 08:00,1.135218622,0.761583515,0.972860982,1.085114406,1.227249186,0.994603069
12/08/2021 09:00,1.061761137,0.710719687,0.901701614,1.005018922,1.134441325,0.921158987
12/08/2021 10:00,1.039744013,0.902880465,0.911943597,0.989981493,1.123880889,0.86519343
12/08/2021 11:00,1.05850513,0.71551192,0.907984673,1.079471421,1.156520407,0.927382956
12/08/2021 12:00,1.191923869,0.805732775,1.022136248,1.139241615,1.288480577,1.044200657
12/08/2021 13:00,1.273338983,0.861261256,1.091915449,1.118071935,1.376439045,1.304202172
12/08/2021 14:00,1.421128971,0.97790565,1.218090755,1.371217212,1.564047654,1.262041065
12/08/2021 15:00,1.63021174,1.096432574,1.38272007,1.541576778,1.745389307,1.548233943
12/08/2021 16:00,1.651249293,1.116731344,1.416823032,1.579177116,1.785966837,1.447323892
12/08/2021 17:00,1.524686526,1.030581027,1.350944069,1.41239656,1.648460161,1.335744897
12/08/2021 18:00,1.400771819,0.946821734,1.20126316,1.338863433,1.514146614,1.227252519
12/08/2021 19:00,1.319297324,0.891614361,1.131433868,1.260355382,1.426259765,1.156362289
12/08/2021 20:00,1.393665026,0.902007849,1.195192047,1.336306792,1.458623084,1.335976946
12/08/2021 21:00,1.470367362,1.06600868,1.260765612,1.405732961,1.438159407,1.287102585
12/08/2021 22:00,1.536443461,1.038544873,1.317651477,1.468626191,1.660985201,1.2549468
12/08/2021 23:00,1.656814851,1.254173886,1.337587302,1.543308509,1.790676236,1.449424212
13/08/2021 00:00,1.707560828,0.936731333,1.646722246,1.632558111,1.80875,1.495842332
13/08/2021 01:00,1.66507808,1.125696993,1.427951889,1.576418774,1.802108141,1.421037229
13/08/2021 02:00,1.590887721,1.136157525,1.364201112,1.520509857,1.663272118,1.39364235
13/08/2021 03:00,1.460925227,0.987494938,1.252882557,1.437164958,1.590811706,1.279914383
13/08/2021 04:00,1.36888129,0.925288328,1.173946051,1.308389781,1.479595666,1.057289447
13/08/2021 05:00,1.298086121,0.87344051,1.113242796,1.241115436,1.403371469,1.137283664
13/08/2021 06:00,1.203964947,0.835221743,1.059579725,1.181745486,1.244965722,1.09873255
13/08/2021 07:00,1.289604007,0.799783964,1.015048901,1.131909961,1.224408213,1.03696184
13/08/2021 08:00,1.13522738,0.767348074,0.97355208,1.081123014,1.227560541,0.994059439
13/08/2021 09:00,1.050616512,0.807548519,0.90170547,1.005029972,1.098885909,0.95216915
13/08/2021 10:00,1.039600523,0.697036491,0.891612517,0.993730991,1.334877449,0.802972794
13/08/2021 11:00,1.058492772,0.723212352,0.907770906,1.023086562,1.144325009,0.927372371
13/08/2021 12:00,1.191144988,0.783812062,1.040197797,1.139260706,1.282699936,1.044199737
13/08/2021 13:00,1.273285109,0.860639513,1.089311579,1.197094541,1.376518334,0.746051907
13/08/2021 14:00,1.446861665,0.977938982,1.313673557,1.344547996,1.564024691,1.267513775
13/08/2021 15:00,1.614352773,1.091248645,1.384456757,1.439491502,1.745191502,1.414115581
13/08/2021 16:00,1.701343119,1.116763382,1.419731069,1.570785605,1.752919057,1.435300373
13/08/2021 17:00,1.524723195,1.047204655,1.307534785,1.39268208,1.648244247,1.312641191
13/08/2021 18:00,1.398884145,0.946829774,1.201283569,1.338900222,1.512231067,1.22685205
13/08/2021 19:00,1.42201121,1.060106427,1.130708155,1.294096786,1.413456795,1.155743396
13/08/2021 20:00,1.393685116,0.941274527,1.195221631,1.33621982,1.506634321,1.157557359
13/08/2021 21:00,1.323469832,1.030910463,1.169666184,1.405498158,1.557430501,1.288206523
13/08/2021 22:00,1.536447306,1.039011189,1.267779759,1.468916467,1.661084513,1.346066925
13/08/2021 23:00,1.658011233,1.119870458,1.42009572,1.583519257,1.762740266,1.451524756
14/08/2021 00:00,1.707946648,1.154218062,1.473718374,1.632618417,1.73625,1.53603736
14/08/2021 01:00,1.660005185,1.12517231,1.428140993,1.591562046,1.800024366,1.4582604
14/08/2021 02:00,1.590725163,1.075095531,1.369585882,1.520362236,1.720003916,1.326106365
14/08/2021 03:00,1.460918765,0.916024926,1.260413433,1.396430881,1.580221056,1.27793606
14/08/2021 04:00,1.368864686,0.925233217,1.126313665,1.308458579,1.479831195,1.155310064
14/08/2021 05:00,1.29849012,0.829417514,1.113186318,1.240761678,1.403463387,1.137240046
14/08/2021 06:00,1.142649124,0.835168357,0.981416246,1.180970152,1.33567503,1.109565469
14/08/2021 07:00,1.278274395,0.732601114,1.015045391,1.070588979,1.279224001,1.036963949
14/08/2021 08:00,1.135278726,0.767363704,0.973550369,1.085106856,1.226874983,0.994946483
14/08/2021 09:00,0.986441783,0.710714013,0.901987875,1.005096067,1.13666291,0.921147884
14/08/2021 10:00,0.962328181,0.702434504,0.891595,0.997658942,1.031733642,0.930687511
14/08/2021 11:00,1.058609782,0.715116631,0.891920981,1.011915224,1.193960226,0.927313298
14/08/2021 12:00,1.188826218,0.738919674,1.022008105,1.112351022,1.333409539,1.043336121
14/08/2021 13:00,1.273307083,0.860682252,1.092883768,1.216575849,1.37652392,1.105979776
14/08/2021 14:00,1.446762014,0.978203927,1.309143877,1.384925523,1.793163504,1.158224005
14/08/2021 15:00,1.617316198,1.091184283,1.366682962,1.612341499,1.745185503,1.414317398
14/08/2021 16:00,1.639714061,1.117362499,1.416796896,1.579711847,1.786176951,1.447401304
14/08/2021 17:00,1.524652795,1.029650414,1.307506063,1.471718617,1.648210449,1.234943577
14/08/2021 18:00,1.390355185,0.946845996,1.174096703,1.338897988,1.513735796,1.254185193
14/08/2021 19:00,1.3193052,0.800916239,1.131438038,1.261072291,1.426255659,1.235411267
14/08/2021 20:00,1.18715544,0.854291923,1.083900783,1.112963585,1.412256728,1.107238242
14/08/2021 21:00,1.258223199,0.858315435,1.039767966,1.213692883,1.372575579,1.111985901
14/08/2021 22:00,1.345328822,0.938146303,1.314427815,1.285895728,1.396726969,1.178601716
14/08/2021 23:00,1.485696931,0.963466932,1.274156383,1.420122793,1.606064761,1.301596574
15/08/2021 00:00,1.531725461,1.035267441,1.313583452,1.464109037,1.655889966,1.341932622
15/08/2021 01:00,1.471331044,0.90594318,1.265035523,1.519945989,1.54886979,1.292688354
15/08/2021 02:00,1.429053565,1.011520946,1.348479635,1.365981991,1.574715869,1.252046724
15/08/2021 03:00,1.216789068,0.890345064,1.124953653,1.277783673,1.433693523,1.162059794
15/08/2021 04:00,1.368880222,0.925372166,1.173777281,1.308464164,1.479758958,1.199252782
15/08/2021 05:00,1.245668781,0.877435485,1.113221454,1.096380565,1.403267839,1.137223812
15/08/2021 06:00,1.235496159,0.835219094,1.05958142,1.181030599,1.335694104,1.132256756
15/08/2021 07:00,1.18361604,0.81900161,1.015055857,1.129310035,1.284287788,1.038387822
15/08/2021 08:00,1.13524672,0.655259003,0.974237369,1.042180522,1.317152981,0.994602106
15/08/2021 09:00,1.051422509,0.710586442,0.901713428,1.005085963,1.136677283,0.921282286
15/08/2021 10:00,1.039656012,0.811666844,0.893149308,0.994187071,1.123008226,0.921299597
15/08/2021 11:00,1.05842228,0.716903915,0.907826411,1.076399391,1.144321632,0.927145486
15/08/2021 12:00,1.26424174,0.805638307,1.022155061,1.139357826,1.288581386,1.044169929
15/08/2021 13:00,1.273357958,0.922418574,1.091970728,1.32114968,1.376532272,1.10599099
15/08/2021 14:00,1.446652516,0.977966283,1.36239188,1.382924048,1.582259409,1.267556513
15/08/2021 15:00,1.614344837,1.057815052,1.398134146,1.602840041,1.745198957,1.414308755
15/08/2021 16:00,1.621955027,1.116560674,1.41737782,1.579381726,1.785996424,1.406735791
15/08/2021 17:00,1.524373226,1.022457565,1.307534489,1.659242518,1.687333016,1.335735083
15/08/2021 18:00,1.400753178,0.951771134,1.15493413,1.306454778,1.514291713,1.217760221
15/08/2021 19:00,1.319299366,0.989923832,1.142733157,1.261087102,1.426242083,1.156635432
15/08/2021 20:00,1.388458773,1.152555443,1.195199055,1.332156148,1.398171541,1.221044426
15/08/2021 21:00,1.470379304,0.99389393,1.238064891,1.43182412,1.592875657,1.28822812
15/08/2021 22:00,1.534030735,1.038566151,1.317676655,1.436170705,1.660999924,1.321811631
15/08/2021 23:00,1.656820686,1.119919187,1.42086708,1.583706309,1.73625,1.404843777
16/08/2021 00:00,1.70753556,1.110689036,1.464382562,1.561115973,1.80875,1.495984228
16/08/2021 01:00,1.671992709,1.125509366,1.427969798,1.591635127,1.800059763,1.458802318
16/08/2021 02:00,1.672668486,0.977033313,1.364198094,1.521607013,1.719663834,1.393632697
16/08/2021 03:00,1.461362242,0.825906058,1.253030038,1.396789661,1.579342612,1.012974916
16/08/2021 04:00,1.368811815,0.930322844,1.173935584,1.264404946,1.47987337,1.199249453
16/08/2021 05:00,1.298194461,0.877475778,1.113103366,1.239807385,1.403092245,1.137323523
16/08/2021 06:00,1.235524534,0.829938875,1.067916599,1.052192545,1.336874065,1.082430793
16/08/2021 07:00,1.263167406,0.800056879,1.015080376,1.128238428,1.279553972,1.0369613
16/08/2021 08:00,1.257575588,0.767350196,0.936708083,1.085490845,1.134608284,0.994135932
16/08/2021 09:00,1.05143703,0.710702549,0.901705437,1.004749155,1.020664359,0.921173578
16/08/2021 10:00,1.039642118,0.702742954,0.871593315,0.981095554,1.123923265,0.897477782
16/08/2021 11:00,1.059497538,0.715460301,0.834950785,1.01152248,1.144324091,0.902877987
16/08/2021 12:00,1.191870654,0.805670911,1.057578939,1.331493719,1.288974652,1.044199996
16/08/2021 13:00,1.273388766,0.840502611,1.092003107,1.217071219,1.376528311,1.115506396
16/08/2021 14:00,1.351982918,0.929368217,1.242877467,1.382888369,1.564011017,1.229971468
16/08/2021 15:00,1.618503198,1.216748162,1.384449351,1.596632476,1.742598899,1.539864742
16/08/2021 16:00,1.652860584,1.116302083,1.325609141,1.579167347,1.785992644,1.447714329
16/08/2021 17:00,1.524665921,1.030600703,1.429178712,1.457435263,1.64781591,1.335750747
16/08/2021 18:00,1.400745956,0.946905534,1.201263045,1.260836937,1.514259402,1.223044396
16/08/2021 19:00,1.319336022,0.892096446,1.13100113,1.242688196,1.426147843,1.152908164
16/08/2021 20:00,1.393656777,0.938468999,1.249057857,1.332020165,1.501517278,1.220864354
16/08/2021 21:00,1.470283437,1.0100419,1.202430335,1.405435966,1.589584544,1.539078761
16/08/2021 22:00,1.537850502,0.946415289,1.31814827,1.468633785,1.660943518,1.346090494
16/08/2021 23:00,1.656791074,1.119998002,1.43604093,1.599533234,1.791121521,1.447302507
17/08/2021 00:00,1.626868201,1.277998782,1.464371047,1.630986911,1.80875,1.496076728
17/08/2021 01:00,1.607034072,1.095189112,1.559773754,1.601185117,1.800050173,1.458797787
17/08/2021 02:00,1.722832677,1.006966751,1.364128111,1.52049495,1.719674592,1.453714825
17/08/2021 03:00,1.408720427,0.98749908,1.252871782,1.375480279,1.579355851,1.279869064
17/08/2021 04:00,1.368881753,0.925578881,1.173964033,1.347277339,1.479837826,1.199047478
17/08/2021 05:00,1.32812687,0.806359306,1.161722571,1.245206391,1.403295294,1.069650458
17/08/2021 06:00,1.235533668,0.83562454,1.059555715,1.180980808,1.469594373,1.192926188
17/08/2021 07:00,1.183774466,0.800057785,0.871271114,1.131199751,1.439880143,1.062283408
17/08/2021 08:00,1.20932603,0.767369933,1.014044861,1.085153928,1.227246093,0.994564605
17/08/2021 09:00,1.051418648,0.712554937,0.901705435,1.063995338,1.133759168,0.919929714
17/08/2021 10:00,1.039661418,0.702759157,0.891927402,0.993770692,1.123928535,0.910828248
17/08/2021 11:00,1.058415417,0.819586767,1.020992117,1.011794047,1.144328756,0.927766817
17/08/2021 12:00,1.191866125,0.804654622,1.021957145,1.139223221,1.288539534,1.044306352
17/08/2021 13:00,1.273292752,0.832222603,1.091993376,1.150549934,1.376484544,1.115538723
17/08/2021 14:00,1.458019846,0.969316181,1.24073107,1.382896375,1.564031733,1.26754755
17/08/2021 15:00,1.614200209,1.143686762,1.386441137,1.543072558,1.77601375,1.414376468
17/08/2021 16:00,1.652097807,1.116653879,1.413782318,1.569735267,1.824339327,1.447070131
17/08/2021 17:00,1.495099118,1.030573377,1.30752419,1.184227175,1.648203576,1.223207978
17/08/2021 18:00,1.398867042,0.946808646,1.201339152,1.338908516,1.511891253,1.227195446
17/08/2021 19:00,1.319340989,0.8924627,1.137548196,1.26084644,1.426195489,1.154943633
17/08/2021 20:00,1.393778975,0.942167829,1.195434816,1.362529594,1.506630526,1.282209256
17/08/2021 21:00,1.470356346,1.070912817,1.260904798,1.372606926,1.58951364,1.192416785
17/08/2021 22:00,1.536453808,1.038651544,1.317645612,1.468617554,1.662749582,1.346059678
17/08/2021 23:00,1.651659248,1.21887368,1.311006639,1.484664718,1.791109719,1.45154328
18/08/2021 00:00,1.800232829,1.15421051,1.43209306,1.632173326,1.80875,1.432686838
18/08/2021 01:00,1.656698105,1.125829617,1.427955659,1.483717788,1.754029474,1.458873522
18/08/2021 02:00,1.590735295,1.07519871,1.364262396,1.520511286,1.71968116,1.393810454
18/08/2021 03:00,1.358566237,0.973918378,1.252875747,1.479584858,1.614137861,1.28435248
18/08/2021 04:00,1.368895555,0.925173809,1.178348936,1.298444799,1.460364854,1.197222907
18/08/2021 05:00,1.289463695,0.877451539,1.113487568,1.240774394,1.499758101,1.137241739
18/08/2021 06:00,1.235518737,0.835252528,1.058270406,1.180682429,1.335648313,1.082400258
18/08/2021 07:00,1.135457393,0.801236567,1.0128077,1.070042565,1.279551308,1.036969579
18/08/2021 08:00,1.13521739,0.767339552,0.973765637,1.073169126,1.22726586,1.056404046
18/08/2021 09:00,1.05141992,0.801005894,0.873457317,1.005027902,1.099127264,0.921132301
18/08/2021 10:00,1.039506967,0.584676767,0.891673777,0.993756335,1.106845416,0.910751982
18/08/2021 11:00,1.058523471,0.71549507,0.93718822,1.011774187,1.128746611,0.930212569
18/08/2021 12:00,1.160502831,0.805825706,0.858246132,1.040493034,1.288487427,1.044200553
18/08/2021 13:00,1.273296495,0.8722212,1.000655717,1.216949816,1.391813412,1.004960017
18/08/2021 14:00,1.446783771,0.978711126,1.242970736,1.382906154,1.563973016,1.267514008
18/08/2021 15:00,1.614077305,1.126979454,1.384431235,1.543068719,1.6650622,1.589753514
18/08/2021 16:00,1.652042954,1.11393795,1.416815675,1.579145166,1.779623324,1.44730858
18/08/2021 17:00,1.520501174,1.030582917,1.316744402,1.457233854,1.648239161,1.335741311
18/08/2021 18:00,1.400238299,0.946833815,1.201259459,1.339301893,1.514281431,1.227755395
18/08/2021 19:00,1.427749473,0.893120145,1.13144401,1.261269196,1.434877084,1.155844554
18/08/2021 20:00,1.393662094,0.928100989,0.946814195,1.332140451,1.455680592,1.22140208
18/08/2021 21:00,1.470313799,0.99445417,1.261034935,1.328655508,1.586576053,1.28819085
18/08/2021 22:00,1.524238917,1.038559619,1.317966741,1.468624508,1.660991429,1.233662871
18/08/2021 23:00,1.80875,1.119917977,1.422208644,1.583699023,1.791132373,1.399968797
19/08/2021 00:00,1.707572817,1.154238238,1.448459808,1.628531617,1.80875,1.497405285
19/08/2021 01:00,1.665071414,1.12593907,1.481819974,1.529617233,1.809367032,1.6233547
19/08/2021 02:00,1.450805319,1.075245555,1.364191205,1.520612072,1.719675939,1.343784592
19/08/2021 03:00,1.462377439,0.94646006,1.257626625,1.577601494,1.579354154,1.279384971
19/08/2021 04:00,1.368881344,0.921087735,1.173945844,1.308523058,1.478331097,1.199273901
19/08/2021 05:00,1.297118032,0.877284294,1.137134605,1.212403478,1.403281485,1.137238107
19/08/2021 06:00,1.23567921,0.83635528,1.059580601,1.240787686,1.322076612,1.082499577
19/08/2021 07:00,1.183611424,0.76890135,1.015054506,1.131353203,1.279540587,1.046216989
19/08/2021 08:00,1.174817443,0.767111335,0.973133737,1.085106559,1.227228535,0.994658035
19/08/2021 09:00,1.051538776,0.710722073,0.901698244,1.005031416,1.136667433,0.921182003
19/08/2021 10:00,1.038724075,0.702742924,0.8882659,1.080289853,1.123909809,0.910931614
19/08/2021 11:00,1.058522257,0.715503373,0.907778181,1.244541717,1.144495993,0.927373642
19/08/2021 12:00,1.191865896,0.805678343,1.245220173,1.139919636,1.288481385,1.044340095
19/08/2021 13:00,1.273169543,0.860714523,1.091987633,1.192320159,1.376532281,1.115477591
19/08/2021 14:00,1.631002691,0.977896447,1.240731295,1.382787719,1.571641311,1.267560992
19/08/2021 15:00,1.614473974,1.091204772,1.384966815,1.503104802,1.745139454,1.414259978
19/08/2021 16:00,1.629454396,1.116728215,1.416822371,1.579158388,1.776233595,1.441699636
19/08/2021 17:00,1.524089682,1.031019009,1.36228095,1.457415654,1.648235165,1.336064249
19/08/2021 18:00,1.400803261,0.946815584,1.201138877,1.33900025,1.514395988,1.227194322
19/08/2021 19:00,1.319318074,0.891780016,1.131432553,1.205949313,1.442856485,1.155864805
19/08/2021 20:00,1.393788555,0.942034479,1.195175117,1.288180116,1.506543493,1.220990642
19/08/2021 21:00,1.470242042,0.995617326,1.188978122,1.405463948,1.588853132,1.305214738
19/08/2021 22:00,1.475445454,1.038555738,1.337055782,1.467932666,1.65971868,1.346085113
19/08/2021 23:00,1.656812739,1.119905096,1.420808554,1.583707308,1.721523239,1.413290702
20/08/2021 00:00,1.699427284,1.175078134,1.46439645,1.637092066,1.80875,1.501307831
20/08/2021 01:00,1.612742472,1.125409303,1.427572557,1.644606619,1.80024829,1.460463247
20/08/2021 02:00,1.590726929,1.113578624,1.364215097,1.520513615,1.719772992,1.343502858
20/08/2021 03:00,1.46092828,0.987531089,1.252885803,1.386343212,1.579347494,1.301630991
20/08/2021 04:00,1.368842491,0.925537912,1.153952878,1.308470273,1.268563057,1.199245742
20/08/2021 05:00,1.297980203,0.877070278,1.113234028,0.992399311,1.506774384,1.14838263
20/08/2021 06:00,1.235586534,0.835253196,1.059774785,1.180985518,1.309726308,1.082032902
20/08/2021 07:00,1.183828878,0.797624922,1.074364024,1.131359974,1.279543087,1.032000741
20/08/2021 08:00,1.135238167,0.789970389,0.973559623,1.083874239,1.227246419,0.994579144
20/08/2021 09:00,1.051456541,0.691099518,0.901707047,1.005022508,1.136665842,0.921170002
20/08/2021 10:00,0.919177948,0.593585232,0.886156872,0.99375064,1.123908504,0.925640268
20/08/2021 11:00,1.058531425,0.715128367,1.096503898,1.011975029,1.144227525,0.929673383
20/08/2021 12:00,1.191872274,0.805679326,1.029739034,1.174701247,1.228039881,1.043517531
20/08/2021 13:00,1.273425707,0.875168727,1.091966496,1.211304938,1.376397662,1.115645126
20/08/2021 14:00,1.44676456,0.978290043,1.265019114,1.337097756,1.563978877,1.267653129
20/08/2021 15:00,1.614335734,1.091213828,1.384941011,1.543345085,1.879089451,1.417632892
20/08/2021 16:00,1.652148928,1.116671228,1.416783332,1.645701997,1.786017913,1.447409662
20/08/2021 17:00,1.251530905,0.891697619,1.441776653,1.457351322,1.648009494,1.33573213
20/08/2021 18:00,1.629882053,0.946826775,1.202872505,1.33876729,1.514271684,1.227485838
20/08/2021 19:00,1.319310174,0.891786551,1.131563573,1.26107698,1.426397445,1.156148988
20/08/2021 20:00,1.393602427,0.941780215,1.195102249,1.332138201,1.506627341,1.327163125
20/08/2021 21:00,1.331636326,0.992992143,1.421147831,1.405448892,1.589505976,1.288176625
20/08/2021 22:00,1.536416599,1.006429901,1.317647408,1.466466424,1.66097448,1.346076555
20/08/2021 23:00,1.65680337,1.119521016,1.584011032,1.583669388,1.790984715,1.451508034
21/08/2021 00:00,1.70756855,1.155535638,1.464392055,1.632180407,1.73625,1.496003614
21/08/2021 01:00,1.665103906,1.122252946,1.439062051,1.600706483,1.799838592,1.458795295
21/08/2021 02:00,1.594313461,1.07555366,1.225364786,1.52049613,1.71967371,1.254732772
21/08/2021 03:00,1.528633582,0.987521955,1.252518373,1.491113323,1.486629038,1.279945837
21/08/2021 04:00,1.364691566,0.925337517,1.174001495,1.308664925,1.479845016,1.197040825
21/08/2021 05:00,1.277615994,0.877881517,1.113231355,1.240791147,1.4032206,1.137247116
21/08/2021 06:00,1.280816479,0.84503374,1.059633685,1.327665548,1.335705954,1.104995909
21/08/2021 07:00,1.203817053,0.800079673,1.014957228,1.131426712,1.279916192,1.037254948
21/08/2021 08:00,1.005098624,0.766929608,0.97361855,1.08517436,1.227253488,1.073972598
21/08/2021 09:00,1.0514563,0.710741956,0.855922297,1.005033711,1.108165315,0.937938409
21/08/2021 10:00,1.178441827,0.703223007,0.895606304,0.99383568,1.123883294,1.128289569
21/08/2021 11:00,1.058528623,0.716180493,0.847470899,1.011812322,1.144483239,0.924729029
21/08/2021 12:00,1.191824718,0.612432775,1.022195873,1.139272205,1.288487677,1.045003892
21/08/2021 13:00,1.273310776,0.86059334,1.091975676,1.217078514,1.376612782,1.115548836
21/08/2021 14:00,1.442229324,0.978191173,1.170799954,1.386101062,1.525433761,1.267519831
21/08/2021 15:00,1.614354578,1.091138566,1.392600997,1.542005177,1.745271379,1.366370855
21/08/2021 16:00,1.651947048,1.218583312,1.4159171,1.579184208,1.786010028,1.44786524
21/08/2021 17:00,1.524658281,1.021509586,1.307529141,1.457339373,1.685384649,1.335818746
21/08/2021 18:00,1.400773355,0.860430141,1.201264004,1.338980941,1.514281956,1.232505385
21/08/2021 19:00,1.294440117,0.889682548,1.131402648,1.260797072,1.523111775,1.188303455
21/08/2021 20:00,1.203856846,0.854425881,1.083869176,1.098905435,1.366128751,1.134452426
21/08/2021 21:00,1.269756727,0.858287731,1.088917152,1.240334617,1.299865073,1.012514532
21/08/2021 22:00,1.345299272,0.909276128,1.04383319,1.285924072,1.455249283,1.042594637
21/08/2021 23:00,1.485519099,1.024617638,1.26232494,1.420122877,1.606095174,1.300883835
22/08/2021 00:00,1.492980754,1.035641519,1.31359514,1.464113077,1.655870016,1.341951701
22/08/2021 01:00,1.475089291,0.882910631,1.265019182,1.410137107,1.594581792,1.269051399
22/08/2021 02:00,1.590237307,1.074924206,1.363780831,1.505983229,1.717456273,1.393216633
22/08/2021 03:00,1.460381226,0.984348528,1.252457472,1.395933974,1.577516784,1.223580144
22/08/2021 04:00,1.414070536,0.923412944,1.113321441,1.30829314,1.351436468,1.199395605
22/08/2021 05:00,1.297981211,0.877680425,1.056988572,1.421593583,1.403027934,1.146830452
22/08/2021 06:00,1.235724723,0.834860281,1.059520885,1.173047606,1.233624516,1.082410834
22/08/2021 07:00,1.144026676,0.800016826,1.246686076,1.130929439,1.279480478,1.036839925
22/08/2021 08:00,1.135165289,0.776567965,0.973517727,1.085057654,1.227181453,0.953729539
22/08/2021 09:00,1.051615219,0.711509428,0.901685656,1.004968344,1.048256407,0.965930778
22/08/2021 10:00,1.03991513,0.702446935,0.89475822,0.993683078,1.123838735,0.91076775
22/08/2021 11:00,1.02649876,0.657312581,0.907715552,1.011649497,1.144247488,0.927595256
22/08/2021 12:00,1.204657796,0.80468958,1.022052831,1.137066541,1.399242707,1.044115939
22/08/2021 13:00,1.27375512,0.881988576,1.241613404,1.2164837,1.363646601,1.19078409
22/08/2021 14:00,1.668497998,0.977864466,1.240808396,1.358698428,1.563922561,1.266734569
22/08/2021 15:00,1.614400092,1.091502102,1.384235694,1.543690611,1.744996019,1.253843722
22/08/2021 16:00,1.622601807,1.126029846,1.416788054,1.58299366,1.784864874,1.434481096
22/08/2021 17:00,1.524495553,1.022258708,1.307407715,1.457181886,1.648077178,1.335670009
22/08/2021 18:00,1.400645053,0.946711478,1.201115212,1.338737959,1.514145543,1.227043295
22/08/2021 19:00,1.32704585,0.891725284,1.131269625,1.261158286,1.426201168,1.1556791
22/08/2021 20:00,1.29537684,0.930604782,1.146249182,1.33192862,1.461026218,1.22079399
22/08/2021 21:00,1.397321131,0.991438149,1.186463256,1.407940782,1.640886531,1.268858093
22/08/2021 22:00,1.535908074,1.037985659,1.316939118,1.46788966,1.656497167,1.345367934
22/08/2021 23:00,1.652390736,1.119368701,1.420157046,1.582964759,1.73625,1.450816367
23/08/2021 00:00,1.72915224,1.237570183,1.464320049,1.60248953,1.846419852,1.496474005
23/08/2021 01:00,1.66537991,1.115506689,1.428462737,1.613754794,1.80875,1.354480771
23/08/2021 02:00,1.607966517,1.072302439,1.219390567,1.520360328,1.675952237,1.393608201
23/08/2021 03:00,1.460784887,0.987473501,1.260658464,1.396444025,1.703211785,1.279883662
23/08/2021 04:00,1.207253066,0.925175232,1.173913076,1.32886396,1.47973908,1.289543347
23/08/2021 05:00,1.298038956,0.960926391,1.113185064,1.224902815,1.38769367,1.138498584
23/08/2021 06:00,1.23541087,0.835153048,1.05977229,1.180968439,1.335656652,1.082437062
23/08/2021 07:00,1.183592128,0.800048035,1.027064375,1.131348432,1.279539245,1.036951045
23/08/2021 08:00,1.135226332,0.767443763,0.973550115,1.120895,1.22724566,0.994653681
23/08/2021 09:00,1.053681289,0.711201923,0.75164963,1.005046436,1.136691423,0.921128973
23/08/2021 10:00,0.965365005,0.702759264,0.891616664,0.989864018,1.126842581,0.884999271
23/08/2021 11:00,1.016867738,0.715596082,0.634722369,1.01286888,1.144464341,0.927429771
23/08/2021 12:00,1.191933244,0.805702328,1.022209347,1.0993027,1.288578408,1.044364566
23/08/2021 13:00,1.273367393,0.975765218,1.09146609,1.217189383,1.376555781,1.147724411
23/08/2021 14:00,1.459084242,0.979525894,1.224331741,1.402151487,1.565442704,1.266908108
23/08/2021 15:00,1.614471633,1.118095355,1.384551085,1.545564117,1.74500905,1.444253088
23/08/2021 16:00,1.651954862,1.116639069,1.416593475,1.579165417,1.695433272,1.435943875
23/08/2021 17:00,1.524702436,1.030521016,1.355894064,1.45726072,1.646161116,1.335240858
23/08/2021 18:00,1.446228712,0.683726042,1.151650374,1.338860681,1.62903764,1.243132131
23/08/2021 19:00,1.319273678,0.891760475,1.306825842,1.258730998,1.426495641,1.155769457
23/08/2021 20:00,1.443472193,0.942159773,1.194425575,1.294048302,1.506799372,1.221906831
23/08/2021 21:00,1.432288355,1.154184527,1.045620645,1.405622892,1.589621517,1.288349579
23/08/2021 22:00,1.537713721,1.039430947,1.318833623,1.469856266,1.863532074,1.317665879
23/08/2021 23:00,1.80875,1.094280765,1.421605747,1.584513945,1.792195494,1.604592202
24/08/2021 00:00,1.670771471,1.154313755,1.464517343,1.765666073,1.80875,1.496057325
24/08/2021 01:00,1.665337846,1.125686823,1.428194107,1.507391445,1.800301053,1.458991478
24/08/2021 02:00,1.599205108,1.076666018,1.364032846,1.520309976,1.718700455,1.393497247
24/08/2021 03:00,1.460750638,0.946798897,1.200156158,1.396319496,1.579216638,1.279814381
24/08/2021 04:00,1.368788745,0.924457882,1.173857252,1.307912475,1.479738442,1.126402189
24/08/2021 05:00,1.298010828,0.897743157,1.113159246,1.240125477,1.39583419,1.141620633
24/08/2021 06:00,1.23549319,0.826770396,1.065016993,1.16096623,1.335667779,1.08241667
24/08/2021 07:00,1.242569566,0.799676608,1.014938117,1.131354181,1.279848112,1.036933161
24/08/2021 08:00,1.135235919,0.76737173,0.973715552,1.126826292,1.227267085,0.994000124
24/08/2021 09:00,0.978726266,0.710759702,0.901720427,1.005033539,0.997052025,0.921180687
24/08/2021 10:00,1.039702072,0.702811312,0.89141093,0.993873451,1.161123847,0.911019681
24/08/2021 11:00,1.058508305,0.715523472,0.907460239,1.012293671,1.179136314,1.049042706
24/08/2021 12:00,1.188005969,1.034786158,1.022149846,1.139442854,1.472953291,1.044256833
24/08/2021 13:00,1.27421086,0.86095841,1.313750517,1.217089341,1.376674475,1.115483952
24/08/2021 14:00,1.354861493,0.938703352,1.238986571,1.394435175,1.499366301,1.253333183
24/08/2021 15:00,1.613918955,1.091193336,1.338731538,1.543057293,1.791732072,1.414299693
24/08/2021 16:00,1.653217661,1.024479434,1.464310528,1.730509331,1.791199889,1.449198026
24/08/2021 17:00,1.525312604,1.030964779,1.308007666,1.591258793,1.648840258,1.329847272
24/08/2021 18:00,1.38743197,0.986643188,1.375871445,1.33943391,1.515205245,1.227433528
24/08/2021 19:00,1.319853847,0.844964774,1.131882641,1.261703826,1.656807458,1.156416569
24/08/2021 20:00,1.380081679,0.93386635,1.195213633,1.332164769,1.457101359,1.221013378
24/08/2021 21:00,1.576412335,0.854994239,1.399348262,1.40537893,1.589598256,1.28823484
24/08/2021 22:00,1.536903832,1.038862762,1.318043105,1.368180612,1.661514384,1.457572054
24/08/2021 23:00,1.65724381,1.120045578,1.421635258,1.556746568,1.796510066,1.460098368
25/08/2021 00:00,1.679415003,1.154339822,1.377499447,1.630990248,1.80875,1.496072747
25/08/2021 01:00,1.664825194,1.122035865,1.426017489,1.576110923,1.803002612,1.45942504
25/08/2021 02:00,1.590754432,1.07319624,1.297524285,1.519127321,1.739879723,1.393694886
25/08/2021 03:00,1.460507578,1.203634042,1.252930314,1.355602883,1.579424503,1.279983311
25/08/2021 04:00,1.369005134,0.925185915,1.162116825,1.308665915,1.481640102,1.257123863
25/08/2021 05:00,1.298159926,0.783771687,1.113582648,1.148163766,1.403987935,1.170255462
25/08/2021 06:00,1.235189875,0.771813181,0.998934626,1.232736213,1.336211315,1.083025782
25/08/2021 07:00,1.03370541,0.723224862,1.015227182,1.199937358,1.252820474,1.036918119
25/08/2021 08:00,1.079501747,0.766987742,0.973720262,1.085330033,1.227216696,0.994739049
25/08/2021 09:00,1.05234136,0.668807825,0.866898231,1.005250178,1.246235691,0.920980469
25/08/2021 10:00,1.039869868,0.702862166,0.891548652,0.982480924,1.203717559,0.911147524
25/08/2021 11:00,1.074212182,0.607010752,0.908069218,0.948468702,1.058291802,0.92767228
25/08/2021 12:00,1.192184801,0.806478259,1.011200335,1.140464525,1.288767681,1.04445828
25/08/2021 13:00,1.272897044,0.851030546,1.090895033,1.216811854,1.358323678,1.115185575
25/08/2021 14:00,1.644443842,0.977951978,1.149720198,1.382895318,1.564144015,1.267522833
25/08/2021 15:00,1.608227186,1.091235361,1.384163547,1.54276656,1.745048001,1.368993065
25/08/2021 16:00,1.665637524,1.175136321,1.428585846,1.612547828,1.800671097,1.368129166
25/08/2021 17:00,1.649360689,1.036583945,1.319367391,1.470632155,1.695445178,1.347938068
25/08/2021 18:00,1.362597282,0.956310787,1.29428463,1.287717288,1.525236709,1.250447198
25/08/2021 19:00,1.332917565,0.900713606,1.143116693,1.274075674,1.441292635,1.168349104
25/08/2021 20:00,1.277002838,0.94121049,1.107832042,1.335980044,1.505431356,1.220025444
25/08/2021 21:00,1.432248026,1.003782349,1.259832344,1.284975035,1.587875659,1.287008596
25/08/2021 22:00,1.534821373,1.011612121,1.316271826,1.415180007,1.659936851,1.334204004
25/08/2021 23:00,1.622464982,1.04593802,1.295395577,1.760952621,1.782789558,1.450056107
26/08/2021 00:00,1.705870402,1.153045612,1.400960028,1.632582269,1.80875,1.494497299
26/08/2021 01:00,1.662829916,1.124271981,1.42643686,1.589798686,1.748099119,1.457114458
26/08/2021 02:00,1.588771444,1.07393467,1.367954709,1.518636228,1.678936412,1.386594031
26/08/2021 03:00,1.686232286,0.986093924,1.230837796,1.394438699,1.524725369,1.279108034
26/08/2021 04:00,1.499990757,0.924728578,1.172092987,1.306318508,1.477404026,1.19746261
26/08/2021 05:00,1.361746143,0.875488603,1.111188951,1.242617742,1.397681868,1.135156275
26/08/2021 06:00,1.233049106,0.83390359,1.057440673,1.178578429,1.492050849,1.080546213
26/08/2021 07:00,1.18183424,0.79824387,1.013567188,1.129136647,1.273530842,1.03541419
26/08/2021 08:00,1.132436422,0.765450964,0.971096967,1.082685956,1.224427429,0.992123049
26/08/2021 09:00,1.06181598,0.717487637,0.910268519,1.014594385,1.190016987,0.929909304
26/08/2021 10:00,1.002853971,0.70044958,0.888750603,0.990505483,1.118269361,0.882980891
26/08/2021 11:00,1.07643589,0.72761353,0.923197941,1.031890813,1.007373916,0.943098466
26/08/2021 12:00,1.336491262,0.813233579,1.03402686,1.150034737,1.303259061,1.158161882
26/08/2021 13:00,1.266418858,0.855930179,1.086827251,1.210410745,1.369008979,1.109427813
26/08/2021 14:00,1.44148615,0.974523203,1.09141564,1.377848339,1.558315304,1.262881923
26/08/2021 15:00,1.60779861,1.086782752,1.41099858,1.547904463,1.628528633,1.536343601
26/08/2021 16:00,1.668897497,1.127983125,1.431386343,1.59508823,1.803872185,1.462005298
26/08/2021 17:00,1.54154317,1.042029706,1.267113232,1.486281459,1.666533017,1.350579995
26/08/2021 18:00,1.417969842,0.958523378,1.216054195,1.263208749,1.551496815,1.242471532
26/08/2021 19:00,1.336753639,0.903564769,1.146389872,1.277782271,1.445125073,1.292790229
26/08/2021 20:00,1.382317383,0.934364835,1.291525231,1.32130044,1.494723751,1.211083858
26/08/2021 21:00,1.458065642,0.976624778,1.250468638,1.393803075,1.576195924,1.277423258
26/08/2021 22:00,1.52282615,1.029355314,1.466309978,1.455637094,1.719939083,1.334186207
26/08/2021 23:00,1.636138839,1.105919998,1.403105247,1.563543557,1.768358793,1.431136628
27/08/2021 00:00,1.692984804,1.140720506,1.446091937,1.63356942,1.80875,1.544626314
27/08/2021 01:00,1.642946053,1.084570778,1.408972438,1.57041823,1.781486252,1.439374974
27/08/2021 02:00,1.567819485,1.059746822,1.344695406,1.498549143,1.694974849,1.373600702
27/08/2021 03:00,1.437135038,0.971391264,1.232570234,1.34149783,1.486267668,1.249533337
27/08/2021 04:00,1.344534707,0.908804619,1.155350486,1.284841049,1.380727682,1.177943193
27/08/2021 05:00,1.273212972,0.860621171,1.092894528,1.217007229,1.37640745,1.14551238
27/08/2021 06:00,1.210351044,0.818223655,1.037236036,1.157035589,1.370973686,1.060226554
27/08/2021 07:00,1.193100263,0.779596945,0.968915275,1.043094315,1.246906362,1.0234647
27/08/2021 08:00,1.104645792,0.802849009,0.947199672,1.071946119,1.204501341,0.967515011
27/08/2021 09:00,1.076967512,0.617775414,0.902741623,1.006106172,1.137931888,0.874400016
27/08/2021 10:00,1.008294047,0.681587875,0.86469355,0.963791331,1.090459465,0.883860325
27/08/2021 11:00,1.079152863,0.830902256,0.926943516,1.033155582,1.167870131,0.946943376
27/08/2021 12:00,1.206117498,0.765310666,1.03298788,1.315926149,1.304054834,1.05662574
27/08/2021 13:00,1.238715407,0.862189769,1.089437048,1.219180861,1.37889019,1.111059318
27/08/2021 14:00,1.415227725,0.955394811,1.1981819,1.35281585,1.550229118,1.239895613
27/08/2021 15:00,1.803032885,1.098142235,1.393252854,1.548786002,1.758132651,1.423338669
27/08/2021 16:00,1.649262227,1.114747124,1.337687441,1.576410742,1.819993071,1.469768596
27/08/2021 17:00,1.521695977,0.95686134,1.361664125,1.454921918,1.654850925,1.333366152
27/08/2021 18:00,1.39770473,0.945431086,1.199437504,1.497216556,1.511984134,1.225320888
27/08/2021 19:00,1.317584573,0.890289802,1.129858928,1.259424366,1.424831876,1.154356915
27/08/2021 20:00,1.353523658,0.914914497,1.160722801,1.416600262,1.663811714,1.100992509
27/08/2021 21:00,1.505933952,0.94215968,1.299807222,1.332437825,1.506798697,1.076740869
27/08/2021 22:00,1.463722366,0.98939316,1.252475899,1.426225882,1.734635353,1.299001725
27/08/2021 23:00,1.593264201,1.111385639,1.368718544,1.522900125,1.72237564,1.414993011
28/08/2021 00:00,1.727098569,1.168453698,1.482475186,1.652300609,1.73625,1.557900298
28/08/2021 01:00,1.620748193,1.095519207,1.591042728,1.549190403,1.75212925,1.51848746
28/08/2021 02:00,1.545707643,1.044804933,1.325567777,1.6062265,1.671218801,1.348752362
28/08/2021 03:00,1.440553569,0.956555885,1.21361511,1.350790788,1.529809859,1.280189493
28/08/2021 04:00,1.32234229,0.893814875,1.134038992,1.263960667,1.429527513,1.016995552
28/08/2021 05:00,1.250691764,0.845496502,1.051458593,1.19548065,1.333153177,1.147330614
28/08/2021 06:00,1.172933184,0.966253581,1.018122774,1.12813178,1.283435265,1.040072759
28/08/2021 07:00,1.134223642,0.744025632,1.023535288,1.084271327,1.226147699,1.004457308
28/08/2021 08:00,1.084624439,0.733140872,0.939381489,1.036738941,0.957037553,0.926239021
28/08/2021 09:00,1.058122486,0.715221716,0.907919265,1.011147983,1.144119897,0.924662853
28/08/2021 10:00,0.98618748,0.666613218,0.73130064,0.942657717,1.043086223,0.864004522
28/08/2021 11:00,1.101381389,0.580565645,0.944517279,1.052738142,1.391741089,0.964896155
28/08/2021 12:00,1.344331883,0.822269321,1.049748584,1.128662795,1.025810548,1.071190004
28/08/2021 13:00,1.372391432,0.869314443,1.135637245,1.229975452,1.390375005,1.336736036
28/08/2021 14:00,1.387923585,0.938173861,1.19020845,1.326661308,1.500405491,1.212798272
28/08/2021 15:00,1.428250554,1.093362593,1.562601351,1.539164077,1.748634624,1.417112658
28/08/2021 16:00,1.671044001,1.125969575,1.661306048,1.592259181,1.800851208,1.459465728
28/08/2021 17:00,1.488001804,1.005905929,1.354231849,1.42231059,1.557664839,1.340394005
28/08/2021 18:00,1.313628058,0.888490274,1.127242537,1.214017657,1.421002568,1.151571546
28/08/2021 19:00,1.311812182,0.88683831,1.112209074,1.253914498,1.418141392,1.149252844
28/08/2021 20:00,1.322593429,0.904901706,1.133824428,1.264180228,1.429733281,1.159815764
28/08/2021 21:00,1.269289138,0.901912099,1.120923273,1.246794557,1.413094293,1.145133685
28/08/2021 22:00,1.309800742,0.880192844,1.116827538,1.247273135,1.480420128,1.138102461
28/08/2021 23:00,1.459849903,0.986775347,1.255074813,1.395341084,1.578059993,1.278020014
29/08/2021 00:00,1.73625,1.250237562,1.49011293,1.73625,1.73625,1.620443601
29/08/2021 01:00,1.577619975,1.066390698,1.562191394,1.51192604,1.705498699,1.370011362
29/08/2021 02:00,1.163514241,0.966911973,1.227753799,1.567444092,1.549160796,1.253126731
29/08/2021 03:00,1.327795322,0.850221567,1.138500523,1.26676639,1.435231846,1.208686972
29/08/2021 04:00,1.233528003,0.84313227,1.058313829,1.163218844,1.333531564,1.080297258
29/08/2021 05:00,1.184751568,0.800789126,1.016150065,1.109025578,1.331666923,1.037944793
29/08/2021 06:00,1.122121275,0.758504827,0.962328207,1.072601464,1.213108075,0.983107178
29/08/2021 07:00,1.000839505,0.676493939,0.858275815,0.956611918,1.081938932,0.876850636
29/08/2021 08:00,1.071626721,0.71443644,0.906324042,0.98905474,1.142636669,0.926196914
29/08/2021 09:00,0.967810015,0.654197697,0.829600285,0.925056491,1.046291065,0.937428342
29/08/2021 10:00,1.063507087,0.682080016,0.910633411,1.015466242,1.150916871,0.930786068
29/08/2021 11:00,1.141277523,0.651819434,0.885872954,0.971230841,1.098453449,0.886532231
29/08/2021 12:00,1.238714383,0.821219177,0.972434806,1.08982278,1.248719615,1.008938976
29/08/2021 13:00,1.206286347,0.796987736,1.034484732,1.155385114,1.304040299,1.054160007
29/08/2021 14:00,1.369812713,0.925939929,1.174827197,1.309359363,1.480624474,1.200117165
29/08/2021 15:00,1.62023422,1.06326063,1.338975442,1.504184384,1.701227089,1.395146555
29/08/2021 16:00,1.496099472,1.102976302,1.212738562,1.550499434,1.766840452,1.432254103
29/08/2021 17:00,1.409693852,0.849651739,1.205567886,1.345963601,1.512890666,1.250458071
29/08/2021 18:00,1.188860777,0.80270899,1.026235457,1.135118005,1.283802149,0.944677893
29/08/2021 19:00,1.26908835,0.968923945,1.049599439,1.215885382,1.371950558,1.111891018
29/08/2021 20:00,1.26448503,0.854774344,1.084407346,1.20869897,1.46088048,1.107826815
29/08/2021 21:00,1.271835128,0.859691238,1.091501887,1.215698154,1.370100088,1.11434611
29/08/2021 22:00,1.348255137,0.911488824,1.155921279,1.282314046,1.457479902,1.181232796
29/08/2021 23:00,1.489999893,1.006913644,1.277476799,1.423915845,1.610396712,1.3550613
30/08/2021 00:00,1.714048074,1.158753613,1.469967762,1.638395537,1.852988656,1.501680757
30/08/2021 01:00,1.361293652,0.919383148,1.16603185,1.299374319,1.471020644,1.191011096
30/08/2021 02:00,1.251513691,0.845936968,1.073280762,1.3449575,1.465422131,1.096613275
30/08/2021 03:00,1.138942949,0.649405231,0.935002565,1.088616936,1.231354414,0.999436604
30/08/2021 04:00,1.065725277,0.632025445,0.913944782,1.018674654,1.124698472,0.933683236
30/08/2021 05:00,1.242072259,0.693642824,0.898091519,1.032707356,1.109445996,0.899449432
30/08/2021 06:00,1.110613533,0.73749808,0.913016717,1.017748976,1.124357557,0.932622492
30/08/2021 07:00,1.164998827,0.789674334,1.057815289,1.154039285,1.28344328,1.033815359
30/08/2021 08:00,1.133857413,0.848691868,0.972391154,1.083813253,1.225774438,0.993360449
30/08/2021 09:00,1.040057186,0.733693491,0.799056835,0.993868231,1.124896123,0.910898169
30/08/2021 10:00,1.066219852,0.63331499,0.914463711,1.019144436,1.331058163,0.933878544
30/08/2021 11:00,1.093759749,0.73989275,0.868404809,1.094575017,1.183316505,0.959593316
30/08/2021 12:00,1.221835743,0.829604217,1.056936543,1.167608506,1.320598833,1.030700441
30/08/2021 13:00,1.29960747,0.872233585,1.106621539,1.233421796,1.394981167,1.130509141
30/08/2021 14:00,1.445604688,0.977130828,1.210774488,1.52026419,1.562801054,1.264174414
30/08/2021 15:00,1.650994293,1.022311044,1.415972964,1.578207413,1.784967816,1.647789542
30/08/2021 16:00,1.637226923,1.167236833,1.480891646,1.7235513,1.80875,1.512880476
30/08/2021 17:00,1.49581399,1.004804431,1.282801599,1.429798179,1.61695547,1.311467076
30/08/2021 18:00,1.306686726,0.968164477,1.141341197,1.272109512,1.557530669,1.078604775
30/08/2021 19:00,1.347890877,0.955113241,1.23256385,1.340544667,1.516264998,1.228747244
30/08/2021 20:00,1.394878033,0.932924192,1.183630177,1.319256626,1.492084442,1.208784264
30/08/2021 21:00,1.388176461,0.938419605,1.190323563,1.32679476,1.500520028,1.216072989
30/08/2021 22:00,1.527794951,1.032700166,1.310219019,1.460349244,1.651623838,1.230642482
30/08/2021 23:00,1.660954313,1.140527134,1.429012585,1.590292238,1.627988384,1.455169073
31/08/2021 00:00,1.594455361,1.181893877,1.469151403,1.626208296,1.80875,1.499872888
31/08/2021 01:00,1.501188117,1.014685344,1.287361279,1.434871308,1.581060709,1.315009869
31/08/2021 02:00,1.399007318,0.928715972,1.178255937,1.313427291,1.485612699,1.201105703
31/08/2021 03:00,1.289337066,0.851055806,1.082059774,1.173323375,1.358749545,1.069620309
31/08/2021 04:00,1.30614728,0.690570696,1.013325774,1.13004186,1.27808066,1.035756511
31/08/2021 05:00,1.117054509,1.004270871,0.975113366,1.095077205,1.229327219,0.99615424
31/08/2021 06:00,1.166989519,0.838051978,1.000772794,1.11894005,1.261537577,1.022374091
31/08/2021 07:00,1.208436906,0.783059509,0.993519562,1.138226532,1.238419979,1.015126822
31/08/2021 08:00,0.984722088,0.789336838,0.976099386,1.243195469,1.230449321,0.997126177
31/08/2021 09:00,1.01554087,0.781219729,0.924619888,1.015041735,1.10971012,0.923666324
31/08/2021 10:00,1.034047901,0.689738808,0.88679303,0.95492818,1.117826562,0.906045272
31/08/2021 11:00,1.067344609,0.717365292,0.910157414,1.014419148,1.09611151,0.929766342
31/08/2021 12:00,1.194669613,0.807531222,1.026295965,1.137091854,1.29161696,1.030310881
31/08/2021 13:00,1.139859333,0.780668741,1.043481209,1.16328776,1.31534122,1.06599723
31/08/2021 14:00,1.5532766,0.979561613,1.243256415,1.432281958,1.527538754,1.270096768
31/08/2021 15:00,1.543165665,1.043149456,1.32238695,1.475051823,1.662832279,1.293434458
31/08/2021 16:00,1.627642778,0.942180466,1.387204834,1.494830917,1.748975646,1.417366012
31/08/2021 17:00,1.304036911,0.881468929,1.027213421,1.246349489,1.415989044,1.153432387
31/08/2021 18:00,1.140890539,0.780591436,0.990333001,1.103840423,1.248420595,1.000407962
31/08/2021 19:00,1.35360371,0.812338337,1.030262305,1.148645669,1.29913998,1.052832486
31/08/2021 20:00,1.153753169,0.818937658,0.989733035,1.102789773,1.247230651,1.011939379
31/08/2021 21:00,1.159249216,0.711546224,0.994156106,1.108044024,1.252942357,1.07677449
31/08/2021 22:00,1.427568566,0.89131772,1.413094579,1.328477722,1.580108643,1.187296317
31/08/2021 23:00,1.489133445,1.191269524,1.477497861,1.2844476,1.599800918,1.304911002
01/09/2021 00:00,1.380149987,0.85278848,1.200946688,1.318961916,1.500950123,1.208726152
01/09/2021 01:00,1.235256038,0.622646669,1.059362973,1.180725012,1.298446809,1.062289605
01/09/2021 02:00,1.134404743,0.889761362,0.973451876,1.286264245,1.294263706,0.991558003
01/09/2021 03:00,1.021678805,0.690571979,0.877752148,0.977426311,1.104457064,0.900536083
01/09/2021 04:00,0.931358957,0.639841855,0.812209859,0.804502575,1.023613664,0.829768492
01/09/2021 05:00,0.905643981,0.612148147,0.952080559,0.865650579,0.930883289,0.737926785
01/09/2021 06:00,1.009707573,0.631348159,0.807916,1.034344142,1.018559709,0.825312007
01/09/2021 07:00,0.953657325,0.644587917,0.787738222,1.000280982,1.062543213,0.835474591
01/09/2021 08:00,0.879024655,0.593752366,0.753968022,0.840215092,0.949915688,0.740073093
01/09/2021 09:00,0.920067488,0.576182393,0.731481118,0.813972857,1.102535516,0.746893928
01/09/2021 10:00,1.027714435,0.548422342,0.835789598,0.876985821,0.918025649,0.785096634
01/09/2021 11:00,0.827729644,0.658450482,0.835401843,0.809456142,1.053017506,0.78950154
01/09/2021 12:00,1.122412702,0.766433872,0.970427682,1.081681956,1.223370326,0.991410042
01/09/2021 13:00,1.209670454,0.820178422,1.042188831,1.101400878,1.313720403,1.064690337
01/09/2021 14:00,1.322964438,0.897393354,1.137639931,1.268261609,1.434379518,1.162416745
01/09/2021 15:00,1.430118498,0.973146931,1.237823049,1.376115726,1.556370258,1.261295462
01/09/2021 16:00,1.383137808,0.953865119,1.230162409,1.315110038,1.487020235,1.20332454
01/09/2021 17:00,1.382964015,0.870737237,1.105075354,1.231429578,1.353653864,1.168370548
01/09/2021 18:00,1.187440877,0.806121453,1.023763854,1.139940753,1.243890775,1.044371151
01/09/2021 19:00,1.22905041,0.902128239,1.056275823,1.174797996,1.328678847,1.076773305
01/09/2021 20:00,1.391880288,0.926118816,1.210803321,1.266261949,1.526311775,1.236628226
01/09/2021 21:00,1.406757449,0.845507514,1.078527844,0.9832231,1.368220938,1.071900679
01/09/2021 22:00,1.450790279,1.169547594,1.216757385,1.365403156,1.533868275,1.243499003
01/09/2021 23:00,1.442625844,0.975150544,1.10760244,1.378942372,1.525,1.260280755
02/09/2021 00:00,1.213928755,1.046995828,1.232130287,1.175444574,1.421524899,1.16728895
02/09/2021 01:00,1.1691806,0.822737343,1.043821666,1.126701011,1.460588156,1.058569748
02/09/2021 02:00,1.156345774,0.763680452,0.923603285,1.081700134,1.17308429,0.991734886
02/09/2021 03:00,1.018765685,0.676883671,0.873628127,0.973696324,1.101305295,0.849552088
02/09/2021 04:00,0.944776103,0.63836879,0.81280125,0.74863839,1.248357678,0.794789133
02/09/2021 05:00,0.910090629,0.61063438,0.776996142,0.858370095,0.958171222,0.791189229
02/09/2021 06:00,0.928077144,0.63600182,0.804495483,0.898210685,1.031719383,0.803107695
02/09/2021 07:00,1.124727827,0.650741042,0.824082687,0.91855683,1.039267678,0.841917896
02/09/2021 08:00,0.885869066,0.721667265,0.75970307,0.721665843,0.957094869,0.776095466
02/09/2021 09:00,0.903662201,0.580534398,0.736469672,0.820963132,0.903089875,0.752138995
02/09/2021 10:00,0.843972049,0.609990809,0.771712285,0.860158375,1.175977798,0.78839129
02/09/2021 11:00,0.979399397,0.662043345,0.839920494,0.936164478,1.043441005,0.887578791
02/09/2021 12:00,1.136182723,0.768139144,1.154069564,1.094563007,1.230115471,0.995595035
02/09/2021 13:00,1.221852145,0.825499633,1.047831443,1.169193656,1.381574696,1.070031874
02/09/2021 14:00,1.332268942,0.900531053,1.143442576,1.2734151,1.439989535,1.185381001
02/09/2021 15:00,1.439172864,0.972828227,1.22765863,1.375656801,1.525,1.153010846
02/09/2021 16:00,1.374810581,0.929600069,1.179048872,1.314164717,1.486151198,1.2053981
02/09/2021 17:00,1.287671383,0.870405346,1.10426892,1.253331647,1.392016956,1.128124788
02/09/2021 18:00,1.192115995,0.806326109,1.03769032,1.139503344,1.288746352,1.044414504
02/09/2021 19:00,1.228740308,0.964738557,1.050921365,1.35540959,1.328338183,1.085217217
02/09/2021 20:00,1.489634671,0.943838127,1.213940725,1.349365249,1.526118795,1.236766942
02/09/2021 21:00,1.421415477,0.916057506,1.222751407,1.424086626,1.537623324,1.25884982
02/09/2021 22:00,1.383774433,0.937102874,1.179909135,1.322682262,1.495947158,1.212323428
02/09/2021 23:00,1.525,0.935690971,1.186742264,1.322196184,1.495947215,1.125946641
03/09/2021 00:00,1.290296453,0.850347565,1.18377846,1.233441149,1.325688088,1.13093997
03/09/2021 01:00,1.206697224,0.720912749,1.141014739,1.153416848,1.262698295,1.057247451
03/09/2021 02:00,1.149810947,0.766824637,1.021354066,1.099050629,1.252618872,1.01700312
03/09/2021 03:00,1.031946541,0.89277161,0.885023673,0.902837883,1.115592879,0.908819725
03/09/2021 04:00,0.930629817,0.892079243,0.798118842,0.898801314,1.006161306,0.78500724
03/09/2021 05:00,0.866190284,0.61257074,0.751635995,0.850562643,0.961981633,0.779719203
03/09/2021 06:00,0.92695954,0.580655162,0.695034016,0.897157245,1.017973641,0.811769771
03/09/2021 07:00,0.958136972,0.707309815,0.82175244,0.915934328,1.015664686,0.839476921
03/09/2021 08:00,0.933710512,0.596890351,0.756642292,0.844050588,0.954760323,0.773632382
03/09/2021 09:00,0.855933865,0.578579615,0.734196492,0.999080711,0.925302593,0.749893586
03/09/2021 10:00,0.895747408,0.605517869,0.768215936,0.85621607,0.968370681,0.784781053
03/09/2021 11:00,0.976583605,0.660018074,0.960431429,0.933304905,1.05554765,0.865991787
03/09/2021 12:00,1.260823269,0.765313051,0.972885764,1.098391202,1.219718199,1.01376472
03/09/2021 13:00,1.218505841,0.775397196,1.044868914,1.164612637,1.316797452,1.067407947
03/09/2021 14:00,1.327153237,0.907436881,1.13999161,1.270614968,1.436900912,1.165891747
03/09/2021 15:00,1.431971824,0.977535285,1.177868815,1.368746305,1.525,1.254541984
03/09/2021 16:00,1.376459088,0.920043893,1.182218988,1.312625126,1.48805899,1.205886411
03/09/2021 17:00,1.283379097,0.865994716,1.100612738,1.204315165,1.387582864,1.124360685
03/09/2021 18:00,1.188750725,0.803567556,1.019485389,1.136051271,1.252640927,1.041580426
03/09/2021 19:00,1.142715257,1.091883359,1.051561849,1.187186574,1.325608792,1.074302621
03/09/2021 20:00,1.485393228,0.955112461,1.079169759,1.350618029,1.527526167,1.314951837
03/09/2021 21:00,1.297898568,0.959482958,1.221696953,1.525,1.538983231,1.153479296
03/09/2021 22:00,1.347606431,0.911507966,1.154192721,1.278350653,1.45745295,1.181136931
03/09/2021 23:00,1.382980557,0.914967539,1.185563234,1.32140442,1.495422396,1.211106986
04/09/2021 00:00,1.2625,0.870636745,1.105230982,1.103689532,1.343084596,1.129073971
04/09/2021 01:00,1.194032433,0.807086423,1.023994154,1.141310824,1.291269392,0.998892872
04/09/2021 02:00,1.137778431,0.781252595,0.991192963,1.104442023,1.249409888,1.012202089
04/09/2021 03:00,0.950078278,0.642195437,0.814770974,1.041479657,1.077666143,0.832179244
04/09/2021 04:00,0.846248471,0.572219772,0.726030527,0.809218489,0.91522444,0.74176853
04/09/2021 05:00,0.799937908,0.540790357,0.629302747,0.764641317,0.864730281,0.800033979
04/09/2021 06:00,0.881634311,0.562116502,0.706772688,0.703880933,0.899011579,0.728582546
04/09/2021 07:00,0.836645018,0.573089916,0.727310664,0.810528701,0.99398297,0.743047641
04/09/2021 08:00,0.74265822,0.518281219,0.656894608,0.732178618,0.826578843,0.671001792
04/09/2021 09:00,0.64611293,0.446121309,0.578534804,0.64454681,0.711957491,0.577067916
04/09/2021 10:00,0.691723452,0.516135229,0.597706803,0.899132782,0.747770938,0.692386875
04/09/2021 11:00,0.741122307,0.412676517,0.659581945,0.735172965,0.91444652,0.673811587
04/09/2021 12:00,0.925531911,0.624360708,0.793740184,0.865132091,0.97680703,0.796866797
04/09/2021 13:00,1.009972328,0.705744406,0.866612436,0.909201836,1.157537913,0.885342407
04/09/2021 14:00,1.035263986,0.758100057,1.037980582,1.072047042,1.212465733,0.982258117
04/09/2021 15:00,1.172862394,0.962251957,1.054549227,1.14739232,1.351467929,1.077535273
04/09/2021 16:00,1.166547849,0.788578614,1.000538768,1.113001892,1.2625,1.022085659
04/09/2021 17:00,1.079293944,0.729517317,0.925553873,1.031615027,1.166983716,0.945529079
04/09/2021 18:00,0.98383069,0.665037517,0.84369801,0.820356742,1.063522866,0.965482775
04/09/2021 19:00,1.020505073,0.687527104,0.725261011,0.97594673,1.100564173,0.937546636
04/09/2021 20:00,1.2031362,1.030778147,0.971436222,1.2625,1.300787878,1.054171977
04/09/2021 21:00,1.213847997,0.82049589,1.040990723,1.143760162,1.312564147,1.063474154
04/09/2021 22:00,1.085885562,0.748639605,0.950044744,1.058812088,1.197499405,0.861444069
04/09/2021 23:00,1.173187716,0.707641859,1.008637196,1.12421692,1.271510338,1.030709649
05/09/2021 00:00,1.094491564,0.732264029,0.928963562,1.035382331,1.171004964,0.94898793
05/09/2021 01:00,0.97903667,0.679343737,0.839773635,0.935026306,1.058377867,0.946224494
05/09/2021 02:00,0.896706643,0.658191911,0.834965655,0.930631066,1.030129984,0.852977886
05/09/2021 03:00,0.837665359,0.573852478,0.728044206,0.778831939,0.901502073,0.743775702
05/09/2021 04:00,0.737958437,0.519176031,0.632852592,0.705384302,0.794217698,0.646569547
05/09/2021 05:00,0.699083899,0.441181218,0.599532247,0.63645673,0.682632653,0.612549947
05/09/2021 06:00,0.739298407,0.536374682,0.634153324,0.706660764,0.79924903,0.648226797
05/09/2021 07:00,0.765786312,0.518847988,0.656999602,0.732192666,0.827484284,0.670980342
05/09/2021 08:00,0.695030825,0.436947371,0.596045065,0.670672252,0.650557629,0.608912179
05/09/2021 09:00,0.70555002,0.484531301,0.647941165,0.685091857,0.774927935,0.609858002
05/09/2021 10:00,0.76153209,0.516934404,0.656129002,0.730064272,0.826992725,0.670292948
05/09/2021 11:00,0.850815658,0.575101645,0.729653185,0.813245403,0.88209209,0.946024614
05/09/2021 12:00,1.014230843,0.727599265,0.869750357,0.969390325,1.121718982,0.888576732
05/09/2021 13:00,1.105436125,0.747236447,0.948010687,1.122670025,1.214583224,0.968473721
05/09/2021 14:00,1.222553153,0.825616746,1.048456128,1.066390155,1.321660604,1.2625
05/09/2021 15:00,1.339517354,0.909391329,1.148127607,1.280370015,1.376616636,1.090088061
05/09/2021 16:00,1.282259341,0.866694636,1.099326935,1.22570338,1.386189241,1.123382293
05/09/2021 17:00,1.202124323,0.78420042,1.030785851,1.113431214,1.299566698,1.077977401
05/09/2021 18:00,1.114832332,0.753577856,0.956085861,1.025444584,1.205236384,1.017455994
05/09/2021 19:00,1.215555549,0.821585874,1.044331148,1.2011609,1.31392811,1.111826243
05/09/2021 20:00,1.404528085,0.949251838,1.204515464,1.352835321,1.2625,1.230079992
05/09/2021 21:00,1.2625,0.959402892,1.216972912,1.2625,1.607017384,1.243259665
05/09/2021 22:00,1.278545706,0.911262688,1.156160911,1.288622796,1.457423726,1.181051172
05/09/2021 23:00,1.375012823,0.929370339,1.179087102,1.314206508,1.485870477,1.056832837
06/09/2021 00:00,1.254897879,0.889053097,1.040236657,1.22020386,1.396113128,1.131301277
06/09/2021 01:00,1.197823483,0.809432459,1.026693376,1.144587041,1.294434153,1.049091226
06/09/2021 02:00,1.101192511,0.644225851,0.993461134,1.10714462,1.251781321,1.014873153
06/09/2021 03:00,1.037868194,0.701209735,0.888672426,1.042099623,1.260471361,0.909243265
06/09/2021 04:00,0.939783857,0.61424954,0.810042157,0.902412858,1.021228018,0.827627234
06/09/2021 05:00,0.90696755,0.61063533,0.774660482,0.863500437,0.976571476,0.809658023
06/09/2021 06:00,0.970987406,0.635731476,0.804687554,0.788898826,1.016158643,0.843385742
06/09/2021 07:00,0.961247677,0.649660404,0.824285961,0.918821133,1.039166791,0.841589111
06/09/2021 08:00,0.858294747,0.596133215,0.861376411,0.843257189,0.953671131,0.777979326
06/09/2021 09:00,0.747870998,0.569852417,0.733241105,0.666011865,0.992038627,0.714995194
06/09/2021 10:00,0.896329018,0.605913184,0.768775431,0.856678119,0.912656039,0.837213932
06/09/2021 11:00,0.975463673,0.608572059,0.833130775,0.992204657,1.066080672,1.026885724
06/09/2021 12:00,1.091251973,0.679061348,0.971161808,1.082431672,1.30498282,0.99220498
06/09/2021 13:00,1.217460863,0.74931143,1.043462297,1.163669946,1.479163148,0.964373468
06/09/2021 14:00,1.218738006,0.947148655,1.146789415,1.331403348,1.436034805,1.163737538
06/09/2021 15:00,1.436902796,0.972458326,1.234310225,1.36995998,1.525,1.261078395
06/09/2021 16:00,1.375639495,1.152902326,1.179806736,1.160735783,1.487063959,1.213563506
06/09/2021 17:00,1.288272339,0.870790448,1.10472275,1.23180117,1.514342984,1.128650874
06/09/2021 18:00,1.19265904,0.806188472,1.022333953,1.140050867,1.289416838,1.044896605
06/09/2021 19:00,1.22899811,0.701331735,1.054215883,1.15727645,1.28668835,1.076953425
06/09/2021 20:00,1.412431599,1.187339982,1.21105793,1.299721517,1.526774277,1.237234656
06/09/2021 21:00,1.451679165,0.961731386,1.220201316,1.360034632,1.544771668,1.265099579
06/09/2021 22:00,1.380348824,0.933036269,1.181651042,1.319397194,1.492221881,1.222587014
06/09/2021 23:00,1.368425339,0.924991709,1.173918967,1.308101733,1.479914071,0.992146576
07/09/2021 00:00,1.291762631,0.874673135,1.107796923,1.234726026,1.370747298,1.131706757
07/09/2021 01:00,1.228345146,0.803022668,0.822541442,1.182940535,1.304709509,0.952662197
07/09/2021 02:00,1.142165147,0.777136568,0.978948941,1.091732901,1.23472942,1.000639085
07/09/2021 03:00,1.025136867,0.68788875,0.879269162,0.979462184,1.087383143,0.898272767
07/09/2021 04:00,0.943071926,0.49987528,1.067607415,0.902963486,1.021287265,0.74962855
07/09/2021 05:00,0.903496368,0.601245897,0.77478961,0.986060382,0.977191599,0.7915014
07/09/2021 06:00,0.940039151,0.635408898,0.805452456,0.738320375,0.848631814,0.823574856
07/09/2021 07:00,0.985588179,0.649994077,0.639755848,0.917865697,1.039195112,0.842023187
07/09/2021 08:00,0.882246849,0.596373005,0.756639551,0.843353745,0.953786431,0.77297242
07/09/2021 09:00,0.855160408,0.57803148,0.733526217,0.817634416,0.924485706,0.749291675
07/09/2021 10:00,0.745101247,0.60602181,0.768954402,0.857555837,0.917571275,0.785410545
07/09/2021 11:00,0.86597572,0.509371898,0.836666861,0.932687126,1.123083658,1.132150836
07/09/2021 12:00,1.132120738,0.765539336,0.971321736,1.082553383,1.211091495,1.051042762
07/09/2021 13:00,1.217557784,0.83133902,1.037762709,0.946316698,1.516382374,1.035170941
07/09/2021 14:00,1.328494659,0.778803938,1.098515556,1.371019514,1.436226857,1.163896617
07/09/2021 15:00,1.430156099,0.940080051,1.270816417,1.375912614,1.525,1.280790319
07/09/2021 16:00,1.371537604,0.929931516,1.153059497,1.315004257,1.487271641,1.205638429
07/09/2021 17:00,1.288453783,0.761901748,1.110963376,1.237583601,1.35208832,1.197853451
07/09/2021 18:00,1.242925999,0.806316227,1.02351229,1.140230088,1.289504855,1.045093805
07/09/2021 19:00,1.229479537,0.8310708,1.054401854,1.175213322,1.329189181,1.077163204
07/09/2021 20:00,1.412387866,0.9548052,1.21127429,1.350060322,1.528305948,1.283423841
07/09/2021 21:00,1.423008271,0.964889094,1.220365742,1.360197544,1.515606353,1.246252983
07/09/2021 22:00,1.419210296,0.959312431,1.28478822,1.322777405,1.462783702,1.243389839
07/09/2021 23:00,1.460403959,0.918636647,1.131736727,1.236812623,1.469197079,1.190658617
08/09/2021 00:00,1.293917359,0.853809473,1.140154449,1.505044145,1.500851577,1.131998381
08/09/2021 01:00,1.218321511,0.823720227,1.042454095,1.164832073,1.318405714,1.067687853
08/09/2021 02:00,1.132002786,0.786460578,0.97172606,1.082799915,1.225502147,1.045991318
08/09/2021 03:00,1.019492407,0.657131385,0.889146872,0.976687034,1.062857971,0.893199999
08/09/2021 04:00,0.836429483,0.638691976,0.810572382,0.844089295,1.020478533,0.828157291
08/09/2021 05:00,0.934944388,0.610996432,0.77518224,0.811437954,0.977207081,0.791937434
08/09/2021 06:00,0.965339741,0.636069965,0.806599583,0.749102905,1.016674611,0.824134281
08/09/2021 07:00,0.961773674,0.650140298,0.824845182,0.91958681,1.095558822,0.84192221
08/09/2021 08:00,0.88277609,0.596593904,0.757098933,0.838595528,0.955219618,0.773362253
08/09/2021 09:00,0.855611021,0.578342331,0.733767851,0.817818773,0.916141651,0.767144438
08/09/2021 10:00,0.896905192,0.606258882,0.769170462,0.978650006,0.969606134,0.784929062
08/09/2021 11:00,0.982068891,0.65985313,0.86537634,0.932896065,1.049864172,1.014157046
08/09/2021 12:00,1.132327311,0.725052317,0.97158635,1.235646762,1.224761368,1.100122101
08/09/2021 13:00,1.217835162,0.823202494,1.044413835,1.164092441,1.31657195,1.066964498
08/09/2021 14:00,1.328851128,0.947297482,1.116894715,1.270141745,1.437787297,1.163789201
08/09/2021 15:00,1.439733775,0.973317888,1.234662085,1.37608522,1.525,1.261362282
08/09/2021 16:00,1.376026731,0.930120033,1.083967407,1.315136869,1.487551185,1.18806029
08/09/2021 17:00,1.291053166,0.882020187,1.105238324,1.255770907,1.392964308,1.128965084
08/09/2021 18:00,1.11996789,0.806758372,1.023144864,1.206558591,1.330261374,1.15552863
08/09/2021 19:00,1.284404157,0.831245327,1.054603625,1.175477092,1.30696883,1.09766611
08/09/2021 20:00,1.412521185,0.962950903,1.211375929,1.34864632,1.527002559,1.237620491
08/09/2021 21:00,1.328570603,0.961797745,1.214904451,1.36016973,1.538418083,1.247256745
08/09/2021 22:00,1.430280943,0.925402455,1.217390603,1.375735382,1.584651351,1.243651819
08/09/2021 23:00,1.364475305,0.892266205,1.347805469,1.299321864,1.469007936,1.305938686
09/09/2021 00:00,1.291996305,0.997103147,1.10813679,1.233074533,1.423090239,1.058912875
09/09/2021 01:00,1.218943524,0.823951456,1.045366036,1.165146033,1.317698718,1.034834934
09/09/2021 02:00,1.069076243,0.783733598,0.971411569,1.079678758,1.224532898,0.993654925
09/09/2021 03:00,1.019598667,0.691765702,0.955152733,0.974586909,1.102242333,0.89324422
09/09/2021 04:00,0.945264053,0.638941758,0.810647993,0.903889883,1.021896872,0.829199171
09/09/2021 05:00,0.855952228,0.543436782,0.775220294,0.863795117,0.977464293,0.788061348
09/09/2021 06:00,0.940561811,0.636258003,0.806399133,0.898907689,1.028228995,0.823970146
09/09/2021 07:00,0.955225419,0.650219776,0.772617114,0.889585478,1.039688322,0.836097413
09/09/2021 08:00,0.882713216,0.59668128,0.706698555,1.003935977,0.905115517,0.773400381
09/09/2021 09:00,0.855132241,0.578321832,0.733953207,0.800746171,0.924889605,0.74957729
09/09/2021 10:00,0.89691291,0.605937065,0.771599932,0.801141699,0.969578123,0.780538829
09/09/2021 11:00,0.975956445,0.659688725,0.836962344,0.932189447,1.051886967,1.01913112
09/09/2021 12:00,1.132894063,0.737150959,0.984050385,1.083766258,1.224765873,0.878967632
09/09/2021 13:00,1.217848917,0.937963193,1.043878033,1.163461602,1.316437916,1.066872857
09/09/2021 14:00,1.327656432,0.898161795,1.207226001,1.270367509,1.398458699,1.170260999
09/09/2021 15:00,1.439703989,0.973170609,1.320530109,1.364852866,1.492340017,1.220935974
09/09/2021 16:00,1.27951582,0.93000354,1.179980333,1.318461744,1.48610897,1.205413886
09/09/2021 17:00,1.317036006,0.871038638,1.105141219,1.231750831,1.480324744,1.129028611
09/09/2021 18:00,1.193026411,0.806401471,1.022313598,1.140390713,1.282814041,1.044979967
09/09/2021 19:00,1.221374125,0.831466851,1.055472178,1.175439458,1.329398324,1.076905706
09/09/2021 20:00,1.412342526,0.954825505,1.240229904,1.350199422,1.533840263,1.257974131
09/09/2021 21:00,1.393054317,0.96282845,1.21730103,1.360215448,1.525,1.246765038
09/09/2021 22:00,1.419531978,0.897308693,1.21743717,1.213109888,1.534962034,1.243671078
09/09/2021 23:00,1.285863771,0.91888005,1.182400649,1.305361586,1.46950344,1.195958913
10/09/2021 00:00,1.291573283,0.873423773,1.108136951,1.209135498,1.396980124,1.094510979
10/09/2021 01:00,1.331099197,0.823976641,1.045399065,1.165220802,1.317785489,1.06796014
10/09/2021 02:00,1.132888469,0.768040894,0.971525136,1.082858303,1.224632715,0.992497395
10/09/2021 03:00,1.021238032,0.689189298,0.875268315,0.974581771,1.102236677,0.898502847
10/09/2021 04:00,0.830176976,0.638933006,0.810629857,0.899959739,1.182202584,0.82832736
10/09/2021 05:00,0.904396481,0.611040047,0.772163534,0.866391093,0.977157821,0.695125176
10/09/2021 06:00,0.940517132,0.770537692,0.806594607,0.760182684,1.010969281,0.82358945
10/09/2021 07:00,0.961752754,0.650127316,0.824778648,0.908911025,1.027334861,0.842792172
10/09/2021 08:00,0.885687795,0.596512832,0.759576788,0.843963304,1.058702411,0.775479351
10/09/2021 09:00,0.855507419,0.578298517,0.749572912,0.840754814,0.740917559,0.729073447
10/09/2021 10:00,0.896802954,0.60621868,0.769119138,0.857232089,0.969471042,0.78574491
10/09/2021 11:00,0.970677512,0.659662096,0.836930309,1.066718751,1.055009782,1.105871916
10/09/2021 12:00,1.25662254,0.765734517,0.971518784,1.082845449,1.212849294,0.992488129
10/09/2021 13:00,1.218177531,0.823868096,1.044262662,1.073249259,1.268596534,1.053000459
10/09/2021 14:00,1.328667464,0.916743057,1.154689827,1.270701273,1.436364494,1.188403776
10/09/2021 15:00,1.39127531,0.972726148,1.234656172,1.40862351,1.575322834,1.261315559
10/09/2021 16:00,1.231259177,0.929871379,1.179736842,1.314832385,1.525,1.213369427
10/09/2021 17:00,1.288698038,0.871089133,1.105174791,1.231810369,1.393157613,1.129236519
10/09/2021 18:00,1.186624224,0.806753339,1.023225042,1.140488044,1.333287761,1.045246641
10/09/2021 19:00,1.188938727,0.819754475,1.070618335,1.30390635,1.329324655,1.077377678
10/09/2021 20:00,1.412002936,0.954230594,1.204518789,1.349743058,1.488526118,1.327345142
10/09/2021 21:00,1.421374851,0.902323465,1.219282282,1.358791364,1.536768877,1.238027818
10/09/2021 22:00,1.4175837,0.957358431,1.214730263,1.360319071,1.531104819,1.241260549
10/09/2021 23:00,1.353697759,0.915003953,1.160886283,1.297517627,1.463387136,1.184730309
11/09/2021 00:00,1.2625,0.867351801,1.260670435,1.226494072,1.387064858,1.140407465
11/09/2021 01:00,1.205557765,0.814764099,1.033098696,1.168619343,1.263164562,0.954206366
11/09/2021 02:00,0.977928717,0.75298953,0.955474303,0.984550067,1.204226838,0.975922403
11/09/2021 03:00,0.993589643,0.67137763,0.853522364,1.00575082,1.08307239,0.87065186
11/09/2021 04:00,0.860681666,0.566409148,0.960467568,0.801015218,0.905960392,0.73420166
11/09/2021 05:00,0.787682288,0.490735876,0.675230716,0.713848977,0.851060678,0.673609977
11/09/2021 06:00,0.814973489,0.550805859,0.700110978,0.767407108,0.880818014,0.713886067
11/09/2021 07:00,0.836344608,0.559165831,0.70929133,0.772625534,0.893919315,0.724664527
11/09/2021 08:00,0.739117932,0.34614011,0.633790992,0.597224997,0.806002324,0.647546331
11/09/2021 09:00,0.903574104,0.475146243,0.602836608,0.671913095,0.759925969,0.633920667
11/09/2021 10:00,0.735064958,0.497891662,0.616134044,0.702648899,0.794746795,0.644012374
11/09/2021 11:00,0.804886689,0.331730567,0.769633656,0.769345756,0.850650309,0.705682651
11/09/2021 12:00,0.952445639,0.643843496,0.816818777,0.744496624,1.030701988,0.836131384
11/09/2021 13:00,1.028272699,0.695120011,0.882098127,0.983213589,1.111038252,0.900950668
11/09/2021 14:00,1.156401189,0.759970748,0.96419672,1.074674238,1.2625,0.984950536
11/09/2021 15:00,1.225747427,0.828608749,1.055759474,1.171550406,1.32522286,1.07561578
11/09/2021 16:00,1.157046142,0.743390725,0.991815355,1.106417782,1.202731446,1.013736987
11/09/2021 17:00,1.068240681,0.722366084,1.088493618,1.022661024,1.157328042,0.936234482
11/09/2021 18:00,0.97189698,0.648300073,0.90043269,0.901572152,1.051793629,0.775101842
11/09/2021 19:00,1.009584302,0.859496799,0.881158206,0.96504732,1.091491441,0.900780517
11/09/2021 20:00,1.150749331,0.809981696,1.025698499,1.2625,1.186319466,1.044790578
11/09/2021 21:00,1.106828331,0.754058323,0.963374315,1.063080552,1.198211606,0.977240228
11/09/2021 22:00,1.108091854,0.675291569,0.84086842,1.063635185,1.198149414,0.876631054
11/09/2021 23:00,1.24914791,0.783221218,1.009112465,1.124817565,1.257680008,1.125559682
12/09/2021 00:00,1.169464115,0.724528525,0.914059673,1.024568299,1.158792931,0.939084981
12/09/2021 01:00,1.033931864,0.674980169,0.847202563,0.954553576,1.079578959,0.874905312
12/09/2021 02:00,0.975731322,0.659566991,0.836804818,0.9326897,1.193194612,0.871328438
12/09/2021 03:00,0.798904328,0.540049059,0.717082499,0.763616173,0.863622536,0.749394254
12/09/2021 04:00,0.715362068,0.489666484,0.621255912,0.692448869,0.799371975,0.633889777
12/09/2021 05:00,0.544370727,0.461738807,0.585893953,0.652547954,0.738470877,0.598153267
12/09/2021 06:00,0.720786524,0.4206872,0.61816614,0.688904676,0.640890344,0.631496155
12/09/2021 07:00,0.747199982,0.504926468,0.640624443,0.730767337,0.809794738,0.654357618
12/09/2021 08:00,0.761259344,0.58696228,0.652844958,0.728174975,0.822503964,0.72243815
12/09/2021 09:00,0.737293783,0.492330615,0.633985408,0.706480676,0.799191066,0.647682537
12/09/2021 10:00,0.784750079,0.529941662,0.674311268,0.720224637,0.849341941,0.679935626
12/09/2021 11:00,0.869857942,0.588591158,0.746081578,0.831902913,0.895416829,0.762317744
12/09/2021 12:00,1.032714019,0.698038802,0.885812536,0.981667198,1.116439789,0.818700283
12/09/2021 13:00,1.192439127,0.80545281,1.022626722,1.240247441,1.288947105,1.044670312
12/09/2021 14:00,1.328667061,0.853139,1.079719794,1.270118895,1.436934059,1.164501018
12/09/2021 15:00,1.440601883,0.973871142,1.235434437,1.376992599,1.2625,1.218530384
12/09/2021 16:00,1.376773912,0.930364399,1.071247897,1.315597713,1.487993062,1.205886377
12/09/2021 17:00,1.28930136,0.871520338,1.105409589,1.23241148,1.393840143,1.073855876
12/09/2021 18:00,1.193733445,0.806856254,1.023679016,0.986894765,1.283948769,1.045777182
12/09/2021 19:00,1.137217985,0.831568944,1.055055358,1.175955643,1.384964724,1.078032446
12/09/2021 20:00,1.413223093,0.955194417,1.212484597,1.350764995,1.527683103,1.238057632
12/09/2021 21:00,1.424244192,0.962322601,1.220934906,1.3608452,1.536738827,1.247290949
12/09/2021 22:00,1.2625,0.959908577,1.22053869,1.357491422,1.535202353,1.231339578
12/09/2021 23:00,1.36517906,0.867006662,1.2625,1.2625,1.47009612,1.188340697
13/09/2021 00:00,1.292811584,0.88892179,1.108376153,1.235765773,1.39719158,1.132315074
13/09/2021 01:00,1.219268025,0.821969992,1.04562609,1.165393958,1.31799713,1.113135992
13/09/2021 02:00,1.213942242,0.76598159,0.971808592,1.08340736,1.21352169,1.01712254
13/09/2021 03:00,1.019756523,0.689270859,0.874188694,0.939993909,1.117551021,0.893362209
13/09/2021 04:00,0.945347254,0.638158017,0.861569822,0.903613249,1.025769995,0.77017671
13/09/2021 05:00,0.904067552,0.611167898,0.93843682,0.864101643,1.051007578,0.752504118
13/09/2021 06:00,0.940611131,0.630258544,0.653117177,0.899161437,1.016857411,0.822964165
13/09/2021 07:00,0.818060891,0.650153291,1.025980238,0.914545747,1.039797237,0.836245751
13/09/2021 08:00,1.016103323,0.557948061,0.78492536,0.840995552,0.954295385,0.772928868
13/09/2021 09:00,0.85560239,0.370527677,0.733769523,0.817836172,0.924736542,0.749593685
13/09/2021 10:00,0.904400565,0.606240142,0.769165673,0.85729607,0.969511912,0.786594643
13/09/2021 11:00,0.975554438,0.657994943,0.836938148,0.932863057,1.095714775,0.855018119
13/09/2021 12:00,1.132538591,0.765746663,1.098638531,1.082860132,1.200968868,0.949077348
13/09/2021 13:00,1.218858494,0.766247385,1.044159117,1.164234422,1.316726561,1.067137044
13/09/2021 14:00,1.473459702,0.898223649,1.13916181,1.270088079,1.437740953,1.164113923
13/09/2021 15:00,1.439589795,0.973121355,1.206394018,1.359773324,1.570929167,1.261287938
13/09/2021 16:00,1.37576213,0.929976888,1.179804786,1.371505102,1.487275587,1.210994455
13/09/2021 17:00,1.288914782,0.871038982,1.105095606,1.231729877,1.393053745,1.128995588
13/09/2021 18:00,1.192878774,0.806432765,1.023147617,1.14026152,1.304233849,1.044760919
13/09/2021 19:00,1.229590473,0.937158291,1.027184892,1.175342582,1.221442742,1.315215339
13/09/2021 20:00,1.412664122,0.97179549,1.199963014,1.350299186,1.525,1.284104087
13/09/2021 21:00,1.422025165,0.962050569,1.220408464,1.268260487,1.510767001,1.263727201
13/09/2021 22:00,1.419706417,0.959639429,1.270243911,1.35831061,1.53400972,1.223716014
13/09/2021 23:00,1.418445326,0.918969312,1.165785208,1.299521437,1.469647658,1.191235279
14/09/2021 00:00,1.292282606,0.873467356,1.285365034,1.235168871,1.339897804,1.132109551
14/09/2021 01:00,1.219052627,0.824017021,1.04322773,1.133665183,1.372777787,1.06798179
14/09/2021 02:00,1.132941573,0.765830331,0.971587358,1.083153478,1.22502025,0.971094433
14/09/2021 03:00,1.019590617,0.689204891,0.874459834,0.901976742,0.982211896,0.882682237
14/09/2021 04:00,0.990558437,0.842085916,0.810628239,0.903513058,1.0214268,0.828118702
14/09/2021 05:00,0.920610546,0.61101453,0.775195616,0.864025493,0.977436874,0.753601433
14/09/2021 06:00,0.940090105,0.635703267,0.806570882,0.898931024,1.016749774,0.823986625
14/09/2021 07:00,0.96175274,0.650063963,0.824776185,0.912432996,1.039708202,0.842591146
14/09/2021 08:00,0.882683116,0.596525586,0.704730844,0.843701616,0.954226423,0.7733276
14/09/2021 09:00,0.855548298,0.578319834,0.733668049,0.874828178,0.924877312,0.749537301
14/09/2021 10:00,0.896324735,0.606269798,0.769110192,0.857248187,0.969853622,0.838749108
14/09/2021 11:00,0.975744892,0.661373959,0.83712863,0.929888466,0.95020315,0.854490033
14/09/2021 12:00,1.132837178,0.825340178,0.975215423,1.083099031,1.222331715,0.992473526
14/09/2021 13:00,1.217863678,0.932560753,0.915666053,1.164092336,1.31663093,1.066945206
14/09/2021 14:00,1.282406347,0.899874302,1.13951171,1.266447912,1.436450629,1.16182486
14/09/2021 15:00,1.534360886,0.973008838,1.234172177,1.298832697,1.525,1.306111483
14/09/2021 16:00,1.375950241,0.930040248,1.179999534,1.318542715,1.487459907,1.205471078
14/09/2021 17:00,1.288694315,0.997598133,1.105119911,1.226518661,1.393093209,1.128968439
14/09/2021 18:00,1.1931087,0.777808794,1.011035974,1.140504683,1.289749989,0.963909585
14/09/2021 19:00,1.223233094,0.831155479,1.054516985,1.17532287,1.279157716,1.078502832
14/09/2021 20:00,1.41257934,0.815986685,1.211423565,1.343410891,1.526618938,1.238844612
14/09/2021 21:00,1.434037412,1.047866538,1.257279811,1.360385495,1.538497308,1.246743505
14/09/2021 22:00,1.525,0.959596679,1.217690599,1.357492251,1.534717999,1.243811109
14/09/2021 23:00,1.284992629,0.91897177,1.190920052,1.299474954,1.471382746,1.191081693
15/09/2021 00:00,1.23214498,0.873421026,1.107818504,1.235019164,1.35761624,1.116073291
15/09/2021 01:00,1.236043016,0.832148339,1.045368968,1.233015457,1.318196933,1.067992366
15/09/2021 02:00,1.132872816,0.76735749,0.971534551,1.082869821,1.194967175,0.992598964
15/09/2021 03:00,1.046440876,0.708607873,0.874687806,1.000418487,1.102221197,0.893245749
15/09/2021 04:00,0.945289892,0.638924886,0.810602649,0.903515058,0.990477919,0.828115287
15/09/2021 05:00,0.903560342,0.611005722,0.777495352,0.864008609,0.977194987,0.683459423
15/09/2021 06:00,0.972602545,0.496849219,0.806555287,0.877960547,1.016668607,0.823980594
15/09/2021 07:00,0.961677255,0.650242319,0.824791566,0.905683973,1.309721025,0.84264596
15/09/2021 08:00,0.882680156,0.596644623,0.805471529,0.843723466,0.954378606,0.773327931
15/09/2021 09:00,0.855862704,0.703312234,0.721324445,0.817842278,0.924918446,0.749536837
15/09/2021 10:00,0.962630739,0.563931045,0.729967683,0.743558573,1.12226561,0.785777011
15/09/2021 11:00,0.975903078,0.659659286,0.836373508,0.932837387,1.079122933,0.854990016
15/09/2021 12:00,1.132850165,0.953001077,0.971521846,1.082849609,1.224695913,0.992457778
15/09/2021 13:00,1.290257822,0.823189293,1.044407035,1.358558663,1.099076384,1.063113169
15/09/2021 14:00,1.328749631,0.898150827,1.143003533,1.270026134,1.436489105,1.164130398
15/09/2021 15:00,1.439607326,1.055851178,1.247604865,1.376128973,1.556472234,1.484383661
15/09/2021 16:00,1.375954004,0.930069341,1.180001328,1.315205266,1.48780538,1.205282121
15/09/2021 17:00,1.288267463,0.871017331,1.105113503,1.224973516,1.304832166,1.128957927
15/09/2021 18:00,1.187424735,0.806476601,1.022452289,1.140379868,1.216361045,1.045262945
15/09/2021 19:00,1.229629918,0.801242547,1.139472867,1.175404573,1.336819162,1.0773021
15/09/2021 20:00,1.41266329,0.954801521,1.211390554,1.351650879,1.527054383,1.237553087
15/09/2021 21:00,1.423206068,0.962003068,1.200944445,1.360041106,1.538582341,1.246822152
15/09/2021 22:00,1.419698277,0.959607259,1.077551494,1.353454862,1.525,1.243759318
15/09/2021 23:00,1.359478876,0.917526268,1.165866401,1.204670532,1.431412806,1.182467156
16/09/2021 00:00,1.291810214,0.873393902,1.108182456,1.23485518,1.525,1.131352694
16/09/2021 01:00,1.011226754,0.823986424,1.283371928,1.160045307,1.329491452,1.068006412
16/09/2021 02:00,1.182825295,0.786561241,0.968926264,1.082804227,1.207388852,0.95077801
16/09/2021 03:00,0.856285844,0.689160155,0.874357498,0.975263128,1.102218385,0.893250127
16/09/2021 04:00,0.945236232,0.638959004,0.8676509,0.903499935,1.021846513,0.830593911
16/09/2021 05:00,0.903907872,0.611022653,0.756846428,0.863942978,0.977194967,0.791917891
16/09/2021 06:00,0.940481253,0.635733484,0.806613897,0.89891833,1.016758802,0.823930206
16/09/2021 07:00,0.961771957,0.578872547,0.87344466,0.919550731,1.039703286,0.842642194
16/09/2021 08:00,0.882681463,0.59664295,0.757041092,0.843626564,0.983755649,0.653293756
16/09/2021 09:00,0.855541517,0.578305484,0.733819857,0.742635516,0.924513771,0.723687532
16/09/2021 10:00,0.791818076,0.606224583,0.792267482,0.833975969,0.969524509,0.785713944
16/09/2021 11:00,0.97608968,0.694228955,0.836927554,0.93286617,1.056695489,0.855307917
16/09/2021 12:00,1.132713475,0.787002906,0.995844391,1.082847465,1.223317494,0.937678328
16/09/2021 13:00,1.217225262,0.823339678,1.267597951,1.164081396,1.316557712,1.067085274
16/09/2021 14:00,1.328750497,0.898164761,1.139523622,1.269537925,1.436468079,1.164119345
16/09/2021 15:00,1.525,0.973179097,1.234651342,1.376128627,1.556368818,1.261302997
16/09/2021 16:00,1.336174806,0.928275641,1.193186183,1.315125228,1.479729001,1.205377377
16/09/2021 17:00,1.288608511,0.871034911,1.104652399,1.231265414,1.39307779,1.128979254
16/09/2021 18:00,1.192997263,0.805809785,1.082314858,1.165448333,1.29258868,1.045250582
16/09/2021 19:00,1.229710823,0.831212978,1.153704366,1.175556791,1.273892351,1.078896178
16/09/2021 20:00,1.412530762,0.954831367,1.199281762,1.350580893,1.504688409,1.226784561
16/09/2021 21:00,1.423190775,0.961704717,1.22054949,1.336288587,1.538595525,1.190499714
16/09/2021 22:00,1.495362851,0.959643075,1.19096683,1.35702424,1.534779429,1.243807039
16/09/2021 23:00,1.32238407,0.91905566,1.131232757,1.509548456,1.470355251,1.191075525
17/09/2021 00:00,1.29223338,0.873496627,1.108350837,1.23512838,1.54759365,1.130408072
17/09/2021 01:00,1.218293835,0.833975479,1.045440137,1.165234575,1.317902595,1.043943136
17/09/2021 02:00,1.132945203,0.765744324,0.97162323,1.082919837,1.22477628,0.997678837
17/09/2021 03:00,1.019578424,0.673999648,0.96586049,0.97457966,1.102236341,0.89176303
17/09/2021 04:00,1.124992364,0.627249844,0.81065196,0.903514402,1.095958213,0.828127184
17/09/2021 05:00,0.903902776,0.763744742,0.775097993,0.847977286,0.977322675,0.791939599
17/09/2021 06:00,0.940500344,0.622978204,0.806562051,0.852659376,1.016759313,0.823992434
17/09/2021 07:00,1.140652149,0.650124958,0.819564575,0.919292047,0.921052422,0.74577634
17/09/2021 08:00,0.868818157,0.442527951,0.756656022,0.843883636,0.954187461,0.772935457
17/09/2021 09:00,0.867175174,0.5800399,0.733710602,0.817222949,0.975732685,0.749099299
17/09/2021 10:00,0.896851836,0.606210113,0.816630627,0.857245065,0.969532675,0.785741989
17/09/2021 11:00,0.938128629,0.659638587,0.836897946,0.765212803,1.055002442,0.726190157
17/09/2021 12:00,1.132845171,0.765752637,0.971516004,1.082836521,1.22466782,1.012819385
17/09/2021 13:00,1.217850617,0.823498004,1.017015498,1.164223849,1.316606319,1.066995067
17/09/2021 14:00,1.329140887,0.888733433,1.081519394,1.269985295,1.395547048,1.163717059
17/09/2021 15:00,1.362740041,0.973099316,1.252459439,1.376086524,1.525,1.260816289
17/09/2021 16:00,1.410168797,0.929869544,1.179811498,1.315033428,1.487420721,1.182646571
17/09/2021 17:00,1.288696783,0.877907699,1.103931596,1.205849254,1.393157037,1.193537986
17/09/2021 18:00,1.193142772,0.808222299,1.023199377,1.079207213,1.289868972,1.045321216
17/09/2021 19:00,1.229678237,0.955150424,1.054610945,1.1754483,1.329419336,1.038460522
17/09/2021 20:00,1.411932583,0.954646865,1.210887117,1.349558216,1.434267638,1.254880468
17/09/2021 21:00,1.430623754,0.960918445,1.219134227,1.521904952,1.536615056,1.245462811
17/09/2021 22:00,1.415968169,0.957367012,1.214660891,1.353782068,1.531123349,1.240864484
17/09/2021 23:00,1.353712268,0.915038885,1.160922977,1.293948506,1.463441549,1.21079495
18/09/2021 00:00,1.283095307,0.716316563,1.100389463,1.22648919,1.386838453,1.12415969
18/09/2021 01:00,1.205616732,0.873850537,1.033925975,1.152228304,1.241094426,1.05069652
18/09/2021 02:00,1.114135645,0.753370239,0.95536038,1.064814249,1.20430183,0.97597936
18/09/2021 03:00,0.993796443,0.671750755,0.852754585,0.948643669,1.074449602,0.93241446
18/09/2021 04:00,0.838022168,0.566415424,0.718403454,0.802196501,0.869188333,0.734287575
18/09/2021 05:00,0.787387604,0.532225652,0.675238164,0.752638281,0.851200882,0.689817922
18/09/2021 06:00,0.814871451,0.574262756,0.698879563,0.715257924,0.880933961,0.725685609
18/09/2021 07:00,0.827182493,0.559114019,0.708667512,0.7906249,0.894515517,0.730755657
18/09/2021 08:00,0.739136961,0.499616657,0.598196297,0.706549408,0.714362739,0.677106616
18/09/2021 09:00,0.699833849,0.475159976,0.602846167,0.747840401,0.760937563,0.616073692
18/09/2021 10:00,0.735095508,0.49687536,0.630399785,0.702681944,0.794689776,0.644361427
18/09/2021 11:00,0.804871606,0.544384065,0.690255073,0.76721287,0.870135229,0.705159122
18/09/2021 12:00,0.952303444,0.897947563,0.980560802,0.900446356,1.032044059,0.834426193
18/09/2021 13:00,1.027876124,0.695170439,0.881977247,0.983021344,1.111798872,1.05317675
18/09/2021 14:00,1.130216367,0.756829002,0.964226462,1.075325053,1.215489708,0.985060562
18/09/2021 15:00,1.225934826,0.828179541,1.014350621,1.171714289,1.35244125,1.074066109
18/09/2021 16:00,1.101989341,0.945213887,0.992258919,1.106023414,1.218049078,1.013743728
18/09/2021 17:00,1.068672066,0.72247256,0.916497389,1.029742154,1.094530808,0.936264223
18/09/2021 18:00,0.852906231,0.65764931,0.834377333,0.870524312,1.101046826,1.12982369
18/09/2021 19:00,1.009633608,0.682482413,0.865807934,0.965063602,1.023987619,0.884814901
18/09/2021 20:00,1.192545458,0.805868224,0.981805178,1.139893746,1.2625,1.158217225
18/09/2021 21:00,1.115451242,0.754061029,1.013829076,1.066220891,1.20587984,0.977233774
18/09/2021 22:00,1.2625,0.74915651,0.950469811,1.059530639,1.19818828,0.96820992
18/09/2021 23:00,1.217152446,0.795037713,1.009124762,1.124749091,1.273766468,1.030898499
19/09/2021 00:00,0.969004097,0.725336421,0.77606752,1.024704911,1.158782,0.939140348
19/09/2021 01:00,0.998641814,0.680339345,0.851717754,0.951916915,1.079606775,0.851736122
19/09/2021 02:00,0.934979245,0.655324119,0.836810322,0.932466721,1.054868863,0.975899972
19/09/2021 03:00,0.798910022,0.540030722,0.68512472,0.763671187,0.858370491,0.699092373
19/09/2021 04:00,0.724424606,0.325776128,0.644361786,0.70176242,0.783115628,0.633802085
19/09/2021 05:00,0.528981851,0.492951667,0.585795408,0.652945366,0.738468634,0.564107493
19/09/2021 06:00,0.743037408,0.439068907,0.618138516,0.728380156,0.779226552,0.631506296
19/09/2021 07:00,0.746905775,0.505217299,0.640603739,0.726362302,0.761155796,0.654334662
19/09/2021 08:00,0.761177188,0.518139801,0.652609963,0.727652903,0.820741742,0.64918529
19/09/2021 09:00,0.739280716,0.363883637,0.622716178,0.856378915,0.799214147,0.647690244
19/09/2021 10:00,0.785533844,0.531079305,0.673787814,0.750962897,0.849348408,0.688324979
19/09/2021 11:00,0.869915028,0.588011058,0.745978019,0.786779815,1.046173623,0.92348778
19/09/2021 12:00,1.032729841,0.698076832,0.885106597,0.99699913,0.993434565,0.830290682
19/09/2021 13:00,1.192428629,1.029008587,1.022628944,1.139802629,1.166686869,1.044698588
19/09/2021 14:00,1.32917839,0.898414612,1.13998438,1.294095188,1.413579375,1.2625
19/09/2021 15:00,1.519974073,0.97385782,1.235431192,1.382008271,1.2625,1.252095475
19/09/2021 16:00,1.379250409,0.930390757,1.174056538,1.302406662,1.484814385,1.261042146
19/09/2021 17:00,1.289297282,0.877354973,1.105717216,1.15902405,1.393841798,1.129618932
19/09/2021 18:00,1.126138937,1.008042805,1.023676328,1.140974525,1.215289547,1.045769236
19/09/2021 19:00,1.230258102,1.064978094,1.055056698,1.088737292,1.328454088,1.113150339
19/09/2021 20:00,1.2625,0.955209522,1.211882791,1.350063687,1.472589227,1.238052539
19/09/2021 21:00,1.423912682,0.994739324,1.220938206,1.321769977,1.538891385,1.247395287
19/09/2021 22:00,1.420128503,0.935814603,1.217514158,1.2625,1.535229588,1.238937741
19/09/2021 23:00,1.217885209,0.916535647,1.166285501,1.299841642,1.470110653,1.157989958
20/09/2021 00:00,1.224837576,0.873616079,1.108370438,1.235374414,1.397087425,1.132286444
20/09/2021 01:00,1.21928702,0.824154488,1.045631124,1.165441303,1.334904631,1.039953476
20/09/2021 02:00,1.094877814,0.802640786,0.971861603,1.083178499,1.196541278,0.941236331
20/09/2021 03:00,1.019614041,0.682879713,0.874485576,0.950928551,1.102331295,0.855824895
20/09/2021 04:00,0.945340658,0.638180424,0.946070082,0.903714941,1.022203126,0.828214914
20/09/2021 05:00,0.904243207,0.83426055,0.785374182,0.864276779,0.984526289,0.806898927
20/09/2021 06:00,0.975181078,0.635699306,0.795497816,0.89851766,1.016699526,0.825429003
20/09/2021 07:00,0.961840713,0.650112713,0.825035671,0.920925381,1.035267208,0.842448959
20/09/2021 08:00,0.882759423,0.596837653,0.75705022,0.843954824,0.953407128,0.747535861
20/09/2021 09:00,0.855598437,0.578350884,0.733754446,0.817826017,0.924850577,0.749587529
20/09/2021 10:00,0.896850156,0.550097064,0.769159962,0.816497551,0.969580351,0.787794245
20/09/2021 11:00,0.972766039,0.659671986,0.837158224,0.932850584,1.055028044,0.855016435
20/09/2021 12:00,1.132852275,0.741264356,0.971536914,1.082859832,1.224734338,0.956487682
20/09/2021 13:00,1.080256279,0.822468983,1.054828603,1.273673474,1.316728575,1.136128673
20/09/2021 14:00,1.328747021,0.898160577,1.038548468,1.27006133,1.432988826,1.189165551
20/09/2021 15:00,1.474183977,0.973102235,1.194055409,1.376350147,1.525,1.261282507
20/09/2021 16:00,1.375785296,0.930060291,1.359381002,1.525,1.487279919,1.117486729
20/09/2021 17:00,1.288621783,0.87113383,1.058277742,1.293566212,1.393248937,1.12895636
20/09/2021 18:00,1.159442017,0.806432346,1.02313141,1.14041338,1.289764011,1.045217712
20/09/2021 19:00,1.201221536,0.831165143,1.053749515,1.184569787,1.329312127,1.176391517
20/09/2021 20:00,1.412948223,0.954902996,1.218719048,1.369973515,1.527153915,1.23763731
20/09/2021 21:00,1.423253632,0.962047073,1.220578006,1.360437392,1.535966573,1.24691925
20/09/2021 22:00,1.419729011,0.959327667,1.217430273,1.356722324,1.534015528,1.313204717
20/09/2021 23:00,1.359478185,0.918972093,1.166183005,1.299558008,1.469739326,1.060937386
21/09/2021 00:00,1.292216693,0.873478755,1.108472892,1.206760789,1.397408981,1.132017365
21/09/2021 01:00,1.228951773,0.823969145,0.994496842,1.121267086,1.317866495,1.068099357
21/09/2021 02:00,1.128393287,0.656784422,1.077406184,1.082586665,1.22476007,0.989662019
21/09/2021 03:00,1.051536503,0.689169476,0.874386589,0.959432632,1.1022626,0.893261084
21/09/2021 04:00,0.945176583,0.636829954,0.810936855,0.900538546,1.019873237,0.828236776
21/09/2021 05:00,1.053534226,0.611034915,0.784154967,0.958719998,0.971972454,0.79151217
21/09/2021 06:00,0.940516708,0.632317059,0.806615079,0.899012679,1.064994587,0.823957341
21/09/2021 07:00,0.967408271,0.650081851,0.824395275,0.817093466,1.03971673,0.84259841
21/09/2021 08:00,0.870000486,0.509685671,0.686618428,0.995587758,1.047279743,0.769122978
21/09/2021 09:00,0.870658546,0.578301625,0.742057014,0.809575644,0.924911398,0.749504356
21/09/2021 10:00,0.89681853,0.699190055,0.769166568,0.857170691,0.984698697,0.785711064
21/09/2021 11:00,0.975899831,0.661423726,1.074855619,0.932806556,1.040937575,0.764254058
21/09/2021 12:00,1.132888975,0.728798088,0.971975899,1.086324262,1.287890036,0.887465066
21/09/2021 13:00,1.217875327,0.823215933,1.05285371,1.167340949,1.316583395,1.06697716
21/09/2021 14:00,1.328410456,0.76936252,1.139513233,1.270074585,1.436642219,1.163976474
21/09/2021 15:00,1.439669447,0.973551217,1.234644548,1.376118309,1.566877934,1.261495328
21/09/2021 16:00,1.352218682,0.929969795,1.179999381,1.315209428,1.487477977,1.342228887
21/09/2021 17:00,1.287664912,0.979985087,1.105468882,1.23172083,1.393001334,1.128965565
21/09/2021 18:00,1.19305318,0.806409162,1.022378297,1.135770025,1.233155703,1.01095308
21/09/2021 19:00,1.255962575,0.831146584,1.070664826,1.138004849,1.187788396,1.077279099
21/09/2021 20:00,1.467555345,0.972894462,1.210552904,1.350228155,1.525,1.396668239
21/09/2021 21:00,1.339684848,0.904409144,1.220453041,1.464457248,1.529607191,1.246871083
21/09/2021 22:00,1.281320736,0.942343123,1.208260904,1.399489338,1.53475057,1.243760798
21/09/2021 23:00,1.504187268,0.918923809,1.165876438,1.367004989,1.469664122,1.191032573
22/09/2021 00:00,1.413675093,0.829306081,1.108293364,1.234289786,1.397758746,1.036310616
22/09/2021 01:00,1.218952525,0.824965725,1.045332867,1.165467633,1.419674959,1.068158542
22/09/2021 02:00,1.132879139,0.751906975,0.985014944,1.083276325,1.224716857,1.061561537
22/09/2021 03:00,0.98618454,0.689182388,0.769580513,0.974561039,1.102449567,0.806229493
22/09/2021 04:00,0.947722217,0.638890632,0.810567207,0.898678643,1.026605813,0.828142771
22/09/2021 05:00,0.903955458,0.611001946,0.76252567,0.863987847,1.156713639,0.791951973
22/09/2021 06:00,0.940515574,0.617388551,0.806576151,0.898930477,1.016750459,0.823995279
22/09/2021 07:00,0.961754356,0.650094557,0.824789776,0.919254488,1.049106856,1.060693023
22/09/2021 08:00,0.882115534,0.60446491,0.809647495,1.004451543,0.954196327,0.773283473
22/09/2021 09:00,0.855506816,0.578548816,0.732935676,0.794839655,0.891098053,0.749543451
22/09/2021 10:00,0.896793586,0.606215287,0.768895114,0.857243703,0.969072296,0.785731795
22/09/2021 11:00,0.936131717,0.61569226,0.837016244,0.932843718,1.055056272,0.854983542
22/09/2021 12:00,1.132476523,0.765753032,0.97150654,1.25988729,1.224718767,0.992400263
22/09/2021 13:00,1.213131817,0.821297488,1.044394652,1.164190574,1.2677341,1.066937946
22/09/2021 14:00,1.328752224,0.898156325,1.139522207,1.270178783,1.308273815,1.133562412
22/09/2021 15:00,1.439679084,1.072256165,1.239979888,1.376164301,1.525,1.26129026
22/09/2021 16:00,1.334906091,0.910935912,1.18032966,1.349658877,1.487486832,1.205475983
22/09/2021 17:00,1.201073835,0.870996991,1.105112254,1.231744923,1.39270903,1.129052714
22/09/2021 18:00,1.193020982,0.806436312,1.023142639,1.320139687,1.250520769,0.988636689
22/09/2021 19:00,1.229691546,0.846601622,1.05473073,1.149389422,1.312962357,1.047236343
22/09/2021 20:00,1.41316664,0.95508111,1.211453357,1.348179142,1.527032848,1.237768648
22/09/2021 21:00,1.448061763,0.961903585,1.272501216,1.36032015,1.538569323,1.205367255
22/09/2021 22:00,1.41930359,1.061442945,1.217397996,1.356954826,1.534690889,1.243795487
22/09/2021 23:00,1.359554304,0.919208215,1.165827724,1.299279865,1.346900719,1.191060157
23/09/2021 00:00,1.276287094,0.87344569,1.018494688,1.235142197,1.335648714,1.125603147
23/09/2021 01:00,1.219013312,0.823598263,1.009788714,1.165195349,1.31782414,0.928842884
23/09/2021 02:00,1.133312602,0.765766855,0.971538651,1.121389617,1.224699853,0.99249954
23/09/2021 03:00,1.029554183,0.689182927,0.865167588,0.974572673,1.09730235,1.003232027
23/09/2021 04:00,0.944183857,0.638931653,0.92087849,0.904017742,0.815045404,0.828106087
23/09/2021 05:00,0.903938719,0.609761081,0.775194784,0.970109775,0.977206171,0.791823818
23/09/2021 06:00,1.140653508,0.716819397,0.809051089,0.98003705,1.017677575,0.824422511
23/09/2021 07:00,1.010844329,0.65000339,0.764288843,0.919295672,1.050451414,0.84279563
23/09/2021 08:00,0.882620498,0.590904722,0.756995306,0.84373942,0.954243137,0.637494715
23/09/2021 09:00,0.888045134,0.578284166,0.681096685,0.817991389,0.832023976,0.848108285
23/09/2021 10:00,0.896726907,0.606213224,0.769127703,1.111712522,0.970300135,0.848952287
23/09/2021 11:00,0.972709963,0.659526193,0.836622428,0.968771095,0.956781597,0.855035237
23/09/2021 12:00,1.13296118,0.760891576,0.971528829,1.082697768,1.224976591,1.051733234
23/09/2021 13:00,1.193214705,0.8231207,1.298547598,1.164071681,1.31651351,1.200857656
23/09/2021 14:00,1.328782322,0.898188938,1.139530369,1.270103118,1.436558885,1.12189087
23/09/2021 15:00,1.439647922,0.973167249,1.23481262,1.376141271,1.514657039,1.261314089
23/09/2021 16:00,1.369571732,0.930057116,1.136051967,1.310674109,1.464560853,1.224425101
23/09/2021 17:00,1.288641301,0.87122479,1.118894236,1.231761874,1.391100182,1.128970383
23/09/2021 18:00,1.196233737,0.93419213,1.02324294,1.192273242,1.289760636,1.045246134
23/09/2021 19:00,1.247598494,0.820707887,1.055525713,1.175356266,1.329308301,1.198868859
23/09/2021 20:00,1.412665401,0.955754988,1.211393983,1.371444748,1.501408419,1.237536884
23/09/2021 21:00,1.423189987,0.927285949,1.219020011,1.51080771,1.525,1.246960187
23/09/2021 22:00,1.41962365,0.949909448,1.217447722,1.35690732,1.5650912,1.243751953
23/09/2021 23:00,1.360229495,0.918569021,1.165387339,1.299954706,1.469639389,1.21075814
24/09/2021 00:00,1.369970597,0.873348326,1.047807067,1.235149814,1.399061056,1.131941171
24/09/2021 01:00,1.196955513,0.82398737,1.066385907,1.165205792,1.317479162,1.068084775
24/09/2021 02:00,1.132873918,0.7689462,0.971714478,1.082869852,1.219524409,1.048359763
24/09/2021 03:00,1.019594739,0.679320132,0.874065611,0.901570206,1.10223105,1.001698777
24/09/2021 04:00,0.921254331,0.526398488,0.810652022,0.910834956,1.023934297,0.828241726
24/09/2021 05:00,0.867008942,0.611054527,0.775407605,0.864082601,0.984013298,0.791941704
24/09/2021 06:00,0.940487921,0.635653015,0.806577983,0.931546149,1.016743731,0.824004685
24/09/2021 07:00,1.044839064,0.650105741,0.764587863,0.919313942,1.052662611,0.84430148
24/09/2021 08:00,0.882704546,0.509699168,0.756646464,0.84375596,0.954302919,0.715236605
24/09/2021 09:00,0.843090099,0.578332184,0.667001468,0.858246145,0.924906116,0.749829027
24/09/2021 10:00,0.8968859,0.606516425,0.769083886,0.856351347,0.706500207,0.869445106
24/09/2021 11:00,0.915160485,0.659673228,0.836980538,0.93283421,1.054968825,0.854922828
24/09/2021 12:00,1.120659469,0.846496431,0.955489161,1.084616757,1.224699425,0.992251944
24/09/2021 13:00,1.217850113,0.823202341,1.044756578,1.163962902,1.316550743,1.101889015
24/09/2021 14:00,1.329824587,0.898105469,1.139778798,1.274536238,1.444174282,1.159146258
24/09/2021 15:00,1.439534258,0.973069809,1.234298052,1.37578436,1.525,1.260403371
24/09/2021 16:00,1.375955274,0.930020758,1.182149021,1.308556815,1.391400651,1.205033412
24/09/2021 17:00,1.286916347,0.87069817,1.105104348,1.231747886,1.383306846,1.105244477
24/09/2021 18:00,1.19304124,0.806430502,1.023135816,1.140339541,1.289782012,1.124200954
24/09/2021 19:00,1.229511511,0.883643613,1.054659315,1.226943507,1.333413105,1.077307009
24/09/2021 20:00,1.412536011,0.954797877,1.21082948,1.350143038,1.527034425,1.230811785
24/09/2021 21:00,1.423098725,0.968883946,1.220484877,1.360371513,1.538513031,1.231788463
24/09/2021 22:00,1.419595734,0.956543692,1.217442836,1.382536351,1.531088212,1.243236808
24/09/2021 23:00,1.359390826,0.893262772,1.165848308,1.339903277,1.469607019,1.150319974
25/09/2021 00:00,1.254962078,0.873140691,1.111407451,1.234731592,1.396461632,1.131700983
25/09/2021 01:00,1.213715138,0.824057947,1.045529208,1.16540044,1.318593089,1.068083232
25/09/2021 02:00,1.2625,0.766118471,0.971537653,1.082841456,1.222642588,0.992526293
25/09/2021 03:00,1.019180415,0.688625678,0.874106706,0.834597487,1.10188621,0.773745429
25/09/2021 04:00,0.943203125,0.637819264,0.81587462,0.902438688,1.021170854,0.827147228
25/09/2021 05:00,0.901370057,0.610424996,0.619540567,0.861579588,0.974435982,0.789718572
25/09/2021 06:00,0.935623144,0.63242662,0.71022467,0.892823766,1.011395437,0.92725602
25/09/2021 07:00,1.027232089,0.644572231,0.817827757,0.905174038,1.030881438,0.835432738
25/09/2021 08:00,0.854063777,0.587835807,0.694594207,0.831210328,0.955989143,0.761888213
25/09/2021 09:00,0.835873908,0.550645966,0.71702683,0.79899143,0.904035447,0.784807043
25/09/2021 10:00,0.781130556,0.413568132,0.669906865,0.820492834,0.856236331,0.683754659
25/09/2021 11:00,0.85051925,0.575448919,0.682744995,0.812971487,0.919460195,0.734834399
25/09/2021 12:00,0.998877009,0.674111812,0.737779872,0.953304893,1.263167262,0.874659712
25/09/2021 13:00,1.07451485,0.67599854,0.77638067,1.024837413,0.958297017,0.922109454
25/09/2021 14:00,1.176529282,0.764515599,0.900394183,1.2625,1.271998046,1.030901346
25/09/2021 15:00,1.278966625,0.864531177,1.096827573,1.222513548,1.382791217,1.120509698
25/09/2021 16:00,1.13938277,0.824195885,1.034721494,1.152529367,1.284745979,1.057034239
25/09/2021 17:00,1.085232891,0.760147185,0.974899367,1.061336216,1.199771848,0.972887999
25/09/2021 18:00,0.905593496,0.673854392,0.802664345,0.845778395,1.061055026,0.720414602
25/09/2021 19:00,0.998137763,0.674571982,0.856002674,0.954076464,1.078930563,0.874470098
25/09/2021 20:00,1.168518406,0.791902036,1.005238742,1.119831216,1.266545968,1.026403812
25/09/2021 21:00,1.178471952,0.702086971,1.010955703,1.126792836,1.29999446,1.032826201
25/09/2021 22:00,1.174745913,0.920309494,1.007519204,1.122992965,1.2701334,1.029272465
25/09/2021 23:00,1.114617627,0.753219178,0.955919754,1.015293637,1.2625,1.00384129
26/09/2021 00:00,1.04707282,0.70752613,0.897656811,1.058812596,1.130998513,0.798378857
26/09/2021 01:00,0.924361813,0.658506728,0.835489533,0.931155397,1.053179562,0.853508501
26/09/2021 02:00,0.88797655,0.623326034,0.745685019,0.833203251,0.901979211,0.77795289
26/09/2021 03:00,0.74385378,0.523590901,0.664391204,0.740517519,0.837642302,0.746085742
26/09/2021 04:00,0.700574635,0.473563593,0.597210178,0.669429014,0.664945882,0.589022042
26/09/2021 05:00,0.661568676,0.614340795,0.618771784,0.620893632,0.713340486,0.578090284
26/09/2021 06:00,0.69743445,0.471434856,0.517302525,0.697577199,0.74215091,0.631186975
26/09/2021 07:00,0.675127639,0.502235436,0.617840651,0.684841115,0.779235095,0.662361393
26/09/2021 08:00,0.643212187,0.396153297,0.55202511,0.615265724,0.700006613,0.570468043
26/09/2021 09:00,0.609663459,0.417592281,0.377603721,0.592007191,0.669546302,0.542665226
26/09/2021 10:00,0.666472321,0.416430822,0.63396785,0.636987393,0.735192702,0.696369484
26/09/2021 11:00,0.826673167,0.558437441,0.708504634,0.965911065,0.893174659,0.734533392
26/09/2021 12:00,0.987456659,0.771550285,0.863336489,0.943866599,1.067514455,0.865146726
26/09/2021 13:00,1.077750846,0.863409689,0.92806297,1.030166167,1.218684239,0.944455914
26/09/2021 14:00,1.194364143,0.716017155,1.024290091,1.145317593,1.284889983,1.006194711
26/09/2021 15:00,1.249644229,0.886669331,1.129156933,1.269866834,1.359124413,1.019742605
26/09/2021 16:00,1.255006281,0.848289995,1.076005701,1.199613955,1.351611,1.013795387
26/09/2021 17:00,1.176081046,0.775001794,1.008084999,1.123606268,1.271148888,1.031247063
26/09/2021 18:00,1.123149052,0.794381844,1.007894,1.12333902,1.270662052,1.110597822
26/09/2021 19:00,1.22304859,0.824761111,1.04679835,1.166404463,1.319605313,0.97043186
26/09/2021 20:00,1.2625,0.854049593,1.168289246,1.346439031,1.2625,1.234045305
26/09/2021 21:00,1.421864885,0.979064568,1.219327666,1.2625,1.537393675,1.245830586
26/09/2021 22:00,1.418632923,0.944695299,1.186809383,1.355931467,1.533535238,1.242796368
26/09/2021 23:00,1.358614616,0.98415524,1.164839554,1.298211436,1.468370294,1.189902373
27/09/2021 00:00,1.290454394,0.872272544,1.104755177,1.202197789,1.395147262,1.130640736
27/09/2021 01:00,1.208052866,0.938734749,1.048302742,1.16486739,1.333402712,1.011491857
27/09/2021 02:00,1.132306326,0.765373972,1.152230759,1.082314065,1.229113504,1.095502918
27/09/2021 03:00,0.985310795,0.688733612,0.873683873,0.939577974,1.100843029,0.89257217
27/09/2021 04:00,1.107531067,0.653702797,0.769858923,0.902703811,1.020926568,0.828475011
27/09/2021 05:00,1.23081447,0.659689088,0.774405769,0.863130743,0.976491894,0.790221464
27/09/2021 06:00,0.939393604,0.635065598,0.767984853,0.898046655,0.906952429,0.826297403
27/09/2021 07:00,0.901380581,0.511801701,0.824895607,0.940157928,0.886241763,0.929200411
27/09/2021 08:00,0.88269485,0.544562944,0.756994557,0.843695357,0.953880031,0.77290877
27/09/2021 09:00,0.853476749,0.578306212,0.733696241,0.817762263,0.924914799,0.749499484
27/09/2021 10:00,0.897066262,0.589557339,0.657036832,0.857757714,0.969719965,0.785323633
27/09/2021 11:00,0.976302294,0.659965498,0.837781519,0.953238202,1.162175495,0.852463
27/09/2021 12:00,1.133350431,0.815884107,0.971917202,1.084479395,1.224173733,0.99294834
27/09/2021 13:00,1.218543103,0.823582303,1.04373778,1.164788349,1.317454051,1.08194719
27/09/2021 14:00,1.335744026,0.891629145,1.172212344,1.310050472,1.444052177,1.403634407
27/09/2021 15:00,1.441401063,0.97761154,1.189568726,1.390160639,1.525,1.267565161
27/09/2021 16:00,1.383135178,0.934909381,1.184512711,1.329573719,1.495253026,1.21176946
27/09/2021 17:00,1.244187681,0.875876854,1.111327591,1.238553862,1.400813468,1.135185078
27/09/2021 18:00,1.190402273,0.830786505,1.0209738,1.137963655,1.287194138,0.938213382
27/09/2021 19:00,1.227718388,0.926725156,1.052868109,1.162738302,1.327188695,1.075788085
27/09/2021 20:00,1.411085526,1.02202159,1.001386233,1.348763743,1.500056615,1.236221164
27/09/2021 21:00,1.362100641,0.961781865,1.220312519,1.360145057,1.540618209,1.242774547
27/09/2021 22:00,1.417788004,0.958542114,1.216374514,1.392239223,1.51019887,1.262166234
27/09/2021 23:00,1.525,0.932973018,1.215712055,1.296518775,1.466337557,1.191709866
28/09/2021 00:00,1.289867571,0.873211735,1.106033116,1.232925406,1.451453225,1.138470483
28/09/2021 01:00,1.219085708,0.82403379,1.045340243,1.214476472,1.32603874,1.094378476
28/09/2021 02:00,1.132803817,0.765804273,0.912173259,1.081167111,1.200848401,0.992512117
28/09/2021 03:00,1.019668361,0.68921695,0.98655587,0.974816264,1.146720392,0.893327868
28/09/2021 04:00,0.802347347,0.618920184,0.810630844,0.903698525,1.02207892,0.904427477
28/09/2021 05:00,0.987257367,0.610922334,0.740690115,0.864277193,0.977480122,0.792153017
28/09/2021 06:00,0.940823872,0.635914092,0.806832082,0.89953576,1.255019572,0.824231344
28/09/2021 07:00,0.899330533,0.664320064,0.842954199,0.939419498,0.974914272,0.818302366
28/09/2021 08:00,0.790473711,0.92444939,0.833961017,0.844430002,0.955961561,0.774646229
28/09/2021 09:00,0.857054625,0.579451285,0.729826094,0.819255727,1.072933184,0.750877677
28/09/2021 10:00,0.89885772,0.607217367,0.770441583,0.858720583,0.971227126,0.798716949
28/09/2021 11:00,0.974577324,0.655237701,0.835794478,0.931678475,1.127403234,0.864620091
28/09/2021 12:00,1.085670752,0.740807521,0.970970631,1.081168741,1.223185544,0.991303314
28/09/2021 13:00,1.223133544,0.822650275,0.982729123,1.162723397,1.409097647,1.065917505
28/09/2021 14:00,1.331257379,0.901876074,1.140148752,1.270909357,1.43721895,1.26808838
28/09/2021 15:00,1.49129885,0.994106732,1.235315463,1.370699616,1.525,1.125973144
28/09/2021 16:00,1.376738763,0.930301527,1.302740657,1.31602816,1.488372832,1.206191442
28/09/2021 17:00,1.257801548,0.871559451,1.11191137,1.232456378,1.393781972,1.12972759
28/09/2021 18:00,1.194084066,0.807050352,1.023926829,1.1408669,1.290734428,1.046025197
28/09/2021 19:00,1.251213019,0.718883298,1.054682122,1.233686868,1.329332259,1.082827598
28/09/2021 20:00,1.365302579,0.860584775,1.212067008,1.418582401,1.546709614,1.206678973
28/09/2021 21:00,1.424336871,0.962724091,1.221336066,1.361292847,1.541047888,1.247623033
28/09/2021 22:00,1.419938282,0.970833551,1.218403849,1.357921635,1.432897641,1.244567896
28/09/2021 23:00,1.36039346,0.918343722,1.166742233,1.300397341,1.281458066,1.020292323
29/09/2021 00:00,1.3115617,0.837440163,1.109160823,1.42048885,1.398183089,1.074559897
29/09/2021 01:00,1.121526626,0.827175442,1.011121431,1.194497007,1.322920029,1.083192178
29/09/2021 02:00,1.137585722,0.769106426,0.830728871,1.118045819,1.22754558,0.959361042
29/09/2021 03:00,1.02491736,0.692776343,0.87898621,0.97962546,1.107979416,0.905967448
29/09/2021 04:00,1.183516001,0.607034633,0.816666893,0.908518717,1.093948918,0.8329512
29/09/2021 05:00,0.912335769,0.616693008,0.765354762,0.863129614,1.026561311,0.799599072
29/09/2021 06:00,0.910943903,0.639751848,0.811970436,0.904787374,1.046387459,0.830175578
29/09/2021 07:00,1.008323765,0.608778293,0.864727644,0.964008769,1.09017951,0.883396229
29/09/2021 08:00,0.911991571,0.601795087,0.763552542,0.848941908,0.956844046,0.989942033
29/09/2021 09:00,0.863391081,0.618827626,0.740094646,0.919821909,0.809225746,0.756290502
29/09/2021 10:00,0.896362921,0.611432096,0.775721341,0.843148391,0.977852418,0.765833968
29/09/2021 11:00,0.987546527,0.694598971,0.836913227,0.924475049,1.006456501,0.8702954
29/09/2021 12:00,1.231478035,0.765423019,0.97109764,1.082402392,1.224089988,1.021207773
29/09/2021 13:00,1.130225911,0.819968832,1.043288456,1.162814374,1.360534573,1.067933501
29/09/2021 14:00,1.342085193,0.895545295,1.13699483,1.268518306,1.433204466,1.196980911
29/09/2021 15:00,1.435893306,0.970570396,1.231079788,1.366600922,1.552554728,1.258358845
29/09/2021 16:00,1.371289125,0.92693228,1.175993748,1.38687199,1.467080537,1.18743432
29/09/2021 17:00,1.328130451,0.867042796,1.100281435,1.226464417,1.387274733,1.124064071
29/09/2021 18:00,1.217663425,0.792467727,1.039804768,1.134118436,1.282716701,1.052639426
29/09/2021 19:00,1.222112409,0.76722943,1.017342822,1.184994287,1.282432269,1.070835325
29/09/2021 20:00,1.411785049,0.95424768,1.209154593,1.349046252,1.526109304,1.236793796
29/09/2021 21:00,1.420586104,0.959981162,1.217859963,1.260964891,1.519731457,1.244160281
29/09/2021 22:00,1.505392421,0.958161298,1.291019184,1.438961782,1.525,1.32668737
29/09/2021 23:00,1.379472289,0.912438921,1.198627014,1.290116988,1.45911006,1.105668389
30/09/2021 00:00,1.286847904,0.869755761,1.103478628,1.262016251,1.359450882,1.12730015
30/09/2021 01:00,1.264874338,0.821699724,1.042986318,1.162713463,1.344288748,1.065517661
30/09/2021 02:00,1.12842994,0.715832479,0.967932944,1.005851269,1.220312897,1.007658982
30/09/2021 03:00,1.127154968,0.685034484,0.863629636,0.96882236,1.16175563,1.085960675
30/09/2021 04:00,0.959336943,0.632888822,0.802950749,0.894940439,1.024062495,0.820249206
30/09/2021 05:00,0.896222851,0.794440739,0.768574537,0.856642988,0.968844806,0.780298769
30/09/2021 06:00,0.883760677,0.591470683,0.655701119,0.844753729,0.955377348,0.774264544
30/09/2021 07:00,0.957586429,0.647182368,0.820958127,0.879685901,1.139263753,0.838196683
30/09/2021 08:00,0.88204516,0.596148259,0.934769533,0.827646122,0.953904078,0.78565148
30/09/2021 09:00,0.858233794,0.596141148,0.73588376,0.820127954,0.927975245,0.751769967
30/09/2021 10:00,0.899924051,0.608772861,0.707820617,0.862708848,0.985789133,0.790846676
30/09/2021 11:00,0.874159317,0.590796107,0.749585312,0.835511784,0.945009914,0.765763936
30/09/2021 12:00,1.03206341,0.691517973,0.878664468,0.979257111,1.125832073,0.905337467
30/09/2021 13:00,1.102567569,0.745314931,0.945664906,1.051006216,1.204411827,0.965999248
30/09/2021 14:00,1.234574219,0.830759306,1.053996985,1.15185448,1.3283374,1.019766067
30/09/2021 15:00,1.339906787,1.074289398,1.144217998,1.275500895,1.442602767,1.169099441
30/09/2021 16:00,1.266184077,0.841371654,1.08296902,1.210321968,1.368865815,1.109335574
30/09/2021 17:00,1.169433428,0.751900087,1.007313277,1.129531726,1.269795406,1.029090561
30/09/2021 18:00,1.074462222,0.726283549,0.921712518,1.028490056,1.161530292,0.941274209
30/09/2021 19:00,1.468185669,0.841691917,1.065802287,1.19020682,1.343795014,1.089878771
30/09/2021 20:00,1.297576665,0.877075705,1.112648124,1.241866871,1.402787581,1.136746771
30/09/2021 21:00,1.262147703,0.878880259,1.1161723,1.358949484,1.407093208,1.140292353
30/09/2021 22:00,1.466707523,0.982967637,1.259153464,1.401776011,1.525,1.145965878
30/09/2021 23:00,1.208000683,0.816520765,1.035935812,1.154658012,1.305983244,1.058300361
01/10/2021 00:00,1.108531959,0.772029736,0.979467576,1.091763655,1.23224895,1.000621726
01/10/2021 01:00,0.615511643,0.416037763,0.563622497,0.604434632,0.664991412,0.539259137
01/10/2021 02:00,0.55774095,0.37698614,0.478805493,0.533093842,0.60291765,0.631665107
01/10/2021 03:00,0.541343022,0.297,0.413267737,0.517397808,0.583194184,0.425827037
01/10/2021 04:00,0.530735679,0.358732999,0.385889391,0.507302105,0.749177573,0.464977222
01/10/2021 05:00,0.737663031,0.498782074,0.602575793,0.692971029,0.797464706,0.473590584
01/10/2021 06:00,0.513660006,0.351388487,0.440511626,0.490920353,0.555224282,0.357822031
01/10/2021 07:00,0.847834448,0.573243724,0.848756295,0.810412519,0.916064105,0.700750591
01/10/2021 08:00,0.735141692,0.496838971,0.628121378,0.702736401,0.794734797,0.680812912
01/10/2021 09:00,0.928392502,0.627505135,0.796175547,1.071928894,0.929633645,0.813371746
01/10/2021 10:00,0.806149559,0.545139601,0.690981691,0.770081119,0.929987853,0.706439782
01/10/2021 11:00,0.786304671,0.538279774,0.666401946,0.752638951,0.851374452,0.689924139
01/10/2021 12:00,0.959525998,0.636889558,0.807592687,0.899070279,1.017194891,0.825032721
01/10/2021 13:00,1.023922537,0.548939219,0.990251057,0.906731199,1.106913032,0.897050246
01/10/2021 14:00,1.007039828,0.765202841,0.970821906,1.082151777,1.182717527,0.99185958
01/10/2021 15:00,1.240386991,0.838440345,1.064526057,1.201898921,1.17875,1.074022807
01/10/2021 16:00,1.172432377,0.788336892,1.003452537,1.17875,1.269313614,1.028602105
01/10/2021 17:00,1.084259022,0.882442668,0.896995914,0.966803876,1.104209255,0.949836801
01/10/2021 18:00,0.986372285,0.66669026,0.845954706,0.942749742,1.066202166,0.850492277
01/10/2021 19:00,1.17875,0.81862176,1.038585945,1.115063237,1.180420907,1.061008396
01/10/2021 20:00,1.203510324,0.766281026,1.039682684,1.148437279,1.298664201,1.052527041
01/10/2021 21:00,1.019000101,0.688765897,0.884117077,0.968997025,1.101555963,0.892613914
01/10/2021 22:00,1.202380111,0.812661439,1.031184555,1.149255548,1.299694284,1.053358768
01/10/2021 23:00,1.025090477,0.678247469,0.820815179,0.914625318,1.08709118,0.838309882
02/10/2021 00:00,0.888088055,0.592440463,0.718219322,0.731554214,0.960147725,0.772035322
02/10/2021 01:00,0.595535878,0.381802152,0.483704933,0.749531871,0.610291653,0.455719334
02/10/2021 02:00,0.501781442,0.339200123,0.430320304,0.479629132,0.540098409,0.439611068
02/10/2021 03:00,0.481694944,0.325591178,0.413095973,0.460430299,0.520731334,0.422089977
02/10/2021 04:00,0.470918102,0.297,0.402112215,0.44818654,0.490863068,0.359324787
02/10/2021 05:00,0.50676361,0.328180805,0.597677992,0.506219642,0.547836385,0.441614769
02/10/2021 06:00,0.606435288,0.409921947,0.511734505,0.580301776,0.655644059,0.531482484
02/10/2021 07:00,0.670495177,0.453325722,0.573335571,0.641802251,0.7249018,0.588520253
02/10/2021 08:00,0.77931194,0.297,0.601954229,0.670637087,0.761923932,0.613069905
02/10/2021 09:00,0.709444242,0.419450637,0.608648181,0.67782462,0.725798884,0.62094225
02/10/2021 10:00,0.716855632,0.483112174,0.655210888,0.685196158,0.824423012,0.628039554
02/10/2021 11:00,0.753959389,0.50930363,0.646000136,0.718336738,0.921385162,0.620790027
02/10/2021 12:00,0.815111356,0.550324194,0.69820779,0.777320227,0.716253896,0.713277634
02/10/2021 13:00,0.792243441,0.596841831,0.710822677,0.757592421,0.856451497,0.694072884
02/10/2021 14:00,0.772976319,0.522105288,0.662566022,0.738286866,0.83501312,0.676683743
02/10/2021 15:00,0.767602076,0.470717522,0.658316663,0.733750267,0.827508649,0.67253509
02/10/2021 16:00,0.782586422,0.528955612,0.671141578,0.688164713,0.846046604,0.534628291
02/10/2021 17:00,0.834172068,0.480362832,0.715627818,0.828940588,0.901765625,0.772497577
02/10/2021 18:00,0.973025323,0.519968501,0.825578531,0.918219176,1.051894671,0.933519434
02/10/2021 19:00,1.109065071,0.822545792,0.951026747,1.06000875,1.198857439,0.971568228
02/10/2021 20:00,1.17875,0.813552729,1.00574102,1.120966027,1.17875,1.00441181
02/10/2021 21:00,1.116662932,0.733988545,0.931322138,1.039327792,1.174079396,0.951479809
02/10/2021 22:00,1.069694807,0.723523588,0.917303122,1.022679432,1.223333507,0.937374614
02/10/2021 23:00,0.789770078,0.535537298,0.58251371,0.754786417,0.952738411,0.691918945
03/10/2021 00:00,0.654496521,0.442943592,0.506214655,0.625662595,0.707641638,0.671024987
03/10/2021 01:00,0.738638238,0.390849454,0.459556767,0.514029321,0.625187846,0.506649035
03/10/2021 02:00,0.47532357,0.33932125,0.461957394,0.484580046,0.618077854,0.470937885
03/10/2021 03:00,0.491509782,0.332478485,0.448482086,0.470083866,0.532714418,0.43090784
03/10/2021 04:00,0.360349031,0.321752856,0.408031708,0.438928816,0.514362747,0.416811595
03/10/2021 05:00,0.502291214,0.297,0.4302881,0.480504668,0.54287594,0.439961246
03/10/2021 06:00,0.628530792,0.360725908,0.529099804,0.589779663,0.667122644,0.762470309
03/10/2021 07:00,0.734910384,0.496548444,0.629983329,0.702200808,0.797320686,0.643387529
03/10/2021 08:00,0.713824077,0.481812193,0.611931895,0.68236043,0.723742267,0.61999589
03/10/2021 09:00,0.713792996,0.481393868,0.611634457,0.60659382,0.692951103,0.618278613
03/10/2021 10:00,0.727731439,0.493490932,0.626075007,0.75413561,0.671896656,0.639685239
03/10/2021 11:00,0.76637695,0.626970046,0.62870974,0.732557577,0.744991094,0.665662874
03/10/2021 12:00,0.824199214,0.555318988,0.700750124,0.786291891,0.889285605,0.720685468
03/10/2021 13:00,0.809859424,0.566929071,0.684945887,0.763360672,0.863393103,0.699475625
03/10/2021 14:00,0.763585635,0.515565551,0.580497728,0.728773997,0.783762421,0.677732487
03/10/2021 15:00,0.751806417,0.522871124,0.661887504,0.737614153,0.834358381,0.67670936
03/10/2021 16:00,0.785609971,0.531036712,0.673737803,0.751743243,0.849288682,0.688414832
03/10/2021 17:00,0.851406952,0.565370809,0.716499915,0.765490371,0.903262308,0.732013443
03/10/2021 18:00,1.17875,0.6572754,0.83522389,0.929417465,1.051186547,0.938436527
03/10/2021 19:00,1.102102848,0.754931181,0.957606967,1.06741018,1.207147618,0.978341547
03/10/2021 20:00,1.153229672,0.779574314,0.933686291,1.051345348,1.17875,1.07543065
03/10/2021 21:00,1.038675236,0.563513788,0.913259018,1.017797555,1.125260722,0.932974418
03/10/2021 22:00,1.187856233,0.620400437,0.787151305,0.8773207,0.992578268,0.784651449
03/10/2021 23:00,0.766207259,0.517903045,0.65710122,0.732368707,0.774920633,0.671275084
04/10/2021 00:00,0.629773991,0.425876417,0.740950603,0.602231684,0.656202871,0.551923375
04/10/2021 01:00,0.649843024,0.373832617,0.474815208,0.528784804,0.597725611,0.484475516
04/10/2021 02:00,0.512678461,0.346414925,0.439597638,0.486330764,0.554135506,0.44784148
04/10/2021 03:00,0.465237379,0.392394338,0.39894213,0.425379886,0.500411369,0.407575929
04/10/2021 04:00,0.448786706,0.297,0.384604685,0.470754062,0.47871706,0.328889623
04/10/2021 05:00,0.495193017,0.320191725,0.406677923,0.453446403,0.512841155,0.415530335
04/10/2021 06:00,0.588717626,0.4993818,0.504934948,0.559025876,0.636356877,0.475097283
04/10/2021 07:00,0.885721997,0.396243949,0.610138021,0.674520288,0.762850346,0.620924467
04/10/2021 08:00,0.684542257,0.452719577,0.586887242,0.66318111,0.739783426,0.599424483
04/10/2021 09:00,0.680477514,0.459327708,0.582902499,0.654777992,0.734618095,0.595727627
04/10/2021 10:00,0.697785728,0.469237019,0.600068668,0.668826645,0.756424855,0.613023754
04/10/2021 11:00,0.73656501,0.497713149,0.631451496,0.600219014,0.795987461,0.573869594
04/10/2021 12:00,0.796172576,0.53639154,0.682942768,0.761426949,0.861054595,0.692026132
04/10/2021 13:00,0.774063896,0.523227348,0.663838391,0.734518891,0.836276195,0.678164492
04/10/2021 14:00,0.743150713,0.499318726,0.637310208,0.710213793,0.803409895,0.651187881
04/10/2021 15:00,0.748127126,0.59222975,0.638718892,0.828746371,0.808745971,0.655114415
04/10/2021 16:00,0.70965801,0.514016182,0.653923114,0.730038459,0.824251122,0.667828687
04/10/2021 17:00,0.812645198,0.549898214,0.716481265,0.777100462,0.961907624,0.712634437
04/10/2021 18:00,0.951222122,0.594910553,0.937293522,0.909063007,1.02816853,0.833240206
04/10/2021 19:00,1.106538326,0.747952955,0.948597345,1.100183942,1.196223343,0.969460337
04/10/2021 20:00,1.132855828,0.640913422,0.985725694,1.098555318,1.2175,0.91319776
04/10/2021 21:00,1.061996025,0.717878926,0.910761796,1.015121037,1.148100329,0.930432277
04/10/2021 22:00,0.974915401,0.620133947,0.78508947,0.875174005,0.953378171,0.808471132
04/10/2021 23:00,0.741622151,0.516854611,0.655686319,0.73087875,0.835040719,0.669163479
05/10/2021 00:00,0.628941228,0.425033926,0.55010836,0.601174748,0.680022487,0.551004422
05/10/2021 01:00,0.557496174,0.297,0.475740216,0.527860561,0.597002675,0.483806767
05/10/2021 02:00,0.564831198,0.303637388,0.439169543,0.49055736,0.553630701,0.375841766
05/10/2021 03:00,0.46315133,0.314432794,0.398603518,0.444305658,0.499407499,0.407752372
05/10/2021 04:00,0.448396032,0.31556232,0.387837837,0.421742229,0.484655789,0.393244452
05/10/2021 05:00,0.474331813,0.297,0.297,0.453437508,0.512746806,0.540785761
05/10/2021 06:00,0.550580239,0.40852474,0.374815814,0.562826781,0.63656265,0.438921786
05/10/2021 07:00,0.756500324,0.297,0.485955776,0.67450267,0.767759212,0.62115015
05/10/2021 08:00,0.684405862,0.350530502,0.586962525,0.654157169,0.748118141,0.599591059
05/10/2021 09:00,0.677861649,0.458197573,0.689755987,0.624480023,0.732809356,0.594077803
05/10/2021 10:00,0.699752845,0.473023494,0.600182169,0.667344321,0.966979344,0.613051197
05/10/2021 11:00,0.73633048,0.49772359,0.631403305,0.708529984,0.775917734,0.689963618
05/10/2021 12:00,0.81731419,0.544397093,0.640570335,0.761348974,0.803472558,0.794138633
05/10/2021 13:00,0.812612151,0.489843908,0.663940703,0.734968854,0.836829456,0.679006934
05/10/2021 14:00,0.743281006,0.502414891,0.604035516,0.710458195,0.803627784,0.651200776
05/10/2021 15:00,0.74759919,0.505695836,0.641525324,0.715093937,0.808752156,0.655420182
05/10/2021 16:00,0.762883951,0.541949231,0.653787455,0.609427827,0.824275404,0.667822311
05/10/2021 17:00,1.030172225,0.549560763,0.849095644,0.777086118,0.874508422,0.712388872
05/10/2021 18:00,0.93375,0.642880673,0.816388248,0.909329782,1.028193313,0.640023538
05/10/2021 19:00,1.118590051,0.756048271,0.959287768,1.069208433,1.209528459,0.980037329
05/10/2021 20:00,1.149336687,0.776889179,0.985640256,1.095277805,1.2175,1.007628004
05/10/2021 21:00,1.062005701,0.71797766,0.910833995,1.01512861,1.174175239,0.927565958
05/10/2021 22:00,0.859288072,0.619045869,0.785283866,0.860077134,0.980962175,0.847832651
05/10/2021 23:00,0.764634398,0.520212337,0.655761556,0.730917756,0.84780099,0.669873709
06/10/2021 00:00,0.654533235,0.425131392,0.539374367,0.60117914,0.686302105,0.600816487
06/10/2021 01:00,0.55129574,0.297,0.473589403,0.527821252,0.596969462,0.483822798
06/10/2021 02:00,0.459985965,0.446461143,0.400858383,0.576884403,0.518007442,0.446519278
06/10/2021 03:00,0.465041806,0.314266907,0.297,0.55806813,0.502620624,0.402455765
06/10/2021 04:00,0.448410928,0.303116805,0.343741724,0.428617732,0.484757814,0.392850242
06/10/2021 05:00,0.474374214,0.369212232,0.406810959,0.453406985,0.529202731,0.415599707
06/10/2021 06:00,0.581883375,0.398036677,0.677198016,0.562591598,0.703957964,0.515538536
06/10/2021 07:00,0.707654118,0.297,0.784092157,0.665809802,0.762875317,0.618041336
06/10/2021 08:00,0.693390602,0.462746324,0.586964462,0.674086699,0.7402428,0.526697547
06/10/2021 09:00,0.676968923,0.457865584,0.614555845,0.797273449,0.600691696,0.593045927
06/10/2021 10:00,0.699866241,0.4729804,0.60037845,0.668813744,0.777298592,0.587227146
06/10/2021 11:00,0.736431219,0.497742266,0.631536396,0.781217718,0.796048973,0.645127206
06/10/2021 12:00,0.719259432,0.537983375,0.706699243,0.761242204,1.064263373,0.658074574
06/10/2021 13:00,0.77412123,0.449730543,0.663878008,0.739925089,0.836869139,0.683071808
06/10/2021 14:00,0.604571861,0.446346273,0.637508368,0.734195406,0.803997064,0.673549288
06/10/2021 15:00,0.748155296,0.506074821,0.641609593,0.715139146,0.808798732,0.655446041
06/10/2021 16:00,0.751029354,0.515288729,0.653744244,0.728869171,0.824089009,0.675473668
06/10/2021 17:00,0.813054196,0.549570673,0.696029628,0.743556666,0.878959099,0.696424194
06/10/2021 18:00,0.951121901,0.642395872,0.815675101,0.909471395,1.028655108,0.816223604
06/10/2021 19:00,1.118678242,0.756353969,0.959377879,1.06920892,1.209320927,0.795440457
06/10/2021 20:00,1.134004551,0.776889391,1.047284381,1.098631817,1.2175,1.00699324
06/10/2021 21:00,1.06204662,0.717862523,0.909078399,1.015017465,1.148329044,0.930451737
06/10/2021 22:00,0.915707588,0.618980323,0.785302179,0.960233713,1.0517708,0.802259427
06/10/2021 23:00,0.765018114,0.516877704,0.655303263,0.730910821,0.826646493,0.48065449
07/10/2021 00:00,0.628972879,0.424260391,0.566934473,0.601240497,0.679961864,0.551024501
07/10/2021 01:00,0.541447929,0.373434725,0.473060711,0.444605544,0.596401832,0.44881239
07/10/2021 02:00,0.512157573,0.346207832,0.432824618,0.489548584,0.553661289,0.489374589
07/10/2021 03:00,0.464947396,0.314320543,0.3987424,0.444398892,0.429257968,0.297
07/10/2021 04:00,0.453193186,0.32673448,0.60173486,0.512510543,0.477076982,0.393076031
07/10/2021 05:00,0.474404689,0.320671819,0.316111883,0.324664758,0.512855081,0.40326026
07/10/2021 06:00,0.588953427,0.433821787,0.434676466,0.562866553,0.629963163,0.487684203
07/10/2021 07:00,0.705704,0.477077195,0.635594014,0.674534446,0.762908658,0.618202564
07/10/2021 08:00,0.752141314,0.411991802,0.586979816,0.500168097,0.661873089,0.599660778
07/10/2021 09:00,0.6791474,0.41292706,0.580919085,0.647483411,0.731250976,0.593457214
07/10/2021 10:00,0.677737276,0.473021682,0.600139206,0.668952673,0.756489731,0.61310205
07/10/2021 11:00,0.736384083,0.497761475,0.631519479,0.70396527,0.792985941,0.64762632
07/10/2021 12:00,0.796549491,0.538429487,0.683173192,0.74603337,0.873043277,0.727929204
07/10/2021 13:00,0.724292823,0.4958559,0.663896798,0.67325923,1.012325424,0.727464832
07/10/2021 14:00,0.79202931,0.537046717,0.637200817,0.612583688,0.803893338,0.646646792
07/10/2021 15:00,0.674283002,0.503747867,0.641768357,0.715134935,0.809075664,0.655631851
07/10/2021 16:00,0.762383183,0.515302846,0.653703852,0.728733426,0.927460432,0.667986537
07/10/2021 17:00,0.813043335,0.549575062,0.697309212,0.777221973,0.886089709,0.654743959
07/10/2021 18:00,0.951266233,0.642940017,0.817012648,0.794990522,0.959044086,0.833331806
07/10/2021 19:00,1.117577075,0.741179033,0.957495268,1.134415803,1.209189626,0.979524429
07/10/2021 20:00,1.149396416,0.730073561,0.992612285,1.092529908,1.2175,1.007548009
07/10/2021 21:00,1.062042727,0.673559734,0.910956046,1.015173282,1.148295137,0.92444061
07/10/2021 22:00,0.915747675,0.618986955,0.785332448,0.875305928,0.989940327,0.677185237
07/10/2021 23:00,0.99714003,0.516676011,0.655876651,0.730648058,0.827731712,0.572741717
08/10/2021 00:00,0.62571146,0.42300363,0.534991111,0.59815535,0.67642735,0.554043296
08/10/2021 01:00,0.56213768,0.375440121,0.476286124,0.530907788,0.600437652,0.486611512
08/10/2021 02:00,0.512303059,0.346256491,0.464882723,0.466532136,0.553769347,0.339628696
08/10/2021 03:00,0.465054349,0.297,0.398894335,0.454331758,0.522182643,0.428610797
08/10/2021 04:00,0.448687277,0.297,0.452883269,0.560775297,0.565282726,0.392973036
08/10/2021 05:00,0.474496313,0.320737524,0.406689655,0.453549705,0.513118318,0.415659662
08/10/2021 06:00,0.58900987,0.399129533,0.50669737,0.555256719,0.636730132,0.44085283
08/10/2021 07:00,0.705926638,0.492236385,0.607855839,0.737038338,0.695460001,0.618336668
08/10/2021 08:00,0.787221104,0.481867174,0.584073199,0.659754607,0.740952216,0.599718917
08/10/2021 09:00,0.677442625,0.443389413,0.580947937,0.647548149,0.715285363,0.743106754
08/10/2021 10:00,0.699868372,0.47594996,0.600190751,0.669210367,0.756537195,0.488047408
08/10/2021 11:00,0.736426076,0.497752053,0.574485178,0.703926893,0.79512465,0.647855413
08/10/2021 12:00,0.796599634,0.538451365,0.683121354,0.761421783,0.825957358,0.698600761
08/10/2021 13:00,0.773857128,0.523359732,0.663882822,0.740024206,0.693121456,0.678228577
08/10/2021 14:00,0.743452909,0.459116342,0.637567093,0.702984821,0.803705974,0.651401435
08/10/2021 15:00,0.748146863,0.505713768,0.641651494,0.715416492,0.834911399,0.655459722
08/10/2021 16:00,0.762598983,0.515269378,0.631163422,0.728648711,0.788890904,0.667859887
08/10/2021 17:00,0.813026824,0.549565744,0.697234994,1.043375525,0.771972954,0.712293672
08/10/2021 18:00,0.951072783,0.642872524,0.815624745,0.909093924,1.028178955,0.859987994
08/10/2021 19:00,1.117903087,0.756136938,0.95935682,1.09930324,1.214038121,1.189954313
08/10/2021 20:00,1.149302086,0.773282824,0.961132912,0.968960938,1.2175,0.998107541
08/10/2021 21:00,1.13338031,0.717833578,0.901377645,1.014118034,1.142625438,0.929329565
08/10/2021 22:00,0.915841071,0.618952162,0.764867495,0.875202087,0.98983221,0.802246813
08/10/2021 23:00,0.81423454,0.514473399,0.653782792,0.728618614,0.823358811,0.669536729
09/10/2021 00:00,0.672173566,0.503510598,0.594084856,0.678583985,0.674232243,0.615790527
09/10/2021 01:00,0.558557902,0.382778394,0.479491254,0.533867192,0.60396594,0.454679956
09/10/2021 02:00,0.521258521,0.346379802,0.439330677,0.54170271,0.553842611,0.450618749
09/10/2021 03:00,0.465189376,0.314367388,0.398813921,0.444547412,0.502754905,0.407428695
09/10/2021 04:00,0.448429221,0.333506619,0.654588908,0.451548127,0.484782401,0.392887779
09/10/2021 05:00,0.474201989,0.320468592,0.578873374,0.454055456,0.512735031,0.38343537
09/10/2021 06:00,0.588366879,0.418517801,0.490196138,0.558674789,0.636077256,0.5153177
09/10/2021 07:00,0.704789167,0.476399051,0.604420852,0.673676287,0.761470073,0.646554048
09/10/2021 08:00,0.682981679,0.461585803,0.622606611,0.599963024,0.738351631,0.598388552
09/10/2021 09:00,0.670052359,0.452913158,0.574543208,0.640386705,0.724250816,0.586853439
09/10/2021 10:00,0.691840523,0.358490078,0.593316739,0.661286529,0.82900758,0.60612285
09/10/2021 11:00,0.716428055,0.489678885,0.624250628,0.695750219,0.786964595,0.822246324
09/10/2021 12:00,0.787593749,0.563828011,0.675509023,0.752965212,0.851474075,0.689971848
09/10/2021 13:00,0.764212006,0.516865299,0.688130694,0.730978764,0.8288049,0.669915332
09/10/2021 14:00,0.730464118,0.503382098,0.763230635,0.701071153,0.860447417,0.642495174
09/10/2021 15:00,0.737611283,0.498575286,0.731684434,0.706248989,0.792374249,0.646555614
09/10/2021 16:00,0.829169257,0.472131617,0.628680404,0.718256115,0.812051647,0.658018283
09/10/2021 17:00,0.800221297,0.539737863,0.713495464,0.828289629,0.866191015,0.593181596
09/10/2021 18:00,0.93679205,0.637648223,0.803759931,0.877679138,0.977715774,0.820711302
09/10/2021 19:00,1.103532813,0.745929863,0.765651264,1.057290032,1.193077921,0.966804709
09/10/2021 20:00,1.17875,0.766354599,0.946546956,1.083669784,1.17875,0.99322004
09/10/2021 21:00,1.046144494,0.709297258,0.897273763,0.928747912,1.130648274,0.916542076
09/10/2021 22:00,0.833178972,0.602973734,0.771544774,0.790079203,0.972025195,0.780445602
09/10/2021 23:00,0.747363331,0.43772837,0.774276151,0.741370211,0.807925305,0.648371522
10/10/2021 00:00,0.599842557,0.41012275,0.520338513,0.579964353,0.655981819,0.531571946
10/10/2021 01:00,0.543275561,0.367215988,0.465897668,0.5198644,0.586855933,0.470980997
10/10/2021 02:00,0.49484504,0.334728678,0.425709364,0.461753202,0.536654214,0.434842693
10/10/2021 03:00,0.449272083,0.317359235,0.421079209,0.429329113,0.635423618,0.393483766
10/10/2021 04:00,0.433269494,0.297,0.37559905,0.444817866,0.468228467,0.379451348
10/10/2021 05:00,0.463650631,0.310694291,0.39424562,0.437718433,0.485902438,0.402777782
10/10/2021 06:00,0.575187134,0.388938566,0.493317076,0.549705333,0.621819858,0.713171027
10/10/2021 07:00,0.688626113,0.411374865,0.611573169,0.663927735,0.750748297,0.847422554
10/10/2021 08:00,0.673748098,0.455429136,0.577798589,0.611399623,0.830209537,0.593641462
10/10/2021 09:00,0.683461323,0.45100696,0.477363515,0.622083756,0.72124663,0.470991505
10/10/2021 10:00,0.690120289,0.504581991,0.520707518,0.728321922,0.694024096,0.604712461
10/10/2021 11:00,0.689601499,0.606659429,0.623806133,0.695286465,0.786304199,0.637045215
10/10/2021 12:00,0.997408596,0.532753502,0.675938891,0.753431076,0.85209175,0.690542259
10/10/2021 13:00,0.766349326,0.651919212,0.657222461,0.732498923,0.828470327,0.711453376
10/10/2021 14:00,0.795613352,0.377192814,0.631485256,0.70374178,0.796007841,0.6450888
10/10/2021 15:00,0.741708337,0.40921541,0.635939668,0.689482181,0.788035235,0.649854216
10/10/2021 16:00,0.760814033,0.514267445,0.652444596,0.824054292,0.85330323,0.613561709
10/10/2021 17:00,0.909733166,0.548886324,0.696359176,0.778242186,0.877848977,0.711150883
10/10/2021 18:00,0.926454698,0.554958853,0.707247167,0.908581916,1.027470517,0.832976689
10/10/2021 19:00,1.114551441,0.813336186,0.84546344,1.068846191,1.213864159,0.979689524
10/10/2021 20:00,1.149099453,0.74888475,0.986617854,1.060043237,1.242208701,1.007771817
10/10/2021 21:00,1.06508707,0.717782391,0.910588654,1.015005538,1.17875,0.930284475
10/10/2021 22:00,0.915583666,0.811122377,0.784866086,0.875153185,0.989235795,0.842874927
10/10/2021 23:00,0.814183748,0.512409269,0.563968603,0.729402748,0.824908328,0.668537468
11/10/2021 00:00,0.623460171,0.421432046,0.534854607,0.595946705,0.792801472,0.546218824
11/10/2021 01:00,0.557956874,0.377348019,0.478506959,0.787517154,0.585989013,0.490353158
11/10/2021 02:00,0.519143588,0.339292863,0.439193093,0.489631829,0.55404541,0.448751166
11/10/2021 03:00,0.459048628,0.314347293,0.419143123,0.479810568,0.502449937,0.390359246
11/10/2021 04:00,0.448459648,0.297,0.297,0.297,0.484986725,0.392932327
11/10/2021 05:00,0.595083799,0.32070675,0.406897997,0.454174738,0.417188481,0.408902379
11/10/2021 06:00,0.588915392,0.398075318,0.504605321,0.643996922,0.636654076,0.615066687
11/10/2021 07:00,0.676767938,0.477033649,0.6056978,0.674599069,0.746455481,0.61829401
11/10/2021 08:00,0.545671242,0.462742859,0.575718852,0.65425228,0.739967171,0.599445905
11/10/2021 09:00,0.778757008,0.596663646,0.522154892,0.7278828,0.732289775,0.593466812
11/10/2021 10:00,0.700008998,0.472126174,0.5969292,0.530188087,0.756629634,0.574162257
11/10/2021 11:00,0.625984239,0.495520786,0.631509163,0.703865705,0.795637711,0.645146016
11/10/2021 12:00,0.784398268,0.538616665,0.699232763,0.761405419,0.863944849,0.649114174
11/10/2021 13:00,0.774407214,0.523085102,0.635258774,0.739941654,0.697585494,0.678220384
11/10/2021 14:00,0.741001741,0.501756051,0.654317065,0.891014303,0.803777926,0.628436094
11/10/2021 15:00,0.591839686,0.504994266,0.641486754,0.782812888,0.760802036,0.644363914
11/10/2021 16:00,0.762396141,0.515276875,0.653748126,0.732578473,0.824078291,0.667914683
11/10/2021 17:00,0.862692738,0.547333084,0.698597223,0.779091078,0.878730605,0.712580191
11/10/2021 18:00,0.951106508,0.642907317,0.815323781,0.90914382,1.191158195,0.833943438
11/10/2021 19:00,1.129459259,0.754185689,0.955776805,1.18428739,1.210123109,0.980080572
11/10/2021 20:00,1.114367737,0.776922584,0.985686397,1.098267719,1.2175,1.006504146
11/10/2021 21:00,1.060526972,0.719835255,0.910791225,1.008763822,1.183149834,0.93605476
11/10/2021 22:00,0.91563846,0.618967176,0.785307175,0.875315216,0.987585294,0.80210794
11/10/2021 23:00,0.763503081,0.38259215,0.654764343,0.729787441,0.971777977,0.676191964
12/10/2021 00:00,0.628597571,0.424170086,0.538130734,0.599797453,0.678386939,0.517327198
12/10/2021 01:00,0.554309964,0.537768265,0.475375328,0.633940845,0.599225857,0.570575851
12/10/2021 02:00,0.512197929,0.382455791,0.441405745,0.48959257,0.553803253,0.448740493
12/10/2021 03:00,0.464855582,0.314773722,0.398775791,0.297,0.454535108,0.407384715
12/10/2021 04:00,0.448454529,0.303223062,0.384664569,0.428910534,0.484824597,0.392417933
12/10/2021 05:00,0.357075249,0.320677889,0.45126684,0.453581189,0.512886103,0.424365671
12/10/2021 06:00,0.588893957,0.39805986,0.504939052,0.562894693,0.636810885,0.515922457
12/10/2021 07:00,0.775099833,0.477437016,0.605213264,0.673879004,0.762414637,0.618277028
12/10/2021 08:00,0.685910982,0.466328524,0.587086475,0.654252491,0.739944539,0.598649507
12/10/2021 09:00,0.677372158,0.456599681,0.571433215,0.647480664,0.817696175,0.607454358
12/10/2021 10:00,0.699793149,0.467433456,0.565686714,0.668966738,0.663735148,0.613095441
12/10/2021 11:00,0.736409515,0.497749812,0.627287934,0.702927494,0.794369185,0.687465933
12/10/2021 12:00,0.796539068,0.532722071,0.809487151,0.793965698,0.86112029,0.674589412
12/10/2021 13:00,0.774128612,0.522587275,0.6638336,0.738928471,0.836877198,0.678316759
12/10/2021 14:00,0.777958097,0.502525797,0.637584158,0.710688253,0.803693158,0.651296749
12/10/2021 15:00,0.764162062,0.397858635,0.641746077,0.715119398,0.80895709,0.655699794
12/10/2021 16:00,0.712370252,0.515291535,0.744039654,0.728655189,0.824113002,0.595112301
12/10/2021 17:00,0.810045229,0.54956499,0.696994544,0.790120311,0.878951862,0.861860414
12/10/2021 18:00,0.951113409,0.642886606,0.831821774,0.909124194,1.028230549,0.83334926
12/10/2021 19:00,1.082747646,0.756166522,1.028414868,1.069306917,1.18919149,0.9800636
12/10/2021 20:00,1.151428736,0.776914806,0.985695344,1.098792422,1.2175,1.139956382
12/10/2021 21:00,1.033825931,0.717881623,0.91905629,1.015164976,1.147428517,0.924064391
12/10/2021 22:00,0.918910941,0.618978506,0.785272547,0.875309468,0.99495693,0.931518703
12/10/2021 23:00,0.764676469,0.516854976,0.655768086,0.73091159,0.826656462,0.669924569
13/10/2021 00:00,0.628998725,0.425159333,0.538449136,0.622588136,0.680567781,0.550954739
13/10/2021 01:00,0.552282685,0.386999888,0.451229533,0.512303136,0.639368406,0.444071906
13/10/2021 02:00,0.512154247,0.346143873,0.439212623,0.489559231,0.540994364,0.401514149
13/10/2021 03:00,0.466593214,0.314654473,0.398738161,0.392220318,0.497894996,0.407303058
13/10/2021 04:00,0.449190015,0.303114789,0.380834249,0.333794891,0.484777412,0.437732839
13/10/2021 05:00,0.474380903,0.320732094,0.406832213,0.453447251,0.375099131,0.415614191
13/10/2021 06:00,0.588855951,0.398138362,0.505037697,0.562862511,0.636987058,0.515285126
13/10/2021 07:00,0.709016795,0.54467984,0.709241809,0.674529606,0.762883692,0.582295137
13/10/2021 08:00,0.684436118,0.462646533,0.607407722,0.653747918,0.873262254,0.667324346
13/10/2021 09:00,0.657181428,0.457858942,0.580896072,0.647458824,0.653588556,0.593445551
13/10/2021 10:00,0.699780177,0.473014856,0.600014157,0.668889454,0.713084223,0.613069273
13/10/2021 11:00,0.736351624,0.60380481,0.631522259,0.704052483,0.909483286,0.645144322
13/10/2021 12:00,0.796536628,0.517956732,0.681176109,0.761386429,0.823565391,0.490039498
13/10/2021 13:00,0.701337147,0.523259522,0.663878546,0.739938651,0.839542251,0.841156107
13/10/2021 14:00,0.743439657,0.408806373,0.63666849,0.756169283,0.804042029,0.65161307
13/10/2021 15:00,0.748159478,0.435773583,0.63007246,0.715166311,0.80866698,0.651878885
13/10/2021 16:00,0.729130249,0.458519713,0.578620676,0.79634433,0.824881993,0.667973441
13/10/2021 17:00,0.774726044,0.524645049,0.818926434,0.777168183,0.878993216,0.712329201
13/10/2021 18:00,0.951129334,0.64290888,0.815689681,0.924306834,1.028224924,0.832791913
13/10/2021 19:00,1.118697622,0.756158767,0.959453118,1.069291887,1.209374665,0.981038625
13/10/2021 20:00,1.149385742,0.77691776,0.98576053,1.179718611,1.2175,1.004124464
13/10/2021 21:00,1.062052294,0.706251733,0.851398539,1.015168337,1.14806993,0.991674138
13/10/2021 22:00,0.91572249,0.618977732,0.785315635,0.875297323,0.989960867,0.788656556
13/10/2021 23:00,0.764670551,0.516873915,0.655779469,0.678724374,0.826648274,0.669952254
14/10/2021 00:00,0.62897987,0.48606075,0.532872049,0.601209933,0.679956141,0.551063694
14/10/2021 01:00,0.5523971,0.373399181,0.365874948,0.527976744,0.597155652,0.483968886
14/10/2021 02:00,0.511637568,0.34618616,0.442666499,0.489533628,0.553696538,0.448735307
14/10/2021 03:00,0.465075234,0.31423393,0.398765966,0.444204624,0.502645837,0.408363047
14/10/2021 04:00,0.448430789,0.303114208,0.297,0.428700936,0.484771972,0.365347939
14/10/2021 05:00,0.47173425,0.331401468,0.405288543,0.334532355,0.453391369,0.415617238
14/10/2021 06:00,0.613660517,0.398042577,0.505004127,0.562864574,0.636596615,0.500220501
14/10/2021 07:00,0.663946745,0.477012694,0.605197353,0.650444256,0.762860763,0.624235066
14/10/2021 08:00,0.653089603,0.46265057,0.571111844,0.600468703,0.739937025,0.648884193
14/10/2021 09:00,0.677383141,0.457852859,0.539657069,0.64749568,0.568752356,0.58402236
14/10/2021 10:00,0.810884661,0.582774202,0.617171144,0.581063558,0.756513859,0.613101727
14/10/2021 11:00,0.736161114,0.493210936,0.735991457,0.703889288,0.796027508,0.645152849
14/10/2021 12:00,0.798671658,0.648172238,0.683135928,0.759083907,0.861155653,0.69800169
14/10/2021 13:00,0.705342174,0.515175677,0.663898623,0.736578393,0.698024177,0.678257719
14/10/2021 14:00,0.743477813,0.373765326,0.601565359,0.710639192,0.803643969,0.651361516
14/10/2021 15:00,0.748131119,0.505661944,0.68397246,0.71516103,0.808872467,0.655457753
14/10/2021 16:00,0.634176421,0.515313691,0.671645182,0.804835704,0.787350563,0.667902407
14/10/2021 17:00,0.813102442,0.549578,0.713427698,0.816291364,0.992223171,0.794796208
14/10/2021 18:00,0.951175366,0.75569685,0.81568655,0.909179417,1.028238091,0.899113338
14/10/2021 19:00,1.119195657,0.758113418,0.959909778,1.068902251,1.210420713,0.980103671
14/10/2021 20:00,1.149411137,0.826878729,0.986180763,1.098686995,1.20034739,1.038006544
14/10/2021 21:00,0.946096561,0.717917354,0.910961026,1.015204806,1.174983392,0.935733036
14/10/2021 22:00,0.916449198,0.619048564,0.914115027,0.875300047,0.925926549,0.91202687
14/10/2021 23:00,0.764699693,0.516902585,0.655802983,0.727906748,0.826696693,0.669960763
15/10/2021 00:00,0.625358475,0.422694535,0.536322538,0.597790201,0.676521911,0.54791016
15/10/2021 01:00,0.555570248,0.378374964,0.476449738,0.531104847,0.600647973,0.486786045
15/10/2021 02:00,0.512201134,0.495828159,0.438830682,0.622942691,0.55370696,0.448625898
15/10/2021 03:00,0.465256818,0.314261589,0.320110753,0.389756198,0.505090521,0.407394069
15/10/2021 04:00,0.448486953,0.303152784,0.384704282,0.390918149,0.446912003,0.392960516
15/10/2021 05:00,0.47445277,0.320696539,0.406872481,0.45347607,0.512938177,0.406608905
15/10/2021 06:00,0.738634775,0.39806413,0.505039747,0.562914602,0.637218101,0.515946141
15/10/2021 07:00,0.705700599,0.477040564,0.605222962,0.600978431,0.790810895,0.61825096
15/10/2021 08:00,0.664172234,0.462666763,0.692811406,0.736956491,0.750042669,0.547332443
15/10/2021 09:00,0.677378241,0.457917811,0.580933513,0.648062111,0.732288278,0.593467394
15/10/2021 10:00,0.69981035,0.473033717,0.391253595,0.668914732,0.756533375,0.663671502
15/10/2021 11:00,0.710300434,0.497746639,0.698417387,0.701251153,0.796060978,0.645167463
15/10/2021 12:00,0.74139861,0.593400024,0.683104314,0.761376873,0.894129537,0.697867054
15/10/2021 13:00,0.773016642,0.523338644,0.663858619,0.719567929,0.836852286,0.626055146
15/10/2021 14:00,0.613831256,0.502501645,0.499202536,0.703639623,0.803619037,0.651306297
15/10/2021 15:00,0.747638682,0.403601289,0.641591406,0.8366735,0.808759695,0.655425843
15/10/2021 16:00,0.742272078,0.515268135,0.653696672,0.73684575,0.824051728,0.667792156
15/10/2021 17:00,0.813005112,0.551793766,0.79491343,0.937307145,0.813107376,0.712264692
15/10/2021 18:00,0.950998659,0.714276001,0.815618154,0.909588281,0.931580491,0.800299625
15/10/2021 19:00,1.118607998,0.7561201,0.964214405,1.2175,1.209357794,0.980051986
15/10/2021 20:00,1.057129434,0.776854635,0.977249431,1.098529434,1.2175,1.004875912
15/10/2021 21:00,1.061942845,0.717891056,0.872446925,0.807250463,1.148031737,0.927901787
15/10/2021 22:00,0.91561539,0.619029371,1.014353884,0.949011854,0.989843667,0.802174875
15/10/2021 23:00,0.752938844,0.516791318,0.701491417,0.674652703,0.825577236,0.669824261
16/10/2021 00:00,0.622756559,0.508264172,0.615035372,0.595520925,0.673356432,0.536660698
16/10/2021 01:00,0.608850455,0.37735379,0.460189062,0.559741235,0.603295308,0.546785167
16/10/2021 02:00,0.512121443,0.297,0.439289605,0.489670343,0.553451751,0.448643839
16/10/2021 03:00,0.464816792,0.328588138,0.458241935,0.444296178,0.503667959,0.407550083
16/10/2021 04:00,0.398088556,0.302981777,0.384203266,0.428749791,0.484529561,0.377314571
16/10/2021 05:00,0.473662916,0.318259837,0.455207912,0.443656922,0.512488658,0.413982247
16/10/2021 06:00,0.588227704,0.39760844,0.504433351,0.563271704,0.755939916,0.515344094
16/10/2021 07:00,0.704938688,0.464572428,0.562078675,0.673313187,0.737293675,0.617361578
16/10/2021 08:00,0.682411018,0.441637233,0.585547128,0.70773658,0.71269765,0.656047012
16/10/2021 09:00,0.670399687,0.365305698,0.575021676,0.476768461,0.725291904,0.585121578
16/10/2021 10:00,0.69241347,0.466749702,0.593753476,0.642221584,0.748450748,0.496520362
16/10/2021 11:00,0.728553058,0.492382598,0.590051836,0.696197205,0.779136432,0.865613798
16/10/2021 12:00,0.788204996,0.533050608,0.675955951,0.753410267,0.644279315,0.690536931
16/10/2021 13:00,0.765340044,0.514150765,0.656381144,0.731153776,0.827047206,0.670449322
16/10/2021 14:00,0.734158385,0.513180591,0.629596239,0.689290084,0.793667451,0.642482901
16/10/2021 15:00,0.738391884,0.499166189,0.700892394,0.705787363,0.798281814,0.648236672
16/10/2021 16:00,0.751638008,0.576000657,0.644902247,0.894241371,0.814366478,0.658888893
16/10/2021 17:00,0.802331547,0.542218019,0.687864029,0.573531853,0.897572872,0.66274052
16/10/2021 18:00,0.998962437,0.633863133,0.804186106,0.896344296,1.013751356,0.821575214
16/10/2021 19:00,1.104624464,0.746416232,0.947349353,1.05588135,1.194151452,0.977279406
16/10/2021 20:00,1.140315525,0.767494565,0.916093493,1.084842825,1.17875,0.997089254
16/10/2021 21:00,1.047511918,0.707995062,0.934945512,1.001223449,1.045410987,0.871668385
16/10/2021 22:00,0.974914317,0.60907985,0.702114668,1.033592569,0.836406842,0.789428208
16/10/2021 23:00,0.73834404,0.506978129,0.540319634,0.716906646,0.734016232,0.657061445
17/10/2021 00:00,0.621997179,0.41050054,0.515859904,0.580444669,0.656416161,0.53350214
17/10/2021 01:00,0.54444538,0.297,0.466910972,0.52045331,0.462873277,0.434252702
17/10/2021 02:00,0.49759656,0.339477083,0.388478408,0.475869379,0.537916398,0.429550463
17/10/2021 03:00,0.4496237,0.304530755,0.414520811,0.419034824,0.541806196,0.394708852
17/10/2021 04:00,0.492261462,0.297,0.376914303,0.424737008,0.469561516,0.380500069
17/10/2021 05:00,0.46092526,0.311936602,0.395357575,0.440621116,0.498439313,0.403848847
17/10/2021 06:00,0.576387376,0.371857326,0.494369988,0.550968293,0.623108664,0.504967817
17/10/2021 07:00,0.627134634,0.470067221,0.588447718,0.664692357,0.75210274,0.609257351
17/10/2021 08:00,0.674670322,0.464667132,0.578671552,0.683971475,0.729346683,0.591029952
17/10/2021 09:00,0.668132815,0.451601486,0.515850547,0.509819148,0.923379021,0.556920043
17/10/2021 10:00,0.69057922,0.466736537,0.58665531,0.659321435,0.74702759,0.605440975
17/10/2021 11:00,0.907948804,0.492321553,0.702436546,0.696005304,0.787748649,0.610562742
17/10/2021 12:00,0.788917913,0.533272839,0.675947882,0.754117906,0.858113152,0.690736031
17/10/2021 13:00,0.767076394,0.431115355,0.651311818,0.717163706,0.825804478,0.672036139
17/10/2021 14:00,0.736989247,0.498221325,0.632522501,0.70442054,0.795595396,0.645677335
17/10/2021 15:00,0.709837653,0.490177855,0.636647816,0.70923858,0.801785887,0.650363967
17/10/2021 16:00,0.761084102,0.514405335,0.652711752,0.826619893,0.82275561,0.666849839
17/10/2021 17:00,0.812266376,0.778189963,0.696600453,0.651332957,0.878440593,0.660664678
17/10/2021 18:00,0.950679749,0.642641168,0.815481941,0.90871113,1.027712444,0.832883621
17/10/2021 19:00,1.118036712,0.704456491,0.958600167,1.069029722,1.095571363,0.9833492
17/10/2021 20:00,1.134680452,0.689840911,0.929036973,1.139474073,1.17875,1.006897941
17/10/2021 21:00,0.973805033,0.71787498,0.910796934,1.015022021,1.148151166,0.930466333
17/10/2021 22:00,0.899205599,0.816681161,0.785377273,0.994735732,0.989980944,0.793934668
17/10/2021 23:00,0.831238816,0.549493814,0.650638532,0.77297536,0.826679121,0.924405505
18/10/2021 00:00,0.622895442,0.532195975,0.534199962,0.595443253,0.674157631,0.545591055
18/10/2021 01:00,0.559541558,0.472178995,0.478491495,0.533321983,0.65068446,0.488815779
18/10/2021 02:00,0.52045411,0.442697023,0.439219507,0.401772008,0.553676534,0.649365221
18/10/2021 03:00,0.452204432,0.313474275,0.398423405,0.444487718,0.502719423,0.407411913
18/10/2021 04:00,0.448488491,0.297,0.297,0.418303182,0.484846314,0.390772768
18/10/2021 05:00,0.431964899,0.320697425,0.406654173,0.362767666,0.46659221,0.415667185
18/10/2021 06:00,0.675263164,0.398173643,0.571166681,0.562899436,0.637684637,0.5520839
18/10/2021 07:00,0.93741385,0.366456917,0.605215649,0.599436855,0.762929779,0.615089943
18/10/2021 08:00,0.684786615,0.462894208,0.710912219,0.65386901,0.739972027,0.59966652
18/10/2021 09:00,0.739905426,0.45988338,0.582220784,0.647502954,0.732297448,0.430173271
18/10/2021 10:00,0.676911259,0.473128635,0.600140587,0.668915974,0.758045867,0.612825836
18/10/2021 11:00,0.7424716,0.49769811,0.530706057,0.70390957,0.796151949,0.645141869
18/10/2021 12:00,0.701770487,0.536384261,0.653108974,0.760461884,0.921298565,0.697995374
18/10/2021 13:00,0.75878059,0.523268799,0.649866817,0.739814683,0.836872719,0.678217994
18/10/2021 14:00,0.744041006,0.502519121,0.726309245,0.671678841,0.803645928,0.651324332
18/10/2021 15:00,0.63731903,0.505710569,0.641576185,0.674736157,0.808767136,0.6552391
18/10/2021 16:00,0.761185732,0.515279769,0.647259802,0.745160891,0.824073362,0.628336081
18/10/2021 17:00,0.816590364,0.615369591,0.697262369,0.777152192,0.878936602,0.655583641
18/10/2021 18:00,0.951103011,0.641627799,0.854758461,0.909143652,0.93342422,0.833268427
18/10/2021 19:00,1.118150724,0.75628428,0.927288651,1.074771246,1.152301963,0.980077971
18/10/2021 20:00,1.2175,0.808366911,0.985684052,1.10829554,1.2175,1.207589766
18/10/2021 21:00,1.046852249,0.717890091,0.910783825,0.924150827,1.037551788,0.930420488
18/10/2021 22:00,0.968196084,0.560925032,0.785291703,0.874950807,0.986895594,0.762577805
18/10/2021 23:00,0.764737261,0.297,0.655767585,0.679961643,0.878260858,0.670018196
19/10/2021 00:00,0.626367078,0.427243382,0.537950847,0.705063896,0.678236326,0.555043296
19/10/2021 01:00,0.586881465,0.337578852,0.345580662,0.529616633,0.598830126,0.388485627
19/10/2021 02:00,0.512150301,0.321244738,0.445414072,0.470404143,0.532228772,0.448654766
19/10/2021 03:00,0.464937055,0.297,0.450398394,0.39680364,0.502642578,0.40654597
19/10/2021 04:00,0.428325064,0.297,0.370575161,0.428769517,0.519218809,0.410131302
19/10/2021 05:00,0.429434354,0.434483776,0.406785234,0.453450463,0.440509908,0.528077295
19/10/2021 06:00,0.588929832,0.401213062,0.504983322,0.562637063,0.636575607,0.515892421
19/10/2021 07:00,0.70568408,0.390038407,0.578583359,0.672507104,0.762865623,0.620815495
19/10/2021 08:00,0.638633265,0.464234347,0.586987792,0.767815629,0.748067218,0.603552975
19/10/2021 09:00,0.637164153,0.457840076,0.59233021,0.648040838,0.732355738,0.593727677
19/10/2021 10:00,0.70013801,0.456291485,0.600132113,0.668891578,0.724923013,0.658006349
19/10/2021 11:00,0.734827147,0.464573729,0.631484534,0.696256561,0.794314913,0.645100671
19/10/2021 12:00,0.796554404,0.61206623,0.609660285,0.761345084,0.861106044,0.729263115
19/10/2021 13:00,0.77412048,0.523192063,0.569461672,0.740079095,0.836851008,0.677838248
19/10/2021 14:00,0.673842874,0.502529145,0.6382241,0.706769289,0.801300811,0.6508082
19/10/2021 15:00,0.748143341,0.505712045,0.558102402,0.830968666,0.808816046,0.65544883
19/10/2021 16:00,0.762312464,0.403186051,0.606136178,0.72866354,0.824106617,0.6678651
19/10/2021 17:00,0.813074155,0.549584913,0.697516258,0.784978774,0.878963919,0.621843599
19/10/2021 18:00,0.951142628,0.643449411,0.81901176,0.909125792,1.028226172,0.836518241
19/10/2021 19:00,1.093731183,0.756182225,0.902795472,1.08707856,1.168626353,0.980076185
19/10/2021 20:00,1.14933588,0.776911009,0.985667196,1.065300883,1.242560753,1.006871555
19/10/2021 21:00,1.062554913,0.773040791,0.911176822,1.040230069,1.2175,0.930424286
19/10/2021 22:00,0.915736917,0.603645358,0.779421091,0.875310524,0.98981642,0.923859396
19/10/2021 23:00,0.764682428,0.516887219,0.678406078,0.730832442,0.919343132,0.669920988
20/10/2021 00:00,0.628989517,0.425150958,0.480452365,0.601232782,0.675753904,0.516605311
20/10/2021 01:00,0.552309943,0.373316165,0.473649815,0.448890623,0.593460668,0.483746134
20/10/2021 02:00,0.614854572,0.346195175,0.439227339,0.48954933,0.55473871,0.352559632
20/10/2021 03:00,0.521996693,0.314298535,0.398746885,0.297,0.460262761,0.399419117
20/10/2021 04:00,0.454455541,0.306354879,0.38603128,0.428627823,0.484836779,0.392957351
20/10/2021 05:00,0.474385737,0.297,0.406862131,0.453819553,0.512836814,0.424970084
20/10/2021 06:00,0.588891565,0.488330635,0.505027709,0.601961774,0.636223885,0.516230784
20/10/2021 07:00,0.705798873,0.476988594,0.638462146,0.675054659,0.762888272,0.473210696
20/10/2021 08:00,0.684433897,0.643811926,0.587130585,0.654225783,0.739923007,0.594800568
20/10/2021 09:00,0.677355312,0.452641714,0.581542932,0.647463305,0.716066036,0.548883454
20/10/2021 10:00,0.706311344,0.432619198,0.600115947,0.647053412,0.716838147,0.612608688
20/10/2021 11:00,0.736350584,0.546228553,0.631162375,0.703861063,0.79892524,0.64539128
20/10/2021 12:00,0.796527044,0.538410561,0.68309495,0.761376726,0.861127411,0.689905247
20/10/2021 13:00,0.774104437,0.523260865,0.663858776,0.739931535,0.837058387,0.672350306
20/10/2021 14:00,0.743410795,0.502510482,0.625712634,0.708383374,0.803666348,0.651298735
20/10/2021 15:00,0.748039466,0.505680936,0.641560466,0.715339659,0.817975147,0.655437402
20/10/2021 16:00,0.762276379,0.515270386,0.653679134,0.728648398,0.854996035,0.667862965
20/10/2021 17:00,0.813034635,0.549569302,0.697250297,0.776751597,1.001866444,0.70935073
20/10/2021 18:00,1.041002431,0.643018481,0.815644389,0.909104441,1.028293131,0.833269756
20/10/2021 19:00,1.118659087,0.756162471,0.959276474,1.13867251,1.209318757,0.977760635
20/10/2021 20:00,1.149351494,0.685000255,0.985664154,1.09861364,1.2175,1.006945241
20/10/2021 21:00,1.049215191,0.717869461,0.910779527,1.015142282,1.095907663,0.928785538
20/10/2021 22:00,0.915645919,0.618997389,0.785153155,0.875327081,0.986085181,0.802312909
20/10/2021 23:00,0.839787475,0.516848972,0.655933833,0.730868652,0.953157241,0.669910739
21/10/2021 00:00,0.697819344,0.425182145,0.539437102,0.60122494,0.679904379,0.551082133
21/10/2021 01:00,0.55245678,0.373446119,0.473712519,0.334861138,0.597244183,0.485292424
21/10/2021 02:00,0.512021122,0.346220375,0.441736551,0.488871145,0.553165093,0.569367546
21/10/2021 03:00,0.465001433,0.318198523,0.37588709,0.46127964,0.50289619,0.396064473
21/10/2021 04:00,0.448489103,0.303196621,0.384252584,0.428669602,0.486076064,0.39290655
21/10/2021 05:00,0.471263844,0.297,0.406945367,0.577409803,0.512911453,0.418023209
21/10/2021 06:00,0.609762114,0.513081046,0.505728116,0.697142388,0.636640771,0.515938956
21/10/2021 07:00,0.705403735,0.475908978,0.583152172,0.674210779,0.608853607,0.679975666
21/10/2021 08:00,0.808049472,0.462711926,0.433533008,0.72267998,0.740590695,0.59967586
21/10/2021 09:00,0.662785701,0.457890101,0.567568479,0.647613051,0.73228673,0.593390989
21/10/2021 10:00,0.700445853,0.473158433,0.600464479,0.668987132,0.855476824,0.529629882
21/10/2021 11:00,0.736374301,0.5009311,0.631729929,0.732743889,0.796071638,0.553923912
21/10/2021 12:00,0.796658727,0.533885851,0.683099246,0.761360371,0.861112929,0.698097986
21/10/2021 13:00,0.774140745,0.523276569,0.663873104,0.743165719,0.836870805,0.678662119
21/10/2021 14:00,0.743403319,0.502728938,0.637183818,0.71059755,0.822265174,0.651313463
21/10/2021 15:00,0.748126468,0.505699093,0.641600236,0.726502856,0.807632994,0.712760928
21/10/2021 16:00,0.722082936,0.479319797,0.622030059,0.793676119,0.824388476,0.642122048
21/10/2021 17:00,0.83172256,0.549536018,0.697459751,0.777128231,0.878929155,0.7123228
21/10/2021 18:00,0.951063844,0.642878028,0.815633438,0.908945113,1.028170409,0.833343114
21/10/2021 19:00,1.118638147,0.756124346,0.95933129,1.069256579,1.209313339,1.020399582
21/10/2021 20:00,1.149183748,0.776866197,0.985596476,1.042429714,1.2175,1.010986574
21/10/2021 21:00,1.001534665,0.717959199,0.890379303,1.096132952,1.148158121,0.930395638
21/10/2021 22:00,0.91537161,0.621340065,0.785012853,0.874968329,0.943769481,0.801566713
21/10/2021 23:00,0.68563493,0.515351825,0.653625979,0.728674706,0.824121691,0.667837621
22/10/2021 00:00,0.630558939,0.426240004,0.540750999,0.602729922,0.681829734,0.552369852
22/10/2021 01:00,0.55305221,0.373808258,0.543645093,0.528567981,0.597836422,0.483859
22/10/2021 02:00,0.511610269,0.381636447,0.439485718,0.490543632,0.584753209,0.4488806
22/10/2021 03:00,0.421860026,0.491455856,0.398705753,0.444587115,0.502864249,0.422407924
22/10/2021 04:00,0.448704711,0.303273664,0.347030438,0.428881458,0.485033772,0.393072336
22/10/2021 05:00,0.39656692,0.297,0.407041292,0.386091123,0.443522412,0.415833148
22/10/2021 06:00,0.589457574,0.400364262,0.507519752,0.562977931,0.636840462,0.516126888
22/10/2021 07:00,0.687046534,0.476833079,0.604914467,0.75558059,0.76317523,0.617950648
22/10/2021 08:00,0.684773768,0.462844687,0.587212481,0.654496814,0.628140271,0.599897676
22/10/2021 09:00,0.639639434,0.457776051,0.372443515,0.647719556,0.721112831,0.593710528
22/10/2021 10:00,0.700104342,0.494939659,0.580828933,0.47192237,0.753325155,0.613353017
22/10/2021 11:00,0.724538945,0.584516915,0.631728534,0.701227193,0.790955245,0.645404471
22/10/2021 12:00,0.79685372,0.549393313,0.721927965,0.75470668,0.859995296,0.698160356
22/10/2021 13:00,0.589851681,0.510238125,0.663443259,0.74029501,0.829551645,0.678526696
22/10/2021 14:00,0.742172127,0.50266776,0.680389399,0.710981025,0.820220929,0.651647988
22/10/2021 15:00,0.690182499,0.505978454,0.641858644,0.713259347,0.942565662,0.655810619
22/10/2021 16:00,0.763059335,0.517325746,0.631701918,0.729044437,0.824544429,0.66820976
22/10/2021 17:00,0.813474057,0.549852996,0.689937588,0.745569633,0.879393824,0.712544634
22/10/2021 18:00,0.797469923,0.643208542,0.816026476,0.909642123,1.028421311,0.768097608
22/10/2021 19:00,1.119123919,0.742881889,0.967460955,1.069727047,1.209846558,0.980470488
22/10/2021 20:00,1.150092636,0.777194543,0.935756179,1.2175,1.2175,0.984599266
22/10/2021 21:00,0.841063112,0.718188932,0.910331109,1.017547082,1.148616861,0.930900883
22/10/2021 22:00,0.911856924,0.645670173,0.785073167,1.008963332,0.989568312,0.782864969
22/10/2021 23:00,0.755506187,0.512190944,0.647927571,0.721878045,0.706349777,0.661903452
23/10/2021 00:00,0.734621619,0.427716076,0.542649888,0.590218181,0.68401503,0.554372137
23/10/2021 01:00,0.554554599,0.374853635,0.475578793,0.539082941,0.599502757,0.485845186
23/10/2021 02:00,0.51398685,0.343772139,0.440893591,0.491305804,0.555663734,0.460774855
23/10/2021 03:00,0.609813946,0.331378126,0.379607266,0.445925571,0.504327175,0.369648846
23/10/2021 04:00,0.449487164,0.303507966,0.35679888,0.429583033,0.501271657,0.393800939
23/10/2021 05:00,0.474947974,0.322854729,0.407112846,0.453642802,0.512950133,0.415776536
23/10/2021 06:00,0.610806161,0.397385738,0.414558392,0.515112873,0.638036011,0.531161012
23/10/2021 07:00,0.692672708,0.468209964,0.593540006,0.661856265,0.697615763,0.741028098
23/10/2021 08:00,0.669416248,0.452637592,0.574264086,0.640098155,0.723907678,0.586663518
23/10/2021 09:00,0.660951924,0.446907622,0.566986329,0.631736657,0.637582354,0.540725532
23/10/2021 10:00,0.693321958,0.441998982,0.584352956,0.650679295,0.708186795,0.672866656
23/10/2021 11:00,0.76552783,0.517688637,0.614713602,0.685324924,0.775148259,0.628188833
23/10/2021 12:00,0.773560338,0.524375228,0.61153917,0.739061932,0.838385166,0.891702323
23/10/2021 13:00,0.735619831,0.508278201,0.644875171,0.799147401,0.761696291,0.605940826
23/10/2021 14:00,0.717775152,0.486550028,0.617314643,0.693353362,0.780329311,0.630633692
23/10/2021 15:00,0.72303636,0.488722691,0.620817239,0.71283078,0.792568287,0.644411367
23/10/2021 16:00,0.711856308,0.497240093,0.630859835,0.703045497,0.79754319,0.759531896
23/10/2021 17:00,0.779999611,0.527072273,0.659329381,0.745331527,0.842925501,0.681909687
23/10/2021 18:00,0.915553464,0.618869134,0.785081136,0.954585018,0.829519918,0.802353048
23/10/2021 19:00,1.075593409,0.611834619,0.927420943,1.033864594,1.17875,0.899519161
23/10/2021 20:00,1.110944142,0.750938988,0.813788306,1.023865421,1.201032999,0.972997631
23/10/2021 21:00,1.022682463,0.635000825,0.874728007,0.977700574,1.10576288,0.895582179
23/10/2021 22:00,0.971176139,0.589821431,0.855393014,0.89110931,0.944675744,0.765575811
23/10/2021 23:00,0.709137466,0.459352323,0.607543176,0.677834787,0.766620822,0.621271163
24/10/2021 00:00,0.593684673,0.370604788,0.508313742,0.567041501,0.640939027,0.519284488
24/10/2021 01:00,0.514027006,0.347450279,0.440819928,0.491337009,0.53266766,0.412098923
24/10/2021 02:00,0.448444653,0.356377216,0.485504415,0.452132642,0.511454577,0.501934357
24/10/2021 03:00,0.42602271,0.297,0.366260825,0.64090442,0.469181362,0.458491118
24/10/2021 04:00,0.410497662,0.45863528,0.297,0.3690177,0.297,0.359630248
24/10/2021 05:00,0.387401417,0.432390759,0.375057618,0.417657492,0.472453505,0.38211939
24/10/2021 06:00,0.553124309,0.373633106,0.474030491,0.528233836,0.597524569,0.484263699
24/10/2021 07:00,0.678070494,0.457302808,0.580038206,0.644467198,0.731210873,0.690266931
24/10/2021 08:00,0.656259763,0.443854711,0.580069189,0.627463638,0.709865317,0.575152394
24/10/2021 09:00,0.650807293,0.439911407,0.557633115,0.622003309,0.698495496,0.570186376
24/10/2021 10:00,0.648469378,0.460585403,0.448877268,0.644763848,0.729212755,0.595039336
24/10/2021 11:00,0.712380467,0.480542763,0.612251196,0.681133842,0.720572282,0.725969849
24/10/2021 12:00,0.773433972,0.523084308,0.6635829,0.873869147,0.836492223,0.556264182
24/10/2021 13:00,0.752581011,0.506030728,0.612789939,0.719346007,0.659243539,0.6593239
24/10/2021 14:00,0.723066755,0.369596269,0.620151679,0.603645382,0.781671848,0.633473235
24/10/2021 15:00,0.728961305,0.492536358,0.625163079,0.696837289,0.78729568,0.638663568
24/10/2021 16:00,0.744410352,0.526292963,0.638303629,0.621069352,0.802172022,0.652157623
24/10/2021 17:00,0.885680753,0.545855047,0.692556088,0.771891716,0.872860396,0.568195543
24/10/2021 18:00,0.725480285,0.640249428,0.812067101,0.905132857,1.020098453,0.829582854
24/10/2021 19:00,1.073975938,0.72837089,0.956672447,1.066225893,1.205806919,0.977192591
24/10/2021 20:00,1.146627139,0.775068164,0.974541338,1.095066707,1.17875,1.004622802
24/10/2021 21:00,1.059621397,0.718039976,0.908681674,1.012818844,1.145315211,0.928340618
24/10/2021 22:00,0.909471121,0.616847174,0.781113413,0.872009145,0.983852056,0.814610515
24/10/2021 23:00,0.747504396,0.500674075,0.641842806,0.715506165,0.809425505,0.654298452
25/10/2021 00:00,0.629911897,0.425423898,0.469868917,0.602255728,0.677332699,0.551497948
25/10/2021 01:00,0.401557906,0.323020935,0.475324139,0.578890439,0.596343827,0.483284367
25/10/2021 02:00,0.512425365,0.345945671,0.438827346,0.489230624,0.553273588,0.448475343
25/10/2021 03:00,0.46414598,0.309999792,0.398604928,0.444325604,0.49250437,0.40723771
25/10/2021 04:00,0.448318784,0.302677235,0.391011497,0.410777713,0.484677929,0.393114319
25/10/2021 05:00,0.474139848,0.297,0.310856873,0.373237979,0.51253247,0.416643546
25/10/2021 06:00,0.596341191,0.297,0.630226325,0.553678523,0.688812586,0.515678711
25/10/2021 07:00,0.705073111,0.390447497,0.604753464,0.674391359,0.762678862,0.618042639
25/10/2021 08:00,0.655676801,0.478860808,0.586753882,0.616260714,0.739083022,0.582363541
25/10/2021 09:00,0.667653746,0.458404923,0.59008449,0.647325913,0.732003368,0.554472725
25/10/2021 10:00,0.700231295,0.472852869,0.599911287,0.668653459,1.008085789,0.612862066
25/10/2021 11:00,0.736095957,0.498749995,0.628447711,0.712839395,0.848258749,0.643860865
25/10/2021 12:00,0.796101549,0.552818966,0.682862164,0.761160524,0.871779922,0.697634494
25/10/2021 13:00,0.774920988,0.523082026,0.663358177,0.740098651,0.836604238,0.677915098
25/10/2021 14:00,0.80640868,0.502084808,0.637343938,0.710380674,0.819578318,0.651292431
25/10/2021 15:00,0.747903229,0.505554463,0.576744589,0.714901556,0.808547012,0.608118195
25/10/2021 16:00,0.762087602,0.532403655,0.596973969,0.750890229,0.834810538,0.67755864
25/10/2021 17:00,0.788191067,0.549758845,0.762862729,0.720211731,0.878702018,0.712117326
25/10/2021 18:00,0.979805506,0.642788266,0.81554383,0.906694228,1.028048959,0.833111136
25/10/2021 19:00,1.107394096,0.755058157,0.959260875,1.069177143,1.209222601,0.893567652
25/10/2021 20:00,1.149172265,0.899650075,0.98811292,1.098433093,1.2175,0.989203248
25/10/2021 21:00,1.061845145,0.721756094,0.855919278,1.01499392,1.119566626,0.930294525
25/10/2021 22:00,0.912358865,0.622565078,0.663333105,0.872121862,0.856961833,0.799405285
25/10/2021 23:00,0.754647476,0.510185646,0.64716959,0.721435499,0.79012706,0.661203429
26/10/2021 00:00,0.627441735,0.425441677,0.574410024,0.573309957,0.680784358,0.514484142
26/10/2021 01:00,0.55261686,0.373693489,0.584280896,0.52834574,0.597684572,0.511543054
26/10/2021 02:00,0.507222818,0.346433987,0.439520897,0.489897283,0.521459128,0.44766111
26/10/2021 03:00,0.464985533,0.301899376,0.458056048,0.444484483,0.502660496,0.407368939
26/10/2021 04:00,0.314727985,0.307062399,0.395183091,0.427558261,0.485671042,0.398134002
26/10/2021 05:00,0.583328136,0.321016869,0.407263462,0.70579634,0.513404177,0.459551586
26/10/2021 06:00,0.59064006,0.598502801,0.41268761,0.563289382,0.63709733,0.553375252
26/10/2021 07:00,0.690855981,0.478375177,0.613996633,0.67502892,0.763517232,0.560287569
26/10/2021 08:00,0.685036402,0.463037531,0.587802085,0.654781901,0.973879973,0.600133793
26/10/2021 09:00,0.677978177,0.458282973,0.581367021,0.858571249,0.731819284,0.594896685
26/10/2021 10:00,0.692810944,0.473472196,0.600703952,0.688945717,0.757193003,0.613709892
26/10/2021 11:00,0.737252139,0.491662832,0.632224328,0.704174501,0.789128657,0.646006937
26/10/2021 12:00,0.79729773,0.498128048,0.47144029,0.762655851,0.861453875,0.698533179
26/10/2021 13:00,0.774937733,0.523806811,0.664586121,0.740746439,0.813578991,0.678913974
26/10/2021 14:00,0.744304609,0.49860465,0.638317178,0.711434933,0.804622811,0.66454707
26/10/2021 15:00,0.749079864,0.567230296,0.642415083,0.71595201,0.815062896,0.680593588
26/10/2021 16:00,0.763249192,0.515820307,0.654576836,0.729595481,0.863028848,0.670537251
26/10/2021 17:00,0.814127192,0.581300822,0.698179262,0.778180519,0.891223752,0.712893867
26/10/2021 18:00,0.952117544,0.643724424,0.816451818,0.910093228,1.036505316,0.834158699
26/10/2021 19:00,1.119697813,0.709679721,0.947584481,0.995146347,1.21047184,0.98097014
26/10/2021 20:00,1.143808536,0.773153107,0.976096638,1.092848051,1.060135282,1.00194124
26/10/2021 21:00,1.12316561,0.709422279,0.899901294,1.003017241,1.134415512,0.919405479
26/10/2021 22:00,0.881172037,0.694028441,0.809292833,0.844499844,0.948673197,0.835864908
26/10/2021 23:00,0.754403941,0.509928017,0.646875052,0.721086055,0.815555972,0.660936034
27/10/2021 00:00,0.630637114,0.425965821,0.541424334,0.602368699,0.681276968,0.551460502
27/10/2021 01:00,0.559000011,0.297,0.474732767,0.529092394,0.598388877,0.484812078
27/10/2021 02:00,0.513457293,0.347057572,0.440555858,0.641396989,0.306717915,0.451033078
27/10/2021 03:00,0.468461566,0.297,0.421647977,0.448904761,0.475288482,0.410553989
27/10/2021 04:00,0.43191881,0.311225951,0.394838169,0.440065985,0.497638124,0.405149893
27/10/2021 05:00,0.476625867,0.322156722,0.408733205,0.455631943,0.538422366,0.417585926
27/10/2021 06:00,0.590168929,0.383772721,0.506112788,0.564103377,0.551721277,0.516354213
27/10/2021 07:00,0.706961281,0.477907572,0.606338485,0.67708267,0.764328908,0.619462339
27/10/2021 08:00,0.630474696,0.463561852,0.588096823,0.655606032,0.974683599,0.588975638
27/10/2021 09:00,0.678626927,0.458715568,0.582867378,0.648677829,0.779005864,0.81762594
27/10/2021 10:00,0.701004214,0.473811287,0.816952793,0.670118146,0.744095415,0.607728803
27/10/2021 11:00,0.665881569,0.498482298,0.631964196,0.704887725,0.797280275,0.646004791
27/10/2021 12:00,0.724658809,0.539067544,0.632554105,0.762201976,0.87672908,0.741104586
27/10/2021 13:00,0.77285172,0.52377632,0.648344698,0.737802059,0.837703277,0.633200456
27/10/2021 14:00,0.731633454,0.502809234,0.726632435,0.69957774,0.804365549,0.748141755
27/10/2021 15:00,0.748456676,0.506011411,0.632976542,0.731625761,0.809161369,0.655749039
27/10/2021 16:00,0.762399299,0.515334753,0.653874907,0.728744521,0.825421546,0.667922493
27/10/2021 17:00,0.81312591,0.549629972,0.69733971,0.777232422,0.879389631,0.762632036
27/10/2021 18:00,0.950710885,0.642800564,0.815561234,0.878856781,1.045244006,0.934681704
27/10/2021 19:00,1.059871342,0.755619187,0.958703226,1.068523502,1.2175,0.979367315
27/10/2021 20:00,1.130793958,0.764545373,0.970037413,1.081189855,1.223053793,0.992420615
27/10/2021 21:00,1.02867359,0.695805913,0.882202379,1.2175,1.11208677,0.901243056
27/10/2021 22:00,0.880855855,0.595449248,0.755444818,0.842017112,0.952316783,0.771375747
27/10/2021 23:00,0.734533479,0.496503058,0.646077463,0.702065674,0.794339492,0.643517648
28/10/2021 00:00,0.627510357,0.412793251,0.537690241,0.642908069,0.637316579,0.549784711
28/10/2021 01:00,0.507535393,0.372125025,0.47454339,0.429358375,0.595093379,0.433519458
28/10/2021 02:00,0.494379348,0.376324227,0.437301364,0.48745951,0.574220984,0.519727809
28/10/2021 03:00,0.466479646,0.450662345,0.400046949,0.445835841,0.504291118,0.408730643
28/10/2021 04:00,0.459174135,0.310377095,0.385401106,0.438911259,0.495803725,0.402409111
28/10/2021 05:00,0.472375626,0.436104314,0.405086021,0.451511078,0.510128852,0.413838554
28/10/2021 06:00,0.583082886,0.556574459,0.497441638,0.557030285,0.630377842,0.510866649
28/10/2021 07:00,0.604980949,0.472733472,0.599785217,0.668517851,0.727853415,0.546539267
28/10/2021 08:00,0.757208744,0.420236677,0.580992819,0.647589875,0.80619314,0.593918617
28/10/2021 09:00,0.690036305,0.466509606,0.559305593,0.659574547,0.745934003,0.698615005
28/10/2021 10:00,0.71544435,0.483577621,0.612485307,0.685510397,0.980601725,0.626810453
28/10/2021 11:00,0.888487455,0.523803632,0.664551853,0.737641124,0.837702414,0.678795789
28/10/2021 12:00,0.852893985,0.576535605,0.891661535,0.809947316,0.921609627,0.747295058
28/10/2021 13:00,0.832843972,0.562953185,0.714198328,0.795977576,0.829097625,0.729803169
28/10/2021 14:00,0.747326026,0.491099323,0.631413083,0.714346313,0.869120263,0.654724798
28/10/2021 15:00,0.763662724,0.582482761,0.645512741,0.719455621,0.834050962,0.659447825
28/10/2021 16:00,0.737530197,0.50202302,0.641535987,0.711037898,0.80992012,0.656507156
28/10/2021 17:00,0.744430595,0.535545882,0.679575896,0.757430384,0.856655516,0.694273474
28/10/2021 18:00,0.905158997,0.611819929,0.992065038,0.865197637,0.978529065,0.773453294
28/10/2021 19:00,1.106940901,0.644776898,0.936816524,0.906630382,1.19054456,0.969515043
28/10/2021 20:00,1.17875,0.785009567,1.06412826,1.064716411,1.17875,0.975824567
28/10/2021 21:00,0.634428118,0.678700857,0.700370674,0.959544378,1.08638646,0.868972752
28/10/2021 22:00,0.869360851,0.587966294,0.745282663,0.830973692,0.939857399,1.011668878
28/10/2021 23:00,0.652820532,0.480787866,0.609715065,0.7031484,0.768584638,0.622876509
29/10/2021 00:00,0.591283466,0.416023157,0.6060298,0.588862255,0.665833799,0.574109671
29/10/2021 01:00,0.68966286,0.320808444,0.462437083,0.515182077,0.582765364,0.472286095
29/10/2021 02:00,0.498971155,0.297,0.414452947,0.476896894,0.539273916,0.43657723
29/10/2021 03:00,0.308293444,0.297,0.392949265,0.438283978,0.494977242,0.399391765
29/10/2021 04:00,0.43918517,0.297,0.386086315,0.414060691,0.486685848,0.394392957
29/10/2021 05:00,0.467694187,0.316155251,0.40108213,0.447067004,0.505576426,0.36019753
29/10/2021 06:00,0.51104236,0.421548934,0.51866556,0.550168775,0.622089636,0.504284158
29/10/2021 07:00,0.692534698,0.468383709,0.54202858,0.661691383,0.748701908,0.785652658
29/10/2021 08:00,0.669123057,0.453638235,0.575543107,0.641475826,0.725525106,0.769990796
29/10/2021 09:00,0.699886561,0.473094684,0.599997383,0.657975914,0.756599136,0.613184197
29/10/2021 10:00,0.648195286,0.490156568,0.73530622,0.756635584,0.783991549,0.631534515
29/10/2021 11:00,0.802414058,0.542138073,0.687846017,0.76657085,0.867246064,0.673117248
29/10/2021 12:00,0.890849279,0.602153358,0.763949571,0.85159181,0.963211825,0.697123703
29/10/2021 13:00,1.078053251,0.59507232,0.755031174,0.841508097,0.974168297,0.771388631
29/10/2021 14:00,0.755654631,0.534085393,0.648165715,0.722498822,0.817032721,0.649205878
29/10/2021 15:00,0.752157891,0.527171352,0.557627488,0.729004338,0.824546477,0.668209707
29/10/2021 16:00,0.74713664,0.429901248,0.669628775,0.895337855,0.864948813,0.654636218
29/10/2021 17:00,0.724077901,0.529559285,0.671519197,0.74848669,0.832118932,0.686055886
29/10/2021 18:00,0.878607561,0.593880282,0.753091147,0.843054547,0.950091242,0.804195875
29/10/2021 19:00,0.997493186,0.777803827,0.95007484,1.059151662,1.2175,0.970825725
29/10/2021 20:00,1.089042857,0.748247248,0.97346197,1.057815548,1.257727962,0.969676133
29/10/2021 21:00,0.953370058,0.673164398,0.853970355,0.987019968,1.076505278,0.872453512
29/10/2021 22:00,0.911410903,0.585437963,0.785572676,0.760788479,0.91668906,0.721799207
29/10/2021 23:00,0.69774968,0.471636867,0.596650568,0.666834386,0.748483096,0.587543338
30/10/2021 00:00,0.562109521,0.380575625,0.456137302,0.538169367,0.608679743,0.471967933
30/10/2021 01:00,0.552364621,0.373337902,0.473661233,0.527964104,0.597105026,0.52094856
30/10/2021 02:00,0.435125291,0.297,0.297,0.469569804,0.530987829,0.430394424
30/10/2021 03:00,0.473717869,0.313844132,0.457430863,0.463265924,0.501975885,0.406926111
30/10/2021 04:00,0.416194823,0.303355972,0.384885017,0.428989957,0.484997497,0.39318696
30/10/2021 05:00,0.466242138,0.314804132,0.432426473,0.445703338,0.504093315,0.419813547
30/10/2021 06:00,0.444828086,0.300320071,0.381521366,0.425267282,0.471778346,0.297
30/10/2021 07:00,0.480463699,0.314979635,0.372015309,0.50481376,0.419501552,0.421059473
30/10/2021 08:00,0.66936332,0.452498216,0.574085905,0.639870329,0.730969593,0.5864771
30/10/2021 09:00,0.709710298,0.347841362,0.613649551,0.832661001,0.773070087,0.626897457
30/10/2021 10:00,0.815322705,0.503007506,0.638020145,0.710746463,0.804265256,0.812134956
30/10/2021 11:00,1.017963082,0.563287697,0.719037985,0.784952859,0.906409747,0.733495593
30/10/2021 12:00,0.941169048,0.636073696,0.851998709,0.90307396,1.031128321,0.824801216
30/10/2021 13:00,0.87160109,0.783807698,0.936457242,0.936834919,1.012619668,0.82044799
30/10/2021 14:00,0.767759194,0.373845005,0.658402606,0.733828799,0.829977418,0.672832582
30/10/2021 15:00,0.674035026,0.524560224,0.665503605,0.687036139,0.838900308,0.556871195
30/10/2021 16:00,0.745326771,0.572037709,0.564719646,0.712435967,0.891372811,0.632925627
30/10/2021 17:00,0.660172768,0.528827595,0.670589411,0.747418743,0.74444691,0.74956691
30/10/2021 18:00,0.844060953,0.573376694,0.726236719,0.809511858,0.91549222,0.741930805
30/10/2021 19:00,1.106595225,0.715007939,0.949521167,1.057639228,1.17875,0.969265403
30/10/2021 20:00,1.121325678,0.757963415,0.961272662,1.071827521,1.134942955,0.925291177
30/10/2021 21:00,1.016336731,0.686858065,0.827451197,0.991649747,1.098709906,0.890686941
30/10/2021 22:00,1.074396838,0.594350427,0.934342758,0.851812763,0.965624194,0.782449382
30/10/2021 23:00,0.705084332,0.476589277,0.604673716,0.673965479,0.760727728,0.691551084
31/10/2021 00:00,0.538846695,0.384259385,0.557071535,0.540139627,0.610896321,0.495093931
31/10/2021 01:00,0.459374725,0.310671798,0.389306451,0.548111829,0.497163322,0.398327228
31/10/2021 02:00,0.424584238,0.297,0.334283028,0.455293717,0.365237584,0.341446875
31/10/2021 03:00,0.45895552,0.31014201,0.393597394,0.398107542,0.495687972,0.40208129
31/10/2021 04:00,0.360961525,0.297,0.297,0.297,0.390228229,0.316639861
31/10/2021 05:00,0.437392752,0.297,0.426185081,0.418226366,0.473033504,0.383340573
31/10/2021 06:00,0.57536614,0.388806919,0.470127501,0.549762788,0.582931285,0.503939091
31/10/2021 07:00,0.681584565,0.559704866,0.584572747,0.651552177,0.736879805,0.597187829
31/10/2021 08:00,0.668614373,0.436004333,0.573368676,0.639027701,0.722704782,0.586238107
31/10/2021 09:00,0.701079007,0.47389165,0.602714457,0.664705305,0.758071093,0.614217925
31/10/2021 10:00,0.733393464,0.510360636,0.628989236,0.701020271,0.863006839,0.642560879
31/10/2021 11:00,0.811277396,0.548601153,0.696074162,1.030272556,0.877925171,0.891634789
31/10/2021 12:00,0.901993214,0.609867201,0.773751793,0.862410319,0.960021013,0.790963429
31/10/2021 13:00,0.894189469,0.604617369,0.767297558,0.85520185,0.966986426,0.845676193
31/10/2021 14:00,0.768068734,0.51853303,0.657871646,0.733265816,0.791616793,0.693328923
31/10/2021 15:00,0.762058982,0.539906737,0.645821208,0.6276169,0.823953237,0.673475716
31/10/2021 16:00,0.75764965,0.512170886,0.649812444,0.724273846,0.819128143,0.544634399
31/10/2021 17:00,0.668018477,0.559684893,0.600860365,0.761938956,0.895170084,0.72496822
31/10/2021 18:00,0.925428838,0.625554007,0.834562848,0.884595017,1.000461524,0.819663964
31/10/2021 19:00,1.12354001,0.763359005,0.963436996,1.17875,1.17875,0.94662952
31/10/2021 20:00,1.16212964,0.774011272,0.96644431,1.108993837,1.14363827,0.887323978
31/10/2021 21:00,1.077004471,0.706099046,0.89583203,0.998620331,1.129281138,0.915196553
31/10/2021 22:00,0.922941372,0.623768149,0.765783401,0.993285412,0.997747405,0.808573209
31/10/2021 23:00,0.737606813,0.419221253,0.615512133,0.685835174,0.869267964,0.628613422
01/11/2021 00:00,0.594300146,0.37919266,0.48911815,0.545243619,0.618092038,0.499690426
01/11/2021 01:00,0.466270555,0.315093906,0.399553698,0.40722715,0.504049906,0.408752171
01/11/2021 02:00,0.40260086,0.297,0.34049665,0.380056239,0.429816793,0.348329741
01/11/2021 03:00,0.439693424,0.297286277,0.377076159,0.420425583,0.475326946,0.396468759
01/11/2021 04:00,0.371923394,0.297,0.297,0.355979737,0.402202571,0.330487474
01/11/2021 05:00,0.422949065,0.297,0.358789016,0.362822353,0.451530602,0.36640553
01/11/2021 06:00,0.585996911,0.297,0.502568496,0.570051509,0.633795893,0.508789405
01/11/2021 07:00,0.692296933,0.475408844,0.629326028,0.661901996,0.747102117,0.626233999
01/11/2021 08:00,0.67559889,0.457733985,0.579618818,0.430536989,0.730656028,0.594035466
01/11/2021 09:00,0.694538538,0.469396625,0.595475087,0.576576946,0.787148345,0.680522088
01/11/2021 10:00,0.729024409,0.517627568,0.626733237,0.707323143,0.788209965,0.676298079
01/11/2021 11:00,0.806004753,0.533916434,0.677464548,0.761921114,0.734705438,0.692009057
01/11/2021 12:00,0.870440597,0.58420167,0.726049449,0.865174874,0.953553448,0.76264025
01/11/2021 13:00,0.859265878,0.581500327,0.737762718,0.822259473,0.930445055,0.753688168
01/11/2021 14:00,0.767948875,0.49490362,0.658279578,0.734570807,0.981377884,0.67327406
01/11/2021 15:00,0.73234922,0.778014261,0.644423208,0.718442857,0.809609896,0.59890601
01/11/2021 16:00,0.789073238,0.519897156,0.660245544,0.703798927,0.832320111,0.674001952
01/11/2021 17:00,0.870006387,0.588978797,0.743959623,0.855213135,0.940527282,0.762045461
01/11/2021 18:00,0.994699049,0.674020712,0.854772479,0.952715001,1.077426337,0.873355906
01/11/2021 19:00,1.140337988,0.77126307,1.019637407,1.090004875,1.215716423,0.99830929
01/11/2021 20:00,1.172000953,0.792368998,1.00509848,1.120210068,1.2625,0.984315498
01/11/2021 21:00,1.079562527,0.780320655,0.925846673,1.031032425,1.144454643,0.94582733
01/11/2021 22:00,0.928367562,0.64221189,0.796050923,0.887373236,1.003615729,0.81776557
01/11/2021 23:00,0.731510505,0.441119878,0.62702972,0.699292377,0.833318958,0.640938439
02/11/2021 00:00,0.563997488,0.38810078,0.491759945,0.494721266,0.619911161,0.502533144
02/11/2021 01:00,0.572213011,0.324286854,0.403610709,0.459795849,0.508782542,0.412252771
02/11/2021 02:00,0.41260161,0.297,0.299493434,0.38333261,0.453840119,0.297
02/11/2021 03:00,0.41019937,0.297,0.351826583,0.392091105,0.443252574,0.359453957
02/11/2021 04:00,0.372748323,0.38877659,0.319688575,0.626393789,0.403022024,0.326642331
02/11/2021 05:00,0.416011813,0.297,0.359238944,0.400335253,0.390602667,0.366987065
02/11/2021 06:00,0.586498975,0.355700358,0.503019823,0.489529918,0.634066963,0.593579546
02/11/2021 07:00,0.709620156,0.468223721,0.594063148,0.629624911,0.75719867,0.606891843
02/11/2021 08:00,0.535740849,0.431841373,0.627576499,0.605318135,0.731211759,0.658332161
02/11/2021 09:00,0.813177914,0.456369437,0.559826999,0.68111173,0.713542237,0.665108929
02/11/2021 10:00,0.700836244,0.483419997,0.61276929,0.623101579,0.92925822,0.625994541
02/11/2021 11:00,0.7539564,0.509622817,0.64667498,0.720716313,0.704680695,0.655484101
02/11/2021 12:00,0.819758653,0.462119262,0.703213281,0.783791286,0.879501269,0.718394714
02/11/2021 13:00,0.850693389,0.544650963,0.736106333,0.770155019,0.955997981,0.706623461
02/11/2021 14:00,0.760851309,0.514292831,0.716999924,0.727272603,0.822517822,0.666507644
02/11/2021 15:00,0.729019772,0.492702014,0.625101548,0.696803314,0.787986175,0.638649285
02/11/2021 16:00,0.777324154,0.415833872,0.666620623,0.844853167,0.821829151,0.759983102
02/11/2021 17:00,1.116427412,0.61869505,0.78360064,0.87480848,0.989000536,0.801889716
02/11/2021 18:00,1.093395634,0.729071037,1.085963683,1.030485234,1.16604879,0.85889458
02/11/2021 19:00,1.153546854,0.78024588,0.988572471,1.102657574,1.2625,1.01056501
02/11/2021 20:00,1.191415083,0.805154579,1.021535286,1.159461684,1.282029177,1.043596139
02/11/2021 21:00,1.103848045,0.772241801,0.946605844,1.045126714,1.193383129,0.966498649
02/11/2021 22:00,0.928050632,0.627332512,0.795418074,0.887137381,1.003329872,0.813011948
02/11/2021 23:00,0.737916266,0.499175425,0.630732735,0.705554866,0.801324057,0.646689642
03/11/2021 00:00,0.577658744,0.386190378,0.541398418,0.554785796,0.840494087,0.500359045
03/11/2021 01:00,0.470296883,0.297,0.405036517,0.450109053,0.508524687,0.412102388
03/11/2021 02:00,0.400781089,0.297,0.346337575,0.383127972,0.433426105,0.351161718
03/11/2021 03:00,0.386723241,0.301858271,0.375068709,0.369863415,0.418341434,0.32392209
03/11/2021 04:00,0.375240145,0.297,0.363056025,0.297,0.418192889,0.326351119
03/11/2021 05:00,0.418788803,0.297,0.321328609,0.400218417,0.452453434,0.376169697
03/11/2021 06:00,0.586317328,0.393442538,0.502871464,0.560493665,0.633928727,0.513736031
03/11/2021 07:00,0.693272928,0.468276218,0.59390399,0.662084738,0.748807466,0.606861118
03/11/2021 08:00,0.671621654,0.454605381,0.576689794,0.693230054,0.727337424,0.589557297
03/11/2021 09:00,0.678581727,0.45869711,0.622614472,0.648663292,0.733606215,0.612368361
03/11/2021 10:00,0.71046256,0.48033492,0.597937458,0.639022681,0.770023513,0.622494233
03/11/2021 11:00,0.754188904,0.509785055,0.66078666,0.72325761,0.815346379,0.660742154
03/11/2021 12:00,0.82030156,0.544174806,0.703318536,0.784302211,0.894397127,0.719034937
03/11/2021 13:00,0.806151696,0.54492065,0.691369445,0.770571495,0.871502477,0.706277343
03/11/2021 14:00,0.707932156,0.486106342,0.652882795,0.727728775,0.824485015,0.660558162
03/11/2021 15:00,0.65256425,0.451823437,0.625481682,0.697159563,0.788517047,0.640062134
03/11/2021 16:00,0.71943716,0.52555898,0.516991664,0.743582501,0.90146954,0.644351463
03/11/2021 17:00,0.915607935,0.621514392,0.786642611,0.875202752,0.989839975,0.802148925
03/11/2021 18:00,1.078487284,0.728997632,0.923858005,1.03088562,1.165991678,0.944892145
03/11/2021 19:00,1.104166198,0.779903882,0.95725597,1.018668547,1.081673116,1.010795495
03/11/2021 20:00,1.191819577,0.76645973,0.98741766,1.142509184,1.2625,1.043663341
03/11/2021 21:00,1.144949464,0.746566825,0.94752011,1.055755644,1.180367499,0.967649183
03/11/2021 22:00,0.924757757,0.627708348,0.796408404,1.098631079,1.004232948,0.813557904
03/11/2021 23:00,0.738538428,0.466817791,0.89971197,0.631578604,0.68951625,0.647143749
04/11/2021 00:00,0.544002962,0.385156968,0.615893403,0.544800007,0.616160235,0.578725391
04/11/2021 01:00,0.5487631,0.318222589,0.403738583,0.448315199,0.508942523,0.414592823
04/11/2021 02:00,0.40117633,0.297,0.344023379,0.381961808,0.433685325,0.364413962
04/11/2021 03:00,0.510580618,0.297,0.331907326,0.369924901,0.418378653,0.339059837
04/11/2021 04:00,0.372854568,0.297,0.319695996,0.35641349,0.403015705,0.326723252
04/11/2021 05:00,0.418946028,0.297,0.427443524,0.401865653,0.45284899,0.366975651
04/11/2021 06:00,0.477770822,0.396485572,0.503029982,0.569893665,0.632049017,0.435730815
04/11/2021 07:00,0.760581745,0.37180077,0.700295687,0.606695948,0.748857645,0.594080579
04/11/2021 08:00,0.672678479,0.463726989,0.576906178,0.642974082,0.727214001,0.589332841
04/11/2021 09:00,0.678712417,0.458698751,0.575855923,0.591555146,0.733649104,0.594905166
04/11/2021 10:00,0.887528949,0.480090327,0.609170441,0.67911859,0.768090921,0.620952599
04/11/2021 11:00,0.753982876,0.510361801,0.646746726,0.597865179,0.725672502,0.621966204
04/11/2021 12:00,0.819779046,0.554426518,0.703199708,0.784033949,1.101527749,0.718615877
04/11/2021 13:00,0.806045111,0.544876126,0.690589349,0.770505151,0.868243441,0.70624349
04/11/2021 14:00,0.761228557,0.514606798,0.642255733,0.72756925,0.822944489,0.666712965
04/11/2021 15:00,0.729374734,0.513240757,0.664614659,0.758931993,0.785074312,0.639006457
04/11/2021 16:00,0.781897905,0.525134429,0.666117474,0.743046513,0.815806451,0.68064168
04/11/2021 17:00,0.915027039,0.582886398,0.785279605,0.874687483,0.989407183,0.801731384
04/11/2021 18:00,1.077973063,0.658736514,0.924150063,1.107752795,1.165336951,0.925917194
04/11/2021 19:00,1.148444536,0.779709134,0.828747281,1.102675135,1.2625,1.190427218
04/11/2021 20:00,1.19150852,0.805332866,0.998524311,1.137936205,1.288141631,1.038706704
04/11/2021 21:00,1.10464007,0.74648455,0.946994575,1.05451361,1.193760228,0.967669367
04/11/2021 22:00,0.922283824,0.627639044,0.796297023,0.903839442,1.094373014,0.813457157
04/11/2021 23:00,0.73854588,0.499228954,0.595153194,0.706001449,0.798475276,0.647275776
05/11/2021 00:00,0.570032192,0.386181481,0.523682218,0.544911312,0.616281122,0.499443561
05/11/2021 01:00,0.470837625,0.316165963,0.404205304,0.450056259,0.509018091,0.412513086
05/11/2021 02:00,0.401255553,0.297,0.330190437,0.358420964,0.433875797,0.502335065
05/11/2021 03:00,0.387041364,0.297,0.331944873,0.326355096,0.43804076,0.338609874
05/11/2021 04:00,0.37238285,0.297,0.31986701,0.356491716,0.403207633,0.297
05/11/2021 05:00,0.419043471,0.297,0.359155102,0.400539443,0.453037414,0.367494473
05/11/2021 06:00,0.585755465,0.396459179,0.503088844,0.670081309,0.614607361,0.513087512
05/11/2021 07:00,0.692734479,0.468165516,0.593655797,0.661825176,0.748885673,0.807029747
05/11/2021 08:00,0.633916364,0.453025049,0.576866464,0.642972564,0.727201545,0.589324453
05/11/2021 09:00,0.67856466,0.457312978,0.581925478,0.648604902,0.733602849,0.594257708
05/11/2021 10:00,0.710414601,0.406809709,0.624585491,0.678883994,0.757626104,0.622441255
05/11/2021 11:00,0.754053962,0.509705613,0.604460029,0.720781389,0.815011361,0.660634615
05/11/2021 12:00,0.820120438,0.548935544,0.69276674,0.783959546,0.886607684,0.718484432
05/11/2021 13:00,0.805944773,0.777067149,0.691183975,0.729745165,0.871327222,0.706086237
05/11/2021 14:00,0.761039192,0.539509814,0.630306567,0.727492458,0.771585032,0.665621062
05/11/2021 15:00,0.744320682,0.493795168,0.62536802,0.697023046,0.869079951,0.63899551
05/11/2021 16:00,0.777633717,0.506127504,0.666899303,0.743295922,0.839321254,0.681295637
05/11/2021 17:00,0.911664877,0.618974338,0.785280515,0.8752625,0.989921386,0.777370909
05/11/2021 18:00,1.079083278,0.729038189,0.959753463,1.249047134,1.165879744,0.945103436
05/11/2021 19:00,1.154097565,0.720587443,0.994774739,1.109474652,1.243799934,1.011093295
05/11/2021 20:00,1.130604122,0.805003133,1.022025068,1.139262287,1.2625,0.963508342
05/11/2021 21:00,1.054627727,0.7465851,1.1800343,1.055801799,1.194116097,1.14000063
05/11/2021 22:00,0.928731111,0.611466237,0.796484528,0.887686125,0.866331315,0.882269805
05/11/2021 23:00,0.69790092,0.499413813,0.633592878,0.706184084,0.798882144,0.710776701
06/11/2021 00:00,0.704001772,0.375777072,0.488906245,0.355652788,0.615925161,0.461716925
06/11/2021 01:00,0.471001081,0.318365866,0.400521332,0.450214145,0.537568916,0.412645381
06/11/2021 02:00,0.401416772,0.297,0.344194013,0.383686559,0.400792054,0.341996628
06/11/2021 03:00,0.387634736,0.297,0.332143257,0.297,0.404826671,0.338675648
06/11/2021 04:00,0.442337723,0.357634257,0.317790122,0.356921667,0.486011586,0.297
06/11/2021 05:00,0.462667283,0.297,0.359542504,0.404329198,0.453230276,0.453848905
06/11/2021 06:00,0.586911734,0.364258977,0.503326359,0.560615646,0.634469253,0.514172578
06/11/2021 07:00,0.693109791,0.704176558,0.594465914,0.662559997,0.749336528,0.607612508
06/11/2021 08:00,0.668003593,0.455128714,0.549742519,0.614951701,0.631077194,0.635117797
06/11/2021 09:00,0.679056442,0.459006047,0.50564976,0.649078892,0.772131284,0.595215232
06/11/2021 10:00,0.872355321,0.480562815,0.609701064,0.679560466,0.776806523,0.622890169
06/11/2021 11:00,0.779677495,0.413725744,0.647097065,0.72132704,0.815960058,0.659990241
06/11/2021 12:00,0.820759343,0.554790431,0.703814536,0.777574493,0.875994489,0.719027077
06/11/2021 13:00,0.70671332,0.545266347,0.691767451,0.651821001,0.87228805,0.700124003
06/11/2021 14:00,1.139361937,0.646782872,0.880457314,0.973262354,1.230857358,0.899472573
06/11/2021 15:00,0.905137634,0.626942511,0.795403859,0.895916564,1.004166199,0.81242397
06/11/2021 16:00,0.874335803,0.591052258,0.702286551,0.835843257,0.945302944,0.766535115
06/11/2021 17:00,1.002530471,0.623801893,0.790959098,0.866022788,0.997608188,0.808478135
06/11/2021 18:00,1.192324619,0.805643166,1.022159422,1.146854655,1.288473163,1.046947818
06/11/2021 19:00,1.245130519,0.841392625,1.068008392,1.099536982,1.31875,1.090697703
06/11/2021 20:00,1.215304733,0.81110241,1.029217013,1.158592587,1.297245796,1.051437898
06/11/2021 21:00,1.174792438,0.736333676,0.941078577,0.995004446,1.195420847,0.962560568
06/11/2021 22:00,0.952316393,0.643670823,0.816124365,0.823316161,1.029624261,0.834340065
06/11/2021 23:00,0.855255818,0.57926213,0.733719992,0.818008845,0.924822595,0.749546964
07/11/2021 00:00,0.6277142,0.400501115,0.508451762,0.566736184,0.640412044,0.518200668
07/11/2021 01:00,0.514364653,0.347742617,0.443097727,0.491782937,0.55614858,0.450818007
07/11/2021 02:00,0.523944095,0.354171174,0.43132744,0.500978451,0.566436342,0.452073532
07/11/2021 03:00,0.485949287,0.317344805,0.402781997,0.448928536,0.50774363,0.411448249
07/11/2021 04:00,0.444752419,0.300900243,0.350972333,0.444676137,0.37148932,0.389848396
07/11/2021 05:00,0.500212119,0.308057507,0.429054409,0.478136338,0.540903364,0.438395957
07/11/2021 06:00,0.414584277,0.330437044,0.417906062,0.481728481,0.526693544,0.386949413
07/11/2021 07:00,0.56161507,0.353532323,0.488798284,0.54479584,0.634388416,0.697329747
07/11/2021 08:00,0.672672066,0.454695296,0.576869392,0.643341828,0.727205519,0.589335088
07/11/2021 09:00,0.678515769,0.459180563,0.581904757,0.812683501,0.733844391,0.618754137
07/11/2021 10:00,0.699522969,0.480145455,0.572391949,0.679001654,0.764170394,0.622406388
07/11/2021 11:00,0.753973733,0.50960953,0.646570159,0.721333873,0.815098586,0.660646977
07/11/2021 12:00,0.820057211,0.554285987,0.703224926,0.98445467,0.886588994,0.71836293
07/11/2021 13:00,0.805806219,0.544626007,0.691051422,0.770270536,0.914845116,0.706108556
07/11/2021 14:00,0.621814622,0.514729826,0.652583888,0.727372724,0.749029451,0.690641438
07/11/2021 15:00,0.755411743,0.510844933,0.625324455,0.696870592,0.761941129,0.638717909
07/11/2021 16:00,0.777381094,0.526086797,0.666686992,1.06984599,0.837021604,0.681245485
07/11/2021 17:00,0.862831911,0.56636503,0.785058265,0.925861863,0.989664352,0.802039322
07/11/2021 18:00,1.069544727,0.728873264,0.924695364,1.031254637,1.180351042,0.944786103
07/11/2021 19:00,1.153683765,0.764846877,0.989439739,1.108232993,1.266719126,1.010810319
07/11/2021 20:00,1.191990527,1.038166791,1.021830621,1.138906913,1.288105836,1.043894475
07/11/2021 21:00,1.104192742,0.74641719,1.028037385,1.055456167,1.31875,0.955440636
07/11/2021 22:00,0.928363064,0.627512267,0.99384229,0.887960972,1.003613082,0.813359119
07/11/2021 23:00,0.704579891,0.499085324,0.633495861,0.705778261,0.798209506,0.646882227
08/11/2021 00:00,0.569641377,0.385384649,0.488503193,0.544483158,0.614757236,0.498474074
08/11/2021 01:00,0.470725179,0.31147885,0.40369462,0.449948539,0.508883733,0.445749996
08/11/2021 02:00,0.40095652,0.297,0.297,0.374480626,0.297,0.351324814
08/11/2021 03:00,0.386759366,0.297,0.37400487,0.370000648,0.441677496,0.297
08/11/2021 04:00,0.372822827,0.297,0.319694048,0.297,0.397234172,0.42417232
08/11/2021 05:00,0.379580339,0.297,0.359024135,0.400374228,0.399608475,0.366797112
08/11/2021 06:00,0.586592112,0.39675495,0.502955538,0.561210612,0.634664634,0.5135343
08/11/2021 07:00,0.692691937,0.394328817,0.593976394,0.659993814,0.725508932,0.623383735
08/11/2021 08:00,0.733985471,0.454666358,0.576848394,0.618948782,0.72715235,0.589394625
08/11/2021 09:00,0.696595857,0.458653571,0.601748296,0.589825878,0.735954197,0.596838796
08/11/2021 10:00,0.739259713,0.489066922,0.616951887,0.617008015,0.767996181,0.637011353
08/11/2021 11:00,0.75407136,0.509361826,0.646856646,0.720837141,0.823648866,0.660647944
08/11/2021 12:00,0.820158169,0.709633364,0.655085892,0.783952335,0.977400966,0.717939217
08/11/2021 13:00,0.805943234,0.544815516,0.691214144,0.770425514,0.862447773,0.706178782
08/11/2021 14:00,0.761149443,0.434282813,0.652740213,0.727628538,0.822888473,0.666544766
08/11/2021 15:00,0.729268001,0.502561106,0.625421457,0.843478398,1.003190361,0.760259753
08/11/2021 16:00,0.777730294,0.524106752,0.666765617,0.743187538,0.840509125,0.660948022
08/11/2021 17:00,0.915265968,0.618930678,0.785297682,0.874786103,0.989819809,0.802163499
08/11/2021 18:00,1.078444705,0.729028813,0.843543032,1.030830489,1.165892931,1.154066798
08/11/2021 19:00,1.153945019,0.641081539,0.98930665,1.103025513,1.139649408,1.010980427
08/11/2021 20:00,1.191707967,0.697688074,1.023025913,1.139109767,1.2625,1.043922431
08/11/2021 21:00,1.104404563,0.7575,0.947167983,1.055658472,1.193918293,0.967573265
08/11/2021 22:00,0.922541767,0.6276157,0.796338079,0.88757658,1.109308947,0.813527265
08/11/2021 23:00,0.646415997,0.49926212,0.633406711,0.705983387,0.803542218,0.647020798
09/11/2021 00:00,0.569818614,0.446778012,0.488670518,0.54478851,0.615998507,0.499365781
09/11/2021 01:00,0.461477871,0.318066421,0.403260806,0.449993209,0.508932269,0.407524944
09/11/2021 02:00,0.401095521,0.297,0.343968833,0.383369987,0.399248086,0.372678529
09/11/2021 03:00,0.386917268,0.297,0.331815907,0.369857026,0.418303025,0.338994241
09/11/2021 04:00,0.372845778,0.382917668,0.319561219,0.356702511,0.526000897,0.326635315
09/11/2021 05:00,0.419011664,0.393087537,0.359182896,0.462098881,0.452705926,0.480152857
09/11/2021 06:00,0.586501622,0.396451474,0.502968384,0.536001701,0.621242406,0.513358619
09/11/2021 07:00,0.692703083,0.325156328,0.594081764,0.662142601,0.748884616,0.687863359
09/11/2021 08:00,0.670648059,0.454702007,0.575734314,0.642968544,0.727022264,0.589320868
09/11/2021 09:00,0.678585087,0.458682135,0.716845604,0.648606396,0.733235028,0.59450062
09/11/2021 10:00,0.715594746,0.480180605,0.610006438,0.679069484,0.768064949,0.622409585
09/11/2021 11:00,0.753771827,0.511376905,0.643856914,0.720830599,0.817120611,0.66066155
09/11/2021 12:00,0.820064035,0.554451412,0.70340266,0.783876905,0.886135549,0.718540097
09/11/2021 13:00,0.732424935,0.544824396,0.650238051,0.772153055,0.871358173,0.706164888
09/11/2021 14:00,0.763651369,0.514504453,0.65277635,0.727461625,0.822759382,0.896008041
09/11/2021 15:00,0.729313218,0.492940498,0.626079202,0.695025494,0.772744574,0.63839986
09/11/2021 16:00,0.777625133,0.525320649,0.666895992,0.743325665,0.838796969,0.68125113
09/11/2021 17:00,0.988103603,0.619012698,0.718163868,0.875312423,1.228931908,0.801790972
09/11/2021 18:00,1.078653281,0.728982366,0.898364928,1.030937687,1.150714136,0.944927239
09/11/2021 19:00,1.157877303,0.780096157,0.9897207,1.103136596,1.234376814,0.844980722
09/11/2021 20:00,1.096118194,0.805669573,1.022116073,1.2625,1.2625,1.044171067
09/11/2021 21:00,1.11314932,0.745563451,0.947225853,1.091907759,1.193627192,0.967190652
09/11/2021 22:00,0.928707986,0.62551589,0.798892985,0.591721192,1.058883639,0.813646303
09/11/2021 23:00,0.738702377,0.499334233,0.633500219,0.890327974,0.798259672,0.722864937
10/11/2021 00:00,0.569943137,0.385597961,0.488855367,0.544657829,0.683535204,0.610428058
10/11/2021 01:00,0.383344165,0.318219294,0.40372412,0.450058522,0.470261938,0.412509047
10/11/2021 02:00,0.401196968,0.297,0.363499475,0.297,0.433723901,0.351494708
10/11/2021 03:00,0.387031208,0.297,0.331904907,0.370044535,0.497797999,0.487784401
10/11/2021 04:00,0.37290658,0.297,0.410090621,0.343518045,0.369970785,0.328189334
10/11/2021 05:00,0.418859253,0.297,0.359230863,0.400418294,0.452853841,0.366908789
10/11/2021 06:00,0.586515543,0.396402973,0.512305274,0.610078727,0.634042599,0.513836933
10/11/2021 07:00,0.692708666,0.468232106,0.594057035,0.662155323,0.748832634,0.606881806
10/11/2021 08:00,0.672414402,0.454672769,0.60776606,0.611706005,0.726808718,0.589305961
10/11/2021 09:00,0.67861628,0.458620994,0.581984489,0.649015441,0.733613461,0.597380817
10/11/2021 10:00,0.710303021,0.480195869,0.613054559,0.679038187,0.762397099,0.622389115
10/11/2021 11:00,0.754161994,0.508684231,0.646728503,0.693447677,0.810943161,0.660622404
10/11/2021 12:00,0.762154619,0.731415362,0.703365433,0.681962367,0.906492112,0.723683824
10/11/2021 13:00,0.805981768,0.551623602,0.691207719,0.797238951,0.871317974,0.706126713
10/11/2021 14:00,0.761146639,0.509076504,0.652747997,0.727241198,0.822840896,0.66679465
10/11/2021 15:00,0.684942685,0.529973161,0.724542363,0.698264772,0.879159445,0.63900695
10/11/2021 16:00,0.777669121,0.525663115,0.667190705,0.739299332,0.840717219,0.607416654
10/11/2021 17:00,0.887751516,0.619009281,0.735288835,0.871865841,0.989884977,0.997511556
10/11/2021 18:00,1.078591293,0.729142733,0.889358764,1.065914263,1.166020018,0.945009259
10/11/2021 19:00,1.237986179,0.780121576,1.005998147,0.985104509,1.251660005,1.011124409
10/11/2021 20:00,1.191902496,0.758463631,1.055161852,1.138020164,1.2625,1.04421026
10/11/2021 21:00,1.103775454,0.76172016,0.947258455,1.131716721,1.207555043,0.98226499
10/11/2021 22:00,0.928695924,0.627776683,0.864003454,0.887704243,1.004010534,0.813662307
10/11/2021 23:00,0.9928874,0.499383114,0.74239843,0.759994713,0.79827696,0.641462018
11/11/2021 00:00,0.579010409,0.385391108,0.488805965,0.544896281,0.566051093,0.598481045
11/11/2021 01:00,0.680103586,0.318277973,0.297,0.450077053,0.532895158,0.412486596
11/11/2021 02:00,0.4010446,0.297,0.344111972,0.383355032,0.430624384,0.351544184
11/11/2021 03:00,0.387042921,0.297,0.333379709,0.580503038,0.404472219,0.374435042
11/11/2021 04:00,0.398735797,0.297,0.319688533,0.33317323,0.403154805,0.315198337
11/11/2021 05:00,0.418718459,0.297,0.35927262,0.452337872,0.452584743,0.367006098
11/11/2021 06:00,0.552872266,0.367457142,0.502832919,0.560560714,0.634405977,0.486404776
11/11/2021 07:00,0.546291368,0.531446503,0.627305609,0.678244954,0.775517567,0.607376186
11/11/2021 08:00,0.634198381,0.454641225,0.576817972,0.64292282,0.727137286,0.589152013
11/11/2021 09:00,0.678412927,0.458616863,0.581889321,0.648565523,0.733514888,0.594450109
11/11/2021 10:00,0.710364682,0.516533854,0.609985268,0.641281625,0.767962929,0.622516337
11/11/2021 11:00,0.754022938,0.512442362,0.646636387,0.696585036,0.81752403,0.723033234
11/11/2021 12:00,0.820132526,0.553838892,0.694721062,0.800077593,0.6973362,0.718551848
11/11/2021 13:00,0.805910178,0.511941923,0.691193751,0.770398032,0.871302529,0.706091508
11/11/2021 14:00,0.867125505,0.514483467,0.652622989,0.727532421,0.822844087,0.666817466
11/11/2021 15:00,0.72926207,0.332922754,0.630651106,0.697093637,0.78838047,0.638908223
11/11/2021 16:00,0.777734913,0.525695227,0.66643306,0.74218638,0.840843454,0.681491057
11/11/2021 17:00,0.945622808,0.822191403,0.871998222,0.781381813,0.99080675,0.802340057
11/11/2021 18:00,1.022075706,0.729098949,0.925050178,0.908050015,1.165525494,0.945177744
11/11/2021 19:00,1.154220842,0.780173444,0.989838751,1.103956369,1.21946792,1.011186289
11/11/2021 20:00,1.191951506,0.766211527,1.035196431,1.139351209,1.2625,1.074335627
11/11/2021 21:00,1.146634047,0.741333377,1.121470063,1.2625,1.194183053,0.937776298
11/11/2021 22:00,0.928938575,0.61654818,0.796422296,0.856586424,1.004059117,0.813695302
11/11/2021 23:00,0.738834515,0.499416303,0.632697938,0.722328074,0.807894933,0.647298764
12/11/2021 00:00,0.570087059,0.491431145,0.488887262,0.515408634,0.544308846,0.499454853
12/11/2021 01:00,0.37017034,0.297,0.512843111,0.419312481,0.510619758,0.412623829
12/11/2021 02:00,0.367216018,0.297,0.343343366,0.37549697,0.436241358,0.337353626
12/11/2021 03:00,0.407174166,0.297,0.306336184,0.297,0.370574269,0.346003964
12/11/2021 04:00,0.376733469,0.297,0.319789951,0.297,0.403225521,0.326785866
12/11/2021 05:00,0.419210362,0.297,0.297,0.400570626,0.453034916,0.444375001
12/11/2021 06:00,0.586516576,0.396453851,0.502990087,0.560350529,0.634058694,0.513852222
12/11/2021 07:00,0.708070401,0.46785055,0.59407009,0.796696777,0.678929605,0.606894908
12/11/2021 08:00,0.672997496,0.45468096,0.576568409,0.648257478,0.727179147,0.589276395
12/11/2021 09:00,0.678538322,0.514433787,0.639489258,0.648600244,0.733557165,0.594482263
12/11/2021 10:00,0.71043852,0.480525984,0.608917884,0.67904033,0.767962179,0.621668414
12/11/2021 11:00,0.796619211,0.509709429,0.646563264,0.624628942,0.763721133,0.451919816
12/11/2021 12:00,0.820118217,0.596697212,0.703257657,0.783822228,0.886599628,0.711817218
12/11/2021 13:00,0.803300851,0.545310586,0.691176358,0.735686117,0.871309865,0.70610815
12/11/2021 14:00,0.597575836,0.514530056,0.67389682,0.7275055,0.822804387,0.66668209
12/11/2021 15:00,0.729708239,0.49300945,0.643199704,0.587761379,0.788475184,0.638876697
12/11/2021 16:00,0.928367632,0.465294414,0.667005028,0.733913433,0.840783765,0.573326823
12/11/2021 17:00,0.886328596,0.619022302,0.786304002,0.875481917,0.945745886,0.885443144
12/11/2021 18:00,1.079338024,0.729145239,0.923523839,1.031081377,1.167722225,0.947088014
12/11/2021 19:00,1.154398578,0.780202615,1.033798948,1.103753305,1.2477975,1.18323954
12/11/2021 20:00,1.188407333,0.805677473,0.989796183,1.137920446,1.2625,1.044298073
12/11/2021 21:00,1.104702458,0.746715138,0.941349226,1.056055677,1.274019908,0.968586941
12/11/2021 22:00,1.051974185,0.627893659,0.772885108,0.887873878,1.00418077,0.813293675
12/11/2021 23:00,0.78749371,0.499480053,0.571742993,0.706369681,0.79887242,0.647379941
13/11/2021 00:00,0.570213914,0.297,0.489006642,0.545032708,0.697525232,0.498424485
13/11/2021 01:00,0.471148238,0.31747218,0.406742474,0.450201066,0.50930692,0.412718723
13/11/2021 02:00,0.401503883,0.297,0.344377527,0.383762501,0.434017553,0.351801996
13/11/2021 03:00,0.387379217,0.449109394,0.297,0.297,0.418801561,0.365742446
13/11/2021 04:00,0.37327378,0.297,0.314761832,0.35979625,0.403528315,0.297
13/11/2021 05:00,0.419366067,0.297,0.359628399,0.445650094,0.453346951,0.366476667
13/11/2021 06:00,0.586945581,0.396769192,0.503472942,0.56106982,0.634561176,0.426405777
13/11/2021 07:00,0.636631488,0.66305296,0.596963152,0.642020855,0.749606075,0.607686968
13/11/2021 08:00,0.662098102,0.455081394,0.492577941,0.645954201,0.727755548,0.589784152
13/11/2021 09:00,0.679139927,0.459413136,0.582420865,0.520348673,0.734126706,0.595116604
13/11/2021 10:00,0.711015113,0.480608995,0.609775226,0.763331627,0.724963544,0.58982537
13/11/2021 11:00,0.617420695,0.506895837,0.647386167,0.721393906,0.789287398,0.661279663
13/11/2021 12:00,0.820836506,0.54647812,0.703932179,0.779054773,0.827145734,0.717769714
13/11/2021 13:00,0.758695624,0.545259659,0.700533454,0.771514473,0.779348504,0.706811775
13/11/2021 14:00,1.043169905,0.693968974,0.880472888,0.952318069,0.980300306,0.899665433
13/11/2021 15:00,0.997020254,0.617436208,0.795447113,0.886589817,1.002719451,0.812632302
13/11/2021 16:00,0.874517822,0.624393067,0.74989953,0.835955421,0.945309862,0.731417151
13/11/2021 17:00,0.922799989,0.618003675,0.791383297,1.054360601,1.01766904,0.889235801
13/11/2021 18:00,1.189410855,0.81933169,1.022202268,1.139256634,1.240778842,1.044187687
13/11/2021 19:00,1.244975224,0.84169519,1.067190676,1.189955953,1.31875,1.09072227
13/11/2021 20:00,1.191786471,0.821025878,1.029227601,1.147148791,1.297438335,1.051436651
13/11/2021 21:00,1.080146381,0.742319827,0.942212502,1.050143133,1.188056965,0.96254356
13/11/2021 22:00,0.804581725,0.80389415,0.926443672,0.901224885,1.072990747,0.834408693
13/11/2021 23:00,0.796147956,0.578427053,0.733711396,0.666779578,0.924900019,0.749479459
14/11/2021 00:00,0.608516835,0.400378915,0.508043087,0.566222646,0.528315011,0.518989021
14/11/2021 01:00,0.514636464,0.336195879,0.441217307,0.491791791,0.426636018,0.454879249
14/11/2021 02:00,0.523949514,0.354739645,0.447228632,0.501627371,0.56646091,0.459033268
14/11/2021 03:00,0.469458506,0.317168454,0.396849612,0.482207585,0.507753555,0.411455193
14/11/2021 04:00,0.444875285,0.3701124,0.376100717,0.425197372,0.480959493,0.389972455
14/11/2021 05:00,0.499961003,0.338205836,0.42908649,0.478271146,0.541179507,0.488348075
14/11/2021 06:00,0.487305173,0.329433445,0.570230667,0.465852325,0.526873533,0.427296467
14/11/2021 07:00,0.569971145,0.385272516,0.488778787,0.544849131,0.616129865,0.360424801
14/11/2021 08:00,0.512296018,0.454713013,0.608794259,0.642634937,0.692192625,0.570825923
14/11/2021 09:00,0.473878165,0.458808736,0.581889286,0.644375228,0.987671667,0.594455072
14/11/2021 10:00,0.69933263,0.459890878,0.601307715,0.678986152,0.767873146,0.622269859
14/11/2021 11:00,0.754286649,0.509641587,0.768946136,0.720855287,0.803142007,0.659173071
14/11/2021 12:00,0.820009795,0.554296224,0.703218065,0.711214806,0.87947749,0.718416137
14/11/2021 13:00,0.816283177,0.544691758,0.691062843,0.770246386,0.969266274,0.705596349
14/11/2021 14:00,0.760565976,0.709586479,0.652574297,0.727647204,0.802349013,0.666320849
14/11/2021 15:00,0.728910421,0.492794539,0.625364354,0.702695285,0.788121262,0.638792202
14/11/2021 16:00,0.782780372,0.525454979,0.666685826,0.743017338,0.840395237,0.681119666
14/11/2021 17:00,0.915502099,0.617607295,0.79718599,0.875012296,0.989625006,0.801962839
14/11/2021 18:00,1.065499978,0.830240817,0.924796802,0.982858524,1.159269683,0.855048053
14/11/2021 19:00,1.16337755,0.730035686,0.977300774,1.103153445,1.244252537,0.971589298
14/11/2021 20:00,1.158362456,0.805449439,0.985883931,1.13892509,1.31875,1.043102394
14/11/2021 21:00,1.104290727,0.74637519,0.946563684,1.059982528,1.306204085,0.967247532
14/11/2021 22:00,0.919425241,0.627018803,0.795974095,0.97392359,1.003614551,0.812882104
14/11/2021 23:00,0.738376042,0.490296853,0.70936729,0.705795196,0.792808466,0.721842162
15/11/2021 00:00,0.42970383,0.411839616,0.335040863,0.52640629,0.615803922,0.499043465
15/11/2021 01:00,0.470719842,0.31820755,0.353591071,0.436639022,0.508882915,0.412403258
15/11/2021 02:00,0.40108463,0.420804847,0.343819777,0.382974923,0.4600926,0.297
15/11/2021 03:00,0.520099646,0.297,0.331591222,0.369622919,0.41748046,0.339020327
15/11/2021 04:00,0.370557267,0.297,0.319691059,0.323040706,0.402990993,0.32660036
15/11/2021 05:00,0.418332628,0.297,0.35903124,0.400205111,0.429252885,0.44293126
15/11/2021 06:00,0.527939598,0.37583215,0.485219363,0.534613893,0.634017421,0.50568178
15/11/2021 07:00,0.773458038,0.468229759,0.594044646,0.693122712,0.748848777,0.606827253
15/11/2021 08:00,0.672648639,0.454674359,0.576821607,0.769238716,0.727171679,0.581465756
15/11/2021 09:00,0.678552004,0.458855264,0.581917971,0.648598995,0.733828636,0.600681484
15/11/2021 10:00,0.842514466,0.480198862,0.609252279,0.679183951,0.76793003,0.622047766
15/11/2021 11:00,0.754077215,0.509706178,0.63402005,0.685787884,0.908176874,0.642255788
15/11/2021 12:00,0.902595552,0.555713872,0.703358662,0.78394633,0.855108849,0.719538705
15/11/2021 13:00,0.79677785,0.656869914,0.68877688,0.661127438,0.871300062,0.706123126
15/11/2021 14:00,0.494203547,0.514497327,0.581271738,0.72752688,1.017312549,0.667099952
15/11/2021 15:00,0.729404007,0.422521636,0.625456795,0.697090855,0.788459177,0.638903448
15/11/2021 16:00,0.777559539,0.525566699,0.905791499,0.599038406,0.794236407,0.640394241
15/11/2021 17:00,0.914928544,0.566689675,0.781212473,0.91320784,0.989811038,0.802237038
15/11/2021 18:00,1.089556222,0.731424913,0.924852587,0.91829403,1.165851505,0.841933148
15/11/2021 19:00,1.15388024,0.780024535,0.934339542,1.133639356,1.122414483,1.010847574
15/11/2021 20:00,1.19171869,0.810296778,1.022222923,1.138423199,1.189311712,1.044074125
15/11/2021 21:00,1.104413748,0.74651868,0.946739123,1.055638393,1.193959051,0.967242109
15/11/2021 22:00,0.920499124,0.627205197,0.784613563,0.91975316,0.925771145,0.709945124
15/11/2021 23:00,0.738682411,0.499209338,0.709548883,0.566051754,0.798454825,0.646979486
16/11/2021 00:00,0.558677513,0.357191229,0.488469473,0.581030216,0.612143754,0.499236737
16/11/2021 01:00,0.456910565,0.318227169,0.398519139,0.478385729,0.447665135,0.416127889
16/11/2021 02:00,0.297,0.297,0.314456393,0.383388135,0.433595524,0.351559848
16/11/2021 03:00,0.387016671,0.297,0.367765673,0.369871059,0.41729814,0.339069139
16/11/2021 04:00,0.377758425,0.297,0.319048962,0.430215426,0.379066641,0.297
16/11/2021 05:00,0.418930301,0.307902703,0.359112086,0.384286244,0.313128763,0.325188612
16/11/2021 06:00,0.586513175,0.396988244,0.502987113,0.565325229,0.574743582,0.516140178
16/11/2021 07:00,0.692723066,0.468768379,0.594081404,0.613573298,0.748884167,0.606889301
16/11/2021 08:00,0.672665273,0.454763461,0.576869627,0.642958962,0.671021945,0.595142261
16/11/2021 09:00,0.678635514,0.458675741,0.581958915,0.691165914,0.760853356,0.552082468
16/11/2021 10:00,0.710054628,0.480104165,0.607876035,0.692338402,0.766288681,0.622436286
16/11/2021 11:00,0.754101275,0.468042883,0.646704029,0.720807327,0.775441997,0.657962405
16/11/2021 12:00,0.772551255,0.554389282,0.703341939,0.800254562,0.886614076,0.718451288
16/11/2021 13:00,0.80599904,0.544826233,0.733786784,0.770435297,0.871338049,0.705698724
16/11/2021 14:00,0.895410155,0.616093244,0.829813082,0.737545817,0.822878543,0.666867854
16/11/2021 15:00,0.891977219,0.492978046,0.625465766,0.697156486,0.769929715,0.638951177
16/11/2021 16:00,0.762686297,0.525503367,0.736281118,0.780200589,0.989369559,0.681158304
16/11/2021 17:00,0.915703073,0.61896357,0.785302197,0.83843539,1.029978361,0.78436609
16/11/2021 18:00,1.119468002,0.729045247,0.92501506,1.030938843,1.165980148,0.944919336
16/11/2021 19:00,1.154151797,0.780143407,0.989719659,1.103422679,1.247532746,1.01106535
16/11/2021 20:00,1.191842092,0.805625393,0.981304818,1.152732134,1.2625,1.044220184
16/11/2021 21:00,1.055283575,0.746625619,0.947228486,1.055765973,1.22040958,0.967681089
16/11/2021 22:00,0.928693073,0.627766785,0.927597607,0.793697212,1.076912123,0.691216676
16/11/2021 23:00,0.738703505,0.361602069,0.633496403,0.722143529,0.7897738,0.647177493
17/11/2021 00:00,0.569952566,0.385271579,0.477522467,0.672078948,0.719005871,0.499315108
17/11/2021 01:00,0.4708465,0.31826708,0.403726137,0.482636333,0.5012159,0.396025398
17/11/2021 02:00,0.401186466,0.297,0.344067023,0.383530849,0.43371641,0.351524104
17/11/2021 03:00,0.387050789,0.297,0.332401608,0.369950294,0.428733112,0.339085555
17/11/2021 04:00,0.372908399,0.297,0.319848574,0.356510844,0.46773123,0.326704632
17/11/2021 05:00,0.297,0.308218581,0.359215138,0.399260346,0.457496799,0.367007475
17/11/2021 06:00,0.586483557,0.392783105,0.502976812,0.792898346,0.663460211,0.514358405
17/11/2021 07:00,0.692625737,0.482316091,0.594070183,0.711358701,0.734485112,0.624459075
17/11/2021 08:00,0.672642072,0.417732968,0.576819081,0.642526815,0.721001076,0.589330445
17/11/2021 09:00,0.679003491,0.458619103,0.581913683,0.648598472,0.745156262,0.597310838
17/11/2021 10:00,0.710424285,0.480184178,0.571309567,0.678279269,0.767966591,0.630834693
17/11/2021 11:00,0.751029023,0.359707917,0.727071143,0.597780935,0.774603759,0.657031918
17/11/2021 12:00,0.762050827,0.510333407,0.686107888,0.783979121,0.888466466,0.718588926
17/11/2021 13:00,0.749847008,0.544801084,0.525297901,0.779155197,0.877649802,0.692531511
17/11/2021 14:00,0.742796635,0.703461823,0.652657954,0.727543732,0.822828329,0.666823536
17/11/2021 15:00,0.729272277,0.49290155,0.625421561,0.697399398,0.788410893,0.665618493
17/11/2021 16:00,0.768955208,0.52568181,0.664073324,0.752686658,0.8407023,0.681840049
17/11/2021 17:00,0.942094925,0.618991281,0.790265178,0.87468185,1.002458861,0.802261503
17/11/2021 18:00,1.078488609,0.805215565,0.787244171,1.030992472,1.354673184,0.944935698
17/11/2021 19:00,1.15418862,0.780087403,0.989741574,1.103125708,1.247653335,1.011124572
17/11/2021 20:00,1.191883339,0.696387234,1.022138622,1.139243543,1.2625,1.179123512
17/11/2021 21:00,1.104559014,0.746616871,0.947254148,1.055809309,1.194084562,1.057235029
17/11/2021 22:00,0.928991205,0.62777297,0.756973786,0.889290274,1.005960712,0.818253396
17/11/2021 23:00,0.76482003,0.499358735,0.615648302,0.706651372,0.798654147,0.647199519
18/11/2021 00:00,0.569996501,0.298884334,0.488852713,0.544828254,0.616154371,0.499368901
18/11/2021 01:00,0.541511383,0.316171268,0.403806062,0.450069357,0.503796477,0.410235194
18/11/2021 02:00,0.401244505,0.297,0.345104134,0.383526791,0.433767961,0.351515517
18/11/2021 03:00,0.387119801,0.297,0.421488493,0.371452901,0.418460155,0.378588083
18/11/2021 04:00,0.37246596,0.297,0.319804831,0.299336821,0.403131697,0.326692567
18/11/2021 05:00,0.438693605,0.297,0.359246862,0.400498083,0.452903206,0.367044133
18/11/2021 06:00,0.586457313,0.396415826,0.50295011,0.562168424,0.634009529,0.508687511
18/11/2021 07:00,0.692705905,0.468213269,0.610300302,0.620414191,0.708789147,0.769928506
18/11/2021 08:00,0.672621989,0.454683588,0.577154463,0.642924309,0.594534676,0.502880341
18/11/2021 09:00,0.678513307,0.441574351,0.582517881,0.610826323,0.734440418,0.594449735
18/11/2021 10:00,0.729812895,0.46987389,0.610093002,0.650395306,0.767901525,0.622363614
18/11/2021 11:00,0.833602942,0.509788443,0.715079766,0.720750396,0.815210209,0.660659413
18/11/2021 12:00,0.819922088,0.554343296,0.703300346,0.785148641,0.845559519,0.718517801
18/11/2021 13:00,0.805882398,0.544773772,0.825447312,0.770407127,0.664491805,0.706108747
18/11/2021 14:00,0.76080228,0.515078039,0.652756599,0.727531839,0.822056121,0.666818892
18/11/2021 15:00,0.730866808,0.690924643,0.607944784,0.672979538,0.788384294,0.638902469
18/11/2021 16:00,0.777710527,0.594112449,0.695769629,0.793667662,0.840769311,0.681574015
18/11/2021 17:00,0.915842582,0.620316461,0.786311411,0.873052808,0.969942703,0.802364973
18/11/2021 18:00,1.078666568,0.645653724,0.924995856,0.957149314,1.166065947,0.920898605
18/11/2021 19:00,1.154186448,0.78738874,0.990070097,1.102856073,1.247764315,1.011208597
18/11/2021 20:00,1.241210789,0.805704715,1.022091209,1.138875136,1.2625,1.044350725
18/11/2021 21:00,1.062899611,0.746909528,0.94727298,1.13903444,1.26367339,0.96778412
18/11/2021 22:00,0.929417487,0.62878245,0.796640691,0.748163728,1.035230288,0.817440799
18/11/2021 23:00,0.678397016,0.534703537,0.614151649,0.706227714,0.798718574,0.620647703
19/11/2021 00:00,0.729284516,0.386362821,0.448151185,0.544905084,0.596316597,0.499459228
19/11/2021 01:00,0.47100783,0.31835122,0.403893201,0.398226366,0.509152491,0.410932835
19/11/2021 02:00,0.401371031,0.297,0.344132054,0.383633482,0.433870401,0.312099803
19/11/2021 03:00,0.299690504,0.297,0.327446623,0.369655903,0.418662943,0.341055721
19/11/2021 04:00,0.372998691,0.297,0.32000682,0.356172224,0.40262703,0.321484975
19/11/2021 05:00,0.419179055,0.297,0.359386961,0.65796251,0.454631604,0.372617028
19/11/2021 06:00,0.62700206,0.416892234,0.50308357,0.407157481,0.638131294,0.513847292
19/11/2021 07:00,0.692662233,0.456946588,0.694360975,0.662147799,0.748869886,0.606895697
19/11/2021 08:00,0.672656989,0.66464326,0.448066066,0.748426145,0.727181066,0.585581245
19/11/2021 09:00,0.776682312,0.458685523,0.581920721,0.648554609,0.733551556,0.594480453
19/11/2021 10:00,0.710561571,0.480211606,0.607168941,0.679346199,0.837749223,0.622521232
19/11/2021 11:00,0.754062041,0.509707729,0.620029325,0.720817936,0.815178389,0.660612065
19/11/2021 12:00,0.820139849,0.554370592,0.70334706,0.783157669,0.886617801,0.718525279
19/11/2021 13:00,0.805981693,0.594096607,0.691188993,0.770389529,0.871311803,0.706209674
19/11/2021 14:00,0.76112374,0.514599994,0.652722053,0.777156161,0.89016003,0.685421311
19/11/2021 15:00,0.729228431,0.492994736,0.625096896,0.698592091,0.7883022,0.638888782
19/11/2021 16:00,0.777793803,0.525609633,0.715707089,0.610843303,0.841161512,0.681411021
19/11/2021 17:00,0.915852376,0.61331791,0.785554759,0.875226807,0.864996597,0.802385947
19/11/2021 18:00,0.959507286,0.729193241,0.925187731,1.031049272,1.166145248,0.944983495
19/11/2021 19:00,1.2625,0.775048438,1.142589685,1.103294815,1.2625,1.004469492
19/11/2021 20:00,1.197262739,0.805757859,0.98274641,1.139188068,1.288655161,1.044403106
19/11/2021 21:00,0.941187732,0.746909145,0.947806407,1.055106098,1.194265649,0.967846128
19/11/2021 22:00,0.928834963,0.627896591,0.796149501,1.050856023,0.998376638,0.813823969
19/11/2021 23:00,0.738949416,0.513161449,0.648511848,0.794830223,0.802036137,0.647413417
20/11/2021 00:00,0.570204322,0.384892247,0.489016628,0.545024329,0.616429302,0.500045143
20/11/2021 01:00,0.471123678,0.318534621,0.297,0.450325976,0.47461533,0.412760484
20/11/2021 02:00,0.404211637,0.297,0.344363498,0.434656031,0.416846532,0.297
20/11/2021 03:00,0.387401782,0.297,0.332142119,0.370296343,0.515658115,0.339404358
20/11/2021 04:00,0.373257062,0.297,0.320111357,0.413813211,0.403511805,0.297
20/11/2021 05:00,0.418481347,0.297,0.402358807,0.342387089,0.452613357,0.353563459
20/11/2021 06:00,0.586939624,0.396745496,0.472490813,0.572149594,0.70707979,0.521007407
20/11/2021 07:00,0.69318263,0.469470234,0.594452626,0.860252191,0.763734204,0.607287576
20/11/2021 08:00,0.662753554,0.454985459,0.577253665,0.702004892,0.890754145,0.589724305
20/11/2021 09:00,0.679032682,0.461389996,0.577260237,0.648923363,0.734083707,0.594901491
20/11/2021 10:00,0.710903254,0.667775427,0.609661077,0.794496324,0.76846657,0.588428236
20/11/2021 11:00,0.754574257,0.510065778,0.754675988,0.709119779,0.815655186,0.661337231
20/11/2021 12:00,0.820667188,0.809175595,0.685637923,0.945168218,0.887756318,0.718983511
20/11/2021 13:00,0.806653321,0.544691721,0.691654975,0.770899038,0.87179426,0.706587514
20/11/2021 14:00,1.02665985,0.693972653,0.880446564,0.935141289,1.110148129,1.075681865
20/11/2021 15:00,0.927672587,0.862645235,0.795455965,0.886534515,1.002721578,0.812500948
20/11/2021 16:00,0.977874422,0.585235227,0.749894982,0.88783455,0.932385012,0.766091095
20/11/2021 17:00,0.92284624,0.623791416,0.788301071,0.950007528,0.997605379,0.808558816
20/11/2021 18:00,1.095779799,0.805641934,1.022502836,1.139332649,1.288478709,1.028833
20/11/2021 19:00,1.244974938,0.841527416,1.239951384,1.190029958,1.31875,1.090723994
20/11/2021 20:00,1.200226952,0.718347845,1.029796386,1.122031813,1.297412441,1.05136646
20/11/2021 21:00,1.098652981,0.7426266,0.942389724,1.050142784,1.190538358,0.965068741
20/11/2021 22:00,0.952238054,0.676207982,0.70741173,0.910277332,1.029180132,0.834065592
20/11/2021 23:00,0.855995501,0.578311475,0.73371185,0.817783228,0.924881854,0.749809214
21/11/2021 00:00,0.592429702,0.396217015,0.50803034,0.566240724,0.670194563,0.545993939
21/11/2021 01:00,0.514511625,0.3482598,0.441285488,0.476454014,0.556324955,0.450774418
21/11/2021 02:00,0.521119109,0.354628237,0.449335563,0.500814915,0.566420101,0.459037518
21/11/2021 03:00,0.469719495,0.297,0.402788776,0.449082846,0.465941375,0.411475612
21/11/2021 04:00,0.297,0.297,0.381534084,0.441773059,0.480936739,0.388504803
21/11/2021 05:00,0.500350599,0.338209439,0.429094859,0.478274125,0.478860293,0.418798687
21/11/2021 06:00,0.487938202,0.329435401,0.409605513,0.465941278,0.526667554,0.426983121
21/11/2021 07:00,0.569973385,0.385313075,0.488809112,0.502573893,0.685929345,0.497310298
21/11/2021 08:00,0.673084563,0.473597708,0.677611151,0.642461778,0.726797216,0.563771011
21/11/2021 09:00,0.678033637,0.458334899,0.614078436,0.64851763,0.733640067,0.593336256
21/11/2021 10:00,0.709868003,0.479825943,0.608786279,0.695453661,1.003065918,0.59572037
21/11/2021 11:00,0.747923029,0.525801839,0.634393933,0.720264211,0.837718093,0.659980807
21/11/2021 12:00,0.819592574,0.55397814,0.702876917,0.783415452,0.886027665,0.71815169
21/11/2021 13:00,0.805123574,0.668465817,0.692321327,0.769866508,0.870707017,0.70562959
21/11/2021 14:00,0.840281489,0.514102366,0.652252594,0.72698779,0.822215208,0.706699961
21/11/2021 15:00,0.728486049,0.492558503,0.624954206,0.727644315,0.787691689,0.636882482
21/11/2021 16:00,0.792197042,0.525227081,0.666363109,0.742718852,0.840006871,0.683500678
21/11/2021 17:00,0.894610958,0.61856618,0.784774021,0.874716866,1.032688356,0.801835391
21/11/2021 18:00,1.077718686,0.743810286,0.924796312,1.030358471,1.170724369,0.944413555
21/11/2021 19:00,1.153465415,0.780240228,0.989137508,1.102839458,1.227417596,1.029428263
21/11/2021 20:00,1.191270812,0.805233475,1.021888293,1.098714263,1.28783134,1.043229432
21/11/2021 21:00,1.103967347,0.746240562,0.947072155,1.047544399,1.193472893,0.967150303
21/11/2021 22:00,0.928150996,0.627594807,0.779785951,0.887184183,1.003395491,0.813196171
21/11/2021 23:00,0.633187576,0.44306718,0.662157123,0.705617784,0.80770151,0.646737029
22/11/2021 00:00,0.569474735,0.37455001,0.450592144,0.545310856,0.615635931,0.498913446
22/11/2021 01:00,0.470701964,0.297,0.307576789,0.449935637,0.508377048,0.412393555
22/11/2021 02:00,0.401179999,0.297,0.33532766,0.383094952,0.43327091,0.396447587
22/11/2021 03:00,0.385737346,0.297,0.330815521,0.369586721,0.419726595,0.4637672
22/11/2021 04:00,0.297,0.297,0.319718149,0.35337623,0.403107317,0.312014805
22/11/2021 05:00,0.418060234,0.297,0.358975025,0.399914834,0.343792147,0.517317315
22/11/2021 06:00,0.766858449,0.396799277,0.50357635,0.54979359,0.668794845,0.396448182
22/11/2021 07:00,0.692558333,0.468214904,0.593781263,0.629650485,0.845668553,0.60686625
22/11/2021 08:00,0.672643555,0.417128505,0.576869902,0.793413169,0.727887343,0.589306399
22/11/2021 09:00,0.67881925,0.458667562,0.529965378,0.663636313,0.733554144,0.594441038
22/11/2021 10:00,0.71033217,0.454487926,0.578293273,0.679286087,0.768189357,0.622385642
22/11/2021 11:00,0.786174382,0.516685259,0.660153364,0.720781818,0.815202727,0.66063564
22/11/2021 12:00,0.820161512,0.554379449,0.703340614,0.784062541,0.88955651,0.853457865
22/11/2021 13:00,0.806042253,0.545210188,0.69936903,0.770415379,0.871335899,0.706132964
22/11/2021 14:00,0.761165323,0.533744232,0.683666266,0.743422137,0.823306332,0.805624677
22/11/2021 15:00,0.750562997,0.492965029,0.859705085,0.6970838,0.796623024,0.643163623
22/11/2021 16:00,0.773377086,0.525538116,0.666625484,0.743195217,0.840780558,0.771749998
22/11/2021 17:00,0.915552405,0.5688246,0.784922982,0.877731821,0.98975851,0.802108287
22/11/2021 18:00,1.078427704,0.728975931,0.924814492,1.015604122,1.165941535,1.004582666
22/11/2021 19:00,1.002529049,0.779935548,0.989634443,1.1968855,1.234597605,1.010578673
22/11/2021 20:00,1.191680679,0.805474174,1.074687077,1.139072923,1.2625,0.921037395
22/11/2021 21:00,1.104365152,0.746470439,0.955445422,1.054683543,1.207646977,0.967667145
22/11/2021 22:00,0.928376346,0.627649768,0.796313925,0.887341332,1.003794008,0.880843406
22/11/2021 23:00,0.629816459,0.528710591,0.633380383,0.909086962,0.843341861,0.633020173
23/11/2021 00:00,0.499704709,0.385153538,0.489976341,0.544637622,0.616184386,0.492372348
23/11/2021 01:00,0.477006299,0.318254412,0.403731489,0.447975863,0.508930606,0.413229135
23/11/2021 02:00,0.401002897,0.297,0.339391184,0.383273377,0.375183248,0.351330444
23/11/2021 03:00,0.492870918,0.297,0.326914469,0.369637077,0.418272668,0.33890199
23/11/2021 04:00,0.371818423,0.297,0.31975191,0.373206907,0.403108441,0.394593586
23/11/2021 05:00,0.418767555,0.297,0.358379561,0.400276648,0.297,0.408914763
23/11/2021 06:00,0.616034007,0.569065951,0.502481248,0.616935591,0.592604505,0.513184771
23/11/2021 07:00,0.691022013,0.445503235,0.920877489,0.66574182,0.748902894,0.606918891
23/11/2021 08:00,0.6995248,0.454548818,0.576891099,0.642993419,0.756770008,0.589338815
23/11/2021 09:00,0.678597341,0.401966322,0.551873101,0.648644457,0.733606052,0.594508636
23/11/2021 10:00,0.705931341,0.480238825,0.609701751,0.684925243,0.862130647,0.622439382
23/11/2021 11:00,0.838428819,0.492693455,0.741409098,0.720789771,0.815311164,0.660699184
23/11/2021 12:00,0.825461591,0.558039169,0.703414146,0.783046819,0.768045181,0.718615375
23/11/2021 13:00,0.805788003,0.547696438,0.691273236,0.770475854,0.871456352,0.706148847
23/11/2021 14:00,0.761225062,0.496390893,0.652739983,0.728294222,0.823037354,0.676987717
23/11/2021 15:00,0.729756386,0.492657353,0.625501423,0.697166826,0.7509542,0.637736029
23/11/2021 16:00,0.822476006,0.525735664,0.667056478,0.7272353,0.840969885,0.681336698
23/11/2021 17:00,0.916077233,0.618949813,0.81147808,0.891127876,0.985065177,0.802226459
23/11/2021 18:00,1.078514829,0.729031639,0.925123253,0.984082468,1.117863181,0.940691615
23/11/2021 19:00,1.153995382,0.704937532,0.989612016,1.103096073,1.247664247,1.011059099
23/11/2021 20:00,1.104262858,0.803315179,1.022076627,1.040175137,1.2625,1.044222483
23/11/2021 21:00,1.106948876,0.746565149,0.947184301,1.06387152,1.195329939,0.8279732
23/11/2021 22:00,0.798491423,0.527898189,0.796397297,1.15766448,1.003527481,0.802296041
23/11/2021 23:00,0.739547488,0.499287983,0.633428924,0.706039014,0.798602518,0.647076005
24/11/2021 00:00,0.570019584,0.343484706,0.488266131,0.544721967,0.616082158,0.499254707
24/11/2021 01:00,0.470835338,0.318262399,0.403845872,0.434683646,0.510393999,0.412431446
24/11/2021 02:00,0.401130502,0.297,0.470585604,0.383477558,0.433773171,0.351418645
24/11/2021 03:00,0.372440536,0.297,0.333624965,0.369889983,0.4179566,0.33901639
24/11/2021 04:00,0.437519056,0.297,0.309507249,0.356458733,0.367948943,0.297
24/11/2021 05:00,0.427241071,0.297,0.328021724,0.400324368,0.448782298,0.366931704
24/11/2021 06:00,0.562554732,0.396509783,0.503010012,0.560500036,0.634101176,0.513859963
24/11/2021 07:00,0.693061218,0.468322496,0.594107917,0.660165737,0.748927785,0.61474714
24/11/2021 08:00,0.707207902,0.454672428,0.582211135,0.643331385,0.836102555,0.589302366
24/11/2021 09:00,0.678501881,0.414245628,0.674936276,0.670883902,0.73358735,0.594526745
24/11/2021 10:00,0.710442694,0.487833594,0.597123056,0.678513119,0.768406712,0.603935461
24/11/2021 11:00,0.754137047,0.50974784,0.611096954,0.719817933,0.818069034,0.641550802
24/11/2021 12:00,0.61239009,0.518735721,0.757264343,0.783986439,0.997484444,0.718580966
24/11/2021 13:00,0.806503124,0.545797377,0.741831183,0.770460487,0.871379079,0.706216497
24/11/2021 14:00,0.761199059,0.535349303,0.499327657,0.665637839,0.823351973,0.666655955
24/11/2021 15:00,0.729335758,0.493017819,0.625470252,0.77907649,0.788387073,0.539157698
24/11/2021 16:00,0.777892393,0.580371623,0.666788733,0.743327625,0.909118046,0.728688536
24/11/2021 17:00,0.91582759,0.618987821,0.785206265,0.875302852,0.989942153,0.80227062
24/11/2021 18:00,1.122832725,0.729216193,0.876977824,1.031097878,1.165990439,0.942116886
24/11/2021 19:00,1.151654288,0.780105415,1.162012314,1.103146365,1.247629369,1.011085194
24/11/2021 20:00,1.191849608,0.768776286,1.022137977,1.115895062,1.2625,1.145541046
24/11/2021 21:00,1.026359017,0.713989949,0.97440814,1.058053225,1.194086435,0.967644392
24/11/2021 22:00,0.928255123,0.627734302,0.746865481,0.884902267,0.924888826,0.914975099
24/11/2021 23:00,0.714772689,0.499305113,0.634996728,0.705833091,0.777428301,0.659622226
25/11/2021 00:00,0.466949926,0.518572114,0.488749539,0.544927044,0.616107293,0.396403949
25/11/2021 01:00,0.470725028,0.339012369,0.297,0.449435649,0.508879546,0.412432375
25/11/2021 02:00,0.40019525,0.297,0.344011169,0.383426667,0.433623985,0.351446691
25/11/2021 03:00,0.388566731,0.297,0.361907421,0.297,0.418332488,0.297
25/11/2021 04:00,0.372813695,0.297,0.319885232,0.556985347,0.40300237,0.327900989
25/11/2021 05:00,0.418803499,0.297,0.338216682,0.467709674,0.450994175,0.472916589
25/11/2021 06:00,0.586419206,0.396382382,0.431339633,0.580067091,0.631698068,0.498399834
25/11/2021 07:00,0.692698731,0.442737991,0.575901881,0.662041417,0.75035439,0.606868311
25/11/2021 08:00,0.668712383,0.480314423,0.576736445,0.642966204,0.726867407,0.589066561
25/11/2021 09:00,0.768097886,0.458604577,0.581852037,0.648592047,0.733455345,0.693372635
25/11/2021 10:00,0.691957994,0.495248948,0.540354117,0.678970576,0.768042526,0.602078087
25/11/2021 11:00,0.753996355,0.50977085,0.646610664,0.720710834,0.769795531,0.680322709
25/11/2021 12:00,0.818978797,0.55434642,0.995440727,0.784336689,0.921757994,0.923996614
25/11/2021 13:00,0.805931327,0.544761017,0.68966719,0.765283914,0.871275478,0.706379327
25/11/2021 14:00,0.761117486,0.514100551,0.65225725,0.727480594,0.822645478,0.516885098
25/11/2021 15:00,0.740558265,0.465831215,0.625375988,0.697049995,0.788352404,0.638874759
25/11/2021 16:00,0.777859212,0.432758474,0.666884535,0.875118655,0.792654263,0.789699168
25/11/2021 17:00,0.90884143,0.618963618,0.7853525,0.876053711,0.989926283,0.802249588
25/11/2021 18:00,1.078555307,0.762705381,1.135470717,1.030942547,1.2625,0.944923149
25/11/2021 19:00,1.09683968,0.780076257,1.15045695,1.119637934,1.247627577,0.981341609
25/11/2021 20:00,1.191820379,0.674049586,1.063806168,1.139229454,1.287917184,1.044174224
25/11/2021 21:00,1.062719966,0.845705559,0.947222202,1.061538375,1.194045747,1.05503525
25/11/2021 22:00,0.926761988,0.626353131,0.794739716,0.885853976,1.001232617,0.811913538
25/11/2021 23:00,0.742251817,0.696991311,0.678954347,0.709535536,1.005626026,0.616729955
26/11/2021 00:00,0.569934685,0.385244487,0.488769614,0.555696568,0.57609109,0.499334603
26/11/2021 01:00,0.465980681,0.316602985,0.417063246,0.446245402,0.505096516,0.409271163
26/11/2021 02:00,0.40120109,0.297,0.344058508,0.383500147,0.43382755,0.351820659
26/11/2021 03:00,0.387039329,0.297,0.297,0.369960641,0.418380711,0.516120229
26/11/2021 04:00,0.387015445,0.297,0.318883433,0.358614243,0.405981016,0.328892254
26/11/2021 05:00,0.418904482,0.297,0.297,0.400399031,0.452954216,0.367296775
26/11/2021 06:00,0.586452199,0.396497213,0.50388722,0.568931336,0.632948157,0.513820905
26/11/2021 07:00,0.692696476,0.468243387,0.594406738,0.812707233,0.748960322,0.457055741
26/11/2021 08:00,0.857320227,0.391730539,0.555783821,0.619469426,0.700920904,0.567784381
26/11/2021 09:00,0.570681836,0.458657017,0.579769449,0.767995109,0.733540852,0.588301583
26/11/2021 10:00,0.710406699,0.654328408,0.567820573,0.679041017,0.765892446,0.622509408
26/11/2021 11:00,0.754062956,0.509695588,0.654855661,0.720800194,0.857735263,0.72246335
26/11/2021 12:00,0.8201224,0.570606479,0.634524054,0.764358496,0.881390726,0.718510563
26/11/2021 13:00,0.80596776,0.544777912,0.691184637,0.770415643,0.871340759,0.706100275
26/11/2021 14:00,0.792893176,0.482894582,0.652649008,0.727520367,0.828388523,0.614552814
26/11/2021 15:00,0.7311128,0.494265613,0.625364441,0.783379378,0.788411158,0.5478564
26/11/2021 16:00,0.463072876,0.525457296,0.728517114,0.707558712,0.797159032,0.681301006
26/11/2021 17:00,0.915531786,0.580473816,0.785196797,0.875174684,1.008361242,0.802150694
26/11/2021 18:00,1.079284789,0.743945222,0.925046494,1.033541711,1.165755262,0.944748574
26/11/2021 19:00,1.148102546,0.756368173,0.989982279,1.105080769,1.247469801,1.046841725
26/11/2021 20:00,1.2625,0.805441861,1.021885301,1.134765936,1.2625,1.156085873
26/11/2021 21:00,1.104177733,0.746376124,0.947295607,1.055443633,1.042553206,0.967184114
26/11/2021 22:00,0.91880864,0.625706465,0.794787028,0.954389731,0.993297434,0.804951475
26/11/2021 23:00,0.75669814,0.509984692,0.646094905,0.70519479,0.877578964,0.635038865
27/11/2021 00:00,0.594472751,0.385031926,0.488692756,0.587358401,0.615795316,0.498280712
27/11/2021 01:00,0.461821395,0.311770009,0.395169985,0.433447955,0.498281044,0.40373274
27/11/2021 02:00,0.400894277,0.297,0.343659339,0.383082638,0.433243442,0.351128083
27/11/2021 03:00,0.386633536,0.297,0.322350442,0.369565803,0.561029715,0.404776247
27/11/2021 04:00,0.369771238,0.297,0.324681919,0.361997334,0.409352419,0.331828787
27/11/2021 05:00,0.431029127,0.297,0.447839521,0.400799035,0.453001235,0.367092711
27/11/2021 06:00,0.673569708,0.39692742,0.503621872,0.636948314,0.793912841,0.514217812
27/11/2021 07:00,0.686779639,0.466454164,0.595474799,0.688122136,0.750782335,0.608444075
27/11/2021 08:00,0.685238106,0.427438024,0.542294011,0.604422948,0.606318332,0.553913037
27/11/2021 09:00,0.707279554,0.477867116,0.532786882,0.673867642,0.763827068,0.473881661
27/11/2021 10:00,0.740787884,0.500686887,0.635678797,0.890207003,0.800736859,0.660051702
27/11/2021 11:00,0.891750702,0.518886147,0.675012235,0.756936499,0.964308991,0.689742719
27/11/2021 12:00,0.857002525,0.579298942,0.734998478,1.001532854,0.926771905,0.750844314
27/11/2021 13:00,0.84509823,0.571251057,0.724740921,0.807811372,0.913624216,0.631598796
27/11/2021 14:00,0.779856383,0.542148727,0.687839334,0.716257358,0.867060545,0.702684799
27/11/2021 15:00,0.771931489,0.521807901,0.662075017,0.77268148,0.844274431,0.818928486
27/11/2021 16:00,0.822378459,0.510098911,0.70526268,0.836008889,0.88859559,0.720867687
27/11/2021 17:00,0.969847216,0.661180311,0.839026206,0.934853633,1.057241358,0.889284359
27/11/2021 18:00,1.005078839,0.773338348,0.981089609,1.093505486,1.236758999,1.002267188
27/11/2021 19:00,1.31875,0.825417594,1.063125058,1.167288199,1.320135679,1.078476324
27/11/2021 20:00,1.259507576,0.849366227,1.081088553,1.085874143,1.31875,1.103521817
27/11/2021 21:00,1.171941628,0.792425559,1.006952048,1.120562291,1.267344655,1.027428174
27/11/2021 22:00,0.989743033,0.669009239,0.848794836,0.946181652,1.152666536,0.883230162
27/11/2021 23:00,0.816973059,0.552259796,0.59372413,0.780952061,0.883284679,0.715804878
28/11/2021 00:00,0.638058016,0.430543492,0.54717121,0.61061807,0.690596185,0.557640525
28/11/2021 01:00,0.516952346,0.485408846,0.440982042,0.493996162,0.56637813,0.452783673
28/11/2021 02:00,0.488830447,0.317620603,0.402991921,0.449146988,0.507996125,0.411782527
28/11/2021 03:00,0.455959092,0.307997363,0.39075763,0.384338629,0.493519881,0.399171426
28/11/2021 04:00,0.297,0.300478688,0.381737603,0.297,0.582695598,0.38980789
28/11/2021 05:00,0.644090282,0.326981424,0.484970455,0.459717281,0.461863732,0.421375708
28/11/2021 06:00,0.638931117,0.438182085,0.556613554,0.642855106,0.666786831,0.568217311
28/11/2021 07:00,0.761123512,0.52070775,0.853354042,0.732602547,0.99508784,0.666792983
28/11/2021 08:00,0.675854299,0.45290218,0.574171738,0.639914785,0.723182544,0.587041526
28/11/2021 09:00,0.765431811,0.568193998,0.485351758,0.707955241,0.797882547,0.640742334
28/11/2021 10:00,0.772514808,0.522126877,0.662585185,0.738430064,0.835162856,0.676819389
28/11/2021 11:00,0.824903343,0.557578443,0.707412858,0.788479442,0.818733049,0.722682852
28/11/2021 12:00,0.890954875,0.567037813,0.817641581,0.851611944,0.819392019,0.780566661
28/11/2021 13:00,0.876894795,0.59264513,0.751906981,0.842145542,0.947591941,0.768149392
28/11/2021 14:00,0.831885274,0.562318672,0.71123583,0.796421816,0.89415811,0.738620392
28/11/2021 15:00,0.788043336,0.541761253,0.68596064,0.764935355,0.864993245,0.701097576
28/11/2021 16:00,1.080063397,0.357554656,0.727044376,0.801173638,0.865701307,0.742726951
28/11/2021 17:00,0.98453745,0.665189644,0.847182642,0.941228904,1.287444259,0.851997516
28/11/2021 18:00,1.14457531,0.773640541,0.981528372,1.09388182,1.237290947,1.002579784
28/11/2021 19:00,1.194175871,0.807191852,1.081334641,1.132022351,1.31875,1.046110781
28/11/2021 20:00,1.229845178,0.831310323,1.054721785,1.175450109,1.329533198,1.077402551
28/11/2021 21:00,1.255904855,0.950822935,0.987941794,1.084894948,1.233176717,0.99937801
28/11/2021 22:00,0.95560148,0.649820746,0.61270594,0.91313954,1.033053536,0.796931028
28/11/2021 23:00,0.783023875,0.548027937,0.632043483,0.748033643,0.846577847,0.686032524
29/11/2021 00:00,0.605039851,0.408970333,0.518846531,0.677517448,0.653989151,0.530165619
29/11/2021 01:00,0.533447549,0.320680291,0.407058458,0.453295357,0.511235122,0.415466584
29/11/2021 02:00,0.385190388,0.297,0.346569737,0.418455944,0.53068484,0.354428403
29/11/2021 03:00,0.388481293,0.297,0.333101894,0.371243376,0.419985787,0.340203788
29/11/2021 04:00,0.372917936,0.297,0.319904561,0.356513237,0.403148655,0.326716263
29/11/2021 05:00,0.418565027,0.297,0.361007692,0.400833927,0.457813031,0.367535872
29/11/2021 06:00,0.491298396,0.330953847,0.421325902,0.467767102,0.530580792,0.430494001
29/11/2021 07:00,0.692965431,0.699899651,0.771209792,0.75476876,0.815971859,0.606493088
29/11/2021 08:00,0.598125106,0.404225523,0.674283194,0.555236881,0.646603702,0.52401525
29/11/2021 09:00,0.559475089,0.417614827,0.641936027,0.59168658,0.669026207,0.54230148
29/11/2021 10:00,0.576080859,0.454353809,0.576399227,0.642494963,0.726659489,0.738432559
29/11/2021 11:00,0.744202983,0.510656802,0.647290124,0.707767712,0.722913896,0.661420186
29/11/2021 12:00,0.820858379,0.548339563,0.703990046,0.784636754,0.887394764,0.774931203
29/11/2021 13:00,0.806713568,0.653703627,0.691298301,0.771089674,0.872076727,0.706751512
29/11/2021 14:00,0.761864391,0.364886785,0.653441584,0.827396671,0.823593547,0.667443365
29/11/2021 15:00,0.729927947,0.480040063,0.625980353,0.747958932,0.789096001,0.639847277
29/11/2021 16:00,0.778251944,0.527119675,0.665132766,0.743974088,0.901095221,0.681826972
29/11/2021 17:00,0.916241421,0.619913599,0.785775097,0.875937194,0.989544182,0.802719552
29/11/2021 18:00,1.078997454,0.727602592,0.925714257,1.03105296,1.092540736,0.945309602
29/11/2021 19:00,1.154321219,0.780245562,0.98624869,1.103459791,1.248301984,1.208562531
29/11/2021 20:00,1.192065362,0.928038228,1.022319276,1.17139957,1.2625,1.08916469
29/11/2021 21:00,1.104584145,0.746624925,0.944927493,1.055822669,1.19410182,0.96759879
29/11/2021 22:00,0.898820955,0.627700218,0.735905094,0.869120351,1.02513544,0.813558712
29/11/2021 23:00,0.726585899,0.499172695,0.805589914,0.657853751,0.79834295,0.783909593
30/11/2021 00:00,0.569271673,0.385008606,0.488461262,0.544997804,0.585717565,0.499018305
30/11/2021 01:00,0.441065833,0.323721341,0.363655579,0.421516549,0.549234529,0.385164177
30/11/2021 02:00,0.418554605,0.297,0.343545538,0.382913538,0.453870147,0.350972041
30/11/2021 03:00,0.41386423,0.297,0.331336351,0.369281207,0.418063029,0.338469056
30/11/2021 04:00,0.446498494,0.297,0.297,0.348216236,0.402278491,0.3159045
30/11/2021 05:00,0.568537879,0.297,0.357614746,0.573754042,0.398568538,0.366252638
30/11/2021 06:00,0.490297905,0.297,0.420636026,0.46883724,0.521300357,0.652891018
30/11/2021 07:00,0.608290943,0.467652205,0.59331786,0.661296581,0.74771333,0.709461528
30/11/2021 08:00,0.599929936,0.358866302,0.535026799,0.573515174,0.711854573,0.525301023
30/11/2021 09:00,0.615838404,0.416432899,0.530139214,0.517373315,0.668281077,0.541666079
30/11/2021 10:00,0.67153123,0.453899983,0.575883368,0.647663522,0.725542255,0.627785603
30/11/2021 11:00,0.723910027,0.557903186,0.482008913,0.619963883,0.821561919,0.755805159
30/11/2021 12:00,0.795452421,0.537675454,0.682161111,0.760293626,0.859944059,0.696875535
30/11/2021 13:00,0.809701095,0.527599311,0.694195061,0.773753613,0.875356268,0.675796328
30/11/2021 14:00,0.762020184,0.515037424,0.816651975,0.57430484,0.80793779,0.699728033
30/11/2021 15:00,0.81780103,0.552800178,0.70135946,0.777924993,0.88408027,0.710023729
30/11/2021 16:00,0.886091889,0.598416821,0.769086195,0.846809388,0.956239602,0.77557798
30/11/2021 17:00,1.050160896,0.622899249,0.900607355,1.003829443,1.135161604,0.920392134
30/11/2021 18:00,1.214297471,0.820860414,1.041452101,1.160745913,1.312613517,1.13731952
30/11/2021 19:00,1.292347319,0.823522256,1.10827624,1.133099886,1.397268488,1.132232191
30/11/2021 20:00,1.210184151,0.864115299,1.133755795,1.2625,1.2625,1.070883819
30/11/2021 21:00,1.2625,0.977810303,1.0704089,1.209534409,1.374102774,1.109925094
30/11/2021 22:00,1.024283798,0.742531709,0.929386922,1.038260099,1.171517628,0.949487032
30/11/2021 23:00,0.936004113,0.631247546,0.800580221,0.892307293,1.02981041,0.817863711
01/12/2021 00:00,0.840524357,0.511828617,0.649508761,0.633069519,0.818750973,0.663424647
01/12/2021 01:00,0.586162421,0.377869168,0.504170252,0.56243611,0.858794733,0.480420115
01/12/2021 02:00,0.533854261,0.381524645,0.681174005,0.53948663,0.540074677,0.494393913
01/12/2021 03:00,0.541905822,0.366284679,0.378318131,0.568819189,0.586699364,0.47466551
01/12/2021 04:00,0.523772796,0.354045226,0.448065898,0.50065001,0.566222808,0.458686478
01/12/2021 05:00,0.561354222,0.381324738,0.525316494,0.499745627,0.565965343,0.45887826
01/12/2021 06:00,0.690799216,0.463399137,0.587933105,0.65537906,0.741399778,0.60060971
01/12/2021 07:00,0.85530866,0.560556467,0.676273219,0.817550154,0.924629278,0.692276315
01/12/2021 08:00,0.797726472,0.539234108,0.668265724,0.762514669,0.863985586,0.699528086
01/12/2021 09:00,0.813073081,0.549062192,0.697160432,0.777354115,0.879028205,0.685124602
01/12/2021 10:00,0.867188517,0.593082504,0.742783808,0.827345448,0.937655982,0.758814444
01/12/2021 11:00,1.056144021,0.661149696,0.745244343,0.830425307,0.939322137,0.588553202
01/12/2021 12:00,1.002563212,0.648952176,0.823338631,0.917688231,1.037882024,0.841012636
01/12/2021 13:00,0.981576118,0.623476598,0.749011385,0.952635759,1.077716005,0.903454447
01/12/2021 14:00,0.935315044,0.632202032,0.802066414,0.894035309,1.01111305,0.819417453
01/12/2021 15:00,0.93931247,0.695323505,0.805834879,0.896642091,1.101211913,0.756501941
01/12/2021 16:00,1.010990351,0.683367295,0.806044221,0.951798106,1.104239001,0.885767879
01/12/2021 17:00,1.188899719,0.803655457,1.028841729,1.108460943,1.279888213,1.04130328
01/12/2021 18:00,1.302426157,0.904047257,1.153406844,1.261988091,1.447576373,1.194143611
01/12/2021 19:00,1.422705107,0.961638582,1.237365064,1.359902177,1.537976827,1.246457966
01/12/2021 20:00,1.435708947,0.970470823,1.231788886,1.374462421,1.552089323,1.217440126
01/12/2021 21:00,1.395586349,0.967660474,1.272985675,1.333979103,1.478668615,1.222653532
01/12/2021 22:00,1.192756344,0.810148313,1.02801198,1.145677571,1.296157417,1.040059938
01/12/2021 23:00,0.968073744,0.601303173,0.836639343,0.931732731,1.053799984,0.854010191
02/12/2021 00:00,0.684114994,0.570663129,0.668438698,0.744385039,0.841714512,0.682416576
02/12/2021 01:00,0.643369688,0.382364281,0.519891754,0.67450077,0.648595107,0.531114303
02/12/2021 02:00,0.55208345,0.380792111,0.386439503,0.482399254,0.596825729,0.483685391
02/12/2021 03:00,0.520961843,0.352177673,0.495269469,0.662615071,0.420177283,0.456252038
02/12/2021 04:00,0.509600528,0.343585673,0.382220126,0.48567725,0.547675598,0.445295437
02/12/2021 05:00,0.488880169,0.412261031,0.535606155,0.58367929,0.660158529,0.534909899
02/12/2021 06:00,0.700303231,0.473431428,0.600168734,0.66946629,0.75709607,0.613557696
02/12/2021 07:00,0.852609068,0.575899957,0.730814122,0.699930685,0.910744469,0.844987242
02/12/2021 08:00,0.812773238,0.550093513,0.696782614,0.800220861,0.87719989,0.711744886
02/12/2021 09:00,0.828770465,0.559951045,0.70989161,0.79120376,0.894159262,0.725178063
02/12/2021 10:00,0.862984103,0.595294172,0.933729968,0.976088025,0.952123917,0.821652719
02/12/2021 11:00,0.884203244,0.597791077,0.793292311,0.864777267,1.05063063,0.798836721
02/12/2021 12:00,0.95578157,0.650295485,0.824999773,0.836141516,1.229046594,0.842891503
02/12/2021 13:00,1.035888328,0.907040266,0.884363696,0.903488428,1.10507406,0.895561387
02/12/2021 14:00,0.931837969,0.558400744,0.86954346,0.908002853,1.011156615,0.832240341
02/12/2021 15:00,0.976150488,0.659805769,0.836823413,0.937441001,1.194022565,0.855387234
02/12/2021 16:00,1.061086536,0.717231776,0.908693575,1.07338701,1.117153026,0.929658879
02/12/2021 17:00,1.260267212,0.852736505,1.081973598,1.080912635,1.365418337,1.105367824
02/12/2021 18:00,1.411589266,0.954152632,1.210637118,1.349291285,1.526034761,1.236710106
02/12/2021 19:00,1.477753907,0.965716821,1.267300871,1.412439392,1.451276837,1.294656071
02/12/2021 20:00,1.417176626,0.996555731,1.216372207,1.40910425,1.569153628,1.291619718
02/12/2021 21:00,1.461405426,1.01571125,1.253316369,1.56625,1.56625,1.280337022
02/12/2021 22:00,1.250222207,0.845124759,1.070329579,1.194945855,1.350073501,1.095409169
02/12/2021 23:00,1.004962225,0.675310819,0.861844686,1.076163917,1.064987681,0.880536711
03/12/2021 00:00,0.776109787,0.524813432,0.665511961,0.752735419,0.839069886,0.680017888
03/12/2021 01:00,0.618180272,0.417842523,0.732032851,0.591216432,0.668281236,0.541229836
03/12/2021 02:00,0.5328686,0.360505849,0.457420811,0.43252828,0.569820416,0.467274264
03/12/2021 03:00,0.405163542,0.332693896,0.422097118,0.472004722,0.532084922,0.431131339
03/12/2021 04:00,0.465170746,0.314424394,0.398925713,0.42244318,0.502876357,0.401223787
03/12/2021 05:00,0.6289859,0.41235687,0.505160954,0.583205703,0.659459479,0.396123243
03/12/2021 06:00,0.796221599,0.463784506,0.579851707,0.656201038,0.742137974,0.601107659
03/12/2021 07:00,0.803695534,0.461116897,0.702683441,0.779819634,0.811973175,0.717921919
03/12/2021 08:00,0.798285394,0.539571346,0.683806674,0.692414414,0.862929172,0.699373464
03/12/2021 09:00,0.813556059,0.549973902,0.697740521,0.777744416,0.879571527,0.712814574
03/12/2021 10:00,0.866784398,0.567850054,0.743295634,0.828455389,0.957129707,0.919683563
03/12/2021 11:00,0.885579604,0.673944732,0.759475411,0.846543729,0.957368791,0.78777181
03/12/2021 12:00,0.963485971,0.651566589,0.826698491,0.992273486,1.043692394,0.844183044
03/12/2021 13:00,1.023622738,0.691895005,0.87782437,1.004744143,1.106082653,0.896788386
03/12/2021 14:00,0.948159316,0.6426509,0.947866821,0.870405384,1.028708469,0.833337123
03/12/2021 15:00,0.998265631,0.697028811,0.912665243,0.934310417,1.056716211,0.942909755
03/12/2021 16:00,1.062369723,0.71815689,0.943201461,1.036273177,1.148504524,0.930736396
03/12/2021 17:00,1.262937585,0.858614474,1.018401145,1.226705972,1.365257874,1.196087531
03/12/2021 18:00,1.412786501,0.954930466,1.238754322,1.350373485,1.517560501,1.254374145
03/12/2021 19:00,1.478751392,1.000890406,1.522311486,1.41517596,1.598610945,1.31845061
03/12/2021 20:00,1.475512095,1.177660483,1.265075677,1.246744724,1.56625,1.292383637
03/12/2021 21:00,1.460429938,0.865899138,1.179882261,1.397714072,1.580619558,1.087741158
03/12/2021 22:00,1.256695435,0.845470847,1.072706321,1.155020199,1.352205657,1.095839947
03/12/2021 23:00,1.005321658,0.897639951,0.946376097,0.960937522,1.122248058,0.897615919
04/12/2021 00:00,0.78507383,0.491522875,0.869531419,0.74483676,0.818278064,0.680576178
04/12/2021 01:00,0.618353629,0.570706003,0.67899055,0.590263136,0.708964048,0.541695001
04/12/2021 02:00,0.533419353,0.36084968,0.457456057,0.509874832,0.586892165,0.467329104
04/12/2021 03:00,0.467593497,0.391586054,0.422016435,0.470418594,0.532036245,0.431194752
04/12/2021 04:00,0.465025992,0.297,0.297,0.444438717,0.507910784,0.40742788
04/12/2021 05:00,0.588441667,0.420157528,0.480861185,0.581630712,0.657918584,0.533175181
04/12/2021 06:00,0.883506881,0.481651874,0.588166769,0.633720343,0.697842623,0.601385986
04/12/2021 07:00,0.819232672,0.579608656,0.702542659,0.783072727,0.854154402,0.717722005
04/12/2021 08:00,0.795593355,0.534484858,0.684400958,0.762809342,0.862743283,0.699176024
04/12/2021 09:00,0.812764079,0.549864007,0.697616257,0.777562504,0.886447011,0.71265492
04/12/2021 10:00,0.866647723,0.585802341,0.581617999,0.699593082,0.936876456,0.892633366
04/12/2021 11:00,0.837215475,0.598649567,0.759425596,0.846451869,0.957306211,0.775840423
04/12/2021 12:00,0.962669207,0.649151768,0.818050974,0.920936842,1.042727855,0.847096631
04/12/2021 13:00,1.020812088,0.76807743,0.877961006,0.975505295,1.286469763,0.896658864
04/12/2021 14:00,0.951819083,0.679793804,0.837551195,0.909764619,1.029003606,0.833892878
04/12/2021 15:00,0.977747334,0.531935464,0.838600084,0.771153451,1.057221709,0.856672318
04/12/2021 16:00,1.094504546,0.718453083,0.91139961,1.015907855,1.149021227,0.931201677
04/12/2021 17:00,1.3996582,0.854131989,1.083354544,1.199571087,1.366011148,0.885582267
04/12/2021 18:00,1.468486023,0.95546047,1.211856653,1.351107192,1.528102134,1.238387117
04/12/2021 19:00,1.343656697,1.07925,1.268943655,1.404035923,1.601212824,1.296331374
04/12/2021 20:00,1.476744947,0.999077194,1.265517948,1.409252561,1.596039397,1.29327473
04/12/2021 21:00,1.463236737,0.989019227,1.254863928,1.530782737,1.59058028,1.281922284
04/12/2021 22:00,1.252028695,0.846155779,1.098789812,1.19670685,1.353520569,1.096911763
04/12/2021 23:00,0.990747823,0.679645702,0.863300148,0.962160208,1.08819942,1.082024337
05/12/2021 00:00,0.779217068,0.535344543,0.667813471,0.743938757,0.551463068,0.674555069
05/12/2021 01:00,0.619924188,0.418979332,0.531568668,0.585989773,0.669313291,0.543041537
05/12/2021 02:00,0.533545956,0.297,0.484854137,0.436560621,0.576796048,0.467448781
05/12/2021 03:00,0.492272286,0.297,0.422113711,0.470525925,0.534791027,0.430521353
05/12/2021 04:00,0.361403073,0.314986332,0.397733918,0.443291593,0.501346569,0.406137098
05/12/2021 05:00,0.531055836,0.436198197,0.496451146,0.591474886,0.625912699,0.507270024
05/12/2021 06:00,0.684460109,0.462770824,0.586955097,0.654295074,0.739989084,0.59970231
05/12/2021 07:00,0.809786177,0.55284094,0.701424893,0.781807531,0.827467047,0.725353155
05/12/2021 08:00,0.796696281,0.538542996,0.699990765,0.761383305,1.021613285,0.697996799
05/12/2021 09:00,0.822466932,0.54891167,0.696418708,0.837868831,0.877881419,0.711400655
05/12/2021 10:00,0.865207302,0.569244367,0.742197632,0.827006307,0.935073396,0.758004882
05/12/2021 11:00,0.884176549,0.597689023,0.757972735,0.845080936,0.955773278,0.774905883
05/12/2021 12:00,0.96201175,0.661076685,1.05777717,0.921234414,1.039636645,0.859458947
05/12/2021 13:00,0.829004627,0.690687827,0.829460974,0.977096867,1.105081094,0.895368734
05/12/2021 14:00,0.950190374,0.642239717,0.808122666,0.908200898,1.02730017,0.832520638
05/12/2021 15:00,0.976210639,0.659880828,0.837204509,0.932887761,1.055288344,0.831177014
05/12/2021 16:00,1.061207747,0.794548543,0.910082065,1.014458452,1.147249473,0.929728085
05/12/2021 17:00,1.261631688,0.852926627,1.284016691,1.206122443,1.364106533,1.105495948
05/12/2021 18:00,1.413034135,0.987335296,1.21061768,1.349381198,1.526126623,1.236921046
05/12/2021 19:00,1.45401786,1.10006432,1.267479762,1.412554279,1.598204879,1.294598007
05/12/2021 20:00,1.474246322,0.996496072,1.264221122,1.314932326,1.58933474,1.190617995
05/12/2021 21:00,1.597339738,0.98773684,1.252886207,1.396765469,1.579704283,1.28249944
05/12/2021 22:00,1.250020763,0.844937929,1.167040282,1.195485285,1.351513715,1.095161844
05/12/2021 23:00,1.004474744,0.591469254,0.861494837,0.86039615,1.085980432,0.880322215
06/12/2021 00:00,0.776264448,0.557202197,0.665724509,0.742025386,0.8391435,0.68005071
06/12/2021 01:00,0.725693546,0.417839516,0.524879971,0.778096335,0.668391227,0.511613062
06/12/2021 02:00,0.531411613,0.360373253,0.475042169,0.509570754,0.576399193,0.483405403
06/12/2021 03:00,0.491921221,0.33060121,0.421821811,0.470163443,0.531429154,0.53277565
06/12/2021 04:00,0.37201546,0.314169687,0.401740763,0.396417797,0.502379562,0.402684715
06/12/2021 05:00,0.554962918,0.375058337,0.475936836,0.530476044,0.601046257,0.48772102
06/12/2021 06:00,0.685423052,0.463309593,0.587083943,0.65482574,0.741043162,0.687130005
06/12/2021 07:00,0.813547826,0.553386029,0.702162551,0.782618374,0.885142728,0.717330964
06/12/2021 08:00,0.797556281,0.539101962,0.683970348,0.872084963,0.860013216,0.698745996
06/12/2021 09:00,0.815068129,0.709658227,0.613673288,0.777369148,0.903591276,0.560871867
06/12/2021 10:00,0.978164052,0.585566971,0.742690745,0.827790943,0.936214044,0.758742998
06/12/2021 11:00,0.946141141,0.598158314,0.758355302,0.84527492,0.81039474,0.897626979
06/12/2021 12:00,0.963435382,0.650816419,0.825747229,0.920239017,1.040865564,0.843438722
06/12/2021 13:00,1.025035541,0.693763601,0.877365962,0.977865815,1.219538134,0.815575925
06/12/2021 14:00,0.950880153,0.587738102,0.817069924,0.878173375,1.027788784,0.867727617
06/12/2021 15:00,0.976981679,0.660431237,0.837904575,0.933904252,0.999476006,0.855553304
06/12/2021 16:00,1.06213198,0.641178784,0.910751383,1.01513976,1.148115911,0.931110183
06/12/2021 17:00,1.293496517,0.812762607,1.162569323,1.205967776,1.365016433,1.106228966
06/12/2021 18:00,1.412549374,0.954826119,1.212289345,1.365216413,1.439510513,1.237542753
06/12/2021 19:00,1.478668896,0.999459233,1.177621377,1.413394837,1.56625,1.295597603
06/12/2021 20:00,1.475174414,0.997135503,1.265097645,1.389782237,1.59829911,1.296966005
06/12/2021 21:00,1.462204914,0.978898199,1.238637349,1.357988035,1.583099397,1.304641538
06/12/2021 22:00,1.324662923,0.84556595,1.072802635,1.195725793,1.352416683,1.095793364
06/12/2021 23:00,0.862384755,0.671363485,0.964228148,0.891604233,1.087081969,1.135443094
07/12/2021 00:00,0.773674537,0.541537515,0.413947608,0.779727776,1.00352298,0.914554959
07/12/2021 01:00,0.618407904,0.418078884,0.530299702,0.596437157,0.674814872,0.541747148
07/12/2021 02:00,0.495151409,0.353653593,0.457199247,0.509890225,0.576643524,0.467332816
07/12/2021 03:00,0.492113893,0.323006429,0.422033489,0.469705618,0.595230988,0.430729847
07/12/2021 04:00,0.464894848,0.314450048,0.560178562,0.445295643,0.502889037,0.424452111
07/12/2021 05:00,0.524237124,0.354401293,0.375280886,0.501095026,0.566728738,0.459284077
07/12/2021 06:00,0.685883163,0.463461176,0.58783472,0.655400692,0.741517693,0.600721185
07/12/2021 07:00,0.819026868,0.553518359,0.702376626,1.048141327,0.922300213,0.727126383
07/12/2021 08:00,0.797777428,0.539261956,0.684178031,0.788903806,0.862453598,0.69890039
07/12/2021 09:00,0.813127415,0.6955957,0.697323981,0.775704672,0.810752519,0.713986153
07/12/2021 10:00,0.866771565,0.545645755,0.742838082,1.03795141,0.936432511,0.758903281
07/12/2021 11:00,1.004514623,0.593656581,0.758115779,0.846024463,0.95817938,0.887910459
07/12/2021 12:00,0.951303256,0.651386357,0.825854496,0.920475036,1.040986576,0.966601513
07/12/2021 13:00,1.02358556,0.691562107,0.877447989,0.982728464,1.150914059,0.918248756
07/12/2021 14:00,0.951100357,0.642939732,0.785710655,0.942203265,1.028109387,0.833220622
07/12/2021 15:00,0.975210664,0.660494324,0.83865364,1.152098933,1.055568799,0.856823835
07/12/2021 16:00,1.056337696,0.73310765,0.955657505,1.015087551,1.148038538,0.930502779
07/12/2021 17:00,1.343464279,0.853845291,1.068896014,1.174484196,1.383129739,1.106260819
07/12/2021 18:00,1.415333581,0.953684651,1.237262167,1.350218841,1.527096726,1.237575948
07/12/2021 19:00,1.478654014,0.999488094,1.313402553,1.459582288,1.598531176,1.295456995
07/12/2021 20:00,1.475140262,0.994131666,1.265369306,1.410016316,1.56625,1.292357971
07/12/2021 21:00,1.462156046,0.98834333,1.253923549,1.397894001,1.580601448,1.284457757
07/12/2021 22:00,1.229500502,0.845837256,1.072794012,1.195701786,1.454178944,1.095957302
07/12/2021 23:00,1.00548135,0.679644302,0.809949999,1.031743193,1.073628532,0.869614816
08/12/2021 00:00,0.665675614,0.524761796,0.633620562,0.74180522,0.839433942,0.680636721
08/12/2021 01:00,0.647467928,0.417985282,0.530399384,0.591081249,0.668449472,0.544945018
08/12/2021 02:00,0.662616935,0.359654858,0.457454627,0.482719921,0.482596452,0.429736247
08/12/2021 03:00,0.472618113,0.334769011,0.398853923,0.56634851,0.378458784,0.431148135
08/12/2021 04:00,0.465514121,0.314256169,0.398687218,0.449790958,0.509207905,0.387243151
08/12/2021 05:00,0.523990304,0.354235427,0.449369485,0.452316985,0.566467119,0.459020588
08/12/2021 06:00,0.685506003,0.463421542,0.587953575,0.659020846,0.741515264,0.600715735
08/12/2021 07:00,0.818940507,0.553550306,0.7027141,0.782784452,0.885317487,0.675407112
08/12/2021 08:00,0.740093949,0.539198749,0.638409788,0.78509636,0.929736879,0.701240086
08/12/2021 09:00,0.81303464,0.549509117,0.697286117,0.777143295,0.832107173,0.712284027
08/12/2021 10:00,0.866571315,0.57270336,0.733611365,0.827923696,0.936350718,0.756752319
08/12/2021 11:00,1.044121972,0.59822739,0.758952366,0.845954664,0.956756,0.775365438
08/12/2021 12:00,0.96290339,0.654820413,0.825768447,0.920380964,1.041111319,0.842055017
08/12/2021 13:00,1.023021764,0.69155593,0.879960089,0.977907028,1.105873902,0.898727384
08/12/2021 14:00,0.951102617,0.642826465,0.815690676,0.914795414,1.260943574,0.833262409
08/12/2021 15:00,0.98114359,0.702138575,0.837904269,0.933503337,1.056350702,0.856077919
08/12/2021 16:00,1.046159275,0.717743216,0.910784363,1.011413609,1.148006936,0.930450834
08/12/2021 17:00,1.243121973,0.851124635,1.082888061,1.206949877,1.427447721,1.072498149
08/12/2021 18:00,1.412498606,0.954842269,1.216681918,1.349274014,1.486351272,1.237582999
08/12/2021 19:00,1.496995295,0.999384318,1.349963302,1.413408922,1.524831102,1.295304245
08/12/2021 20:00,1.475064892,0.997054162,1.265529011,1.409817389,1.56625,1.28745225
08/12/2021 21:00,1.37581953,0.989063069,1.254009625,1.3976552,1.583878244,1.28190948
08/12/2021 22:00,1.293537876,0.846120819,1.070646353,1.155131178,1.238215178,0.986963776
08/12/2021 23:00,1.089227501,0.54370177,0.938013175,0.970144202,1.077455098,0.880939177
09/12/2021 00:00,0.776630693,0.626508558,0.687268886,0.742287323,0.943098977,0.680366971
09/12/2021 01:00,0.618449832,0.418146327,0.53157184,0.591025569,0.679411645,0.553115742
09/12/2021 02:00,0.533384425,0.362254484,0.457433709,0.509763042,0.687697062,0.498510408
09/12/2021 03:00,0.297,0.48228136,0.471310384,0.516269624,0.532945255,0.297
09/12/2021 04:00,0.465144448,0.30770131,0.390099911,0.444346325,0.502618497,0.34780677
09/12/2021 05:00,0.351247182,0.354858504,0.522732404,0.388376215,0.504440669,0.459016296
09/12/2021 06:00,0.68572032,0.44982036,0.611106325,0.655283823,0.729422568,0.603857109
09/12/2021 07:00,0.810019191,0.602067745,0.899565729,0.782792835,0.885225659,0.71747662
09/12/2021 08:00,0.777434667,0.545317301,0.678883821,0.766284767,0.757220973,0.720718651
09/12/2021 09:00,0.813025673,0.549587392,0.696943125,0.77693978,0.907093803,0.727410705
09/12/2021 10:00,0.850800119,0.586384828,0.746091543,0.827912909,1.029327497,0.694767056
09/12/2021 11:00,0.885912191,0.598239468,0.758998802,0.845956361,0.956767875,0.775247385
09/12/2021 12:00,1.124691463,0.650906146,0.825801596,0.920404618,1.042156171,0.843607322
09/12/2021 13:00,1.040123017,0.687792991,0.877377348,0.97793322,1.10606809,0.882285819
09/12/2021 14:00,0.950722893,0.642510218,0.817473703,0.908425709,1.028087744,0.749931787
09/12/2021 15:00,0.976997378,0.660452524,0.837977155,0.934057083,1.056277827,0.82081928
09/12/2021 16:00,1.142903094,0.715118762,1.011962764,1.025628284,1.132621878,0.932412342
09/12/2021 17:00,1.262339143,0.852423965,1.082939062,1.206665659,1.365126248,1.113606456
09/12/2021 18:00,1.410713435,0.954700493,1.212103327,1.350082861,1.523510976,1.389266518
09/12/2021 19:00,1.472763815,0.999449809,1.177166062,1.413315715,1.56625,1.337735312
09/12/2021 20:00,1.475047425,0.997053211,1.264998943,1.51887167,1.586892515,1.29228587
09/12/2021 21:00,1.46225803,1.021093343,1.25402347,1.397723417,1.580787523,1.407280248
09/12/2021 22:00,1.186984173,0.845630072,1.072885087,1.195820715,1.349799215,1.101827031
09/12/2021 23:00,1.006400495,0.67972839,0.863060293,0.961203178,1.085710988,0.88100253
10/12/2021 00:00,0.776646731,0.524858913,0.666291254,0.742490831,0.826966355,0.677603494
10/12/2021 01:00,0.618532256,0.412624869,0.654226018,0.630325029,0.825487793,0.541900803
10/12/2021 02:00,0.510780237,0.372136742,0.449177337,0.509951117,0.57682537,0.437323046
10/12/2021 03:00,0.537210354,0.342357147,0.422107123,0.470542336,0.532173964,0.636798804
10/12/2021 04:00,0.566404558,0.314434045,0.398786726,0.445002136,0.502664056,0.297936418
10/12/2021 05:00,0.524013642,0.353242027,0.446717626,0.477102157,0.53416974,0.297
10/12/2021 06:00,0.685661738,0.463466811,0.588015686,0.655484717,0.741239302,0.528105196
10/12/2021 07:00,0.819024893,0.55359233,0.702368613,0.791724876,0.896641179,0.71752849
10/12/2021 08:00,0.797751308,0.539246234,0.583270023,0.761237617,1.039593385,0.698912283
10/12/2021 09:00,0.924229968,0.447399835,0.696474589,0.904293369,0.896794044,0.712343528
10/12/2021 10:00,0.86618051,0.585498857,0.742814189,0.846015996,1.058671046,0.769975586
10/12/2021 11:00,0.88502267,0.598242408,0.759088854,0.845975527,1.190127084,0.878838214
10/12/2021 12:00,0.94734581,0.650882172,0.825779048,0.919430337,1.041034603,0.843682293
10/12/2021 13:00,1.023686204,0.691560278,1.109092742,0.977933216,1.09715969,0.896315942
10/12/2021 14:00,0.951087923,0.643499654,0.815859578,0.909201965,1.149699344,0.944123014
10/12/2021 15:00,0.977153683,0.630171863,0.837914955,0.934036311,1.05630425,0.855950755
10/12/2021 16:00,1.061725144,0.717639125,0.949754792,1.015148253,1.148130201,0.930442209
10/12/2021 17:00,1.262939567,0.853522221,1.083508531,1.207085557,1.365304286,0.967103053
10/12/2021 18:00,1.412134982,1.004005705,1.194850427,1.349800945,1.533929932,1.293027701
10/12/2021 19:00,1.483815776,0.99942208,1.260189032,1.413244382,1.56625,1.295365638
10/12/2021 20:00,1.56625,0.997040008,1.264994833,1.409901271,1.594467494,1.292269
10/12/2021 21:00,1.462686196,0.980665599,1.254658886,1.398114603,1.580121007,1.281518577
10/12/2021 22:00,1.252027853,0.84632379,1.074007416,1.199237589,1.353529129,1.096907142
10/12/2021 23:00,0.920281889,0.681111524,0.864174436,0.963155035,1.131761339,1.084688264
11/12/2021 00:00,0.78039462,0.297,0.669262123,0.745937658,0.843857867,0.683627591
11/12/2021 01:00,0.575192802,0.422311238,0.535931948,0.658330215,0.641560053,0.546914582
11/12/2021 02:00,0.54310619,0.367997596,0.465784083,0.519134461,0.588056666,0.53755213
11/12/2021 03:00,0.506049203,0.342735795,0.407385486,0.483710299,0.644641318,0.443700138
11/12/2021 04:00,0.48570842,0.297,0.41549271,0.463114617,0.43574744,0.424340802
11/12/2021 05:00,0.594865583,0.415905295,0.433771983,0.588330803,0.667728956,0.538732362
11/12/2021 06:00,0.785115232,0.530639055,0.623287818,0.750401781,0.7983466,0.687757694
11/12/2021 07:00,0.925609344,0.626083459,0.794329989,1.037615936,1.001314448,0.811269376
11/12/2021 08:00,0.878865229,0.616958234,0.783029066,0.873927053,1.166735001,0.799562682
11/12/2021 09:00,0.935604851,0.632372054,0.80234948,0.896868412,1.011341587,0.799626255
11/12/2021 10:00,0.996172434,0.67382722,0.854309046,0.95219726,1.054533402,0.87329879
11/12/2021 11:00,1.022745143,0.665092937,0.790108831,0.977566723,1.105614638,0.896638317
11/12/2021 12:00,1.107861285,0.749248455,0.914964909,1.193766868,1.20923248,1.044935488
11/12/2021 13:00,1.17670653,0.963688722,1.009529364,1.12478202,1.272087864,1.048984661
11/12/2021 14:00,1.129145497,0.75386442,0.956054652,1.06576026,1.21591686,0.976679112
11/12/2021 15:00,1.15506528,0.752782631,0.990575821,1.104082231,1.248777657,0.983977924
11/12/2021 16:00,1.251045666,0.8452231,1.072359298,1.149563132,1.351804469,1.095481445
11/12/2021 17:00,1.456997078,0.984857107,1.229047236,1.3926864,1.575112092,1.276446631
11/12/2021 18:00,1.5853719,1.086991491,1.33836125,1.537060662,1.738477206,1.408894109
11/12/2021 19:00,1.674965499,1.146737763,1.436419884,1.601013086,1.79875,1.467445754
11/12/2021 20:00,1.559164332,1.036954123,1.43327757,1.597489302,1.806741044,1.459169513
11/12/2021 21:00,1.630232747,1.107903092,1.405340505,1.639046141,1.771853903,1.435951597
11/12/2021 22:00,1.405259823,0.949901,1.024434763,1.351167297,1.519206894,1.231206059
11/12/2021 23:00,1.172739283,0.792694513,1.010733723,1.120962582,1.267791007,1.045443681
12/12/2021 00:00,1.153476991,0.70710637,0.894762268,0.896979039,1.128662179,0.914689307
12/12/2021 01:00,0.886965334,0.599436617,0.760725494,0.842790406,0.958932178,0.777127443
12/12/2021 02:00,0.729424615,0.489317927,0.625547076,0.697224564,0.737082202,0.760027136
12/12/2021 03:00,0.687941811,0.465247272,0.613137029,0.65759234,0.799496513,0.602726954
12/12/2021 04:00,0.66059995,0.446678109,0.566565068,0.631446581,0.714136487,0.578797415
12/12/2021 05:00,0.718188445,0.485070085,0.61816014,0.686226419,0.77604875,0.709731823
12/12/2021 06:00,0.838847447,0.514460724,0.7095403,0.836250623,0.945771287,0.766559848
12/12/2021 07:00,1.069701162,0.632312851,0.802289304,0.834937092,1.011316425,0.819225315
12/12/2021 08:00,0.909776214,0.614553753,0.779693189,0.869037019,1.096464803,0.983781202
12/12/2021 09:00,0.919558631,0.660657583,0.788644743,0.834920416,0.811925199,0.805561451
12/12/2021 10:00,0.911835569,0.654147821,0.829918869,1.125654122,1.046459152,0.867899323
12/12/2021 11:00,0.996105143,0.66351915,0.841753404,0.938298915,0.92189073,0.81940752
12/12/2021 12:00,1.054073848,0.712478858,0.903930714,1.00754283,1.140340195,1.189697814
12/12/2021 13:00,1.107882095,0.753675883,0.850682475,0.981713422,1.197163204,1.099453333
12/12/2021 14:00,0.943186991,0.645603075,0.766918005,1.062508819,1.032558816,0.836799126
12/12/2021 15:00,0.977156701,0.696813705,0.822309785,0.922691685,1.056401494,0.851139653
12/12/2021 16:00,1.070563385,0.671801704,0.909813491,1.020860501,1.085897935,0.929161673
12/12/2021 17:00,1.253869159,0.850042242,1.082066408,1.206068528,1.469974505,1.105287232
12/12/2021 18:00,1.416232588,0.953341828,1.212365238,1.397850142,1.54697875,1.236079247
12/12/2021 19:00,1.477555518,0.746803657,1.302083403,1.412342244,1.597341238,1.294634816
12/12/2021 20:00,1.583972883,1.07925,1.264170134,1.374350262,1.590000539,1.341833116
12/12/2021 21:00,1.461315031,0.987619544,1.228571944,1.39678647,1.663468156,1.336099483
12/12/2021 22:00,1.250219699,0.844935094,1.081457851,1.194977301,1.351035113,1.095741438
12/12/2021 23:00,1.004796979,0.679188225,0.858726562,1.028118146,1.086239322,0.880297043
13/12/2021 00:00,1.007626795,0.523553185,0.665426446,0.741940854,0.837152424,0.679795721
13/12/2021 01:00,0.617901211,0.430123919,0.529888625,0.486064373,0.667999635,0.541320051
13/12/2021 02:00,0.533373613,0.360532464,0.457430763,0.524822084,0.576596446,0.467323023
13/12/2021 03:00,0.491807846,0.332429468,0.421744527,0.470643859,0.566107228,0.430961252
13/12/2021 04:00,0.464966867,0.297,0.398750821,0.456803892,0.502685653,0.337030172
13/12/2021 05:00,0.524017239,0.363447512,0.451365236,0.500767621,0.566468016,0.457858434
13/12/2021 06:00,0.628078556,0.462445838,0.57866405,0.654888367,0.741256144,0.559539989
13/12/2021 07:00,0.82004184,0.417614271,0.702387264,0.782872148,0.885496204,0.621181526
13/12/2021 08:00,0.880051335,0.527657673,0.658804356,0.762573849,0.862273731,0.698913505
13/12/2021 09:00,0.813197926,0.549906163,0.730239823,0.777157133,0.879044876,0.75041566
13/12/2021 10:00,0.88233193,0.585922114,0.742990235,0.827986814,0.944857589,0.758902258
13/12/2021 11:00,0.885108122,0.598291558,0.759042822,0.846100395,0.957062944,0.775428544
13/12/2021 12:00,0.962989912,0.651095711,0.855888976,0.908932719,1.041015589,0.843663625
13/12/2021 13:00,1.023153112,0.826245314,0.877435958,0.930012934,1.06589166,0.896601974
13/12/2021 14:00,0.859259797,0.544867899,0.815727517,0.909183266,1.028165801,0.833372152
13/12/2021 15:00,1.014130052,0.659511333,0.83796095,0.794051021,1.056311456,0.855523505
13/12/2021 16:00,1.087920652,1.010045448,0.910268779,0.96140988,1.159473984,0.754336105
13/12/2021 17:00,1.262665147,1.082639666,1.08286154,1.207070476,1.365020956,1.062085076
13/12/2021 18:00,1.41223786,0.963749176,1.211074014,1.349840488,1.526652102,1.237101088
13/12/2021 19:00,1.478588856,0.999661156,1.267860629,1.322597279,1.578316405,1.381871138
13/12/2021 20:00,1.352639981,0.996943883,1.264963097,1.410037012,1.56625,1.183032009
13/12/2021 21:00,1.466703601,0.988186764,1.324420891,1.370101724,1.564211523,1.280835739
13/12/2021 22:00,1.15464534,0.896490615,1.057033554,1.195509002,1.352118304,1.0957149
13/12/2021 23:00,1.005280326,0.529603712,0.929795661,0.960915749,1.086783757,0.88000386
14/12/2021 00:00,0.821281971,0.524771776,0.830371448,0.742074754,0.838783319,0.680195378
14/12/2021 01:00,0.618225379,0.417906912,0.530176671,0.584538881,0.649831688,0.541622685
14/12/2021 02:00,0.530510844,0.360640777,0.457473409,0.50988967,0.576669546,0.47495775
14/12/2021 03:00,0.613323852,0.332546177,0.441750537,0.475175955,0.53173053,0.430996603
14/12/2021 04:00,0.485765034,0.316955081,0.398584228,0.465270662,0.500339506,0.408045876
14/12/2021 05:00,0.503491906,0.354179268,0.449355652,0.561754833,0.566444007,0.462627773
14/12/2021 06:00,0.685726784,0.459050014,0.568377494,0.655360804,0.741144399,0.600685064
14/12/2021 07:00,0.839318565,0.553598025,0.70267236,0.782791601,0.885370417,0.694517861
14/12/2021 08:00,0.799749487,0.539234031,0.766074905,0.762528596,0.861373344,0.646491724
14/12/2021 09:00,0.813426408,0.537132021,0.697251712,0.777438303,0.879007809,0.71758335
14/12/2021 10:00,0.866149292,0.585497757,0.742822699,0.978747752,0.936393246,0.655625935
14/12/2021 11:00,0.88504161,0.598272545,0.612123918,0.846052393,0.993955638,0.775577939
14/12/2021 12:00,0.962542859,0.6509081,0.825836371,0.920446462,1.041010495,0.828300073
14/12/2021 13:00,1.02309108,0.69168328,0.877396728,0.97796367,1.09220789,0.89066769
14/12/2021 14:00,0.951172877,0.643005199,0.815797544,0.906256177,1.209165486,0.810283168
14/12/2021 15:00,0.965550432,0.634520444,0.810752019,0.934022407,1.064232866,0.856064566
14/12/2021 16:00,1.062079496,0.687041485,1.146469948,0.797706499,1.148169562,1.075207839
14/12/2021 17:00,1.262682914,0.853414218,1.107187399,1.206952882,1.365282929,1.106167753
14/12/2021 18:00,1.412558279,0.954419829,1.213298365,1.350579004,1.527053104,1.237859151
14/12/2021 19:00,1.478960207,0.996547637,1.270209778,1.413489449,1.56625,1.295649548
14/12/2021 20:00,1.468569868,0.99761059,1.265043232,1.41000603,1.594657264,1.367987772
14/12/2021 21:00,1.462072778,0.988280936,1.299173102,1.397515869,1.587668859,1.281058503
14/12/2021 22:00,1.250835904,0.845509323,1.072704074,1.330267947,1.331627225,1.095855355
14/12/2021 23:00,0.969360537,0.653375538,0.936891539,0.96098265,1.086869799,0.880906321
15/12/2021 00:00,0.776494896,0.52483371,0.665872263,0.469052315,0.825303366,0.680801987
15/12/2021 01:00,0.587071799,0.483035285,0.530399579,0.701275574,0.668574078,0.541840228
15/12/2021 02:00,0.559006592,0.360549654,0.455961641,0.5188616,0.603083336,0.467407713
15/12/2021 03:00,0.492585507,0.297,0.421971068,0.470354361,0.548067108,0.431093056
15/12/2021 04:00,0.456753349,0.37131342,0.39871269,0.444554755,0.424561325,0.407007003
15/12/2021 05:00,0.524189982,0.354170567,0.450137651,0.50081277,0.565823626,0.436008574
15/12/2021 06:00,0.680551517,0.462803451,0.58798289,0.778222087,0.802923968,0.591025981
15/12/2021 07:00,0.729361813,0.667172052,0.699757232,0.782882055,0.885176847,0.715061835
15/12/2021 08:00,0.795353567,0.53922335,0.684161966,0.762435588,0.943143407,0.698883703
15/12/2021 09:00,0.857467743,0.549589792,0.521133539,0.778177417,0.878975696,0.712291806
15/12/2021 10:00,0.866171213,0.5915999,0.74279809,0.828302932,0.929848446,0.86484586
15/12/2021 11:00,0.885061919,0.598278346,0.758667607,0.754975522,0.956789894,0.77540523
15/12/2021 12:00,0.966143925,0.680422173,0.825805855,0.818227613,1.052432287,0.829974875
15/12/2021 13:00,1.022774965,0.595204504,0.865584139,0.978019603,1.106069148,0.896365555
15/12/2021 14:00,0.951128083,0.636211717,0.81573349,0.909152384,1.052535923,0.83329086
15/12/2021 15:00,0.977093899,0.66047853,0.837951258,0.933966062,1.056302325,0.856063557
15/12/2021 16:00,1.062066434,0.717812007,0.910808561,1.01518157,1.132262204,0.929886178
15/12/2021 17:00,1.262558341,0.800645544,1.147671397,1.18960509,1.365023733,1.106213694
15/12/2021 18:00,1.310192766,0.963550013,1.211403899,1.383294849,1.56625,1.24693527
15/12/2021 19:00,1.48009032,0.999313972,1.270363256,1.539929063,1.597610138,1.312177394
15/12/2021 20:00,1.520010649,0.997342409,1.265503252,1.431771982,1.589165512,1.274300998
15/12/2021 21:00,1.461991045,0.988326819,1.253903772,1.397569434,1.573746999,1.280973147
15/12/2021 22:00,1.241465277,0.84554663,1.072832973,1.110894704,1.351782661,1.095908643
15/12/2021 23:00,1.023412494,0.762327164,0.862241706,0.961067018,1.086943632,0.880861613
16/12/2021 00:00,0.776458345,0.625177388,0.665926506,0.600252569,0.839462504,0.680296589
16/12/2021 01:00,0.618080029,0.418003204,0.651663719,0.591092728,0.673107932,0.541795893
16/12/2021 02:00,0.528211679,0.360545757,0.680614089,0.509829051,0.576873289,0.467342547
16/12/2021 03:00,0.435532211,0.32685555,0.404453451,0.459237136,0.53237536,0.431149809
16/12/2021 04:00,0.465172925,0.313579855,0.504808675,0.384245654,0.502629346,0.40734321
16/12/2021 05:00,0.524962794,0.354157209,0.451362984,0.498881078,0.56639504,0.41184004
16/12/2021 06:00,0.685543509,0.425651526,0.587970772,0.629626521,0.741192223,0.600690801
16/12/2021 07:00,0.813497061,0.553684084,0.702327039,0.781650052,0.885329409,0.717498037
16/12/2021 08:00,0.797699348,0.466607567,0.684111269,0.925445775,0.862320773,0.59598662
16/12/2021 09:00,0.813409428,0.549349526,0.697397292,0.77716189,0.879028352,0.712316296
16/12/2021 10:00,0.767914009,0.694798826,0.742817744,0.914469062,0.921011009,0.688409932
16/12/2021 11:00,0.862537998,0.598191931,0.758062115,0.846044744,0.955244994,0.77458881
16/12/2021 12:00,0.979070935,0.650889623,0.845623165,0.95893688,1.040983887,0.843619914
16/12/2021 13:00,1.056019496,0.691178428,0.877408058,0.977987059,1.106059378,0.89288827
16/12/2021 14:00,0.951579692,0.642901672,0.815697154,0.909280085,1.021690686,0.833282768
16/12/2021 15:00,0.977101104,0.660525037,0.837933822,0.933952515,1.056310102,0.85600181
16/12/2021 16:00,1.062049205,0.69641712,0.910804764,0.976421351,1.148145029,0.930539331
16/12/2021 17:00,1.211825684,0.85356167,1.082977639,1.332462726,1.324544535,1.106340367
16/12/2021 18:00,1.414241555,0.954711971,1.206193923,1.368353156,1.526878006,1.23740665
16/12/2021 19:00,1.458304507,0.965326452,1.269312706,1.389330061,1.56625,1.29541165
16/12/2021 20:00,1.475044436,1.101110155,1.265582296,1.409981017,1.594612934,1.292308368
16/12/2021 21:00,1.462212993,0.988403535,1.310450528,1.556803419,1.529572429,1.281076922
16/12/2021 22:00,1.275314415,0.845614431,1.070033188,1.418879518,1.35840455,1.09585678
16/12/2021 23:00,1.005557727,0.67971906,0.86228623,0.860385037,1.087606925,0.880996829
17/12/2021 00:00,0.509706669,0.452220043,0.666043859,0.741115878,0.839606388,0.624020747
17/12/2021 01:00,0.618565573,0.418088519,0.530438398,0.591183532,0.669604412,0.610690859
17/12/2021 02:00,0.53346387,0.360598219,0.41130059,0.526160615,0.576000796,0.468817457
17/12/2021 03:00,0.508785697,0.332624047,0.422111791,0.476543968,0.532042402,0.431351463
17/12/2021 04:00,0.465008566,0.314294079,0.297,0.460356213,0.612432891,0.407397075
17/12/2021 05:00,0.524030201,0.354178333,0.449405613,0.616436638,0.576277804,0.459079387
17/12/2021 06:00,0.684646983,0.463396842,0.516800591,0.655354981,0.620722082,0.581574061
17/12/2021 07:00,0.819001052,0.556605871,0.702359497,0.673585607,0.885388631,0.717505731
17/12/2021 08:00,0.798109663,0.539231074,0.684150336,0.762546106,0.862415996,0.698945939
17/12/2021 09:00,0.813097366,0.491458474,0.697374031,0.684275277,0.878992096,0.71242764
17/12/2021 10:00,0.853369804,0.585465894,0.769655891,0.827928534,1.089120534,0.758857822
17/12/2021 11:00,0.886054261,0.598703339,0.758867408,1.034647823,0.95678815,0.681656113
17/12/2021 12:00,1.06561848,0.650888873,0.849768377,0.921564667,0.880408224,0.843459682
17/12/2021 13:00,1.022912848,0.819314702,0.877369882,0.977941442,1.099504886,0.927344274
17/12/2021 14:00,0.901953952,0.642996137,0.741551736,0.898113793,1.106208537,0.833710536
17/12/2021 15:00,0.977086583,0.6604482,0.852919873,0.885978785,1.056300949,0.856535612
17/12/2021 16:00,1.060804043,0.717883152,0.913853698,0.965299239,1.280261262,0.930408043
17/12/2021 17:00,1.262892884,0.853646906,1.083159803,1.204482084,1.416107568,1.10640774
17/12/2021 18:00,1.412147166,1.003042421,1.211042454,1.349808344,1.527071478,1.237170984
17/12/2021 19:00,1.478894589,1.001201605,1.24951373,1.4214628,1.598395302,1.334210069
17/12/2021 20:00,1.475406621,0.997049441,1.26496525,1.40991203,1.56625,1.293818703
17/12/2021 21:00,1.462660853,0.971817548,1.167957695,1.383915797,1.606827482,1.28103936
17/12/2021 22:00,1.251241216,0.846328564,1.097302732,1.172012725,1.353954745,1.097002524
17/12/2021 23:00,1.007640434,0.681068153,0.864158017,0.963140649,0.996583626,0.882752054
18/12/2021 00:00,0.78036365,0.527512991,0.669261488,0.745832046,0.856503565,0.684216278
18/12/2021 01:00,0.624806965,0.422253736,0.53571995,0.500546184,0.67536421,0.547282096
18/12/2021 02:00,0.543211254,0.367132717,0.465770924,0.476633208,0.698013847,0.453651578
18/12/2021 03:00,0.505919412,0.342172913,0.43403845,0.494014112,0.547086312,0.443347605
18/12/2021 04:00,0.484537049,0.300822881,0.415597909,0.451778941,0.523810565,0.424374571
18/12/2021 05:00,0.615135984,0.415797026,0.52114363,0.587977767,0.799907391,0.54402971
18/12/2021 06:00,0.785039505,0.53131973,0.649250075,0.750564669,0.867934769,0.687778797
18/12/2021 07:00,0.926254279,0.62618307,0.794344491,0.882567705,1.001366015,0.820281638
18/12/2021 08:00,0.942054434,0.616825788,0.782678621,0.872383343,0.928564246,0.797822678
18/12/2021 09:00,0.935712925,0.613238938,0.664563722,0.977209248,1.011350445,0.819631784
18/12/2021 10:00,0.996172315,0.673390009,0.854838506,0.952830767,0.922835603,0.872945265
18/12/2021 11:00,1.047029937,0.691288514,0.877111702,0.977569417,1.105432333,0.904616011
18/12/2021 12:00,1.108331631,0.749242439,1.212611944,1.059506238,1.19829959,0.986276542
18/12/2021 13:00,1.176717053,0.984052975,1.009063849,1.12475615,1.306873317,1.030892693
18/12/2021 14:00,1.112827007,0.753633335,0.950219138,1.065715954,1.205303348,0.976791433
18/12/2021 15:00,1.148618,0.780814726,1.012490141,1.1466496,1.248601349,0.99246264
18/12/2021 16:00,1.250545545,0.8452283,1.089762905,1.195244789,1.35183094,1.083957097
18/12/2021 17:00,1.456919545,1.009660531,1.248118359,1.392695605,1.575113414,1.276493934
18/12/2021 18:00,1.607582144,1.076705691,1.412025107,1.537140586,1.738433549,1.431116524
18/12/2021 19:00,1.674953477,1.05856445,1.33660665,1.603176022,1.79875,1.461645877
18/12/2021 20:00,1.671256296,1.130092063,1.330360324,1.597484145,1.668985821,1.573516818
18/12/2021 21:00,1.639033412,1.258699775,1.405624194,1.566618988,1.801709748,1.436058352
18/12/2021 22:00,1.290842308,0.949894426,1.436849789,1.344278005,1.519180279,1.231115609
18/12/2021 23:00,1.172775338,0.76880365,1.048276766,1.183479162,1.267817779,1.027433339
19/12/2021 00:00,0.987269839,0.706039913,0.895366752,0.998047743,1.114393356,0.914661716
19/12/2021 01:00,0.879236006,0.669070737,0.760716335,0.84492379,0.95896052,0.734393211
19/12/2021 02:00,0.729008126,0.630081275,0.677157993,0.697219568,0.813436498,0.687543086
19/12/2021 03:00,0.631231984,0.465012277,0.666119081,0.656634814,0.657430956,0.602719501
19/12/2021 04:00,0.633236434,0.446695221,0.564212727,0.631484735,0.714244053,0.578820246
19/12/2021 05:00,0.717820393,0.48529982,0.615680307,0.747970948,0.776137971,0.628978461
19/12/2021 06:00,0.99591222,0.591158821,0.750295603,0.838304108,0.957415266,0.766480067
19/12/2021 07:00,0.935525024,0.369306217,0.802378065,0.894197582,1.011349379,0.830173694
19/12/2021 08:00,0.836389056,0.6145451,0.68838844,0.804412575,0.982873385,0.796528149
19/12/2021 09:00,0.904370663,0.612848758,0.799393152,0.878965648,1.0795039,0.805612975
19/12/2021 10:00,0.967743173,0.704082002,0.829612209,0.943073124,1.04620342,0.847836081
19/12/2021 11:00,1.075521407,0.663884038,0.831398829,0.93829088,1.061171562,0.880268069
19/12/2021 12:00,1.054061318,0.667813667,0.903944447,1.121354793,1.174697491,1.207842136
19/12/2021 13:00,1.10742592,0.752113188,1.20385659,1.058560767,1.197266879,0.970225246
19/12/2021 14:00,0.956987986,0.646028593,0.779601676,0.913235417,1.031894511,0.831624872
19/12/2021 15:00,1.13749891,0.660629731,0.838340531,0.959937288,1.166342119,0.865256155
19/12/2021 16:00,1.018712864,0.707099247,0.948491919,1.014078456,1.158020872,1.0397193
19/12/2021 17:00,1.148179399,0.852842437,1.082057013,1.206069515,1.36460885,1.105412227
19/12/2021 18:00,1.410808722,0.953708588,1.209984051,1.348838811,1.525270468,1.236128849
19/12/2021 19:00,1.4391519,1.07925,1.26719479,1.412357785,1.597337847,1.294485763
19/12/2021 20:00,1.474079765,0.99640232,1.264171332,1.408300544,1.79875,1.346753832
19/12/2021 21:00,1.461310051,0.987934595,1.253483304,1.39731276,1.579861426,1.280161771
19/12/2021 22:00,1.250172034,0.845043377,1.158597328,1.168080389,1.351540806,1.033315382
19/12/2021 23:00,1.004796222,0.679174753,0.827023357,0.960440353,1.09559048,0.880291684
20/12/2021 00:00,0.858315512,0.524477929,0.670469072,0.741703554,0.885834827,0.679801456
20/12/2021 01:00,0.617881917,0.417655162,0.524963953,0.664431408,0.66798321,0.541317654
20/12/2021 02:00,0.533372455,0.360476258,0.457418241,0.50942787,0.576597877,0.467281124
20/12/2021 03:00,0.45000046,0.332064452,0.421757977,0.464872968,0.533587464,0.430913873
20/12/2021 04:00,0.719122889,0.311313358,0.3990555,0.444449206,0.504085288,0.415698889
20/12/2021 05:00,0.523995324,0.354182249,0.449372739,0.502194533,0.566469403,0.458975727
20/12/2021 06:00,0.685672436,0.463493687,0.487154658,0.655405815,0.741387543,0.600642173
20/12/2021 07:00,0.819030712,0.559299315,0.650185295,0.782615578,0.937031826,0.912784445
20/12/2021 08:00,0.797804299,0.565324975,0.684329552,0.762574141,0.840073087,0.698947863
20/12/2021 09:00,0.693932363,0.456844711,0.697319859,0.774988303,0.879643057,0.718382303
20/12/2021 10:00,0.866299509,0.585523618,0.742835148,0.844607078,0.936779289,0.758980123
20/12/2021 11:00,0.885044361,0.598250435,0.759058148,0.935927209,0.95331604,0.7754365
20/12/2021 12:00,0.970267555,0.650966523,0.814813719,1.021861071,0.860306958,0.843664313
20/12/2021 13:00,1.023093058,0.69159095,1.029307583,0.97798525,1.108010027,0.896411218
20/12/2021 14:00,1.006454367,0.642875111,0.814661411,0.761435481,1.028368987,0.80375945
20/12/2021 15:00,0.977112312,0.660495853,0.899170667,0.933974228,1.053219961,0.855956374
20/12/2021 16:00,1.062111858,0.718004965,0.929954321,1.015174926,1.148144754,0.903035853
20/12/2021 17:00,1.262673121,0.85349477,0.953248293,1.20692356,1.364923625,1.122256861
20/12/2021 18:00,1.412182404,0.95453662,1.211067909,1.424796405,1.526619007,1.237347946
20/12/2021 19:00,1.47859016,1.008272196,1.268019265,1.392847076,1.56625,1.256654995
20/12/2021 20:00,1.474187588,0.997088623,1.264988647,1.409946286,1.594615429,1.292293336
20/12/2021 21:00,1.480913669,0.988220452,1.253778737,1.397460738,1.530464927,1.280909117
20/12/2021 22:00,1.250736972,0.845432051,1.063695074,1.195524205,1.352122505,1.095772525
20/12/2021 23:00,1.005279375,0.67942857,0.861420026,1.005838212,1.087098734,0.880694666
21/12/2021 00:00,0.776348907,0.481234045,0.659392911,0.743529718,0.918658752,0.659694395
21/12/2021 01:00,0.618755794,0.418027332,0.530225945,0.636246385,0.829735552,0.541629764
21/12/2021 02:00,0.785290841,0.360094386,0.457465708,0.5699635,0.571241725,0.394595129
21/12/2021 03:00,0.491956916,0.330269088,0.420845231,0.569239859,0.53186752,0.430996425
21/12/2021 04:00,0.452218609,0.314300233,0.398747818,0.470511587,0.502881788,0.405255802
21/12/2021 05:00,0.523972736,0.353946369,0.449362515,0.500844314,0.56638139,0.459055024
21/12/2021 06:00,0.701629638,0.463456798,0.587920603,0.655316733,0.716246305,0.601521494
21/12/2021 07:00,0.818986346,0.501388655,0.641403345,0.782822328,0.885297951,0.717507381
21/12/2021 08:00,0.797761756,0.539234,0.682454384,0.762505333,0.86241927,0.699173746
21/12/2021 09:00,0.813102517,0.569613196,0.687943304,0.774836373,0.85596963,0.712333747
21/12/2021 10:00,0.866189063,0.585397195,0.719918592,0.82856451,0.908176895,0.758859862
21/12/2021 11:00,0.8846462,0.617507777,0.74856478,0.845676413,0.957363543,0.775411915
21/12/2021 12:00,0.965315007,0.715948931,0.825861282,0.922188498,1.038954634,0.84365213
21/12/2021 13:00,1.089422476,0.699076944,0.875198251,0.977972359,1.23998464,0.896843504
21/12/2021 14:00,0.951156067,0.642960574,0.839566502,0.910278848,1.037116954,0.827628574
21/12/2021 15:00,0.977113191,0.660456668,0.943427102,0.934014964,1.056438325,0.856052782
21/12/2021 16:00,1.062089176,0.718539226,0.896436034,1.094909484,1.148162536,0.925060344
21/12/2021 17:00,1.262739766,0.853504925,1.082869315,1.165151715,1.365020091,1.10623705
21/12/2021 18:00,1.412545797,1.031834054,1.212080867,1.350197444,1.5270531,1.237540834
21/12/2021 19:00,1.478673292,1.058772338,1.560203789,1.41342758,1.56625,1.297148397
21/12/2021 20:00,1.475231176,0.973085503,1.265020146,1.409964389,1.591616866,1.29225884
21/12/2021 21:00,1.462061902,0.988281397,1.253855205,1.397438925,1.580589296,1.280912208
21/12/2021 22:00,1.26668658,0.834716407,1.072701759,1.195637285,1.326654751,1.181715316
21/12/2021 23:00,1.063978278,0.432885031,0.848153023,0.904270038,1.086866586,0.880815587
22/12/2021 00:00,0.776437995,0.524824283,0.665864074,0.742171288,0.83937175,0.680345512
22/12/2021 01:00,0.618318208,0.435756762,0.530284118,0.590829044,0.720049333,0.541845984
22/12/2021 02:00,0.556968425,0.360681123,0.45739855,0.509851446,0.576553135,0.540174407
22/12/2021 03:00,0.492054723,0.328137371,0.420639147,0.472472662,0.532062744,0.431369002
22/12/2021 04:00,0.464947801,0.314280195,0.398666377,0.444390628,0.50263449,0.489763209
22/12/2021 05:00,0.52380785,0.354151333,0.449335596,0.440149186,0.566347726,0.459005384
22/12/2021 06:00,0.68592543,0.463968726,0.587926412,0.655346546,0.74095178,0.60098268
22/12/2021 07:00,0.818941171,0.55331909,0.70233489,0.825249279,0.885093774,0.717487494
22/12/2021 08:00,0.797685337,0.539228849,0.683707089,0.762478256,0.870093686,0.6987447
22/12/2021 09:00,0.756337958,0.557187797,0.697271227,0.777306573,0.879009414,0.711786764
22/12/2021 10:00,0.736566059,0.430587582,0.742825595,0.827949628,0.93638002,0.758845105
22/12/2021 11:00,0.885067237,0.598260986,0.759032239,0.846337733,0.949081125,0.775396492
22/12/2021 12:00,0.962950483,0.650920542,0.825687739,0.955718621,1.229959939,0.843687318
22/12/2021 13:00,1.122241191,0.682206707,0.877410021,0.969927383,1.106036258,0.896354276
22/12/2021 14:00,0.977496681,0.642919631,0.909588625,0.909423153,1.028785158,0.833788965
22/12/2021 15:00,0.976950611,0.660468667,0.871274157,0.933962712,1.056291735,0.726560941
22/12/2021 16:00,1.062066428,0.639038089,1.022958364,1.015088164,1.151818946,0.930705687
22/12/2021 17:00,1.26270253,0.795418542,1.075167368,1.207099782,1.365088997,1.106254514
22/12/2021 18:00,1.325593569,0.954773079,1.211392873,1.351670036,1.531583803,1.27213413
22/12/2021 19:00,1.478579175,1.23374838,1.268048261,1.414122487,1.497507237,1.295438265
22/12/2021 20:00,1.474701668,0.99702921,1.262213698,1.37556177,1.56625,1.292301949
22/12/2021 21:00,1.419179045,0.988334751,1.25335747,1.506007889,1.580625545,1.280979472
22/12/2021 22:00,1.250224805,0.844638334,1.072761152,1.195663154,1.369209286,1.096034076
22/12/2021 23:00,0.869618005,0.679632216,0.862263601,1.036017863,1.086927238,0.880876223
23/12/2021 00:00,0.759802212,0.524854739,0.88421101,0.741549165,0.839467726,0.677333652
23/12/2021 01:00,0.645919503,0.409048817,0.768260666,0.803119872,0.639989862,0.37768742
23/12/2021 02:00,0.549515031,0.360540963,0.457385672,0.509975619,0.576628743,0.46730171
23/12/2021 03:00,0.492253762,0.332622429,0.439064825,0.470401342,0.574451545,0.431143729
23/12/2021 04:00,0.588513574,0.297,0.398609765,0.44432059,0.502618584,0.40919584
23/12/2021 05:00,0.516119189,0.354362629,0.450178771,0.461661421,0.76701735,0.459025256
23/12/2021 06:00,0.680394155,0.463660175,0.775213575,0.655581821,0.741205327,0.600207718
23/12/2021 07:00,0.81891042,0.54534484,0.702233515,0.888795514,0.885312222,0.685181962
23/12/2021 08:00,0.797712496,0.539229259,0.683925305,0.76228952,0.928502273,0.698880953
23/12/2021 09:00,0.8130507,0.559082324,0.697258482,0.777186939,0.878842364,0.712317537
23/12/2021 10:00,0.972504084,0.585457947,0.742806981,0.827890521,0.923506582,0.760262009
23/12/2021 11:00,0.85295791,0.598391205,0.758930999,0.805775468,0.937303615,0.776713612
23/12/2021 12:00,0.958935636,0.650884433,0.835692969,0.920416458,1.040650641,0.843661469
23/12/2021 13:00,1.022071086,0.876089048,0.901823742,0.975853091,1.250756109,0.896435622
23/12/2021 14:00,0.867659864,0.642219653,0.895058066,0.908740347,1.059080344,0.874977126
23/12/2021 15:00,0.977089244,0.660453744,0.844171918,0.931675556,1.056284096,0.85603496
23/12/2021 16:00,1.062057371,0.717892966,0.910294059,1.015172708,1.127966185,0.930550718
23/12/2021 17:00,1.262775173,0.804010963,1.082947579,1.193088856,1.376761985,1.10623641
23/12/2021 18:00,1.412403548,0.850168144,1.211294665,1.264133243,1.533013768,1.237407848
23/12/2021 19:00,1.478615326,0.999475916,1.268038374,1.410853451,1.56625,1.295396063
23/12/2021 20:00,1.56625,0.997055821,1.342007321,1.416715955,1.594906064,1.292291218
23/12/2021 21:00,1.461891889,0.988399789,1.254009913,1.383832118,1.581005885,1.281077962
23/12/2021 22:00,1.251025368,0.772812232,1.072883693,1.19580734,1.352430386,1.138350931
23/12/2021 23:00,1.00562067,0.679776048,0.862370583,0.961214789,1.091077502,0.88097655
24/12/2021 00:00,0.776289443,0.524973842,0.666044862,0.742364568,0.839595006,0.621460204
24/12/2021 01:00,0.715854443,0.387082551,0.505818453,0.591218591,0.668637881,0.774648992
24/12/2021 02:00,0.533469497,0.36058768,0.457497819,0.509920477,0.507122085,0.576696928
24/12/2021 03:00,0.571696829,0.598010674,0.422122774,0.470542986,0.532367228,0.431262339
24/12/2021 04:00,0.57100406,0.338438822,0.382197226,0.444594535,0.502703801,0.407397397
24/12/2021 05:00,0.497448624,0.354200776,0.449373827,0.500885304,0.544647347,0.457680995
24/12/2021 06:00,0.685653675,0.46349328,0.588013114,0.655468259,0.741222995,0.600747852
24/12/2021 07:00,0.868476739,0.553612802,0.703368778,0.782862316,0.885470095,0.853610135
24/12/2021 08:00,0.797753296,0.53925295,0.700017499,0.762535942,0.862302298,0.615630971
24/12/2021 09:00,0.815833608,0.549624405,0.697291614,0.777215173,0.8793488,0.713007123
24/12/2021 10:00,0.865706622,0.585478695,0.77287554,0.827939298,0.858316396,0.810511739
24/12/2021 11:00,1.041866436,0.598258262,0.760778938,0.83897227,0.956476456,0.791903308
24/12/2021 12:00,0.963006848,0.650887142,0.822871683,0.920045651,1.010932617,0.843620194
24/12/2021 13:00,1.024203717,0.709576163,0.876826568,0.978231989,1.10700241,0.89634226
24/12/2021 14:00,0.951114632,0.640667551,0.830224424,0.908558909,1.019594898,0.833641242
24/12/2021 15:00,0.977057428,0.660517119,0.858195963,0.906417131,1.063236502,0.856008493
24/12/2021 16:00,1.061979736,0.738697466,0.910788738,1.015144055,1.220513518,0.914597214
24/12/2021 17:00,1.263243766,0.853645543,1.083044563,1.207092069,1.365257621,1.10595377
24/12/2021 18:00,1.404326909,0.954538714,1.211012196,1.344578012,1.526410347,1.23718835
24/12/2021 19:00,1.56625,1.000499338,1.268541502,1.413286787,1.598423629,1.294941275
24/12/2021 20:00,1.474929902,0.945086762,1.361283646,1.357039579,1.584639657,1.292260723
24/12/2021 21:00,1.492435057,0.971208955,1.209099463,1.398077844,1.56625,1.341033607
24/12/2021 22:00,1.283131661,0.914101746,1.125324637,1.194387555,1.353432606,1.096890228
24/12/2021 23:00,1.007631814,0.674393136,0.871737944,0.952842584,1.089301351,0.882784106
25/12/2021 00:00,0.780390831,0.527511933,0.670771725,0.746066889,0.840985864,0.616982814
25/12/2021 01:00,0.648670156,0.422230168,0.351766499,0.597364504,0.675621333,0.547311142
25/12/2021 02:00,0.543214384,0.367149263,0.466953334,0.597135828,0.587210267,0.47159546
25/12/2021 03:00,0.506047852,0.342106132,0.433962609,0.323397471,0.547095764,0.443368379
25/12/2021 04:00,0.484154694,0.297,0.415838471,0.463221152,0.528896493,0.424345606
25/12/2021 05:00,0.615169486,0.402214345,0.527560336,0.589115127,0.664987784,0.377353063
25/12/2021 06:00,0.78505977,0.580470325,0.672790741,0.751829441,0.848684876,0.687816976
25/12/2021 07:00,0.926232188,0.671702982,0.794339025,0.846625704,1.001342517,0.822585069
25/12/2021 08:00,0.912146031,0.618233566,0.641164547,0.875244515,0.986621305,0.811694249
25/12/2021 09:00,0.955569098,0.677730413,0.80228865,0.824131275,1.011352815,0.850607274
25/12/2021 10:00,1.031941487,0.688361353,0.854292846,0.952218947,1.083708115,0.91517394
25/12/2021 11:00,0.939237159,0.75735054,0.877067611,0.977560334,1.163038961,0.895991068
25/12/2021 12:00,1.108537034,0.749763846,0.950439826,1.05954044,1.228665503,0.971110661
25/12/2021 13:00,1.176696147,0.774426809,1.00905187,1.124638742,1.26936948,1.031365496
25/12/2021 14:00,1.115038884,0.754977826,0.981827016,1.065827408,1.205432177,0.977657887
25/12/2021 15:00,1.154977983,0.78085172,0.9906816,1.104350305,1.248828739,0.96675266
25/12/2021 16:00,1.47347508,0.847486444,1.070915902,1.195179441,1.343509123,1.095556024
25/12/2021 17:00,1.486431666,0.984864228,1.249530594,1.392669333,1.575140463,1.277605724
25/12/2021 18:00,1.79875,1.087006676,1.379124487,1.537086302,1.740170256,1.409637895
25/12/2021 19:00,1.674906283,1.101305856,1.436428636,1.493149033,1.810711831,1.46749784
25/12/2021 20:00,1.671266191,1.129671102,1.4332591,1.597477923,1.806722589,1.531735153
25/12/2021 21:00,1.639048894,1.096536802,1.415915523,1.540096126,1.79875,1.435977055
25/12/2021 22:00,1.456912618,0.94993862,1.205196127,1.223240297,1.519186527,1.231164538
25/12/2021 23:00,1.172740761,0.767591637,1.00573163,1.121002863,1.196595678,1.025713377
26/12/2021 00:00,1.045057528,0.705714681,0.895370224,0.997895717,1.128650053,0.872490669
26/12/2021 01:00,0.883404813,0.599618939,0.760722945,0.853539354,0.89906065,0.777138278
26/12/2021 02:00,0.797069125,0.492351564,0.625544741,0.697215723,0.902126452,0.639027172
26/12/2021 03:00,0.872182023,0.465015043,0.589973899,0.604732275,0.743665266,0.602699981
26/12/2021 04:00,0.66043229,0.41486126,0.609093799,0.631505042,0.700600532,0.578737993
26/12/2021 05:00,0.717954769,0.485159128,0.615629078,0.686253407,0.711514632,0.628993059
26/12/2021 06:00,0.874720872,0.559301538,0.727717272,0.817201143,0.945885128,0.766546824
26/12/2021 07:00,0.966436347,0.655934147,0.802287117,0.894298837,1.011362366,1.008280292
26/12/2021 08:00,0.909203519,0.614553556,0.846845676,0.869007662,0.982929937,0.764772791
26/12/2021 09:00,0.991927387,0.621574116,0.788601124,0.842575699,0.994100255,0.789126946
26/12/2021 10:00,0.872660603,0.654195111,0.730924283,0.992694226,1.04618371,0.84794998
26/12/2021 11:00,0.965743147,0.655559752,0.841721472,0.938294811,1.054435223,0.89122379
26/12/2021 12:00,1.053941948,0.728380457,0.985912262,1.025599435,1.139452956,1.044977514
26/12/2021 13:00,1.107501383,0.661226399,0.880163811,1.058541221,1.196943383,0.970256536
26/12/2021 14:00,0.955025929,0.64546078,0.818276684,0.913031105,1.03264044,0.884232937
26/12/2021 15:00,0.977050301,0.660516,0.811310883,0.934892527,1.056385117,0.856200893
26/12/2021 16:00,1.06093849,0.718600149,0.758692017,0.935931211,1.146917883,0.929457699
26/12/2021 17:00,1.251869104,0.852651346,1.225110889,1.179392591,1.244800009,1.31465373
26/12/2021 18:00,1.362768147,0.953708766,1.210005721,1.348546552,1.609514586,1.309934985
26/12/2021 19:00,1.477577863,0.998764899,1.267159921,1.412362502,1.58100933,1.388583119
26/12/2021 20:00,1.444317867,0.996418385,1.264161941,1.471550605,1.59360729,1.291419615
26/12/2021 21:00,1.499811273,1.07925,1.253224902,1.396820739,1.579741048,1.28028467
26/12/2021 22:00,1.250226818,0.8450601,1.072083528,1.072589566,1.305605027,1.095267977
26/12/2021 23:00,1.001500004,0.670885726,0.864294249,0.960459675,1.107546286,0.879313931
27/12/2021 00:00,0.775957299,0.419500989,0.665456389,0.741709531,0.838861782,0.679775207
27/12/2021 01:00,0.61799759,0.41828232,0.530505921,0.59062763,0.628913907,0.541348458
27/12/2021 02:00,0.533377053,0.360530245,0.456373356,0.568988276,0.57597637,0.467280767
27/12/2021 03:00,0.485132784,0.332405335,0.421742057,0.466972124,0.531630923,0.424448381
27/12/2021 04:00,0.464973773,0.303912446,0.401512326,0.444343915,0.49686954,0.407357592
27/12/2021 05:00,0.450606,0.347750681,0.539657539,0.498401134,0.566550754,0.64330686
27/12/2021 06:00,0.741515324,0.449872663,0.592156062,0.655489015,0.741265222,0.600720606
27/12/2021 07:00,0.894717627,0.668675081,0.702390672,0.782874365,0.885410586,0.551439062
27/12/2021 08:00,0.744014974,0.539599352,0.684697118,0.679290489,0.862455793,0.69971529
27/12/2021 09:00,0.828999174,0.549522772,0.697341296,0.770841803,0.878910539,0.712404938
27/12/2021 10:00,0.866270501,0.583417723,0.708504825,0.819790538,0.936444168,0.758883246
27/12/2021 11:00,0.885082988,0.598276766,0.758966278,0.891850329,0.954824048,0.775390824
27/12/2021 12:00,0.955263259,0.900939146,0.825838611,1.05722489,0.94624636,0.843663613
27/12/2021 13:00,1.023151859,0.702399399,0.877418685,1.002273548,0.951187717,0.896377657
27/12/2021 14:00,0.946077631,0.625578141,0.790825851,0.909104141,0.976791045,0.833340089
27/12/2021 15:00,0.977116213,0.660503195,0.86193297,0.933980376,1.0587052,0.831554984
27/12/2021 16:00,1.061373153,0.717903192,0.910760367,0.879892849,1.148159634,0.925255447
27/12/2021 17:00,1.262882615,0.853478517,1.095723006,1.206944161,1.36502558,1.106229538
27/12/2021 18:00,1.412191282,0.95457964,1.211082838,1.349488753,1.535830672,1.237109007
27/12/2021 19:00,1.478523194,0.999455342,1.268035594,1.318547679,1.56625,1.330343856
27/12/2021 20:00,1.475037685,0.996993011,1.264983146,1.476871702,1.521824278,1.15300439
27/12/2021 21:00,1.467227911,0.988241167,1.253782126,1.397469167,1.580516006,1.280868022
27/12/2021 22:00,1.250775182,0.845457636,1.072640403,1.198132463,1.352155442,1.095812135
27/12/2021 23:00,1.237007538,0.679543316,0.862157956,0.960944528,1.086805068,0.837226818
28/12/2021 00:00,0.776482084,0.524561861,0.714906167,0.742084193,0.839293263,0.680914246
28/12/2021 01:00,0.745695751,0.417812367,0.533945803,0.591048196,0.618427419,0.541656701
28/12/2021 02:00,0.533433912,0.443570987,0.457430323,0.535475436,0.488674615,0.467342453
28/12/2021 03:00,0.491998404,0.332574434,0.42191027,0.470333525,0.531899733,0.430998769
28/12/2021 04:00,0.344955127,0.314299898,0.398745596,0.444431248,0.502669745,0.407297803
28/12/2021 05:00,0.544122298,0.354109715,0.610762799,0.50082844,0.5664381,0.459056474
28/12/2021 06:00,0.6856399,0.463455208,0.657390374,0.557129087,0.741353412,0.599971657
28/12/2021 07:00,0.655451328,0.553581521,0.70252867,0.536133806,0.834165224,0.717515278
28/12/2021 08:00,0.930799605,0.539232411,0.67404345,0.763502627,0.836247192,0.698902453
28/12/2021 09:00,0.813180122,0.549605815,0.672671901,0.625795949,1.141017381,0.712456713
28/12/2021 10:00,1.02638883,0.585781319,0.74290788,0.827991202,0.968014753,0.758866115
28/12/2021 11:00,0.8850659,0.598258244,0.759284121,0.8460726,0.956353331,0.775404407
28/12/2021 12:00,1.013799648,0.653730427,0.825814136,0.920412736,1.040992129,0.84732718
28/12/2021 13:00,1.109682334,0.637918123,0.92053565,0.977968674,1.106076304,0.895404159
28/12/2021 14:00,0.945526914,0.594920949,0.870837642,0.933508253,1.053035632,0.934462997
28/12/2021 15:00,0.977105281,0.660480924,0.698306345,0.933974184,0.964410082,0.856172127
28/12/2021 16:00,1.271312248,0.717903415,0.874048315,0.995691854,1.209368523,0.929441823
28/12/2021 17:00,1.255971209,0.853416184,1.083700366,1.22607364,1.365028161,1.106596025
28/12/2021 18:00,1.393424432,0.956029042,1.211507926,1.23283196,1.527045779,1.237531734
28/12/2021 19:00,1.478621548,0.99947797,1.265643851,1.41334894,1.598473903,1.295439935
28/12/2021 20:00,1.475083182,0.997073225,1.173814826,1.409907521,1.584633122,1.292269304
28/12/2021 21:00,1.461963947,0.986559497,1.239928667,1.39752159,1.56625,1.280894467
28/12/2021 22:00,1.250395883,0.84579214,1.072659826,1.195572913,1.352191784,1.278190925
28/12/2021 23:00,1.121716417,0.844163632,0.862185224,0.96101564,1.08685749,0.907995935
29/12/2021 00:00,0.764302023,0.524826492,0.690653558,0.742155598,0.840017523,0.526695286
29/12/2021 01:00,0.618307379,0.38563687,0.410229175,0.590897338,0.66058319,0.54213532
29/12/2021 02:00,0.533351537,0.360063873,0.457433542,0.448493519,0.575867327,0.46684846
29/12/2021 03:00,0.492069988,0.332727538,0.421984388,0.47028955,0.531925632,0.297
29/12/2021 04:00,0.465447033,0.314040016,0.398784263,0.444674954,0.510348931,0.328283231
29/12/2021 05:00,0.593348701,0.354154701,0.449338761,0.500824643,0.592486431,0.470478369
29/12/2021 06:00,0.68531019,0.358453713,0.588040258,0.850589488,0.741204971,0.492820731
29/12/2021 07:00,0.818975366,0.553559668,0.702332315,0.805967692,0.944163312,0.61876599
29/12/2021 08:00,0.797750599,0.538866099,0.684088815,0.762513604,0.821491174,0.698908617
29/12/2021 09:00,0.813087639,0.444587932,0.697294021,0.770787032,0.878976839,0.666282913
29/12/2021 10:00,0.857377542,0.585493412,0.740486355,0.827949317,0.843516675,0.758975076
29/12/2021 11:00,0.88503864,0.598039065,0.75853853,0.843216952,0.956471207,0.775386186
29/12/2021 12:00,0.950808663,0.651118313,0.825814207,0.920408071,1.039992554,0.856599781
29/12/2021 13:00,1.023147262,0.767717298,0.806999084,0.977963668,1.10574015,0.920354884
29/12/2021 14:00,0.951144609,0.643285718,0.815698293,0.910340707,1.039172462,0.833269256
29/12/2021 15:00,0.964302947,0.660423552,0.8380542,0.933728406,1.193346893,0.856051242
29/12/2021 16:00,1.062079653,0.717908532,0.910816935,1.019322729,1.14032603,0.930488849
29/12/2021 17:00,1.262374325,0.952461687,1.082820788,1.206986784,1.545178289,1.106242956
29/12/2021 18:00,1.416120984,1.150043923,1.211077718,1.350195047,1.56625,1.364902642
29/12/2021 19:00,1.47866743,0.90743312,1.267804673,1.515212419,1.598321964,1.294640912
29/12/2021 20:00,1.475096098,1.052067267,1.264295807,1.525032343,1.594735994,1.315909059
29/12/2021 21:00,1.462168238,0.988264023,1.253727628,1.430042558,1.580607365,1.280942426
29/12/2021 22:00,1.249790081,1.11557704,1.072731802,1.19565097,1.352198645,1.159955574
29/12/2021 23:00,1.005405126,0.681385362,0.874966725,0.780296817,1.086910042,0.868026826
30/12/2021 00:00,0.983664587,0.524845066,0.665883373,0.742183426,0.949383583,0.679472024
30/12/2021 01:00,0.618324162,0.417958548,0.518379861,0.590708566,0.668311773,0.532504995
30/12/2021 02:00,0.533375104,0.459651368,0.457432413,0.509847562,0.576709565,0.467014039
30/12/2021 03:00,0.491296425,0.332621261,0.42198937,0.47034607,0.531930864,0.431102503
30/12/2021 04:00,0.465371498,0.331827141,0.399384683,0.44439232,0.500505135,0.407350034
30/12/2021 05:00,0.523944567,0.297,0.491354499,0.500790454,0.566407495,0.459015113
30/12/2021 06:00,0.684764956,0.463470909,0.587954213,0.655344979,0.741266935,0.596933124
30/12/2021 07:00,0.819091386,0.553612087,0.702337354,0.782808296,0.863910953,0.717483443
30/12/2021 08:00,0.797723296,0.539218128,0.847066171,0.762513912,0.845901494,0.698886454
30/12/2021 09:00,0.865731991,0.549587173,0.697556665,0.777177426,0.875877409,0.710184232
30/12/2021 10:00,0.866163249,0.585522051,0.742821189,0.827950223,0.932171912,0.758527431
30/12/2021 11:00,0.866558712,0.598251737,0.759024925,0.845923407,0.956758116,0.820771111
30/12/2021 12:00,0.962946229,0.650906959,0.825881006,0.859766715,1.03723753,0.843632471
30/12/2021 13:00,1.025520172,0.690627079,0.877752757,0.976929785,1.106077791,0.939847318
30/12/2021 14:00,0.982149636,0.619903138,0.815607944,0.90917794,1.072505036,0.839380331
30/12/2021 15:00,0.976073182,0.660414959,0.837946402,0.943768738,1.079401467,0.856049507
30/12/2021 16:00,1.062069052,0.717914508,0.896746728,1.015193093,1.14826365,0.865608211
30/12/2021 17:00,1.262701505,0.845824581,1.082869216,1.206968674,1.365328184,1.106214784
30/12/2021 18:00,1.436429498,0.898085043,1.211378807,1.350188947,1.397456053,1.237540606
30/12/2021 19:00,1.565873514,0.999453942,1.268240549,1.42529683,1.56625,1.319561283
30/12/2021 20:00,1.56625,0.997089263,1.265028374,1.410140944,1.594366691,1.292345692
30/12/2021 21:00,1.511604707,0.988423034,1.253920502,1.397587687,1.580646676,1.280961566
30/12/2021 22:00,1.250571519,0.845535591,1.072807354,1.195714474,1.363931316,1.094420183
30/12/2021 23:00,1.005487813,0.679722094,0.787961166,0.961061125,1.086798103,0.880829748
31/12/2021 00:00,0.776466316,0.524849584,0.665882733,0.742353516,0.83915986,0.691050965
31/12/2021 01:00,0.576926898,0.417965603,0.530310816,0.591018033,0.668510653,0.541718028
31/12/2021 02:00,0.533300766,0.403391129,0.457397939,0.509767915,0.576575177,0.45345485
31/12/2021 03:00,0.501629644,0.333152819,0.421728224,0.470351808,0.531836315,0.433950051
31/12/2021 04:00,0.540992338,0.312977381,0.398677618,0.444412707,0.502590413,0.390070797
31/12/2021 05:00,0.411489251,0.309613892,0.449303743,0.500766934,0.566383043,0.458745865
31/12/2021 06:00,0.685503058,0.4633836,0.587938641,0.655322614,0.741172135,0.600645963
31/12/2021 07:00,0.899731464,0.528186393,0.702188368,0.782793037,0.885331408,0.742270002
31/12/2021 08:00,0.796462957,0.539204705,0.683927472,0.762411047,0.862102286,0.698767505
31/12/2021 09:00,0.784025683,0.549579193,0.697260431,0.757661614,0.988122122,0.712311525
31/12/2021 10:00,0.86614801,0.585465646,0.742803684,0.82755261,0.927011609,0.95995419
31/12/2021 11:00,0.884187186,0.598237449,0.743483834,0.845981028,1.024129865,0.798958626
31/12/2021 12:00,1.024144411,0.650531965,0.825803141,0.92041709,1.02392227,0.843641812
31/12/2021 13:00,1.023111725,0.698655571,0.877382583,0.971426471,1.089450823,0.896609571
31/12/2021 14:00,0.951130013,0.642912328,0.815681582,0.858999727,0.998073413,0.833559819
31/12/2021 15:00,0.976625701,0.66047423,0.837944059,0.900771831,1.056285314,0.850198587
31/12/2021 16:00,1.178428279,0.759594861,0.911222905,1.015178022,1.103643614,0.930482864
31/12/2021 17:00,1.342444558,0.85364363,1.082865382,1.207895568,1.43258449,1.106528961
31/12/2021 18:00,1.401286991,0.954799154,1.21138659,1.350201311,1.533139151,1.235396503
31/12/2021 19:00,1.478747794,0.997970691,1.180675427,1.413354685,1.598491244,1.295461898
31/12/2021 20:00,1.475100813,0.994266662,1.265045812,1.410102513,1.594592141,1.310191957
31/12/2021 21:00,1.462601047,0.970249906,1.253342694,1.397594193,1.56625,1.281113257
31/12/2021 22:00,1.252132784,0.845548845,1.072767717,1.305418128,1.352292603,1.095457213
31/12/2021 23:00,1.005432591,0.679635419,0.862266719,0.9589816,1.086962266,0.879526674
