Datetime,Capacity Factor
01/01/2021 00:00,0
01/01/2021 01:00,0
01/01/2021 02:00,0
01/01/2021 03:00,0
01/01/2021 04:00,0
01/01/2021 05:00,0
01/01/2021 06:00,0
01/01/2021 07:00,0.015
01/01/2021 08:00,0.137
01/01/2021 09:00,0.186
01/01/2021 10:00,0.317
01/01/2021 11:00,0.458
01/01/2021 12:00,0.321
01/01/2021 13:00,0.296
01/01/2021 14:00,0.27
01/01/2021 15:00,0.204
01/01/2021 16:00,0.043
01/01/2021 17:00,0
01/01/2021 18:00,0
01/01/2021 19:00,0
01/01/2021 20:00,0
01/01/2021 21:00,0
01/01/2021 22:00,0
01/01/2021 23:00,0
02/01/2021 00:00,0
02/01/2021 01:00,0
02/01/2021 02:00,0
02/01/2021 03:00,0
02/01/2021 04:00,0
02/01/2021 05:00,0
02/01/2021 06:00,0
02/01/2021 07:00,0
02/01/2021 08:00,0.053
02/01/2021 09:00,0.212
02/01/2021 10:00,0.519
02/01/2021 11:00,0.507
02/01/2021 12:00,0.462
02/01/2021 13:00,0.348
02/01/2021 14:00,0.311
02/01/2021 15:00,0.237
02/01/2021 16:00,0.053
02/01/2021 17:00,0
02/01/2021 18:00,0
02/01/2021 19:00,0
02/01/2021 20:00,0
02/01/2021 21:00,0
02/01/2021 22:00,0
02/01/2021 23:00,0
03/01/2021 00:00,0
03/01/2021 01:00,0
03/01/2021 02:00,0
03/01/2021 03:00,0
03/01/2021 04:00,0
03/01/2021 05:00,0
03/01/2021 06:00,0
03/01/2021 07:00,0.001
03/01/2021 08:00,0.114
03/01/2021 09:00,0.386
03/01/2021 10:00,0.223
03/01/2021 11:00,0.139
03/01/2021 12:00,0.05
03/01/2021 13:00,0.232
03/01/2021 14:00,0.408
03/01/2021 15:00,0.139
03/01/2021 16:00,0.013
03/01/2021 17:00,0
03/01/2021 18:00,0
03/01/2021 19:00,0
03/01/2021 20:00,0
03/01/2021 21:00,0
03/01/2021 22:00,0
03/01/2021 23:00,0
04/01/2021 00:00,0
04/01/2021 01:00,0
04/01/2021 02:00,0
04/01/2021 03:00,0
04/01/2021 04:00,0
04/01/2021 05:00,0
04/01/2021 06:00,0
04/01/2021 07:00,0.01
04/01/2021 08:00,0.261
04/01/2021 09:00,0.487
04/01/2021 10:00,0.615
04/01/2021 11:00,0.685
04/01/2021 12:00,0.71
04/01/2021 13:00,0.637
04/01/2021 14:00,0.494
04/01/2021 15:00,0.316
04/01/2021 16:00,0.045
04/01/2021 17:00,0
04/01/2021 18:00,0
04/01/2021 19:00,0
04/01/2021 20:00,0
04/01/2021 21:00,0
04/01/2021 22:00,0
04/01/2021 23:00,0
05/01/2021 00:00,0
05/01/2021 01:00,0
05/01/2021 02:00,0
05/01/2021 03:00,0
05/01/2021 04:00,0
05/01/2021 05:00,0
05/01/2021 06:00,0
05/01/2021 07:00,0
05/01/2021 08:00,0.002
05/01/2021 09:00,0.044
05/01/2021 10:00,0.068
05/01/2021 11:00,0.091
05/01/2021 12:00,0.066
05/01/2021 13:00,0.06
05/01/2021 14:00,0.081
05/01/2021 15:00,0.04
05/01/2021 16:00,0.001
05/01/2021 17:00,0
05/01/2021 18:00,0
05/01/2021 19:00,0
05/01/2021 20:00,0
05/01/2021 21:00,0
05/01/2021 22:00,0
05/01/2021 23:00,0
06/01/2021 00:00,0
06/01/2021 01:00,0
06/01/2021 02:00,0
06/01/2021 03:00,0
06/01/2021 04:00,0
06/01/2021 05:00,0
06/01/2021 06:00,0
06/01/2021 07:00,0
06/01/2021 08:00,0.087
06/01/2021 09:00,0.181
06/01/2021 10:00,0.133
06/01/2021 11:00,0.121
06/01/2021 12:00,0.078
06/01/2021 13:00,0.084
06/01/2021 14:00,0.08
06/01/2021 15:00,0.12
06/01/2021 16:00,0.036
06/01/2021 17:00,0
06/01/2021 18:00,0
06/01/2021 19:00,0
06/01/2021 20:00,0
06/01/2021 21:00,0
06/01/2021 22:00,0
06/01/2021 23:00,0
07/01/2021 00:00,0
07/01/2021 01:00,0
07/01/2021 02:00,0
07/01/2021 03:00,0
07/01/2021 04:00,0
07/01/2021 05:00,0
07/01/2021 06:00,0
07/01/2021 07:00,0
07/01/2021 08:00,0.053
07/01/2021 09:00,0.23
07/01/2021 10:00,0.495
07/01/2021 11:00,0.499
07/01/2021 12:00,0.506
07/01/2021 13:00,0.333
07/01/2021 14:00,0.285
07/01/2021 15:00,0.082
07/01/2021 16:00,0.007
07/01/2021 17:00,0
07/01/2021 18:00,0
07/01/2021 19:00,0
07/01/2021 20:00,0
07/01/2021 21:00,0
07/01/2021 22:00,0
07/01/2021 23:00,0
08/01/2021 00:00,0
08/01/2021 01:00,0
08/01/2021 02:00,0
08/01/2021 03:00,0
08/01/2021 04:00,0
08/01/2021 05:00,0
08/01/2021 06:00,0
08/01/2021 07:00,0
08/01/2021 08:00,0.079
08/01/2021 09:00,0.173
08/01/2021 10:00,0.256
08/01/2021 11:00,0.171
08/01/2021 12:00,0.167
08/01/2021 13:00,0.185
08/01/2021 14:00,0.177
08/01/2021 15:00,0.124
08/01/2021 16:00,0.025
08/01/2021 17:00,0
08/01/2021 18:00,0
08/01/2021 19:00,0
08/01/2021 20:00,0
08/01/2021 21:00,0
08/01/2021 22:00,0
08/01/2021 23:00,0
09/01/2021 00:00,0
09/01/2021 01:00,0
09/01/2021 02:00,0
09/01/2021 03:00,0
09/01/2021 04:00,0
09/01/2021 05:00,0
09/01/2021 06:00,0
09/01/2021 07:00,0.01
09/01/2021 08:00,0.21
09/01/2021 09:00,0.42
09/01/2021 10:00,0.538
09/01/2021 11:00,0.638
09/01/2021 12:00,0.65
09/01/2021 13:00,0.595
09/01/2021 14:00,0.513
09/01/2021 15:00,0.356
09/01/2021 16:00,0.12
09/01/2021 17:00,0
09/01/2021 18:00,0
09/01/2021 19:00,0
09/01/2021 20:00,0
09/01/2021 21:00,0
09/01/2021 22:00,0
09/01/2021 23:00,0
10/01/2021 00:00,0
10/01/2021 01:00,0
10/01/2021 02:00,0
10/01/2021 03:00,0
10/01/2021 04:00,0
10/01/2021 05:00,0
10/01/2021 06:00,0
10/01/2021 07:00,0
10/01/2021 08:00,0.004
10/01/2021 09:00,0.034
10/01/2021 10:00,0.094
10/01/2021 11:00,0.126
10/01/2021 12:00,0.142
10/01/2021 13:00,0.065
10/01/2021 14:00,0.046
10/01/2021 15:00,0.067
10/01/2021 16:00,0.026
10/01/2021 17:00,0
10/01/2021 18:00,0
10/01/2021 19:00,0
10/01/2021 20:00,0
10/01/2021 21:00,0
10/01/2021 22:00,0
10/01/2021 23:00,0
11/01/2021 00:00,0
11/01/2021 01:00,0
11/01/2021 02:00,0
11/01/2021 03:00,0
11/01/2021 04:00,0
11/01/2021 05:00,0
11/01/2021 06:00,0
11/01/2021 07:00,0.021
11/01/2021 08:00,0.271
11/01/2021 09:00,0.459
11/01/2021 10:00,0.592
11/01/2021 11:00,0.665
11/01/2021 12:00,0.663
11/01/2021 13:00,0.427
11/01/2021 14:00,0.245
11/01/2021 15:00,0.092
11/01/2021 16:00,0.021
11/01/2021 17:00,0
11/01/2021 18:00,0
11/01/2021 19:00,0
11/01/2021 20:00,0
11/01/2021 21:00,0
11/01/2021 22:00,0
11/01/2021 23:00,0
12/01/2021 00:00,0
12/01/2021 01:00,0
12/01/2021 02:00,0
12/01/2021 03:00,0
12/01/2021 04:00,0
12/01/2021 05:00,0
12/01/2021 06:00,0
12/01/2021 07:00,0
12/01/2021 08:00,0.028
12/01/2021 09:00,0.071
12/01/2021 10:00,0.102
12/01/2021 11:00,0.084
12/01/2021 12:00,0.046
12/01/2021 13:00,0.038
12/01/2021 14:00,0.019
12/01/2021 15:00,0.01
12/01/2021 16:00,0.001
12/01/2021 17:00,0
12/01/2021 18:00,0
12/01/2021 19:00,0
12/01/2021 20:00,0
12/01/2021 21:00,0
12/01/2021 22:00,0
12/01/2021 23:00,0
13/01/2021 00:00,0
13/01/2021 01:00,0
13/01/2021 02:00,0
13/01/2021 03:00,0
13/01/2021 04:00,0
13/01/2021 05:00,0
13/01/2021 06:00,0
13/01/2021 07:00,0
13/01/2021 08:00,0.03
13/01/2021 09:00,0.024
13/01/2021 10:00,0.126
13/01/2021 11:00,0.066
13/01/2021 12:00,0.074
13/01/2021 13:00,0.044
13/01/2021 14:00,0.023
13/01/2021 15:00,0.021
13/01/2021 16:00,0
13/01/2021 17:00,0
13/01/2021 18:00,0
13/01/2021 19:00,0
13/01/2021 20:00,0
13/01/2021 21:00,0
13/01/2021 22:00,0
13/01/2021 23:00,0
14/01/2021 00:00,0
14/01/2021 01:00,0
14/01/2021 02:00,0
14/01/2021 03:00,0
14/01/2021 04:00,0
14/01/2021 05:00,0
14/01/2021 06:00,0
14/01/2021 07:00,0
14/01/2021 08:00,0.003
14/01/2021 09:00,0.026
14/01/2021 10:00,0.069
14/01/2021 11:00,0.108
14/01/2021 12:00,0.05
14/01/2021 13:00,0.033
14/01/2021 14:00,0.018
14/01/2021 15:00,0.023
14/01/2021 16:00,0.005
14/01/2021 17:00,0
14/01/2021 18:00,0
14/01/2021 19:00,0
14/01/2021 20:00,0
14/01/2021 21:00,0
14/01/2021 22:00,0
14/01/2021 23:00,0
15/01/2021 00:00,0
15/01/2021 01:00,0
15/01/2021 02:00,0
15/01/2021 03:00,0
15/01/2021 04:00,0
15/01/2021 05:00,0
15/01/2021 06:00,0
15/01/2021 07:00,0
15/01/2021 08:00,0.129
15/01/2021 09:00,0.439
15/01/2021 10:00,0.423
15/01/2021 11:00,0.242
15/01/2021 12:00,0.086
15/01/2021 13:00,0.074
15/01/2021 14:00,0.209
15/01/2021 15:00,0.293
15/01/2021 16:00,0.051
15/01/2021 17:00,0
15/01/2021 18:00,0
15/01/2021 19:00,0
15/01/2021 20:00,0
15/01/2021 21:00,0
15/01/2021 22:00,0
15/01/2021 23:00,0
16/01/2021 00:00,0
16/01/2021 01:00,0
16/01/2021 02:00,0
16/01/2021 03:00,0
16/01/2021 04:00,0
16/01/2021 05:00,0
16/01/2021 06:00,0
16/01/2021 07:00,0.019
16/01/2021 08:00,0.229
16/01/2021 09:00,0.371
16/01/2021 10:00,0.411
16/01/2021 11:00,0.284
16/01/2021 12:00,0.169
16/01/2021 13:00,0.162
16/01/2021 14:00,0.15
16/01/2021 15:00,0.177
16/01/2021 16:00,0.103
16/01/2021 17:00,0
16/01/2021 18:00,0
16/01/2021 19:00,0
16/01/2021 20:00,0
16/01/2021 21:00,0
16/01/2021 22:00,0
16/01/2021 23:00,0
17/01/2021 00:00,0
17/01/2021 01:00,0
17/01/2021 02:00,0
17/01/2021 03:00,0
17/01/2021 04:00,0
17/01/2021 05:00,0
17/01/2021 06:00,0
17/01/2021 07:00,0.001
17/01/2021 08:00,0.157
17/01/2021 09:00,0.208
17/01/2021 10:00,0.512
17/01/2021 11:00,0.594
17/01/2021 12:00,0.571
17/01/2021 13:00,0.527
17/01/2021 14:00,0.339
17/01/2021 15:00,0.208
17/01/2021 16:00,0.069
17/01/2021 17:00,0
17/01/2021 18:00,0
17/01/2021 19:00,0
17/01/2021 20:00,0
17/01/2021 21:00,0
17/01/2021 22:00,0
17/01/2021 23:00,0
18/01/2021 00:00,0
18/01/2021 01:00,0
18/01/2021 02:00,0
18/01/2021 03:00,0
18/01/2021 04:00,0
18/01/2021 05:00,0
18/01/2021 06:00,0
18/01/2021 07:00,0.024
18/01/2021 08:00,0.292
18/01/2021 09:00,0.498
18/01/2021 10:00,0.636
18/01/2021 11:00,0.706
18/01/2021 12:00,0.703
18/01/2021 13:00,0.599
18/01/2021 14:00,0.395
18/01/2021 15:00,0.377
18/01/2021 16:00,0.137
18/01/2021 17:00,0
18/01/2021 18:00,0
18/01/2021 19:00,0
18/01/2021 20:00,0
18/01/2021 21:00,0
18/01/2021 22:00,0
18/01/2021 23:00,0
19/01/2021 00:00,0
19/01/2021 01:00,0
19/01/2021 02:00,0
19/01/2021 03:00,0
19/01/2021 04:00,0
19/01/2021 05:00,0
19/01/2021 06:00,0
19/01/2021 07:00,0
19/01/2021 08:00,0.147
19/01/2021 09:00,0.388
19/01/2021 10:00,0.461
19/01/2021 11:00,0.309
19/01/2021 12:00,0.529
19/01/2021 13:00,0.523
19/01/2021 14:00,0.242
19/01/2021 15:00,0.106
19/01/2021 16:00,0.035
19/01/2021 17:00,0
19/01/2021 18:00,0
19/01/2021 19:00,0
19/01/2021 20:00,0
19/01/2021 21:00,0
19/01/2021 22:00,0
19/01/2021 23:00,0
20/01/2021 00:00,0
20/01/2021 01:00,0
20/01/2021 02:00,0
20/01/2021 03:00,0
20/01/2021 04:00,0
20/01/2021 05:00,0
20/01/2021 06:00,0
20/01/2021 07:00,0.027
20/01/2021 08:00,0.307
20/01/2021 09:00,0.512
20/01/2021 10:00,0.645
20/01/2021 11:00,0.719
20/01/2021 12:00,0.731
20/01/2021 13:00,0.686
20/01/2021 14:00,0.589
20/01/2021 15:00,0.418
20/01/2021 16:00,0.167
20/01/2021 17:00,0
20/01/2021 18:00,0
20/01/2021 19:00,0
20/01/2021 20:00,0
20/01/2021 21:00,0
20/01/2021 22:00,0
20/01/2021 23:00,0
21/01/2021 00:00,0
21/01/2021 01:00,0
21/01/2021 02:00,0
21/01/2021 03:00,0
21/01/2021 04:00,0
21/01/2021 05:00,0
21/01/2021 06:00,0
21/01/2021 07:00,0.027
21/01/2021 08:00,0.308
21/01/2021 09:00,0.512
21/01/2021 10:00,0.643
21/01/2021 11:00,0.713
21/01/2021 12:00,0.727
21/01/2021 13:00,0.684
21/01/2021 14:00,0.585
21/01/2021 15:00,0.407
21/01/2021 16:00,0.178
21/01/2021 17:00,0
21/01/2021 18:00,0
21/01/2021 19:00,0
21/01/2021 20:00,0
21/01/2021 21:00,0
21/01/2021 22:00,0
21/01/2021 23:00,0
22/01/2021 00:00,0
22/01/2021 01:00,0
22/01/2021 02:00,0
22/01/2021 03:00,0
22/01/2021 04:00,0
22/01/2021 05:00,0
22/01/2021 06:00,0
22/01/2021 07:00,0.023
22/01/2021 08:00,0.289
22/01/2021 09:00,0.496
22/01/2021 10:00,0.632
22/01/2021 11:00,0.701
22/01/2021 12:00,0.713
22/01/2021 13:00,0.576
22/01/2021 14:00,0.422
22/01/2021 15:00,0.33
22/01/2021 16:00,0.166
22/01/2021 17:00,0.002
22/01/2021 18:00,0
22/01/2021 19:00,0
22/01/2021 20:00,0
22/01/2021 21:00,0
22/01/2021 22:00,0
22/01/2021 23:00,0
23/01/2021 00:00,0
23/01/2021 01:00,0
23/01/2021 02:00,0
23/01/2021 03:00,0
23/01/2021 04:00,0
23/01/2021 05:00,0
23/01/2021 06:00,0
23/01/2021 07:00,0.031
23/01/2021 08:00,0.297
23/01/2021 09:00,0.504
23/01/2021 10:00,0.642
23/01/2021 11:00,0.712
23/01/2021 12:00,0.729
23/01/2021 13:00,0.685
23/01/2021 14:00,0.586
23/01/2021 15:00,0.431
23/01/2021 16:00,0.203
23/01/2021 17:00,0.005
23/01/2021 18:00,0
23/01/2021 19:00,0
23/01/2021 20:00,0
23/01/2021 21:00,0
23/01/2021 22:00,0
23/01/2021 23:00,0
24/01/2021 00:00,0
24/01/2021 01:00,0
24/01/2021 02:00,0
24/01/2021 03:00,0
24/01/2021 04:00,0
24/01/2021 05:00,0
24/01/2021 06:00,0
24/01/2021 07:00,0.037
24/01/2021 08:00,0.294
24/01/2021 09:00,0.497
24/01/2021 10:00,0.632
24/01/2021 11:00,0.702
24/01/2021 12:00,0.722
24/01/2021 13:00,0.685
24/01/2021 14:00,0.587
24/01/2021 15:00,0.427
24/01/2021 16:00,0.205
24/01/2021 17:00,0.006
24/01/2021 18:00,0
24/01/2021 19:00,0
24/01/2021 20:00,0
24/01/2021 21:00,0
24/01/2021 22:00,0
24/01/2021 23:00,0
25/01/2021 00:00,0
25/01/2021 01:00,0
25/01/2021 02:00,0
25/01/2021 03:00,0
25/01/2021 04:00,0
25/01/2021 05:00,0
25/01/2021 06:00,0
25/01/2021 07:00,0.036
25/01/2021 08:00,0.283
25/01/2021 09:00,0.492
25/01/2021 10:00,0.634
25/01/2021 11:00,0.71
25/01/2021 12:00,0.723
25/01/2021 13:00,0.684
25/01/2021 14:00,0.588
25/01/2021 15:00,0.433
25/01/2021 16:00,0.212
25/01/2021 17:00,0.001
25/01/2021 18:00,0
25/01/2021 19:00,0
25/01/2021 20:00,0
25/01/2021 21:00,0
25/01/2021 22:00,0
25/01/2021 23:00,0
26/01/2021 00:00,0
26/01/2021 01:00,0
26/01/2021 02:00,0
26/01/2021 03:00,0
26/01/2021 04:00,0
26/01/2021 05:00,0
26/01/2021 06:00,0
26/01/2021 07:00,0.037
26/01/2021 08:00,0.289
26/01/2021 09:00,0.496
26/01/2021 10:00,0.641
26/01/2021 11:00,0.718
26/01/2021 12:00,0.708
26/01/2021 13:00,0.629
26/01/2021 14:00,0.539
26/01/2021 15:00,0.416
26/01/2021 16:00,0.195
26/01/2021 17:00,0.004
26/01/2021 18:00,0
26/01/2021 19:00,0
26/01/2021 20:00,0
26/01/2021 21:00,0
26/01/2021 22:00,0
26/01/2021 23:00,0
27/01/2021 00:00,0
27/01/2021 01:00,0
27/01/2021 02:00,0
27/01/2021 03:00,0
27/01/2021 04:00,0
27/01/2021 05:00,0
27/01/2021 06:00,0
27/01/2021 07:00,0.016
27/01/2021 08:00,0.089
27/01/2021 09:00,0.246
27/01/2021 10:00,0.502
27/01/2021 11:00,0.543
27/01/2021 12:00,0.541
27/01/2021 13:00,0.577
27/01/2021 14:00,0.499
27/01/2021 15:00,0.338
27/01/2021 16:00,0.151
27/01/2021 17:00,0
27/01/2021 18:00,0
27/01/2021 19:00,0
27/01/2021 20:00,0
27/01/2021 21:00,0
27/01/2021 22:00,0
27/01/2021 23:00,0
28/01/2021 00:00,0
28/01/2021 01:00,0
28/01/2021 02:00,0
28/01/2021 03:00,0
28/01/2021 04:00,0
28/01/2021 05:00,0
28/01/2021 06:00,0
28/01/2021 07:00,0.07
28/01/2021 08:00,0.288
28/01/2021 09:00,0.44
28/01/2021 10:00,0.62
28/01/2021 11:00,0.719
28/01/2021 12:00,0.741
28/01/2021 13:00,0.705
28/01/2021 14:00,0.589
28/01/2021 15:00,0.305
28/01/2021 16:00,0.135
28/01/2021 17:00,0
28/01/2021 18:00,0
28/01/2021 19:00,0
28/01/2021 20:00,0
28/01/2021 21:00,0
28/01/2021 22:00,0
28/01/2021 23:00,0
29/01/2021 00:00,0
29/01/2021 01:00,0
29/01/2021 02:00,0
29/01/2021 03:00,0
29/01/2021 04:00,0
29/01/2021 05:00,0
29/01/2021 06:00,0
29/01/2021 07:00,0.061
29/01/2021 08:00,0.32
29/01/2021 09:00,0.518
29/01/2021 10:00,0.62
29/01/2021 11:00,0.596
29/01/2021 12:00,0.56
29/01/2021 13:00,0.441
29/01/2021 14:00,0.325
29/01/2021 15:00,0.191
29/01/2021 16:00,0.063
29/01/2021 17:00,0
29/01/2021 18:00,0
29/01/2021 19:00,0
29/01/2021 20:00,0
29/01/2021 21:00,0
29/01/2021 22:00,0
29/01/2021 23:00,0
30/01/2021 00:00,0
30/01/2021 01:00,0
30/01/2021 02:00,0
30/01/2021 03:00,0
30/01/2021 04:00,0
30/01/2021 05:00,0
30/01/2021 06:00,0
30/01/2021 07:00,0
30/01/2021 08:00,0.047
30/01/2021 09:00,0.431
30/01/2021 10:00,0.302
30/01/2021 11:00,0.341
30/01/2021 12:00,0.203
30/01/2021 13:00,0.16
30/01/2021 14:00,0.194
30/01/2021 15:00,0.055
30/01/2021 16:00,0.035
30/01/2021 17:00,0.001
30/01/2021 18:00,0
30/01/2021 19:00,0
30/01/2021 20:00,0
30/01/2021 21:00,0
30/01/2021 22:00,0
30/01/2021 23:00,0
31/01/2021 00:00,0
31/01/2021 01:00,0
31/01/2021 02:00,0
31/01/2021 03:00,0
31/01/2021 04:00,0
31/01/2021 05:00,0
31/01/2021 06:00,0
31/01/2021 07:00,0
31/01/2021 08:00,0.07
31/01/2021 09:00,0.231
31/01/2021 10:00,0.124
31/01/2021 11:00,0.119
31/01/2021 12:00,0.128
31/01/2021 13:00,0.119
31/01/2021 14:00,0.106
31/01/2021 15:00,0.12
31/01/2021 16:00,0.042
31/01/2021 17:00,0
31/01/2021 18:00,0
31/01/2021 19:00,0
31/01/2021 20:00,0
31/01/2021 21:00,0
31/01/2021 22:00,0
31/01/2021 23:00,0
01/02/2021 00:00,0
01/02/2021 01:00,0
01/02/2021 02:00,0
01/02/2021 03:00,0
01/02/2021 04:00,0
01/02/2021 05:00,0
01/02/2021 06:00,0
01/02/2021 07:00,0.048
01/02/2021 08:00,0.303
01/02/2021 09:00,0.515
01/02/2021 10:00,0.661
01/02/2021 11:00,0.742
01/02/2021 12:00,0.757
01/02/2021 13:00,0.714
01/02/2021 14:00,0.615
01/02/2021 15:00,0.447
01/02/2021 16:00,0.215
01/02/2021 17:00,0.006
01/02/2021 18:00,0
01/02/2021 19:00,0
01/02/2021 20:00,0
01/02/2021 21:00,0
01/02/2021 22:00,0
01/02/2021 23:00,0
02/02/2021 00:00,0
02/02/2021 01:00,0
02/02/2021 02:00,0
02/02/2021 03:00,0
02/02/2021 04:00,0
02/02/2021 05:00,0
02/02/2021 06:00,0
02/02/2021 07:00,0.05
02/02/2021 08:00,0.295
02/02/2021 09:00,0.421
02/02/2021 10:00,0.59
02/02/2021 11:00,0.695
02/02/2021 12:00,0.72
02/02/2021 13:00,0.709
02/02/2021 14:00,0.612
02/02/2021 15:00,0.444
02/02/2021 16:00,0.218
02/02/2021 17:00,0.008
02/02/2021 18:00,0
02/02/2021 19:00,0
02/02/2021 20:00,0
02/02/2021 21:00,0
02/02/2021 22:00,0
02/02/2021 23:00,0
03/02/2021 00:00,0
03/02/2021 01:00,0
03/02/2021 02:00,0
03/02/2021 03:00,0
03/02/2021 04:00,0
03/02/2021 05:00,0
03/02/2021 06:00,0
03/02/2021 07:00,0.027
03/02/2021 08:00,0.237
03/02/2021 09:00,0.464
03/02/2021 10:00,0.635
03/02/2021 11:00,0.715
03/02/2021 12:00,0.741
03/02/2021 13:00,0.665
03/02/2021 14:00,0.509
03/02/2021 15:00,0.279
03/02/2021 16:00,0.141
03/02/2021 17:00,0.005
03/02/2021 18:00,0
03/02/2021 19:00,0
03/02/2021 20:00,0
03/02/2021 21:00,0
03/02/2021 22:00,0
03/02/2021 23:00,0
04/02/2021 00:00,0
04/02/2021 01:00,0
04/02/2021 02:00,0
04/02/2021 03:00,0
04/02/2021 04:00,0
04/02/2021 05:00,0
04/02/2021 06:00,0
04/02/2021 07:00,0.008
04/02/2021 08:00,0.186
04/02/2021 09:00,0.487
04/02/2021 10:00,0.635
04/02/2021 11:00,0.578
04/02/2021 12:00,0.623
04/02/2021 13:00,0.583
04/02/2021 14:00,0.489
04/02/2021 15:00,0.317
04/02/2021 16:00,0.109
04/02/2021 17:00,0
04/02/2021 18:00,0
04/02/2021 19:00,0
04/02/2021 20:00,0
04/02/2021 21:00,0
04/02/2021 22:00,0
04/02/2021 23:00,0
05/02/2021 00:00,0
05/02/2021 01:00,0
05/02/2021 02:00,0
05/02/2021 03:00,0
05/02/2021 04:00,0
05/02/2021 05:00,0
05/02/2021 06:00,0
05/02/2021 07:00,0.026
05/02/2021 08:00,0.224
05/02/2021 09:00,0.51
05/02/2021 10:00,0.662
05/02/2021 11:00,0.738
05/02/2021 12:00,0.742
05/02/2021 13:00,0.708
05/02/2021 14:00,0.617
05/02/2021 15:00,0.452
05/02/2021 16:00,0.229
05/02/2021 17:00,0.01
05/02/2021 18:00,0
05/02/2021 19:00,0
05/02/2021 20:00,0
05/02/2021 21:00,0
05/02/2021 22:00,0
05/02/2021 23:00,0
06/02/2021 00:00,0
06/02/2021 01:00,0
06/02/2021 02:00,0
06/02/2021 03:00,0
06/02/2021 04:00,0
06/02/2021 05:00,0
06/02/2021 06:00,0
06/02/2021 07:00,0.027
06/02/2021 08:00,0.262
06/02/2021 09:00,0.424
06/02/2021 10:00,0.551
06/02/2021 11:00,0.631
06/02/2021 12:00,0.667
06/02/2021 13:00,0.625
06/02/2021 14:00,0.584
06/02/2021 15:00,0.358
06/02/2021 16:00,0.137
06/02/2021 17:00,0.001
06/02/2021 18:00,0
06/02/2021 19:00,0
06/02/2021 20:00,0
06/02/2021 21:00,0
06/02/2021 22:00,0
06/02/2021 23:00,0
07/02/2021 00:00,0
07/02/2021 01:00,0
07/02/2021 02:00,0
07/02/2021 03:00,0
07/02/2021 04:00,0
07/02/2021 05:00,0
07/02/2021 06:00,0
07/02/2021 07:00,0.045
07/02/2021 08:00,0.237
07/02/2021 09:00,0.426
07/02/2021 10:00,0.583
07/02/2021 11:00,0.688
07/02/2021 12:00,0.595
07/02/2021 13:00,0.488
07/02/2021 14:00,0.371
07/02/2021 15:00,0.272
07/02/2021 16:00,0.123
07/02/2021 17:00,0
07/02/2021 18:00,0
07/02/2021 19:00,0
07/02/2021 20:00,0
07/02/2021 21:00,0
07/02/2021 22:00,0
07/02/2021 23:00,0
08/02/2021 00:00,0
08/02/2021 01:00,0
08/02/2021 02:00,0
08/02/2021 03:00,0
08/02/2021 04:00,0
08/02/2021 05:00,0
08/02/2021 06:00,0
08/02/2021 07:00,0.054
08/02/2021 08:00,0.314
08/02/2021 09:00,0.491
08/02/2021 10:00,0.647
08/02/2021 11:00,0.72
08/02/2021 12:00,0.588
08/02/2021 13:00,0.417
08/02/2021 14:00,0.4
08/02/2021 15:00,0.146
08/02/2021 16:00,0.1
08/02/2021 17:00,0.002
08/02/2021 18:00,0
08/02/2021 19:00,0
08/02/2021 20:00,0
08/02/2021 21:00,0
08/02/2021 22:00,0
08/02/2021 23:00,0
09/02/2021 00:00,0
09/02/2021 01:00,0
09/02/2021 02:00,0
09/02/2021 03:00,0
09/02/2021 04:00,0
09/02/2021 05:00,0
09/02/2021 06:00,0
09/02/2021 07:00,0
09/02/2021 08:00,0.026
09/02/2021 09:00,0.159
09/02/2021 10:00,0.4
09/02/2021 11:00,0.28
09/02/2021 12:00,0.252
09/02/2021 13:00,0.14
09/02/2021 14:00,0.254
09/02/2021 15:00,0.231
09/02/2021 16:00,0.092
09/02/2021 17:00,0
09/02/2021 18:00,0
09/02/2021 19:00,0
09/02/2021 20:00,0
09/02/2021 21:00,0
09/02/2021 22:00,0
09/02/2021 23:00,0
10/02/2021 00:00,0
10/02/2021 01:00,0
10/02/2021 02:00,0
10/02/2021 03:00,0
10/02/2021 04:00,0
10/02/2021 05:00,0
10/02/2021 06:00,0
10/02/2021 07:00,0
10/02/2021 08:00,0.017
10/02/2021 09:00,0.037
10/02/2021 10:00,0.058
10/02/2021 11:00,0.073
10/02/2021 12:00,0.056
10/02/2021 13:00,0.05
10/02/2021 14:00,0.049
10/02/2021 15:00,0.026
10/02/2021 16:00,0.008
10/02/2021 17:00,0
10/02/2021 18:00,0
10/02/2021 19:00,0
10/02/2021 20:00,0
10/02/2021 21:00,0
10/02/2021 22:00,0
10/02/2021 23:00,0
11/02/2021 00:00,0
11/02/2021 01:00,0
11/02/2021 02:00,0
11/02/2021 03:00,0
11/02/2021 04:00,0
11/02/2021 05:00,0
11/02/2021 06:00,0
11/02/2021 07:00,0.016
11/02/2021 08:00,0.116
11/02/2021 09:00,0.198
11/02/2021 10:00,0.474
11/02/2021 11:00,0.242
11/02/2021 12:00,0.082
11/02/2021 13:00,0.076
11/02/2021 14:00,0.046
11/02/2021 15:00,0.089
11/02/2021 16:00,0.005
11/02/2021 17:00,0
11/02/2021 18:00,0
11/02/2021 19:00,0
11/02/2021 20:00,0
11/02/2021 21:00,0
11/02/2021 22:00,0
11/02/2021 23:00,0
12/02/2021 00:00,0
12/02/2021 01:00,0
12/02/2021 02:00,0
12/02/2021 03:00,0
12/02/2021 04:00,0
12/02/2021 05:00,0
12/02/2021 06:00,0
12/02/2021 07:00,0.026
12/02/2021 08:00,0.226
12/02/2021 09:00,0.453
12/02/2021 10:00,0.528
12/02/2021 11:00,0.429
12/02/2021 12:00,0.258
12/02/2021 13:00,0.198
12/02/2021 14:00,0.095
12/02/2021 15:00,0.027
12/02/2021 16:00,0.003
12/02/2021 17:00,0
12/02/2021 18:00,0
12/02/2021 19:00,0
12/02/2021 20:00,0
12/02/2021 21:00,0
12/02/2021 22:00,0
12/02/2021 23:00,0
13/02/2021 00:00,0
13/02/2021 01:00,0
13/02/2021 02:00,0
13/02/2021 03:00,0
13/02/2021 04:00,0
13/02/2021 05:00,0
13/02/2021 06:00,0
13/02/2021 07:00,0
13/02/2021 08:00,0.008
13/02/2021 09:00,0.092
13/02/2021 10:00,0.123
13/02/2021 11:00,0.085
13/02/2021 12:00,0.207
13/02/2021 13:00,0.222
13/02/2021 14:00,0.177
13/02/2021 15:00,0.162
13/02/2021 16:00,0.097
13/02/2021 17:00,0.021
13/02/2021 18:00,0
13/02/2021 19:00,0
13/02/2021 20:00,0
13/02/2021 21:00,0
13/02/2021 22:00,0
13/02/2021 23:00,0
14/02/2021 00:00,0
14/02/2021 01:00,0
14/02/2021 02:00,0
14/02/2021 03:00,0
14/02/2021 04:00,0
14/02/2021 05:00,0
14/02/2021 06:00,0
14/02/2021 07:00,0.026
14/02/2021 08:00,0.274
14/02/2021 09:00,0.399
14/02/2021 10:00,0.267
14/02/2021 11:00,0.139
14/02/2021 12:00,0.057
14/02/2021 13:00,0.049
14/02/2021 14:00,0.035
14/02/2021 15:00,0.039
14/02/2021 16:00,0.129
14/02/2021 17:00,0.023
14/02/2021 18:00,0
14/02/2021 19:00,0
14/02/2021 20:00,0
14/02/2021 21:00,0
14/02/2021 22:00,0
14/02/2021 23:00,0
15/02/2021 00:00,0
15/02/2021 01:00,0
15/02/2021 02:00,0
15/02/2021 03:00,0
15/02/2021 04:00,0
15/02/2021 05:00,0
15/02/2021 06:00,0
15/02/2021 07:00,0.076
15/02/2021 08:00,0.309
15/02/2021 09:00,0.493
15/02/2021 10:00,0.491
15/02/2021 11:00,0.439
15/02/2021 12:00,0.341
15/02/2021 13:00,0.242
15/02/2021 14:00,0.168
15/02/2021 15:00,0.148
15/02/2021 16:00,0.063
15/02/2021 17:00,0.014
15/02/2021 18:00,0
15/02/2021 19:00,0
15/02/2021 20:00,0
15/02/2021 21:00,0
15/02/2021 22:00,0
15/02/2021 23:00,0
16/02/2021 00:00,0
16/02/2021 01:00,0
16/02/2021 02:00,0
16/02/2021 03:00,0
16/02/2021 04:00,0
16/02/2021 05:00,0
16/02/2021 06:00,0
16/02/2021 07:00,0.079
16/02/2021 08:00,0.317
16/02/2021 09:00,0.505
16/02/2021 10:00,0.588
16/02/2021 11:00,0.439
16/02/2021 12:00,0.409
16/02/2021 13:00,0.376
16/02/2021 14:00,0.341
16/02/2021 15:00,0.295
16/02/2021 16:00,0.249
16/02/2021 17:00,0.202
16/02/2021 18:00,0
16/02/2021 19:00,0
16/02/2021 20:00,0
16/02/2021 21:00,0
16/02/2021 22:00,0
16/02/2021 23:00,0
17/02/2021 00:00,0
17/02/2021 01:00,0
17/02/2021 02:00,0
17/02/2021 03:00,0
17/02/2021 04:00,0
17/02/2021 05:00,0
17/02/2021 06:00,0
17/02/2021 07:00,0.087
17/02/2021 08:00,0.296
17/02/2021 09:00,0.218
17/02/2021 10:00,0.404
17/02/2021 11:00,0.598
17/02/2021 12:00,0.466
17/02/2021 13:00,0.547
17/02/2021 14:00,0.415
17/02/2021 15:00,0.341
17/02/2021 16:00,0.197
17/02/2021 17:00,0.025
17/02/2021 18:00,0
17/02/2021 19:00,0
17/02/2021 20:00,0
17/02/2021 21:00,0
17/02/2021 22:00,0
17/02/2021 23:00,0
18/02/2021 00:00,0
18/02/2021 01:00,0
18/02/2021 02:00,0
18/02/2021 03:00,0
18/02/2021 04:00,0
18/02/2021 05:00,0
18/02/2021 06:00,0
18/02/2021 07:00,0.027
18/02/2021 08:00,0.125
18/02/2021 09:00,0.14
18/02/2021 10:00,0.259
18/02/2021 11:00,0.171
18/02/2021 12:00,0.143
18/02/2021 13:00,0.073
18/02/2021 14:00,0.042
18/02/2021 15:00,0.03
18/02/2021 16:00,0.008
18/02/2021 17:00,0
18/02/2021 18:00,0
18/02/2021 19:00,0
18/02/2021 20:00,0
18/02/2021 21:00,0
18/02/2021 22:00,0
18/02/2021 23:00,0
19/02/2021 00:00,0
19/02/2021 01:00,0
19/02/2021 02:00,0
19/02/2021 03:00,0
19/02/2021 04:00,0
19/02/2021 05:00,0
19/02/2021 06:00,0
19/02/2021 07:00,0.028
19/02/2021 08:00,0.17
19/02/2021 09:00,0.373
19/02/2021 10:00,0.331
19/02/2021 11:00,0.207
19/02/2021 12:00,0.265
19/02/2021 13:00,0.267
19/02/2021 14:00,0.205
19/02/2021 15:00,0.331
19/02/2021 16:00,0.145
19/02/2021 17:00,0.027
19/02/2021 18:00,0
19/02/2021 19:00,0
19/02/2021 20:00,0
19/02/2021 21:00,0
19/02/2021 22:00,0
19/02/2021 23:00,0
20/02/2021 00:00,0
20/02/2021 01:00,0
20/02/2021 02:00,0
20/02/2021 03:00,0
20/02/2021 04:00,0
20/02/2021 05:00,0
20/02/2021 06:00,0
20/02/2021 07:00,0.106
20/02/2021 08:00,0.367
20/02/2021 09:00,0.522
20/02/2021 10:00,0.58
20/02/2021 11:00,0.669
20/02/2021 12:00,0.605
20/02/2021 13:00,0.606
20/02/2021 14:00,0.483
20/02/2021 15:00,0.365
20/02/2021 16:00,0.255
20/02/2021 17:00,0.056
20/02/2021 18:00,0
20/02/2021 19:00,0
20/02/2021 20:00,0
20/02/2021 21:00,0
20/02/2021 22:00,0
20/02/2021 23:00,0
21/02/2021 00:00,0
21/02/2021 01:00,0
21/02/2021 02:00,0
21/02/2021 03:00,0
21/02/2021 04:00,0
21/02/2021 05:00,0
21/02/2021 06:00,0
21/02/2021 07:00,0.109
21/02/2021 08:00,0.357
21/02/2021 09:00,0.548
21/02/2021 10:00,0.684
21/02/2021 11:00,0.76
21/02/2021 12:00,0.78
21/02/2021 13:00,0.734
21/02/2021 14:00,0.627
21/02/2021 15:00,0.483
21/02/2021 16:00,0.289
21/02/2021 17:00,0.054
21/02/2021 18:00,0
21/02/2021 19:00,0
21/02/2021 20:00,0
21/02/2021 21:00,0
21/02/2021 22:00,0
21/02/2021 23:00,0
22/02/2021 00:00,0
22/02/2021 01:00,0
22/02/2021 02:00,0
22/02/2021 03:00,0
22/02/2021 04:00,0
22/02/2021 05:00,0
22/02/2021 06:00,0
22/02/2021 07:00,0.031
22/02/2021 08:00,0.128
22/02/2021 09:00,0.183
22/02/2021 10:00,0.364
22/02/2021 11:00,0.5
22/02/2021 12:00,0.402
22/02/2021 13:00,0.276
22/02/2021 14:00,0.225
22/02/2021 15:00,0.214
22/02/2021 16:00,0.091
22/02/2021 17:00,0.008
22/02/2021 18:00,0
22/02/2021 19:00,0
22/02/2021 20:00,0
22/02/2021 21:00,0
22/02/2021 22:00,0
22/02/2021 23:00,0
23/02/2021 00:00,0
23/02/2021 01:00,0
23/02/2021 02:00,0
23/02/2021 03:00,0
23/02/2021 04:00,0
23/02/2021 05:00,0
23/02/2021 06:00,0
23/02/2021 07:00,0.005
23/02/2021 08:00,0.076
23/02/2021 09:00,0.084
23/02/2021 10:00,0.206
23/02/2021 11:00,0.247
23/02/2021 12:00,0.142
23/02/2021 13:00,0.129
23/02/2021 14:00,0.089
23/02/2021 15:00,0.054
23/02/2021 16:00,0.035
23/02/2021 17:00,0.007
23/02/2021 18:00,0
23/02/2021 19:00,0
23/02/2021 20:00,0
23/02/2021 21:00,0
23/02/2021 22:00,0
23/02/2021 23:00,0
24/02/2021 00:00,0
24/02/2021 01:00,0
24/02/2021 02:00,0
24/02/2021 03:00,0
24/02/2021 04:00,0
24/02/2021 05:00,0
24/02/2021 06:00,0
24/02/2021 07:00,0.014
24/02/2021 08:00,0.079
24/02/2021 09:00,0.157
24/02/2021 10:00,0.127
24/02/2021 11:00,0.17
24/02/2021 12:00,0.063
24/02/2021 13:00,0.112
24/02/2021 14:00,0.142
24/02/2021 15:00,0.066
24/02/2021 16:00,0.027
24/02/2021 17:00,0
24/02/2021 18:00,0
24/02/2021 19:00,0
24/02/2021 20:00,0
24/02/2021 21:00,0
24/02/2021 22:00,0
24/02/2021 23:00,0
25/02/2021 00:00,0
25/02/2021 01:00,0
25/02/2021 02:00,0
25/02/2021 03:00,0
25/02/2021 04:00,0
25/02/2021 05:00,0
25/02/2021 06:00,0
25/02/2021 07:00,0.108
25/02/2021 08:00,0.372
25/02/2021 09:00,0.55
25/02/2021 10:00,0.629
25/02/2021 11:00,0.645
25/02/2021 12:00,0.46
25/02/2021 13:00,0.417
25/02/2021 14:00,0.308
25/02/2021 15:00,0.286
25/02/2021 16:00,0.236
25/02/2021 17:00,0.043
25/02/2021 18:00,0
25/02/2021 19:00,0
25/02/2021 20:00,0
25/02/2021 21:00,0
25/02/2021 22:00,0
25/02/2021 23:00,0
26/02/2021 00:00,0
26/02/2021 01:00,0
26/02/2021 02:00,0
26/02/2021 03:00,0
26/02/2021 04:00,0
26/02/2021 05:00,0
26/02/2021 06:00,0
26/02/2021 07:00,0.131
26/02/2021 08:00,0.372
26/02/2021 09:00,0.531
26/02/2021 10:00,0.635
26/02/2021 11:00,0.724
26/02/2021 12:00,0.762
26/02/2021 13:00,0.714
26/02/2021 14:00,0.632
26/02/2021 15:00,0.478
26/02/2021 16:00,0.274
26/02/2021 17:00,0.045
26/02/2021 18:00,0
26/02/2021 19:00,0
26/02/2021 20:00,0
26/02/2021 21:00,0
26/02/2021 22:00,0
26/02/2021 23:00,0
27/02/2021 00:00,0
27/02/2021 01:00,0
27/02/2021 02:00,0
27/02/2021 03:00,0
27/02/2021 04:00,0
27/02/2021 05:00,0
27/02/2021 06:00,0
27/02/2021 07:00,0.068
27/02/2021 08:00,0.278
27/02/2021 09:00,0.497
27/02/2021 10:00,0.682
27/02/2021 11:00,0.765
27/02/2021 12:00,0.795
27/02/2021 13:00,0.755
27/02/2021 14:00,0.656
27/02/2021 15:00,0.503
27/02/2021 16:00,0.296
27/02/2021 17:00,0.062
27/02/2021 18:00,0
27/02/2021 19:00,0
27/02/2021 20:00,0
27/02/2021 21:00,0
27/02/2021 22:00,0
27/02/2021 23:00,0
28/02/2021 00:00,0
28/02/2021 01:00,0
28/02/2021 02:00,0
28/02/2021 03:00,0
28/02/2021 04:00,0
28/02/2021 05:00,0
28/02/2021 06:00,0
28/02/2021 07:00,0.142
28/02/2021 08:00,0.398
28/02/2021 09:00,0.581
28/02/2021 10:00,0.706
28/02/2021 11:00,0.735
28/02/2021 12:00,0.64
28/02/2021 13:00,0.493
28/02/2021 14:00,0.414
28/02/2021 15:00,0.215
28/02/2021 16:00,0.152
28/02/2021 17:00,0.03
28/02/2021 18:00,0
28/02/2021 19:00,0
28/02/2021 20:00,0
28/02/2021 21:00,0
28/02/2021 22:00,0
28/02/2021 23:00,0
01/03/2021 00:00,0
01/03/2021 01:00,0
01/03/2021 02:00,0
01/03/2021 03:00,0
01/03/2021 04:00,0
01/03/2021 05:00,0
01/03/2021 06:00,0
01/03/2021 07:00,0.133
01/03/2021 08:00,0.381
01/03/2021 09:00,0.564
01/03/2021 10:00,0.668
01/03/2021 11:00,0.665
01/03/2021 12:00,0.621
01/03/2021 13:00,0.553
01/03/2021 14:00,0.416
01/03/2021 15:00,0.273
01/03/2021 16:00,0.179
01/03/2021 17:00,0.03
01/03/2021 18:00,0
01/03/2021 19:00,0
01/03/2021 20:00,0
01/03/2021 21:00,0
01/03/2021 22:00,0
01/03/2021 23:00,0
02/03/2021 00:00,0
02/03/2021 01:00,0
02/03/2021 02:00,0
02/03/2021 03:00,0
02/03/2021 04:00,0
02/03/2021 05:00,0
02/03/2021 06:00,0
02/03/2021 07:00,0.104
02/03/2021 08:00,0.319
02/03/2021 09:00,0.533
02/03/2021 10:00,0.652
02/03/2021 11:00,0.737
02/03/2021 12:00,0.672
02/03/2021 13:00,0.64
02/03/2021 14:00,0.443
02/03/2021 15:00,0.231
02/03/2021 16:00,0.237
02/03/2021 17:00,0.047
02/03/2021 18:00,0
02/03/2021 19:00,0
02/03/2021 20:00,0
02/03/2021 21:00,0
02/03/2021 22:00,0
02/03/2021 23:00,0
03/03/2021 00:00,0
03/03/2021 01:00,0
03/03/2021 02:00,0
03/03/2021 03:00,0
03/03/2021 04:00,0
03/03/2021 05:00,0
03/03/2021 06:00,0
03/03/2021 07:00,0.036
03/03/2021 08:00,0.177
03/03/2021 09:00,0.339
03/03/2021 10:00,0.371
03/03/2021 11:00,0.347
03/03/2021 12:00,0.404
03/03/2021 13:00,0.346
03/03/2021 14:00,0.264
03/03/2021 15:00,0.179
03/03/2021 16:00,0.091
03/03/2021 17:00,0.023
03/03/2021 18:00,0
03/03/2021 19:00,0
03/03/2021 20:00,0
03/03/2021 21:00,0
03/03/2021 22:00,0
03/03/2021 23:00,0
04/03/2021 00:00,0
04/03/2021 01:00,0
04/03/2021 02:00,0
04/03/2021 03:00,0
04/03/2021 04:00,0
04/03/2021 05:00,0
04/03/2021 06:00,0
04/03/2021 07:00,0.15
04/03/2021 08:00,0.397
04/03/2021 09:00,0.589
04/03/2021 10:00,0.705
04/03/2021 11:00,0.669
04/03/2021 12:00,0.406
04/03/2021 13:00,0.276
04/03/2021 14:00,0.225
04/03/2021 15:00,0.183
04/03/2021 16:00,0.058
04/03/2021 17:00,0.005
04/03/2021 18:00,0
04/03/2021 19:00,0
04/03/2021 20:00,0
04/03/2021 21:00,0
04/03/2021 22:00,0
04/03/2021 23:00,0
05/03/2021 00:00,0
05/03/2021 01:00,0
05/03/2021 02:00,0
05/03/2021 03:00,0
05/03/2021 04:00,0
05/03/2021 05:00,0
05/03/2021 06:00,0
05/03/2021 07:00,0.155
05/03/2021 08:00,0.4
05/03/2021 09:00,0.589
05/03/2021 10:00,0.714
05/03/2021 11:00,0.693
05/03/2021 12:00,0.552
05/03/2021 13:00,0.466
05/03/2021 14:00,0.245
05/03/2021 15:00,0.167
05/03/2021 16:00,0.144
05/03/2021 17:00,0.045
05/03/2021 18:00,0
05/03/2021 19:00,0
05/03/2021 20:00,0
05/03/2021 21:00,0
05/03/2021 22:00,0
05/03/2021 23:00,0
06/03/2021 00:00,0
06/03/2021 01:00,0
06/03/2021 02:00,0
06/03/2021 03:00,0
06/03/2021 04:00,0
06/03/2021 05:00,0
06/03/2021 06:00,0
06/03/2021 07:00,0.157
06/03/2021 08:00,0.394
06/03/2021 09:00,0.589
06/03/2021 10:00,0.721
06/03/2021 11:00,0.792
06/03/2021 12:00,0.791
06/03/2021 13:00,0.745
06/03/2021 14:00,0.636
06/03/2021 15:00,0.459
06/03/2021 16:00,0.272
06/03/2021 17:00,0.056
06/03/2021 18:00,0
06/03/2021 19:00,0
06/03/2021 20:00,0
06/03/2021 21:00,0
06/03/2021 22:00,0
06/03/2021 23:00,0
07/03/2021 00:00,0
07/03/2021 01:00,0
07/03/2021 02:00,0
07/03/2021 03:00,0
07/03/2021 04:00,0
07/03/2021 05:00,0
07/03/2021 06:00,0
07/03/2021 07:00,0.124
07/03/2021 08:00,0.348
07/03/2021 09:00,0.551
07/03/2021 10:00,0.672
07/03/2021 11:00,0.756
07/03/2021 12:00,0.778
07/03/2021 13:00,0.743
07/03/2021 14:00,0.642
07/03/2021 15:00,0.491
07/03/2021 16:00,0.273
07/03/2021 17:00,0.065
07/03/2021 18:00,0
07/03/2021 19:00,0
07/03/2021 20:00,0
07/03/2021 21:00,0
07/03/2021 22:00,0
07/03/2021 23:00,0
08/03/2021 00:00,0
08/03/2021 01:00,0
08/03/2021 02:00,0
08/03/2021 03:00,0
08/03/2021 04:00,0
08/03/2021 05:00,0
08/03/2021 06:00,0
08/03/2021 07:00,0.134
08/03/2021 08:00,0.366
08/03/2021 09:00,0.565
08/03/2021 10:00,0.701
08/03/2021 11:00,0.779
08/03/2021 12:00,0.786
08/03/2021 13:00,0.749
08/03/2021 14:00,0.649
08/03/2021 15:00,0.498
08/03/2021 16:00,0.295
08/03/2021 17:00,0.069
08/03/2021 18:00,0
08/03/2021 19:00,0
08/03/2021 20:00,0
08/03/2021 21:00,0
08/03/2021 22:00,0
08/03/2021 23:00,0
09/03/2021 00:00,0
09/03/2021 01:00,0
09/03/2021 02:00,0
09/03/2021 03:00,0
09/03/2021 04:00,0
09/03/2021 05:00,0
09/03/2021 06:00,0
09/03/2021 07:00,0.069
09/03/2021 08:00,0.267
09/03/2021 09:00,0.234
09/03/2021 10:00,0.365
09/03/2021 11:00,0.509
09/03/2021 12:00,0.575
09/03/2021 13:00,0.585
09/03/2021 14:00,0.633
09/03/2021 15:00,0.498
09/03/2021 16:00,0.296
09/03/2021 17:00,0.069
09/03/2021 18:00,0
09/03/2021 19:00,0
09/03/2021 20:00,0
09/03/2021 21:00,0
09/03/2021 22:00,0
09/03/2021 23:00,0
10/03/2021 00:00,0
10/03/2021 01:00,0
10/03/2021 02:00,0
10/03/2021 03:00,0
10/03/2021 04:00,0
10/03/2021 05:00,0
10/03/2021 06:00,0
10/03/2021 07:00,0.12
10/03/2021 08:00,0.332
10/03/2021 09:00,0.555
10/03/2021 10:00,0.688
10/03/2021 11:00,0.786
10/03/2021 12:00,0.789
10/03/2021 13:00,0.753
10/03/2021 14:00,0.659
10/03/2021 15:00,0.406
10/03/2021 16:00,0.199
10/03/2021 17:00,0.076
10/03/2021 18:00,0
10/03/2021 19:00,0
10/03/2021 20:00,0
10/03/2021 21:00,0
10/03/2021 22:00,0
10/03/2021 23:00,0
11/03/2021 00:00,0
11/03/2021 01:00,0
11/03/2021 02:00,0
11/03/2021 03:00,0
11/03/2021 04:00,0
11/03/2021 05:00,0
11/03/2021 06:00,0
11/03/2021 07:00,0
11/03/2021 08:00,0.015
11/03/2021 09:00,0.039
11/03/2021 10:00,0.066
11/03/2021 11:00,0.064
11/03/2021 12:00,0.06
11/03/2021 13:00,0.067
11/03/2021 14:00,0.061
11/03/2021 15:00,0.037
11/03/2021 16:00,0.018
11/03/2021 17:00,0
11/03/2021 18:00,0
11/03/2021 19:00,0
11/03/2021 20:00,0
11/03/2021 21:00,0
11/03/2021 22:00,0
11/03/2021 23:00,0
12/03/2021 00:00,0
12/03/2021 01:00,0
12/03/2021 02:00,0
12/03/2021 03:00,0
12/03/2021 04:00,0
12/03/2021 05:00,0
12/03/2021 06:00,0
12/03/2021 07:00,0.156
12/03/2021 08:00,0.24
12/03/2021 09:00,0.392
12/03/2021 10:00,0.412
12/03/2021 11:00,0.478
12/03/2021 12:00,0.234
12/03/2021 13:00,0.216
12/03/2021 14:00,0.163
12/03/2021 15:00,0.083
12/03/2021 16:00,0.079
12/03/2021 17:00,0.023
12/03/2021 18:00,0
12/03/2021 19:00,0
12/03/2021 20:00,0
12/03/2021 21:00,0
12/03/2021 22:00,0
12/03/2021 23:00,0
13/03/2021 00:00,0
13/03/2021 01:00,0
13/03/2021 02:00,0
13/03/2021 03:00,0
13/03/2021 04:00,0
13/03/2021 05:00,0
13/03/2021 06:00,0.002
13/03/2021 07:00,0.166
13/03/2021 08:00,0.381
13/03/2021 09:00,0.445
13/03/2021 10:00,0.499
13/03/2021 11:00,0.475
13/03/2021 12:00,0.345
13/03/2021 13:00,0.19
13/03/2021 14:00,0.083
13/03/2021 15:00,0.075
13/03/2021 16:00,0.044
13/03/2021 17:00,0.02
13/03/2021 18:00,0
13/03/2021 19:00,0
13/03/2021 20:00,0
13/03/2021 21:00,0
13/03/2021 22:00,0
13/03/2021 23:00,0
14/03/2021 00:00,0
14/03/2021 01:00,0
14/03/2021 02:00,0
14/03/2021 03:00,0
14/03/2021 04:00,0
14/03/2021 05:00,0
14/03/2021 06:00,0
14/03/2021 07:00,0.129
14/03/2021 08:00,0.406
14/03/2021 09:00,0.562
14/03/2021 10:00,0.648
14/03/2021 11:00,0.659
14/03/2021 12:00,0.486
14/03/2021 13:00,0.403
14/03/2021 14:00,0.332
14/03/2021 15:00,0.219
14/03/2021 16:00,0.072
14/03/2021 17:00,0
14/03/2021 18:00,0
14/03/2021 19:00,0
14/03/2021 20:00,0
14/03/2021 21:00,0
14/03/2021 22:00,0
14/03/2021 23:00,0
15/03/2021 00:00,0
15/03/2021 01:00,0
15/03/2021 02:00,0
15/03/2021 03:00,0
15/03/2021 04:00,0
15/03/2021 05:00,0
15/03/2021 06:00,0
15/03/2021 07:00,0.149
15/03/2021 08:00,0.385
15/03/2021 09:00,0.582
15/03/2021 10:00,0.646
15/03/2021 11:00,0.72
15/03/2021 12:00,0.675
15/03/2021 13:00,0.611
15/03/2021 14:00,0.555
15/03/2021 15:00,0.504
15/03/2021 16:00,0.319
15/03/2021 17:00,0.088
15/03/2021 18:00,0
15/03/2021 19:00,0
15/03/2021 20:00,0
15/03/2021 21:00,0
15/03/2021 22:00,0
15/03/2021 23:00,0
16/03/2021 00:00,0
16/03/2021 01:00,0
16/03/2021 02:00,0
16/03/2021 03:00,0
16/03/2021 04:00,0
16/03/2021 05:00,0
16/03/2021 06:00,0.006
16/03/2021 07:00,0.201
16/03/2021 08:00,0.433
16/03/2021 09:00,0.616
16/03/2021 10:00,0.708
16/03/2021 11:00,0.673
16/03/2021 12:00,0.479
16/03/2021 13:00,0.393
16/03/2021 14:00,0.29
16/03/2021 15:00,0.321
16/03/2021 16:00,0.22
16/03/2021 17:00,0.081
16/03/2021 18:00,0
16/03/2021 19:00,0
16/03/2021 20:00,0
16/03/2021 21:00,0
16/03/2021 22:00,0
16/03/2021 23:00,0
17/03/2021 00:00,0
17/03/2021 01:00,0
17/03/2021 02:00,0
17/03/2021 03:00,0
17/03/2021 04:00,0
17/03/2021 05:00,0
17/03/2021 06:00,0.007
17/03/2021 07:00,0.195
17/03/2021 08:00,0.406
17/03/2021 09:00,0.571
17/03/2021 10:00,0.638
17/03/2021 11:00,0.636
17/03/2021 12:00,0.474
17/03/2021 13:00,0.224
17/03/2021 14:00,0.074
17/03/2021 15:00,0.063
17/03/2021 16:00,0.059
17/03/2021 17:00,0.016
17/03/2021 18:00,0
17/03/2021 19:00,0
17/03/2021 20:00,0
17/03/2021 21:00,0
17/03/2021 22:00,0
17/03/2021 23:00,0
18/03/2021 00:00,0
18/03/2021 01:00,0
18/03/2021 02:00,0
18/03/2021 03:00,0
18/03/2021 04:00,0
18/03/2021 05:00,0
18/03/2021 06:00,0.005
18/03/2021 07:00,0.196
18/03/2021 08:00,0.425
18/03/2021 09:00,0.612
18/03/2021 10:00,0.741
18/03/2021 11:00,0.8
18/03/2021 12:00,0.772
18/03/2021 13:00,0.66
18/03/2021 14:00,0.563
18/03/2021 15:00,0.292
18/03/2021 16:00,0.082
18/03/2021 17:00,0.029
18/03/2021 18:00,0
18/03/2021 19:00,0
18/03/2021 20:00,0
18/03/2021 21:00,0
18/03/2021 22:00,0
18/03/2021 23:00,0
19/03/2021 00:00,0
19/03/2021 01:00,0
19/03/2021 02:00,0
19/03/2021 03:00,0
19/03/2021 04:00,0
19/03/2021 05:00,0
19/03/2021 06:00,0.003
19/03/2021 07:00,0.166
19/03/2021 08:00,0.377
19/03/2021 09:00,0.501
19/03/2021 10:00,0.536
19/03/2021 11:00,0.619
19/03/2021 12:00,0.606
19/03/2021 13:00,0.557
19/03/2021 14:00,0.458
19/03/2021 15:00,0.355
19/03/2021 16:00,0.205
19/03/2021 17:00,0.071
19/03/2021 18:00,0
19/03/2021 19:00,0
19/03/2021 20:00,0
19/03/2021 21:00,0
19/03/2021 22:00,0
19/03/2021 23:00,0
20/03/2021 00:00,0
20/03/2021 01:00,0
20/03/2021 02:00,0
20/03/2021 03:00,0
20/03/2021 04:00,0
20/03/2021 05:00,0
20/03/2021 06:00,0.011
20/03/2021 07:00,0.199
20/03/2021 08:00,0.393
20/03/2021 09:00,0.518
20/03/2021 10:00,0.536
20/03/2021 11:00,0.427
20/03/2021 12:00,0.549
20/03/2021 13:00,0.651
20/03/2021 14:00,0.605
20/03/2021 15:00,0.517
20/03/2021 16:00,0.312
20/03/2021 17:00,0.08
20/03/2021 18:00,0
20/03/2021 19:00,0
20/03/2021 20:00,0
20/03/2021 21:00,0
20/03/2021 22:00,0
20/03/2021 23:00,0
21/03/2021 00:00,0
21/03/2021 01:00,0
21/03/2021 02:00,0
21/03/2021 03:00,0
21/03/2021 04:00,0
21/03/2021 05:00,0
21/03/2021 06:00,0.009
21/03/2021 07:00,0.146
21/03/2021 08:00,0.364
21/03/2021 09:00,0.537
21/03/2021 10:00,0.432
21/03/2021 11:00,0.589
21/03/2021 12:00,0.346
21/03/2021 13:00,0.418
21/03/2021 14:00,0.402
21/03/2021 15:00,0.505
21/03/2021 16:00,0.315
21/03/2021 17:00,0.095
21/03/2021 18:00,0
21/03/2021 19:00,0
21/03/2021 20:00,0
21/03/2021 21:00,0
21/03/2021 22:00,0
21/03/2021 23:00,0
22/03/2021 00:00,0
22/03/2021 01:00,0
22/03/2021 02:00,0
22/03/2021 03:00,0
22/03/2021 04:00,0
22/03/2021 05:00,0
22/03/2021 06:00,0.017
22/03/2021 07:00,0.226
22/03/2021 08:00,0.457
22/03/2021 09:00,0.642
22/03/2021 10:00,0.763
22/03/2021 11:00,0.834
22/03/2021 12:00,0.838
22/03/2021 13:00,0.795
22/03/2021 14:00,0.695
22/03/2021 15:00,0.532
22/03/2021 16:00,0.324
22/03/2021 17:00,0.101
22/03/2021 18:00,0
22/03/2021 19:00,0
22/03/2021 20:00,0
22/03/2021 21:00,0
22/03/2021 22:00,0
22/03/2021 23:00,0
23/03/2021 00:00,0
23/03/2021 01:00,0
23/03/2021 02:00,0
23/03/2021 03:00,0
23/03/2021 04:00,0
23/03/2021 05:00,0
23/03/2021 06:00,0.013
23/03/2021 07:00,0.199
23/03/2021 08:00,0.32
23/03/2021 09:00,0.379
23/03/2021 10:00,0.386
23/03/2021 11:00,0.521
23/03/2021 12:00,0.315
23/03/2021 13:00,0.334
23/03/2021 14:00,0.242
23/03/2021 15:00,0.171
23/03/2021 16:00,0.07
23/03/2021 17:00,0.017
23/03/2021 18:00,0
23/03/2021 19:00,0
23/03/2021 20:00,0
23/03/2021 21:00,0
23/03/2021 22:00,0
23/03/2021 23:00,0
24/03/2021 00:00,0
24/03/2021 01:00,0
24/03/2021 02:00,0
24/03/2021 03:00,0
24/03/2021 04:00,0
24/03/2021 05:00,0
24/03/2021 06:00,0.022
24/03/2021 07:00,0.231
24/03/2021 08:00,0.45
24/03/2021 09:00,0.58
24/03/2021 10:00,0.565
24/03/2021 11:00,0.535
24/03/2021 12:00,0.377
24/03/2021 13:00,0.352
24/03/2021 14:00,0.166
24/03/2021 15:00,0.125
24/03/2021 16:00,0.11
24/03/2021 17:00,0.028
24/03/2021 18:00,0
24/03/2021 19:00,0
24/03/2021 20:00,0
24/03/2021 21:00,0
24/03/2021 22:00,0
24/03/2021 23:00,0
25/03/2021 00:00,0
25/03/2021 01:00,0
25/03/2021 02:00,0
25/03/2021 03:00,0
25/03/2021 04:00,0
25/03/2021 05:00,0
25/03/2021 06:00,0.028
25/03/2021 07:00,0.242
25/03/2021 08:00,0.428
25/03/2021 09:00,0.502
25/03/2021 10:00,0.616
25/03/2021 11:00,0.761
25/03/2021 12:00,0.756
25/03/2021 13:00,0.633
25/03/2021 14:00,0.434
25/03/2021 15:00,0.274
25/03/2021 16:00,0.18
25/03/2021 17:00,0.032
25/03/2021 18:00,0
25/03/2021 19:00,0
25/03/2021 20:00,0
25/03/2021 21:00,0
25/03/2021 22:00,0
25/03/2021 23:00,0
26/03/2021 00:00,0
26/03/2021 01:00,0
26/03/2021 02:00,0
26/03/2021 03:00,0
26/03/2021 04:00,0
26/03/2021 05:00,0
26/03/2021 06:00,0.03
26/03/2021 07:00,0.244
26/03/2021 08:00,0.417
26/03/2021 09:00,0.63
26/03/2021 10:00,0.744
26/03/2021 11:00,0.8
26/03/2021 12:00,0.788
26/03/2021 13:00,0.721
26/03/2021 14:00,0.53
26/03/2021 15:00,0.474
26/03/2021 16:00,0.228
26/03/2021 17:00,0.034
26/03/2021 18:00,0
26/03/2021 19:00,0
26/03/2021 20:00,0
26/03/2021 21:00,0
26/03/2021 22:00,0
26/03/2021 23:00,0
27/03/2021 00:00,0
27/03/2021 01:00,0
27/03/2021 02:00,0
27/03/2021 03:00,0
27/03/2021 04:00,0
27/03/2021 05:00,0
27/03/2021 06:00,0.009
27/03/2021 07:00,0.122
27/03/2021 08:00,0.176
27/03/2021 09:00,0.104
27/03/2021 10:00,0.15
27/03/2021 11:00,0.233
27/03/2021 12:00,0.363
27/03/2021 13:00,0.235
27/03/2021 14:00,0.118
27/03/2021 15:00,0.07
27/03/2021 16:00,0.023
27/03/2021 17:00,0.018
27/03/2021 18:00,0
27/03/2021 19:00,0
27/03/2021 20:00,0
27/03/2021 21:00,0
27/03/2021 22:00,0
27/03/2021 23:00,0
28/03/2021 00:00,0
28/03/2021 01:00,0
28/03/2021 02:00,0
28/03/2021 03:00,0
28/03/2021 04:00,0
28/03/2021 05:00,0
28/03/2021 06:00,0
28/03/2021 07:00,0.006
28/03/2021 08:00,0.046
28/03/2021 09:00,0.043
28/03/2021 10:00,0.058
28/03/2021 11:00,0.07
28/03/2021 12:00,0.124
28/03/2021 13:00,0.172
28/03/2021 14:00,0.274
28/03/2021 15:00,0.275
28/03/2021 16:00,0.185
28/03/2021 17:00,0.044
28/03/2021 18:00,0
28/03/2021 19:00,0
28/03/2021 20:00,0
28/03/2021 21:00,0
28/03/2021 22:00,0
28/03/2021 23:00,0
29/03/2021 00:00,0
29/03/2021 01:00,0
29/03/2021 02:00,0
29/03/2021 03:00,0
29/03/2021 04:00,0
29/03/2021 05:00,0
29/03/2021 06:00,0.028
29/03/2021 07:00,0.23
29/03/2021 08:00,0.451
29/03/2021 09:00,0.615
29/03/2021 10:00,0.668
29/03/2021 11:00,0.723
29/03/2021 12:00,0.675
29/03/2021 13:00,0.512
29/03/2021 14:00,0.281
29/03/2021 15:00,0.468
29/03/2021 16:00,0.303
29/03/2021 17:00,0.078
29/03/2021 18:00,0
29/03/2021 19:00,0
29/03/2021 20:00,0
29/03/2021 21:00,0
29/03/2021 22:00,0
29/03/2021 23:00,0
30/03/2021 00:00,0
30/03/2021 01:00,0
30/03/2021 02:00,0
30/03/2021 03:00,0
30/03/2021 04:00,0
30/03/2021 05:00,0
30/03/2021 06:00,0.033
30/03/2021 07:00,0.19
30/03/2021 08:00,0.42
30/03/2021 09:00,0.482
30/03/2021 10:00,0.471
30/03/2021 11:00,0.591
30/03/2021 12:00,0.66
30/03/2021 13:00,0.677
30/03/2021 14:00,0.589
30/03/2021 15:00,0.504
30/03/2021 16:00,0.317
30/03/2021 17:00,0.104
30/03/2021 18:00,0
30/03/2021 19:00,0
30/03/2021 20:00,0
30/03/2021 21:00,0
30/03/2021 22:00,0
30/03/2021 23:00,0
31/03/2021 00:00,0
31/03/2021 01:00,0
31/03/2021 02:00,0
31/03/2021 03:00,0
31/03/2021 04:00,0
31/03/2021 05:00,0
31/03/2021 06:00,0
31/03/2021 07:00,0.126
31/03/2021 08:00,0.309
31/03/2021 09:00,0.352
31/03/2021 10:00,0.301
31/03/2021 11:00,0.252
31/03/2021 12:00,0.334
31/03/2021 13:00,0.453
31/03/2021 14:00,0.292
31/03/2021 15:00,0.193
31/03/2021 16:00,0.062
31/03/2021 17:00,0.013
31/03/2021 18:00,0
31/03/2021 19:00,0
31/03/2021 20:00,0
31/03/2021 21:00,0
31/03/2021 22:00,0
31/03/2021 23:00,0
01/04/2021 00:00,0
01/04/2021 01:00,0
01/04/2021 02:00,0
01/04/2021 03:00,0
01/04/2021 04:00,0
01/04/2021 05:00,0
01/04/2021 06:00,0.041
01/04/2021 07:00,0.248
01/04/2021 08:00,0.464
01/04/2021 09:00,0.579
01/04/2021 10:00,0.559
01/04/2021 11:00,0.497
01/04/2021 12:00,0.166
01/04/2021 13:00,0.099
01/04/2021 14:00,0.053
01/04/2021 15:00,0.059
01/04/2021 16:00,0.038
01/04/2021 17:00,0.024
01/04/2021 18:00,0
01/04/2021 19:00,0
01/04/2021 20:00,0
01/04/2021 21:00,0
01/04/2021 22:00,0
01/04/2021 23:00,0
02/04/2021 00:00,0
02/04/2021 01:00,0
02/04/2021 02:00,0
02/04/2021 03:00,0
02/04/2021 04:00,0
02/04/2021 05:00,0
02/04/2021 06:00,0.037
02/04/2021 07:00,0.197
02/04/2021 08:00,0.369
02/04/2021 09:00,0.346
02/04/2021 10:00,0.287
02/04/2021 11:00,0.421
02/04/2021 12:00,0.243
02/04/2021 13:00,0.199
02/04/2021 14:00,0.244
02/04/2021 15:00,0.091
02/04/2021 16:00,0.029
02/04/2021 17:00,0.031
02/04/2021 18:00,0
02/04/2021 19:00,0
02/04/2021 20:00,0
02/04/2021 21:00,0
02/04/2021 22:00,0
02/04/2021 23:00,0
03/04/2021 00:00,0
03/04/2021 01:00,0
03/04/2021 02:00,0
03/04/2021 03:00,0
03/04/2021 04:00,0
03/04/2021 05:00,0
03/04/2021 06:00,0.044
03/04/2021 07:00,0.247
03/04/2021 08:00,0.458
03/04/2021 09:00,0.532
03/04/2021 10:00,0.542
03/04/2021 11:00,0.448
03/04/2021 12:00,0.291
03/04/2021 13:00,0.26
03/04/2021 14:00,0.431
03/04/2021 15:00,0.464
03/04/2021 16:00,0.31
03/04/2021 17:00,0.105
03/04/2021 18:00,0
03/04/2021 19:00,0
03/04/2021 20:00,0
03/04/2021 21:00,0
03/04/2021 22:00,0
03/04/2021 23:00,0
04/04/2021 00:00,0
04/04/2021 01:00,0
04/04/2021 02:00,0
04/04/2021 03:00,0
04/04/2021 04:00,0
04/04/2021 05:00,0
04/04/2021 06:00,0.044
04/04/2021 07:00,0.245
04/04/2021 08:00,0.435
04/04/2021 09:00,0.596
04/04/2021 10:00,0.713
04/04/2021 11:00,0.783
04/04/2021 12:00,0.808
04/04/2021 13:00,0.757
04/04/2021 14:00,0.649
04/04/2021 15:00,0.506
04/04/2021 16:00,0.316
04/04/2021 17:00,0.106
04/04/2021 18:00,0
04/04/2021 19:00,0
04/04/2021 20:00,0
04/04/2021 21:00,0
04/04/2021 22:00,0
04/04/2021 23:00,0
05/04/2021 00:00,0
05/04/2021 01:00,0
05/04/2021 02:00,0
05/04/2021 03:00,0
05/04/2021 04:00,0
05/04/2021 05:00,0
05/04/2021 06:00,0.05
05/04/2021 07:00,0.26
05/04/2021 08:00,0.472
05/04/2021 09:00,0.636
05/04/2021 10:00,0.75
05/04/2021 11:00,0.807
05/04/2021 12:00,0.812
05/04/2021 13:00,0.735
05/04/2021 14:00,0.602
05/04/2021 15:00,0.459
05/04/2021 16:00,0.282
05/04/2021 17:00,0.087
05/04/2021 18:00,0
05/04/2021 19:00,0
05/04/2021 20:00,0
05/04/2021 21:00,0
05/04/2021 22:00,0
05/04/2021 23:00,0
06/04/2021 00:00,0
06/04/2021 01:00,0
06/04/2021 02:00,0
06/04/2021 03:00,0
06/04/2021 04:00,0
06/04/2021 05:00,0
06/04/2021 06:00,0.053
06/04/2021 07:00,0.262
06/04/2021 08:00,0.476
06/04/2021 09:00,0.641
06/04/2021 10:00,0.753
06/04/2021 11:00,0.806
06/04/2021 12:00,0.787
06/04/2021 13:00,0.721
06/04/2021 14:00,0.617
06/04/2021 15:00,0.45
06/04/2021 16:00,0.282
06/04/2021 17:00,0.103
06/04/2021 18:00,0
06/04/2021 19:00,0
06/04/2021 20:00,0
06/04/2021 21:00,0
06/04/2021 22:00,0
06/04/2021 23:00,0
07/04/2021 00:00,0
07/04/2021 01:00,0
07/04/2021 02:00,0
07/04/2021 03:00,0
07/04/2021 04:00,0
07/04/2021 05:00,0
07/04/2021 06:00,0.038
07/04/2021 07:00,0.226
07/04/2021 08:00,0.362
07/04/2021 09:00,0.571
07/04/2021 10:00,0.729
07/04/2021 11:00,0.787
07/04/2021 12:00,0.797
07/04/2021 13:00,0.739
07/04/2021 14:00,0.651
07/04/2021 15:00,0.502
07/04/2021 16:00,0.313
07/04/2021 17:00,0.105
07/04/2021 18:00,0
07/04/2021 19:00,0
07/04/2021 20:00,0
07/04/2021 21:00,0
07/04/2021 22:00,0
07/04/2021 23:00,0
08/04/2021 00:00,0
08/04/2021 01:00,0
08/04/2021 02:00,0
08/04/2021 03:00,0
08/04/2021 04:00,0
08/04/2021 05:00,0
08/04/2021 06:00,0.006
08/04/2021 07:00,0.094
08/04/2021 08:00,0.147
08/04/2021 09:00,0.208
08/04/2021 10:00,0.131
08/04/2021 11:00,0.163
08/04/2021 12:00,0.328
08/04/2021 13:00,0.218
08/04/2021 14:00,0.207
08/04/2021 15:00,0.086
08/04/2021 16:00,0.11
08/04/2021 17:00,0.042
08/04/2021 18:00,0
08/04/2021 19:00,0
08/04/2021 20:00,0
08/04/2021 21:00,0
08/04/2021 22:00,0
08/04/2021 23:00,0
09/04/2021 00:00,0
09/04/2021 01:00,0
09/04/2021 02:00,0
09/04/2021 03:00,0
09/04/2021 04:00,0
09/04/2021 05:00,0
09/04/2021 06:00,0.045
09/04/2021 07:00,0.152
09/04/2021 08:00,0.286
09/04/2021 09:00,0.49
09/04/2021 10:00,0.628
09/04/2021 11:00,0.674
09/04/2021 12:00,0.682
09/04/2021 13:00,0.323
09/04/2021 14:00,0.383
09/04/2021 15:00,0.372
09/04/2021 16:00,0.217
09/04/2021 17:00,0.095
09/04/2021 18:00,0
09/04/2021 19:00,0
09/04/2021 20:00,0
09/04/2021 21:00,0
09/04/2021 22:00,0
09/04/2021 23:00,0
10/04/2021 00:00,0
10/04/2021 01:00,0
10/04/2021 02:00,0
10/04/2021 03:00,0
10/04/2021 04:00,0
10/04/2021 05:00,0
10/04/2021 06:00,0.015
10/04/2021 07:00,0.163
10/04/2021 08:00,0.214
10/04/2021 09:00,0.236
10/04/2021 10:00,0.275
10/04/2021 11:00,0.486
10/04/2021 12:00,0.225
10/04/2021 13:00,0.248
10/04/2021 14:00,0.13
10/04/2021 15:00,0.114
10/04/2021 16:00,0.112
10/04/2021 17:00,0.054
10/04/2021 18:00,0
10/04/2021 19:00,0
10/04/2021 20:00,0
10/04/2021 21:00,0
10/04/2021 22:00,0
10/04/2021 23:00,0
11/04/2021 00:00,0
11/04/2021 01:00,0
11/04/2021 02:00,0
11/04/2021 03:00,0
11/04/2021 04:00,0
11/04/2021 05:00,0
11/04/2021 06:00,0.05
11/04/2021 07:00,0.24
11/04/2021 08:00,0.33
11/04/2021 09:00,0.529
11/04/2021 10:00,0.606
11/04/2021 11:00,0.508
11/04/2021 12:00,0.401
11/04/2021 13:00,0.229
11/04/2021 14:00,0.257
11/04/2021 15:00,0.295
11/04/2021 16:00,0.126
11/04/2021 17:00,0.055
11/04/2021 18:00,0
11/04/2021 19:00,0
11/04/2021 20:00,0
11/04/2021 21:00,0
11/04/2021 22:00,0
11/04/2021 23:00,0
12/04/2021 00:00,0
12/04/2021 01:00,0
12/04/2021 02:00,0
12/04/2021 03:00,0
12/04/2021 04:00,0
12/04/2021 05:00,0
12/04/2021 06:00,0.037
12/04/2021 07:00,0.246
12/04/2021 08:00,0.428
12/04/2021 09:00,0.531
12/04/2021 10:00,0.601
12/04/2021 11:00,0.546
12/04/2021 12:00,0.368
12/04/2021 13:00,0.255
12/04/2021 14:00,0.25
12/04/2021 15:00,0.441
12/04/2021 16:00,0.317
12/04/2021 17:00,0.111
12/04/2021 18:00,0
12/04/2021 19:00,0
12/04/2021 20:00,0
12/04/2021 21:00,0
12/04/2021 22:00,0
12/04/2021 23:00,0
13/04/2021 00:00,0
13/04/2021 01:00,0
13/04/2021 02:00,0
13/04/2021 03:00,0
13/04/2021 04:00,0
13/04/2021 05:00,0
13/04/2021 06:00,0.066
13/04/2021 07:00,0.256
13/04/2021 08:00,0.443
13/04/2021 09:00,0.58
13/04/2021 10:00,0.56
13/04/2021 11:00,0.442
13/04/2021 12:00,0.4
13/04/2021 13:00,0.428
13/04/2021 14:00,0.415
13/04/2021 15:00,0.439
13/04/2021 16:00,0.282
13/04/2021 17:00,0.102
13/04/2021 18:00,0
13/04/2021 19:00,0
13/04/2021 20:00,0
13/04/2021 21:00,0
13/04/2021 22:00,0
13/04/2021 23:00,0
14/04/2021 00:00,0
14/04/2021 01:00,0
14/04/2021 02:00,0
14/04/2021 03:00,0
14/04/2021 04:00,0
14/04/2021 05:00,0
14/04/2021 06:00,0.07
14/04/2021 07:00,0.277
14/04/2021 08:00,0.483
14/04/2021 09:00,0.643
14/04/2021 10:00,0.712
14/04/2021 11:00,0.611
14/04/2021 12:00,0.341
14/04/2021 13:00,0.101
14/04/2021 14:00,0.133
14/04/2021 15:00,0.167
14/04/2021 16:00,0.112
14/04/2021 17:00,0.063
14/04/2021 18:00,0
14/04/2021 19:00,0
14/04/2021 20:00,0
14/04/2021 21:00,0
14/04/2021 22:00,0
14/04/2021 23:00,0
15/04/2021 00:00,0
15/04/2021 01:00,0
15/04/2021 02:00,0
15/04/2021 03:00,0
15/04/2021 04:00,0
15/04/2021 05:00,0
15/04/2021 06:00,0.068
15/04/2021 07:00,0.25
15/04/2021 08:00,0.471
15/04/2021 09:00,0.636
15/04/2021 10:00,0.747
15/04/2021 11:00,0.772
15/04/2021 12:00,0.661
15/04/2021 13:00,0.607
15/04/2021 14:00,0.358
15/04/2021 15:00,0.152
15/04/2021 16:00,0.285
15/04/2021 17:00,0.111
15/04/2021 18:00,0
15/04/2021 19:00,0
15/04/2021 20:00,0
15/04/2021 21:00,0
15/04/2021 22:00,0
15/04/2021 23:00,0
16/04/2021 00:00,0
16/04/2021 01:00,0
16/04/2021 02:00,0
16/04/2021 03:00,0
16/04/2021 04:00,0
16/04/2021 05:00,0
16/04/2021 06:00,0.001
16/04/2021 07:00,0.024
16/04/2021 08:00,0.146
16/04/2021 09:00,0.29
16/04/2021 10:00,0.432
16/04/2021 11:00,0.26
16/04/2021 12:00,0.274
16/04/2021 13:00,0.327
16/04/2021 14:00,0.163
16/04/2021 15:00,0.155
16/04/2021 16:00,0.129
16/04/2021 17:00,0.093
16/04/2021 18:00,0
16/04/2021 19:00,0
16/04/2021 20:00,0
16/04/2021 21:00,0
16/04/2021 22:00,0
16/04/2021 23:00,0
17/04/2021 00:00,0
17/04/2021 01:00,0
17/04/2021 02:00,0
17/04/2021 03:00,0
17/04/2021 04:00,0
17/04/2021 05:00,0
17/04/2021 06:00,0.073
17/04/2021 07:00,0.274
17/04/2021 08:00,0.473
17/04/2021 09:00,0.635
17/04/2021 10:00,0.742
17/04/2021 11:00,0.739
17/04/2021 12:00,0.598
17/04/2021 13:00,0.232
17/04/2021 14:00,0.164
17/04/2021 15:00,0.304
17/04/2021 16:00,0.276
17/04/2021 17:00,0.112
17/04/2021 18:00,0
17/04/2021 19:00,0
17/04/2021 20:00,0
17/04/2021 21:00,0
17/04/2021 22:00,0
17/04/2021 23:00,0
18/04/2021 00:00,0
18/04/2021 01:00,0
18/04/2021 02:00,0
18/04/2021 03:00,0
18/04/2021 04:00,0
18/04/2021 05:00,0
18/04/2021 06:00,0.081
18/04/2021 07:00,0.287
18/04/2021 08:00,0.486
18/04/2021 09:00,0.642
18/04/2021 10:00,0.747
18/04/2021 11:00,0.797
18/04/2021 12:00,0.798
18/04/2021 13:00,0.745
18/04/2021 14:00,0.645
18/04/2021 15:00,0.472
18/04/2021 16:00,0.284
18/04/2021 17:00,0.107
18/04/2021 18:00,0
18/04/2021 19:00,0
18/04/2021 20:00,0
18/04/2021 21:00,0
18/04/2021 22:00,0
18/04/2021 23:00,0
19/04/2021 00:00,0
19/04/2021 01:00,0
19/04/2021 02:00,0
19/04/2021 03:00,0
19/04/2021 04:00,0
19/04/2021 05:00,0
19/04/2021 06:00,0.072
19/04/2021 07:00,0.264
19/04/2021 08:00,0.467
19/04/2021 09:00,0.623
19/04/2021 10:00,0.731
19/04/2021 11:00,0.788
19/04/2021 12:00,0.792
19/04/2021 13:00,0.748
19/04/2021 14:00,0.658
19/04/2021 15:00,0.507
19/04/2021 16:00,0.316
19/04/2021 17:00,0.112
19/04/2021 18:00,0
19/04/2021 19:00,0
19/04/2021 20:00,0
19/04/2021 21:00,0
19/04/2021 22:00,0
19/04/2021 23:00,0
20/04/2021 00:00,0
20/04/2021 01:00,0
20/04/2021 02:00,0
20/04/2021 03:00,0
20/04/2021 04:00,0
20/04/2021 05:00,0
20/04/2021 06:00,0.064
20/04/2021 07:00,0.252
20/04/2021 08:00,0.394
20/04/2021 09:00,0.523
20/04/2021 10:00,0.613
20/04/2021 11:00,0.69
20/04/2021 12:00,0.747
20/04/2021 13:00,0.717
20/04/2021 14:00,0.631
20/04/2021 15:00,0.486
20/04/2021 16:00,0.301
20/04/2021 17:00,0.109
20/04/2021 18:00,0
20/04/2021 19:00,0
20/04/2021 20:00,0
20/04/2021 21:00,0
20/04/2021 22:00,0
20/04/2021 23:00,0
21/04/2021 00:00,0
21/04/2021 01:00,0
21/04/2021 02:00,0
21/04/2021 03:00,0
21/04/2021 04:00,0
21/04/2021 05:00,0
21/04/2021 06:00,0.083
21/04/2021 07:00,0.287
21/04/2021 08:00,0.482
21/04/2021 09:00,0.632
21/04/2021 10:00,0.711
21/04/2021 11:00,0.742
21/04/2021 12:00,0.729
21/04/2021 13:00,0.677
21/04/2021 14:00,0.608
21/04/2021 15:00,0.479
21/04/2021 16:00,0.314
21/04/2021 17:00,0.115
21/04/2021 18:00,0.001
21/04/2021 19:00,0
21/04/2021 20:00,0
21/04/2021 21:00,0
21/04/2021 22:00,0
21/04/2021 23:00,0
22/04/2021 00:00,0
22/04/2021 01:00,0
22/04/2021 02:00,0
22/04/2021 03:00,0
22/04/2021 04:00,0
22/04/2021 05:00,0
22/04/2021 06:00,0.025
22/04/2021 07:00,0.153
22/04/2021 08:00,0.151
22/04/2021 09:00,0.245
22/04/2021 10:00,0.362
22/04/2021 11:00,0.385
22/04/2021 12:00,0.41
22/04/2021 13:00,0.36
22/04/2021 14:00,0.437
22/04/2021 15:00,0.386
22/04/2021 16:00,0.241
22/04/2021 17:00,0.101
22/04/2021 18:00,0
22/04/2021 19:00,0
22/04/2021 20:00,0
22/04/2021 21:00,0
22/04/2021 22:00,0
22/04/2021 23:00,0
23/04/2021 00:00,0
23/04/2021 01:00,0
23/04/2021 02:00,0
23/04/2021 03:00,0
23/04/2021 04:00,0
23/04/2021 05:00,0
23/04/2021 06:00,0.013
23/04/2021 07:00,0.136
23/04/2021 08:00,0.427
23/04/2021 09:00,0.488
23/04/2021 10:00,0.279
23/04/2021 11:00,0.406
23/04/2021 12:00,0.325
23/04/2021 13:00,0.543
23/04/2021 14:00,0.35
23/04/2021 15:00,0.336
23/04/2021 16:00,0.286
23/04/2021 17:00,0.113
23/04/2021 18:00,0.001
23/04/2021 19:00,0
23/04/2021 20:00,0
23/04/2021 21:00,0
23/04/2021 22:00,0
23/04/2021 23:00,0
24/04/2021 00:00,0
24/04/2021 01:00,0
24/04/2021 02:00,0
24/04/2021 03:00,0
24/04/2021 04:00,0
24/04/2021 05:00,0
24/04/2021 06:00,0.092
24/04/2021 07:00,0.296
24/04/2021 08:00,0.488
24/04/2021 09:00,0.653
24/04/2021 10:00,0.76
24/04/2021 11:00,0.81
24/04/2021 12:00,0.814
24/04/2021 13:00,0.764
24/04/2021 14:00,0.666
24/04/2021 15:00,0.516
24/04/2021 16:00,0.325
24/04/2021 17:00,0.117
24/04/2021 18:00,0.002
24/04/2021 19:00,0
24/04/2021 20:00,0
24/04/2021 21:00,0
24/04/2021 22:00,0
24/04/2021 23:00,0
25/04/2021 00:00,0
25/04/2021 01:00,0
25/04/2021 02:00,0
25/04/2021 03:00,0
25/04/2021 04:00,0
25/04/2021 05:00,0
25/04/2021 06:00,0.095
25/04/2021 07:00,0.302
25/04/2021 08:00,0.497
25/04/2021 09:00,0.649
25/04/2021 10:00,0.753
25/04/2021 11:00,0.802
25/04/2021 12:00,0.803
25/04/2021 13:00,0.736
25/04/2021 14:00,0.614
25/04/2021 15:00,0.424
25/04/2021 16:00,0.284
25/04/2021 17:00,0.111
25/04/2021 18:00,0.003
25/04/2021 19:00,0
25/04/2021 20:00,0
25/04/2021 21:00,0
25/04/2021 22:00,0
25/04/2021 23:00,0
26/04/2021 00:00,0
26/04/2021 01:00,0
26/04/2021 02:00,0
26/04/2021 03:00,0
26/04/2021 04:00,0
26/04/2021 05:00,0
26/04/2021 06:00,0.092
26/04/2021 07:00,0.26
26/04/2021 08:00,0.47
26/04/2021 09:00,0.592
26/04/2021 10:00,0.673
26/04/2021 11:00,0.721
26/04/2021 12:00,0.73
26/04/2021 13:00,0.669
26/04/2021 14:00,0.586
26/04/2021 15:00,0.477
26/04/2021 16:00,0.303
26/04/2021 17:00,0.113
26/04/2021 18:00,0.001
26/04/2021 19:00,0
26/04/2021 20:00,0
26/04/2021 21:00,0
26/04/2021 22:00,0
26/04/2021 23:00,0
27/04/2021 00:00,0
27/04/2021 01:00,0
27/04/2021 02:00,0
27/04/2021 03:00,0
27/04/2021 04:00,0
27/04/2021 05:00,0
27/04/2021 06:00,0.072
27/04/2021 07:00,0.233
27/04/2021 08:00,0.445
27/04/2021 09:00,0.603
27/04/2021 10:00,0.709
27/04/2021 11:00,0.762
27/04/2021 12:00,0.765
27/04/2021 13:00,0.727
27/04/2021 14:00,0.637
27/04/2021 15:00,0.493
27/04/2021 16:00,0.308
27/04/2021 17:00,0.113
27/04/2021 18:00,0.004
27/04/2021 19:00,0
27/04/2021 20:00,0
27/04/2021 21:00,0
27/04/2021 22:00,0
27/04/2021 23:00,0
28/04/2021 00:00,0
28/04/2021 01:00,0
28/04/2021 02:00,0
28/04/2021 03:00,0
28/04/2021 04:00,0
28/04/2021 05:00,0
28/04/2021 06:00,0.093
28/04/2021 07:00,0.285
28/04/2021 08:00,0.469
28/04/2021 09:00,0.613
28/04/2021 10:00,0.669
28/04/2021 11:00,0.715
28/04/2021 12:00,0.752
28/04/2021 13:00,0.721
28/04/2021 14:00,0.595
28/04/2021 15:00,0.454
28/04/2021 16:00,0.3
28/04/2021 17:00,0.111
28/04/2021 18:00,0.004
28/04/2021 19:00,0
28/04/2021 20:00,0
28/04/2021 21:00,0
28/04/2021 22:00,0
28/04/2021 23:00,0
29/04/2021 00:00,0
29/04/2021 01:00,0
29/04/2021 02:00,0
29/04/2021 03:00,0
29/04/2021 04:00,0
29/04/2021 05:00,0
29/04/2021 06:00,0.072
29/04/2021 07:00,0.245
29/04/2021 08:00,0.43
29/04/2021 09:00,0.584
29/04/2021 10:00,0.692
29/04/2021 11:00,0.748
29/04/2021 12:00,0.757
29/04/2021 13:00,0.715
29/04/2021 14:00,0.603
29/04/2021 15:00,0.474
29/04/2021 16:00,0.303
29/04/2021 17:00,0.114
29/04/2021 18:00,0.004
29/04/2021 19:00,0
29/04/2021 20:00,0
29/04/2021 21:00,0
29/04/2021 22:00,0
29/04/2021 23:00,0
30/04/2021 00:00,0
30/04/2021 01:00,0
30/04/2021 02:00,0
30/04/2021 03:00,0
30/04/2021 04:00,0
30/04/2021 05:00,0
30/04/2021 06:00,0.102
30/04/2021 07:00,0.305
30/04/2021 08:00,0.492
30/04/2021 09:00,0.639
30/04/2021 10:00,0.736
30/04/2021 11:00,0.784
30/04/2021 12:00,0.79
30/04/2021 13:00,0.744
30/04/2021 14:00,0.648
30/04/2021 15:00,0.502
30/04/2021 16:00,0.312
30/04/2021 17:00,0.117
30/04/2021 18:00,0.005
30/04/2021 19:00,0
30/04/2021 20:00,0
30/04/2021 21:00,0
30/04/2021 22:00,0
30/04/2021 23:00,0
01/05/2021 00:00,0
01/05/2021 01:00,0
01/05/2021 02:00,0
01/05/2021 03:00,0
01/05/2021 04:00,0
01/05/2021 05:00,0
01/05/2021 06:00,0.101
01/05/2021 07:00,0.302
01/05/2021 08:00,0.492
01/05/2021 09:00,0.636
01/05/2021 10:00,0.731
01/05/2021 11:00,0.772
01/05/2021 12:00,0.749
01/05/2021 13:00,0.675
01/05/2021 14:00,0.584
01/05/2021 15:00,0.467
01/05/2021 16:00,0.307
01/05/2021 17:00,0.115
01/05/2021 18:00,0.01
01/05/2021 19:00,0
01/05/2021 20:00,0
01/05/2021 21:00,0
01/05/2021 22:00,0
01/05/2021 23:00,0
02/05/2021 00:00,0
02/05/2021 01:00,0
02/05/2021 02:00,0
02/05/2021 03:00,0
02/05/2021 04:00,0
02/05/2021 05:00,0
02/05/2021 06:00,0.102
02/05/2021 07:00,0.297
02/05/2021 08:00,0.486
02/05/2021 09:00,0.61
02/05/2021 10:00,0.658
02/05/2021 11:00,0.605
02/05/2021 12:00,0.418
02/05/2021 13:00,0.294
02/05/2021 14:00,0.225
02/05/2021 15:00,0.256
02/05/2021 16:00,0.185
02/05/2021 17:00,0.089
02/05/2021 18:00,0.005
02/05/2021 19:00,0
02/05/2021 20:00,0
02/05/2021 21:00,0
02/05/2021 22:00,0
02/05/2021 23:00,0
03/05/2021 00:00,0
03/05/2021 01:00,0
03/05/2021 02:00,0
03/05/2021 03:00,0
03/05/2021 04:00,0
03/05/2021 05:00,0
03/05/2021 06:00,0.018
03/05/2021 07:00,0.154
03/05/2021 08:00,0.288
03/05/2021 09:00,0.513
03/05/2021 10:00,0.52
03/05/2021 11:00,0.535
03/05/2021 12:00,0.491
03/05/2021 13:00,0.457
03/05/2021 14:00,0.416
03/05/2021 15:00,0.279
03/05/2021 16:00,0.184
03/05/2021 17:00,0.079
03/05/2021 18:00,0.01
03/05/2021 19:00,0
03/05/2021 20:00,0
03/05/2021 21:00,0
03/05/2021 22:00,0
03/05/2021 23:00,0
04/05/2021 00:00,0
04/05/2021 01:00,0
04/05/2021 02:00,0
04/05/2021 03:00,0
04/05/2021 04:00,0
04/05/2021 05:00,0
04/05/2021 06:00,0.1
04/05/2021 07:00,0.289
04/05/2021 08:00,0.469
04/05/2021 09:00,0.531
04/05/2021 10:00,0.663
04/05/2021 11:00,0.62
04/05/2021 12:00,0.609
04/05/2021 13:00,0.545
04/05/2021 14:00,0.504
04/05/2021 15:00,0.42
04/05/2021 16:00,0.288
04/05/2021 17:00,0.114
04/05/2021 18:00,0.012
04/05/2021 19:00,0
04/05/2021 20:00,0
04/05/2021 21:00,0
04/05/2021 22:00,0
04/05/2021 23:00,0
05/05/2021 00:00,0
05/05/2021 01:00,0
05/05/2021 02:00,0
05/05/2021 03:00,0
05/05/2021 04:00,0
05/05/2021 05:00,0
05/05/2021 06:00,0.105
05/05/2021 07:00,0.3
05/05/2021 08:00,0.485
05/05/2021 09:00,0.625
05/05/2021 10:00,0.699
05/05/2021 11:00,0.682
05/05/2021 12:00,0.633
05/05/2021 13:00,0.547
05/05/2021 14:00,0.554
05/05/2021 15:00,0.443
05/05/2021 16:00,0.299
05/05/2021 17:00,0.115
05/05/2021 18:00,0.012
05/05/2021 19:00,0
05/05/2021 20:00,0
05/05/2021 21:00,0
05/05/2021 22:00,0
05/05/2021 23:00,0
06/05/2021 00:00,0
06/05/2021 01:00,0
06/05/2021 02:00,0
06/05/2021 03:00,0
06/05/2021 04:00,0
06/05/2021 05:00,0.001
06/05/2021 06:00,0.106
06/05/2021 07:00,0.304
06/05/2021 08:00,0.488
06/05/2021 09:00,0.626
06/05/2021 10:00,0.716
06/05/2021 11:00,0.759
06/05/2021 12:00,0.757
06/05/2021 13:00,0.711
06/05/2021 14:00,0.617
06/05/2021 15:00,0.479
06/05/2021 16:00,0.303
06/05/2021 17:00,0.114
06/05/2021 18:00,0.013
06/05/2021 19:00,0
06/05/2021 20:00,0
06/05/2021 21:00,0
06/05/2021 22:00,0
06/05/2021 23:00,0
07/05/2021 00:00,0
07/05/2021 01:00,0
07/05/2021 02:00,0
07/05/2021 03:00,0
07/05/2021 04:00,0
07/05/2021 05:00,0.002
07/05/2021 06:00,0.106
07/05/2021 07:00,0.302
07/05/2021 08:00,0.483
07/05/2021 09:00,0.623
07/05/2021 10:00,0.715
07/05/2021 11:00,0.758
07/05/2021 12:00,0.754
07/05/2021 13:00,0.706
07/05/2021 14:00,0.615
07/05/2021 15:00,0.478
07/05/2021 16:00,0.303
07/05/2021 17:00,0.114
07/05/2021 18:00,0.015
07/05/2021 19:00,0
07/05/2021 20:00,0
07/05/2021 21:00,0
07/05/2021 22:00,0
07/05/2021 23:00,0
08/05/2021 00:00,0
08/05/2021 01:00,0
08/05/2021 02:00,0
08/05/2021 03:00,0
08/05/2021 04:00,0
08/05/2021 05:00,0.002
08/05/2021 06:00,0.099
08/05/2021 07:00,0.238
08/05/2021 08:00,0.389
08/05/2021 09:00,0.588
08/05/2021 10:00,0.624
08/05/2021 11:00,0.647
08/05/2021 12:00,0.647
08/05/2021 13:00,0.662
08/05/2021 14:00,0.581
08/05/2021 15:00,0.442
08/05/2021 16:00,0.278
08/05/2021 17:00,0.107
08/05/2021 18:00,0.015
08/05/2021 19:00,0
08/05/2021 20:00,0
08/05/2021 21:00,0
08/05/2021 22:00,0
08/05/2021 23:00,0
09/05/2021 00:00,0
09/05/2021 01:00,0
09/05/2021 02:00,0
09/05/2021 03:00,0
09/05/2021 04:00,0
09/05/2021 05:00,0.001
09/05/2021 06:00,0.106
09/05/2021 07:00,0.294
09/05/2021 08:00,0.475
09/05/2021 09:00,0.618
09/05/2021 10:00,0.693
09/05/2021 11:00,0.708
09/05/2021 12:00,0.672
09/05/2021 13:00,0.606
09/05/2021 14:00,0.517
09/05/2021 15:00,0.439
09/05/2021 16:00,0.278
09/05/2021 17:00,0.112
09/05/2021 18:00,0.016
09/05/2021 19:00,0
09/05/2021 20:00,0
09/05/2021 21:00,0
09/05/2021 22:00,0
09/05/2021 23:00,0
10/05/2021 00:00,0
10/05/2021 01:00,0
10/05/2021 02:00,0
10/05/2021 03:00,0
10/05/2021 04:00,0
10/05/2021 05:00,0
10/05/2021 06:00,0.092
10/05/2021 07:00,0.291
10/05/2021 08:00,0.453
10/05/2021 09:00,0.505
10/05/2021 10:00,0.543
10/05/2021 11:00,0.437
10/05/2021 12:00,0.319
10/05/2021 13:00,0.138
10/05/2021 14:00,0.184
10/05/2021 15:00,0.446
10/05/2021 16:00,0.267
10/05/2021 17:00,0.116
10/05/2021 18:00,0.017
10/05/2021 19:00,0
10/05/2021 20:00,0
10/05/2021 21:00,0
10/05/2021 22:00,0
10/05/2021 23:00,0
11/05/2021 00:00,0
11/05/2021 01:00,0
11/05/2021 02:00,0
11/05/2021 03:00,0
11/05/2021 04:00,0
11/05/2021 05:00,0.004
11/05/2021 06:00,0.109
11/05/2021 07:00,0.291
11/05/2021 08:00,0.463
11/05/2021 09:00,0.476
11/05/2021 10:00,0.507
11/05/2021 11:00,0.572
11/05/2021 12:00,0.536
11/05/2021 13:00,0.435
11/05/2021 14:00,0.415
11/05/2021 15:00,0.373
11/05/2021 16:00,0.261
11/05/2021 17:00,0.1
11/05/2021 18:00,0.004
11/05/2021 19:00,0
11/05/2021 20:00,0
11/05/2021 21:00,0
11/05/2021 22:00,0
11/05/2021 23:00,0
12/05/2021 00:00,0
12/05/2021 01:00,0
12/05/2021 02:00,0
12/05/2021 03:00,0
12/05/2021 04:00,0
12/05/2021 05:00,0.005
12/05/2021 06:00,0.11
12/05/2021 07:00,0.299
12/05/2021 08:00,0.477
12/05/2021 09:00,0.601
12/05/2021 10:00,0.63
12/05/2021 11:00,0.535
12/05/2021 12:00,0.296
12/05/2021 13:00,0.344
12/05/2021 14:00,0.29
12/05/2021 15:00,0.476
12/05/2021 16:00,0.294
12/05/2021 17:00,0.101
12/05/2021 18:00,0.012
12/05/2021 19:00,0
12/05/2021 20:00,0
12/05/2021 21:00,0
12/05/2021 22:00,0
12/05/2021 23:00,0
13/05/2021 00:00,0
13/05/2021 01:00,0
13/05/2021 02:00,0
13/05/2021 03:00,0
13/05/2021 04:00,0
13/05/2021 05:00,0.005
13/05/2021 06:00,0.112
13/05/2021 07:00,0.298
13/05/2021 08:00,0.434
13/05/2021 09:00,0.46
13/05/2021 10:00,0.436
13/05/2021 11:00,0.326
13/05/2021 12:00,0.196
13/05/2021 13:00,0.374
13/05/2021 14:00,0.544
13/05/2021 15:00,0.357
13/05/2021 16:00,0.121
13/05/2021 17:00,0.034
13/05/2021 18:00,0.014
13/05/2021 19:00,0
13/05/2021 20:00,0
13/05/2021 21:00,0
13/05/2021 22:00,0
13/05/2021 23:00,0
14/05/2021 00:00,0
14/05/2021 01:00,0
14/05/2021 02:00,0
14/05/2021 03:00,0
14/05/2021 04:00,0
14/05/2021 05:00,0.006
14/05/2021 06:00,0.113
14/05/2021 07:00,0.302
14/05/2021 08:00,0.478
14/05/2021 09:00,0.527
14/05/2021 10:00,0.465
14/05/2021 11:00,0.469
14/05/2021 12:00,0.5
14/05/2021 13:00,0.451
14/05/2021 14:00,0.361
14/05/2021 15:00,0.229
14/05/2021 16:00,0.231
14/05/2021 17:00,0.115
14/05/2021 18:00,0.021
14/05/2021 19:00,0
14/05/2021 20:00,0
14/05/2021 21:00,0
14/05/2021 22:00,0
14/05/2021 23:00,0
15/05/2021 00:00,0
15/05/2021 01:00,0
15/05/2021 02:00,0
15/05/2021 03:00,0
15/05/2021 04:00,0
15/05/2021 05:00,0.006
15/05/2021 06:00,0.113
15/05/2021 07:00,0.305
15/05/2021 08:00,0.486
15/05/2021 09:00,0.626
15/05/2021 10:00,0.719
15/05/2021 11:00,0.763
15/05/2021 12:00,0.761
15/05/2021 13:00,0.706
15/05/2021 14:00,0.608
15/05/2021 15:00,0.478
15/05/2021 16:00,0.308
15/05/2021 17:00,0.12
15/05/2021 18:00,0.022
15/05/2021 19:00,0
15/05/2021 20:00,0
15/05/2021 21:00,0
15/05/2021 22:00,0
15/05/2021 23:00,0
16/05/2021 00:00,0
16/05/2021 01:00,0
16/05/2021 02:00,0
16/05/2021 03:00,0
16/05/2021 04:00,0
16/05/2021 05:00,0.004
16/05/2021 06:00,0.114
16/05/2021 07:00,0.307
16/05/2021 08:00,0.487
16/05/2021 09:00,0.623
16/05/2021 10:00,0.711
16/05/2021 11:00,0.753
16/05/2021 12:00,0.752
16/05/2021 13:00,0.704
16/05/2021 14:00,0.612
16/05/2021 15:00,0.477
16/05/2021 16:00,0.304
16/05/2021 17:00,0.119
16/05/2021 18:00,0.023
16/05/2021 19:00,0
16/05/2021 20:00,0
16/05/2021 21:00,0
16/05/2021 22:00,0
16/05/2021 23:00,0
17/05/2021 00:00,0
17/05/2021 01:00,0
17/05/2021 02:00,0
17/05/2021 03:00,0
17/05/2021 04:00,0
17/05/2021 05:00,0.005
17/05/2021 06:00,0.11
17/05/2021 07:00,0.289
17/05/2021 08:00,0.464
17/05/2021 09:00,0.601
17/05/2021 10:00,0.688
17/05/2021 11:00,0.733
17/05/2021 12:00,0.735
17/05/2021 13:00,0.692
17/05/2021 14:00,0.603
17/05/2021 15:00,0.469
17/05/2021 16:00,0.296
17/05/2021 17:00,0.119
17/05/2021 18:00,0.023
17/05/2021 19:00,0
17/05/2021 20:00,0
17/05/2021 21:00,0
17/05/2021 22:00,0
17/05/2021 23:00,0
18/05/2021 00:00,0
18/05/2021 01:00,0
18/05/2021 02:00,0
18/05/2021 03:00,0
18/05/2021 04:00,0
18/05/2021 05:00,0.007
18/05/2021 06:00,0.112
18/05/2021 07:00,0.293
18/05/2021 08:00,0.464
18/05/2021 09:00,0.597
18/05/2021 10:00,0.686
18/05/2021 11:00,0.73
18/05/2021 12:00,0.729
18/05/2021 13:00,0.687
18/05/2021 14:00,0.599
18/05/2021 15:00,0.465
18/05/2021 16:00,0.296
18/05/2021 17:00,0.117
18/05/2021 18:00,0.024
18/05/2021 19:00,0
18/05/2021 20:00,0
18/05/2021 21:00,0
18/05/2021 22:00,0
18/05/2021 23:00,0
19/05/2021 00:00,0
19/05/2021 01:00,0
19/05/2021 02:00,0
19/05/2021 03:00,0
19/05/2021 04:00,0
19/05/2021 05:00,0.006
19/05/2021 06:00,0.107
19/05/2021 07:00,0.277
19/05/2021 08:00,0.445
19/05/2021 09:00,0.579
19/05/2021 10:00,0.669
19/05/2021 11:00,0.715
19/05/2021 12:00,0.715
19/05/2021 13:00,0.673
19/05/2021 14:00,0.587
19/05/2021 15:00,0.456
19/05/2021 16:00,0.29
19/05/2021 17:00,0.119
19/05/2021 18:00,0.023
19/05/2021 19:00,0
19/05/2021 20:00,0
19/05/2021 21:00,0
19/05/2021 22:00,0
19/05/2021 23:00,0
20/05/2021 00:00,0
20/05/2021 01:00,0
20/05/2021 02:00,0
20/05/2021 03:00,0
20/05/2021 04:00,0
20/05/2021 05:00,0.008
20/05/2021 06:00,0.113
20/05/2021 07:00,0.29
20/05/2021 08:00,0.465
20/05/2021 09:00,0.603
20/05/2021 10:00,0.695
20/05/2021 11:00,0.739
20/05/2021 12:00,0.74
20/05/2021 13:00,0.699
20/05/2021 14:00,0.613
20/05/2021 15:00,0.479
20/05/2021 16:00,0.306
20/05/2021 17:00,0.122
20/05/2021 18:00,0.026
20/05/2021 19:00,0
20/05/2021 20:00,0
20/05/2021 21:00,0
20/05/2021 22:00,0
20/05/2021 23:00,0
21/05/2021 00:00,0
21/05/2021 01:00,0
21/05/2021 02:00,0
21/05/2021 03:00,0
21/05/2021 04:00,0
21/05/2021 05:00,0.006
21/05/2021 06:00,0.117
21/05/2021 07:00,0.308
21/05/2021 08:00,0.485
21/05/2021 09:00,0.623
21/05/2021 10:00,0.713
21/05/2021 11:00,0.75
21/05/2021 12:00,0.669
21/05/2021 13:00,0.587
21/05/2021 14:00,0.488
21/05/2021 15:00,0.348
21/05/2021 16:00,0.223
21/05/2021 17:00,0.106
21/05/2021 18:00,0.014
21/05/2021 19:00,0
21/05/2021 20:00,0
21/05/2021 21:00,0
21/05/2021 22:00,0
21/05/2021 23:00,0
22/05/2021 00:00,0
22/05/2021 01:00,0
22/05/2021 02:00,0
22/05/2021 03:00,0
22/05/2021 04:00,0
22/05/2021 05:00,0.009
22/05/2021 06:00,0.116
22/05/2021 07:00,0.301
22/05/2021 08:00,0.478
22/05/2021 09:00,0.548
22/05/2021 10:00,0.482
22/05/2021 11:00,0.269
22/05/2021 12:00,0.179
22/05/2021 13:00,0.133
22/05/2021 14:00,0.25
22/05/2021 15:00,0.307
22/05/2021 16:00,0.226
22/05/2021 17:00,0.103
22/05/2021 18:00,0.023
22/05/2021 19:00,0
22/05/2021 20:00,0
22/05/2021 21:00,0
22/05/2021 22:00,0
22/05/2021 23:00,0
23/05/2021 00:00,0
23/05/2021 01:00,0
23/05/2021 02:00,0
23/05/2021 03:00,0
23/05/2021 04:00,0
23/05/2021 05:00,0
23/05/2021 06:00,0.03
23/05/2021 07:00,0.188
23/05/2021 08:00,0.336
23/05/2021 09:00,0.523
23/05/2021 10:00,0.678
23/05/2021 11:00,0.691
23/05/2021 12:00,0.618
23/05/2021 13:00,0.569
23/05/2021 14:00,0.423
23/05/2021 15:00,0.439
23/05/2021 16:00,0.306
23/05/2021 17:00,0.122
23/05/2021 18:00,0.029
23/05/2021 19:00,0
23/05/2021 20:00,0
23/05/2021 21:00,0
23/05/2021 22:00,0
23/05/2021 23:00,0
24/05/2021 00:00,0
24/05/2021 01:00,0
24/05/2021 02:00,0
24/05/2021 03:00,0
24/05/2021 04:00,0
24/05/2021 05:00,0
24/05/2021 06:00,0.053
24/05/2021 07:00,0.168
24/05/2021 08:00,0.245
24/05/2021 09:00,0.306
24/05/2021 10:00,0.477
24/05/2021 11:00,0.489
24/05/2021 12:00,0.709
24/05/2021 13:00,0.688
24/05/2021 14:00,0.598
24/05/2021 15:00,0.466
24/05/2021 16:00,0.299
24/05/2021 17:00,0.125
24/05/2021 18:00,0.03
24/05/2021 19:00,0
24/05/2021 20:00,0
24/05/2021 21:00,0
24/05/2021 22:00,0
24/05/2021 23:00,0
25/05/2021 00:00,0
25/05/2021 01:00,0
25/05/2021 02:00,0
25/05/2021 03:00,0
25/05/2021 04:00,0
25/05/2021 05:00,0.009
25/05/2021 06:00,0.114
25/05/2021 07:00,0.284
25/05/2021 08:00,0.453
25/05/2021 09:00,0.589
25/05/2021 10:00,0.683
25/05/2021 11:00,0.73
25/05/2021 12:00,0.734
25/05/2021 13:00,0.696
25/05/2021 14:00,0.61
25/05/2021 15:00,0.477
25/05/2021 16:00,0.307
25/05/2021 17:00,0.126
25/05/2021 18:00,0.031
25/05/2021 19:00,0
25/05/2021 20:00,0
25/05/2021 21:00,0
25/05/2021 22:00,0
25/05/2021 23:00,0
26/05/2021 00:00,0
26/05/2021 01:00,0
26/05/2021 02:00,0
26/05/2021 03:00,0
26/05/2021 04:00,0
26/05/2021 05:00,0.007
26/05/2021 06:00,0.116
26/05/2021 07:00,0.298
26/05/2021 08:00,0.472
26/05/2021 09:00,0.608
26/05/2021 10:00,0.697
26/05/2021 11:00,0.741
26/05/2021 12:00,0.732
26/05/2021 13:00,0.662
26/05/2021 14:00,0.601
26/05/2021 15:00,0.458
26/05/2021 16:00,0.125
26/05/2021 17:00,0.058
26/05/2021 18:00,0.024
26/05/2021 19:00,0
26/05/2021 20:00,0
26/05/2021 21:00,0
26/05/2021 22:00,0
26/05/2021 23:00,0
27/05/2021 00:00,0
27/05/2021 01:00,0
27/05/2021 02:00,0
27/05/2021 03:00,0
27/05/2021 04:00,0
27/05/2021 05:00,0.009
27/05/2021 06:00,0.081
27/05/2021 07:00,0.177
27/05/2021 08:00,0.32
27/05/2021 09:00,0.386
27/05/2021 10:00,0.424
27/05/2021 11:00,0.535
27/05/2021 12:00,0.607
27/05/2021 13:00,0.29
27/05/2021 14:00,0.215
27/05/2021 15:00,0.282
27/05/2021 16:00,0.188
27/05/2021 17:00,0.106
27/05/2021 18:00,0.03
27/05/2021 19:00,0
27/05/2021 20:00,0
27/05/2021 21:00,0
27/05/2021 22:00,0
27/05/2021 23:00,0
28/05/2021 00:00,0
28/05/2021 01:00,0
28/05/2021 02:00,0
28/05/2021 03:00,0
28/05/2021 04:00,0
28/05/2021 05:00,0.011
28/05/2021 06:00,0.116
28/05/2021 07:00,0.289
28/05/2021 08:00,0.462
28/05/2021 09:00,0.601
28/05/2021 10:00,0.695
28/05/2021 11:00,0.743
28/05/2021 12:00,0.747
28/05/2021 13:00,0.707
28/05/2021 14:00,0.615
28/05/2021 15:00,0.481
28/05/2021 16:00,0.311
28/05/2021 17:00,0.128
28/05/2021 18:00,0.034
28/05/2021 19:00,0
28/05/2021 20:00,0
28/05/2021 21:00,0
28/05/2021 22:00,0
28/05/2021 23:00,0
29/05/2021 00:00,0
29/05/2021 01:00,0
29/05/2021 02:00,0
29/05/2021 03:00,0
29/05/2021 04:00,0
29/05/2021 05:00,0
29/05/2021 06:00,0.068
29/05/2021 07:00,0.153
29/05/2021 08:00,0.258
29/05/2021 09:00,0.325
29/05/2021 10:00,0.248
29/05/2021 11:00,0.389
29/05/2021 12:00,0.226
29/05/2021 13:00,0.411
29/05/2021 14:00,0.392
29/05/2021 15:00,0.314
29/05/2021 16:00,0.262
29/05/2021 17:00,0.123
29/05/2021 18:00,0.024
29/05/2021 19:00,0
29/05/2021 20:00,0
29/05/2021 21:00,0
29/05/2021 22:00,0
29/05/2021 23:00,0
30/05/2021 00:00,0
30/05/2021 01:00,0
30/05/2021 02:00,0
30/05/2021 03:00,0
30/05/2021 04:00,0
30/05/2021 05:00,0.009
30/05/2021 06:00,0.106
30/05/2021 07:00,0.147
30/05/2021 08:00,0.133
30/05/2021 09:00,0.227
30/05/2021 10:00,0.445
30/05/2021 11:00,0.286
30/05/2021 12:00,0.143
30/05/2021 13:00,0.232
30/05/2021 14:00,0.155
30/05/2021 15:00,0.146
30/05/2021 16:00,0.095
30/05/2021 17:00,0.079
30/05/2021 18:00,0.019
30/05/2021 19:00,0
30/05/2021 20:00,0
30/05/2021 21:00,0
30/05/2021 22:00,0
30/05/2021 23:00,0
31/05/2021 00:00,0
31/05/2021 01:00,0
31/05/2021 02:00,0
31/05/2021 03:00,0
31/05/2021 04:00,0
31/05/2021 05:00,0.007
31/05/2021 06:00,0.117
31/05/2021 07:00,0.289
31/05/2021 08:00,0.404
31/05/2021 09:00,0.496
31/05/2021 10:00,0.47
31/05/2021 11:00,0.32
31/05/2021 12:00,0.212
31/05/2021 13:00,0.158
31/05/2021 14:00,0.15
31/05/2021 15:00,0.151
31/05/2021 16:00,0.084
31/05/2021 17:00,0.043
31/05/2021 18:00,0.009
31/05/2021 19:00,0
31/05/2021 20:00,0
31/05/2021 21:00,0
31/05/2021 22:00,0
31/05/2021 23:00,0
01/06/2021 00:00,0
01/06/2021 01:00,0
01/06/2021 02:00,0
01/06/2021 03:00,0
01/06/2021 04:00,0
01/06/2021 05:00,0.007
01/06/2021 06:00,0.113
01/06/2021 07:00,0.3
01/06/2021 08:00,0.473
01/06/2021 09:00,0.608
01/06/2021 10:00,0.701
01/06/2021 11:00,0.748
01/06/2021 12:00,0.743
01/06/2021 13:00,0.697
01/06/2021 14:00,0.604
01/06/2021 15:00,0.473
01/06/2021 16:00,0.306
01/06/2021 17:00,0.127
01/06/2021 18:00,0.036
01/06/2021 19:00,0
01/06/2021 20:00,0
01/06/2021 21:00,0
01/06/2021 22:00,0
01/06/2021 23:00,0
02/06/2021 00:00,0
02/06/2021 01:00,0
02/06/2021 02:00,0
02/06/2021 03:00,0
02/06/2021 04:00,0
02/06/2021 05:00,0.011
02/06/2021 06:00,0.113
02/06/2021 07:00,0.283
02/06/2021 08:00,0.447
02/06/2021 09:00,0.576
02/06/2021 10:00,0.68
02/06/2021 11:00,0.73
02/06/2021 12:00,0.73
02/06/2021 13:00,0.664
02/06/2021 14:00,0.547
02/06/2021 15:00,0.349
02/06/2021 16:00,0.24
02/06/2021 17:00,0.128
02/06/2021 18:00,0.034
02/06/2021 19:00,0
02/06/2021 20:00,0
02/06/2021 21:00,0
02/06/2021 22:00,0
02/06/2021 23:00,0
03/06/2021 00:00,0
03/06/2021 01:00,0
03/06/2021 02:00,0
03/06/2021 03:00,0
03/06/2021 04:00,0
03/06/2021 05:00,0.011
03/06/2021 06:00,0.115
03/06/2021 07:00,0.296
03/06/2021 08:00,0.468
03/06/2021 09:00,0.604
03/06/2021 10:00,0.694
03/06/2021 11:00,0.731
03/06/2021 12:00,0.705
03/06/2021 13:00,0.646
03/06/2021 14:00,0.574
03/06/2021 15:00,0.461
03/06/2021 16:00,0.305
03/06/2021 17:00,0.131
03/06/2021 18:00,0.039
03/06/2021 19:00,0
03/06/2021 20:00,0
03/06/2021 21:00,0
03/06/2021 22:00,0
03/06/2021 23:00,0
04/06/2021 00:00,0
04/06/2021 01:00,0
04/06/2021 02:00,0
04/06/2021 03:00,0
04/06/2021 04:00,0
04/06/2021 05:00,0.008
04/06/2021 06:00,0.114
04/06/2021 07:00,0.298
04/06/2021 08:00,0.469
04/06/2021 09:00,0.596
04/06/2021 10:00,0.646
04/06/2021 11:00,0.591
04/06/2021 12:00,0.522
04/06/2021 13:00,0.41
04/06/2021 14:00,0.37
04/06/2021 15:00,0.279
04/06/2021 16:00,0.21
04/06/2021 17:00,0.115
04/06/2021 18:00,0.035
04/06/2021 19:00,0
04/06/2021 20:00,0
04/06/2021 21:00,0
04/06/2021 22:00,0
04/06/2021 23:00,0
05/06/2021 00:00,0
05/06/2021 01:00,0
05/06/2021 02:00,0
05/06/2021 03:00,0
05/06/2021 04:00,0
05/06/2021 05:00,0.013
05/06/2021 06:00,0.116
05/06/2021 07:00,0.289
05/06/2021 08:00,0.418
05/06/2021 09:00,0.511
05/06/2021 10:00,0.546
05/06/2021 11:00,0.475
05/06/2021 12:00,0.335
05/06/2021 13:00,0.138
05/06/2021 14:00,0.088
05/06/2021 15:00,0.173
05/06/2021 16:00,0.201
05/06/2021 17:00,0.13
05/06/2021 18:00,0.04
05/06/2021 19:00,0
05/06/2021 20:00,0
05/06/2021 21:00,0
05/06/2021 22:00,0
05/06/2021 23:00,0
06/06/2021 00:00,0
06/06/2021 01:00,0
06/06/2021 02:00,0
06/06/2021 03:00,0
06/06/2021 04:00,0
06/06/2021 05:00,0.008
06/06/2021 06:00,0.114
06/06/2021 07:00,0.294
06/06/2021 08:00,0.467
06/06/2021 09:00,0.599
06/06/2021 10:00,0.602
06/06/2021 11:00,0.534
06/06/2021 12:00,0.447
06/06/2021 13:00,0.332
06/06/2021 14:00,0.375
06/06/2021 15:00,0.279
06/06/2021 16:00,0.233
06/06/2021 17:00,0.128
06/06/2021 18:00,0.038
06/06/2021 19:00,0
06/06/2021 20:00,0
06/06/2021 21:00,0
06/06/2021 22:00,0
06/06/2021 23:00,0
07/06/2021 00:00,0
07/06/2021 01:00,0
07/06/2021 02:00,0
07/06/2021 03:00,0
07/06/2021 04:00,0
07/06/2021 05:00,0.012
07/06/2021 06:00,0.114
07/06/2021 07:00,0.283
07/06/2021 08:00,0.446
07/06/2021 09:00,0.541
07/06/2021 10:00,0.565
07/06/2021 11:00,0.545
07/06/2021 12:00,0.498
07/06/2021 13:00,0.466
07/06/2021 14:00,0.374
07/06/2021 15:00,0.298
07/06/2021 16:00,0.187
07/06/2021 17:00,0.096
07/06/2021 18:00,0.034
07/06/2021 19:00,0
07/06/2021 20:00,0
07/06/2021 21:00,0
07/06/2021 22:00,0
07/06/2021 23:00,0
08/06/2021 00:00,0
08/06/2021 01:00,0
08/06/2021 02:00,0
08/06/2021 03:00,0
08/06/2021 04:00,0
08/06/2021 05:00,0.01
08/06/2021 06:00,0.112
08/06/2021 07:00,0.262
08/06/2021 08:00,0.398
08/06/2021 09:00,0.56
08/06/2021 10:00,0.657
08/06/2021 11:00,0.714
08/06/2021 12:00,0.559
08/06/2021 13:00,0.451
08/06/2021 14:00,0.446
08/06/2021 15:00,0.414
08/06/2021 16:00,0.28
08/06/2021 17:00,0.13
08/06/2021 18:00,0.039
08/06/2021 19:00,0
08/06/2021 20:00,0
08/06/2021 21:00,0
08/06/2021 22:00,0
08/06/2021 23:00,0
09/06/2021 00:00,0
09/06/2021 01:00,0
09/06/2021 02:00,0
09/06/2021 03:00,0
09/06/2021 04:00,0
09/06/2021 05:00,0.013
09/06/2021 06:00,0.114
09/06/2021 07:00,0.278
09/06/2021 08:00,0.442
09/06/2021 09:00,0.563
09/06/2021 10:00,0.619
09/06/2021 11:00,0.654
09/06/2021 12:00,0.637
09/06/2021 13:00,0.614
09/06/2021 14:00,0.562
09/06/2021 15:00,0.467
09/06/2021 16:00,0.31
09/06/2021 17:00,0.135
09/06/2021 18:00,0.045
09/06/2021 19:00,0
09/06/2021 20:00,0
09/06/2021 21:00,0
09/06/2021 22:00,0
09/06/2021 23:00,0
10/06/2021 00:00,0
10/06/2021 01:00,0
10/06/2021 02:00,0
10/06/2021 03:00,0
10/06/2021 04:00,0
10/06/2021 05:00,0.011
10/06/2021 06:00,0.112
10/06/2021 07:00,0.287
10/06/2021 08:00,0.46
10/06/2021 09:00,0.583
10/06/2021 10:00,0.638
10/06/2021 11:00,0.658
10/06/2021 12:00,0.615
10/06/2021 13:00,0.567
10/06/2021 14:00,0.494
10/06/2021 15:00,0.446
10/06/2021 16:00,0.295
10/06/2021 17:00,0.135
10/06/2021 18:00,0.044
10/06/2021 19:00,0
10/06/2021 20:00,0
10/06/2021 21:00,0
10/06/2021 22:00,0
10/06/2021 23:00,0
11/06/2021 00:00,0
11/06/2021 01:00,0
11/06/2021 02:00,0
11/06/2021 03:00,0
11/06/2021 04:00,0
11/06/2021 05:00,0.009
11/06/2021 06:00,0.108
11/06/2021 07:00,0.206
11/06/2021 08:00,0.279
11/06/2021 09:00,0.267
11/06/2021 10:00,0.248
11/06/2021 11:00,0.397
11/06/2021 12:00,0.328
11/06/2021 13:00,0.459
11/06/2021 14:00,0.453
11/06/2021 15:00,0.435
11/06/2021 16:00,0.308
11/06/2021 17:00,0.137
11/06/2021 18:00,0.044
11/06/2021 19:00,0
11/06/2021 20:00,0
11/06/2021 21:00,0
11/06/2021 22:00,0
11/06/2021 23:00,0
12/06/2021 00:00,0
12/06/2021 01:00,0
12/06/2021 02:00,0
12/06/2021 03:00,0
12/06/2021 04:00,0
12/06/2021 05:00,0.011
12/06/2021 06:00,0.112
12/06/2021 07:00,0.289
12/06/2021 08:00,0.457
12/06/2021 09:00,0.543
12/06/2021 10:00,0.515
12/06/2021 11:00,0.524
12/06/2021 12:00,0.41
12/06/2021 13:00,0.269
12/06/2021 14:00,0.123
12/06/2021 15:00,0.082
12/06/2021 16:00,0.061
12/06/2021 17:00,0.062
12/06/2021 18:00,0.027
12/06/2021 19:00,0
12/06/2021 20:00,0
12/06/2021 21:00,0
12/06/2021 22:00,0
12/06/2021 23:00,0
13/06/2021 00:00,0
13/06/2021 01:00,0
13/06/2021 02:00,0
13/06/2021 03:00,0
13/06/2021 04:00,0
13/06/2021 05:00,0.011
13/06/2021 06:00,0.111
13/06/2021 07:00,0.288
13/06/2021 08:00,0.455
13/06/2021 09:00,0.549
13/06/2021 10:00,0.58
13/06/2021 11:00,0.526
13/06/2021 12:00,0.415
13/06/2021 13:00,0.354
13/06/2021 14:00,0.234
13/06/2021 15:00,0.229
13/06/2021 16:00,0.196
13/06/2021 17:00,0.118
13/06/2021 18:00,0.045
13/06/2021 19:00,0
13/06/2021 20:00,0
13/06/2021 21:00,0
13/06/2021 22:00,0
13/06/2021 23:00,0
14/06/2021 00:00,0
14/06/2021 01:00,0
14/06/2021 02:00,0
14/06/2021 03:00,0
14/06/2021 04:00,0
14/06/2021 05:00,0.01
14/06/2021 06:00,0.109
14/06/2021 07:00,0.288
14/06/2021 08:00,0.456
14/06/2021 09:00,0.588
14/06/2021 10:00,0.656
14/06/2021 11:00,0.66
14/06/2021 12:00,0.598
14/06/2021 13:00,0.543
14/06/2021 14:00,0.447
14/06/2021 15:00,0.386
14/06/2021 16:00,0.275
14/06/2021 17:00,0.134
14/06/2021 18:00,0.047
14/06/2021 19:00,0
14/06/2021 20:00,0
14/06/2021 21:00,0
14/06/2021 22:00,0
14/06/2021 23:00,0
15/06/2021 00:00,0
15/06/2021 01:00,0
15/06/2021 02:00,0
15/06/2021 03:00,0
15/06/2021 04:00,0
15/06/2021 05:00,0.011
15/06/2021 06:00,0.109
15/06/2021 07:00,0.282
15/06/2021 08:00,0.448
15/06/2021 09:00,0.559
15/06/2021 10:00,0.59
15/06/2021 11:00,0.484
15/06/2021 12:00,0.332
15/06/2021 13:00,0.526
15/06/2021 14:00,0.513
15/06/2021 15:00,0.375
15/06/2021 16:00,0.286
15/06/2021 17:00,0.135
15/06/2021 18:00,0.046
15/06/2021 19:00,0
15/06/2021 20:00,0
15/06/2021 21:00,0
15/06/2021 22:00,0
15/06/2021 23:00,0
16/06/2021 00:00,0
16/06/2021 01:00,0
16/06/2021 02:00,0
16/06/2021 03:00,0
16/06/2021 04:00,0
16/06/2021 05:00,0.013
16/06/2021 06:00,0.108
16/06/2021 07:00,0.278
16/06/2021 08:00,0.442
16/06/2021 09:00,0.538
16/06/2021 10:00,0.604
16/06/2021 11:00,0.658
16/06/2021 12:00,0.657
16/06/2021 13:00,0.588
16/06/2021 14:00,0.505
16/06/2021 15:00,0.444
16/06/2021 16:00,0.303
16/06/2021 17:00,0.134
16/06/2021 18:00,0.047
16/06/2021 19:00,0
16/06/2021 20:00,0
16/06/2021 21:00,0
16/06/2021 22:00,0
16/06/2021 23:00,0
17/06/2021 00:00,0
17/06/2021 01:00,0
17/06/2021 02:00,0
17/06/2021 03:00,0
17/06/2021 04:00,0
17/06/2021 05:00,0.013
17/06/2021 06:00,0.109
17/06/2021 07:00,0.273
17/06/2021 08:00,0.439
17/06/2021 09:00,0.562
17/06/2021 10:00,0.619
17/06/2021 11:00,0.642
17/06/2021 12:00,0.509
17/06/2021 13:00,0.372
17/06/2021 14:00,0.425
17/06/2021 15:00,0.444
17/06/2021 16:00,0.306
17/06/2021 17:00,0.134
17/06/2021 18:00,0.047
17/06/2021 19:00,0
17/06/2021 20:00,0
17/06/2021 21:00,0
17/06/2021 22:00,0
17/06/2021 23:00,0
18/06/2021 00:00,0
18/06/2021 01:00,0
18/06/2021 02:00,0
18/06/2021 03:00,0
18/06/2021 04:00,0
18/06/2021 05:00,0.012
18/06/2021 06:00,0.107
18/06/2021 07:00,0.277
18/06/2021 08:00,0.442
18/06/2021 09:00,0.576
18/06/2021 10:00,0.666
18/06/2021 11:00,0.699
18/06/2021 12:00,0.661
18/06/2021 13:00,0.643
18/06/2021 14:00,0.585
18/06/2021 15:00,0.469
18/06/2021 16:00,0.31
18/06/2021 17:00,0.137
18/06/2021 18:00,0.047
18/06/2021 19:00,0
18/06/2021 20:00,0
18/06/2021 21:00,0
18/06/2021 22:00,0
18/06/2021 23:00,0
19/06/2021 00:00,0
19/06/2021 01:00,0
19/06/2021 02:00,0
19/06/2021 03:00,0
19/06/2021 04:00,0
19/06/2021 05:00,0.009
19/06/2021 06:00,0.107
19/06/2021 07:00,0.283
19/06/2021 08:00,0.45
19/06/2021 09:00,0.576
19/06/2021 10:00,0.639
19/06/2021 11:00,0.666
19/06/2021 12:00,0.647
19/06/2021 13:00,0.593
19/06/2021 14:00,0.465
19/06/2021 15:00,0.448
19/06/2021 16:00,0.294
19/06/2021 17:00,0.136
19/06/2021 18:00,0.047
19/06/2021 19:00,0
19/06/2021 20:00,0
19/06/2021 21:00,0
19/06/2021 22:00,0
19/06/2021 23:00,0
20/06/2021 00:00,0
20/06/2021 01:00,0
20/06/2021 02:00,0
20/06/2021 03:00,0
20/06/2021 04:00,0
20/06/2021 05:00,0.009
20/06/2021 06:00,0.105
20/06/2021 07:00,0.284
20/06/2021 08:00,0.452
20/06/2021 09:00,0.581
20/06/2021 10:00,0.656
20/06/2021 11:00,0.679
20/06/2021 12:00,0.668
20/06/2021 13:00,0.603
20/06/2021 14:00,0.53
20/06/2021 15:00,0.414
20/06/2021 16:00,0.28
20/06/2021 17:00,0.142
20/06/2021 18:00,0.049
20/06/2021 19:00,0
20/06/2021 20:00,0
20/06/2021 21:00,0
20/06/2021 22:00,0
20/06/2021 23:00,0
21/06/2021 00:00,0
21/06/2021 01:00,0
21/06/2021 02:00,0
21/06/2021 03:00,0
21/06/2021 04:00,0
21/06/2021 05:00,0.012
21/06/2021 06:00,0.106
21/06/2021 07:00,0.282
21/06/2021 08:00,0.444
21/06/2021 09:00,0.553
21/06/2021 10:00,0.559
21/06/2021 11:00,0.547
21/06/2021 12:00,0.469
21/06/2021 13:00,0.343
21/06/2021 14:00,0.385
21/06/2021 15:00,0.376
21/06/2021 16:00,0.245
21/06/2021 17:00,0.135
21/06/2021 18:00,0.049
21/06/2021 19:00,0
21/06/2021 20:00,0
21/06/2021 21:00,0
21/06/2021 22:00,0
21/06/2021 23:00,0
22/06/2021 00:00,0
22/06/2021 01:00,0
22/06/2021 02:00,0
22/06/2021 03:00,0
22/06/2021 04:00,0
22/06/2021 05:00,0.008
22/06/2021 06:00,0.103
22/06/2021 07:00,0.282
22/06/2021 08:00,0.452
22/06/2021 09:00,0.586
22/06/2021 10:00,0.661
22/06/2021 11:00,0.652
22/06/2021 12:00,0.58
22/06/2021 13:00,0.552
22/06/2021 14:00,0.494
22/06/2021 15:00,0.42
22/06/2021 16:00,0.31
22/06/2021 17:00,0.14
22/06/2021 18:00,0.049
22/06/2021 19:00,0
22/06/2021 20:00,0
22/06/2021 21:00,0
22/06/2021 22:00,0
22/06/2021 23:00,0
23/06/2021 00:00,0
23/06/2021 01:00,0
23/06/2021 02:00,0
23/06/2021 03:00,0
23/06/2021 04:00,0
23/06/2021 05:00,0.006
23/06/2021 06:00,0.102
23/06/2021 07:00,0.282
23/06/2021 08:00,0.453
23/06/2021 09:00,0.587
23/06/2021 10:00,0.68
23/06/2021 11:00,0.701
23/06/2021 12:00,0.608
23/06/2021 13:00,0.55
23/06/2021 14:00,0.535
23/06/2021 15:00,0.442
23/06/2021 16:00,0.295
23/06/2021 17:00,0.142
23/06/2021 18:00,0.05
23/06/2021 19:00,0
23/06/2021 20:00,0
23/06/2021 21:00,0
23/06/2021 22:00,0
23/06/2021 23:00,0
24/06/2021 00:00,0
24/06/2021 01:00,0
24/06/2021 02:00,0
24/06/2021 03:00,0
24/06/2021 04:00,0
24/06/2021 05:00,0.008
24/06/2021 06:00,0.102
24/06/2021 07:00,0.281
24/06/2021 08:00,0.452
24/06/2021 09:00,0.588
24/06/2021 10:00,0.682
24/06/2021 11:00,0.693
24/06/2021 12:00,0.696
24/06/2021 13:00,0.692
24/06/2021 14:00,0.606
24/06/2021 15:00,0.482
24/06/2021 16:00,0.319
24/06/2021 17:00,0.142
24/06/2021 18:00,0.049
24/06/2021 19:00,0
24/06/2021 20:00,0
24/06/2021 21:00,0
24/06/2021 22:00,0
24/06/2021 23:00,0
25/06/2021 00:00,0
25/06/2021 01:00,0
25/06/2021 02:00,0
25/06/2021 03:00,0
25/06/2021 04:00,0
25/06/2021 05:00,0.012
25/06/2021 06:00,0.106
25/06/2021 07:00,0.277
25/06/2021 08:00,0.441
25/06/2021 09:00,0.568
25/06/2021 10:00,0.608
25/06/2021 11:00,0.592
25/06/2021 12:00,0.54
25/06/2021 13:00,0.453
25/06/2021 14:00,0.341
25/06/2021 15:00,0.257
25/06/2021 16:00,0.25
25/06/2021 17:00,0.141
25/06/2021 18:00,0.049
25/06/2021 19:00,0
25/06/2021 20:00,0
25/06/2021 21:00,0
25/06/2021 22:00,0
25/06/2021 23:00,0
26/06/2021 00:00,0
26/06/2021 01:00,0
26/06/2021 02:00,0
26/06/2021 03:00,0
26/06/2021 04:00,0
26/06/2021 05:00,0.011
26/06/2021 06:00,0.104
26/06/2021 07:00,0.273
26/06/2021 08:00,0.439
26/06/2021 09:00,0.566
26/06/2021 10:00,0.633
26/06/2021 11:00,0.618
26/06/2021 12:00,0.42
26/06/2021 13:00,0.098
26/06/2021 14:00,0.053
26/06/2021 15:00,0.128
26/06/2021 16:00,0.223
26/06/2021 17:00,0.142
26/06/2021 18:00,0.048
26/06/2021 19:00,0
26/06/2021 20:00,0
26/06/2021 21:00,0
26/06/2021 22:00,0
26/06/2021 23:00,0
27/06/2021 00:00,0
27/06/2021 01:00,0
27/06/2021 02:00,0
27/06/2021 03:00,0
27/06/2021 04:00,0
27/06/2021 05:00,0.01
27/06/2021 06:00,0.105
27/06/2021 07:00,0.262
27/06/2021 08:00,0.413
27/06/2021 09:00,0.536
27/06/2021 10:00,0.635
27/06/2021 11:00,0.69
27/06/2021 12:00,0.655
27/06/2021 13:00,0.639
27/06/2021 14:00,0.541
27/06/2021 15:00,0.373
27/06/2021 16:00,0.304
27/06/2021 17:00,0.145
27/06/2021 18:00,0.049
27/06/2021 19:00,0
27/06/2021 20:00,0
27/06/2021 21:00,0
27/06/2021 22:00,0
27/06/2021 23:00,0
28/06/2021 00:00,0
28/06/2021 01:00,0
28/06/2021 02:00,0
28/06/2021 03:00,0
28/06/2021 04:00,0
28/06/2021 05:00,0.003
28/06/2021 06:00,0.08
28/06/2021 07:00,0.195
28/06/2021 08:00,0.35
28/06/2021 09:00,0.495
28/06/2021 10:00,0.484
28/06/2021 11:00,0.476
28/06/2021 12:00,0.642
28/06/2021 13:00,0.669
28/06/2021 14:00,0.604
28/06/2021 15:00,0.486
28/06/2021 16:00,0.324
28/06/2021 17:00,0.145
28/06/2021 18:00,0.051
28/06/2021 19:00,0
28/06/2021 20:00,0
28/06/2021 21:00,0
28/06/2021 22:00,0
28/06/2021 23:00,0
29/06/2021 00:00,0
29/06/2021 01:00,0
29/06/2021 02:00,0
29/06/2021 03:00,0
29/06/2021 04:00,0
29/06/2021 05:00,0.01
29/06/2021 06:00,0.1
29/06/2021 07:00,0.273
29/06/2021 08:00,0.378
29/06/2021 09:00,0.424
29/06/2021 10:00,0.406
29/06/2021 11:00,0.254
29/06/2021 12:00,0.134
29/06/2021 13:00,0.096
29/06/2021 14:00,0.07
29/06/2021 15:00,0.086
29/06/2021 16:00,0.167
29/06/2021 17:00,0.141
29/06/2021 18:00,0.043
29/06/2021 19:00,0
29/06/2021 20:00,0
29/06/2021 21:00,0
29/06/2021 22:00,0
29/06/2021 23:00,0
30/06/2021 00:00,0
30/06/2021 01:00,0
30/06/2021 02:00,0
30/06/2021 03:00,0
30/06/2021 04:00,0
30/06/2021 05:00,0.011
30/06/2021 06:00,0.102
30/06/2021 07:00,0.277
30/06/2021 08:00,0.445
30/06/2021 09:00,0.554
30/06/2021 10:00,0.558
30/06/2021 11:00,0.541
30/06/2021 12:00,0.508
30/06/2021 13:00,0.476
30/06/2021 14:00,0.353
30/06/2021 15:00,0.255
30/06/2021 16:00,0.184
30/06/2021 17:00,0.117
30/06/2021 18:00,0.041
30/06/2021 19:00,0
30/06/2021 20:00,0
30/06/2021 21:00,0
30/06/2021 22:00,0
30/06/2021 23:00,0
01/07/2021 00:00,0
01/07/2021 01:00,0
01/07/2021 02:00,0
01/07/2021 03:00,0
01/07/2021 04:00,0
01/07/2021 05:00,0.009
01/07/2021 06:00,0.1
01/07/2021 07:00,0.275
01/07/2021 08:00,0.444
01/07/2021 09:00,0.576
01/07/2021 10:00,0.661
01/07/2021 11:00,0.673
01/07/2021 12:00,0.625
01/07/2021 13:00,0.562
01/07/2021 14:00,0.458
01/07/2021 15:00,0.394
01/07/2021 16:00,0.29
01/07/2021 17:00,0.144
01/07/2021 18:00,0.05
01/07/2021 19:00,0
01/07/2021 20:00,0
01/07/2021 21:00,0
01/07/2021 22:00,0
01/07/2021 23:00,0
02/07/2021 00:00,0
02/07/2021 01:00,0
02/07/2021 02:00,0
02/07/2021 03:00,0
02/07/2021 04:00,0
02/07/2021 05:00,0.006
02/07/2021 06:00,0.096
02/07/2021 07:00,0.275
02/07/2021 08:00,0.444
02/07/2021 09:00,0.576
02/07/2021 10:00,0.663
02/07/2021 11:00,0.653
02/07/2021 12:00,0.599
02/07/2021 13:00,0.621
02/07/2021 14:00,0.581
02/07/2021 15:00,0.458
02/07/2021 16:00,0.312
02/07/2021 17:00,0.145
02/07/2021 18:00,0.05
02/07/2021 19:00,0
02/07/2021 20:00,0
02/07/2021 21:00,0
02/07/2021 22:00,0
02/07/2021 23:00,0
03/07/2021 00:00,0
03/07/2021 01:00,0
03/07/2021 02:00,0
03/07/2021 03:00,0
03/07/2021 04:00,0
03/07/2021 05:00,0.007
03/07/2021 06:00,0.095
03/07/2021 07:00,0.274
03/07/2021 08:00,0.443
03/07/2021 09:00,0.577
03/07/2021 10:00,0.668
03/07/2021 11:00,0.715
03/07/2021 12:00,0.7
03/07/2021 13:00,0.622
03/07/2021 14:00,0.557
03/07/2021 15:00,0.448
03/07/2021 16:00,0.308
03/07/2021 17:00,0.144
03/07/2021 18:00,0.05
03/07/2021 19:00,0
03/07/2021 20:00,0
03/07/2021 21:00,0
03/07/2021 22:00,0
03/07/2021 23:00,0
04/07/2021 00:00,0
04/07/2021 01:00,0
04/07/2021 02:00,0
04/07/2021 03:00,0
04/07/2021 04:00,0
04/07/2021 05:00,0.01
04/07/2021 06:00,0.099
04/07/2021 07:00,0.269
04/07/2021 08:00,0.436
04/07/2021 09:00,0.568
04/07/2021 10:00,0.655
04/07/2021 11:00,0.694
04/07/2021 12:00,0.67
04/07/2021 13:00,0.572
04/07/2021 14:00,0.535
04/07/2021 15:00,0.464
04/07/2021 16:00,0.317
04/07/2021 17:00,0.144
04/07/2021 18:00,0.05
04/07/2021 19:00,0
04/07/2021 20:00,0
04/07/2021 21:00,0
04/07/2021 22:00,0
04/07/2021 23:00,0
05/07/2021 00:00,0
05/07/2021 01:00,0
05/07/2021 02:00,0
05/07/2021 03:00,0
05/07/2021 04:00,0
05/07/2021 05:00,0.008
05/07/2021 06:00,0.095
05/07/2021 07:00,0.269
05/07/2021 08:00,0.436
05/07/2021 09:00,0.568
05/07/2021 10:00,0.651
05/07/2021 11:00,0.654
05/07/2021 12:00,0.65
05/07/2021 13:00,0.658
05/07/2021 14:00,0.594
05/07/2021 15:00,0.477
05/07/2021 16:00,0.321
05/07/2021 17:00,0.145
05/07/2021 18:00,0.05
05/07/2021 19:00,0
05/07/2021 20:00,0
05/07/2021 21:00,0
05/07/2021 22:00,0
05/07/2021 23:00,0
06/07/2021 00:00,0
06/07/2021 01:00,0
06/07/2021 02:00,0
06/07/2021 03:00,0
06/07/2021 04:00,0
06/07/2021 05:00,0.006
06/07/2021 06:00,0.092
06/07/2021 07:00,0.272
06/07/2021 08:00,0.441
06/07/2021 09:00,0.573
06/07/2021 10:00,0.663
06/07/2021 11:00,0.711
06/07/2021 12:00,0.718
06/07/2021 13:00,0.681
06/07/2021 14:00,0.602
06/07/2021 15:00,0.48
06/07/2021 16:00,0.322
06/07/2021 17:00,0.146
06/07/2021 18:00,0.05
06/07/2021 19:00,0
06/07/2021 20:00,0
06/07/2021 21:00,0
06/07/2021 22:00,0
06/07/2021 23:00,0
07/07/2021 00:00,0
07/07/2021 01:00,0
07/07/2021 02:00,0
07/07/2021 03:00,0
07/07/2021 04:00,0
07/07/2021 05:00,0.007
07/07/2021 06:00,0.095
07/07/2021 07:00,0.271
07/07/2021 08:00,0.439
07/07/2021 09:00,0.571
07/07/2021 10:00,0.662
07/07/2021 11:00,0.711
07/07/2021 12:00,0.704
07/07/2021 13:00,0.649
07/07/2021 14:00,0.582
07/07/2021 15:00,0.47
07/07/2021 16:00,0.32
07/07/2021 17:00,0.145
07/07/2021 18:00,0.049
07/07/2021 19:00,0
07/07/2021 20:00,0
07/07/2021 21:00,0
07/07/2021 22:00,0
07/07/2021 23:00,0
08/07/2021 00:00,0
08/07/2021 01:00,0
08/07/2021 02:00,0
08/07/2021 03:00,0
08/07/2021 04:00,0
08/07/2021 05:00,0.008
08/07/2021 06:00,0.096
08/07/2021 07:00,0.264
08/07/2021 08:00,0.431
08/07/2021 09:00,0.562
08/07/2021 10:00,0.615
08/07/2021 11:00,0.595
08/07/2021 12:00,0.554
08/07/2021 13:00,0.5
08/07/2021 14:00,0.46
08/07/2021 15:00,0.436
08/07/2021 16:00,0.307
08/07/2021 17:00,0.146
08/07/2021 18:00,0.05
08/07/2021 19:00,0
08/07/2021 20:00,0
08/07/2021 21:00,0
08/07/2021 22:00,0
08/07/2021 23:00,0
09/07/2021 00:00,0
09/07/2021 01:00,0
09/07/2021 02:00,0
09/07/2021 03:00,0
09/07/2021 04:00,0
09/07/2021 05:00,0.007
09/07/2021 06:00,0.095
09/07/2021 07:00,0.265
09/07/2021 08:00,0.432
09/07/2021 09:00,0.565
09/07/2021 10:00,0.651
09/07/2021 11:00,0.624
09/07/2021 12:00,0.591
09/07/2021 13:00,0.499
09/07/2021 14:00,0.468
09/07/2021 15:00,0.406
09/07/2021 16:00,0.294
09/07/2021 17:00,0.143
09/07/2021 18:00,0.049
09/07/2021 19:00,0
09/07/2021 20:00,0
09/07/2021 21:00,0
09/07/2021 22:00,0
09/07/2021 23:00,0
10/07/2021 00:00,0
10/07/2021 01:00,0
10/07/2021 02:00,0
10/07/2021 03:00,0
10/07/2021 04:00,0
10/07/2021 05:00,0.008
10/07/2021 06:00,0.096
10/07/2021 07:00,0.265
10/07/2021 08:00,0.435
10/07/2021 09:00,0.567
10/07/2021 10:00,0.656
10/07/2021 11:00,0.684
10/07/2021 12:00,0.63
10/07/2021 13:00,0.582
10/07/2021 14:00,0.503
10/07/2021 15:00,0.379
10/07/2021 16:00,0.295
10/07/2021 17:00,0.149
10/07/2021 18:00,0.049
10/07/2021 19:00,0
10/07/2021 20:00,0
10/07/2021 21:00,0
10/07/2021 22:00,0
10/07/2021 23:00,0
11/07/2021 00:00,0
11/07/2021 01:00,0
11/07/2021 02:00,0
11/07/2021 03:00,0
11/07/2021 04:00,0
11/07/2021 05:00,0.006
11/07/2021 06:00,0.094
11/07/2021 07:00,0.261
11/07/2021 08:00,0.43
11/07/2021 09:00,0.566
11/07/2021 10:00,0.659
11/07/2021 11:00,0.699
11/07/2021 12:00,0.698
11/07/2021 13:00,0.672
11/07/2021 14:00,0.597
11/07/2021 15:00,0.479
11/07/2021 16:00,0.324
11/07/2021 17:00,0.148
11/07/2021 18:00,0.05
11/07/2021 19:00,0
11/07/2021 20:00,0
11/07/2021 21:00,0
11/07/2021 22:00,0
11/07/2021 23:00,0
12/07/2021 00:00,0
12/07/2021 01:00,0
12/07/2021 02:00,0
12/07/2021 03:00,0
12/07/2021 04:00,0
12/07/2021 05:00,0.006
12/07/2021 06:00,0.095
12/07/2021 07:00,0.263
12/07/2021 08:00,0.43
12/07/2021 09:00,0.564
12/07/2021 10:00,0.658
12/07/2021 11:00,0.699
12/07/2021 12:00,0.648
12/07/2021 13:00,0.555
12/07/2021 14:00,0.498
12/07/2021 15:00,0.384
12/07/2021 16:00,0.313
12/07/2021 17:00,0.148
12/07/2021 18:00,0.049
12/07/2021 19:00,0
12/07/2021 20:00,0
12/07/2021 21:00,0
12/07/2021 22:00,0
12/07/2021 23:00,0
13/07/2021 00:00,0
13/07/2021 01:00,0
13/07/2021 02:00,0
13/07/2021 03:00,0
13/07/2021 04:00,0
13/07/2021 05:00,0.005
13/07/2021 06:00,0.093
13/07/2021 07:00,0.257
13/07/2021 08:00,0.425
13/07/2021 09:00,0.56
13/07/2021 10:00,0.639
13/07/2021 11:00,0.655
13/07/2021 12:00,0.573
13/07/2021 13:00,0.519
13/07/2021 14:00,0.524
13/07/2021 15:00,0.437
13/07/2021 16:00,0.317
13/07/2021 17:00,0.146
13/07/2021 18:00,0.048
13/07/2021 19:00,0
13/07/2021 20:00,0
13/07/2021 21:00,0
13/07/2021 22:00,0
13/07/2021 23:00,0
14/07/2021 00:00,0
14/07/2021 01:00,0
14/07/2021 02:00,0
14/07/2021 03:00,0
14/07/2021 04:00,0
14/07/2021 05:00,0.005
14/07/2021 06:00,0.091
14/07/2021 07:00,0.258
14/07/2021 08:00,0.426
14/07/2021 09:00,0.559
14/07/2021 10:00,0.645
14/07/2021 11:00,0.66
14/07/2021 12:00,0.603
14/07/2021 13:00,0.577
14/07/2021 14:00,0.527
14/07/2021 15:00,0.413
14/07/2021 16:00,0.266
14/07/2021 17:00,0.134
14/07/2021 18:00,0.047
14/07/2021 19:00,0
14/07/2021 20:00,0
14/07/2021 21:00,0
14/07/2021 22:00,0
14/07/2021 23:00,0
15/07/2021 00:00,0
15/07/2021 01:00,0
15/07/2021 02:00,0
15/07/2021 03:00,0
15/07/2021 04:00,0
15/07/2021 05:00,0.004
15/07/2021 06:00,0.092
15/07/2021 07:00,0.258
15/07/2021 08:00,0.426
15/07/2021 09:00,0.561
15/07/2021 10:00,0.654
15/07/2021 11:00,0.704
15/07/2021 12:00,0.705
15/07/2021 13:00,0.662
15/07/2021 14:00,0.577
15/07/2021 15:00,0.466
15/07/2021 16:00,0.319
15/07/2021 17:00,0.146
15/07/2021 18:00,0.048
15/07/2021 19:00,0
15/07/2021 20:00,0
15/07/2021 21:00,0
15/07/2021 22:00,0
15/07/2021 23:00,0
16/07/2021 00:00,0
16/07/2021 01:00,0
16/07/2021 02:00,0
16/07/2021 03:00,0
16/07/2021 04:00,0
16/07/2021 05:00,0.003
16/07/2021 06:00,0.09
16/07/2021 07:00,0.257
16/07/2021 08:00,0.424
16/07/2021 09:00,0.559
16/07/2021 10:00,0.651
16/07/2021 11:00,0.701
16/07/2021 12:00,0.7
16/07/2021 13:00,0.642
16/07/2021 14:00,0.575
16/07/2021 15:00,0.473
16/07/2021 16:00,0.32
16/07/2021 17:00,0.145
16/07/2021 18:00,0.047
16/07/2021 19:00,0
16/07/2021 20:00,0
16/07/2021 21:00,0
16/07/2021 22:00,0
16/07/2021 23:00,0
17/07/2021 00:00,0
17/07/2021 01:00,0
17/07/2021 02:00,0
17/07/2021 03:00,0
17/07/2021 04:00,0
17/07/2021 05:00,0.004
17/07/2021 06:00,0.089
17/07/2021 07:00,0.256
17/07/2021 08:00,0.422
17/07/2021 09:00,0.555
17/07/2021 10:00,0.648
17/07/2021 11:00,0.697
17/07/2021 12:00,0.705
17/07/2021 13:00,0.67
17/07/2021 14:00,0.592
17/07/2021 15:00,0.472
17/07/2021 16:00,0.319
17/07/2021 17:00,0.145
17/07/2021 18:00,0.047
17/07/2021 19:00,0
17/07/2021 20:00,0
17/07/2021 21:00,0
17/07/2021 22:00,0
17/07/2021 23:00,0
18/07/2021 00:00,0
18/07/2021 01:00,0
18/07/2021 02:00,0
18/07/2021 03:00,0
18/07/2021 04:00,0
18/07/2021 05:00,0.003
18/07/2021 06:00,0.088
18/07/2021 07:00,0.257
18/07/2021 08:00,0.426
18/07/2021 09:00,0.56
18/07/2021 10:00,0.652
18/07/2021 11:00,0.703
18/07/2021 12:00,0.711
18/07/2021 13:00,0.676
18/07/2021 14:00,0.598
18/07/2021 15:00,0.477
18/07/2021 16:00,0.321
18/07/2021 17:00,0.146
18/07/2021 18:00,0.047
18/07/2021 19:00,0
18/07/2021 20:00,0
18/07/2021 21:00,0
18/07/2021 22:00,0
18/07/2021 23:00,0
19/07/2021 00:00,0
19/07/2021 01:00,0
19/07/2021 02:00,0
19/07/2021 03:00,0
19/07/2021 04:00,0
19/07/2021 05:00,0.004
19/07/2021 06:00,0.087
19/07/2021 07:00,0.26
19/07/2021 08:00,0.427
19/07/2021 09:00,0.561
19/07/2021 10:00,0.654
19/07/2021 11:00,0.703
19/07/2021 12:00,0.711
19/07/2021 13:00,0.675
19/07/2021 14:00,0.598
19/07/2021 15:00,0.477
19/07/2021 16:00,0.319
19/07/2021 17:00,0.145
19/07/2021 18:00,0.046
19/07/2021 19:00,0
19/07/2021 20:00,0
19/07/2021 21:00,0
19/07/2021 22:00,0
19/07/2021 23:00,0
20/07/2021 00:00,0
20/07/2021 01:00,0
20/07/2021 02:00,0
20/07/2021 03:00,0
20/07/2021 04:00,0
20/07/2021 05:00,0.003
20/07/2021 06:00,0.087
20/07/2021 07:00,0.257
20/07/2021 08:00,0.424
20/07/2021 09:00,0.558
20/07/2021 10:00,0.65
20/07/2021 11:00,0.699
20/07/2021 12:00,0.706
20/07/2021 13:00,0.671
20/07/2021 14:00,0.594
20/07/2021 15:00,0.473
20/07/2021 16:00,0.319
20/07/2021 17:00,0.146
20/07/2021 18:00,0.046
20/07/2021 19:00,0
20/07/2021 20:00,0
20/07/2021 21:00,0
20/07/2021 22:00,0
20/07/2021 23:00,0
21/07/2021 00:00,0
21/07/2021 01:00,0
21/07/2021 02:00,0
21/07/2021 03:00,0
21/07/2021 04:00,0
21/07/2021 05:00,0.002
21/07/2021 06:00,0.086
21/07/2021 07:00,0.257
21/07/2021 08:00,0.427
21/07/2021 09:00,0.562
21/07/2021 10:00,0.656
21/07/2021 11:00,0.706
21/07/2021 12:00,0.713
21/07/2021 13:00,0.677
21/07/2021 14:00,0.6
21/07/2021 15:00,0.479
21/07/2021 16:00,0.322
21/07/2021 17:00,0.147
21/07/2021 18:00,0.045
21/07/2021 19:00,0
21/07/2021 20:00,0
21/07/2021 21:00,0
21/07/2021 22:00,0
21/07/2021 23:00,0
22/07/2021 00:00,0
22/07/2021 01:00,0
22/07/2021 02:00,0
22/07/2021 03:00,0
22/07/2021 04:00,0
22/07/2021 05:00,0.001
22/07/2021 06:00,0.086
22/07/2021 07:00,0.257
22/07/2021 08:00,0.425
22/07/2021 09:00,0.561
22/07/2021 10:00,0.655
22/07/2021 11:00,0.706
22/07/2021 12:00,0.712
22/07/2021 13:00,0.676
22/07/2021 14:00,0.598
22/07/2021 15:00,0.478
22/07/2021 16:00,0.321
22/07/2021 17:00,0.146
22/07/2021 18:00,0.044
22/07/2021 19:00,0
22/07/2021 20:00,0
22/07/2021 21:00,0
22/07/2021 22:00,0
22/07/2021 23:00,0
23/07/2021 00:00,0
23/07/2021 01:00,0
23/07/2021 02:00,0
23/07/2021 03:00,0
23/07/2021 04:00,0
23/07/2021 05:00,0.001
23/07/2021 06:00,0.085
23/07/2021 07:00,0.257
23/07/2021 08:00,0.424
23/07/2021 09:00,0.561
23/07/2021 10:00,0.655
23/07/2021 11:00,0.706
23/07/2021 12:00,0.713
23/07/2021 13:00,0.677
23/07/2021 14:00,0.598
23/07/2021 15:00,0.478
23/07/2021 16:00,0.321
23/07/2021 17:00,0.146
23/07/2021 18:00,0.043
23/07/2021 19:00,0
23/07/2021 20:00,0
23/07/2021 21:00,0
23/07/2021 22:00,0
23/07/2021 23:00,0
24/07/2021 00:00,0
24/07/2021 01:00,0
24/07/2021 02:00,0
24/07/2021 03:00,0
24/07/2021 04:00,0
24/07/2021 05:00,0.002
24/07/2021 06:00,0.085
24/07/2021 07:00,0.261
24/07/2021 08:00,0.433
24/07/2021 09:00,0.569
24/07/2021 10:00,0.664
24/07/2021 11:00,0.716
24/07/2021 12:00,0.722
24/07/2021 13:00,0.686
24/07/2021 14:00,0.606
24/07/2021 15:00,0.483
24/07/2021 16:00,0.324
24/07/2021 17:00,0.147
24/07/2021 18:00,0.043
24/07/2021 19:00,0
24/07/2021 20:00,0
24/07/2021 21:00,0
24/07/2021 22:00,0
24/07/2021 23:00,0
25/07/2021 00:00,0
25/07/2021 01:00,0
25/07/2021 02:00,0
25/07/2021 03:00,0
25/07/2021 04:00,0
25/07/2021 05:00,0.001
25/07/2021 06:00,0.084
25/07/2021 07:00,0.259
25/07/2021 08:00,0.428
25/07/2021 09:00,0.568
25/07/2021 10:00,0.663
25/07/2021 11:00,0.711
25/07/2021 12:00,0.712
25/07/2021 13:00,0.64
25/07/2021 14:00,0.565
25/07/2021 15:00,0.471
25/07/2021 16:00,0.316
25/07/2021 17:00,0.147
25/07/2021 18:00,0.041
25/07/2021 19:00,0
25/07/2021 20:00,0
25/07/2021 21:00,0
25/07/2021 22:00,0
25/07/2021 23:00,0
26/07/2021 00:00,0
26/07/2021 01:00,0
26/07/2021 02:00,0
26/07/2021 03:00,0
26/07/2021 04:00,0
26/07/2021 05:00,0
26/07/2021 06:00,0.083
26/07/2021 07:00,0.25
26/07/2021 08:00,0.422
26/07/2021 09:00,0.562
26/07/2021 10:00,0.661
26/07/2021 11:00,0.71
26/07/2021 12:00,0.701
26/07/2021 13:00,0.602
26/07/2021 14:00,0.48
26/07/2021 15:00,0.392
26/07/2021 16:00,0.276
26/07/2021 17:00,0.143
26/07/2021 18:00,0.041
26/07/2021 19:00,0
26/07/2021 20:00,0
26/07/2021 21:00,0
26/07/2021 22:00,0
26/07/2021 23:00,0
27/07/2021 00:00,0
27/07/2021 01:00,0
27/07/2021 02:00,0
27/07/2021 03:00,0
27/07/2021 04:00,0
27/07/2021 05:00,0
27/07/2021 06:00,0.082
27/07/2021 07:00,0.249
27/07/2021 08:00,0.422
27/07/2021 09:00,0.562
27/07/2021 10:00,0.659
27/07/2021 11:00,0.693
27/07/2021 12:00,0.653
27/07/2021 13:00,0.548
27/07/2021 14:00,0.424
27/07/2021 15:00,0.418
27/07/2021 16:00,0.32
27/07/2021 17:00,0.147
27/07/2021 18:00,0.04
27/07/2021 19:00,0
27/07/2021 20:00,0
27/07/2021 21:00,0
27/07/2021 22:00,0
27/07/2021 23:00,0
28/07/2021 00:00,0
28/07/2021 01:00,0
28/07/2021 02:00,0
28/07/2021 03:00,0
28/07/2021 04:00,0
28/07/2021 05:00,0
28/07/2021 06:00,0.082
28/07/2021 07:00,0.251
28/07/2021 08:00,0.422
28/07/2021 09:00,0.561
28/07/2021 10:00,0.656
28/07/2021 11:00,0.691
28/07/2021 12:00,0.666
28/07/2021 13:00,0.633
28/07/2021 14:00,0.544
28/07/2021 15:00,0.45
28/07/2021 16:00,0.315
28/07/2021 17:00,0.145
28/07/2021 18:00,0.036
28/07/2021 19:00,0
28/07/2021 20:00,0
28/07/2021 21:00,0
28/07/2021 22:00,0
28/07/2021 23:00,0
29/07/2021 00:00,0
29/07/2021 01:00,0
29/07/2021 02:00,0
29/07/2021 03:00,0
29/07/2021 04:00,0
29/07/2021 05:00,0
29/07/2021 06:00,0.081
29/07/2021 07:00,0.247
29/07/2021 08:00,0.42
29/07/2021 09:00,0.557
29/07/2021 10:00,0.64
29/07/2021 11:00,0.67
29/07/2021 12:00,0.63
29/07/2021 13:00,0.565
29/07/2021 14:00,0.467
29/07/2021 15:00,0.38
29/07/2021 16:00,0.278
29/07/2021 17:00,0.126
29/07/2021 18:00,0.029
29/07/2021 19:00,0
29/07/2021 20:00,0
29/07/2021 21:00,0
29/07/2021 22:00,0
29/07/2021 23:00,0
30/07/2021 00:00,0
30/07/2021 01:00,0
30/07/2021 02:00,0
30/07/2021 03:00,0
30/07/2021 04:00,0
30/07/2021 05:00,0
30/07/2021 06:00,0.08
30/07/2021 07:00,0.251
30/07/2021 08:00,0.423
30/07/2021 09:00,0.56
30/07/2021 10:00,0.645
30/07/2021 11:00,0.659
30/07/2021 12:00,0.536
30/07/2021 13:00,0.444
30/07/2021 14:00,0.558
30/07/2021 15:00,0.439
30/07/2021 16:00,0.28
30/07/2021 17:00,0.144
30/07/2021 18:00,0.034
30/07/2021 19:00,0
30/07/2021 20:00,0
30/07/2021 21:00,0
30/07/2021 22:00,0
30/07/2021 23:00,0
31/07/2021 00:00,0
31/07/2021 01:00,0
31/07/2021 02:00,0
31/07/2021 03:00,0
31/07/2021 04:00,0
31/07/2021 05:00,0
31/07/2021 06:00,0.063
31/07/2021 07:00,0.211
31/07/2021 08:00,0.373
31/07/2021 09:00,0.446
31/07/2021 10:00,0.607
31/07/2021 11:00,0.656
31/07/2021 12:00,0.558
31/07/2021 13:00,0.443
31/07/2021 14:00,0.467
31/07/2021 15:00,0.475
31/07/2021 16:00,0.312
31/07/2021 17:00,0.14
31/07/2021 18:00,0.033
31/07/2021 19:00,0
31/07/2021 20:00,0
31/07/2021 21:00,0
31/07/2021 22:00,0
31/07/2021 23:00,0
01/08/2021 00:00,0
01/08/2021 01:00,0
01/08/2021 02:00,0
01/08/2021 03:00,0
01/08/2021 04:00,0
01/08/2021 05:00,0
01/08/2021 06:00,0.07
01/08/2021 07:00,0.229
01/08/2021 08:00,0.4
01/08/2021 09:00,0.541
01/08/2021 10:00,0.641
01/08/2021 11:00,0.7
01/08/2021 12:00,0.708
01/08/2021 13:00,0.595
01/08/2021 14:00,0.52
01/08/2021 15:00,0.466
01/08/2021 16:00,0.314
01/08/2021 17:00,0.141
01/08/2021 18:00,0.031
01/08/2021 19:00,0
01/08/2021 20:00,0
01/08/2021 21:00,0
01/08/2021 22:00,0
01/08/2021 23:00,0
02/08/2021 00:00,0
02/08/2021 01:00,0
02/08/2021 02:00,0
02/08/2021 03:00,0
02/08/2021 04:00,0
02/08/2021 05:00,0
02/08/2021 06:00,0.071
02/08/2021 07:00,0.232
02/08/2021 08:00,0.404
02/08/2021 09:00,0.544
02/08/2021 10:00,0.643
02/08/2021 11:00,0.667
02/08/2021 12:00,0.641
02/08/2021 13:00,0.584
02/08/2021 14:00,0.517
02/08/2021 15:00,0.457
02/08/2021 16:00,0.312
02/08/2021 17:00,0.138
02/08/2021 18:00,0.03
02/08/2021 19:00,0
02/08/2021 20:00,0
02/08/2021 21:00,0
02/08/2021 22:00,0
02/08/2021 23:00,0
03/08/2021 00:00,0
03/08/2021 01:00,0
03/08/2021 02:00,0
03/08/2021 03:00,0
03/08/2021 04:00,0
03/08/2021 05:00,0
03/08/2021 06:00,0.069
03/08/2021 07:00,0.228
03/08/2021 08:00,0.397
03/08/2021 09:00,0.537
03/08/2021 10:00,0.634
03/08/2021 11:00,0.679
03/08/2021 12:00,0.671
03/08/2021 13:00,0.656
03/08/2021 14:00,0.583
03/08/2021 15:00,0.462
03/08/2021 16:00,0.307
03/08/2021 17:00,0.136
03/08/2021 18:00,0.028
03/08/2021 19:00,0
03/08/2021 20:00,0
03/08/2021 21:00,0
03/08/2021 22:00,0
03/08/2021 23:00,0
04/08/2021 00:00,0
04/08/2021 01:00,0
04/08/2021 02:00,0
04/08/2021 03:00,0
04/08/2021 04:00,0
04/08/2021 05:00,0
04/08/2021 06:00,0.074
04/08/2021 07:00,0.239
04/08/2021 08:00,0.408
04/08/2021 09:00,0.547
04/08/2021 10:00,0.631
04/08/2021 11:00,0.646
04/08/2021 12:00,0.591
04/08/2021 13:00,0.559
04/08/2021 14:00,0.545
04/08/2021 15:00,0.376
04/08/2021 16:00,0.244
04/08/2021 17:00,0.133
04/08/2021 18:00,0.029
04/08/2021 19:00,0
04/08/2021 20:00,0
04/08/2021 21:00,0
04/08/2021 22:00,0
04/08/2021 23:00,0
05/08/2021 00:00,0
05/08/2021 01:00,0
05/08/2021 02:00,0
05/08/2021 03:00,0
05/08/2021 04:00,0
05/08/2021 05:00,0
05/08/2021 06:00,0.075
05/08/2021 07:00,0.126
05/08/2021 08:00,0.413
05/08/2021 09:00,0.425
05/08/2021 10:00,0.526
05/08/2021 11:00,0.693
05/08/2021 12:00,0.697
05/08/2021 13:00,0.678
05/08/2021 14:00,0.588
05/08/2021 15:00,0.448
05/08/2021 16:00,0.303
05/08/2021 17:00,0.134
05/08/2021 18:00,0.027
05/08/2021 19:00,0
05/08/2021 20:00,0
05/08/2021 21:00,0
05/08/2021 22:00,0
05/08/2021 23:00,0
06/08/2021 00:00,0
06/08/2021 01:00,0
06/08/2021 02:00,0
06/08/2021 03:00,0
06/08/2021 04:00,0
06/08/2021 05:00,0
06/08/2021 06:00,0.073
06/08/2021 07:00,0.24
06/08/2021 08:00,0.415
06/08/2021 09:00,0.554
06/08/2021 10:00,0.637
06/08/2021 11:00,0.602
06/08/2021 12:00,0.461
06/08/2021 13:00,0.318
06/08/2021 14:00,0.547
06/08/2021 15:00,0.301
06/08/2021 16:00,0.259
06/08/2021 17:00,0.134
06/08/2021 18:00,0.027
06/08/2021 19:00,0
06/08/2021 20:00,0
06/08/2021 21:00,0
06/08/2021 22:00,0
06/08/2021 23:00,0
07/08/2021 00:00,0
07/08/2021 01:00,0
07/08/2021 02:00,0
07/08/2021 03:00,0
07/08/2021 04:00,0
07/08/2021 05:00,0
07/08/2021 06:00,0.073
07/08/2021 07:00,0.24
07/08/2021 08:00,0.414
07/08/2021 09:00,0.555
07/08/2021 10:00,0.655
07/08/2021 11:00,0.71
07/08/2021 12:00,0.699
07/08/2021 13:00,0.63
07/08/2021 14:00,0.539
07/08/2021 15:00,0.47
07/08/2021 16:00,0.314
07/08/2021 17:00,0.136
07/08/2021 18:00,0.025
07/08/2021 19:00,0
07/08/2021 20:00,0
07/08/2021 21:00,0
07/08/2021 22:00,0
07/08/2021 23:00,0
08/08/2021 00:00,0
08/08/2021 01:00,0
08/08/2021 02:00,0
08/08/2021 03:00,0
08/08/2021 04:00,0
08/08/2021 05:00,0
08/08/2021 06:00,0.074
08/08/2021 07:00,0.252
08/08/2021 08:00,0.426
08/08/2021 09:00,0.567
08/08/2021 10:00,0.665
08/08/2021 11:00,0.71
08/08/2021 12:00,0.672
08/08/2021 13:00,0.551
08/08/2021 14:00,0.392
08/08/2021 15:00,0.24
08/08/2021 16:00,0.184
08/08/2021 17:00,0.125
08/08/2021 18:00,0.023
08/08/2021 19:00,0
08/08/2021 20:00,0
08/08/2021 21:00,0
08/08/2021 22:00,0
08/08/2021 23:00,0
09/08/2021 00:00,0
09/08/2021 01:00,0
09/08/2021 02:00,0
09/08/2021 03:00,0
09/08/2021 04:00,0
09/08/2021 05:00,0
09/08/2021 06:00,0.073
09/08/2021 07:00,0.25
09/08/2021 08:00,0.426
09/08/2021 09:00,0.569
09/08/2021 10:00,0.662
09/08/2021 11:00,0.666
09/08/2021 12:00,0.621
09/08/2021 13:00,0.595
09/08/2021 14:00,0.513
09/08/2021 15:00,0.416
09/08/2021 16:00,0.284
09/08/2021 17:00,0.125
09/08/2021 18:00,0.023
09/08/2021 19:00,0
09/08/2021 20:00,0
09/08/2021 21:00,0
09/08/2021 22:00,0
09/08/2021 23:00,0
10/08/2021 00:00,0
10/08/2021 01:00,0
10/08/2021 02:00,0
10/08/2021 03:00,0
10/08/2021 04:00,0
10/08/2021 05:00,0
10/08/2021 06:00,0.074
10/08/2021 07:00,0.251
10/08/2021 08:00,0.427
10/08/2021 09:00,0.568
10/08/2021 10:00,0.654
10/08/2021 11:00,0.68
10/08/2021 12:00,0.631
10/08/2021 13:00,0.592
10/08/2021 14:00,0.494
10/08/2021 15:00,0.403
10/08/2021 16:00,0.274
10/08/2021 17:00,0.129
10/08/2021 18:00,0.022
10/08/2021 19:00,0
10/08/2021 20:00,0
10/08/2021 21:00,0
10/08/2021 22:00,0
10/08/2021 23:00,0
11/08/2021 00:00,0
11/08/2021 01:00,0
11/08/2021 02:00,0
11/08/2021 03:00,0
11/08/2021 04:00,0
11/08/2021 05:00,0
11/08/2021 06:00,0.073
11/08/2021 07:00,0.253
11/08/2021 08:00,0.431
11/08/2021 09:00,0.569
11/08/2021 10:00,0.656
11/08/2021 11:00,0.676
11/08/2021 12:00,0.644
11/08/2021 13:00,0.622
11/08/2021 14:00,0.558
11/08/2021 15:00,0.47
11/08/2021 16:00,0.317
11/08/2021 17:00,0.135
11/08/2021 18:00,0.021
11/08/2021 19:00,0
11/08/2021 20:00,0
11/08/2021 21:00,0
11/08/2021 22:00,0
11/08/2021 23:00,0
12/08/2021 00:00,0
12/08/2021 01:00,0
12/08/2021 02:00,0
12/08/2021 03:00,0
12/08/2021 04:00,0
12/08/2021 05:00,0
12/08/2021 06:00,0.073
12/08/2021 07:00,0.253
12/08/2021 08:00,0.432
12/08/2021 09:00,0.575
12/08/2021 10:00,0.671
12/08/2021 11:00,0.695
12/08/2021 12:00,0.644
12/08/2021 13:00,0.576
12/08/2021 14:00,0.477
12/08/2021 15:00,0.366
12/08/2021 16:00,0.262
12/08/2021 17:00,0.127
12/08/2021 18:00,0.02
12/08/2021 19:00,0
12/08/2021 20:00,0
12/08/2021 21:00,0
12/08/2021 22:00,0
12/08/2021 23:00,0
13/08/2021 00:00,0
13/08/2021 01:00,0
13/08/2021 02:00,0
13/08/2021 03:00,0
13/08/2021 04:00,0
13/08/2021 05:00,0
13/08/2021 06:00,0.071
13/08/2021 07:00,0.251
13/08/2021 08:00,0.428
13/08/2021 09:00,0.572
13/08/2021 10:00,0.665
13/08/2021 11:00,0.696
13/08/2021 12:00,0.672
13/08/2021 13:00,0.596
13/08/2021 14:00,0.528
13/08/2021 15:00,0.434
13/08/2021 16:00,0.303
13/08/2021 17:00,0.131
13/08/2021 18:00,0.018
13/08/2021 19:00,0
13/08/2021 20:00,0
13/08/2021 21:00,0
13/08/2021 22:00,0
13/08/2021 23:00,0
14/08/2021 00:00,0
14/08/2021 01:00,0
14/08/2021 02:00,0
14/08/2021 03:00,0
14/08/2021 04:00,0
14/08/2021 05:00,0
14/08/2021 06:00,0.072
14/08/2021 07:00,0.249
14/08/2021 08:00,0.425
14/08/2021 09:00,0.565
14/08/2021 10:00,0.663
14/08/2021 11:00,0.707
14/08/2021 12:00,0.689
14/08/2021 13:00,0.656
14/08/2021 14:00,0.579
14/08/2021 15:00,0.438
14/08/2021 16:00,0.282
14/08/2021 17:00,0.116
14/08/2021 18:00,0.015
14/08/2021 19:00,0
14/08/2021 20:00,0
14/08/2021 21:00,0
14/08/2021 22:00,0
14/08/2021 23:00,0
15/08/2021 00:00,0
15/08/2021 01:00,0
15/08/2021 02:00,0
15/08/2021 03:00,0
15/08/2021 04:00,0
15/08/2021 05:00,0
15/08/2021 06:00,0.07
15/08/2021 07:00,0.249
15/08/2021 08:00,0.425
15/08/2021 09:00,0.567
15/08/2021 10:00,0.665
15/08/2021 11:00,0.717
15/08/2021 12:00,0.72
15/08/2021 13:00,0.675
15/08/2021 14:00,0.598
15/08/2021 15:00,0.477
15/08/2021 16:00,0.309
15/08/2021 17:00,0.127
15/08/2021 18:00,0.016
15/08/2021 19:00,0
15/08/2021 20:00,0
15/08/2021 21:00,0
15/08/2021 22:00,0
15/08/2021 23:00,0
16/08/2021 00:00,0
16/08/2021 01:00,0
16/08/2021 02:00,0
16/08/2021 03:00,0
16/08/2021 04:00,0
16/08/2021 05:00,0
16/08/2021 06:00,0.065
16/08/2021 07:00,0.238
16/08/2021 08:00,0.415
16/08/2021 09:00,0.558
16/08/2021 10:00,0.646
16/08/2021 11:00,0.654
16/08/2021 12:00,0.616
16/08/2021 13:00,0.549
16/08/2021 14:00,0.451
16/08/2021 15:00,0.395
16/08/2021 16:00,0.302
16/08/2021 17:00,0.125
16/08/2021 18:00,0.014
16/08/2021 19:00,0
16/08/2021 20:00,0
16/08/2021 21:00,0
16/08/2021 22:00,0
16/08/2021 23:00,0
17/08/2021 00:00,0
17/08/2021 01:00,0
17/08/2021 02:00,0
17/08/2021 03:00,0
17/08/2021 04:00,0
17/08/2021 05:00,0
17/08/2021 06:00,0.068
17/08/2021 07:00,0.244
17/08/2021 08:00,0.42
17/08/2021 09:00,0.564
17/08/2021 10:00,0.663
17/08/2021 11:00,0.716
17/08/2021 12:00,0.721
17/08/2021 13:00,0.684
17/08/2021 14:00,0.602
17/08/2021 15:00,0.473
17/08/2021 16:00,0.307
17/08/2021 17:00,0.125
17/08/2021 18:00,0.013
17/08/2021 19:00,0
17/08/2021 20:00,0
17/08/2021 21:00,0
17/08/2021 22:00,0
17/08/2021 23:00,0
18/08/2021 00:00,0
18/08/2021 01:00,0
18/08/2021 02:00,0
18/08/2021 03:00,0
18/08/2021 04:00,0
18/08/2021 05:00,0
18/08/2021 06:00,0.071
18/08/2021 07:00,0.255
18/08/2021 08:00,0.433
18/08/2021 09:00,0.574
18/08/2021 10:00,0.672
18/08/2021 11:00,0.723
18/08/2021 12:00,0.726
18/08/2021 13:00,0.683
18/08/2021 14:00,0.573
18/08/2021 15:00,0.438
18/08/2021 16:00,0.281
18/08/2021 17:00,0.119
18/08/2021 18:00,0.011
18/08/2021 19:00,0
18/08/2021 20:00,0
18/08/2021 21:00,0
18/08/2021 22:00,0
18/08/2021 23:00,0
19/08/2021 00:00,0
19/08/2021 01:00,0
19/08/2021 02:00,0
19/08/2021 03:00,0
19/08/2021 04:00,0
19/08/2021 05:00,0
19/08/2021 06:00,0.065
19/08/2021 07:00,0.241
19/08/2021 08:00,0.424
19/08/2021 09:00,0.566
19/08/2021 10:00,0.663
19/08/2021 11:00,0.717
19/08/2021 12:00,0.697
19/08/2021 13:00,0.662
19/08/2021 14:00,0.572
19/08/2021 15:00,0.446
19/08/2021 16:00,0.303
19/08/2021 17:00,0.122
19/08/2021 18:00,0.011
19/08/2021 19:00,0
19/08/2021 20:00,0
19/08/2021 21:00,0
19/08/2021 22:00,0
19/08/2021 23:00,0
20/08/2021 00:00,0
20/08/2021 01:00,0
20/08/2021 02:00,0
20/08/2021 03:00,0
20/08/2021 04:00,0
20/08/2021 05:00,0
20/08/2021 06:00,0.07
20/08/2021 07:00,0.254
20/08/2021 08:00,0.432
20/08/2021 09:00,0.573
20/08/2021 10:00,0.67
20/08/2021 11:00,0.721
20/08/2021 12:00,0.727
20/08/2021 13:00,0.688
20/08/2021 14:00,0.601
20/08/2021 15:00,0.468
20/08/2021 16:00,0.303
20/08/2021 17:00,0.122
20/08/2021 18:00,0.009
20/08/2021 19:00,0
20/08/2021 20:00,0
20/08/2021 21:00,0
20/08/2021 22:00,0
20/08/2021 23:00,0
21/08/2021 00:00,0
21/08/2021 01:00,0
21/08/2021 02:00,0
21/08/2021 03:00,0
21/08/2021 04:00,0
21/08/2021 05:00,0
21/08/2021 06:00,0.069
21/08/2021 07:00,0.258
21/08/2021 08:00,0.44
21/08/2021 09:00,0.581
21/08/2021 10:00,0.676
21/08/2021 11:00,0.726
21/08/2021 12:00,0.725
21/08/2021 13:00,0.675
21/08/2021 14:00,0.56
21/08/2021 15:00,0.438
21/08/2021 16:00,0.295
21/08/2021 17:00,0.116
21/08/2021 18:00,0.008
21/08/2021 19:00,0
21/08/2021 20:00,0
21/08/2021 21:00,0
21/08/2021 22:00,0
21/08/2021 23:00,0
22/08/2021 00:00,0
22/08/2021 01:00,0
22/08/2021 02:00,0
22/08/2021 03:00,0
22/08/2021 04:00,0
22/08/2021 05:00,0
22/08/2021 06:00,0.068
22/08/2021 07:00,0.253
22/08/2021 08:00,0.436
22/08/2021 09:00,0.581
22/08/2021 10:00,0.677
22/08/2021 11:00,0.711
22/08/2021 12:00,0.643
22/08/2021 13:00,0.546
22/08/2021 14:00,0.475
22/08/2021 15:00,0.356
22/08/2021 16:00,0.268
22/08/2021 17:00,0.115
22/08/2021 18:00,0.008
22/08/2021 19:00,0
22/08/2021 20:00,0
22/08/2021 21:00,0
22/08/2021 22:00,0
22/08/2021 23:00,0
23/08/2021 00:00,0
23/08/2021 01:00,0
23/08/2021 02:00,0
23/08/2021 03:00,0
23/08/2021 04:00,0
23/08/2021 05:00,0
23/08/2021 06:00,0.066
23/08/2021 07:00,0.248
23/08/2021 08:00,0.431
23/08/2021 09:00,0.573
23/08/2021 10:00,0.665
23/08/2021 11:00,0.649
23/08/2021 12:00,0.575
23/08/2021 13:00,0.555
23/08/2021 14:00,0.498
23/08/2021 15:00,0.417
23/08/2021 16:00,0.281
23/08/2021 17:00,0.116
23/08/2021 18:00,0.006
23/08/2021 19:00,0
23/08/2021 20:00,0
23/08/2021 21:00,0
23/08/2021 22:00,0
23/08/2021 23:00,0
24/08/2021 00:00,0
24/08/2021 01:00,0
24/08/2021 02:00,0
24/08/2021 03:00,0
24/08/2021 04:00,0
24/08/2021 05:00,0
24/08/2021 06:00,0.068
24/08/2021 07:00,0.252
24/08/2021 08:00,0.433
24/08/2021 09:00,0.43
24/08/2021 10:00,0.418
24/08/2021 11:00,0.397
24/08/2021 12:00,0.369
24/08/2021 13:00,0.336
24/08/2021 14:00,0.298
24/08/2021 15:00,0
24/08/2021 16:00,0
24/08/2021 17:00,0
24/08/2021 18:00,0
24/08/2021 19:00,0
24/08/2021 20:00,0
24/08/2021 21:00,0
24/08/2021 22:00,0
24/08/2021 23:00,0
25/08/2021 00:00,0
25/08/2021 01:00,0
25/08/2021 02:00,0
25/08/2021 03:00,0
25/08/2021 04:00,0
25/08/2021 05:00,0
25/08/2021 06:00,0.06
25/08/2021 07:00,0.242
25/08/2021 08:00,0.428
25/08/2021 09:00,0.573
25/08/2021 10:00,0.663
25/08/2021 11:00,0.654
25/08/2021 12:00,0.495
25/08/2021 13:00,0.306
25/08/2021 14:00,0.393
25/08/2021 15:00,0.403
25/08/2021 16:00,0.27
25/08/2021 17:00,0.102
25/08/2021 18:00,0.003
25/08/2021 19:00,0
25/08/2021 20:00,0
25/08/2021 21:00,0
25/08/2021 22:00,0
25/08/2021 23:00,0
26/08/2021 00:00,0
26/08/2021 01:00,0
26/08/2021 02:00,0
26/08/2021 03:00,0
26/08/2021 04:00,0
26/08/2021 05:00,0
26/08/2021 06:00,0.061
26/08/2021 07:00,0.245
26/08/2021 08:00,0.426
26/08/2021 09:00,0.571
26/08/2021 10:00,0.659
26/08/2021 11:00,0.682
26/08/2021 12:00,0.569
26/08/2021 13:00,0.445
26/08/2021 14:00,0.371
26/08/2021 15:00,0.328
26/08/2021 16:00,0.261
26/08/2021 17:00,0.108
26/08/2021 18:00,0
26/08/2021 19:00,0
26/08/2021 20:00,0
26/08/2021 21:00,0
26/08/2021 22:00,0
26/08/2021 23:00,0
27/08/2021 00:00,0
27/08/2021 01:00,0
27/08/2021 02:00,0
27/08/2021 03:00,0
27/08/2021 04:00,0
27/08/2021 05:00,0
27/08/2021 06:00,0.064
27/08/2021 07:00,0.249
27/08/2021 08:00,0.431
27/08/2021 09:00,0.576
27/08/2021 10:00,0.669
27/08/2021 11:00,0.69
27/08/2021 12:00,0.616
27/08/2021 13:00,0.584
27/08/2021 14:00,0.549
27/08/2021 15:00,0.441
27/08/2021 16:00,0.288
27/08/2021 17:00,0.108
27/08/2021 18:00,0
27/08/2021 19:00,0
27/08/2021 20:00,0
27/08/2021 21:00,0
27/08/2021 22:00,0
27/08/2021 23:00,0
28/08/2021 00:00,0
28/08/2021 01:00,0
28/08/2021 02:00,0
28/08/2021 03:00,0
28/08/2021 04:00,0
28/08/2021 05:00,0
28/08/2021 06:00,0.064
28/08/2021 07:00,0.251
28/08/2021 08:00,0.433
28/08/2021 09:00,0.562
28/08/2021 10:00,0.618
28/08/2021 11:00,0.587
28/08/2021 12:00,0.498
28/08/2021 13:00,0.441
28/08/2021 14:00,0.204
28/08/2021 15:00,0.197
28/08/2021 16:00,0.165
28/08/2021 17:00,0.087
28/08/2021 18:00,0
28/08/2021 19:00,0
28/08/2021 20:00,0
28/08/2021 21:00,0
28/08/2021 22:00,0
28/08/2021 23:00,0
29/08/2021 00:00,0
29/08/2021 01:00,0
29/08/2021 02:00,0
29/08/2021 03:00,0
29/08/2021 04:00,0
29/08/2021 05:00,0
29/08/2021 06:00,0.062
29/08/2021 07:00,0.247
29/08/2021 08:00,0.43
29/08/2021 09:00,0.574
29/08/2021 10:00,0.67
29/08/2021 11:00,0.705
29/08/2021 12:00,0.614
29/08/2021 13:00,0.461
29/08/2021 14:00,0.451
29/08/2021 15:00,0.371
29/08/2021 16:00,0.265
29/08/2021 17:00,0.101
29/08/2021 18:00,0
29/08/2021 19:00,0
29/08/2021 20:00,0
29/08/2021 21:00,0
29/08/2021 22:00,0
29/08/2021 23:00,0
30/08/2021 00:00,0
30/08/2021 01:00,0
30/08/2021 02:00,0
30/08/2021 03:00,0
30/08/2021 04:00,0
30/08/2021 05:00,0
30/08/2021 06:00,0.059
30/08/2021 07:00,0.244
30/08/2021 08:00,0.428
30/08/2021 09:00,0.573
30/08/2021 10:00,0.63
30/08/2021 11:00,0.524
30/08/2021 12:00,0.402
30/08/2021 13:00,0.397
30/08/2021 14:00,0.489
30/08/2021 15:00,0.443
30/08/2021 16:00,0.285
30/08/2021 17:00,0.101
30/08/2021 18:00,0
30/08/2021 19:00,0
30/08/2021 20:00,0
30/08/2021 21:00,0
30/08/2021 22:00,0
30/08/2021 23:00,0
31/08/2021 00:00,0
31/08/2021 01:00,0
31/08/2021 02:00,0
31/08/2021 03:00,0
31/08/2021 04:00,0
31/08/2021 05:00,0
31/08/2021 06:00,0.059
31/08/2021 07:00,0.245
31/08/2021 08:00,0.428
31/08/2021 09:00,0.573
31/08/2021 10:00,0.668
31/08/2021 11:00,0.714
31/08/2021 12:00,0.682
31/08/2021 13:00,0.61
31/08/2021 14:00,0.55
31/08/2021 15:00,0.439
31/08/2021 16:00,0.278
31/08/2021 17:00,0.097
31/08/2021 18:00,0
31/08/2021 19:00,0
31/08/2021 20:00,0
31/08/2021 21:00,0
31/08/2021 22:00,0
31/08/2021 23:00,0
01/09/2021 00:00,0
01/09/2021 01:00,0
01/09/2021 02:00,0
01/09/2021 03:00,0
01/09/2021 04:00,0
01/09/2021 05:00,0
01/09/2021 06:00,0.061
01/09/2021 07:00,0.254
01/09/2021 08:00,0.439
01/09/2021 09:00,0.585
01/09/2021 10:00,0.683
01/09/2021 11:00,0.735
01/09/2021 12:00,0.748
01/09/2021 13:00,0.712
01/09/2021 14:00,0.614
01/09/2021 15:00,0.476
01/09/2021 16:00,0.296
01/09/2021 17:00,0.1
01/09/2021 18:00,0
01/09/2021 19:00,0
01/09/2021 20:00,0
01/09/2021 21:00,0
01/09/2021 22:00,0
01/09/2021 23:00,0
02/09/2021 00:00,0
02/09/2021 01:00,0
02/09/2021 02:00,0
02/09/2021 03:00,0
02/09/2021 04:00,0
02/09/2021 05:00,0
02/09/2021 06:00,0.062
02/09/2021 07:00,0.258
02/09/2021 08:00,0.443
02/09/2021 09:00,0.588
02/09/2021 10:00,0.687
02/09/2021 11:00,0.74
02/09/2021 12:00,0.745
02/09/2021 13:00,0.679
02/09/2021 14:00,0.602
02/09/2021 15:00,0.462
02/09/2021 16:00,0.293
02/09/2021 17:00,0.098
02/09/2021 18:00,0
02/09/2021 19:00,0
02/09/2021 20:00,0
02/09/2021 21:00,0
02/09/2021 22:00,0
02/09/2021 23:00,0
03/09/2021 00:00,0
03/09/2021 01:00,0
03/09/2021 02:00,0
03/09/2021 03:00,0
03/09/2021 04:00,0
03/09/2021 05:00,0
03/09/2021 06:00,0.062
03/09/2021 07:00,0.258
03/09/2021 08:00,0.442
03/09/2021 09:00,0.587
03/09/2021 10:00,0.686
03/09/2021 11:00,0.704
03/09/2021 12:00,0.626
03/09/2021 13:00,0.644
03/09/2021 14:00,0.607
03/09/2021 15:00,0.478
03/09/2021 16:00,0.292
03/09/2021 17:00,0.097
03/09/2021 18:00,0
03/09/2021 19:00,0
03/09/2021 20:00,0
03/09/2021 21:00,0
03/09/2021 22:00,0
03/09/2021 23:00,0
04/09/2021 00:00,0
04/09/2021 01:00,0
04/09/2021 02:00,0
04/09/2021 03:00,0
04/09/2021 04:00,0
04/09/2021 05:00,0
04/09/2021 06:00,0.064
04/09/2021 07:00,0.263
04/09/2021 08:00,0.454
04/09/2021 09:00,0.603
04/09/2021 10:00,0.702
04/09/2021 11:00,0.753
04/09/2021 12:00,0.746
04/09/2021 13:00,0.675
04/09/2021 14:00,0.603
04/09/2021 15:00,0.46
04/09/2021 16:00,0.287
04/09/2021 17:00,0.094
04/09/2021 18:00,0
04/09/2021 19:00,0
04/09/2021 20:00,0
04/09/2021 21:00,0
04/09/2021 22:00,0
04/09/2021 23:00,0
05/09/2021 00:00,0
05/09/2021 01:00,0
05/09/2021 02:00,0
05/09/2021 03:00,0
05/09/2021 04:00,0
05/09/2021 05:00,0
05/09/2021 06:00,0.061
05/09/2021 07:00,0.258
05/09/2021 08:00,0.447
05/09/2021 09:00,0.595
05/09/2021 10:00,0.692
05/09/2021 11:00,0.744
05/09/2021 12:00,0.743
05/09/2021 13:00,0.69
05/09/2021 14:00,0.607
05/09/2021 15:00,0.473
05/09/2021 16:00,0.289
05/09/2021 17:00,0.092
05/09/2021 18:00,0
05/09/2021 19:00,0
05/09/2021 20:00,0
05/09/2021 21:00,0
05/09/2021 22:00,0
05/09/2021 23:00,0
06/09/2021 00:00,0
06/09/2021 01:00,0
06/09/2021 02:00,0
06/09/2021 03:00,0
06/09/2021 04:00,0
06/09/2021 05:00,0
06/09/2021 06:00,0.057
06/09/2021 07:00,0.249
06/09/2021 08:00,0.436
06/09/2021 09:00,0.581
06/09/2021 10:00,0.68
06/09/2021 11:00,0.726
06/09/2021 12:00,0.72
06/09/2021 13:00,0.673
06/09/2021 14:00,0.591
06/09/2021 15:00,0.455
06/09/2021 16:00,0.278
06/09/2021 17:00,0.088
06/09/2021 18:00,0
06/09/2021 19:00,0
06/09/2021 20:00,0
06/09/2021 21:00,0
06/09/2021 22:00,0
06/09/2021 23:00,0
07/09/2021 00:00,0
07/09/2021 01:00,0
07/09/2021 02:00,0
07/09/2021 03:00,0
07/09/2021 04:00,0
07/09/2021 05:00,0
07/09/2021 06:00,0.053
07/09/2021 07:00,0.244
07/09/2021 08:00,0.432
07/09/2021 09:00,0.58
07/09/2021 10:00,0.675
07/09/2021 11:00,0.726
07/09/2021 12:00,0.731
07/09/2021 13:00,0.681
07/09/2021 14:00,0.567
07/09/2021 15:00,0.403
07/09/2021 16:00,0.27
07/09/2021 17:00,0.083
07/09/2021 18:00,0
07/09/2021 19:00,0
07/09/2021 20:00,0
07/09/2021 21:00,0
07/09/2021 22:00,0
07/09/2021 23:00,0
08/09/2021 00:00,0
08/09/2021 01:00,0
08/09/2021 02:00,0
08/09/2021 03:00,0
08/09/2021 04:00,0
08/09/2021 05:00,0
08/09/2021 06:00,0.03
08/09/2021 07:00,0.172
08/09/2021 08:00,0.351
08/09/2021 09:00,0.509
08/09/2021 10:00,0.587
08/09/2021 11:00,0.535
08/09/2021 12:00,0.483
08/09/2021 13:00,0.48
08/09/2021 14:00,0.44
08/09/2021 15:00,0.341
08/09/2021 16:00,0.205
08/09/2021 17:00,0.068
08/09/2021 18:00,0
08/09/2021 19:00,0
08/09/2021 20:00,0
08/09/2021 21:00,0
08/09/2021 22:00,0
08/09/2021 23:00,0
09/09/2021 00:00,0
09/09/2021 01:00,0
09/09/2021 02:00,0
09/09/2021 03:00,0
09/09/2021 04:00,0
09/09/2021 05:00,0
09/09/2021 06:00,0.042
09/09/2021 07:00,0.217
09/09/2021 08:00,0.399
09/09/2021 09:00,0.544
09/09/2021 10:00,0.638
09/09/2021 11:00,0.681
09/09/2021 12:00,0.683
09/09/2021 13:00,0.64
09/09/2021 14:00,0.553
09/09/2021 15:00,0.413
09/09/2021 16:00,0.248
09/09/2021 17:00,0.076
09/09/2021 18:00,0
09/09/2021 19:00,0
09/09/2021 20:00,0
09/09/2021 21:00,0
09/09/2021 22:00,0
09/09/2021 23:00,0
10/09/2021 00:00,0
10/09/2021 01:00,0
10/09/2021 02:00,0
10/09/2021 03:00,0
10/09/2021 04:00,0
10/09/2021 05:00,0
10/09/2021 06:00,0.04
10/09/2021 07:00,0.199
10/09/2021 08:00,0.37
10/09/2021 09:00,0.509
10/09/2021 10:00,0.61
10/09/2021 11:00,0.67
10/09/2021 12:00,0.691
10/09/2021 13:00,0.663
10/09/2021 14:00,0.579
10/09/2021 15:00,0.441
10/09/2021 16:00,0.255
10/09/2021 17:00,0.071
10/09/2021 18:00,0
10/09/2021 19:00,0
10/09/2021 20:00,0
10/09/2021 21:00,0
10/09/2021 22:00,0
10/09/2021 23:00,0
11/09/2021 00:00,0
11/09/2021 01:00,0
11/09/2021 02:00,0
11/09/2021 03:00,0
11/09/2021 04:00,0
11/09/2021 05:00,0
11/09/2021 06:00,0.033
11/09/2021 07:00,0.193
11/09/2021 08:00,0.372
11/09/2021 09:00,0.516
11/09/2021 10:00,0.619
11/09/2021 11:00,0.674
11/09/2021 12:00,0.683
11/09/2021 13:00,0.647
11/09/2021 14:00,0.557
11/09/2021 15:00,0.419
11/09/2021 16:00,0.239
11/09/2021 17:00,0.064
11/09/2021 18:00,0
11/09/2021 19:00,0
11/09/2021 20:00,0
11/09/2021 21:00,0
11/09/2021 22:00,0
11/09/2021 23:00,0
12/09/2021 00:00,0
12/09/2021 01:00,0
12/09/2021 02:00,0
12/09/2021 03:00,0
12/09/2021 04:00,0
12/09/2021 05:00,0
12/09/2021 06:00,0.038
12/09/2021 07:00,0.211
12/09/2021 08:00,0.4
12/09/2021 09:00,0.546
12/09/2021 10:00,0.645
12/09/2021 11:00,0.7
12/09/2021 12:00,0.708
12/09/2021 13:00,0.644
12/09/2021 14:00,0.504
12/09/2021 15:00,0.365
12/09/2021 16:00,0.218
12/09/2021 17:00,0.07
12/09/2021 18:00,0
12/09/2021 19:00,0
12/09/2021 20:00,0
12/09/2021 21:00,0
12/09/2021 22:00,0
12/09/2021 23:00,0
13/09/2021 00:00,0
13/09/2021 01:00,0
13/09/2021 02:00,0
13/09/2021 03:00,0
13/09/2021 04:00,0
13/09/2021 05:00,0
13/09/2021 06:00,0.054
13/09/2021 07:00,0.253
13/09/2021 08:00,0.444
13/09/2021 09:00,0.592
13/09/2021 10:00,0.688
13/09/2021 11:00,0.737
13/09/2021 12:00,0.743
13/09/2021 13:00,0.694
13/09/2021 14:00,0.586
13/09/2021 15:00,0.447
13/09/2021 16:00,0.265
13/09/2021 17:00,0.071
13/09/2021 18:00,0
13/09/2021 19:00,0
13/09/2021 20:00,0
13/09/2021 21:00,0
13/09/2021 22:00,0
13/09/2021 23:00,0
14/09/2021 00:00,0
14/09/2021 01:00,0
14/09/2021 02:00,0
14/09/2021 03:00,0
14/09/2021 04:00,0
14/09/2021 05:00,0
14/09/2021 06:00,0.054
14/09/2021 07:00,0.254
14/09/2021 08:00,0.448
14/09/2021 09:00,0.596
14/09/2021 10:00,0.691
14/09/2021 11:00,0.735
14/09/2021 12:00,0.73
14/09/2021 13:00,0.646
14/09/2021 14:00,0.471
14/09/2021 15:00,0.366
14/09/2021 16:00,0.219
14/09/2021 17:00,0.062
14/09/2021 18:00,0
14/09/2021 19:00,0
14/09/2021 20:00,0
14/09/2021 21:00,0
14/09/2021 22:00,0
14/09/2021 23:00,0
15/09/2021 00:00,0
15/09/2021 01:00,0
15/09/2021 02:00,0
15/09/2021 03:00,0
15/09/2021 04:00,0
15/09/2021 05:00,0
15/09/2021 06:00,0.039
15/09/2021 07:00,0.22
15/09/2021 08:00,0.415
15/09/2021 09:00,0.57
15/09/2021 10:00,0.67
15/09/2021 11:00,0.715
15/09/2021 12:00,0.695
15/09/2021 13:00,0.596
15/09/2021 14:00,0.492
15/09/2021 15:00,0.394
15/09/2021 16:00,0.238
15/09/2021 17:00,0.058
15/09/2021 18:00,0
15/09/2021 19:00,0
15/09/2021 20:00,0
15/09/2021 21:00,0
15/09/2021 22:00,0
15/09/2021 23:00,0
16/09/2021 00:00,0
16/09/2021 01:00,0
16/09/2021 02:00,0
16/09/2021 03:00,0
16/09/2021 04:00,0
16/09/2021 05:00,0
16/09/2021 06:00,0.038
16/09/2021 07:00,0.217
16/09/2021 08:00,0.41
16/09/2021 09:00,0.567
16/09/2021 10:00,0.67
16/09/2021 11:00,0.715
16/09/2021 12:00,0.694
16/09/2021 13:00,0.538
16/09/2021 14:00,0.469
16/09/2021 15:00,0.327
16/09/2021 16:00,0.197
16/09/2021 17:00,0.054
16/09/2021 18:00,0
16/09/2021 19:00,0
16/09/2021 20:00,0
16/09/2021 21:00,0
16/09/2021 22:00,0
16/09/2021 23:00,0
17/09/2021 00:00,0
17/09/2021 01:00,0
17/09/2021 02:00,0
17/09/2021 03:00,0
17/09/2021 04:00,0
17/09/2021 05:00,0
17/09/2021 06:00,0.045
17/09/2021 07:00,0.239
17/09/2021 08:00,0.437
17/09/2021 09:00,0.59
17/09/2021 10:00,0.667
17/09/2021 11:00,0.513
17/09/2021 12:00,0.385
17/09/2021 13:00,0.33
17/09/2021 14:00,0.276
17/09/2021 15:00,0.267
17/09/2021 16:00,0.205
17/09/2021 17:00,0.054
17/09/2021 18:00,0
17/09/2021 19:00,0
17/09/2021 20:00,0
17/09/2021 21:00,0
17/09/2021 22:00,0
17/09/2021 23:00,0
18/09/2021 00:00,0
18/09/2021 01:00,0
18/09/2021 02:00,0
18/09/2021 03:00,0
18/09/2021 04:00,0
18/09/2021 05:00,0
18/09/2021 06:00,0.049
18/09/2021 07:00,0.25
18/09/2021 08:00,0.446
18/09/2021 09:00,0.596
18/09/2021 10:00,0.665
18/09/2021 11:00,0.658
18/09/2021 12:00,0.597
18/09/2021 13:00,0.479
18/09/2021 14:00,0.364
18/09/2021 15:00,0.33
18/09/2021 16:00,0.2
18/09/2021 17:00,0.037
18/09/2021 18:00,0
18/09/2021 19:00,0
18/09/2021 20:00,0
18/09/2021 21:00,0
18/09/2021 22:00,0
18/09/2021 23:00,0
19/09/2021 00:00,0
19/09/2021 01:00,0
19/09/2021 02:00,0
19/09/2021 03:00,0
19/09/2021 04:00,0
19/09/2021 05:00,0
19/09/2021 06:00,0.049
19/09/2021 07:00,0.248
19/09/2021 08:00,0.441
19/09/2021 09:00,0.566
19/09/2021 10:00,0.591
19/09/2021 11:00,0.565
19/09/2021 12:00,0.445
19/09/2021 13:00,0.288
19/09/2021 14:00,0.159
19/09/2021 15:00,0.113
19/09/2021 16:00,0.107
19/09/2021 17:00,0.032
19/09/2021 18:00,0
19/09/2021 19:00,0
19/09/2021 20:00,0
19/09/2021 21:00,0
19/09/2021 22:00,0
19/09/2021 23:00,0
20/09/2021 00:00,0
20/09/2021 01:00,0
20/09/2021 02:00,0
20/09/2021 03:00,0
20/09/2021 04:00,0
20/09/2021 05:00,0
20/09/2021 06:00,0.005
20/09/2021 07:00,0.091
20/09/2021 08:00,0.215
20/09/2021 09:00,0.384
20/09/2021 10:00,0.402
20/09/2021 11:00,0.38
20/09/2021 12:00,0.355
20/09/2021 13:00,0.303
20/09/2021 14:00,0.254
20/09/2021 15:00,0.15
20/09/2021 16:00,0.065
20/09/2021 17:00,0.001
20/09/2021 18:00,0
20/09/2021 19:00,0
20/09/2021 20:00,0
20/09/2021 21:00,0
20/09/2021 22:00,0
20/09/2021 23:00,0
21/09/2021 00:00,0
21/09/2021 01:00,0
21/09/2021 02:00,0
21/09/2021 03:00,0
21/09/2021 04:00,0
21/09/2021 05:00,0
21/09/2021 06:00,0
21/09/2021 07:00,0.017
21/09/2021 08:00,0.322
21/09/2021 09:00,0.602
21/09/2021 10:00,0.676
21/09/2021 11:00,0.653
21/09/2021 12:00,0.65
21/09/2021 13:00,0.592
21/09/2021 14:00,0.418
21/09/2021 15:00,0.378
21/09/2021 16:00,0.231
21/09/2021 17:00,0.045
21/09/2021 18:00,0
21/09/2021 19:00,0
21/09/2021 20:00,0
21/09/2021 21:00,0
21/09/2021 22:00,0
21/09/2021 23:00,0
22/09/2021 00:00,0
22/09/2021 01:00,0
22/09/2021 02:00,0
22/09/2021 03:00,0
22/09/2021 04:00,0
22/09/2021 05:00,0
22/09/2021 06:00,0.04
22/09/2021 07:00,0.24
22/09/2021 08:00,0.439
22/09/2021 09:00,0.593
22/09/2021 10:00,0.69
22/09/2021 11:00,0.736
22/09/2021 12:00,0.706
22/09/2021 13:00,0.533
22/09/2021 14:00,0.346
22/09/2021 15:00,0.289
22/09/2021 16:00,0.151
22/09/2021 17:00,0.03
22/09/2021 18:00,0
22/09/2021 19:00,0
22/09/2021 20:00,0
22/09/2021 21:00,0
22/09/2021 22:00,0
22/09/2021 23:00,0
23/09/2021 00:00,0
23/09/2021 01:00,0
23/09/2021 02:00,0
23/09/2021 03:00,0
23/09/2021 04:00,0
23/09/2021 05:00,0
23/09/2021 06:00,0.028
23/09/2021 07:00,0.131
23/09/2021 08:00,0.356
23/09/2021 09:00,0.515
23/09/2021 10:00,0.599
23/09/2021 11:00,0.608
23/09/2021 12:00,0.547
23/09/2021 13:00,0.543
23/09/2021 14:00,0.471
23/09/2021 15:00,0.364
23/09/2021 16:00,0.202
23/09/2021 17:00,0.036
23/09/2021 18:00,0
23/09/2021 19:00,0
23/09/2021 20:00,0
23/09/2021 21:00,0
23/09/2021 22:00,0
23/09/2021 23:00,0
24/09/2021 00:00,0
24/09/2021 01:00,0
24/09/2021 02:00,0
24/09/2021 03:00,0
24/09/2021 04:00,0
24/09/2021 05:00,0
24/09/2021 06:00,0.048
24/09/2021 07:00,0.254
24/09/2021 08:00,0.449
24/09/2021 09:00,0.585
24/09/2021 10:00,0.656
24/09/2021 11:00,0.647
24/09/2021 12:00,0.681
24/09/2021 13:00,0.623
24/09/2021 14:00,0.508
24/09/2021 15:00,0.38
24/09/2021 16:00,0.216
24/09/2021 17:00,0.038
24/09/2021 18:00,0
24/09/2021 19:00,0
24/09/2021 20:00,0
24/09/2021 21:00,0
24/09/2021 22:00,0
24/09/2021 23:00,0
25/09/2021 00:00,0
25/09/2021 01:00,0
25/09/2021 02:00,0
25/09/2021 03:00,0
25/09/2021 04:00,0
25/09/2021 05:00,0
25/09/2021 06:00,0.049
25/09/2021 07:00,0.256
25/09/2021 08:00,0.45
25/09/2021 09:00,0.6
25/09/2021 10:00,0.693
25/09/2021 11:00,0.739
25/09/2021 12:00,0.738
25/09/2021 13:00,0.682
25/09/2021 14:00,0.554
25/09/2021 15:00,0.422
25/09/2021 16:00,0.228
25/09/2021 17:00,0.035
25/09/2021 18:00,0
25/09/2021 19:00,0
25/09/2021 20:00,0
25/09/2021 21:00,0
25/09/2021 22:00,0
25/09/2021 23:00,0
26/09/2021 00:00,0
26/09/2021 01:00,0
26/09/2021 02:00,0
26/09/2021 03:00,0
26/09/2021 04:00,0
26/09/2021 05:00,0
26/09/2021 06:00,0.048
26/09/2021 07:00,0.257
26/09/2021 08:00,0.452
26/09/2021 09:00,0.602
26/09/2021 10:00,0.692
26/09/2021 11:00,0.732
26/09/2021 12:00,0.732
26/09/2021 13:00,0.672
26/09/2021 14:00,0.514
26/09/2021 15:00,0.388
26/09/2021 16:00,0.209
26/09/2021 17:00,0.037
26/09/2021 18:00,0
26/09/2021 19:00,0
26/09/2021 20:00,0
26/09/2021 21:00,0
26/09/2021 22:00,0
26/09/2021 23:00,0
27/09/2021 00:00,0
27/09/2021 01:00,0
27/09/2021 02:00,0
27/09/2021 03:00,0
27/09/2021 04:00,0
27/09/2021 05:00,0
27/09/2021 06:00,0.047
27/09/2021 07:00,0.252
27/09/2021 08:00,0.448
27/09/2021 09:00,0.601
27/09/2021 10:00,0.688
27/09/2021 11:00,0.689
27/09/2021 12:00,0.616
27/09/2021 13:00,0.5
27/09/2021 14:00,0.361
27/09/2021 15:00,0.315
27/09/2021 16:00,0.186
27/09/2021 17:00,0.028
27/09/2021 18:00,0
27/09/2021 19:00,0
27/09/2021 20:00,0
27/09/2021 21:00,0
27/09/2021 22:00,0
27/09/2021 23:00,0
28/09/2021 00:00,0
28/09/2021 01:00,0
28/09/2021 02:00,0
28/09/2021 03:00,0
28/09/2021 04:00,0
28/09/2021 05:00,0
28/09/2021 06:00,0.044
28/09/2021 07:00,0.25
28/09/2021 08:00,0.445
28/09/2021 09:00,0.596
28/09/2021 10:00,0.688
28/09/2021 11:00,0.718
28/09/2021 12:00,0.663
28/09/2021 13:00,0.545
28/09/2021 14:00,0.385
28/09/2021 15:00,0.322
28/09/2021 16:00,0.182
28/09/2021 17:00,0.027
28/09/2021 18:00,0
28/09/2021 19:00,0
28/09/2021 20:00,0
28/09/2021 21:00,0
28/09/2021 22:00,0
28/09/2021 23:00,0
29/09/2021 00:00,0
29/09/2021 01:00,0
29/09/2021 02:00,0
29/09/2021 03:00,0
29/09/2021 04:00,0
29/09/2021 05:00,0
29/09/2021 06:00,0.044
29/09/2021 07:00,0.254
29/09/2021 08:00,0.45
29/09/2021 09:00,0.59
29/09/2021 10:00,0.67
29/09/2021 11:00,0.714
29/09/2021 12:00,0.714
29/09/2021 13:00,0.656
29/09/2021 14:00,0.481
29/09/2021 15:00,0.383
29/09/2021 16:00,0.205
29/09/2021 17:00,0.026
29/09/2021 18:00,0
29/09/2021 19:00,0
29/09/2021 20:00,0
29/09/2021 21:00,0
29/09/2021 22:00,0
29/09/2021 23:00,0
30/09/2021 00:00,0
30/09/2021 01:00,0
30/09/2021 02:00,0
30/09/2021 03:00,0
30/09/2021 04:00,0
30/09/2021 05:00,0
30/09/2021 06:00,0.049
30/09/2021 07:00,0.247
30/09/2021 08:00,0.454
30/09/2021 09:00,0.603
30/09/2021 10:00,0.665
30/09/2021 11:00,0.667
30/09/2021 12:00,0.644
30/09/2021 13:00,0.3
30/09/2021 14:00,0.389
30/09/2021 15:00,0.267
30/09/2021 16:00,0.084
30/09/2021 17:00,0.019
30/09/2021 18:00,0
30/09/2021 19:00,0
30/09/2021 20:00,0
30/09/2021 21:00,0
30/09/2021 22:00,0
30/09/2021 23:00,0
01/10/2021 00:00,0
01/10/2021 01:00,0
01/10/2021 02:00,0
01/10/2021 03:00,0
01/10/2021 04:00,0
01/10/2021 05:00,0
01/10/2021 06:00,0.02
01/10/2021 07:00,0.198
01/10/2021 08:00,0.367
01/10/2021 09:00,0.172
01/10/2021 10:00,0.269
01/10/2021 11:00,0.436
01/10/2021 12:00,0.319
01/10/2021 13:00,0.362
01/10/2021 14:00,0.234
01/10/2021 15:00,0.16
01/10/2021 16:00,0.097
01/10/2021 17:00,0.001
01/10/2021 18:00,0
01/10/2021 19:00,0
01/10/2021 20:00,0
01/10/2021 21:00,0
01/10/2021 22:00,0
01/10/2021 23:00,0
02/10/2021 00:00,0
02/10/2021 01:00,0
02/10/2021 02:00,0
02/10/2021 03:00,0
02/10/2021 04:00,0
02/10/2021 05:00,0
02/10/2021 06:00,0.029
02/10/2021 07:00,0.157
02/10/2021 08:00,0.165
02/10/2021 09:00,0.333
02/10/2021 10:00,0.572
02/10/2021 11:00,0.582
02/10/2021 12:00,0.482
02/10/2021 13:00,0.28
02/10/2021 14:00,0.033
02/10/2021 15:00,0.014
02/10/2021 16:00,0.01
02/10/2021 17:00,0
02/10/2021 18:00,0
02/10/2021 19:00,0
02/10/2021 20:00,0
02/10/2021 21:00,0
02/10/2021 22:00,0
02/10/2021 23:00,0
03/10/2021 00:00,0
03/10/2021 01:00,0
03/10/2021 02:00,0
03/10/2021 03:00,0
03/10/2021 04:00,0
03/10/2021 05:00,0
03/10/2021 06:00,0.038
03/10/2021 07:00,0.238
03/10/2021 08:00,0.44
03/10/2021 09:00,0.595
03/10/2021 10:00,0.67
03/10/2021 11:00,0.617
03/10/2021 12:00,0.401
03/10/2021 13:00,0.292
03/10/2021 14:00,0.284
03/10/2021 15:00,0.297
03/10/2021 16:00,0.175
03/10/2021 17:00,0.01
03/10/2021 18:00,0
03/10/2021 19:00,0
03/10/2021 20:00,0
03/10/2021 21:00,0
03/10/2021 22:00,0
03/10/2021 23:00,0
04/10/2021 00:00,0
04/10/2021 01:00,0
04/10/2021 02:00,0
04/10/2021 03:00,0
04/10/2021 04:00,0
04/10/2021 05:00,0
04/10/2021 06:00,0.041
04/10/2021 07:00,0.243
04/10/2021 08:00,0.446
04/10/2021 09:00,0.594
04/10/2021 10:00,0.675
04/10/2021 11:00,0.647
04/10/2021 12:00,0.545
04/10/2021 13:00,0.454
04/10/2021 14:00,0.356
04/10/2021 15:00,0.327
04/10/2021 16:00,0.178
04/10/2021 17:00,0.009
04/10/2021 18:00,0
04/10/2021 19:00,0
04/10/2021 20:00,0
04/10/2021 21:00,0
04/10/2021 22:00,0
04/10/2021 23:00,0
05/10/2021 00:00,0
05/10/2021 01:00,0
05/10/2021 02:00,0
05/10/2021 03:00,0
05/10/2021 04:00,0
05/10/2021 05:00,0
05/10/2021 06:00,0.044
05/10/2021 07:00,0.247
05/10/2021 08:00,0.449
05/10/2021 09:00,0.604
05/10/2021 10:00,0.7
05/10/2021 11:00,0.734
05/10/2021 12:00,0.659
05/10/2021 13:00,0.491
05/10/2021 14:00,0.337
05/10/2021 15:00,0.231
05/10/2021 16:00,0.114
05/10/2021 17:00,0
05/10/2021 18:00,0
05/10/2021 19:00,0
05/10/2021 20:00,0
05/10/2021 21:00,0
05/10/2021 22:00,0
05/10/2021 23:00,0
06/10/2021 00:00,0
06/10/2021 01:00,0
06/10/2021 02:00,0
06/10/2021 03:00,0
06/10/2021 04:00,0
06/10/2021 05:00,0
06/10/2021 06:00,0.01
06/10/2021 07:00,0.142
06/10/2021 08:00,0.391
06/10/2021 09:00,0.475
06/10/2021 10:00,0.403
06/10/2021 11:00,0.108
06/10/2021 12:00,0.064
06/10/2021 13:00,0.097
06/10/2021 14:00,0.101
06/10/2021 15:00,0.219
06/10/2021 16:00,0.16
06/10/2021 17:00,0.007
06/10/2021 18:00,0
06/10/2021 19:00,0
06/10/2021 20:00,0
06/10/2021 21:00,0
06/10/2021 22:00,0
06/10/2021 23:00,0
07/10/2021 00:00,0
07/10/2021 01:00,0
07/10/2021 02:00,0
07/10/2021 03:00,0
07/10/2021 04:00,0
07/10/2021 05:00,0
07/10/2021 06:00,0.032
07/10/2021 07:00,0.23
07/10/2021 08:00,0.4
07/10/2021 09:00,0.491
07/10/2021 10:00,0.565
07/10/2021 11:00,0.412
07/10/2021 12:00,0.369
07/10/2021 13:00,0.492
07/10/2021 14:00,0.471
07/10/2021 15:00,0.396
07/10/2021 16:00,0.188
07/10/2021 17:00,0.006
07/10/2021 18:00,0
07/10/2021 19:00,0
07/10/2021 20:00,0
07/10/2021 21:00,0
07/10/2021 22:00,0
07/10/2021 23:00,0
08/10/2021 00:00,0
08/10/2021 01:00,0
08/10/2021 02:00,0
08/10/2021 03:00,0
08/10/2021 04:00,0
08/10/2021 05:00,0
08/10/2021 06:00,0.013
08/10/2021 07:00,0.138
08/10/2021 08:00,0.345
08/10/2021 09:00,0.419
08/10/2021 10:00,0.444
08/10/2021 11:00,0.396
08/10/2021 12:00,0.33
08/10/2021 13:00,0.176
08/10/2021 14:00,0.329
08/10/2021 15:00,0.311
08/10/2021 16:00,0.179
08/10/2021 17:00,0.007
08/10/2021 18:00,0
08/10/2021 19:00,0
08/10/2021 20:00,0
08/10/2021 21:00,0
08/10/2021 22:00,0
08/10/2021 23:00,0
09/10/2021 00:00,0
09/10/2021 01:00,0
09/10/2021 02:00,0
09/10/2021 03:00,0
09/10/2021 04:00,0
09/10/2021 05:00,0
09/10/2021 06:00,0.034
09/10/2021 07:00,0.239
09/10/2021 08:00,0.448
09/10/2021 09:00,0.604
09/10/2021 10:00,0.696
09/10/2021 11:00,0.658
09/10/2021 12:00,0.473
09/10/2021 13:00,0.245
09/10/2021 14:00,0.083
09/10/2021 15:00,0.118
09/10/2021 16:00,0.084
09/10/2021 17:00,0
09/10/2021 18:00,0
09/10/2021 19:00,0
09/10/2021 20:00,0
09/10/2021 21:00,0
09/10/2021 22:00,0
09/10/2021 23:00,0
10/10/2021 00:00,0
10/10/2021 01:00,0
10/10/2021 02:00,0
10/10/2021 03:00,0
10/10/2021 04:00,0
10/10/2021 05:00,0
10/10/2021 06:00,0.029
10/10/2021 07:00,0.234
10/10/2021 08:00,0.442
10/10/2021 09:00,0.596
10/10/2021 10:00,0.673
10/10/2021 11:00,0.594
10/10/2021 12:00,0.39
10/10/2021 13:00,0.313
10/10/2021 14:00,0.219
10/10/2021 15:00,0.091
10/10/2021 16:00,0.041
10/10/2021 17:00,0
10/10/2021 18:00,0
10/10/2021 19:00,0
10/10/2021 20:00,0
10/10/2021 21:00,0
10/10/2021 22:00,0
10/10/2021 23:00,0
11/10/2021 00:00,0
11/10/2021 01:00,0
11/10/2021 02:00,0
11/10/2021 03:00,0
11/10/2021 04:00,0
11/10/2021 05:00,0
11/10/2021 06:00,0.031
11/10/2021 07:00,0.231
11/10/2021 08:00,0.438
11/10/2021 09:00,0.587
11/10/2021 10:00,0.682
11/10/2021 11:00,0.728
11/10/2021 12:00,0.719
11/10/2021 13:00,0.658
11/10/2021 14:00,0.54
11/10/2021 15:00,0.389
11/10/2021 16:00,0.179
11/10/2021 17:00,0.004
11/10/2021 18:00,0
11/10/2021 19:00,0
11/10/2021 20:00,0
11/10/2021 21:00,0
11/10/2021 22:00,0
11/10/2021 23:00,0
12/10/2021 00:00,0
12/10/2021 01:00,0
12/10/2021 02:00,0
12/10/2021 03:00,0
12/10/2021 04:00,0
12/10/2021 05:00,0
12/10/2021 06:00,0.024
12/10/2021 07:00,0.175
12/10/2021 08:00,0.339
12/10/2021 09:00,0.532
12/10/2021 10:00,0.661
12/10/2021 11:00,0.714
12/10/2021 12:00,0.698
12/10/2021 13:00,0.632
12/10/2021 14:00,0.46
12/10/2021 15:00,0.324
12/10/2021 16:00,0.079
12/10/2021 17:00,0
12/10/2021 18:00,0
12/10/2021 19:00,0
12/10/2021 20:00,0
12/10/2021 21:00,0
12/10/2021 22:00,0
12/10/2021 23:00,0
13/10/2021 00:00,0
13/10/2021 01:00,0
13/10/2021 02:00,0
13/10/2021 03:00,0
13/10/2021 04:00,0
13/10/2021 05:00,0
13/10/2021 06:00,0.016
13/10/2021 07:00,0.182
13/10/2021 08:00,0.379
13/10/2021 09:00,0.551
13/10/2021 10:00,0.667
13/10/2021 11:00,0.721
13/10/2021 12:00,0.716
13/10/2021 13:00,0.658
13/10/2021 14:00,0.544
13/10/2021 15:00,0.369
13/10/2021 16:00,0.129
13/10/2021 17:00,0.002
13/10/2021 18:00,0
13/10/2021 19:00,0
13/10/2021 20:00,0
13/10/2021 21:00,0
13/10/2021 22:00,0
13/10/2021 23:00,0
14/10/2021 00:00,0
14/10/2021 01:00,0
14/10/2021 02:00,0
14/10/2021 03:00,0
14/10/2021 04:00,0
14/10/2021 05:00,0
14/10/2021 06:00,0.024
14/10/2021 07:00,0.232
14/10/2021 08:00,0.44
14/10/2021 09:00,0.595
14/10/2021 10:00,0.693
14/10/2021 11:00,0.728
14/10/2021 12:00,0.566
14/10/2021 13:00,0.385
14/10/2021 14:00,0.303
14/10/2021 15:00,0.254
14/10/2021 16:00,0.12
14/10/2021 17:00,0
14/10/2021 18:00,0
14/10/2021 19:00,0
14/10/2021 20:00,0
14/10/2021 21:00,0
14/10/2021 22:00,0
14/10/2021 23:00,0
15/10/2021 00:00,0
15/10/2021 01:00,0
15/10/2021 02:00,0
15/10/2021 03:00,0
15/10/2021 04:00,0
15/10/2021 05:00,0
15/10/2021 06:00,0.015
15/10/2021 07:00,0.183
15/10/2021 08:00,0.35
15/10/2021 09:00,0.555
15/10/2021 10:00,0.642
15/10/2021 11:00,0.613
15/10/2021 12:00,0.547
15/10/2021 13:00,0.466
15/10/2021 14:00,0.35
15/10/2021 15:00,0.236
15/10/2021 16:00,0.083
15/10/2021 17:00,0
15/10/2021 18:00,0
15/10/2021 19:00,0
15/10/2021 20:00,0
15/10/2021 21:00,0
15/10/2021 22:00,0
15/10/2021 23:00,0
16/10/2021 00:00,0
16/10/2021 01:00,0
16/10/2021 02:00,0
16/10/2021 03:00,0
16/10/2021 04:00,0
16/10/2021 05:00,0
16/10/2021 06:00,0.02
16/10/2021 07:00,0.221
16/10/2021 08:00,0.424
16/10/2021 09:00,0.573
16/10/2021 10:00,0.668
16/10/2021 11:00,0.719
16/10/2021 12:00,0.712
16/10/2021 13:00,0.649
16/10/2021 14:00,0.537
16/10/2021 15:00,0.365
16/10/2021 16:00,0.156
16/10/2021 17:00,0
16/10/2021 18:00,0
16/10/2021 19:00,0
16/10/2021 20:00,0
16/10/2021 21:00,0
16/10/2021 22:00,0
16/10/2021 23:00,0
17/10/2021 00:00,0
17/10/2021 01:00,0
17/10/2021 02:00,0
17/10/2021 03:00,0
17/10/2021 04:00,0
17/10/2021 05:00,0
17/10/2021 06:00,0.013
17/10/2021 07:00,0.221
17/10/2021 08:00,0.428
17/10/2021 09:00,0.576
17/10/2021 10:00,0.665
17/10/2021 11:00,0.715
17/10/2021 12:00,0.705
17/10/2021 13:00,0.645
17/10/2021 14:00,0.525
17/10/2021 15:00,0.357
17/10/2021 16:00,0.163
17/10/2021 17:00,0
17/10/2021 18:00,0
17/10/2021 19:00,0
17/10/2021 20:00,0
17/10/2021 21:00,0
17/10/2021 22:00,0
17/10/2021 23:00,0
18/10/2021 00:00,0
18/10/2021 01:00,0
18/10/2021 02:00,0
18/10/2021 03:00,0
18/10/2021 04:00,0
18/10/2021 05:00,0
18/10/2021 06:00,0.009
18/10/2021 07:00,0.121
18/10/2021 08:00,0.224
18/10/2021 09:00,0.422
18/10/2021 10:00,0.553
18/10/2021 11:00,0.682
18/10/2021 12:00,0.561
18/10/2021 13:00,0.606
18/10/2021 14:00,0.485
18/10/2021 15:00,0.27
18/10/2021 16:00,0.083
18/10/2021 17:00,0
18/10/2021 18:00,0
18/10/2021 19:00,0
18/10/2021 20:00,0
18/10/2021 21:00,0
18/10/2021 22:00,0
18/10/2021 23:00,0
19/10/2021 00:00,0
19/10/2021 01:00,0
19/10/2021 02:00,0
19/10/2021 03:00,0
19/10/2021 04:00,0
19/10/2021 05:00,0
19/10/2021 06:00,0.012
19/10/2021 07:00,0.216
19/10/2021 08:00,0.409
19/10/2021 09:00,0.549
19/10/2021 10:00,0.607
19/10/2021 11:00,0.579
19/10/2021 12:00,0.655
19/10/2021 13:00,0.584
19/10/2021 14:00,0.533
19/10/2021 15:00,0.344
19/10/2021 16:00,0.106
19/10/2021 17:00,0
19/10/2021 18:00,0
19/10/2021 19:00,0
19/10/2021 20:00,0
19/10/2021 21:00,0
19/10/2021 22:00,0
19/10/2021 23:00,0
20/10/2021 00:00,0
20/10/2021 01:00,0
20/10/2021 02:00,0
20/10/2021 03:00,0
20/10/2021 04:00,0
20/10/2021 05:00,0
20/10/2021 06:00,0.011
20/10/2021 07:00,0.209
20/10/2021 08:00,0.415
20/10/2021 09:00,0.575
20/10/2021 10:00,0.678
20/10/2021 11:00,0.729
20/10/2021 12:00,0.648
20/10/2021 13:00,0.349
20/10/2021 14:00,0.213
20/10/2021 15:00,0.091
20/10/2021 16:00,0.07
20/10/2021 17:00,0
20/10/2021 18:00,0
20/10/2021 19:00,0
20/10/2021 20:00,0
20/10/2021 21:00,0
20/10/2021 22:00,0
20/10/2021 23:00,0
21/10/2021 00:00,0
21/10/2021 01:00,0
21/10/2021 02:00,0
21/10/2021 03:00,0
21/10/2021 04:00,0
21/10/2021 05:00,0
21/10/2021 06:00,0
21/10/2021 07:00,0.136
21/10/2021 08:00,0.375
21/10/2021 09:00,0.504
21/10/2021 10:00,0.546
21/10/2021 11:00,0.537
21/10/2021 12:00,0.317
21/10/2021 13:00,0.197
21/10/2021 14:00,0.165
21/10/2021 15:00,0.151
21/10/2021 16:00,0.086
21/10/2021 17:00,0
21/10/2021 18:00,0
21/10/2021 19:00,0
21/10/2021 20:00,0
21/10/2021 21:00,0
21/10/2021 22:00,0
21/10/2021 23:00,0
22/10/2021 00:00,0
22/10/2021 01:00,0
22/10/2021 02:00,0
22/10/2021 03:00,0
22/10/2021 04:00,0
22/10/2021 05:00,0
22/10/2021 06:00,0
22/10/2021 07:00,0.01
22/10/2021 08:00,0.072
22/10/2021 09:00,0.13
22/10/2021 10:00,0.329
22/10/2021 11:00,0.567
22/10/2021 12:00,0.34
22/10/2021 13:00,0.187
22/10/2021 14:00,0.053
22/10/2021 15:00,0.064
22/10/2021 16:00,0.026
22/10/2021 17:00,0
22/10/2021 18:00,0
22/10/2021 19:00,0
22/10/2021 20:00,0
22/10/2021 21:00,0
22/10/2021 22:00,0
22/10/2021 23:00,0
23/10/2021 00:00,0
23/10/2021 01:00,0
23/10/2021 02:00,0
23/10/2021 03:00,0
23/10/2021 04:00,0
23/10/2021 05:00,0
23/10/2021 06:00,0
23/10/2021 07:00,0.08
23/10/2021 08:00,0.264
23/10/2021 09:00,0.301
23/10/2021 10:00,0.402
23/10/2021 11:00,0.348
23/10/2021 12:00,0.287
23/10/2021 13:00,0.103
23/10/2021 14:00,0.128
23/10/2021 15:00,0.227
23/10/2021 16:00,0.076
23/10/2021 17:00,0
23/10/2021 18:00,0
23/10/2021 19:00,0
23/10/2021 20:00,0
23/10/2021 21:00,0
23/10/2021 22:00,0
23/10/2021 23:00,0
24/10/2021 00:00,0
24/10/2021 01:00,0
24/10/2021 02:00,0
24/10/2021 03:00,0
24/10/2021 04:00,0
24/10/2021 05:00,0
24/10/2021 06:00,0.005
24/10/2021 07:00,0.133
24/10/2021 08:00,0.348
24/10/2021 09:00,0.503
24/10/2021 10:00,0.318
24/10/2021 11:00,0.106
24/10/2021 12:00,0.265
24/10/2021 13:00,0.102
24/10/2021 14:00,0.078
24/10/2021 15:00,0.024
24/10/2021 16:00,0.002
24/10/2021 17:00,0
24/10/2021 18:00,0
24/10/2021 19:00,0
24/10/2021 20:00,0
24/10/2021 21:00,0
24/10/2021 22:00,0
24/10/2021 23:00,0
25/10/2021 00:00,0
25/10/2021 01:00,0
25/10/2021 02:00,0
25/10/2021 03:00,0
25/10/2021 04:00,0
25/10/2021 05:00,0
25/10/2021 06:00,0
25/10/2021 07:00,0.005
25/10/2021 08:00,0.019
25/10/2021 09:00,0.128
25/10/2021 10:00,0.249
25/10/2021 11:00,0.33
25/10/2021 12:00,0.393
25/10/2021 13:00,0.363
25/10/2021 14:00,0.169
25/10/2021 15:00,0.019
25/10/2021 16:00,0
25/10/2021 17:00,0
25/10/2021 18:00,0
25/10/2021 19:00,0
25/10/2021 20:00,0
25/10/2021 21:00,0
25/10/2021 22:00,0
25/10/2021 23:00,0
26/10/2021 00:00,0
26/10/2021 01:00,0
26/10/2021 02:00,0
26/10/2021 03:00,0
26/10/2021 04:00,0
26/10/2021 05:00,0
26/10/2021 06:00,0.011
26/10/2021 07:00,0.215
26/10/2021 08:00,0.406
26/10/2021 09:00,0.547
26/10/2021 10:00,0.529
26/10/2021 11:00,0.361
26/10/2021 12:00,0.117
26/10/2021 13:00,0.035
26/10/2021 14:00,0.058
26/10/2021 15:00,0.007
26/10/2021 16:00,0
26/10/2021 17:00,0
26/10/2021 18:00,0
26/10/2021 19:00,0
26/10/2021 20:00,0
26/10/2021 21:00,0
26/10/2021 22:00,0
26/10/2021 23:00,0
27/10/2021 00:00,0
27/10/2021 01:00,0
27/10/2021 02:00,0
27/10/2021 03:00,0
27/10/2021 04:00,0
27/10/2021 05:00,0
27/10/2021 06:00,0.006
27/10/2021 07:00,0.198
27/10/2021 08:00,0.406
27/10/2021 09:00,0.496
27/10/2021 10:00,0.485
27/10/2021 11:00,0.306
27/10/2021 12:00,0.159
27/10/2021 13:00,0.102
27/10/2021 14:00,0.039
27/10/2021 15:00,0.071
27/10/2021 16:00,0.051
27/10/2021 17:00,0
27/10/2021 18:00,0
27/10/2021 19:00,0
27/10/2021 20:00,0
27/10/2021 21:00,0
27/10/2021 22:00,0
27/10/2021 23:00,0
28/10/2021 00:00,0
28/10/2021 01:00,0
28/10/2021 02:00,0
28/10/2021 03:00,0
28/10/2021 04:00,0
28/10/2021 05:00,0
28/10/2021 06:00,0.005
28/10/2021 07:00,0.211
28/10/2021 08:00,0.426
28/10/2021 09:00,0.507
28/10/2021 10:00,0.513
28/10/2021 11:00,0.468
28/10/2021 12:00,0.152
28/10/2021 13:00,0.108
28/10/2021 14:00,0.02
28/10/2021 15:00,0.007
28/10/2021 16:00,0
28/10/2021 17:00,0
28/10/2021 18:00,0
28/10/2021 19:00,0
28/10/2021 20:00,0
28/10/2021 21:00,0
28/10/2021 22:00,0
28/10/2021 23:00,0
29/10/2021 00:00,0
29/10/2021 01:00,0
29/10/2021 02:00,0
29/10/2021 03:00,0
29/10/2021 04:00,0
29/10/2021 05:00,0
29/10/2021 06:00,0.009
29/10/2021 07:00,0.201
29/10/2021 08:00,0.396
29/10/2021 09:00,0.544
29/10/2021 10:00,0.554
29/10/2021 11:00,0.5
29/10/2021 12:00,0.226
29/10/2021 13:00,0.058
29/10/2021 14:00,0.171
29/10/2021 15:00,0.039
29/10/2021 16:00,0.017
29/10/2021 17:00,0
29/10/2021 18:00,0
29/10/2021 19:00,0
29/10/2021 20:00,0
29/10/2021 21:00,0
29/10/2021 22:00,0
29/10/2021 23:00,0
30/10/2021 00:00,0
30/10/2021 01:00,0
30/10/2021 02:00,0
30/10/2021 03:00,0
30/10/2021 04:00,0
30/10/2021 05:00,0
30/10/2021 06:00,0
30/10/2021 07:00,0.079
30/10/2021 08:00,0.374
30/10/2021 09:00,0.543
30/10/2021 10:00,0.528
30/10/2021 11:00,0.237
30/10/2021 12:00,0.063
30/10/2021 13:00,0.028
30/10/2021 14:00,0.018
30/10/2021 15:00,0.009
30/10/2021 16:00,0
30/10/2021 17:00,0
30/10/2021 18:00,0
30/10/2021 19:00,0
30/10/2021 20:00,0
30/10/2021 21:00,0
30/10/2021 22:00,0
30/10/2021 23:00,0
31/10/2021 00:00,0
31/10/2021 01:00,0
31/10/2021 02:00,0
31/10/2021 03:00,0
31/10/2021 04:00,0
31/10/2021 05:00,0
31/10/2021 06:00,0
31/10/2021 07:00,0.17
31/10/2021 08:00,0.397
31/10/2021 09:00,0.554
31/10/2021 10:00,0.564
31/10/2021 11:00,0.47
31/10/2021 12:00,0.318
31/10/2021 13:00,0.193
31/10/2021 14:00,0.053
31/10/2021 15:00,0.009
31/10/2021 16:00,0
31/10/2021 17:00,0
31/10/2021 18:00,0
31/10/2021 19:00,0
31/10/2021 20:00,0
31/10/2021 21:00,0
31/10/2021 22:00,0
31/10/2021 23:00,0
01/11/2021 00:00,0
01/11/2021 01:00,0
01/11/2021 02:00,0
01/11/2021 03:00,0
01/11/2021 04:00,0
01/11/2021 05:00,0
01/11/2021 06:00,0.005
01/11/2021 07:00,0.212
01/11/2021 08:00,0.435
01/11/2021 09:00,0.59
01/11/2021 10:00,0.678
01/11/2021 11:00,0.636
01/11/2021 12:00,0.377
01/11/2021 13:00,0.13
01/11/2021 14:00,0.085
01/11/2021 15:00,0.03
01/11/2021 16:00,0.01
01/11/2021 17:00,0
01/11/2021 18:00,0
01/11/2021 19:00,0
01/11/2021 20:00,0
01/11/2021 21:00,0
01/11/2021 22:00,0
01/11/2021 23:00,0
02/11/2021 00:00,0
02/11/2021 01:00,0
02/11/2021 02:00,0
02/11/2021 03:00,0
02/11/2021 04:00,0
02/11/2021 05:00,0
02/11/2021 06:00,0.009
02/11/2021 07:00,0.226
02/11/2021 08:00,0.443
02/11/2021 09:00,0.601
02/11/2021 10:00,0.7
02/11/2021 11:00,0.744
02/11/2021 12:00,0.734
02/11/2021 13:00,0.666
02/11/2021 14:00,0.541
02/11/2021 15:00,0.37
02/11/2021 16:00,0.121
02/11/2021 17:00,0
02/11/2021 18:00,0
02/11/2021 19:00,0
02/11/2021 20:00,0
02/11/2021 21:00,0
02/11/2021 22:00,0
02/11/2021 23:00,0
03/11/2021 00:00,0
03/11/2021 01:00,0
03/11/2021 02:00,0
03/11/2021 03:00,0
03/11/2021 04:00,0
03/11/2021 05:00,0
03/11/2021 06:00,0.004
03/11/2021 07:00,0.176
03/11/2021 08:00,0.42
03/11/2021 09:00,0.597
03/11/2021 10:00,0.694
03/11/2021 11:00,0.738
03/11/2021 12:00,0.731
03/11/2021 13:00,0.661
03/11/2021 14:00,0.536
03/11/2021 15:00,0.368
03/11/2021 16:00,0.117
03/11/2021 17:00,0
03/11/2021 18:00,0
03/11/2021 19:00,0
03/11/2021 20:00,0
03/11/2021 21:00,0
03/11/2021 22:00,0
03/11/2021 23:00,0
04/11/2021 00:00,0
04/11/2021 01:00,0
04/11/2021 02:00,0
04/11/2021 03:00,0
04/11/2021 04:00,0
04/11/2021 05:00,0
04/11/2021 06:00,0.001
04/11/2021 07:00,0.089
04/11/2021 08:00,0.214
04/11/2021 09:00,0.26
04/11/2021 10:00,0.263
04/11/2021 11:00,0.117
04/11/2021 12:00,0.263
04/11/2021 13:00,0.22
04/11/2021 14:00,0.175
04/11/2021 15:00,0.177
04/11/2021 16:00,0.08
04/11/2021 17:00,0
04/11/2021 18:00,0
04/11/2021 19:00,0
04/11/2021 20:00,0
04/11/2021 21:00,0
04/11/2021 22:00,0
04/11/2021 23:00,0
05/11/2021 00:00,0
05/11/2021 01:00,0
05/11/2021 02:00,0
05/11/2021 03:00,0
05/11/2021 04:00,0
05/11/2021 05:00,0
05/11/2021 06:00,0
05/11/2021 07:00,0.041
05/11/2021 08:00,0.244
05/11/2021 09:00,0.402
05/11/2021 10:00,0.588
05/11/2021 11:00,0.674
05/11/2021 12:00,0.669
05/11/2021 13:00,0.617
05/11/2021 14:00,0.49
05/11/2021 15:00,0.283
05/11/2021 16:00,0.101
05/11/2021 17:00,0
05/11/2021 18:00,0
05/11/2021 19:00,0
05/11/2021 20:00,0
05/11/2021 21:00,0
05/11/2021 22:00,0
05/11/2021 23:00,0
06/11/2021 00:00,0
06/11/2021 01:00,0
06/11/2021 02:00,0
06/11/2021 03:00,0
06/11/2021 04:00,0
06/11/2021 05:00,0
06/11/2021 06:00,0
06/11/2021 07:00,0.07
06/11/2021 08:00,0.28
06/11/2021 09:00,0.466
06/11/2021 10:00,0.601
06/11/2021 11:00,0.632
06/11/2021 12:00,0.405
06/11/2021 13:00,0.148
06/11/2021 14:00,0.196
06/11/2021 15:00,0.231
06/11/2021 16:00,0.024
06/11/2021 17:00,0
06/11/2021 18:00,0
06/11/2021 19:00,0
06/11/2021 20:00,0
06/11/2021 21:00,0
06/11/2021 22:00,0
06/11/2021 23:00,0
07/11/2021 00:00,0
07/11/2021 01:00,0
07/11/2021 02:00,0
07/11/2021 03:00,0
07/11/2021 04:00,0
07/11/2021 05:00,0
07/11/2021 06:00,0
07/11/2021 07:00,0.131
07/11/2021 08:00,0.347
07/11/2021 09:00,0.518
07/11/2021 10:00,0.605
07/11/2021 11:00,0.557
07/11/2021 12:00,0.575
07/11/2021 13:00,0.517
07/11/2021 14:00,0.339
07/11/2021 15:00,0.285
07/11/2021 16:00,0.077
07/11/2021 17:00,0
07/11/2021 18:00,0
07/11/2021 19:00,0
07/11/2021 20:00,0
07/11/2021 21:00,0
07/11/2021 22:00,0
07/11/2021 23:00,0
08/11/2021 00:00,0
08/11/2021 01:00,0
08/11/2021 02:00,0
08/11/2021 03:00,0
08/11/2021 04:00,0
08/11/2021 05:00,0
08/11/2021 06:00,0
08/11/2021 07:00,0.165
08/11/2021 08:00,0.395
08/11/2021 09:00,0.56
08/11/2021 10:00,0.654
08/11/2021 11:00,0.653
08/11/2021 12:00,0.475
08/11/2021 13:00,0.206
08/11/2021 14:00,0.073
08/11/2021 15:00,0.055
08/11/2021 16:00,0.022
08/11/2021 17:00,0
08/11/2021 18:00,0
08/11/2021 19:00,0
08/11/2021 20:00,0
08/11/2021 21:00,0
08/11/2021 22:00,0
08/11/2021 23:00,0
09/11/2021 00:00,0
09/11/2021 01:00,0
09/11/2021 02:00,0
09/11/2021 03:00,0
09/11/2021 04:00,0
09/11/2021 05:00,0
09/11/2021 06:00,0
09/11/2021 07:00,0.158
09/11/2021 08:00,0.349
09/11/2021 09:00,0.53
09/11/2021 10:00,0.562
09/11/2021 11:00,0.383
09/11/2021 12:00,0.256
09/11/2021 13:00,0.216
09/11/2021 14:00,0.168
09/11/2021 15:00,0.098
09/11/2021 16:00,0.052
09/11/2021 17:00,0
09/11/2021 18:00,0
09/11/2021 19:00,0
09/11/2021 20:00,0
09/11/2021 21:00,0
09/11/2021 22:00,0
09/11/2021 23:00,0
10/11/2021 00:00,0
10/11/2021 01:00,0
10/11/2021 02:00,0
10/11/2021 03:00,0
10/11/2021 04:00,0
10/11/2021 05:00,0
10/11/2021 06:00,0
10/11/2021 07:00,0.168
10/11/2021 08:00,0.397
10/11/2021 09:00,0.547
10/11/2021 10:00,0.677
10/11/2021 11:00,0.705
10/11/2021 12:00,0.7
10/11/2021 13:00,0.646
10/11/2021 14:00,0.518
10/11/2021 15:00,0.297
10/11/2021 16:00,0.08
10/11/2021 17:00,0
10/11/2021 18:00,0
10/11/2021 19:00,0
10/11/2021 20:00,0
10/11/2021 21:00,0
10/11/2021 22:00,0
10/11/2021 23:00,0
11/11/2021 00:00,0
11/11/2021 01:00,0
11/11/2021 02:00,0
11/11/2021 03:00,0
11/11/2021 04:00,0
11/11/2021 05:00,0
11/11/2021 06:00,0
11/11/2021 07:00,0.177
11/11/2021 08:00,0.416
11/11/2021 09:00,0.582
11/11/2021 10:00,0.684
11/11/2021 11:00,0.729
11/11/2021 12:00,0.721
11/11/2021 13:00,0.655
11/11/2021 14:00,0.527
11/11/2021 15:00,0.343
11/11/2021 16:00,0.094
11/11/2021 17:00,0
11/11/2021 18:00,0
11/11/2021 19:00,0
11/11/2021 20:00,0
11/11/2021 21:00,0
11/11/2021 22:00,0
11/11/2021 23:00,0
12/11/2021 00:00,0
12/11/2021 01:00,0
12/11/2021 02:00,0
12/11/2021 03:00,0
12/11/2021 04:00,0
12/11/2021 05:00,0
12/11/2021 06:00,0
12/11/2021 07:00,0.168
12/11/2021 08:00,0.408
12/11/2021 09:00,0.573
12/11/2021 10:00,0.673
12/11/2021 11:00,0.715
12/11/2021 12:00,0.698
12/11/2021 13:00,0.519
12/11/2021 14:00,0.212
12/11/2021 15:00,0.103
12/11/2021 16:00,0.045
12/11/2021 17:00,0
12/11/2021 18:00,0
12/11/2021 19:00,0
12/11/2021 20:00,0
12/11/2021 21:00,0
12/11/2021 22:00,0
12/11/2021 23:00,0
13/11/2021 00:00,0
13/11/2021 01:00,0
13/11/2021 02:00,0
13/11/2021 03:00,0
13/11/2021 04:00,0
13/11/2021 05:00,0
13/11/2021 06:00,0
13/11/2021 07:00,0.166
13/11/2021 08:00,0.404
13/11/2021 09:00,0.568
13/11/2021 10:00,0.668
13/11/2021 11:00,0.71
13/11/2021 12:00,0.702
13/11/2021 13:00,0.638
13/11/2021 14:00,0.511
13/11/2021 15:00,0.331
13/11/2021 16:00,0.084
13/11/2021 17:00,0
13/11/2021 18:00,0
13/11/2021 19:00,0
13/11/2021 20:00,0
13/11/2021 21:00,0
13/11/2021 22:00,0
13/11/2021 23:00,0
14/11/2021 00:00,0
14/11/2021 01:00,0
14/11/2021 02:00,0
14/11/2021 03:00,0
14/11/2021 04:00,0
14/11/2021 05:00,0
14/11/2021 06:00,0
14/11/2021 07:00,0.163
14/11/2021 08:00,0.398
14/11/2021 09:00,0.557
14/11/2021 10:00,0.662
14/11/2021 11:00,0.703
14/11/2021 12:00,0.692
14/11/2021 13:00,0.627
14/11/2021 14:00,0.506
14/11/2021 15:00,0.317
14/11/2021 16:00,0.09
14/11/2021 17:00,0
14/11/2021 18:00,0
14/11/2021 19:00,0
14/11/2021 20:00,0
14/11/2021 21:00,0
14/11/2021 22:00,0
14/11/2021 23:00,0
15/11/2021 00:00,0
15/11/2021 01:00,0
15/11/2021 02:00,0
15/11/2021 03:00,0
15/11/2021 04:00,0
15/11/2021 05:00,0
15/11/2021 06:00,0.065
15/11/2021 07:00,0.11
15/11/2021 08:00,0.157
15/11/2021 09:00,0.202
15/11/2021 10:00,0.182
15/11/2021 11:00,0.161
15/11/2021 12:00,0.14
15/11/2021 13:00,0.332
15/11/2021 14:00,0.101
15/11/2021 15:00,0.126
15/11/2021 16:00,0.022
15/11/2021 17:00,0
15/11/2021 18:00,0
15/11/2021 19:00,0
15/11/2021 20:00,0
15/11/2021 21:00,0
15/11/2021 22:00,0
15/11/2021 23:00,0
16/11/2021 00:00,0
16/11/2021 01:00,0
16/11/2021 02:00,0
16/11/2021 03:00,0
16/11/2021 04:00,0
16/11/2021 05:00,0
16/11/2021 06:00,0
16/11/2021 07:00,0.067
16/11/2021 08:00,0.279
16/11/2021 09:00,0.257
16/11/2021 10:00,0.399
16/11/2021 11:00,0.529
16/11/2021 12:00,0.644
16/11/2021 13:00,0.53
16/11/2021 14:00,0.461
16/11/2021 15:00,0.204
16/11/2021 16:00,0.058
16/11/2021 17:00,0
16/11/2021 18:00,0
16/11/2021 19:00,0
16/11/2021 20:00,0
16/11/2021 21:00,0
16/11/2021 22:00,0
16/11/2021 23:00,0
17/11/2021 00:00,0
17/11/2021 01:00,0
17/11/2021 02:00,0
17/11/2021 03:00,0
17/11/2021 04:00,0
17/11/2021 05:00,0
17/11/2021 06:00,0
17/11/2021 07:00,0.049
17/11/2021 08:00,0.301
17/11/2021 09:00,0.516
17/11/2021 10:00,0.628
17/11/2021 11:00,0.621
17/11/2021 12:00,0.526
17/11/2021 13:00,0.52
17/11/2021 14:00,0.323
17/11/2021 15:00,0.169
17/11/2021 16:00,0.077
17/11/2021 17:00,0
17/11/2021 18:00,0
17/11/2021 19:00,0
17/11/2021 20:00,0
17/11/2021 21:00,0
17/11/2021 22:00,0
17/11/2021 23:00,0
18/11/2021 00:00,0
18/11/2021 01:00,0
18/11/2021 02:00,0
18/11/2021 03:00,0
18/11/2021 04:00,0
18/11/2021 05:00,0
18/11/2021 06:00,0
18/11/2021 07:00,0.141
18/11/2021 08:00,0.389
18/11/2021 09:00,0.559
18/11/2021 10:00,0.661
18/11/2021 11:00,0.697
18/11/2021 12:00,0.682
18/11/2021 13:00,0.497
18/11/2021 14:00,0.311
18/11/2021 15:00,0.238
18/11/2021 16:00,0.071
18/11/2021 17:00,0
18/11/2021 18:00,0
18/11/2021 19:00,0
18/11/2021 20:00,0
18/11/2021 21:00,0
18/11/2021 22:00,0
18/11/2021 23:00,0
19/11/2021 00:00,0
19/11/2021 01:00,0
19/11/2021 02:00,0
19/11/2021 03:00,0
19/11/2021 04:00,0
19/11/2021 05:00,0
19/11/2021 06:00,0
19/11/2021 07:00,0.136
19/11/2021 08:00,0.384
19/11/2021 09:00,0.55
19/11/2021 10:00,0.656
19/11/2021 11:00,0.701
19/11/2021 12:00,0.689
19/11/2021 13:00,0.59
19/11/2021 14:00,0.348
19/11/2021 15:00,0.09
19/11/2021 16:00,0.01
19/11/2021 17:00,0
19/11/2021 18:00,0
19/11/2021 19:00,0
19/11/2021 20:00,0
19/11/2021 21:00,0
19/11/2021 22:00,0
19/11/2021 23:00,0
20/11/2021 00:00,0
20/11/2021 01:00,0
20/11/2021 02:00,0
20/11/2021 03:00,0
20/11/2021 04:00,0
20/11/2021 05:00,0
20/11/2021 06:00,0
20/11/2021 07:00,0.127
20/11/2021 08:00,0.375
20/11/2021 09:00,0.543
20/11/2021 10:00,0.651
20/11/2021 11:00,0.693
20/11/2021 12:00,0.666
20/11/2021 13:00,0.545
20/11/2021 14:00,0.349
20/11/2021 15:00,0.202
20/11/2021 16:00,0.041
20/11/2021 17:00,0
20/11/2021 18:00,0
20/11/2021 19:00,0
20/11/2021 20:00,0
20/11/2021 21:00,0
20/11/2021 22:00,0
20/11/2021 23:00,0
21/11/2021 00:00,0
21/11/2021 01:00,0
21/11/2021 02:00,0
21/11/2021 03:00,0
21/11/2021 04:00,0
21/11/2021 05:00,0
21/11/2021 06:00,0
21/11/2021 07:00,0.114
21/11/2021 08:00,0.326
21/11/2021 09:00,0.531
21/11/2021 10:00,0.625
21/11/2021 11:00,0.427
21/11/2021 12:00,0.183
21/11/2021 13:00,0.344
21/11/2021 14:00,0.367
21/11/2021 15:00,0.207
21/11/2021 16:00,0.065
21/11/2021 17:00,0
21/11/2021 18:00,0
21/11/2021 19:00,0
21/11/2021 20:00,0
21/11/2021 21:00,0
21/11/2021 22:00,0
21/11/2021 23:00,0
22/11/2021 00:00,0
22/11/2021 01:00,0
22/11/2021 02:00,0
22/11/2021 03:00,0
22/11/2021 04:00,0
22/11/2021 05:00,0
22/11/2021 06:00,0
22/11/2021 07:00,0.113
22/11/2021 08:00,0.359
22/11/2021 09:00,0.534
22/11/2021 10:00,0.646
22/11/2021 11:00,0.69
22/11/2021 12:00,0.676
22/11/2021 13:00,0.593
22/11/2021 14:00,0.494
22/11/2021 15:00,0.313
22/11/2021 16:00,0.069
22/11/2021 17:00,0
22/11/2021 18:00,0
22/11/2021 19:00,0
22/11/2021 20:00,0
22/11/2021 21:00,0
22/11/2021 22:00,0
22/11/2021 23:00,0
23/11/2021 00:00,0
23/11/2021 01:00,0
23/11/2021 02:00,0
23/11/2021 03:00,0
23/11/2021 04:00,0
23/11/2021 05:00,0
23/11/2021 06:00,0
23/11/2021 07:00,0.118
23/11/2021 08:00,0.362
23/11/2021 09:00,0.533
23/11/2021 10:00,0.645
23/11/2021 11:00,0.691
23/11/2021 12:00,0.68
23/11/2021 13:00,0.618
23/11/2021 14:00,0.495
23/11/2021 15:00,0.309
23/11/2021 16:00,0.064
23/11/2021 17:00,0
23/11/2021 18:00,0
23/11/2021 19:00,0
23/11/2021 20:00,0
23/11/2021 21:00,0
23/11/2021 22:00,0
23/11/2021 23:00,0
24/11/2021 00:00,0
24/11/2021 01:00,0
24/11/2021 02:00,0
24/11/2021 03:00,0
24/11/2021 04:00,0
24/11/2021 05:00,0
24/11/2021 06:00,0
24/11/2021 07:00,0.114
24/11/2021 08:00,0.363
24/11/2021 09:00,0.533
24/11/2021 10:00,0.639
24/11/2021 11:00,0.686
24/11/2021 12:00,0.672
24/11/2021 13:00,0.607
24/11/2021 14:00,0.484
24/11/2021 15:00,0.299
24/11/2021 16:00,0.06
24/11/2021 17:00,0
24/11/2021 18:00,0
24/11/2021 19:00,0
24/11/2021 20:00,0
24/11/2021 21:00,0
24/11/2021 22:00,0
24/11/2021 23:00,0
25/11/2021 00:00,0
25/11/2021 01:00,0
25/11/2021 02:00,0
25/11/2021 03:00,0
25/11/2021 04:00,0
25/11/2021 05:00,0
25/11/2021 06:00,0
25/11/2021 07:00,0.03
25/11/2021 08:00,0.222
25/11/2021 09:00,0.337
25/11/2021 10:00,0.227
25/11/2021 11:00,0.235
25/11/2021 12:00,0.225
25/11/2021 13:00,0.204
25/11/2021 14:00,0.374
25/11/2021 15:00,0.271
25/11/2021 16:00,0.034
25/11/2021 17:00,0
25/11/2021 18:00,0
25/11/2021 19:00,0
25/11/2021 20:00,0
25/11/2021 21:00,0
25/11/2021 22:00,0
25/11/2021 23:00,0
26/11/2021 00:00,0
26/11/2021 01:00,0
26/11/2021 02:00,0
26/11/2021 03:00,0
26/11/2021 04:00,0
26/11/2021 05:00,0
26/11/2021 06:00,0
26/11/2021 07:00,0.007
26/11/2021 08:00,0.043
26/11/2021 09:00,0.071
26/11/2021 10:00,0.107
26/11/2021 11:00,0.078
26/11/2021 12:00,0.06
26/11/2021 13:00,0.028
26/11/2021 14:00,0.016
26/11/2021 15:00,0.015
26/11/2021 16:00,0
26/11/2021 17:00,0
26/11/2021 18:00,0
26/11/2021 19:00,0
26/11/2021 20:00,0
26/11/2021 21:00,0
26/11/2021 22:00,0
26/11/2021 23:00,0
27/11/2021 00:00,0
27/11/2021 01:00,0
27/11/2021 02:00,0
27/11/2021 03:00,0
27/11/2021 04:00,0
27/11/2021 05:00,0
27/11/2021 06:00,0
27/11/2021 07:00,0.016
27/11/2021 08:00,0.1
27/11/2021 09:00,0.235
27/11/2021 10:00,0.271
27/11/2021 11:00,0.098
27/11/2021 12:00,0.027
27/11/2021 13:00,0.021
27/11/2021 14:00,0.012
27/11/2021 15:00,0.004
27/11/2021 16:00,0
27/11/2021 17:00,0
27/11/2021 18:00,0
27/11/2021 19:00,0
27/11/2021 20:00,0
27/11/2021 21:00,0
27/11/2021 22:00,0
27/11/2021 23:00,0
28/11/2021 00:00,0
28/11/2021 01:00,0
28/11/2021 02:00,0
28/11/2021 03:00,0
28/11/2021 04:00,0
28/11/2021 05:00,0
28/11/2021 06:00,0
28/11/2021 07:00,0.053
28/11/2021 08:00,0.236
28/11/2021 09:00,0.398
28/11/2021 10:00,0.507
28/11/2021 11:00,0.582
28/11/2021 12:00,0.524
28/11/2021 13:00,0.464
28/11/2021 14:00,0.321
28/11/2021 15:00,0.242
28/11/2021 16:00,0.039
28/11/2021 17:00,0
28/11/2021 18:00,0
28/11/2021 19:00,0
28/11/2021 20:00,0
28/11/2021 21:00,0
28/11/2021 22:00,0
28/11/2021 23:00,0
29/11/2021 00:00,0
29/11/2021 01:00,0
29/11/2021 02:00,0
29/11/2021 03:00,0
29/11/2021 04:00,0
29/11/2021 05:00,0
29/11/2021 06:00,0
29/11/2021 07:00,0.066
29/11/2021 08:00,0.338
29/11/2021 09:00,0.51
29/11/2021 10:00,0.593
29/11/2021 11:00,0.584
29/11/2021 12:00,0.512
29/11/2021 13:00,0.51
29/11/2021 14:00,0.384
29/11/2021 15:00,0.278
29/11/2021 16:00,0.052
29/11/2021 17:00,0
29/11/2021 18:00,0
29/11/2021 19:00,0
29/11/2021 20:00,0
29/11/2021 21:00,0
29/11/2021 22:00,0
29/11/2021 23:00,0
30/11/2021 00:00,0
30/11/2021 01:00,0
30/11/2021 02:00,0
30/11/2021 03:00,0
30/11/2021 04:00,0
30/11/2021 05:00,0
30/11/2021 06:00,0
30/11/2021 07:00,0.052
30/11/2021 08:00,0.126
30/11/2021 09:00,0.173
30/11/2021 10:00,0.109
30/11/2021 11:00,0.101
30/11/2021 12:00,0.192
30/11/2021 13:00,0.18
30/11/2021 14:00,0.349
30/11/2021 15:00,0.096
30/11/2021 16:00,0.017
30/11/2021 17:00,0
30/11/2021 18:00,0
30/11/2021 19:00,0
30/11/2021 20:00,0
30/11/2021 21:00,0
30/11/2021 22:00,0
30/11/2021 23:00,0
01/12/2021 00:00,0
01/12/2021 01:00,0
01/12/2021 02:00,0
01/12/2021 03:00,0
01/12/2021 04:00,0
01/12/2021 05:00,0
01/12/2021 06:00,0
01/12/2021 07:00,0.071
01/12/2021 08:00,0.247
01/12/2021 09:00,0.446
01/12/2021 10:00,0.423
01/12/2021 11:00,0.452
01/12/2021 12:00,0.382
01/12/2021 13:00,0.224
01/12/2021 14:00,0.145
01/12/2021 15:00,0.054
01/12/2021 16:00,0.005
01/12/2021 17:00,0
01/12/2021 18:00,0
01/12/2021 19:00,0
01/12/2021 20:00,0
01/12/2021 21:00,0
01/12/2021 22:00,0
01/12/2021 23:00,0
02/12/2021 00:00,0
02/12/2021 01:00,0
02/12/2021 02:00,0
02/12/2021 03:00,0
02/12/2021 04:00,0
02/12/2021 05:00,0
02/12/2021 06:00,0
02/12/2021 07:00,0.05
02/12/2021 08:00,0.235
02/12/2021 09:00,0.311
02/12/2021 10:00,0.608
02/12/2021 11:00,0.691
02/12/2021 12:00,0.648
02/12/2021 13:00,0.517
02/12/2021 14:00,0.348
02/12/2021 15:00,0.273
02/12/2021 16:00,0.078
02/12/2021 17:00,0
02/12/2021 18:00,0
02/12/2021 19:00,0
02/12/2021 20:00,0
02/12/2021 21:00,0
02/12/2021 22:00,0
02/12/2021 23:00,0
03/12/2021 00:00,0
03/12/2021 01:00,0
03/12/2021 02:00,0
03/12/2021 03:00,0
03/12/2021 04:00,0
03/12/2021 05:00,0
03/12/2021 06:00,0
03/12/2021 07:00,0.065
03/12/2021 08:00,0.328
03/12/2021 09:00,0.529
03/12/2021 10:00,0.649
03/12/2021 11:00,0.706
03/12/2021 12:00,0.698
03/12/2021 13:00,0.635
03/12/2021 14:00,0.499
03/12/2021 15:00,0.198
03/12/2021 16:00,0.017
03/12/2021 17:00,0
03/12/2021 18:00,0
03/12/2021 19:00,0
03/12/2021 20:00,0
03/12/2021 21:00,0
03/12/2021 22:00,0
03/12/2021 23:00,0
04/12/2021 00:00,0
04/12/2021 01:00,0
04/12/2021 02:00,0
04/12/2021 03:00,0
04/12/2021 04:00,0
04/12/2021 05:00,0
04/12/2021 06:00,0
04/12/2021 07:00,0.114
04/12/2021 08:00,0.364
04/12/2021 09:00,0.538
04/12/2021 10:00,0.651
04/12/2021 11:00,0.704
04/12/2021 12:00,0.694
04/12/2021 13:00,0.631
04/12/2021 14:00,0.506
04/12/2021 15:00,0.326
04/12/2021 16:00,0.081
04/12/2021 17:00,0
04/12/2021 18:00,0
04/12/2021 19:00,0
04/12/2021 20:00,0
04/12/2021 21:00,0
04/12/2021 22:00,0
04/12/2021 23:00,0
05/12/2021 00:00,0
05/12/2021 01:00,0
05/12/2021 02:00,0
05/12/2021 03:00,0
05/12/2021 04:00,0
05/12/2021 05:00,0
05/12/2021 06:00,0
05/12/2021 07:00,0.022
05/12/2021 08:00,0.122
05/12/2021 09:00,0.353
05/12/2021 10:00,0.494
05/12/2021 11:00,0.68
05/12/2021 12:00,0.69
05/12/2021 13:00,0.627
05/12/2021 14:00,0.505
05/12/2021 15:00,0.317
05/12/2021 16:00,0.073
05/12/2021 17:00,0
05/12/2021 18:00,0
05/12/2021 19:00,0
05/12/2021 20:00,0
05/12/2021 21:00,0
05/12/2021 22:00,0
05/12/2021 23:00,0
06/12/2021 00:00,0
06/12/2021 01:00,0
06/12/2021 02:00,0
06/12/2021 03:00,0
06/12/2021 04:00,0
06/12/2021 05:00,0
06/12/2021 06:00,0
06/12/2021 07:00,0.104
06/12/2021 08:00,0.352
06/12/2021 09:00,0.523
06/12/2021 10:00,0.639
06/12/2021 11:00,0.691
06/12/2021 12:00,0.682
06/12/2021 13:00,0.617
06/12/2021 14:00,0.495
06/12/2021 15:00,0.314
06/12/2021 16:00,0.074
06/12/2021 17:00,0
06/12/2021 18:00,0
06/12/2021 19:00,0
06/12/2021 20:00,0
06/12/2021 21:00,0
06/12/2021 22:00,0
06/12/2021 23:00,0
07/12/2021 00:00,0
07/12/2021 01:00,0
07/12/2021 02:00,0
07/12/2021 03:00,0
07/12/2021 04:00,0
07/12/2021 05:00,0
07/12/2021 06:00,0
07/12/2021 07:00,0.097
07/12/2021 08:00,0.33
07/12/2021 09:00,0.507
07/12/2021 10:00,0.632
07/12/2021 11:00,0.688
07/12/2021 12:00,0.681
07/12/2021 13:00,0.618
07/12/2021 14:00,0.496
07/12/2021 15:00,0.316
07/12/2021 16:00,0.07
07/12/2021 17:00,0
07/12/2021 18:00,0
07/12/2021 19:00,0
07/12/2021 20:00,0
07/12/2021 21:00,0
07/12/2021 22:00,0
07/12/2021 23:00,0
08/12/2021 00:00,0
08/12/2021 01:00,0
08/12/2021 02:00,0
08/12/2021 03:00,0
08/12/2021 04:00,0
08/12/2021 05:00,0
08/12/2021 06:00,0
08/12/2021 07:00,0.09
08/12/2021 08:00,0.34
08/12/2021 09:00,0.272
08/12/2021 10:00,0.63
08/12/2021 11:00,0.681
08/12/2021 12:00,0.679
08/12/2021 13:00,0.619
08/12/2021 14:00,0.499
08/12/2021 15:00,0.318
08/12/2021 16:00,0.073
08/12/2021 17:00,0
08/12/2021 18:00,0
08/12/2021 19:00,0
08/12/2021 20:00,0
08/12/2021 21:00,0
08/12/2021 22:00,0
08/12/2021 23:00,0
09/12/2021 00:00,0
09/12/2021 01:00,0
09/12/2021 02:00,0
09/12/2021 03:00,0
09/12/2021 04:00,0
09/12/2021 05:00,0
09/12/2021 06:00,0
09/12/2021 07:00,0.091
09/12/2021 08:00,0.342
09/12/2021 09:00,0.521
09/12/2021 10:00,0.632
09/12/2021 11:00,0.682
09/12/2021 12:00,0.673
09/12/2021 13:00,0.599
09/12/2021 14:00,0.439
09/12/2021 15:00,0.276
09/12/2021 16:00,0.053
09/12/2021 17:00,0
09/12/2021 18:00,0
09/12/2021 19:00,0
09/12/2021 20:00,0
09/12/2021 21:00,0
09/12/2021 22:00,0
09/12/2021 23:00,0
10/12/2021 00:00,0
10/12/2021 01:00,0
10/12/2021 02:00,0
10/12/2021 03:00,0
10/12/2021 04:00,0
10/12/2021 05:00,0
10/12/2021 06:00,0
10/12/2021 07:00,0.045
10/12/2021 08:00,0.312
10/12/2021 09:00,0.506
10/12/2021 10:00,0.623
10/12/2021 11:00,0.66
10/12/2021 12:00,0.555
10/12/2021 13:00,0.344
10/12/2021 14:00,0.17
10/12/2021 15:00,0.011
10/12/2021 16:00,0
10/12/2021 17:00,0
10/12/2021 18:00,0
10/12/2021 19:00,0
10/12/2021 20:00,0
10/12/2021 21:00,0
10/12/2021 22:00,0
10/12/2021 23:00,0
11/12/2021 00:00,0
11/12/2021 01:00,0
11/12/2021 02:00,0
11/12/2021 03:00,0
11/12/2021 04:00,0
11/12/2021 05:00,0
11/12/2021 06:00,0
11/12/2021 07:00,0.079
11/12/2021 08:00,0.327
11/12/2021 09:00,0.508
11/12/2021 10:00,0.617
11/12/2021 11:00,0.58
11/12/2021 12:00,0.23
11/12/2021 13:00,0.11
11/12/2021 14:00,0.02
11/12/2021 15:00,0.006
11/12/2021 16:00,0
11/12/2021 17:00,0
11/12/2021 18:00,0
11/12/2021 19:00,0
11/12/2021 20:00,0
11/12/2021 21:00,0
11/12/2021 22:00,0
11/12/2021 23:00,0
12/12/2021 00:00,0
12/12/2021 01:00,0
12/12/2021 02:00,0
12/12/2021 03:00,0
12/12/2021 04:00,0
12/12/2021 05:00,0
12/12/2021 06:00,0
12/12/2021 07:00,0.019
12/12/2021 08:00,0.069
12/12/2021 09:00,0.06
12/12/2021 10:00,0.049
12/12/2021 11:00,0.059
12/12/2021 12:00,0.254
12/12/2021 13:00,0.433
12/12/2021 14:00,0.133
12/12/2021 15:00,0.077
12/12/2021 16:00,0.014
12/12/2021 17:00,0
12/12/2021 18:00,0
12/12/2021 19:00,0
12/12/2021 20:00,0
12/12/2021 21:00,0
12/12/2021 22:00,0
12/12/2021 23:00,0
13/12/2021 00:00,0
13/12/2021 01:00,0
13/12/2021 02:00,0
13/12/2021 03:00,0
13/12/2021 04:00,0
13/12/2021 05:00,0
13/12/2021 06:00,0
13/12/2021 07:00,0.029
13/12/2021 08:00,0.218
13/12/2021 09:00,0.387
13/12/2021 10:00,0.438
13/12/2021 11:00,0.519
13/12/2021 12:00,0.507
13/12/2021 13:00,0.474
13/12/2021 14:00,0.412
13/12/2021 15:00,0.27
13/12/2021 16:00,0.059
13/12/2021 17:00,0
13/12/2021 18:00,0
13/12/2021 19:00,0
13/12/2021 20:00,0
13/12/2021 21:00,0
13/12/2021 22:00,0
13/12/2021 23:00,0
14/12/2021 00:00,0
14/12/2021 01:00,0
14/12/2021 02:00,0
14/12/2021 03:00,0
14/12/2021 04:00,0
14/12/2021 05:00,0
14/12/2021 06:00,0
14/12/2021 07:00,0.069
14/12/2021 08:00,0.324
14/12/2021 09:00,0.51
14/12/2021 10:00,0.627
14/12/2021 11:00,0.685
14/12/2021 12:00,0.686
14/12/2021 13:00,0.629
14/12/2021 14:00,0.508
14/12/2021 15:00,0.326
14/12/2021 16:00,0.081
14/12/2021 17:00,0
14/12/2021 18:00,0
14/12/2021 19:00,0
14/12/2021 20:00,0
14/12/2021 21:00,0
14/12/2021 22:00,0
14/12/2021 23:00,0
15/12/2021 00:00,0
15/12/2021 01:00,0
15/12/2021 02:00,0
15/12/2021 03:00,0
15/12/2021 04:00,0
15/12/2021 05:00,0
15/12/2021 06:00,0
15/12/2021 07:00,0.061
15/12/2021 08:00,0.297
15/12/2021 09:00,0.406
15/12/2021 10:00,0.467
15/12/2021 11:00,0.499
15/12/2021 12:00,0.611
15/12/2021 13:00,0.511
15/12/2021 14:00,0.295
15/12/2021 15:00,0.107
15/12/2021 16:00,0
15/12/2021 17:00,0
15/12/2021 18:00,0
15/12/2021 19:00,0
15/12/2021 20:00,0
15/12/2021 21:00,0
15/12/2021 22:00,0
15/12/2021 23:00,0
16/12/2021 00:00,0
16/12/2021 01:00,0
16/12/2021 02:00,0
16/12/2021 03:00,0
16/12/2021 04:00,0
16/12/2021 05:00,0
16/12/2021 06:00,0
16/12/2021 07:00,0.027
16/12/2021 08:00,0.125
16/12/2021 09:00,0.18
16/12/2021 10:00,0.268
16/12/2021 11:00,0.471
16/12/2021 12:00,0.484
16/12/2021 13:00,0.302
16/12/2021 14:00,0.169
16/12/2021 15:00,0.11
16/12/2021 16:00,0.014
16/12/2021 17:00,0
16/12/2021 18:00,0
16/12/2021 19:00,0
16/12/2021 20:00,0
16/12/2021 21:00,0
16/12/2021 22:00,0
16/12/2021 23:00,0
17/12/2021 00:00,0
17/12/2021 01:00,0
17/12/2021 02:00,0
17/12/2021 03:00,0
17/12/2021 04:00,0
17/12/2021 05:00,0
17/12/2021 06:00,0
17/12/2021 07:00,0
17/12/2021 08:00,0.058
17/12/2021 09:00,0.098
17/12/2021 10:00,0.108
17/12/2021 11:00,0.106
17/12/2021 12:00,0.097
17/12/2021 13:00,0.112
17/12/2021 14:00,0.081
17/12/2021 15:00,0.013
17/12/2021 16:00,0.001
17/12/2021 17:00,0
17/12/2021 18:00,0
17/12/2021 19:00,0
17/12/2021 20:00,0
17/12/2021 21:00,0
17/12/2021 22:00,0
17/12/2021 23:00,0
18/12/2021 00:00,0
18/12/2021 01:00,0
18/12/2021 02:00,0
18/12/2021 03:00,0
18/12/2021 04:00,0
18/12/2021 05:00,0
18/12/2021 06:00,0
18/12/2021 07:00,0.005
18/12/2021 08:00,0.039
18/12/2021 09:00,0.082
18/12/2021 10:00,0.243
18/12/2021 11:00,0.318
18/12/2021 12:00,0.374
18/12/2021 13:00,0.379
18/12/2021 14:00,0.359
18/12/2021 15:00,0.154
18/12/2021 16:00,0.017
18/12/2021 17:00,0
18/12/2021 18:00,0
18/12/2021 19:00,0
18/12/2021 20:00,0
18/12/2021 21:00,0
18/12/2021 22:00,0
18/12/2021 23:00,0
19/12/2021 00:00,0
19/12/2021 01:00,0
19/12/2021 02:00,0
19/12/2021 03:00,0
19/12/2021 04:00,0
19/12/2021 05:00,0
19/12/2021 06:00,0
19/12/2021 07:00,0.01
19/12/2021 08:00,0.043
19/12/2021 09:00,0.217
19/12/2021 10:00,0.359
19/12/2021 11:00,0.31
19/12/2021 12:00,0.248
19/12/2021 13:00,0.236
19/12/2021 14:00,0.024
19/12/2021 15:00,0.013
19/12/2021 16:00,0
19/12/2021 17:00,0
19/12/2021 18:00,0
19/12/2021 19:00,0
19/12/2021 20:00,0
19/12/2021 21:00,0
19/12/2021 22:00,0
19/12/2021 23:00,0
20/12/2021 00:00,0
20/12/2021 01:00,0
20/12/2021 02:00,0
20/12/2021 03:00,0
20/12/2021 04:00,0
20/12/2021 05:00,0
20/12/2021 06:00,0
20/12/2021 07:00,0.059
20/12/2021 08:00,0.308
20/12/2021 09:00,0.501
20/12/2021 10:00,0.608
20/12/2021 11:00,0.573
20/12/2021 12:00,0.368
20/12/2021 13:00,0.298
20/12/2021 14:00,0.122
20/12/2021 15:00,0.09
20/12/2021 16:00,0
20/12/2021 17:00,0
20/12/2021 18:00,0
20/12/2021 19:00,0
20/12/2021 20:00,0
20/12/2021 21:00,0
20/12/2021 22:00,0
20/12/2021 23:00,0
21/12/2021 00:00,0
21/12/2021 01:00,0
21/12/2021 02:00,0
21/12/2021 03:00,0
21/12/2021 04:00,0
21/12/2021 05:00,0
21/12/2021 06:00,0
21/12/2021 07:00,0.043
21/12/2021 08:00,0.302
21/12/2021 09:00,0.502
21/12/2021 10:00,0.63
21/12/2021 11:00,0.661
21/12/2021 12:00,0.484
21/12/2021 13:00,0.28
21/12/2021 14:00,0.183
21/12/2021 15:00,0.129
21/12/2021 16:00,0.041
21/12/2021 17:00,0
21/12/2021 18:00,0
21/12/2021 19:00,0
21/12/2021 20:00,0
21/12/2021 21:00,0
21/12/2021 22:00,0
21/12/2021 23:00,0
22/12/2021 00:00,0
22/12/2021 01:00,0
22/12/2021 02:00,0
22/12/2021 03:00,0
22/12/2021 04:00,0
22/12/2021 05:00,0
22/12/2021 06:00,0
22/12/2021 07:00,0.028
22/12/2021 08:00,0.3
22/12/2021 09:00,0.5
22/12/2021 10:00,0.625
22/12/2021 11:00,0.688
22/12/2021 12:00,0.684
22/12/2021 13:00,0.6
22/12/2021 14:00,0.395
22/12/2021 15:00,0.151
22/12/2021 16:00,0.035
22/12/2021 17:00,0
22/12/2021 18:00,0
22/12/2021 19:00,0
22/12/2021 20:00,0
22/12/2021 21:00,0
22/12/2021 22:00,0
22/12/2021 23:00,0
23/12/2021 00:00,0
23/12/2021 01:00,0
23/12/2021 02:00,0
23/12/2021 03:00,0
23/12/2021 04:00,0
23/12/2021 05:00,0
23/12/2021 06:00,0
23/12/2021 07:00,0.027
23/12/2021 08:00,0.295
23/12/2021 09:00,0.495
23/12/2021 10:00,0.623
23/12/2021 11:00,0.685
23/12/2021 12:00,0.688
23/12/2021 13:00,0.641
23/12/2021 14:00,0.525
23/12/2021 15:00,0.34
23/12/2021 16:00,0.082
23/12/2021 17:00,0
23/12/2021 18:00,0
23/12/2021 19:00,0
23/12/2021 20:00,0
23/12/2021 21:00,0
23/12/2021 22:00,0
23/12/2021 23:00,0
24/12/2021 00:00,0
24/12/2021 01:00,0
24/12/2021 02:00,0
24/12/2021 03:00,0
24/12/2021 04:00,0
24/12/2021 05:00,0
24/12/2021 06:00,0
24/12/2021 07:00,0.027
24/12/2021 08:00,0.297
24/12/2021 09:00,0.495
24/12/2021 10:00,0.622
24/12/2021 11:00,0.687
24/12/2021 12:00,0.688
24/12/2021 13:00,0.639
24/12/2021 14:00,0.52
24/12/2021 15:00,0.339
24/12/2021 16:00,0.094
24/12/2021 17:00,0
24/12/2021 18:00,0
24/12/2021 19:00,0
24/12/2021 20:00,0
24/12/2021 21:00,0
24/12/2021 22:00,0
24/12/2021 23:00,0
25/12/2021 00:00,0
25/12/2021 01:00,0
25/12/2021 02:00,0
25/12/2021 03:00,0
25/12/2021 04:00,0
25/12/2021 05:00,0
25/12/2021 06:00,0
25/12/2021 07:00,0.026
25/12/2021 08:00,0.288
25/12/2021 09:00,0.471
25/12/2021 10:00,0.567
25/12/2021 11:00,0.597
25/12/2021 12:00,0.666
25/12/2021 13:00,0.64
25/12/2021 14:00,0.52
25/12/2021 15:00,0.295
25/12/2021 16:00,0.081
25/12/2021 17:00,0
25/12/2021 18:00,0
25/12/2021 19:00,0
25/12/2021 20:00,0
25/12/2021 21:00,0
25/12/2021 22:00,0
25/12/2021 23:00,0
26/12/2021 00:00,0
26/12/2021 01:00,0
26/12/2021 02:00,0
26/12/2021 03:00,0
26/12/2021 04:00,0
26/12/2021 05:00,0
26/12/2021 06:00,0
26/12/2021 07:00,0.023
26/12/2021 08:00,0.283
26/12/2021 09:00,0.486
26/12/2021 10:00,0.613
26/12/2021 11:00,0.642
26/12/2021 12:00,0.46
26/12/2021 13:00,0.284
26/12/2021 14:00,0.109
26/12/2021 15:00,0.019
26/12/2021 16:00,0
26/12/2021 17:00,0
26/12/2021 18:00,0
26/12/2021 19:00,0
26/12/2021 20:00,0
26/12/2021 21:00,0
26/12/2021 22:00,0
26/12/2021 23:00,0
27/12/2021 00:00,0
27/12/2021 01:00,0
27/12/2021 02:00,0
27/12/2021 03:00,0
27/12/2021 04:00,0
27/12/2021 05:00,0
27/12/2021 06:00,0
27/12/2021 07:00,0.02
27/12/2021 08:00,0.256
27/12/2021 09:00,0.369
27/12/2021 10:00,0.523
27/12/2021 11:00,0.672
27/12/2021 12:00,0.684
27/12/2021 13:00,0.631
27/12/2021 14:00,0.52
27/12/2021 15:00,0.334
27/12/2021 16:00,0.1
27/12/2021 17:00,0
27/12/2021 18:00,0
27/12/2021 19:00,0
27/12/2021 20:00,0
27/12/2021 21:00,0
27/12/2021 22:00,0
27/12/2021 23:00,0
28/12/2021 00:00,0
28/12/2021 01:00,0
28/12/2021 02:00,0
28/12/2021 03:00,0
28/12/2021 04:00,0
28/12/2021 05:00,0
28/12/2021 06:00,0
28/12/2021 07:00,0.025
28/12/2021 08:00,0.288
28/12/2021 09:00,0.49
28/12/2021 10:00,0.614
28/12/2021 11:00,0.661
28/12/2021 12:00,0.672
28/12/2021 13:00,0.628
28/12/2021 14:00,0.497
28/12/2021 15:00,0.309
28/12/2021 16:00,0.086
28/12/2021 17:00,0
28/12/2021 18:00,0
28/12/2021 19:00,0
28/12/2021 20:00,0
28/12/2021 21:00,0
28/12/2021 22:00,0
28/12/2021 23:00,0
29/12/2021 00:00,0
29/12/2021 01:00,0
29/12/2021 02:00,0
29/12/2021 03:00,0
29/12/2021 04:00,0
29/12/2021 05:00,0
29/12/2021 06:00,0
29/12/2021 07:00,0.029
29/12/2021 08:00,0.282
29/12/2021 09:00,0.455
29/12/2021 10:00,0.573
29/12/2021 11:00,0.523
29/12/2021 12:00,0.579
29/12/2021 13:00,0.593
29/12/2021 14:00,0.399
29/12/2021 15:00,0.241
29/12/2021 16:00,0.1
29/12/2021 17:00,0
29/12/2021 18:00,0
29/12/2021 19:00,0
29/12/2021 20:00,0
29/12/2021 21:00,0
29/12/2021 22:00,0
29/12/2021 23:00,0
30/12/2021 00:00,0
30/12/2021 01:00,0
30/12/2021 02:00,0
30/12/2021 03:00,0
30/12/2021 04:00,0
30/12/2021 05:00,0
30/12/2021 06:00,0
30/12/2021 07:00,0.022
30/12/2021 08:00,0.278
30/12/2021 09:00,0.468
30/12/2021 10:00,0.492
30/12/2021 11:00,0.412
30/12/2021 12:00,0.257
30/12/2021 13:00,0.124
30/12/2021 14:00,0.015
30/12/2021 15:00,0.092
30/12/2021 16:00,0.043
30/12/2021 17:00,0
30/12/2021 18:00,0
30/12/2021 19:00,0
30/12/2021 20:00,0
30/12/2021 21:00,0
30/12/2021 22:00,0
30/12/2021 23:00,0
31/12/2021 00:00,0
31/12/2021 01:00,0
31/12/2021 02:00,0
31/12/2021 03:00,0
31/12/2021 04:00,0
31/12/2021 05:00,0
31/12/2021 06:00,0
31/12/2021 07:00,0.016
31/12/2021 08:00,0.22
31/12/2021 09:00,0.35
31/12/2021 10:00,0.27
31/12/2021 11:00,0.168
31/12/2021 12:00,0.071
31/12/2021 13:00,0.116
31/12/2021 14:00,0.371
31/12/2021 15:00,0.306
31/12/2021 16:00,0.06
31/12/2021 17:00,0
31/12/2021 18:00,0
31/12/2021 19:00,0
31/12/2021 20:00,0
31/12/2021 21:00,0
31/12/2021 22:00,0
31/12/2021 23:00,0
