Datetime,Capacity Factor
2021-01-01 00:00:00,0.2915
2021-01-01 01:00:00,0.249
2021-01-01 02:00:00,0.1911
2021-01-01 03:00:00,0.1487
2021-01-01 04:00:00,0.115
2021-01-01 05:00:00,0.0895
2021-01-01 06:00:00,0.0647
2021-01-01 07:00:00,0.0461
2021-01-01 08:00:00,0.0281
2021-01-01 09:00:00,0.0169
2021-01-01 10:00:00,0.0052
2021-01-01 11:00:00,0.0009
2021-01-01 12:00:00,0.0001
2021-01-01 13:00:00,0.0002
2021-01-01 14:00:00,0.0007
2021-01-01 15:00:00,0.0014
2021-01-01 16:00:00,0.0044
2021-01-01 17:00:00,0.0152
2021-01-01 18:00:00,0.0322
2021-01-01 19:00:00,0.0487
2021-01-01 20:00:00,0.0615
2021-01-01 21:00:00,0.0751
2021-01-01 22:00:00,0.0882
2021-01-01 23:00:00,0.105
2021-01-02 00:00:00,0.1265
2021-01-02 01:00:00,0.1514
2021-01-02 02:00:00,0.18
2021-01-02 03:00:00,0.2188
2021-01-02 04:00:00,0.2799
2021-01-02 05:00:00,0.3337
2021-01-02 06:00:00,0.401
2021-01-02 07:00:00,0.5019
2021-01-02 08:00:00,0.5928
2021-01-02 09:00:00,0.6164
2021-01-02 10:00:00,0.6038
2021-01-02 11:00:00,0.6066
2021-01-02 12:00:00,0.6346
2021-01-02 13:00:00,0.6182
2021-01-02 14:00:00,0.5811
2021-01-02 15:00:00,0.5579
2021-01-02 16:00:00,0.5486
2021-01-02 17:00:00,0.5592
2021-01-02 18:00:00,0.5642
2021-01-02 19:00:00,0.5359
2021-01-02 20:00:00,0.4772
2021-01-02 21:00:00,0.4039
2021-01-02 22:00:00,0.3649
2021-01-02 23:00:00,0.3372
2021-01-03 00:00:00,0.339
2021-01-03 01:00:00,0.3195
2021-01-03 02:00:00,0.291
2021-01-03 03:00:00,0.2713
2021-01-03 04:00:00,0.2592
2021-01-03 05:00:00,0.2279
2021-01-03 06:00:00,0.1901
2021-01-03 07:00:00,0.1823
2021-01-03 08:00:00,0.2034
2021-01-03 09:00:00,0.2266
2021-01-03 10:00:00,0.2535
2021-01-03 11:00:00,0.2834
2021-01-03 12:00:00,0.3201
2021-01-03 13:00:00,0.3837
2021-01-03 14:00:00,0.4722
2021-01-03 15:00:00,0.5881
2021-01-03 16:00:00,0.7153
2021-01-03 17:00:00,0.7995
2021-01-03 18:00:00,0.8206
2021-01-03 19:00:00,0.8304
2021-01-03 20:00:00,0.8376
2021-01-03 21:00:00,0.8218
2021-01-03 22:00:00,0.8056
2021-01-03 23:00:00,0.7906
2021-01-04 00:00:00,0.7843
2021-01-04 01:00:00,0.7823
2021-01-04 02:00:00,0.7755
2021-01-04 03:00:00,0.7614
2021-01-04 04:00:00,0.7463
2021-01-04 05:00:00,0.7132
2021-01-04 06:00:00,0.6848
2021-01-04 07:00:00,0.6581
2021-01-04 08:00:00,0.6218
2021-01-04 09:00:00,0.5819
2021-01-04 10:00:00,0.5191
2021-01-04 11:00:00,0.3823
2021-01-04 12:00:00,0.2461
2021-01-04 13:00:00,0.1268
2021-01-04 14:00:00,0.0546
2021-01-04 15:00:00,0.0253
2021-01-04 16:00:00,0.0128
2021-01-04 17:00:00,0.0048
2021-01-04 18:00:00,0.0025
2021-01-04 19:00:00,0.0023
2021-01-04 20:00:00,0.0032
2021-01-04 21:00:00,0.0031
2021-01-04 22:00:00,0.0033
2021-01-04 23:00:00,0.0067
2021-01-05 00:00:00,0.0171
2021-01-05 01:00:00,0.0361
2021-01-05 02:00:00,0.061
2021-01-05 03:00:00,0.0923
2021-01-05 04:00:00,0.1295
2021-01-05 05:00:00,0.1822
2021-01-05 06:00:00,0.2414
2021-01-05 07:00:00,0.3082
2021-01-05 08:00:00,0.3225
2021-01-05 09:00:00,0.3021
2021-01-05 10:00:00,0.3018
2021-01-05 11:00:00,0.2905
2021-01-05 12:00:00,0.2698
2021-01-05 13:00:00,0.2545
2021-01-05 14:00:00,0.2244
2021-01-05 15:00:00,0.2434
2021-01-05 16:00:00,0.2603
2021-01-05 17:00:00,0.2507
2021-01-05 18:00:00,0.2278
2021-01-05 19:00:00,0.2094
2021-01-05 20:00:00,0.1854
2021-01-05 21:00:00,0.1597
2021-01-05 22:00:00,0.186
2021-01-05 23:00:00,0.2492
2021-01-06 00:00:00,0.3057
2021-01-06 01:00:00,0.4035
2021-01-06 02:00:00,0.5274
2021-01-06 03:00:00,0.6787
2021-01-06 04:00:00,0.7661
2021-01-06 05:00:00,0.7694
2021-01-06 06:00:00,0.758
2021-01-06 07:00:00,0.7114
2021-01-06 08:00:00,0.6418
2021-01-06 09:00:00,0.6184
2021-01-06 10:00:00,0.7113
2021-01-06 11:00:00,0.7988
2021-01-06 12:00:00,0.85
2021-01-06 13:00:00,0.8649
2021-01-06 14:00:00,0.8544
2021-01-06 15:00:00,0.8457
2021-01-06 16:00:00,0.853
2021-01-06 17:00:00,0.846
2021-01-06 18:00:00,0.8136
2021-01-06 19:00:00,0.765
2021-01-06 20:00:00,0.6906
2021-01-06 21:00:00,0.6124
2021-01-06 22:00:00,0.549
2021-01-06 23:00:00,0.4628
2021-01-07 00:00:00,0.3734
2021-01-07 01:00:00,0.3057
2021-01-07 02:00:00,0.2374
2021-01-07 03:00:00,0.1827
2021-01-07 04:00:00,0.1301
2021-01-07 05:00:00,0.0905
2021-01-07 06:00:00,0.0915
2021-01-07 07:00:00,0.0937
2021-01-07 08:00:00,0.0865
2021-01-07 09:00:00,0.0985
2021-01-07 10:00:00,0.0995
2021-01-07 11:00:00,0.0993
2021-01-07 12:00:00,0.0789
2021-01-07 13:00:00,0.0639
2021-01-07 14:00:00,0.0686
2021-01-07 15:00:00,0.0786
2021-01-07 16:00:00,0.0977
2021-01-07 17:00:00,0.1173
2021-01-07 18:00:00,0.1317
2021-01-07 19:00:00,0.1393
2021-01-07 20:00:00,0.1274
2021-01-07 21:00:00,0.1028
2021-01-07 22:00:00,0.0946
2021-01-07 23:00:00,0.1244
2021-01-08 00:00:00,0.2007
2021-01-08 01:00:00,0.2795
2021-01-08 02:00:00,0.3318
2021-01-08 03:00:00,0.3555
2021-01-08 04:00:00,0.5071
2021-01-08 05:00:00,0.664
2021-01-08 06:00:00,0.7851
2021-01-08 07:00:00,0.859
2021-01-08 08:00:00,0.9031
2021-01-08 09:00:00,0.8923
2021-01-08 10:00:00,0.8598
2021-01-08 11:00:00,0.8479
2021-01-08 12:00:00,0.8546
2021-01-08 13:00:00,0.8592
2021-01-08 14:00:00,0.8157
2021-01-08 15:00:00,0.7319
2021-01-08 16:00:00,0.7004
2021-01-08 17:00:00,0.6981
2021-01-08 18:00:00,0.7243
2021-01-08 19:00:00,0.7437
2021-01-08 20:00:00,0.7579
2021-01-08 21:00:00,0.7559
2021-01-08 22:00:00,0.7525
2021-01-08 23:00:00,0.7525
2021-01-09 00:00:00,0.748
2021-01-09 01:00:00,0.7094
2021-01-09 02:00:00,0.6291
2021-01-09 03:00:00,0.5307
2021-01-09 04:00:00,0.4452
2021-01-09 05:00:00,0.3647
2021-01-09 06:00:00,0.293
2021-01-09 07:00:00,0.2248
2021-01-09 08:00:00,0.1907
2021-01-09 09:00:00,0.1732
2021-01-09 10:00:00,0.1557
2021-01-09 11:00:00,0.1416
2021-01-09 12:00:00,0.1287
2021-01-09 13:00:00,0.1078
2021-01-09 14:00:00,0.0815
2021-01-09 15:00:00,0.0469
2021-01-09 16:00:00,0.0222
2021-01-09 17:00:00,0.0132
2021-01-09 18:00:00,0.0153
2021-01-09 19:00:00,0.0179
2021-01-09 20:00:00,0.013
2021-01-09 21:00:00,0.0089
2021-01-09 22:00:00,0.007
2021-01-09 23:00:00,0.0039
2021-01-10 00:00:00,0.0019
2021-01-10 01:00:00,0.001
2021-01-10 02:00:00,0.0005
2021-01-10 03:00:00,0.0024
2021-01-10 04:00:00,0.0155
2021-01-10 05:00:00,0.0356
2021-01-10 06:00:00,0.0598
2021-01-10 07:00:00,0.0864
2021-01-10 08:00:00,0.1015
2021-01-10 09:00:00,0.1038
2021-01-10 10:00:00,0.1017
2021-01-10 11:00:00,0.0933
2021-01-10 12:00:00,0.0811
2021-01-10 13:00:00,0.0697
2021-01-10 14:00:00,0.0651
2021-01-10 15:00:00,0.0633
2021-01-10 16:00:00,0.0714
2021-01-10 17:00:00,0.0929
2021-01-10 18:00:00,0.1083
2021-01-10 19:00:00,0.1093
2021-01-10 20:00:00,0.0954
2021-01-10 21:00:00,0.0797
2021-01-10 22:00:00,0.067
2021-01-10 23:00:00,0.0631
2021-01-11 00:00:00,0.061
2021-01-11 01:00:00,0.0615
2021-01-11 02:00:00,0.0688
2021-01-11 03:00:00,0.0784
2021-01-11 04:00:00,0.0859
2021-01-11 05:00:00,0.0876
2021-01-11 06:00:00,0.0916
2021-01-11 07:00:00,0.0933
2021-01-11 08:00:00,0.0802
2021-01-11 09:00:00,0.0653
2021-01-11 10:00:00,0.0493
2021-01-11 11:00:00,0.0345
2021-01-11 12:00:00,0.0279
2021-01-11 13:00:00,0.0275
2021-01-11 14:00:00,0.0384
2021-01-11 15:00:00,0.0648
2021-01-11 16:00:00,0.1046
2021-01-11 17:00:00,0.139
2021-01-11 18:00:00,0.1513
2021-01-11 19:00:00,0.1502
2021-01-11 20:00:00,0.1391
2021-01-11 21:00:00,0.1316
2021-01-11 22:00:00,0.1357
2021-01-11 23:00:00,0.1443
2021-01-12 00:00:00,0.1541
2021-01-12 01:00:00,0.1659
2021-01-12 02:00:00,0.1808
2021-01-12 03:00:00,0.1917
2021-01-12 04:00:00,0.1954
2021-01-12 05:00:00,0.1961
2021-01-12 06:00:00,0.1989
2021-01-12 07:00:00,0.1836
2021-01-12 08:00:00,0.1541
2021-01-12 09:00:00,0.1228
2021-01-12 10:00:00,0.1046
2021-01-12 11:00:00,0.0947
2021-01-12 12:00:00,0.0914
2021-01-12 13:00:00,0.1028
2021-01-12 14:00:00,0.1439
2021-01-12 15:00:00,0.1949
2021-01-12 16:00:00,0.2168
2021-01-12 17:00:00,0.209
2021-01-12 18:00:00,0.1792
2021-01-12 19:00:00,0.1483
2021-01-12 20:00:00,0.1325
2021-01-12 21:00:00,0.1394
2021-01-12 22:00:00,0.1585
2021-01-12 23:00:00,0.1704
2021-01-13 00:00:00,0.1723
2021-01-13 01:00:00,0.1761
2021-01-13 02:00:00,0.1886
2021-01-13 03:00:00,0.1929
2021-01-13 04:00:00,0.1996
2021-01-13 05:00:00,0.2136
2021-01-13 06:00:00,0.2095
2021-01-13 07:00:00,0.2007
2021-01-13 08:00:00,0.1813
2021-01-13 09:00:00,0.1467
2021-01-13 10:00:00,0.0697
2021-01-13 11:00:00,0.0158
2021-01-13 12:00:00,0.0055
2021-01-13 13:00:00,0.0041
2021-01-13 14:00:00,0.0056
2021-01-13 15:00:00,0.0047
2021-01-13 16:00:00,0.0027
2021-01-13 17:00:00,0.0072
2021-01-13 18:00:00,0.0114
2021-01-13 19:00:00,0.0203
2021-01-13 20:00:00,0.0313
2021-01-13 21:00:00,0.0317
2021-01-13 22:00:00,0.0245
2021-01-13 23:00:00,0.0143
2021-01-14 00:00:00,0.0066
2021-01-14 01:00:00,0.0031
2021-01-14 02:00:00,0.001
2021-01-14 03:00:00,0.0001
2021-01-14 04:00:00,0.0001
2021-01-14 05:00:00,0.0035
2021-01-14 06:00:00,0.0193
2021-01-14 07:00:00,0.0528
2021-01-14 08:00:00,0.0959
2021-01-14 09:00:00,0.148
2021-01-14 10:00:00,0.205
2021-01-14 11:00:00,0.2738
2021-01-14 12:00:00,0.3363
2021-01-14 13:00:00,0.4011
2021-01-14 14:00:00,0.4036
2021-01-14 15:00:00,0.4597
2021-01-14 16:00:00,0.615
2021-01-14 17:00:00,0.792
2021-01-14 18:00:00,0.8518
2021-01-14 19:00:00,0.9078
2021-01-14 20:00:00,0.9454
2021-01-14 21:00:00,0.9067
2021-01-14 22:00:00,0.7943
2021-01-14 23:00:00,0.6171
2021-01-15 00:00:00,0.5052
2021-01-15 01:00:00,0.5315
2021-01-15 02:00:00,0.6481
2021-01-15 03:00:00,0.7642
2021-01-15 04:00:00,0.8388
2021-01-15 05:00:00,0.8889
2021-01-15 06:00:00,0.9216
2021-01-15 07:00:00,0.9441
2021-01-15 08:00:00,0.9604
2021-01-15 09:00:00,0.9695
2021-01-15 10:00:00,0.9775
2021-01-15 11:00:00,0.9811
2021-01-15 12:00:00,0.9807
2021-01-15 13:00:00,0.9769
2021-01-15 14:00:00,0.9703
2021-01-15 15:00:00,0.9651
2021-01-15 16:00:00,0.9576
2021-01-15 17:00:00,0.9516
2021-01-15 18:00:00,0.9508
2021-01-15 19:00:00,0.9489
2021-01-15 20:00:00,0.9423
2021-01-15 21:00:00,0.9427
2021-01-15 22:00:00,0.944
2021-01-15 23:00:00,0.9405
2021-01-16 00:00:00,0.9527
2021-01-16 01:00:00,0.9423
2021-01-16 02:00:00,0.8792
2021-01-16 03:00:00,0.7737
2021-01-16 04:00:00,0.657
2021-01-16 05:00:00,0.6139
2021-01-16 06:00:00,0.5971
2021-01-16 07:00:00,0.5434
2021-01-16 08:00:00,0.4795
2021-01-16 09:00:00,0.3737
2021-01-16 10:00:00,0.3275
2021-01-16 11:00:00,0.3515
2021-01-16 12:00:00,0.4031
2021-01-16 13:00:00,0.4749
2021-01-16 14:00:00,0.5307
2021-01-16 15:00:00,0.5852
2021-01-16 16:00:00,0.6553
2021-01-16 17:00:00,0.6995
2021-01-16 18:00:00,0.687
2021-01-16 19:00:00,0.6622
2021-01-16 20:00:00,0.6408
2021-01-16 21:00:00,0.6112
2021-01-16 22:00:00,0.6041
2021-01-16 23:00:00,0.6035
2021-01-17 00:00:00,0.5862
2021-01-17 01:00:00,0.5758
2021-01-17 02:00:00,0.5771
2021-01-17 03:00:00,0.5564
2021-01-17 04:00:00,0.4835
2021-01-17 05:00:00,0.3466
2021-01-17 06:00:00,0.2156
2021-01-17 07:00:00,0.1366
2021-01-17 08:00:00,0.0798
2021-01-17 09:00:00,0.036
2021-01-17 10:00:00,0.0158
2021-01-17 11:00:00,0.0079
2021-01-17 12:00:00,0.0082
2021-01-17 13:00:00,0.0196
2021-01-17 14:00:00,0.0275
2021-01-17 15:00:00,0.0319
2021-01-17 16:00:00,0.0415
2021-01-17 17:00:00,0.0591
2021-01-17 18:00:00,0.0786
2021-01-17 19:00:00,0.0895
2021-01-17 20:00:00,0.0888
2021-01-17 21:00:00,0.0849
2021-01-17 22:00:00,0.0774
2021-01-17 23:00:00,0.0618
2021-01-18 00:00:00,0.0465
2021-01-18 01:00:00,0.035
2021-01-18 02:00:00,0.0259
2021-01-18 03:00:00,0.0142
2021-01-18 04:00:00,0.0045
2021-01-18 05:00:00,0.0014
2021-01-18 06:00:00,0.0002
2021-01-18 07:00:00,0.0
2021-01-18 08:00:00,0.0
2021-01-18 09:00:00,0.0
2021-01-18 10:00:00,0.0002
2021-01-18 11:00:00,0.0017
2021-01-18 12:00:00,0.0056
2021-01-18 13:00:00,0.0102
2021-01-18 14:00:00,0.0151
2021-01-18 15:00:00,0.0108
2021-01-18 16:00:00,0.0069
2021-01-18 17:00:00,0.0037
2021-01-18 18:00:00,0.0015
2021-01-18 19:00:00,0.0012
2021-01-18 20:00:00,0.0014
2021-01-18 21:00:00,0.0014
2021-01-18 22:00:00,0.0012
2021-01-18 23:00:00,0.001
2021-01-19 00:00:00,0.0007
2021-01-19 01:00:00,0.0003
2021-01-19 02:00:00,0.0001
2021-01-19 03:00:00,0.0002
2021-01-19 04:00:00,0.0018
2021-01-19 05:00:00,0.0026
2021-01-19 06:00:00,0.0025
2021-01-19 07:00:00,0.0024
2021-01-19 08:00:00,0.0012
2021-01-19 09:00:00,0.0006
2021-01-19 10:00:00,0.0002
2021-01-19 11:00:00,0.0
2021-01-19 12:00:00,0.0
2021-01-19 13:00:00,0.0001
2021-01-19 14:00:00,0.0005
2021-01-19 15:00:00,0.002
2021-01-19 16:00:00,0.0025
2021-01-19 17:00:00,0.0042
2021-01-19 18:00:00,0.0098
2021-01-19 19:00:00,0.0172
2021-01-19 20:00:00,0.0157
2021-01-19 21:00:00,0.0111
2021-01-19 22:00:00,0.0106
2021-01-19 23:00:00,0.0175
2021-01-20 00:00:00,0.0283
2021-01-20 01:00:00,0.034
2021-01-20 02:00:00,0.032
2021-01-20 03:00:00,0.0358
2021-01-20 04:00:00,0.0485
2021-01-20 05:00:00,0.0611
2021-01-20 06:00:00,0.0952
2021-01-20 07:00:00,0.1446
2021-01-20 08:00:00,0.127
2021-01-20 09:00:00,0.0896
2021-01-20 10:00:00,0.0806
2021-01-20 11:00:00,0.0714
2021-01-20 12:00:00,0.0655
2021-01-20 13:00:00,0.092
2021-01-20 14:00:00,0.1306
2021-01-20 15:00:00,0.1691
2021-01-20 16:00:00,0.1998
2021-01-20 17:00:00,0.2266
2021-01-20 18:00:00,0.2305
2021-01-20 19:00:00,0.2441
2021-01-20 20:00:00,0.292
2021-01-20 21:00:00,0.2984
2021-01-20 22:00:00,0.3056
2021-01-20 23:00:00,0.2428
2021-01-21 00:00:00,0.1584
2021-01-21 01:00:00,0.1488
2021-01-21 02:00:00,0.1753
2021-01-21 03:00:00,0.1887
2021-01-21 04:00:00,0.191
2021-01-21 05:00:00,0.1851
2021-01-21 06:00:00,0.1692
2021-01-21 07:00:00,0.1531
2021-01-21 08:00:00,0.1307
2021-01-21 09:00:00,0.0896
2021-01-21 10:00:00,0.0593
2021-01-21 11:00:00,0.041
2021-01-21 12:00:00,0.0358
2021-01-21 13:00:00,0.0331
2021-01-21 14:00:00,0.0368
2021-01-21 15:00:00,0.0442
2021-01-21 16:00:00,0.0469
2021-01-21 17:00:00,0.0479
2021-01-21 18:00:00,0.0454
2021-01-21 19:00:00,0.0388
2021-01-21 20:00:00,0.0355
2021-01-21 21:00:00,0.0341
2021-01-21 22:00:00,0.0309
2021-01-21 23:00:00,0.029
2021-01-22 00:00:00,0.0289
2021-01-22 01:00:00,0.029
2021-01-22 02:00:00,0.0309
2021-01-22 03:00:00,0.0268
2021-01-22 04:00:00,0.0186
2021-01-22 05:00:00,0.0125
2021-01-22 06:00:00,0.0064
2021-01-22 07:00:00,0.0023
2021-01-22 08:00:00,0.0
2021-01-22 09:00:00,0.0
2021-01-22 10:00:00,0.0
2021-01-22 11:00:00,0.0
2021-01-22 12:00:00,0.0001
2021-01-22 13:00:00,0.0002
2021-01-22 14:00:00,0.0017
2021-01-22 15:00:00,0.001
2021-01-22 16:00:00,0.0005
2021-01-22 17:00:00,0.0006
2021-01-22 18:00:00,0.0021
2021-01-22 19:00:00,0.0042
2021-01-22 20:00:00,0.006
2021-01-22 21:00:00,0.0064
2021-01-22 22:00:00,0.0041
2021-01-22 23:00:00,0.0016
2021-01-23 00:00:00,0.0001
2021-01-23 01:00:00,0.0
2021-01-23 02:00:00,0.0
2021-01-23 03:00:00,0.0005
2021-01-23 04:00:00,0.0017
2021-01-23 05:00:00,0.0062
2021-01-23 06:00:00,0.0176
2021-01-23 07:00:00,0.0389
2021-01-23 08:00:00,0.0566
2021-01-23 09:00:00,0.0688
2021-01-23 10:00:00,0.0779
2021-01-23 11:00:00,0.0917
2021-01-23 12:00:00,0.1209
2021-01-23 13:00:00,0.1648
2021-01-23 14:00:00,0.2168
2021-01-23 15:00:00,0.2754
2021-01-23 16:00:00,0.3412
2021-01-23 17:00:00,0.4005
2021-01-23 18:00:00,0.439
2021-01-23 19:00:00,0.4528
2021-01-23 20:00:00,0.4618
2021-01-23 21:00:00,0.4626
2021-01-23 22:00:00,0.4559
2021-01-23 23:00:00,0.4523
2021-01-24 00:00:00,0.4464
2021-01-24 01:00:00,0.435
2021-01-24 02:00:00,0.4199
2021-01-24 03:00:00,0.4239
2021-01-24 04:00:00,0.4505
2021-01-24 05:00:00,0.489
2021-01-24 06:00:00,0.5151
2021-01-24 07:00:00,0.5559
2021-01-24 08:00:00,0.547
2021-01-24 09:00:00,0.6397
2021-01-24 10:00:00,0.6054
2021-01-24 11:00:00,0.5777
2021-01-24 12:00:00,0.6283
2021-01-24 13:00:00,0.6494
2021-01-24 14:00:00,0.5872
2021-01-24 15:00:00,0.5732
2021-01-24 16:00:00,0.6075
2021-01-24 17:00:00,0.6355
2021-01-24 18:00:00,0.6383
2021-01-24 19:00:00,0.6188
2021-01-24 20:00:00,0.5631
2021-01-24 21:00:00,0.4571
2021-01-24 22:00:00,0.3571
2021-01-24 23:00:00,0.2782
2021-01-25 00:00:00,0.2061
2021-01-25 01:00:00,0.1369
2021-01-25 02:00:00,0.0808
2021-01-25 03:00:00,0.0724
2021-01-25 04:00:00,0.082
2021-01-25 05:00:00,0.0934
2021-01-25 06:00:00,0.1264
2021-01-25 07:00:00,0.1809
2021-01-25 08:00:00,0.2173
2021-01-25 09:00:00,0.2033
2021-01-25 10:00:00,0.1645
2021-01-25 11:00:00,0.1266
2021-01-25 12:00:00,0.1133
2021-01-25 13:00:00,0.1354
2021-01-25 14:00:00,0.1817
2021-01-25 15:00:00,0.2384
2021-01-25 16:00:00,0.2809
2021-01-25 17:00:00,0.2932
2021-01-25 18:00:00,0.2948
2021-01-25 19:00:00,0.2924
2021-01-25 20:00:00,0.2936
2021-01-25 21:00:00,0.2985
2021-01-25 22:00:00,0.3052
2021-01-25 23:00:00,0.311
2021-01-26 00:00:00,0.3065
2021-01-26 01:00:00,0.3018
2021-01-26 02:00:00,0.314
2021-01-26 03:00:00,0.3331
2021-01-26 04:00:00,0.3617
2021-01-26 05:00:00,0.3927
2021-01-26 06:00:00,0.4072
2021-01-26 07:00:00,0.4323
2021-01-26 08:00:00,0.4303
2021-01-26 09:00:00,0.4352
2021-01-26 10:00:00,0.4499
2021-01-26 11:00:00,0.4429
2021-01-26 12:00:00,0.4192
2021-01-26 13:00:00,0.3645
2021-01-26 14:00:00,0.2998
2021-01-26 15:00:00,0.2427
2021-01-26 16:00:00,0.2177
2021-01-26 17:00:00,0.2304
2021-01-26 18:00:00,0.2777
2021-01-26 19:00:00,0.3311
2021-01-26 20:00:00,0.3934
2021-01-26 21:00:00,0.4182
2021-01-26 22:00:00,0.4046
2021-01-26 23:00:00,0.3638
2021-01-27 00:00:00,0.3057
2021-01-27 01:00:00,0.2648
2021-01-27 02:00:00,0.2462
2021-01-27 03:00:00,0.257
2021-01-27 04:00:00,0.2667
2021-01-27 05:00:00,0.2709
2021-01-27 06:00:00,0.2778
2021-01-27 07:00:00,0.3022
2021-01-27 08:00:00,0.3073
2021-01-27 09:00:00,0.289
2021-01-27 10:00:00,0.2685
2021-01-27 11:00:00,0.2439
2021-01-27 12:00:00,0.2104
2021-01-27 13:00:00,0.1771
2021-01-27 14:00:00,0.1503
2021-01-27 15:00:00,0.1341
2021-01-27 16:00:00,0.1232
2021-01-27 17:00:00,0.117
2021-01-27 18:00:00,0.1198
2021-01-27 19:00:00,0.1263
2021-01-27 20:00:00,0.1327
2021-01-27 21:00:00,0.1297
2021-01-27 22:00:00,0.1123
2021-01-27 23:00:00,0.1
2021-01-28 00:00:00,0.0863
2021-01-28 01:00:00,0.07
2021-01-28 02:00:00,0.064
2021-01-28 03:00:00,0.0663
2021-01-28 04:00:00,0.0682
2021-01-28 05:00:00,0.0865
2021-01-28 06:00:00,0.1148
2021-01-28 07:00:00,0.1449
2021-01-28 08:00:00,0.1705
2021-01-28 09:00:00,0.1914
2021-01-28 10:00:00,0.23
2021-01-28 11:00:00,0.2536
2021-01-28 12:00:00,0.2462
2021-01-28 13:00:00,0.2236
2021-01-28 14:00:00,0.2038
2021-01-28 15:00:00,0.1974
2021-01-28 16:00:00,0.1919
2021-01-28 17:00:00,0.1717
2021-01-28 18:00:00,0.1396
2021-01-28 19:00:00,0.1103
2021-01-28 20:00:00,0.0971
2021-01-28 21:00:00,0.1121
2021-01-28 22:00:00,0.1362
2021-01-28 23:00:00,0.1502
2021-01-29 00:00:00,0.1515
2021-01-29 01:00:00,0.1444
2021-01-29 02:00:00,0.1231
2021-01-29 03:00:00,0.1029
2021-01-29 04:00:00,0.0758
2021-01-29 05:00:00,0.044
2021-01-29 06:00:00,0.0351
2021-01-29 07:00:00,0.0449
2021-01-29 08:00:00,0.0706
2021-01-29 09:00:00,0.0992
2021-01-29 10:00:00,0.1171
2021-01-29 11:00:00,0.1193
2021-01-29 12:00:00,0.1181
2021-01-29 13:00:00,0.1209
2021-01-29 14:00:00,0.1188
2021-01-29 15:00:00,0.1173
2021-01-29 16:00:00,0.1134
2021-01-29 17:00:00,0.1221
2021-01-29 18:00:00,0.1371
2021-01-29 19:00:00,0.1505
2021-01-29 20:00:00,0.1492
2021-01-29 21:00:00,0.1445
2021-01-29 22:00:00,0.156
2021-01-29 23:00:00,0.1722
2021-01-30 00:00:00,0.1843
2021-01-30 01:00:00,0.2155
2021-01-30 02:00:00,0.2603
2021-01-30 03:00:00,0.2975
2021-01-30 04:00:00,0.313
2021-01-30 05:00:00,0.2574
2021-01-30 06:00:00,0.1702
2021-01-30 07:00:00,0.1007
2021-01-30 08:00:00,0.1003
2021-01-30 09:00:00,0.1887
2021-01-30 10:00:00,0.2429
2021-01-30 11:00:00,0.1996
2021-01-30 12:00:00,0.2331
2021-01-30 13:00:00,0.3139
2021-01-30 14:00:00,0.3506
2021-01-30 15:00:00,0.3505
2021-01-30 16:00:00,0.3656
2021-01-30 17:00:00,0.3557
2021-01-30 18:00:00,0.3224
2021-01-30 19:00:00,0.3355
2021-01-30 20:00:00,0.3579
2021-01-30 21:00:00,0.3863
2021-01-30 22:00:00,0.402
2021-01-30 23:00:00,0.4258
2021-01-31 00:00:00,0.3959
2021-01-31 01:00:00,0.358
2021-01-31 02:00:00,0.3261
2021-01-31 03:00:00,0.2894
2021-01-31 04:00:00,0.2492
2021-01-31 05:00:00,0.2219
2021-01-31 06:00:00,0.2352
2021-01-31 07:00:00,0.2778
2021-01-31 08:00:00,0.3193
2021-01-31 09:00:00,0.3264
2021-01-31 10:00:00,0.2922
2021-01-31 11:00:00,0.3094
2021-01-31 12:00:00,0.3612
2021-01-31 13:00:00,0.3866
2021-01-31 14:00:00,0.367
2021-01-31 15:00:00,0.4047
2021-01-31 16:00:00,0.4396
2021-01-31 17:00:00,0.4511
2021-01-31 18:00:00,0.4726
2021-01-31 19:00:00,0.5166
2021-01-31 20:00:00,0.551
2021-01-31 21:00:00,0.5556
2021-01-31 22:00:00,0.5482
2021-01-31 23:00:00,0.525
2021-02-01 00:00:00,0.4851
2021-02-01 01:00:00,0.4382
2021-02-01 02:00:00,0.4019
2021-02-01 03:00:00,0.3758
2021-02-01 04:00:00,0.3554
2021-02-01 05:00:00,0.3408
2021-02-01 06:00:00,0.3399
2021-02-01 07:00:00,0.3364
2021-02-01 08:00:00,0.3405
2021-02-01 09:00:00,0.3388
2021-02-01 10:00:00,0.3212
2021-02-01 11:00:00,0.2984
2021-02-01 12:00:00,0.2789
2021-02-01 13:00:00,0.2603
2021-02-01 14:00:00,0.23
2021-02-01 15:00:00,0.2083
2021-02-01 16:00:00,0.1911
2021-02-01 17:00:00,0.1762
2021-02-01 18:00:00,0.1678
2021-02-01 19:00:00,0.1642
2021-02-01 20:00:00,0.1658
2021-02-01 21:00:00,0.1731
2021-02-01 22:00:00,0.1693
2021-02-01 23:00:00,0.1531
2021-02-02 00:00:00,0.1351
2021-02-02 01:00:00,0.1158
2021-02-02 02:00:00,0.0963
2021-02-02 03:00:00,0.0836
2021-02-02 04:00:00,0.0706
2021-02-02 05:00:00,0.0529
2021-02-02 06:00:00,0.032
2021-02-02 07:00:00,0.0152
2021-02-02 08:00:00,0.0044
2021-02-02 09:00:00,0.0007
2021-02-02 10:00:00,0.0
2021-02-02 11:00:00,0.0
2021-02-02 12:00:00,0.0
2021-02-02 13:00:00,0.0017
2021-02-02 14:00:00,0.0164
2021-02-02 15:00:00,0.0134
2021-02-02 16:00:00,0.0052
2021-02-02 17:00:00,0.0008
2021-02-02 18:00:00,0.0
2021-02-02 19:00:00,0.0
2021-02-02 20:00:00,0.0
2021-02-02 21:00:00,0.0
2021-02-02 22:00:00,0.0
2021-02-02 23:00:00,0.0004
2021-02-03 00:00:00,0.0011
2021-02-03 01:00:00,0.0016
2021-02-03 02:00:00,0.0035
2021-02-03 03:00:00,0.0122
2021-02-03 04:00:00,0.0278
2021-02-03 05:00:00,0.0435
2021-02-03 06:00:00,0.0559
2021-02-03 07:00:00,0.0626
2021-02-03 08:00:00,0.0611
2021-02-03 09:00:00,0.0527
2021-02-03 10:00:00,0.0419
2021-02-03 11:00:00,0.0334
2021-02-03 12:00:00,0.0241
2021-02-03 13:00:00,0.0169
2021-02-03 14:00:00,0.0187
2021-02-03 15:00:00,0.0416
2021-02-03 16:00:00,0.0899
2021-02-03 17:00:00,0.1489
2021-02-03 18:00:00,0.1936
2021-02-03 19:00:00,0.2121
2021-02-03 20:00:00,0.2212
2021-02-03 21:00:00,0.2489
2021-02-03 22:00:00,0.2813
2021-02-03 23:00:00,0.3132
2021-02-04 00:00:00,0.3486
2021-02-04 01:00:00,0.3936
2021-02-04 02:00:00,0.4344
2021-02-04 03:00:00,0.4633
2021-02-04 04:00:00,0.4882
2021-02-04 05:00:00,0.5127
2021-02-04 06:00:00,0.5299
2021-02-04 07:00:00,0.5523
2021-02-04 08:00:00,0.5307
2021-02-04 09:00:00,0.51
2021-02-04 10:00:00,0.4881
2021-02-04 11:00:00,0.4644
2021-02-04 12:00:00,0.4403
2021-02-04 13:00:00,0.4176
2021-02-04 14:00:00,0.4204
2021-02-04 15:00:00,0.4853
2021-02-04 16:00:00,0.6095
2021-02-04 17:00:00,0.6948
2021-02-04 18:00:00,0.7331
2021-02-04 19:00:00,0.7573
2021-02-04 20:00:00,0.7803
2021-02-04 21:00:00,0.7939
2021-02-04 22:00:00,0.7978
2021-02-04 23:00:00,0.7987
2021-02-05 00:00:00,0.8006
2021-02-05 01:00:00,0.8134
2021-02-05 02:00:00,0.8164
2021-02-05 03:00:00,0.8166
2021-02-05 04:00:00,0.8165
2021-02-05 05:00:00,0.8095
2021-02-05 06:00:00,0.8348
2021-02-05 07:00:00,0.8437
2021-02-05 08:00:00,0.8377
2021-02-05 09:00:00,0.8116
2021-02-05 10:00:00,0.7865
2021-02-05 11:00:00,0.7954
2021-02-05 12:00:00,0.8201
2021-02-05 13:00:00,0.8284
2021-02-05 14:00:00,0.8311
2021-02-05 15:00:00,0.8943
2021-02-05 16:00:00,0.9285
2021-02-05 17:00:00,0.8732
2021-02-05 18:00:00,0.8918
2021-02-05 19:00:00,0.9119
2021-02-05 20:00:00,0.8833
2021-02-05 21:00:00,0.8603
2021-02-05 22:00:00,0.7132
2021-02-05 23:00:00,0.4755
2021-02-06 00:00:00,0.4843
2021-02-06 01:00:00,0.5214
2021-02-06 02:00:00,0.4495
2021-02-06 03:00:00,0.3395
2021-02-06 04:00:00,0.1572
2021-02-06 05:00:00,0.049
2021-02-06 06:00:00,0.0331
2021-02-06 07:00:00,0.0378
2021-02-06 08:00:00,0.0627
2021-02-06 09:00:00,0.052
2021-02-06 10:00:00,0.044
2021-02-06 11:00:00,0.0601
2021-02-06 12:00:00,0.0877
2021-02-06 13:00:00,0.1382
2021-02-06 14:00:00,0.1564
2021-02-06 15:00:00,0.1941
2021-02-06 16:00:00,0.1801
2021-02-06 17:00:00,0.1317
2021-02-06 18:00:00,0.0853
2021-02-06 19:00:00,0.0576
2021-02-06 20:00:00,0.0822
2021-02-06 21:00:00,0.0798
2021-02-06 22:00:00,0.0656
2021-02-06 23:00:00,0.0383
2021-02-07 00:00:00,0.0271
2021-02-07 01:00:00,0.0322
2021-02-07 02:00:00,0.0391
2021-02-07 03:00:00,0.042
2021-02-07 04:00:00,0.094
2021-02-07 05:00:00,0.0929
2021-02-07 06:00:00,0.0433
2021-02-07 07:00:00,0.0093
2021-02-07 08:00:00,0.0015
2021-02-07 09:00:00,0.0
2021-02-07 10:00:00,0.0
2021-02-07 11:00:00,0.0
2021-02-07 12:00:00,0.0004
2021-02-07 13:00:00,0.0032
2021-02-07 14:00:00,0.0061
2021-02-07 15:00:00,0.0108
2021-02-07 16:00:00,0.0204
2021-02-07 17:00:00,0.0349
2021-02-07 18:00:00,0.0514
2021-02-07 19:00:00,0.0704
2021-02-07 20:00:00,0.0934
2021-02-07 21:00:00,0.1225
2021-02-07 22:00:00,0.152
2021-02-07 23:00:00,0.1957
2021-02-08 00:00:00,0.2565
2021-02-08 01:00:00,0.291
2021-02-08 02:00:00,0.2959
2021-02-08 03:00:00,0.2615
2021-02-08 04:00:00,0.2186
2021-02-08 05:00:00,0.1901
2021-02-08 06:00:00,0.1646
2021-02-08 07:00:00,0.1505
2021-02-08 08:00:00,0.1467
2021-02-08 09:00:00,0.1352
2021-02-08 10:00:00,0.1279
2021-02-08 11:00:00,0.1271
2021-02-08 12:00:00,0.133
2021-02-08 13:00:00,0.1556
2021-02-08 14:00:00,0.1749
2021-02-08 15:00:00,0.1984
2021-02-08 16:00:00,0.2405
2021-02-08 17:00:00,0.3008
2021-02-08 18:00:00,0.3906
2021-02-08 19:00:00,0.4778
2021-02-08 20:00:00,0.5094
2021-02-08 21:00:00,0.5355
2021-02-08 22:00:00,0.5596
2021-02-08 23:00:00,0.5557
2021-02-09 00:00:00,0.5199
2021-02-09 01:00:00,0.4752
2021-02-09 02:00:00,0.4298
2021-02-09 03:00:00,0.3732
2021-02-09 04:00:00,0.3208
2021-02-09 05:00:00,0.2848
2021-02-09 06:00:00,0.2837
2021-02-09 07:00:00,0.2954
2021-02-09 08:00:00,0.3134
2021-02-09 09:00:00,0.3061
2021-02-09 10:00:00,0.2767
2021-02-09 11:00:00,0.2564
2021-02-09 12:00:00,0.2339
2021-02-09 13:00:00,0.2129
2021-02-09 14:00:00,0.1915
2021-02-09 15:00:00,0.1884
2021-02-09 16:00:00,0.2013
2021-02-09 17:00:00,0.1985
2021-02-09 18:00:00,0.1918
2021-02-09 19:00:00,0.19
2021-02-09 20:00:00,0.1988
2021-02-09 21:00:00,0.2039
2021-02-09 22:00:00,0.2133
2021-02-09 23:00:00,0.2296
2021-02-10 00:00:00,0.2562
2021-02-10 01:00:00,0.2861
2021-02-10 02:00:00,0.2939
2021-02-10 03:00:00,0.2613
2021-02-10 04:00:00,0.215
2021-02-10 05:00:00,0.1794
2021-02-10 06:00:00,0.1538
2021-02-10 07:00:00,0.1313
2021-02-10 08:00:00,0.1053
2021-02-10 09:00:00,0.0985
2021-02-10 10:00:00,0.1051
2021-02-10 11:00:00,0.1075
2021-02-10 12:00:00,0.1096
2021-02-10 13:00:00,0.1143
2021-02-10 14:00:00,0.1125
2021-02-10 15:00:00,0.1079
2021-02-10 16:00:00,0.1005
2021-02-10 17:00:00,0.0971
2021-02-10 18:00:00,0.0938
2021-02-10 19:00:00,0.0923
2021-02-10 20:00:00,0.0931
2021-02-10 21:00:00,0.0886
2021-02-10 22:00:00,0.0815
2021-02-10 23:00:00,0.0746
2021-02-11 00:00:00,0.0689
2021-02-11 01:00:00,0.0642
2021-02-11 02:00:00,0.062
2021-02-11 03:00:00,0.0563
2021-02-11 04:00:00,0.044
2021-02-11 05:00:00,0.0265
2021-02-11 06:00:00,0.0185
2021-02-11 07:00:00,0.0209
2021-02-11 08:00:00,0.0311
2021-02-11 09:00:00,0.0407
2021-02-11 10:00:00,0.0439
2021-02-11 11:00:00,0.0446
2021-02-11 12:00:00,0.0467
2021-02-11 13:00:00,0.0516
2021-02-11 14:00:00,0.0539
2021-02-11 15:00:00,0.0689
2021-02-11 16:00:00,0.0845
2021-02-11 17:00:00,0.0911
2021-02-11 18:00:00,0.089
2021-02-11 19:00:00,0.088
2021-02-11 20:00:00,0.0901
2021-02-11 21:00:00,0.0897
2021-02-11 22:00:00,0.0838
2021-02-11 23:00:00,0.0703
2021-02-12 00:00:00,0.0568
2021-02-12 01:00:00,0.0501
2021-02-12 02:00:00,0.061
2021-02-12 03:00:00,0.0761
2021-02-12 04:00:00,0.0822
2021-02-12 05:00:00,0.0807
2021-02-12 06:00:00,0.0721
2021-02-12 07:00:00,0.0642
2021-02-12 08:00:00,0.0564
2021-02-12 09:00:00,0.0594
2021-02-12 10:00:00,0.07
2021-02-12 11:00:00,0.0747
2021-02-12 12:00:00,0.0749
2021-02-12 13:00:00,0.0684
2021-02-12 14:00:00,0.0599
2021-02-12 15:00:00,0.053
2021-02-12 16:00:00,0.0495
2021-02-12 17:00:00,0.0496
2021-02-12 18:00:00,0.0536
2021-02-12 19:00:00,0.0558
2021-02-12 20:00:00,0.0553
2021-02-12 21:00:00,0.0455
2021-02-12 22:00:00,0.0338
2021-02-12 23:00:00,0.0272
2021-02-13 00:00:00,0.0283
2021-02-13 01:00:00,0.0409
2021-02-13 02:00:00,0.0666
2021-02-13 03:00:00,0.0998
2021-02-13 04:00:00,0.1381
2021-02-13 05:00:00,0.1537
2021-02-13 06:00:00,0.1644
2021-02-13 07:00:00,0.1507
2021-02-13 08:00:00,0.1378
2021-02-13 09:00:00,0.1648
2021-02-13 10:00:00,0.2229
2021-02-13 11:00:00,0.2733
2021-02-13 12:00:00,0.294
2021-02-13 13:00:00,0.2872
2021-02-13 14:00:00,0.243
2021-02-13 15:00:00,0.2272
2021-02-13 16:00:00,0.2716
2021-02-13 17:00:00,0.344
2021-02-13 18:00:00,0.3324
2021-02-13 19:00:00,0.2539
2021-02-13 20:00:00,0.2057
2021-02-13 21:00:00,0.1677
2021-02-13 22:00:00,0.1494
2021-02-13 23:00:00,0.0887
2021-02-14 00:00:00,0.0256
2021-02-14 01:00:00,0.0153
2021-02-14 02:00:00,0.0317
2021-02-14 03:00:00,0.0454
2021-02-14 04:00:00,0.0436
2021-02-14 05:00:00,0.0375
2021-02-14 06:00:00,0.0355
2021-02-14 07:00:00,0.0451
2021-02-14 08:00:00,0.0628
2021-02-14 09:00:00,0.0902
2021-02-14 10:00:00,0.1135
2021-02-14 11:00:00,0.1228
2021-02-14 12:00:00,0.1166
2021-02-14 13:00:00,0.1011
2021-02-14 14:00:00,0.0753
2021-02-14 15:00:00,0.0492
2021-02-14 16:00:00,0.0273
2021-02-14 17:00:00,0.0174
2021-02-14 18:00:00,0.0206
2021-02-14 19:00:00,0.038
2021-02-14 20:00:00,0.0732
2021-02-14 21:00:00,0.1233
2021-02-14 22:00:00,0.1594
2021-02-14 23:00:00,0.1557
2021-02-15 00:00:00,0.1164
2021-02-15 01:00:00,0.0592
2021-02-15 02:00:00,0.0158
2021-02-15 03:00:00,0.0083
2021-02-15 04:00:00,0.0066
2021-02-15 05:00:00,0.0055
2021-02-15 06:00:00,0.0062
2021-02-15 07:00:00,0.0092
2021-02-15 08:00:00,0.0105
2021-02-15 09:00:00,0.009
2021-02-15 10:00:00,0.0078
2021-02-15 11:00:00,0.0066
2021-02-15 12:00:00,0.0043
2021-02-15 13:00:00,0.0028
2021-02-15 14:00:00,0.0016
2021-02-15 15:00:00,0.0013
2021-02-15 16:00:00,0.0014
2021-02-15 17:00:00,0.0016
2021-02-15 18:00:00,0.0017
2021-02-15 19:00:00,0.0027
2021-02-15 20:00:00,0.0023
2021-02-15 21:00:00,0.0037
2021-02-15 22:00:00,0.0056
2021-02-15 23:00:00,0.0027
2021-02-16 00:00:00,0.0011
2021-02-16 01:00:00,0.0013
2021-02-16 02:00:00,0.0024
2021-02-16 03:00:00,0.0028
2021-02-16 04:00:00,0.0064
2021-02-16 05:00:00,0.011
2021-02-16 06:00:00,0.016
2021-02-16 07:00:00,0.0212
2021-02-16 08:00:00,0.0235
2021-02-16 09:00:00,0.0313
2021-02-16 10:00:00,0.0527
2021-02-16 11:00:00,0.0848
2021-02-16 12:00:00,0.1245
2021-02-16 13:00:00,0.1592
2021-02-16 14:00:00,0.1759
2021-02-16 15:00:00,0.1757
2021-02-16 16:00:00,0.1658
2021-02-16 17:00:00,0.1338
2021-02-16 18:00:00,0.1029
2021-02-16 19:00:00,0.087
2021-02-16 20:00:00,0.0916
2021-02-16 21:00:00,0.0903
2021-02-16 22:00:00,0.0765
2021-02-16 23:00:00,0.0614
2021-02-17 00:00:00,0.0464
2021-02-17 01:00:00,0.0309
2021-02-17 02:00:00,0.0177
2021-02-17 03:00:00,0.0094
2021-02-17 04:00:00,0.004
2021-02-17 05:00:00,0.0016
2021-02-17 06:00:00,0.0
2021-02-17 07:00:00,0.0
2021-02-17 08:00:00,0.0
2021-02-17 09:00:00,0.0001
2021-02-17 10:00:00,0.0001
2021-02-17 11:00:00,0.0
2021-02-17 12:00:00,0.0
2021-02-17 13:00:00,0.0
2021-02-17 14:00:00,0.0
2021-02-17 15:00:00,0.0
2021-02-17 16:00:00,0.0
2021-02-17 17:00:00,0.0
2021-02-17 18:00:00,0.0001
2021-02-17 19:00:00,0.0001
2021-02-17 20:00:00,0.0001
2021-02-17 21:00:00,0.0
2021-02-17 22:00:00,0.0
2021-02-17 23:00:00,0.0
2021-02-18 00:00:00,0.0
2021-02-18 01:00:00,0.0002
2021-02-18 02:00:00,0.005
2021-02-18 03:00:00,0.0142
2021-02-18 04:00:00,0.0238
2021-02-18 05:00:00,0.0294
2021-02-18 06:00:00,0.0305
2021-02-18 07:00:00,0.0225
2021-02-18 08:00:00,0.0179
2021-02-18 09:00:00,0.0148
2021-02-18 10:00:00,0.0184
2021-02-18 11:00:00,0.0281
2021-02-18 12:00:00,0.048
2021-02-18 13:00:00,0.07
2021-02-18 14:00:00,0.0897
2021-02-18 15:00:00,0.1005
2021-02-18 16:00:00,0.1083
2021-02-18 17:00:00,0.1173
2021-02-18 18:00:00,0.1311
2021-02-18 19:00:00,0.1477
2021-02-18 20:00:00,0.1644
2021-02-18 21:00:00,0.1711
2021-02-18 22:00:00,0.1668
2021-02-18 23:00:00,0.1593
2021-02-19 00:00:00,0.1519
2021-02-19 01:00:00,0.1407
2021-02-19 02:00:00,0.1274
2021-02-19 03:00:00,0.1196
2021-02-19 04:00:00,0.1178
2021-02-19 05:00:00,0.1212
2021-02-19 06:00:00,0.1297
2021-02-19 07:00:00,0.1458
2021-02-19 08:00:00,0.1654
2021-02-19 09:00:00,0.1867
2021-02-19 10:00:00,0.2113
2021-02-19 11:00:00,0.2318
2021-02-19 12:00:00,0.2382
2021-02-19 13:00:00,0.2272
2021-02-19 14:00:00,0.2095
2021-02-19 15:00:00,0.1877
2021-02-19 16:00:00,0.1637
2021-02-19 17:00:00,0.1443
2021-02-19 18:00:00,0.1349
2021-02-19 19:00:00,0.1296
2021-02-19 20:00:00,0.1239
2021-02-19 21:00:00,0.1293
2021-02-19 22:00:00,0.1344
2021-02-19 23:00:00,0.1284
2021-02-20 00:00:00,0.1177
2021-02-20 01:00:00,0.1064
2021-02-20 02:00:00,0.0968
2021-02-20 03:00:00,0.0829
2021-02-20 04:00:00,0.0651
2021-02-20 05:00:00,0.0501
2021-02-20 06:00:00,0.0414
2021-02-20 07:00:00,0.0373
2021-02-20 08:00:00,0.0366
2021-02-20 09:00:00,0.0434
2021-02-20 10:00:00,0.0498
2021-02-20 11:00:00,0.0515
2021-02-20 12:00:00,0.0477
2021-02-20 13:00:00,0.0425
2021-02-20 14:00:00,0.0342
2021-02-20 15:00:00,0.0323
2021-02-20 16:00:00,0.0316
2021-02-20 17:00:00,0.0312
2021-02-20 18:00:00,0.031
2021-02-20 19:00:00,0.028
2021-02-20 20:00:00,0.0254
2021-02-20 21:00:00,0.0213
2021-02-20 22:00:00,0.0162
2021-02-20 23:00:00,0.0122
2021-02-21 00:00:00,0.0093
2021-02-21 01:00:00,0.0063
2021-02-21 02:00:00,0.0033
2021-02-21 03:00:00,0.0016
2021-02-21 04:00:00,0.0006
2021-02-21 05:00:00,0.0001
2021-02-21 06:00:00,0.0
2021-02-21 07:00:00,0.0
2021-02-21 08:00:00,0.0
2021-02-21 09:00:00,0.0
2021-02-21 10:00:00,0.0
2021-02-21 11:00:00,0.0
2021-02-21 12:00:00,0.0
2021-02-21 13:00:00,0.0
2021-02-21 14:00:00,0.0
2021-02-21 15:00:00,0.0001
2021-02-21 16:00:00,0.0001
2021-02-21 17:00:00,0.0002
2021-02-21 18:00:00,0.0004
2021-02-21 19:00:00,0.0014
2021-02-21 20:00:00,0.0034
2021-02-21 21:00:00,0.0043
2021-02-21 22:00:00,0.0037
2021-02-21 23:00:00,0.0032
2021-02-22 00:00:00,0.0022
2021-02-22 01:00:00,0.0011
2021-02-22 02:00:00,0.0005
2021-02-22 03:00:00,0.0004
2021-02-22 04:00:00,0.0011
2021-02-22 05:00:00,0.0028
2021-02-22 06:00:00,0.0028
2021-02-22 07:00:00,0.0019
2021-02-22 08:00:00,0.0005
2021-02-22 09:00:00,0.0
2021-02-22 10:00:00,0.0
2021-02-22 11:00:00,0.0
2021-02-22 12:00:00,0.0
2021-02-22 13:00:00,0.0
2021-02-22 14:00:00,0.0
2021-02-22 15:00:00,0.0
2021-02-22 16:00:00,0.0
2021-02-22 17:00:00,0.0
2021-02-22 18:00:00,0.0
2021-02-22 19:00:00,0.0
2021-02-22 20:00:00,0.0002
2021-02-22 21:00:00,0.0005
2021-02-22 22:00:00,0.0005
2021-02-22 23:00:00,0.0003
2021-02-23 00:00:00,0.0002
2021-02-23 01:00:00,0.0006
2021-02-23 02:00:00,0.0038
2021-02-23 03:00:00,0.0131
2021-02-23 04:00:00,0.0241
2021-02-23 05:00:00,0.0317
2021-02-23 06:00:00,0.0387
2021-02-23 07:00:00,0.0423
2021-02-23 08:00:00,0.0408
2021-02-23 09:00:00,0.0438
2021-02-23 10:00:00,0.052
2021-02-23 11:00:00,0.0508
2021-02-23 12:00:00,0.034
2021-02-23 13:00:00,0.0137
2021-02-23 14:00:00,0.0047
2021-02-23 15:00:00,0.0022
2021-02-23 16:00:00,0.0036
2021-02-23 17:00:00,0.0112
2021-02-23 18:00:00,0.0275
2021-02-23 19:00:00,0.0429
2021-02-23 20:00:00,0.0507
2021-02-23 21:00:00,0.0537
2021-02-23 22:00:00,0.0577
2021-02-23 23:00:00,0.0584
2021-02-24 00:00:00,0.0562
2021-02-24 01:00:00,0.0536
2021-02-24 02:00:00,0.0554
2021-02-24 03:00:00,0.058
2021-02-24 04:00:00,0.0575
2021-02-24 05:00:00,0.0528
2021-02-24 06:00:00,0.0441
2021-02-24 07:00:00,0.0319
2021-02-24 08:00:00,0.0207
2021-02-24 09:00:00,0.0119
2021-02-24 10:00:00,0.0051
2021-02-24 11:00:00,0.0014
2021-02-24 12:00:00,0.0005
2021-02-24 13:00:00,0.0007
2021-02-24 14:00:00,0.0044
2021-02-24 15:00:00,0.0053
2021-02-24 16:00:00,0.0053
2021-02-24 17:00:00,0.0103
2021-02-24 18:00:00,0.023
2021-02-24 19:00:00,0.0425
2021-02-24 20:00:00,0.07
2021-02-24 21:00:00,0.1009
2021-02-24 22:00:00,0.1362
2021-02-24 23:00:00,0.1761
2021-02-25 00:00:00,0.2031
2021-02-25 01:00:00,0.199
2021-02-25 02:00:00,0.1251
2021-02-25 03:00:00,0.0816
2021-02-25 04:00:00,0.3462
2021-02-25 05:00:00,0.5185
2021-02-25 06:00:00,0.5913
2021-02-25 07:00:00,0.6857
2021-02-25 08:00:00,0.7586
2021-02-25 09:00:00,0.786
2021-02-25 10:00:00,0.7862
2021-02-25 11:00:00,0.7943
2021-02-25 12:00:00,0.8134
2021-02-25 13:00:00,0.8319
2021-02-25 14:00:00,0.8232
2021-02-25 15:00:00,0.8307
2021-02-25 16:00:00,0.8627
2021-02-25 17:00:00,0.8812
2021-02-25 18:00:00,0.876
2021-02-25 19:00:00,0.8813
2021-02-25 20:00:00,0.8423
2021-02-25 21:00:00,0.8094
2021-02-25 22:00:00,0.7556
2021-02-25 23:00:00,0.6806
2021-02-26 00:00:00,0.5656
2021-02-26 01:00:00,0.4088
2021-02-26 02:00:00,0.1977
2021-02-26 03:00:00,0.0472
2021-02-26 04:00:00,0.0107
2021-02-26 05:00:00,0.0433
2021-02-26 06:00:00,0.2222
2021-02-26 07:00:00,0.4865
2021-02-26 08:00:00,0.6638
2021-02-26 09:00:00,0.7099
2021-02-26 10:00:00,0.7027
2021-02-26 11:00:00,0.6446
2021-02-26 12:00:00,0.527
2021-02-26 13:00:00,0.3966
2021-02-26 14:00:00,0.3046
2021-02-26 15:00:00,0.2742
2021-02-26 16:00:00,0.2977
2021-02-26 17:00:00,0.3635
2021-02-26 18:00:00,0.4394
2021-02-26 19:00:00,0.4906
2021-02-26 20:00:00,0.5065
2021-02-26 21:00:00,0.5234
2021-02-26 22:00:00,0.561
2021-02-26 23:00:00,0.5738
2021-02-27 00:00:00,0.5832
2021-02-27 01:00:00,0.5961
2021-02-27 02:00:00,0.6151
2021-02-27 03:00:00,0.6427
2021-02-27 04:00:00,0.6229
2021-02-27 05:00:00,0.591
2021-02-27 06:00:00,0.5656
2021-02-27 07:00:00,0.5736
2021-02-27 08:00:00,0.6235
2021-02-27 09:00:00,0.6601
2021-02-27 10:00:00,0.6955
2021-02-27 11:00:00,0.7345
2021-02-27 12:00:00,0.758
2021-02-27 13:00:00,0.7627
2021-02-27 14:00:00,0.7528
2021-02-27 15:00:00,0.7349
2021-02-27 16:00:00,0.725
2021-02-27 17:00:00,0.7223
2021-02-27 18:00:00,0.7196
2021-02-27 19:00:00,0.7081
2021-02-27 20:00:00,0.677
2021-02-27 21:00:00,0.6326
2021-02-27 22:00:00,0.5842
2021-02-27 23:00:00,0.5353
2021-02-28 00:00:00,0.4979
2021-02-28 01:00:00,0.4503
2021-02-28 02:00:00,0.4311
2021-02-28 03:00:00,0.384
2021-02-28 04:00:00,0.3156
2021-02-28 05:00:00,0.2567
2021-02-28 06:00:00,0.2116
2021-02-28 07:00:00,0.1789
2021-02-28 08:00:00,0.1562
2021-02-28 09:00:00,0.1717
2021-02-28 10:00:00,0.2375
2021-02-28 11:00:00,0.3387
2021-02-28 12:00:00,0.4399
2021-02-28 13:00:00,0.517
2021-02-28 14:00:00,0.547
2021-02-28 15:00:00,0.5596
2021-02-28 16:00:00,0.554
2021-02-28 17:00:00,0.5073
2021-02-28 18:00:00,0.4296
2021-02-28 19:00:00,0.337
2021-02-28 20:00:00,0.26
2021-02-28 21:00:00,0.2048
2021-02-28 22:00:00,0.1813
2021-02-28 23:00:00,0.1829
2021-03-01 00:00:00,0.1971
2021-03-01 01:00:00,0.2114
2021-03-01 02:00:00,0.215
2021-03-01 03:00:00,0.2209
2021-03-01 04:00:00,0.2376
2021-03-01 05:00:00,0.2604
2021-03-01 06:00:00,0.3082
2021-03-01 07:00:00,0.3313
2021-03-01 08:00:00,0.3232
2021-03-01 09:00:00,0.2966
2021-03-01 10:00:00,0.2858
2021-03-01 11:00:00,0.3071
2021-03-01 12:00:00,0.3256
2021-03-01 13:00:00,0.3464
2021-03-01 14:00:00,0.3631
2021-03-01 15:00:00,0.3521
2021-03-01 16:00:00,0.3182
2021-03-01 17:00:00,0.2864
2021-03-01 18:00:00,0.2672
2021-03-01 19:00:00,0.2598
2021-03-01 20:00:00,0.2605
2021-03-01 21:00:00,0.2622
2021-03-01 22:00:00,0.2531
2021-03-01 23:00:00,0.2297
2021-03-02 00:00:00,0.1929
2021-03-02 01:00:00,0.1499
2021-03-02 02:00:00,0.1135
2021-03-02 03:00:00,0.1038
2021-03-02 04:00:00,0.1094
2021-03-02 05:00:00,0.1218
2021-03-02 06:00:00,0.154
2021-03-02 07:00:00,0.1978
2021-03-02 08:00:00,0.2409
2021-03-02 09:00:00,0.2549
2021-03-02 10:00:00,0.2569
2021-03-02 11:00:00,0.2668
2021-03-02 12:00:00,0.2774
2021-03-02 13:00:00,0.2674
2021-03-02 14:00:00,0.2279
2021-03-02 15:00:00,0.2058
2021-03-02 16:00:00,0.2143
2021-03-02 17:00:00,0.224
2021-03-02 18:00:00,0.2322
2021-03-02 19:00:00,0.243
2021-03-02 20:00:00,0.2509
2021-03-02 21:00:00,0.2339
2021-03-02 22:00:00,0.1891
2021-03-02 23:00:00,0.1443
2021-03-03 00:00:00,0.1202
2021-03-03 01:00:00,0.1199
2021-03-03 02:00:00,0.1326
2021-03-03 03:00:00,0.1473
2021-03-03 04:00:00,0.1559
2021-03-03 05:00:00,0.1535
2021-03-03 06:00:00,0.1641
2021-03-03 07:00:00,0.1965
2021-03-03 08:00:00,0.2665
2021-03-03 09:00:00,0.3122
2021-03-03 10:00:00,0.2845
2021-03-03 11:00:00,0.2417
2021-03-03 12:00:00,0.2057
2021-03-03 13:00:00,0.1686
2021-03-03 14:00:00,0.1138
2021-03-03 15:00:00,0.0692
2021-03-03 16:00:00,0.0518
2021-03-03 17:00:00,0.042
2021-03-03 18:00:00,0.0354
2021-03-03 19:00:00,0.0249
2021-03-03 20:00:00,0.0134
2021-03-03 21:00:00,0.0093
2021-03-03 22:00:00,0.008
2021-03-03 23:00:00,0.0058
2021-03-04 00:00:00,0.004
2021-03-04 01:00:00,0.0023
2021-03-04 02:00:00,0.0009
2021-03-04 03:00:00,0.0001
2021-03-04 04:00:00,0.0
2021-03-04 05:00:00,0.0001
2021-03-04 06:00:00,0.0028
2021-03-04 07:00:00,0.0121
2021-03-04 08:00:00,0.0343
2021-03-04 09:00:00,0.0597
2021-03-04 10:00:00,0.0863
2021-03-04 11:00:00,0.1075
2021-03-04 12:00:00,0.1163
2021-03-04 13:00:00,0.1178
2021-03-04 14:00:00,0.1131
2021-03-04 15:00:00,0.0952
2021-03-04 16:00:00,0.0796
2021-03-04 17:00:00,0.072
2021-03-04 18:00:00,0.0752
2021-03-04 19:00:00,0.0843
2021-03-04 20:00:00,0.091
2021-03-04 21:00:00,0.0947
2021-03-04 22:00:00,0.0946
2021-03-04 23:00:00,0.0902
2021-03-05 00:00:00,0.0845
2021-03-05 01:00:00,0.0745
2021-03-05 02:00:00,0.0632
2021-03-05 03:00:00,0.051
2021-03-05 04:00:00,0.0373
2021-03-05 05:00:00,0.0248
2021-03-05 06:00:00,0.0131
2021-03-05 07:00:00,0.0053
2021-03-05 08:00:00,0.0023
2021-03-05 09:00:00,0.0007
2021-03-05 10:00:00,0.0002
2021-03-05 11:00:00,0.0
2021-03-05 12:00:00,0.0
2021-03-05 13:00:00,0.0
2021-03-05 14:00:00,0.0002
2021-03-05 15:00:00,0.0045
2021-03-05 16:00:00,0.01
2021-03-05 17:00:00,0.012
2021-03-05 18:00:00,0.0082
2021-03-05 19:00:00,0.0048
2021-03-05 20:00:00,0.0043
2021-03-05 21:00:00,0.0079
2021-03-05 22:00:00,0.01
2021-03-05 23:00:00,0.0093
2021-03-06 00:00:00,0.0086
2021-03-06 01:00:00,0.0081
2021-03-06 02:00:00,0.0063
2021-03-06 03:00:00,0.003
2021-03-06 04:00:00,0.0017
2021-03-06 05:00:00,0.0021
2021-03-06 06:00:00,0.0031
2021-03-06 07:00:00,0.0075
2021-03-06 08:00:00,0.023
2021-03-06 09:00:00,0.0571
2021-03-06 10:00:00,0.0997
2021-03-06 11:00:00,0.1322
2021-03-06 12:00:00,0.1554
2021-03-06 13:00:00,0.1654
2021-03-06 14:00:00,0.1705
2021-03-06 15:00:00,0.1693
2021-03-06 16:00:00,0.1605
2021-03-06 17:00:00,0.146
2021-03-06 18:00:00,0.1362
2021-03-06 19:00:00,0.1427
2021-03-06 20:00:00,0.1483
2021-03-06 21:00:00,0.176
2021-03-06 22:00:00,0.2328
2021-03-06 23:00:00,0.2788
2021-03-07 00:00:00,0.302
2021-03-07 01:00:00,0.3034
2021-03-07 02:00:00,0.2996
2021-03-07 03:00:00,0.2726
2021-03-07 04:00:00,0.2433
2021-03-07 05:00:00,0.2178
2021-03-07 06:00:00,0.1906
2021-03-07 07:00:00,0.1615
2021-03-07 08:00:00,0.1423
2021-03-07 09:00:00,0.1261
2021-03-07 10:00:00,0.1146
2021-03-07 11:00:00,0.1178
2021-03-07 12:00:00,0.1268
2021-03-07 13:00:00,0.13
2021-03-07 14:00:00,0.1209
2021-03-07 15:00:00,0.1164
2021-03-07 16:00:00,0.1142
2021-03-07 17:00:00,0.1091
2021-03-07 18:00:00,0.1071
2021-03-07 19:00:00,0.1067
2021-03-07 20:00:00,0.1042
2021-03-07 21:00:00,0.102
2021-03-07 22:00:00,0.0915
2021-03-07 23:00:00,0.0748
2021-03-08 00:00:00,0.0532
2021-03-08 01:00:00,0.0297
2021-03-08 02:00:00,0.0145
2021-03-08 03:00:00,0.0076
2021-03-08 04:00:00,0.0057
2021-03-08 05:00:00,0.004
2021-03-08 06:00:00,0.0036
2021-03-08 07:00:00,0.0027
2021-03-08 08:00:00,0.0015
2021-03-08 09:00:00,0.0
2021-03-08 10:00:00,0.0
2021-03-08 11:00:00,0.0001
2021-03-08 12:00:00,0.0099
2021-03-08 13:00:00,0.0209
2021-03-08 14:00:00,0.0318
2021-03-08 15:00:00,0.0369
2021-03-08 16:00:00,0.0329
2021-03-08 17:00:00,0.0223
2021-03-08 18:00:00,0.0118
2021-03-08 19:00:00,0.0042
2021-03-08 20:00:00,0.0008
2021-03-08 21:00:00,0.0001
2021-03-08 22:00:00,0.0
2021-03-08 23:00:00,0.0001
2021-03-09 00:00:00,0.0006
2021-03-09 01:00:00,0.0021
2021-03-09 02:00:00,0.0037
2021-03-09 03:00:00,0.0034
2021-03-09 04:00:00,0.0011
2021-03-09 05:00:00,0.0
2021-03-09 06:00:00,0.0
2021-03-09 07:00:00,0.0
2021-03-09 08:00:00,0.0
2021-03-09 09:00:00,0.0
2021-03-09 10:00:00,0.0
2021-03-09 11:00:00,0.0
2021-03-09 12:00:00,0.0013
2021-03-09 13:00:00,0.0079
2021-03-09 14:00:00,0.0283
2021-03-09 15:00:00,0.0424
2021-03-09 16:00:00,0.0413
2021-03-09 17:00:00,0.0397
2021-03-09 18:00:00,0.0377
2021-03-09 19:00:00,0.0365
2021-03-09 20:00:00,0.0345
2021-03-09 21:00:00,0.0328
2021-03-09 22:00:00,0.033
2021-03-09 23:00:00,0.0393
2021-03-10 00:00:00,0.0462
2021-03-10 01:00:00,0.0471
2021-03-10 02:00:00,0.0423
2021-03-10 03:00:00,0.0325
2021-03-10 04:00:00,0.0224
2021-03-10 05:00:00,0.0179
2021-03-10 06:00:00,0.0228
2021-03-10 07:00:00,0.0444
2021-03-10 08:00:00,0.0779
2021-03-10 09:00:00,0.1114
2021-03-10 10:00:00,0.1386
2021-03-10 11:00:00,0.1588
2021-03-10 12:00:00,0.167
2021-03-10 13:00:00,0.169
2021-03-10 14:00:00,0.1691
2021-03-10 15:00:00,0.1544
2021-03-10 16:00:00,0.1164
2021-03-10 17:00:00,0.0735
2021-03-10 18:00:00,0.0452
2021-03-10 19:00:00,0.0269
2021-03-10 20:00:00,0.0166
2021-03-10 21:00:00,0.0131
2021-03-10 22:00:00,0.0109
2021-03-10 23:00:00,0.0101
2021-03-11 00:00:00,0.0076
2021-03-11 01:00:00,0.0043
2021-03-11 02:00:00,0.0022
2021-03-11 03:00:00,0.0009
2021-03-11 04:00:00,0.0028
2021-03-11 05:00:00,0.0095
2021-03-11 06:00:00,0.0269
2021-03-11 07:00:00,0.0456
2021-03-11 08:00:00,0.0649
2021-03-11 09:00:00,0.0869
2021-03-11 10:00:00,0.1045
2021-03-11 11:00:00,0.1058
2021-03-11 12:00:00,0.0882
2021-03-11 13:00:00,0.0724
2021-03-11 14:00:00,0.0651
2021-03-11 15:00:00,0.0704
2021-03-11 16:00:00,0.0864
2021-03-11 17:00:00,0.0986
2021-03-11 18:00:00,0.0915
2021-03-11 19:00:00,0.072
2021-03-11 20:00:00,0.0557
2021-03-11 21:00:00,0.0465
2021-03-11 22:00:00,0.0401
2021-03-11 23:00:00,0.0363
2021-03-12 00:00:00,0.0378
2021-03-12 01:00:00,0.0434
2021-03-12 02:00:00,0.0522
2021-03-12 03:00:00,0.057
2021-03-12 04:00:00,0.0505
2021-03-12 05:00:00,0.0478
2021-03-12 06:00:00,0.0593
2021-03-12 07:00:00,0.0695
2021-03-12 08:00:00,0.0732
2021-03-12 09:00:00,0.059
2021-03-12 10:00:00,0.0488
2021-03-12 11:00:00,0.0333
2021-03-12 12:00:00,0.0299
2021-03-12 13:00:00,0.0239
2021-03-12 14:00:00,0.0099
2021-03-12 15:00:00,0.0009
2021-03-12 16:00:00,0.0001
2021-03-12 17:00:00,0.0105
2021-03-12 18:00:00,0.0426
2021-03-12 19:00:00,0.0383
2021-03-12 20:00:00,0.0287
2021-03-12 21:00:00,0.0502
2021-03-12 22:00:00,0.0939
2021-03-12 23:00:00,0.1113
2021-03-13 00:00:00,0.1457
2021-03-13 01:00:00,0.2199
2021-03-13 02:00:00,0.1303
2021-03-13 03:00:00,0.0887
2021-03-13 04:00:00,0.1434
2021-03-13 05:00:00,0.1866
2021-03-13 06:00:00,0.1948
2021-03-13 07:00:00,0.1908
2021-03-13 08:00:00,0.1951
2021-03-13 09:00:00,0.1827
2021-03-13 10:00:00,0.1455
2021-03-13 11:00:00,0.1287
2021-03-13 12:00:00,0.1055
2021-03-13 13:00:00,0.0889
2021-03-13 14:00:00,0.3004
2021-03-13 15:00:00,0.6265
2021-03-13 16:00:00,0.6315
2021-03-13 17:00:00,0.426
2021-03-13 18:00:00,0.4063
2021-03-13 19:00:00,0.466
2021-03-13 20:00:00,0.4434
2021-03-13 21:00:00,0.3942
2021-03-13 22:00:00,0.3402
2021-03-13 23:00:00,0.3036
2021-03-14 00:00:00,0.2374
2021-03-14 01:00:00,0.1937
2021-03-14 02:00:00,0.1062
2021-03-14 03:00:00,0.0168
2021-03-14 04:00:00,0.0017
2021-03-14 05:00:00,0.0031
2021-03-14 06:00:00,0.0224
2021-03-14 07:00:00,0.0427
2021-03-14 08:00:00,0.0581
2021-03-14 09:00:00,0.0574
2021-03-14 10:00:00,0.0609
2021-03-14 11:00:00,0.0869
2021-03-14 12:00:00,0.1007
2021-03-14 13:00:00,0.1068
2021-03-14 14:00:00,0.1217
2021-03-14 15:00:00,0.1364
2021-03-14 16:00:00,0.1509
2021-03-14 17:00:00,0.1578
2021-03-14 18:00:00,0.148
2021-03-14 19:00:00,0.1421
2021-03-14 20:00:00,0.1606
2021-03-14 21:00:00,0.1975
2021-03-14 22:00:00,0.2233
2021-03-14 23:00:00,0.2207
2021-03-15 00:00:00,0.2217
2021-03-15 01:00:00,0.2201
2021-03-15 02:00:00,0.2371
2021-03-15 03:00:00,0.2606
2021-03-15 04:00:00,0.2896
2021-03-15 05:00:00,0.3247
2021-03-15 06:00:00,0.4
2021-03-15 07:00:00,0.4813
2021-03-15 08:00:00,0.5294
2021-03-15 09:00:00,0.5293
2021-03-15 10:00:00,0.5454
2021-03-15 11:00:00,0.6062
2021-03-15 12:00:00,0.6693
2021-03-15 13:00:00,0.6701
2021-03-15 14:00:00,0.6069
2021-03-15 15:00:00,0.553
2021-03-15 16:00:00,0.4994
2021-03-15 17:00:00,0.4181
2021-03-15 18:00:00,0.406
2021-03-15 19:00:00,0.3915
2021-03-15 20:00:00,0.4014
2021-03-15 21:00:00,0.3738
2021-03-15 22:00:00,0.3054
2021-03-15 23:00:00,0.2272
2021-03-16 00:00:00,0.1498
2021-03-16 01:00:00,0.0961
2021-03-16 02:00:00,0.0683
2021-03-16 03:00:00,0.0604
2021-03-16 04:00:00,0.0691
2021-03-16 05:00:00,0.0968
2021-03-16 06:00:00,0.1324
2021-03-16 07:00:00,0.149
2021-03-16 08:00:00,0.1682
2021-03-16 09:00:00,0.2074
2021-03-16 10:00:00,0.2525
2021-03-16 11:00:00,0.305
2021-03-16 12:00:00,0.3448
2021-03-16 13:00:00,0.3674
2021-03-16 14:00:00,0.3597
2021-03-16 15:00:00,0.3217
2021-03-16 16:00:00,0.2908
2021-03-16 17:00:00,0.2934
2021-03-16 18:00:00,0.3034
2021-03-16 19:00:00,0.3228
2021-03-16 20:00:00,0.3516
2021-03-16 21:00:00,0.373
2021-03-16 22:00:00,0.3823
2021-03-16 23:00:00,0.3847
2021-03-17 00:00:00,0.3738
2021-03-17 01:00:00,0.3179
2021-03-17 02:00:00,0.2714
2021-03-17 03:00:00,0.2344
2021-03-17 04:00:00,0.2014
2021-03-17 05:00:00,0.1753
2021-03-17 06:00:00,0.1832
2021-03-17 07:00:00,0.1978
2021-03-17 08:00:00,0.2191
2021-03-17 09:00:00,0.2004
2021-03-17 10:00:00,0.1786
2021-03-17 11:00:00,0.1676
2021-03-17 12:00:00,0.1519
2021-03-17 13:00:00,0.1291
2021-03-17 14:00:00,0.1086
2021-03-17 15:00:00,0.1022
2021-03-17 16:00:00,0.1098
2021-03-17 17:00:00,0.1156
2021-03-17 18:00:00,0.1223
2021-03-17 19:00:00,0.1294
2021-03-17 20:00:00,0.1326
2021-03-17 21:00:00,0.1457
2021-03-17 22:00:00,0.1654
2021-03-17 23:00:00,0.174
2021-03-18 00:00:00,0.1814
2021-03-18 01:00:00,0.1801
2021-03-18 02:00:00,0.1573
2021-03-18 03:00:00,0.1376
2021-03-18 04:00:00,0.1162
2021-03-18 05:00:00,0.0888
2021-03-18 06:00:00,0.0631
2021-03-18 07:00:00,0.0504
2021-03-18 08:00:00,0.0508
2021-03-18 09:00:00,0.0572
2021-03-18 10:00:00,0.0688
2021-03-18 11:00:00,0.0896
2021-03-18 12:00:00,0.1023
2021-03-18 13:00:00,0.1008
2021-03-18 14:00:00,0.0893
2021-03-18 15:00:00,0.0699
2021-03-18 16:00:00,0.0488
2021-03-18 17:00:00,0.0286
2021-03-18 18:00:00,0.0181
2021-03-18 19:00:00,0.013
2021-03-18 20:00:00,0.0114
2021-03-18 21:00:00,0.0117
2021-03-18 22:00:00,0.0129
2021-03-18 23:00:00,0.0148
2021-03-19 00:00:00,0.0165
2021-03-19 01:00:00,0.0169
2021-03-19 02:00:00,0.0175
2021-03-19 03:00:00,0.0205
2021-03-19 04:00:00,0.0234
2021-03-19 05:00:00,0.0233
2021-03-19 06:00:00,0.02
2021-03-19 07:00:00,0.011
2021-03-19 08:00:00,0.0027
2021-03-19 09:00:00,0.0002
2021-03-19 10:00:00,0.0
2021-03-19 11:00:00,0.0
2021-03-19 12:00:00,0.0002
2021-03-19 13:00:00,0.0056
2021-03-19 14:00:00,0.0128
2021-03-19 15:00:00,0.0332
2021-03-19 16:00:00,0.0481
2021-03-19 17:00:00,0.0557
2021-03-19 18:00:00,0.0527
2021-03-19 19:00:00,0.0442
2021-03-19 20:00:00,0.0411
2021-03-19 21:00:00,0.0357
2021-03-19 22:00:00,0.0268
2021-03-19 23:00:00,0.0159
2021-03-20 00:00:00,0.0076
2021-03-20 01:00:00,0.0047
2021-03-20 02:00:00,0.0043
2021-03-20 03:00:00,0.007
2021-03-20 04:00:00,0.0175
2021-03-20 05:00:00,0.0294
2021-03-20 06:00:00,0.0343
2021-03-20 07:00:00,0.0228
2021-03-20 08:00:00,0.0127
2021-03-20 09:00:00,0.0061
2021-03-20 10:00:00,0.0048
2021-03-20 11:00:00,0.0036
2021-03-20 12:00:00,0.0052
2021-03-20 13:00:00,0.0279
2021-03-20 14:00:00,0.0562
2021-03-20 15:00:00,0.0786
2021-03-20 16:00:00,0.0887
2021-03-20 17:00:00,0.0829
2021-03-20 18:00:00,0.0674
2021-03-20 19:00:00,0.0508
2021-03-20 20:00:00,0.0379
2021-03-20 21:00:00,0.0352
2021-03-20 22:00:00,0.0426
2021-03-20 23:00:00,0.0508
2021-03-21 00:00:00,0.0473
2021-03-21 01:00:00,0.0346
2021-03-21 02:00:00,0.0254
2021-03-21 03:00:00,0.0223
2021-03-21 04:00:00,0.0217
2021-03-21 05:00:00,0.0185
2021-03-21 06:00:00,0.0152
2021-03-21 07:00:00,0.0125
2021-03-21 08:00:00,0.0114
2021-03-21 09:00:00,0.01
2021-03-21 10:00:00,0.01
2021-03-21 11:00:00,0.0139
2021-03-21 12:00:00,0.0201
2021-03-21 13:00:00,0.0275
2021-03-21 14:00:00,0.0342
2021-03-21 15:00:00,0.0429
2021-03-21 16:00:00,0.0465
2021-03-21 17:00:00,0.0424
2021-03-21 18:00:00,0.0335
2021-03-21 19:00:00,0.031
2021-03-21 20:00:00,0.0371
2021-03-21 21:00:00,0.0469
2021-03-21 22:00:00,0.054
2021-03-21 23:00:00,0.0578
2021-03-22 00:00:00,0.0584
2021-03-22 01:00:00,0.0566
2021-03-22 02:00:00,0.0487
2021-03-22 03:00:00,0.0343
2021-03-22 04:00:00,0.0218
2021-03-22 05:00:00,0.0126
2021-03-22 06:00:00,0.0111
2021-03-22 07:00:00,0.0035
2021-03-22 08:00:00,0.001
2021-03-22 09:00:00,0.0006
2021-03-22 10:00:00,0.0
2021-03-22 11:00:00,0.0
2021-03-22 12:00:00,0.0
2021-03-22 13:00:00,0.0021
2021-03-22 14:00:00,0.0077
2021-03-22 15:00:00,0.0083
2021-03-22 16:00:00,0.004
2021-03-22 17:00:00,0.0008
2021-03-22 18:00:00,0.0001
2021-03-22 19:00:00,0.0
2021-03-22 20:00:00,0.0002
2021-03-22 21:00:00,0.0018
2021-03-22 22:00:00,0.0069
2021-03-22 23:00:00,0.0148
2021-03-23 00:00:00,0.0273
2021-03-23 01:00:00,0.0348
2021-03-23 02:00:00,0.0304
2021-03-23 03:00:00,0.0258
2021-03-23 04:00:00,0.024
2021-03-23 05:00:00,0.0207
2021-03-23 06:00:00,0.0054
2021-03-23 07:00:00,0.0011
2021-03-23 08:00:00,0.0001
2021-03-23 09:00:00,0.0
2021-03-23 10:00:00,0.0
2021-03-23 11:00:00,0.0
2021-03-23 12:00:00,0.0009
2021-03-23 13:00:00,0.0173
2021-03-23 14:00:00,0.0286
2021-03-23 15:00:00,0.0201
2021-03-23 16:00:00,0.0127
2021-03-23 17:00:00,0.0152
2021-03-23 18:00:00,0.0223
2021-03-23 19:00:00,0.0286
2021-03-23 20:00:00,0.0395
2021-03-23 21:00:00,0.0575
2021-03-23 22:00:00,0.0877
2021-03-23 23:00:00,0.1352
2021-03-24 00:00:00,0.1989
2021-03-24 01:00:00,0.2315
2021-03-24 02:00:00,0.262
2021-03-24 03:00:00,0.2919
2021-03-24 04:00:00,0.3275
2021-03-24 05:00:00,0.3988
2021-03-24 06:00:00,0.4383
2021-03-24 07:00:00,0.3769
2021-03-24 08:00:00,0.2536
2021-03-24 09:00:00,0.1385
2021-03-24 10:00:00,0.057
2021-03-24 11:00:00,0.0204
2021-03-24 12:00:00,0.012
2021-03-24 13:00:00,0.013
2021-03-24 14:00:00,0.0275
2021-03-24 15:00:00,0.0722
2021-03-24 16:00:00,0.1749
2021-03-24 17:00:00,0.3704
2021-03-24 18:00:00,0.5602
2021-03-24 19:00:00,0.6592
2021-03-24 20:00:00,0.6809
2021-03-24 21:00:00,0.6632
2021-03-24 22:00:00,0.6407
2021-03-24 23:00:00,0.5982
2021-03-25 00:00:00,0.5325
2021-03-25 01:00:00,0.4372
2021-03-25 02:00:00,0.3466
2021-03-25 03:00:00,0.2606
2021-03-25 04:00:00,0.1947
2021-03-25 05:00:00,0.1473
2021-03-25 06:00:00,0.1106
2021-03-25 07:00:00,0.0916
2021-03-25 08:00:00,0.0811
2021-03-25 09:00:00,0.0766
2021-03-25 10:00:00,0.0855
2021-03-25 11:00:00,0.1255
2021-03-25 12:00:00,0.1638
2021-03-25 13:00:00,0.1689
2021-03-25 14:00:00,0.1587
2021-03-25 15:00:00,0.1324
2021-03-25 16:00:00,0.1087
2021-03-25 17:00:00,0.1
2021-03-25 18:00:00,0.1042
2021-03-25 19:00:00,0.1133
2021-03-25 20:00:00,0.1189
2021-03-25 21:00:00,0.1171
2021-03-25 22:00:00,0.1011
2021-03-25 23:00:00,0.0764
2021-03-26 00:00:00,0.0513
2021-03-26 01:00:00,0.0287
2021-03-26 02:00:00,0.0165
2021-03-26 03:00:00,0.0136
2021-03-26 04:00:00,0.0151
2021-03-26 05:00:00,0.0108
2021-03-26 06:00:00,0.004
2021-03-26 07:00:00,0.0011
2021-03-26 08:00:00,0.0025
2021-03-26 09:00:00,0.0134
2021-03-26 10:00:00,0.0389
2021-03-26 11:00:00,0.0698
2021-03-26 12:00:00,0.0861
2021-03-26 13:00:00,0.096
2021-03-26 14:00:00,0.1042
2021-03-26 15:00:00,0.0976
2021-03-26 16:00:00,0.0813
2021-03-26 17:00:00,0.0684
2021-03-26 18:00:00,0.0641
2021-03-26 19:00:00,0.072
2021-03-26 20:00:00,0.0874
2021-03-26 21:00:00,0.0917
2021-03-26 22:00:00,0.0851
2021-03-26 23:00:00,0.0736
2021-03-27 00:00:00,0.0644
2021-03-27 01:00:00,0.0583
2021-03-27 02:00:00,0.0541
2021-03-27 03:00:00,0.0536
2021-03-27 04:00:00,0.0536
2021-03-27 05:00:00,0.0524
2021-03-27 06:00:00,0.0548
2021-03-27 07:00:00,0.0576
2021-03-27 08:00:00,0.065
2021-03-27 09:00:00,0.0797
2021-03-27 10:00:00,0.0967
2021-03-27 11:00:00,0.1186
2021-03-27 12:00:00,0.1432
2021-03-27 13:00:00,0.1691
2021-03-27 14:00:00,0.1788
2021-03-27 15:00:00,0.1543
2021-03-27 16:00:00,0.1547
2021-03-27 17:00:00,0.1565
2021-03-27 18:00:00,0.1475
2021-03-27 19:00:00,0.1236
2021-03-27 20:00:00,0.1102
2021-03-27 21:00:00,0.0968
2021-03-27 22:00:00,0.0677
2021-03-27 23:00:00,0.0405
2021-03-28 00:00:00,0.063
2021-03-28 01:00:00,0.0887
2021-03-28 02:00:00,0.078
2021-03-28 03:00:00,0.0509
2021-03-28 04:00:00,0.018
2021-03-28 05:00:00,0.0124
2021-03-28 06:00:00,0.0195
2021-03-28 07:00:00,0.0325
2021-03-28 08:00:00,0.0468
2021-03-28 09:00:00,0.067
2021-03-28 10:00:00,0.0875
2021-03-28 11:00:00,0.117
2021-03-28 12:00:00,0.1232
2021-03-28 13:00:00,0.079
2021-03-28 14:00:00,0.0308
2021-03-28 15:00:00,0.0232
2021-03-28 16:00:00,0.0234
2021-03-28 17:00:00,0.0182
2021-03-28 18:00:00,0.0474
2021-03-28 19:00:00,0.0963
2021-03-28 20:00:00,0.0692
2021-03-28 21:00:00,0.0099
2021-03-28 22:00:00,0.0017
2021-03-28 23:00:00,0.0004
2021-03-29 00:00:00,0.0345
2021-03-29 01:00:00,0.1061
2021-03-29 02:00:00,0.0933
2021-03-29 03:00:00,0.1227
2021-03-29 04:00:00,0.1349
2021-03-29 05:00:00,0.1465
2021-03-29 06:00:00,0.192
2021-03-29 07:00:00,0.2474
2021-03-29 08:00:00,0.3051
2021-03-29 09:00:00,0.3616
2021-03-29 10:00:00,0.4249
2021-03-29 11:00:00,0.3772
2021-03-29 12:00:00,0.2526
2021-03-29 13:00:00,0.1873
2021-03-29 14:00:00,0.1538
2021-03-29 15:00:00,0.1645
2021-03-29 16:00:00,0.2247
2021-03-29 17:00:00,0.2918
2021-03-29 18:00:00,0.3439
2021-03-29 19:00:00,0.3752
2021-03-29 20:00:00,0.3592
2021-03-29 21:00:00,0.2764
2021-03-29 22:00:00,0.1495
2021-03-29 23:00:00,0.0695
2021-03-30 00:00:00,0.0312
2021-03-30 01:00:00,0.0127
2021-03-30 02:00:00,0.0106
2021-03-30 03:00:00,0.0131
2021-03-30 04:00:00,0.0164
2021-03-30 05:00:00,0.0615
2021-03-30 06:00:00,0.0839
2021-03-30 07:00:00,0.0879
2021-03-30 08:00:00,0.0878
2021-03-30 09:00:00,0.092
2021-03-30 10:00:00,0.0874
2021-03-30 11:00:00,0.1137
2021-03-30 12:00:00,0.1874
2021-03-30 13:00:00,0.2698
2021-03-30 14:00:00,0.3401
2021-03-30 15:00:00,0.3863
2021-03-30 16:00:00,0.4278
2021-03-30 17:00:00,0.4527
2021-03-30 18:00:00,0.4362
2021-03-30 19:00:00,0.3926
2021-03-30 20:00:00,0.3449
2021-03-30 21:00:00,0.2781
2021-03-30 22:00:00,0.2257
2021-03-30 23:00:00,0.1939
2021-03-31 00:00:00,0.1737
2021-03-31 01:00:00,0.1503
2021-03-31 02:00:00,0.1326
2021-03-31 03:00:00,0.1073
2021-03-31 04:00:00,0.0771
2021-03-31 05:00:00,0.045
2021-03-31 06:00:00,0.0163
2021-03-31 07:00:00,0.0084
2021-03-31 08:00:00,0.0054
2021-03-31 09:00:00,0.0039
2021-03-31 10:00:00,0.0031
2021-03-31 11:00:00,0.0025
2021-03-31 12:00:00,0.0022
2021-03-31 13:00:00,0.0037
2021-03-31 14:00:00,0.0089
2021-03-31 15:00:00,0.0154
2021-03-31 16:00:00,0.0227
2021-03-31 17:00:00,0.0294
2021-03-31 18:00:00,0.0346
2021-03-31 19:00:00,0.0371
2021-03-31 20:00:00,0.0338
2021-03-31 21:00:00,0.0354
2021-03-31 22:00:00,0.0384
2021-03-31 23:00:00,0.0393
2021-04-01 00:00:00,0.0391
2021-04-01 01:00:00,0.0395
2021-04-01 02:00:00,0.0321
2021-04-01 03:00:00,0.0205
2021-04-01 04:00:00,0.0111
2021-04-01 05:00:00,0.0032
2021-04-01 06:00:00,0.0018
2021-04-01 07:00:00,0.0049
2021-04-01 08:00:00,0.0171
2021-04-01 09:00:00,0.0388
2021-04-01 10:00:00,0.0648
2021-04-01 11:00:00,0.0882
2021-04-01 12:00:00,0.0979
2021-04-01 13:00:00,0.0985
2021-04-01 14:00:00,0.097
2021-04-01 15:00:00,0.0931
2021-04-01 16:00:00,0.0983
2021-04-01 17:00:00,0.1081
2021-04-01 18:00:00,0.1257
2021-04-01 19:00:00,0.1447
2021-04-01 20:00:00,0.1521
2021-04-01 21:00:00,0.1363
2021-04-01 22:00:00,0.1111
2021-04-01 23:00:00,0.0878
2021-04-02 00:00:00,0.0616
2021-04-02 01:00:00,0.0381
2021-04-02 02:00:00,0.0185
2021-04-02 03:00:00,0.0091
2021-04-02 04:00:00,0.0048
2021-04-02 05:00:00,0.0024
2021-04-02 06:00:00,0.0024
2021-04-02 07:00:00,0.0019
2021-04-02 08:00:00,0.0016
2021-04-02 09:00:00,0.0013
2021-04-02 10:00:00,0.0005
2021-04-02 11:00:00,0.0001
2021-04-02 12:00:00,0.0
2021-04-02 13:00:00,0.0
2021-04-02 14:00:00,0.0
2021-04-02 15:00:00,0.0
2021-04-02 16:00:00,0.0
2021-04-02 17:00:00,0.0
2021-04-02 18:00:00,0.0
2021-04-02 19:00:00,0.0
2021-04-02 20:00:00,0.0
2021-04-02 21:00:00,0.0
2021-04-02 22:00:00,0.0
2021-04-02 23:00:00,0.0
2021-04-03 00:00:00,0.0001
2021-04-03 01:00:00,0.0005
2021-04-03 02:00:00,0.0009
2021-04-03 03:00:00,0.0009
2021-04-03 04:00:00,0.0025
2021-04-03 05:00:00,0.0048
2021-04-03 06:00:00,0.0024
2021-04-03 07:00:00,0.0007
2021-04-03 08:00:00,0.0001
2021-04-03 09:00:00,0.0
2021-04-03 10:00:00,0.0
2021-04-03 11:00:00,0.0
2021-04-03 12:00:00,0.0
2021-04-03 13:00:00,0.0
2021-04-03 14:00:00,0.0
2021-04-03 15:00:00,0.0
2021-04-03 16:00:00,0.0006
2021-04-03 17:00:00,0.0026
2021-04-03 18:00:00,0.0062
2021-04-03 19:00:00,0.0092
2021-04-03 20:00:00,0.0088
2021-04-03 21:00:00,0.006
2021-04-03 22:00:00,0.0038
2021-04-03 23:00:00,0.0023
2021-04-04 00:00:00,0.0019
2021-04-04 01:00:00,0.002
2021-04-04 02:00:00,0.0028
2021-04-04 03:00:00,0.0058
2021-04-04 04:00:00,0.0093
2021-04-04 05:00:00,0.0045
2021-04-04 06:00:00,0.0024
2021-04-04 07:00:00,0.0016
2021-04-04 08:00:00,0.0004
2021-04-04 09:00:00,0.0001
2021-04-04 10:00:00,0.0
2021-04-04 11:00:00,0.0005
2021-04-04 12:00:00,0.0024
2021-04-04 13:00:00,0.0297
2021-04-04 14:00:00,0.0662
2021-04-04 15:00:00,0.081
2021-04-04 16:00:00,0.0874
2021-04-04 17:00:00,0.08
2021-04-04 18:00:00,0.0661
2021-04-04 19:00:00,0.0584
2021-04-04 20:00:00,0.054
2021-04-04 21:00:00,0.054
2021-04-04 22:00:00,0.0581
2021-04-04 23:00:00,0.0629
2021-04-05 00:00:00,0.0644
2021-04-05 01:00:00,0.0579
2021-04-05 02:00:00,0.046
2021-04-05 03:00:00,0.0255
2021-04-05 04:00:00,0.0107
2021-04-05 05:00:00,0.0047
2021-04-05 06:00:00,0.0022
2021-04-05 07:00:00,0.0018
2021-04-05 08:00:00,0.0013
2021-04-05 09:00:00,0.001
2021-04-05 10:00:00,0.0011
2021-04-05 11:00:00,0.0013
2021-04-05 12:00:00,0.0016
2021-04-05 13:00:00,0.003
2021-04-05 14:00:00,0.0055
2021-04-05 15:00:00,0.0298
2021-04-05 16:00:00,0.0441
2021-04-05 17:00:00,0.0294
2021-04-05 18:00:00,0.0255
2021-04-05 19:00:00,0.006
2021-04-05 20:00:00,0.0047
2021-04-05 21:00:00,0.0046
2021-04-05 22:00:00,0.003
2021-04-05 23:00:00,0.0026
2021-04-06 00:00:00,0.0064
2021-04-06 01:00:00,0.0179
2021-04-06 02:00:00,0.0354
2021-04-06 03:00:00,0.0534
2021-04-06 04:00:00,0.0664
2021-04-06 05:00:00,0.0878
2021-04-06 06:00:00,0.1168
2021-04-06 07:00:00,0.1349
2021-04-06 08:00:00,0.1563
2021-04-06 09:00:00,0.1672
2021-04-06 10:00:00,0.1702
2021-04-06 11:00:00,0.1329
2021-04-06 12:00:00,0.1574
2021-04-06 13:00:00,0.1864
2021-04-06 14:00:00,0.1913
2021-04-06 15:00:00,0.1422
2021-04-06 16:00:00,0.1028
2021-04-06 17:00:00,0.1215
2021-04-06 18:00:00,0.1444
2021-04-06 19:00:00,0.1885
2021-04-06 20:00:00,0.2294
2021-04-06 21:00:00,0.2489
2021-04-06 22:00:00,0.2688
2021-04-06 23:00:00,0.2911
2021-04-07 00:00:00,0.32
2021-04-07 01:00:00,0.3443
2021-04-07 02:00:00,0.3439
2021-04-07 03:00:00,0.3082
2021-04-07 04:00:00,0.2722
2021-04-07 05:00:00,0.2732
2021-04-07 06:00:00,0.2574
2021-04-07 07:00:00,0.2118
2021-04-07 08:00:00,0.1653
2021-04-07 09:00:00,0.133
2021-04-07 10:00:00,0.114
2021-04-07 11:00:00,0.0931
2021-04-07 12:00:00,0.0773
2021-04-07 13:00:00,0.0663
2021-04-07 14:00:00,0.0626
2021-04-07 15:00:00,0.0635
2021-04-07 16:00:00,0.0617
2021-04-07 17:00:00,0.0533
2021-04-07 18:00:00,0.044
2021-04-07 19:00:00,0.0297
2021-04-07 20:00:00,0.0138
2021-04-07 21:00:00,0.0047
2021-04-07 22:00:00,0.0021
2021-04-07 23:00:00,0.002
2021-04-08 00:00:00,0.0026
2021-04-08 01:00:00,0.0031
2021-04-08 02:00:00,0.0027
2021-04-08 03:00:00,0.0021
2021-04-08 04:00:00,0.0027
2021-04-08 05:00:00,0.0055
2021-04-08 06:00:00,0.0013
2021-04-08 07:00:00,0.0009
2021-04-08 08:00:00,0.0009
2021-04-08 09:00:00,0.0019
2021-04-08 10:00:00,0.0047
2021-04-08 11:00:00,0.0093
2021-04-08 12:00:00,0.0156
2021-04-08 13:00:00,0.0194
2021-04-08 14:00:00,0.0222
2021-04-08 15:00:00,0.0266
2021-04-08 16:00:00,0.0251
2021-04-08 17:00:00,0.0166
2021-04-08 18:00:00,0.0089
2021-04-08 19:00:00,0.0043
2021-04-08 20:00:00,0.0027
2021-04-08 21:00:00,0.0016
2021-04-08 22:00:00,0.0
2021-04-08 23:00:00,0.0009
2021-04-09 00:00:00,0.0117
2021-04-09 01:00:00,0.0384
2021-04-09 02:00:00,0.0724
2021-04-09 03:00:00,0.1076
2021-04-09 04:00:00,0.1342
2021-04-09 05:00:00,0.1677
2021-04-09 06:00:00,0.2104
2021-04-09 07:00:00,0.2321
2021-04-09 08:00:00,0.2303
2021-04-09 09:00:00,0.2246
2021-04-09 10:00:00,0.2399
2021-04-09 11:00:00,0.2804
2021-04-09 12:00:00,0.318
2021-04-09 13:00:00,0.3313
2021-04-09 14:00:00,0.3192
2021-04-09 15:00:00,0.2718
2021-04-09 16:00:00,0.2218
2021-04-09 17:00:00,0.1926
2021-04-09 18:00:00,0.1765
2021-04-09 19:00:00,0.1758
2021-04-09 20:00:00,0.1735
2021-04-09 21:00:00,0.2027
2021-04-09 22:00:00,0.2403
2021-04-09 23:00:00,0.2448
2021-04-10 00:00:00,0.2529
2021-04-10 01:00:00,0.2524
2021-04-10 02:00:00,0.2433
2021-04-10 03:00:00,0.2256
2021-04-10 04:00:00,0.2158
2021-04-10 05:00:00,0.223
2021-04-10 06:00:00,0.2312
2021-04-10 07:00:00,0.2381
2021-04-10 08:00:00,0.2394
2021-04-10 09:00:00,0.2421
2021-04-10 10:00:00,0.2464
2021-04-10 11:00:00,0.2476
2021-04-10 12:00:00,0.2441
2021-04-10 13:00:00,0.233
2021-04-10 14:00:00,0.2187
2021-04-10 15:00:00,0.2029
2021-04-10 16:00:00,0.1792
2021-04-10 17:00:00,0.1604
2021-04-10 18:00:00,0.1518
2021-04-10 19:00:00,0.158
2021-04-10 20:00:00,0.1769
2021-04-10 21:00:00,0.1801
2021-04-10 22:00:00,0.163
2021-04-10 23:00:00,0.1385
2021-04-11 00:00:00,0.1102
2021-04-11 01:00:00,0.081
2021-04-11 02:00:00,0.0596
2021-04-11 03:00:00,0.0485
2021-04-11 04:00:00,0.0407
2021-04-11 05:00:00,0.0355
2021-04-11 06:00:00,0.0341
2021-04-11 07:00:00,0.0381
2021-04-11 08:00:00,0.05
2021-04-11 09:00:00,0.0601
2021-04-11 10:00:00,0.0778
2021-04-11 11:00:00,0.096
2021-04-11 12:00:00,0.1047
2021-04-11 13:00:00,0.1001
2021-04-11 14:00:00,0.084
2021-04-11 15:00:00,0.058
2021-04-11 16:00:00,0.0431
2021-04-11 17:00:00,0.0329
2021-04-11 18:00:00,0.0255
2021-04-11 19:00:00,0.0202
2021-04-11 20:00:00,0.0158
2021-04-11 21:00:00,0.0141
2021-04-11 22:00:00,0.0121
2021-04-11 23:00:00,0.0085
2021-04-12 00:00:00,0.0044
2021-04-12 01:00:00,0.0024
2021-04-12 02:00:00,0.0015
2021-04-12 03:00:00,0.0008
2021-04-12 04:00:00,0.0004
2021-04-12 05:00:00,0.0001
2021-04-12 06:00:00,0.0007
2021-04-12 07:00:00,0.0045
2021-04-12 08:00:00,0.0075
2021-04-12 09:00:00,0.0081
2021-04-12 10:00:00,0.0067
2021-04-12 11:00:00,0.0027
2021-04-12 12:00:00,0.0014
2021-04-12 13:00:00,0.0002
2021-04-12 14:00:00,0.0
2021-04-12 15:00:00,0.0071
2021-04-12 16:00:00,0.0269
2021-04-12 17:00:00,0.0487
2021-04-12 18:00:00,0.0689
2021-04-12 19:00:00,0.0737
2021-04-12 20:00:00,0.0715
2021-04-12 21:00:00,0.0692
2021-04-12 22:00:00,0.0543
2021-04-12 23:00:00,0.018
2021-04-13 00:00:00,0.0077
2021-04-13 01:00:00,0.0259
2021-04-13 02:00:00,0.0689
2021-04-13 03:00:00,0.1084
2021-04-13 04:00:00,0.1096
2021-04-13 05:00:00,0.1348
2021-04-13 06:00:00,0.255
2021-04-13 07:00:00,0.3806
2021-04-13 08:00:00,0.4094
2021-04-13 09:00:00,0.3897
2021-04-13 10:00:00,0.2453
2021-04-13 11:00:00,0.1186
2021-04-13 12:00:00,0.1694
2021-04-13 13:00:00,0.1708
2021-04-13 14:00:00,0.2364
2021-04-13 15:00:00,0.35
2021-04-13 16:00:00,0.4637
2021-04-13 17:00:00,0.5244
2021-04-13 18:00:00,0.5472
2021-04-13 19:00:00,0.5574
2021-04-13 20:00:00,0.6284
2021-04-13 21:00:00,0.6884
2021-04-13 22:00:00,0.7133
2021-04-13 23:00:00,0.677
2021-04-14 00:00:00,0.6485
2021-04-14 01:00:00,0.5889
2021-04-14 02:00:00,0.433
2021-04-14 03:00:00,0.2681
2021-04-14 04:00:00,0.1041
2021-04-14 05:00:00,0.0068
2021-04-14 06:00:00,0.0247
2021-04-14 07:00:00,0.1989
2021-04-14 08:00:00,0.4211
2021-04-14 09:00:00,0.5689
2021-04-14 10:00:00,0.644
2021-04-14 11:00:00,0.689
2021-04-14 12:00:00,0.6741
2021-04-14 13:00:00,0.6709
2021-04-14 14:00:00,0.6118
2021-04-14 15:00:00,0.5346
2021-04-14 16:00:00,0.4652
2021-04-14 17:00:00,0.4488
2021-04-14 18:00:00,0.3548
2021-04-14 19:00:00,0.3151
2021-04-14 20:00:00,0.3315
2021-04-14 21:00:00,0.2439
2021-04-14 22:00:00,0.2315
2021-04-14 23:00:00,0.2249
2021-04-15 00:00:00,0.2137
2021-04-15 01:00:00,0.1853
2021-04-15 02:00:00,0.1415
2021-04-15 03:00:00,0.1197
2021-04-15 04:00:00,0.0999
2021-04-15 05:00:00,0.0879
2021-04-15 06:00:00,0.1152
2021-04-15 07:00:00,0.1208
2021-04-15 08:00:00,0.1177
2021-04-15 09:00:00,0.1198
2021-04-15 10:00:00,0.1404
2021-04-15 11:00:00,0.1513
2021-04-15 12:00:00,0.1721
2021-04-15 13:00:00,0.2074
2021-04-15 14:00:00,0.2255
2021-04-15 15:00:00,0.2182
2021-04-15 16:00:00,0.224
2021-04-15 17:00:00,0.2252
2021-04-15 18:00:00,0.2174
2021-04-15 19:00:00,0.2133
2021-04-15 20:00:00,0.2065
2021-04-15 21:00:00,0.173
2021-04-15 22:00:00,0.1173
2021-04-15 23:00:00,0.0675
2021-04-16 00:00:00,0.0378
2021-04-16 01:00:00,0.023
2021-04-16 02:00:00,0.0176
2021-04-16 03:00:00,0.0254
2021-04-16 04:00:00,0.0739
2021-04-16 05:00:00,0.1081
2021-04-16 06:00:00,0.0607
2021-04-16 07:00:00,0.0313
2021-04-16 08:00:00,0.0374
2021-04-16 09:00:00,0.0644
2021-04-16 10:00:00,0.0779
2021-04-16 11:00:00,0.0848
2021-04-16 12:00:00,0.096
2021-04-16 13:00:00,0.0966
2021-04-16 14:00:00,0.0917
2021-04-16 15:00:00,0.0748
2021-04-16 16:00:00,0.06
2021-04-16 17:00:00,0.0622
2021-04-16 18:00:00,0.076
2021-04-16 19:00:00,0.1088
2021-04-16 20:00:00,0.1425
2021-04-16 21:00:00,0.1706
2021-04-16 22:00:00,0.1793
2021-04-16 23:00:00,0.1753
2021-04-17 00:00:00,0.1571
2021-04-17 01:00:00,0.1315
2021-04-17 02:00:00,0.1058
2021-04-17 03:00:00,0.0885
2021-04-17 04:00:00,0.0734
2021-04-17 05:00:00,0.0671
2021-04-17 06:00:00,0.067
2021-04-17 07:00:00,0.083
2021-04-17 08:00:00,0.1125
2021-04-17 09:00:00,0.1557
2021-04-17 10:00:00,0.2029
2021-04-17 11:00:00,0.2405
2021-04-17 12:00:00,0.2588
2021-04-17 13:00:00,0.2492
2021-04-17 14:00:00,0.2159
2021-04-17 15:00:00,0.181
2021-04-17 16:00:00,0.1741
2021-04-17 17:00:00,0.1764
2021-04-17 18:00:00,0.1561
2021-04-17 19:00:00,0.1287
2021-04-17 20:00:00,0.1094
2021-04-17 21:00:00,0.0885
2021-04-17 22:00:00,0.0573
2021-04-17 23:00:00,0.0265
2021-04-18 00:00:00,0.0101
2021-04-18 01:00:00,0.0025
2021-04-18 02:00:00,0.0012
2021-04-18 03:00:00,0.0039
2021-04-18 04:00:00,0.011
2021-04-18 05:00:00,0.0245
2021-04-18 06:00:00,0.044
2021-04-18 07:00:00,0.0568
2021-04-18 08:00:00,0.0608
2021-04-18 09:00:00,0.0594
2021-04-18 10:00:00,0.0593
2021-04-18 11:00:00,0.0684
2021-04-18 12:00:00,0.0752
2021-04-18 13:00:00,0.0763
2021-04-18 14:00:00,0.0678
2021-04-18 15:00:00,0.052
2021-04-18 16:00:00,0.0225
2021-04-18 17:00:00,0.01
2021-04-18 18:00:00,0.0114
2021-04-18 19:00:00,0.0207
2021-04-18 20:00:00,0.0359
2021-04-18 21:00:00,0.0578
2021-04-18 22:00:00,0.0855
2021-04-18 23:00:00,0.1014
2021-04-19 00:00:00,0.1042
2021-04-19 01:00:00,0.0905
2021-04-19 02:00:00,0.0721
2021-04-19 03:00:00,0.0532
2021-04-19 04:00:00,0.0383
2021-04-19 05:00:00,0.0362
2021-04-19 06:00:00,0.0428
2021-04-19 07:00:00,0.0472
2021-04-19 08:00:00,0.0525
2021-04-19 09:00:00,0.058
2021-04-19 10:00:00,0.0651
2021-04-19 11:00:00,0.0843
2021-04-19 12:00:00,0.1052
2021-04-19 13:00:00,0.1186
2021-04-19 14:00:00,0.1314
2021-04-19 15:00:00,0.1588
2021-04-19 16:00:00,0.2011
2021-04-19 17:00:00,0.2236
2021-04-19 18:00:00,0.2151
2021-04-19 19:00:00,0.1823
2021-04-19 20:00:00,0.1497
2021-04-19 21:00:00,0.1333
2021-04-19 22:00:00,0.1251
2021-04-19 23:00:00,0.1226
2021-04-20 00:00:00,0.1165
2021-04-20 01:00:00,0.1068
2021-04-20 02:00:00,0.0944
2021-04-20 03:00:00,0.072
2021-04-20 04:00:00,0.0448
2021-04-20 05:00:00,0.0281
2021-04-20 06:00:00,0.0177
2021-04-20 07:00:00,0.0205
2021-04-20 08:00:00,0.037
2021-04-20 09:00:00,0.0638
2021-04-20 10:00:00,0.09
2021-04-20 11:00:00,0.1149
2021-04-20 12:00:00,0.1465
2021-04-20 13:00:00,0.194
2021-04-20 14:00:00,0.2473
2021-04-20 15:00:00,0.2983
2021-04-20 16:00:00,0.3457
2021-04-20 17:00:00,0.3442
2021-04-20 18:00:00,0.2862
2021-04-20 19:00:00,0.206
2021-04-20 20:00:00,0.131
2021-04-20 21:00:00,0.1313
2021-04-20 22:00:00,0.1772
2021-04-20 23:00:00,0.2156
2021-04-21 00:00:00,0.2547
2021-04-21 01:00:00,0.3058
2021-04-21 02:00:00,0.365
2021-04-21 03:00:00,0.3968
2021-04-21 04:00:00,0.4059
2021-04-21 05:00:00,0.409
2021-04-21 06:00:00,0.41
2021-04-21 07:00:00,0.4045
2021-04-21 08:00:00,0.4192
2021-04-21 09:00:00,0.4228
2021-04-21 10:00:00,0.4177
2021-04-21 11:00:00,0.4229
2021-04-21 12:00:00,0.4417
2021-04-21 13:00:00,0.4556
2021-04-21 14:00:00,0.4519
2021-04-21 15:00:00,0.4511
2021-04-21 16:00:00,0.4634
2021-04-21 17:00:00,0.4912
2021-04-21 18:00:00,0.5014
2021-04-21 19:00:00,0.4806
2021-04-21 20:00:00,0.4696
2021-04-21 21:00:00,0.4453
2021-04-21 22:00:00,0.4269
2021-04-21 23:00:00,0.3898
2021-04-22 00:00:00,0.3563
2021-04-22 01:00:00,0.3253
2021-04-22 02:00:00,0.3071
2021-04-22 03:00:00,0.2836
2021-04-22 04:00:00,0.2517
2021-04-22 05:00:00,0.2361
2021-04-22 06:00:00,0.2154
2021-04-22 07:00:00,0.1948
2021-04-22 08:00:00,0.1863
2021-04-22 09:00:00,0.182
2021-04-22 10:00:00,0.1839
2021-04-22 11:00:00,0.1855
2021-04-22 12:00:00,0.1695
2021-04-22 13:00:00,0.1334
2021-04-22 14:00:00,0.1
2021-04-22 15:00:00,0.0854
2021-04-22 16:00:00,0.0852
2021-04-22 17:00:00,0.0878
2021-04-22 18:00:00,0.0876
2021-04-22 19:00:00,0.0841
2021-04-22 20:00:00,0.0922
2021-04-22 21:00:00,0.0759
2021-04-22 22:00:00,0.0642
2021-04-22 23:00:00,0.0569
2021-04-23 00:00:00,0.0517
2021-04-23 01:00:00,0.0464
2021-04-23 02:00:00,0.0394
2021-04-23 03:00:00,0.0271
2021-04-23 04:00:00,0.0142
2021-04-23 05:00:00,0.01
2021-04-23 06:00:00,0.0092
2021-04-23 07:00:00,0.0071
2021-04-23 08:00:00,0.007
2021-04-23 09:00:00,0.0081
2021-04-23 10:00:00,0.0104
2021-04-23 11:00:00,0.0156
2021-04-23 12:00:00,0.0174
2021-04-23 13:00:00,0.0281
2021-04-23 14:00:00,0.0501
2021-04-23 15:00:00,0.0636
2021-04-23 16:00:00,0.0739
2021-04-23 17:00:00,0.0786
2021-04-23 18:00:00,0.094
2021-04-23 19:00:00,0.0998
2021-04-23 20:00:00,0.0767
2021-04-23 21:00:00,0.033
2021-04-23 22:00:00,0.013
2021-04-23 23:00:00,0.0151
2021-04-24 00:00:00,0.0258
2021-04-24 01:00:00,0.0258
2021-04-24 02:00:00,0.0267
2021-04-24 03:00:00,0.0291
2021-04-24 04:00:00,0.0279
2021-04-24 05:00:00,0.0328
2021-04-24 06:00:00,0.0405
2021-04-24 07:00:00,0.0315
2021-04-24 08:00:00,0.011
2021-04-24 09:00:00,0.0044
2021-04-24 10:00:00,0.0059
2021-04-24 11:00:00,0.0333
2021-04-24 12:00:00,0.0771
2021-04-24 13:00:00,0.1094
2021-04-24 14:00:00,0.1122
2021-04-24 15:00:00,0.1011
2021-04-24 16:00:00,0.0904
2021-04-24 17:00:00,0.0753
2021-04-24 18:00:00,0.0534
2021-04-24 19:00:00,0.0327
2021-04-24 20:00:00,0.0213
2021-04-24 21:00:00,0.0173
2021-04-24 22:00:00,0.0157
2021-04-24 23:00:00,0.0144
2021-04-25 00:00:00,0.0126
2021-04-25 01:00:00,0.0084
2021-04-25 02:00:00,0.0054
2021-04-25 03:00:00,0.0054
2021-04-25 04:00:00,0.0059
2021-04-25 05:00:00,0.005
2021-04-25 06:00:00,0.0046
2021-04-25 07:00:00,0.0038
2021-04-25 08:00:00,0.0037
2021-04-25 09:00:00,0.0025
2021-04-25 10:00:00,0.0003
2021-04-25 11:00:00,0.0072
2021-04-25 12:00:00,0.0249
2021-04-25 13:00:00,0.0224
2021-04-25 14:00:00,0.0172
2021-04-25 15:00:00,0.0176
2021-04-25 16:00:00,0.0214
2021-04-25 17:00:00,0.0231
2021-04-25 18:00:00,0.0292
2021-04-25 19:00:00,0.0384
2021-04-25 20:00:00,0.0421
2021-04-25 21:00:00,0.0345
2021-04-25 22:00:00,0.0223
2021-04-25 23:00:00,0.0119
2021-04-26 00:00:00,0.0064
2021-04-26 01:00:00,0.0056
2021-04-26 02:00:00,0.0069
2021-04-26 03:00:00,0.0089
2021-04-26 04:00:00,0.0136
2021-04-26 05:00:00,0.0156
2021-04-26 06:00:00,0.0154
2021-04-26 07:00:00,0.0102
2021-04-26 08:00:00,0.0036
2021-04-26 09:00:00,0.0021
2021-04-26 10:00:00,0.0021
2021-04-26 11:00:00,0.0019
2021-04-26 12:00:00,0.0027
2021-04-26 13:00:00,0.0032
2021-04-26 14:00:00,0.0016
2021-04-26 15:00:00,0.0001
2021-04-26 16:00:00,0.0002
2021-04-26 17:00:00,0.0014
2021-04-26 18:00:00,0.0024
2021-04-26 19:00:00,0.0031
2021-04-26 20:00:00,0.0041
2021-04-26 21:00:00,0.0059
2021-04-26 22:00:00,0.0083
2021-04-26 23:00:00,0.0116
2021-04-27 00:00:00,0.0146
2021-04-27 01:00:00,0.0144
2021-04-27 02:00:00,0.0115
2021-04-27 03:00:00,0.0097
2021-04-27 04:00:00,0.01
2021-04-27 05:00:00,0.0203
2021-04-27 06:00:00,0.0302
2021-04-27 07:00:00,0.0275
2021-04-27 08:00:00,0.0227
2021-04-27 09:00:00,0.0178
2021-04-27 10:00:00,0.014
2021-04-27 11:00:00,0.0108
2021-04-27 12:00:00,0.0073
2021-04-27 13:00:00,0.0038
2021-04-27 14:00:00,0.0012
2021-04-27 15:00:00,0.0006
2021-04-27 16:00:00,0.0008
2021-04-27 17:00:00,0.0012
2021-04-27 18:00:00,0.0013
2021-04-27 19:00:00,0.0007
2021-04-27 20:00:00,0.0001
2021-04-27 21:00:00,0.0
2021-04-27 22:00:00,0.0
2021-04-27 23:00:00,0.0
2021-04-28 00:00:00,0.0002
2021-04-28 01:00:00,0.0003
2021-04-28 02:00:00,0.0002
2021-04-28 03:00:00,0.0004
2021-04-28 04:00:00,0.0006
2021-04-28 05:00:00,0.0004
2021-04-28 06:00:00,0.0001
2021-04-28 07:00:00,0.0
2021-04-28 08:00:00,0.0005
2021-04-28 09:00:00,0.0134
2021-04-28 10:00:00,0.0063
2021-04-28 11:00:00,0.0091
2021-04-28 12:00:00,0.0066
2021-04-28 13:00:00,0.0064
2021-04-28 14:00:00,0.0051
2021-04-28 15:00:00,0.0007
2021-04-28 16:00:00,0.0
2021-04-28 17:00:00,0.0004
2021-04-28 18:00:00,0.0034
2021-04-28 19:00:00,0.0114
2021-04-28 20:00:00,0.0424
2021-04-28 21:00:00,0.063
2021-04-28 22:00:00,0.0618
2021-04-28 23:00:00,0.0535
2021-04-29 00:00:00,0.0562
2021-04-29 01:00:00,0.071
2021-04-29 02:00:00,0.0853
2021-04-29 03:00:00,0.0922
2021-04-29 04:00:00,0.0864
2021-04-29 05:00:00,0.0755
2021-04-29 06:00:00,0.0735
2021-04-29 07:00:00,0.0504
2021-04-29 08:00:00,0.0231
2021-04-29 09:00:00,0.0108
2021-04-29 10:00:00,0.0066
2021-04-29 11:00:00,0.0054
2021-04-29 12:00:00,0.0038
2021-04-29 13:00:00,0.0048
2021-04-29 14:00:00,0.0124
2021-04-29 15:00:00,0.0245
2021-04-29 16:00:00,0.0446
2021-04-29 17:00:00,0.0561
2021-04-29 18:00:00,0.0667
2021-04-29 19:00:00,0.076
2021-04-29 20:00:00,0.0787
2021-04-29 21:00:00,0.074
2021-04-29 22:00:00,0.0668
2021-04-29 23:00:00,0.0567
2021-04-30 00:00:00,0.0447
2021-04-30 01:00:00,0.0313
2021-04-30 02:00:00,0.0197
2021-04-30 03:00:00,0.0111
2021-04-30 04:00:00,0.0053
2021-04-30 05:00:00,0.0024
2021-04-30 06:00:00,0.0016
2021-04-30 07:00:00,0.0
2021-04-30 08:00:00,0.0009
2021-04-30 09:00:00,0.0147
2021-04-30 10:00:00,0.0232
2021-04-30 11:00:00,0.0228
2021-04-30 12:00:00,0.0327
2021-04-30 13:00:00,0.0538
2021-04-30 14:00:00,0.0763
2021-04-30 15:00:00,0.0861
2021-04-30 16:00:00,0.0864
2021-04-30 17:00:00,0.0757
2021-04-30 18:00:00,0.0572
2021-04-30 19:00:00,0.0395
2021-04-30 20:00:00,0.0258
2021-04-30 21:00:00,0.018
2021-04-30 22:00:00,0.0163
2021-04-30 23:00:00,0.0153
2021-05-01 00:00:00,0.0122
2021-05-01 01:00:00,0.0101
2021-05-01 02:00:00,0.0081
2021-05-01 03:00:00,0.0055
2021-05-01 04:00:00,0.0129
2021-05-01 05:00:00,0.0305
2021-05-01 06:00:00,0.0425
2021-05-01 07:00:00,0.0392
2021-05-01 08:00:00,0.0425
2021-05-01 09:00:00,0.0203
2021-05-01 10:00:00,0.0091
2021-05-01 11:00:00,0.045
2021-05-01 12:00:00,0.0747
2021-05-01 13:00:00,0.1032
2021-05-01 14:00:00,0.1277
2021-05-01 15:00:00,0.1196
2021-05-01 16:00:00,0.1036
2021-05-01 17:00:00,0.1328
2021-05-01 18:00:00,0.1174
2021-05-01 19:00:00,0.0022
2021-05-01 20:00:00,0.035
2021-05-01 21:00:00,0.2925
2021-05-01 22:00:00,0.3709
2021-05-01 23:00:00,0.2509
2021-05-02 00:00:00,0.1278
2021-05-02 01:00:00,0.0935
2021-05-02 02:00:00,0.0822
2021-05-02 03:00:00,0.061
2021-05-02 04:00:00,0.034
2021-05-02 05:00:00,0.0215
2021-05-02 06:00:00,0.0379
2021-05-02 07:00:00,0.0164
2021-05-02 08:00:00,0.0292
2021-05-02 09:00:00,0.1022
2021-05-02 10:00:00,0.1737
2021-05-02 11:00:00,0.164
2021-05-02 12:00:00,0.176
2021-05-02 13:00:00,0.2274
2021-05-02 14:00:00,0.2533
2021-05-02 15:00:00,0.2474
2021-05-02 16:00:00,0.2098
2021-05-02 17:00:00,0.1735
2021-05-02 18:00:00,0.1766
2021-05-02 19:00:00,0.1925
2021-05-02 20:00:00,0.2058
2021-05-02 21:00:00,0.2304
2021-05-02 22:00:00,0.2479
2021-05-02 23:00:00,0.2592
2021-05-03 00:00:00,0.2691
2021-05-03 01:00:00,0.2801
2021-05-03 02:00:00,0.2597
2021-05-03 03:00:00,0.2138
2021-05-03 04:00:00,0.1742
2021-05-03 05:00:00,0.1595
2021-05-03 06:00:00,0.1682
2021-05-03 07:00:00,0.2016
2021-05-03 08:00:00,0.2576
2021-05-03 09:00:00,0.3242
2021-05-03 10:00:00,0.3734
2021-05-03 11:00:00,0.3927
2021-05-03 12:00:00,0.3865
2021-05-03 13:00:00,0.3585
2021-05-03 14:00:00,0.3341
2021-05-03 15:00:00,0.2993
2021-05-03 16:00:00,0.247
2021-05-03 17:00:00,0.1882
2021-05-03 18:00:00,0.1262
2021-05-03 19:00:00,0.1019
2021-05-03 20:00:00,0.1094
2021-05-03 21:00:00,0.1379
2021-05-03 22:00:00,0.1836
2021-05-03 23:00:00,0.2097
2021-05-04 00:00:00,0.2066
2021-05-04 01:00:00,0.1867
2021-05-04 02:00:00,0.1624
2021-05-04 03:00:00,0.118
2021-05-04 04:00:00,0.0808
2021-05-04 05:00:00,0.0539
2021-05-04 06:00:00,0.03
2021-05-04 07:00:00,0.036
2021-05-04 08:00:00,0.0253
2021-05-04 09:00:00,0.0163
2021-05-04 10:00:00,0.0408
2021-05-04 11:00:00,0.0868
2021-05-04 12:00:00,0.1221
2021-05-04 13:00:00,0.1343
2021-05-04 14:00:00,0.117
2021-05-04 15:00:00,0.1209
2021-05-04 16:00:00,0.1106
2021-05-04 17:00:00,0.08
2021-05-04 18:00:00,0.049
2021-05-04 19:00:00,0.0257
2021-05-04 20:00:00,0.0115
2021-05-04 21:00:00,0.0072
2021-05-04 22:00:00,0.0057
2021-05-04 23:00:00,0.0035
2021-05-05 00:00:00,0.0014
2021-05-05 01:00:00,0.0037
2021-05-05 02:00:00,0.0338
2021-05-05 03:00:00,0.0483
2021-05-05 04:00:00,0.0511
2021-05-05 05:00:00,0.0574
2021-05-05 06:00:00,0.0837
2021-05-05 07:00:00,0.157
2021-05-05 08:00:00,0.2477
2021-05-05 09:00:00,0.1676
2021-05-05 10:00:00,0.0386
2021-05-05 11:00:00,0.005
2021-05-05 12:00:00,0.0011
2021-05-05 13:00:00,0.0774
2021-05-05 14:00:00,0.0942
2021-05-05 15:00:00,0.0816
2021-05-05 16:00:00,0.1064
2021-05-05 17:00:00,0.1838
2021-05-05 18:00:00,0.2889
2021-05-05 19:00:00,0.3425
2021-05-05 20:00:00,0.3949
2021-05-05 21:00:00,0.4252
2021-05-05 22:00:00,0.4214
2021-05-05 23:00:00,0.4156
2021-05-06 00:00:00,0.4287
2021-05-06 01:00:00,0.4041
2021-05-06 02:00:00,0.378
2021-05-06 03:00:00,0.4105
2021-05-06 04:00:00,0.428
2021-05-06 05:00:00,0.4247
2021-05-06 06:00:00,0.4516
2021-05-06 07:00:00,0.4067
2021-05-06 08:00:00,0.2937
2021-05-06 09:00:00,0.2404
2021-05-06 10:00:00,0.2528
2021-05-06 11:00:00,0.2464
2021-05-06 12:00:00,0.2217
2021-05-06 13:00:00,0.242
2021-05-06 14:00:00,0.2712
2021-05-06 15:00:00,0.2579
2021-05-06 16:00:00,0.2842
2021-05-06 17:00:00,0.3601
2021-05-06 18:00:00,0.3768
2021-05-06 19:00:00,0.3523
2021-05-06 20:00:00,0.3444
2021-05-06 21:00:00,0.3954
2021-05-06 22:00:00,0.4184
2021-05-06 23:00:00,0.4014
2021-05-07 00:00:00,0.3484
2021-05-07 01:00:00,0.2727
2021-05-07 02:00:00,0.2027
2021-05-07 03:00:00,0.179
2021-05-07 04:00:00,0.1932
2021-05-07 05:00:00,0.2317
2021-05-07 06:00:00,0.2726
2021-05-07 07:00:00,0.294
2021-05-07 08:00:00,0.29
2021-05-07 09:00:00,0.2566
2021-05-07 10:00:00,0.234
2021-05-07 11:00:00,0.2336
2021-05-07 12:00:00,0.2476
2021-05-07 13:00:00,0.2724
2021-05-07 14:00:00,0.3041
2021-05-07 15:00:00,0.3316
2021-05-07 16:00:00,0.3437
2021-05-07 17:00:00,0.3497
2021-05-07 18:00:00,0.3564
2021-05-07 19:00:00,0.3606
2021-05-07 20:00:00,0.3554
2021-05-07 21:00:00,0.3469
2021-05-07 22:00:00,0.3391
2021-05-07 23:00:00,0.3309
2021-05-08 00:00:00,0.3199
2021-05-08 01:00:00,0.3019
2021-05-08 02:00:00,0.2731
2021-05-08 03:00:00,0.2401
2021-05-08 04:00:00,0.2246
2021-05-08 05:00:00,0.1989
2021-05-08 06:00:00,0.1727
2021-05-08 07:00:00,0.1631
2021-05-08 08:00:00,0.1735
2021-05-08 09:00:00,0.1981
2021-05-08 10:00:00,0.2123
2021-05-08 11:00:00,0.2164
2021-05-08 12:00:00,0.22
2021-05-08 13:00:00,0.2333
2021-05-08 14:00:00,0.2521
2021-05-08 15:00:00,0.245
2021-05-08 16:00:00,0.2068
2021-05-08 17:00:00,0.1665
2021-05-08 18:00:00,0.1305
2021-05-08 19:00:00,0.1052
2021-05-08 20:00:00,0.0858
2021-05-08 21:00:00,0.081
2021-05-08 22:00:00,0.0822
2021-05-08 23:00:00,0.0756
2021-05-09 00:00:00,0.0613
2021-05-09 01:00:00,0.0415
2021-05-09 02:00:00,0.021
2021-05-09 03:00:00,0.0068
2021-05-09 04:00:00,0.0
2021-05-09 05:00:00,0.0
2021-05-09 06:00:00,0.0
2021-05-09 07:00:00,0.0
2021-05-09 08:00:00,0.0
2021-05-09 09:00:00,0.0003
2021-05-09 10:00:00,0.0042
2021-05-09 11:00:00,0.0127
2021-05-09 12:00:00,0.0314
2021-05-09 13:00:00,0.0673
2021-05-09 14:00:00,0.116
2021-05-09 15:00:00,0.1389
2021-05-09 16:00:00,0.1402
2021-05-09 17:00:00,0.1511
2021-05-09 18:00:00,0.1546
2021-05-09 19:00:00,0.1506
2021-05-09 20:00:00,0.1366
2021-05-09 21:00:00,0.12
2021-05-09 22:00:00,0.1104
2021-05-09 23:00:00,0.1038
2021-05-10 00:00:00,0.0879
2021-05-10 01:00:00,0.0675
2021-05-10 02:00:00,0.0503
2021-05-10 03:00:00,0.0394
2021-05-10 04:00:00,0.0265
2021-05-10 05:00:00,0.0111
2021-05-10 06:00:00,0.0011
2021-05-10 07:00:00,0.0002
2021-05-10 08:00:00,0.0007
2021-05-10 09:00:00,0.0098
2021-05-10 10:00:00,0.042
2021-05-10 11:00:00,0.0695
2021-05-10 12:00:00,0.0761
2021-05-10 13:00:00,0.0785
2021-05-10 14:00:00,0.0836
2021-05-10 15:00:00,0.0832
2021-05-10 16:00:00,0.0577
2021-05-10 17:00:00,0.0323
2021-05-10 18:00:00,0.0149
2021-05-10 19:00:00,0.0061
2021-05-10 20:00:00,0.0019
2021-05-10 21:00:00,0.0005
2021-05-10 22:00:00,0.0001
2021-05-10 23:00:00,0.0001
2021-05-11 00:00:00,0.0001
2021-05-11 01:00:00,0.0
2021-05-11 02:00:00,0.0014
2021-05-11 03:00:00,0.0175
2021-05-11 04:00:00,0.0312
2021-05-11 05:00:00,0.0375
2021-05-11 06:00:00,0.0335
2021-05-11 07:00:00,0.0255
2021-05-11 08:00:00,0.0163
2021-05-11 09:00:00,0.0096
2021-05-11 10:00:00,0.0055
2021-05-11 11:00:00,0.0007
2021-05-11 12:00:00,0.0
2021-05-11 13:00:00,0.0
2021-05-11 14:00:00,0.0
2021-05-11 15:00:00,0.0002
2021-05-11 16:00:00,0.0002
2021-05-11 17:00:00,0.0003
2021-05-11 18:00:00,0.0013
2021-05-11 19:00:00,0.0089
2021-05-11 20:00:00,0.0227
2021-05-11 21:00:00,0.0338
2021-05-11 22:00:00,0.0403
2021-05-11 23:00:00,0.0455
2021-05-12 00:00:00,0.0522
2021-05-12 01:00:00,0.058
2021-05-12 02:00:00,0.0615
2021-05-12 03:00:00,0.0607
2021-05-12 04:00:00,0.0553
2021-05-12 05:00:00,0.0472
2021-05-12 06:00:00,0.0185
2021-05-12 07:00:00,0.0032
2021-05-12 08:00:00,0.0005
2021-05-12 09:00:00,0.0
2021-05-12 10:00:00,0.0
2021-05-12 11:00:00,0.0
2021-05-12 12:00:00,0.0001
2021-05-12 13:00:00,0.0002
2021-05-12 14:00:00,0.0002
2021-05-12 15:00:00,0.0002
2021-05-12 16:00:00,0.0006
2021-05-12 17:00:00,0.0034
2021-05-12 18:00:00,0.0085
2021-05-12 19:00:00,0.0173
2021-05-12 20:00:00,0.0264
2021-05-12 21:00:00,0.0265
2021-05-12 22:00:00,0.024
2021-05-12 23:00:00,0.0189
2021-05-13 00:00:00,0.0182
2021-05-13 01:00:00,0.0243
2021-05-13 02:00:00,0.0354
2021-05-13 03:00:00,0.05
2021-05-13 04:00:00,0.0552
2021-05-13 05:00:00,0.0697
2021-05-13 06:00:00,0.0735
2021-05-13 07:00:00,0.0507
2021-05-13 08:00:00,0.0206
2021-05-13 09:00:00,0.0077
2021-05-13 10:00:00,0.0066
2021-05-13 11:00:00,0.0135
2021-05-13 12:00:00,0.0364
2021-05-13 13:00:00,0.0574
2021-05-13 14:00:00,0.0824
2021-05-13 15:00:00,0.0869
2021-05-13 16:00:00,0.0693
2021-05-13 17:00:00,0.055
2021-05-13 18:00:00,0.0436
2021-05-13 19:00:00,0.032
2021-05-13 20:00:00,0.0244
2021-05-13 21:00:00,0.0272
2021-05-13 22:00:00,0.0356
2021-05-13 23:00:00,0.0418
2021-05-14 00:00:00,0.0417
2021-05-14 01:00:00,0.0409
2021-05-14 02:00:00,0.0385
2021-05-14 03:00:00,0.033
2021-05-14 04:00:00,0.0239
2021-05-14 05:00:00,0.0186
2021-05-14 06:00:00,0.0094
2021-05-14 07:00:00,0.0047
2021-05-14 08:00:00,0.0038
2021-05-14 09:00:00,0.0038
2021-05-14 10:00:00,0.0039
2021-05-14 11:00:00,0.004
2021-05-14 12:00:00,0.0038
2021-05-14 13:00:00,0.0046
2021-05-14 14:00:00,0.0126
2021-05-14 15:00:00,0.0321
2021-05-14 16:00:00,0.0473
2021-05-14 17:00:00,0.0523
2021-05-14 18:00:00,0.0541
2021-05-14 19:00:00,0.0471
2021-05-14 20:00:00,0.0369
2021-05-14 21:00:00,0.0269
2021-05-14 22:00:00,0.0176
2021-05-14 23:00:00,0.0086
2021-05-15 00:00:00,0.003
2021-05-15 01:00:00,0.0019
2021-05-15 02:00:00,0.0014
2021-05-15 03:00:00,0.0007
2021-05-15 04:00:00,0.0002
2021-05-15 05:00:00,0.0002
2021-05-15 06:00:00,0.0021
2021-05-15 07:00:00,0.0087
2021-05-15 08:00:00,0.0163
2021-05-15 09:00:00,0.0194
2021-05-15 10:00:00,0.0184
2021-05-15 11:00:00,0.0216
2021-05-15 12:00:00,0.0326
2021-05-15 13:00:00,0.0526
2021-05-15 14:00:00,0.0689
2021-05-15 15:00:00,0.0712
2021-05-15 16:00:00,0.0814
2021-05-15 17:00:00,0.0759
2021-05-15 18:00:00,0.0648
2021-05-15 19:00:00,0.0468
2021-05-15 20:00:00,0.0185
2021-05-15 21:00:00,0.0251
2021-05-15 22:00:00,0.0653
2021-05-15 23:00:00,0.1024
2021-05-16 00:00:00,0.1335
2021-05-16 01:00:00,0.1391
2021-05-16 02:00:00,0.1151
2021-05-16 03:00:00,0.0834
2021-05-16 04:00:00,0.0534
2021-05-16 05:00:00,0.0232
2021-05-16 06:00:00,0.0074
2021-05-16 07:00:00,0.0067
2021-05-16 08:00:00,0.0243
2021-05-16 09:00:00,0.0526
2021-05-16 10:00:00,0.0667
2021-05-16 11:00:00,0.0626
2021-05-16 12:00:00,0.0523
2021-05-16 13:00:00,0.0393
2021-05-16 14:00:00,0.0241
2021-05-16 15:00:00,0.0123
2021-05-16 16:00:00,0.0052
2021-05-16 17:00:00,0.001
2021-05-16 18:00:00,0.0
2021-05-16 19:00:00,0.0
2021-05-16 20:00:00,0.0
2021-05-16 21:00:00,0.0
2021-05-16 22:00:00,0.0
2021-05-16 23:00:00,0.0
2021-05-17 00:00:00,0.0
2021-05-17 01:00:00,0.0001
2021-05-17 02:00:00,0.0002
2021-05-17 03:00:00,0.0009
2021-05-17 04:00:00,0.003
2021-05-17 05:00:00,0.0029
2021-05-17 06:00:00,0.0132
2021-05-17 07:00:00,0.0407
2021-05-17 08:00:00,0.068
2021-05-17 09:00:00,0.1062
2021-05-17 10:00:00,0.1446
2021-05-17 11:00:00,0.1799
2021-05-17 12:00:00,0.2223
2021-05-17 13:00:00,0.2969
2021-05-17 14:00:00,0.3583
2021-05-17 15:00:00,0.3531
2021-05-17 16:00:00,0.3183
2021-05-17 17:00:00,0.283
2021-05-17 18:00:00,0.2644
2021-05-17 19:00:00,0.2414
2021-05-17 20:00:00,0.2179
2021-05-17 21:00:00,0.1891
2021-05-17 22:00:00,0.1478
2021-05-17 23:00:00,0.1026
2021-05-18 00:00:00,0.0746
2021-05-18 01:00:00,0.0559
2021-05-18 02:00:00,0.0534
2021-05-18 03:00:00,0.0638
2021-05-18 04:00:00,0.0792
2021-05-18 05:00:00,0.1013
2021-05-18 06:00:00,0.1418
2021-05-18 07:00:00,0.1874
2021-05-18 08:00:00,0.2203
2021-05-18 09:00:00,0.2384
2021-05-18 10:00:00,0.2518
2021-05-18 11:00:00,0.2616
2021-05-18 12:00:00,0.2721
2021-05-18 13:00:00,0.2698
2021-05-18 14:00:00,0.2293
2021-05-18 15:00:00,0.1561
2021-05-18 16:00:00,0.1031
2021-05-18 17:00:00,0.0757
2021-05-18 18:00:00,0.0596
2021-05-18 19:00:00,0.0523
2021-05-18 20:00:00,0.0557
2021-05-18 21:00:00,0.0758
2021-05-18 22:00:00,0.0934
2021-05-18 23:00:00,0.1024
2021-05-19 00:00:00,0.1129
2021-05-19 01:00:00,0.1155
2021-05-19 02:00:00,0.107
2021-05-19 03:00:00,0.0759
2021-05-19 04:00:00,0.0407
2021-05-19 05:00:00,0.0125
2021-05-19 06:00:00,0.0011
2021-05-19 07:00:00,0.0
2021-05-19 08:00:00,0.0001
2021-05-19 09:00:00,0.0026
2021-05-19 10:00:00,0.0119
2021-05-19 11:00:00,0.0276
2021-05-19 12:00:00,0.0509
2021-05-19 13:00:00,0.0851
2021-05-19 14:00:00,0.1214
2021-05-19 15:00:00,0.1299
2021-05-19 16:00:00,0.1152
2021-05-19 17:00:00,0.0881
2021-05-19 18:00:00,0.0662
2021-05-19 19:00:00,0.0492
2021-05-19 20:00:00,0.0343
2021-05-19 21:00:00,0.0309
2021-05-19 22:00:00,0.0421
2021-05-19 23:00:00,0.0555
2021-05-20 00:00:00,0.0576
2021-05-20 01:00:00,0.041
2021-05-20 02:00:00,0.0171
2021-05-20 03:00:00,0.0039
2021-05-20 04:00:00,0.0009
2021-05-20 05:00:00,0.0
2021-05-20 06:00:00,0.0
2021-05-20 07:00:00,0.0001
2021-05-20 08:00:00,0.0011
2021-05-20 09:00:00,0.0028
2021-05-20 10:00:00,0.0074
2021-05-20 11:00:00,0.0274
2021-05-20 12:00:00,0.0634
2021-05-20 13:00:00,0.1012
2021-05-20 14:00:00,0.1279
2021-05-20 15:00:00,0.1407
2021-05-20 16:00:00,0.1441
2021-05-20 17:00:00,0.1362
2021-05-20 18:00:00,0.1211
2021-05-20 19:00:00,0.0988
2021-05-20 20:00:00,0.0817
2021-05-20 21:00:00,0.0749
2021-05-20 22:00:00,0.0639
2021-05-20 23:00:00,0.0444
2021-05-21 00:00:00,0.0255
2021-05-21 01:00:00,0.0107
2021-05-21 02:00:00,0.006
2021-05-21 03:00:00,0.0062
2021-05-21 04:00:00,0.0037
2021-05-21 05:00:00,0.0013
2021-05-21 06:00:00,0.0
2021-05-21 07:00:00,0.0045
2021-05-21 08:00:00,0.0471
2021-05-21 09:00:00,0.0439
2021-05-21 10:00:00,0.0337
2021-05-21 11:00:00,0.0395
2021-05-21 12:00:00,0.043
2021-05-21 13:00:00,0.0425
2021-05-21 14:00:00,0.0589
2021-05-21 15:00:00,0.0637
2021-05-21 16:00:00,0.0551
2021-05-21 17:00:00,0.0593
2021-05-21 18:00:00,0.0599
2021-05-21 19:00:00,0.0523
2021-05-21 20:00:00,0.0542
2021-05-21 21:00:00,0.045
2021-05-21 22:00:00,0.0385
2021-05-21 23:00:00,0.0374
2021-05-22 00:00:00,0.0508
2021-05-22 01:00:00,0.0743
2021-05-22 02:00:00,0.0942
2021-05-22 03:00:00,0.0764
2021-05-22 04:00:00,0.0364
2021-05-22 05:00:00,0.0224
2021-05-22 06:00:00,0.0176
2021-05-22 07:00:00,0.015
2021-05-22 08:00:00,0.0122
2021-05-22 09:00:00,0.0035
2021-05-22 10:00:00,0.0006
2021-05-22 11:00:00,0.0
2021-05-22 12:00:00,0.0084
2021-05-22 13:00:00,0.0212
2021-05-22 14:00:00,0.0134
2021-05-22 15:00:00,0.0014
2021-05-22 16:00:00,0.0001
2021-05-22 17:00:00,0.0016
2021-05-22 18:00:00,0.0038
2021-05-22 19:00:00,0.0012
2021-05-22 20:00:00,0.0058
2021-05-22 21:00:00,0.0746
2021-05-22 22:00:00,0.1291
2021-05-22 23:00:00,0.1211
2021-05-23 00:00:00,0.0922
2021-05-23 01:00:00,0.1085
2021-05-23 02:00:00,0.1625
2021-05-23 03:00:00,0.1457
2021-05-23 04:00:00,0.1057
2021-05-23 05:00:00,0.0854
2021-05-23 06:00:00,0.0873
2021-05-23 07:00:00,0.1229
2021-05-23 08:00:00,0.1317
2021-05-23 09:00:00,0.1224
2021-05-23 10:00:00,0.1262
2021-05-23 11:00:00,0.1355
2021-05-23 12:00:00,0.1612
2021-05-23 13:00:00,0.2054
2021-05-23 14:00:00,0.2305
2021-05-23 15:00:00,0.2289
2021-05-23 16:00:00,0.2048
2021-05-23 17:00:00,0.1789
2021-05-23 18:00:00,0.1667
2021-05-23 19:00:00,0.1562
2021-05-23 20:00:00,0.1218
2021-05-23 21:00:00,0.0813
2021-05-23 22:00:00,0.057
2021-05-23 23:00:00,0.0343
2021-05-24 00:00:00,0.0128
2021-05-24 01:00:00,0.003
2021-05-24 02:00:00,0.0012
2021-05-24 03:00:00,0.0088
2021-05-24 04:00:00,0.0119
2021-05-24 05:00:00,0.0255
2021-05-24 06:00:00,0.1138
2021-05-24 07:00:00,0.1743
2021-05-24 08:00:00,0.1227
2021-05-24 09:00:00,0.019
2021-05-24 10:00:00,0.1265
2021-05-24 11:00:00,0.2907
2021-05-24 12:00:00,0.2708
2021-05-24 13:00:00,0.2201
2021-05-24 14:00:00,0.1998
2021-05-24 15:00:00,0.1984
2021-05-24 16:00:00,0.2023
2021-05-24 17:00:00,0.1885
2021-05-24 18:00:00,0.2375
2021-05-24 19:00:00,0.3012
2021-05-24 20:00:00,0.3344
2021-05-24 21:00:00,0.3682
2021-05-24 22:00:00,0.3941
2021-05-24 23:00:00,0.4194
2021-05-25 00:00:00,0.4297
2021-05-25 01:00:00,0.4203
2021-05-25 02:00:00,0.3982
2021-05-25 03:00:00,0.3362
2021-05-25 04:00:00,0.2928
2021-05-25 05:00:00,0.2709
2021-05-25 06:00:00,0.2594
2021-05-25 07:00:00,0.2458
2021-05-25 08:00:00,0.2337
2021-05-25 09:00:00,0.2321
2021-05-25 10:00:00,0.2321
2021-05-25 11:00:00,0.2358
2021-05-25 12:00:00,0.245
2021-05-25 13:00:00,0.2653
2021-05-25 14:00:00,0.2863
2021-05-25 15:00:00,0.2959
2021-05-25 16:00:00,0.2757
2021-05-25 17:00:00,0.2216
2021-05-25 18:00:00,0.1711
2021-05-25 19:00:00,0.1452
2021-05-25 20:00:00,0.1264
2021-05-25 21:00:00,0.152
2021-05-25 22:00:00,0.1641
2021-05-25 23:00:00,0.1681
2021-05-26 00:00:00,0.1669
2021-05-26 01:00:00,0.1405
2021-05-26 02:00:00,0.0775
2021-05-26 03:00:00,0.0364
2021-05-26 04:00:00,0.0113
2021-05-26 05:00:00,0.0
2021-05-26 06:00:00,0.0
2021-05-26 07:00:00,0.0
2021-05-26 08:00:00,0.0
2021-05-26 09:00:00,0.0
2021-05-26 10:00:00,0.0003
2021-05-26 11:00:00,0.0015
2021-05-26 12:00:00,0.0014
2021-05-26 13:00:00,0.002
2021-05-26 14:00:00,0.0031
2021-05-26 15:00:00,0.0083
2021-05-26 16:00:00,0.0273
2021-05-26 17:00:00,0.0325
2021-05-26 18:00:00,0.0208
2021-05-26 19:00:00,0.0063
2021-05-26 20:00:00,0.0016
2021-05-26 21:00:00,0.0018
2021-05-26 22:00:00,0.0028
2021-05-26 23:00:00,0.001
2021-05-27 00:00:00,0.0025
2021-05-27 01:00:00,0.0068
2021-05-27 02:00:00,0.0135
2021-05-27 03:00:00,0.0215
2021-05-27 04:00:00,0.0114
2021-05-27 05:00:00,0.0046
2021-05-27 06:00:00,0.0028
2021-05-27 07:00:00,0.0032
2021-05-27 08:00:00,0.0031
2021-05-27 09:00:00,0.0029
2021-05-27 10:00:00,0.0033
2021-05-27 11:00:00,0.0026
2021-05-27 12:00:00,0.0067
2021-05-27 13:00:00,0.0216
2021-05-27 14:00:00,0.0439
2021-05-27 15:00:00,0.0675
2021-05-27 16:00:00,0.081
2021-05-27 17:00:00,0.0863
2021-05-27 18:00:00,0.0917
2021-05-27 19:00:00,0.1154
2021-05-27 20:00:00,0.1418
2021-05-27 21:00:00,0.1485
2021-05-27 22:00:00,0.1322
2021-05-27 23:00:00,0.1061
2021-05-28 00:00:00,0.0815
2021-05-28 01:00:00,0.0609
2021-05-28 02:00:00,0.0494
2021-05-28 03:00:00,0.0488
2021-05-28 04:00:00,0.045
2021-05-28 05:00:00,0.0545
2021-05-28 06:00:00,0.0419
2021-05-28 07:00:00,0.0298
2021-05-28 08:00:00,0.0219
2021-05-28 09:00:00,0.013
2021-05-28 10:00:00,0.0091
2021-05-28 11:00:00,0.0075
2021-05-28 12:00:00,0.0079
2021-05-28 13:00:00,0.0177
2021-05-28 14:00:00,0.0418
2021-05-28 15:00:00,0.0783
2021-05-28 16:00:00,0.1124
2021-05-28 17:00:00,0.1293
2021-05-28 18:00:00,0.1349
2021-05-28 19:00:00,0.1306
2021-05-28 20:00:00,0.1213
2021-05-28 21:00:00,0.11
2021-05-28 22:00:00,0.1081
2021-05-28 23:00:00,0.1397
2021-05-29 00:00:00,0.2037
2021-05-29 01:00:00,0.2594
2021-05-29 02:00:00,0.261
2021-05-29 03:00:00,0.1946
2021-05-29 04:00:00,0.0997
2021-05-29 05:00:00,0.0263
2021-05-29 06:00:00,0.0075
2021-05-29 07:00:00,0.0026
2021-05-29 08:00:00,0.0057
2021-05-29 09:00:00,0.0113
2021-05-29 10:00:00,0.0198
2021-05-29 11:00:00,0.041
2021-05-29 12:00:00,0.0653
2021-05-29 13:00:00,0.0958
2021-05-29 14:00:00,0.133
2021-05-29 15:00:00,0.1762
2021-05-29 16:00:00,0.205
2021-05-29 17:00:00,0.2162
2021-05-29 18:00:00,0.2152
2021-05-29 19:00:00,0.1979
2021-05-29 20:00:00,0.1736
2021-05-29 21:00:00,0.1841
2021-05-29 22:00:00,0.2709
2021-05-29 23:00:00,0.2786
2021-05-30 00:00:00,0.2333
2021-05-30 01:00:00,0.2165
2021-05-30 02:00:00,0.1686
2021-05-30 03:00:00,0.1107
2021-05-30 04:00:00,0.0851
2021-05-30 05:00:00,0.0764
2021-05-30 06:00:00,0.0875
2021-05-30 07:00:00,0.0978
2021-05-30 08:00:00,0.0999
2021-05-30 09:00:00,0.1206
2021-05-30 10:00:00,0.1568
2021-05-30 11:00:00,0.2097
2021-05-30 12:00:00,0.2637
2021-05-30 13:00:00,0.3045
2021-05-30 14:00:00,0.312
2021-05-30 15:00:00,0.2855
2021-05-30 16:00:00,0.2567
2021-05-30 17:00:00,0.2365
2021-05-30 18:00:00,0.2122
2021-05-30 19:00:00,0.2219
2021-05-30 20:00:00,0.2331
2021-05-30 21:00:00,0.2292
2021-05-30 22:00:00,0.2211
2021-05-30 23:00:00,0.214
2021-05-31 00:00:00,0.1974
2021-05-31 01:00:00,0.1566
2021-05-31 02:00:00,0.0986
2021-05-31 03:00:00,0.0618
2021-05-31 04:00:00,0.0236
2021-05-31 05:00:00,0.0018
2021-05-31 06:00:00,0.0
2021-05-31 07:00:00,0.1179
2021-05-31 08:00:00,0.334
2021-05-31 09:00:00,0.2609
2021-05-31 10:00:00,0.0841
2021-05-31 11:00:00,0.004
2021-05-31 12:00:00,0.1578
2021-05-31 13:00:00,0.1961
2021-05-31 14:00:00,0.1316
2021-05-31 15:00:00,0.0859
2021-05-31 16:00:00,0.0676
2021-05-31 17:00:00,0.0695
2021-05-31 18:00:00,0.0736
2021-05-31 19:00:00,0.0896
2021-05-31 20:00:00,0.0966
2021-05-31 21:00:00,0.0684
2021-05-31 22:00:00,0.054
2021-05-31 23:00:00,0.0534
2021-06-01 00:00:00,0.0371
2021-06-01 01:00:00,0.0293
2021-06-01 02:00:00,0.0281
2021-06-01 03:00:00,0.0123
2021-06-01 04:00:00,0.0009
2021-06-01 05:00:00,0.0
2021-06-01 06:00:00,0.0001
2021-06-01 07:00:00,0.0011
2021-06-01 08:00:00,0.0017
2021-06-01 09:00:00,0.0015
2021-06-01 10:00:00,0.0021
2021-06-01 11:00:00,0.0054
2021-06-01 12:00:00,0.0045
2021-06-01 13:00:00,0.007
2021-06-01 14:00:00,0.0117
2021-06-01 15:00:00,0.0242
2021-06-01 16:00:00,0.052
2021-06-01 17:00:00,0.0769
2021-06-01 18:00:00,0.0901
2021-06-01 19:00:00,0.0989
2021-06-01 20:00:00,0.1013
2021-06-01 21:00:00,0.0994
2021-06-01 22:00:00,0.1079
2021-06-01 23:00:00,0.1321
2021-06-02 00:00:00,0.1496
2021-06-02 01:00:00,0.1378
2021-06-02 02:00:00,0.1111
2021-06-02 03:00:00,0.0739
2021-06-02 04:00:00,0.0351
2021-06-02 05:00:00,0.0165
2021-06-02 06:00:00,0.0114
2021-06-02 07:00:00,0.0167
2021-06-02 08:00:00,0.022
2021-06-02 09:00:00,0.0492
2021-06-02 10:00:00,0.086
2021-06-02 11:00:00,0.1112
2021-06-02 12:00:00,0.1277
2021-06-02 13:00:00,0.1577
2021-06-02 14:00:00,0.2157
2021-06-02 15:00:00,0.2917
2021-06-02 16:00:00,0.2753
2021-06-02 17:00:00,0.1654
2021-06-02 18:00:00,0.1184
2021-06-02 19:00:00,0.107
2021-06-02 20:00:00,0.0958
2021-06-02 21:00:00,0.0822
2021-06-02 22:00:00,0.1036
2021-06-02 23:00:00,0.1809
2021-06-03 00:00:00,0.2281
2021-06-03 01:00:00,0.2251
2021-06-03 02:00:00,0.1677
2021-06-03 03:00:00,0.1037
2021-06-03 04:00:00,0.0721
2021-06-03 05:00:00,0.0729
2021-06-03 06:00:00,0.0893
2021-06-03 07:00:00,0.0961
2021-06-03 08:00:00,0.1379
2021-06-03 09:00:00,0.1647
2021-06-03 10:00:00,0.1498
2021-06-03 11:00:00,0.135
2021-06-03 12:00:00,0.1454
2021-06-03 13:00:00,0.2078
2021-06-03 14:00:00,0.2644
2021-06-03 15:00:00,0.2879
2021-06-03 16:00:00,0.2561
2021-06-03 17:00:00,0.1692
2021-06-03 18:00:00,0.1471
2021-06-03 19:00:00,0.155
2021-06-03 20:00:00,0.168
2021-06-03 21:00:00,0.1673
2021-06-03 22:00:00,0.1454
2021-06-03 23:00:00,0.1238
2021-06-04 00:00:00,0.1043
2021-06-04 01:00:00,0.0876
2021-06-04 02:00:00,0.0666
2021-06-04 03:00:00,0.054
2021-06-04 04:00:00,0.0514
2021-06-04 05:00:00,0.0778
2021-06-04 06:00:00,0.1078
2021-06-04 07:00:00,0.1265
2021-06-04 08:00:00,0.1495
2021-06-04 09:00:00,0.1732
2021-06-04 10:00:00,0.1809
2021-06-04 11:00:00,0.1862
2021-06-04 12:00:00,0.178
2021-06-04 13:00:00,0.1714
2021-06-04 14:00:00,0.2047
2021-06-04 15:00:00,0.1378
2021-06-04 16:00:00,0.0711
2021-06-04 17:00:00,0.0767
2021-06-04 18:00:00,0.0822
2021-06-04 19:00:00,0.0801
2021-06-04 20:00:00,0.0785
2021-06-04 21:00:00,0.0801
2021-06-04 22:00:00,0.0897
2021-06-04 23:00:00,0.1139
2021-06-05 00:00:00,0.1297
2021-06-05 01:00:00,0.1235
2021-06-05 02:00:00,0.1068
2021-06-05 03:00:00,0.0887
2021-06-05 04:00:00,0.0712
2021-06-05 05:00:00,0.0514
2021-06-05 06:00:00,0.0265
2021-06-05 07:00:00,0.0131
2021-06-05 08:00:00,0.0126
2021-06-05 09:00:00,0.0246
2021-06-05 10:00:00,0.0584
2021-06-05 11:00:00,0.0816
2021-06-05 12:00:00,0.0579
2021-06-05 13:00:00,0.0072
2021-06-05 14:00:00,0.0044
2021-06-05 15:00:00,0.012
2021-06-05 16:00:00,0.0381
2021-06-05 17:00:00,0.069
2021-06-05 18:00:00,0.0815
2021-06-05 19:00:00,0.0456
2021-06-05 20:00:00,0.0385
2021-06-05 21:00:00,0.0675
2021-06-05 22:00:00,0.0781
2021-06-05 23:00:00,0.0833
2021-06-06 00:00:00,0.0932
2021-06-06 01:00:00,0.1055
2021-06-06 02:00:00,0.1074
2021-06-06 03:00:00,0.0998
2021-06-06 04:00:00,0.091
2021-06-06 05:00:00,0.1055
2021-06-06 06:00:00,0.1205
2021-06-06 07:00:00,0.1386
2021-06-06 08:00:00,0.1636
2021-06-06 09:00:00,0.1799
2021-06-06 10:00:00,0.1833
2021-06-06 11:00:00,0.1922
2021-06-06 12:00:00,0.2141
2021-06-06 13:00:00,0.2359
2021-06-06 14:00:00,0.2446
2021-06-06 15:00:00,0.2421
2021-06-06 16:00:00,0.214
2021-06-06 17:00:00,0.1709
2021-06-06 18:00:00,0.1254
2021-06-06 19:00:00,0.0936
2021-06-06 20:00:00,0.0788
2021-06-06 21:00:00,0.0715
2021-06-06 22:00:00,0.0735
2021-06-06 23:00:00,0.0844
2021-06-07 00:00:00,0.0975
2021-06-07 01:00:00,0.1069
2021-06-07 02:00:00,0.1124
2021-06-07 03:00:00,0.0969
2021-06-07 04:00:00,0.0738
2021-06-07 05:00:00,0.0505
2021-06-07 06:00:00,0.0182
2021-06-07 07:00:00,0.002
2021-06-07 08:00:00,0.0002
2021-06-07 09:00:00,0.0011
2021-06-07 10:00:00,0.0042
2021-06-07 11:00:00,0.007
2021-06-07 12:00:00,0.0062
2021-06-07 13:00:00,0.0052
2021-06-07 14:00:00,0.0045
2021-06-07 15:00:00,0.0085
2021-06-07 16:00:00,0.0324
2021-06-07 17:00:00,0.043
2021-06-07 18:00:00,0.0405
2021-06-07 19:00:00,0.0326
2021-06-07 20:00:00,0.0252
2021-06-07 21:00:00,0.0122
2021-06-07 22:00:00,0.0024
2021-06-07 23:00:00,0.0005
2021-06-08 00:00:00,0.0002
2021-06-08 01:00:00,0.0005
2021-06-08 02:00:00,0.0008
2021-06-08 03:00:00,0.0003
2021-06-08 04:00:00,0.0
2021-06-08 05:00:00,0.0
2021-06-08 06:00:00,0.0
2021-06-08 07:00:00,0.0
2021-06-08 08:00:00,0.0
2021-06-08 09:00:00,0.0002
2021-06-08 10:00:00,0.0015
2021-06-08 11:00:00,0.0028
2021-06-08 12:00:00,0.0027
2021-06-08 13:00:00,0.0001
2021-06-08 14:00:00,0.0001
2021-06-08 15:00:00,0.0011
2021-06-08 16:00:00,0.02
2021-06-08 17:00:00,0.0496
2021-06-08 18:00:00,0.0578
2021-06-08 19:00:00,0.0557
2021-06-08 20:00:00,0.0483
2021-06-08 21:00:00,0.0504
2021-06-08 22:00:00,0.0531
2021-06-08 23:00:00,0.0527
2021-06-09 00:00:00,0.0518
2021-06-09 01:00:00,0.0531
2021-06-09 02:00:00,0.0557
2021-06-09 03:00:00,0.0433
2021-06-09 04:00:00,0.0405
2021-06-09 05:00:00,0.0638
2021-06-09 06:00:00,0.0775
2021-06-09 07:00:00,0.0695
2021-06-09 08:00:00,0.0762
2021-06-09 09:00:00,0.0884
2021-06-09 10:00:00,0.0735
2021-06-09 11:00:00,0.027
2021-06-09 12:00:00,0.0081
2021-06-09 13:00:00,0.0049
2021-06-09 14:00:00,0.0038
2021-06-09 15:00:00,0.0081
2021-06-09 16:00:00,0.0039
2021-06-09 17:00:00,0.0008
2021-06-09 18:00:00,0.0021
2021-06-09 19:00:00,0.023
2021-06-09 20:00:00,0.0454
2021-06-09 21:00:00,0.0421
2021-06-09 22:00:00,0.0287
2021-06-09 23:00:00,0.0142
2021-06-10 00:00:00,0.0064
2021-06-10 01:00:00,0.0045
2021-06-10 02:00:00,0.0065
2021-06-10 03:00:00,0.0168
2021-06-10 04:00:00,0.0245
2021-06-10 05:00:00,0.0331
2021-06-10 06:00:00,0.0369
2021-06-10 07:00:00,0.0385
2021-06-10 08:00:00,0.0434
2021-06-10 09:00:00,0.0537
2021-06-10 10:00:00,0.0672
2021-06-10 11:00:00,0.0648
2021-06-10 12:00:00,0.0511
2021-06-10 13:00:00,0.0322
2021-06-10 14:00:00,0.0105
2021-06-10 15:00:00,0.0125
2021-06-10 16:00:00,0.0315
2021-06-10 17:00:00,0.0299
2021-06-10 18:00:00,0.0256
2021-06-10 19:00:00,0.047
2021-06-10 20:00:00,0.0758
2021-06-10 21:00:00,0.0849
2021-06-10 22:00:00,0.0742
2021-06-10 23:00:00,0.0568
2021-06-11 00:00:00,0.0389
2021-06-11 01:00:00,0.02
2021-06-11 02:00:00,0.0074
2021-06-11 03:00:00,0.0024
2021-06-11 04:00:00,0.0009
2021-06-11 05:00:00,0.0018
2021-06-11 06:00:00,0.0029
2021-06-11 07:00:00,0.0103
2021-06-11 08:00:00,0.0218
2021-06-11 09:00:00,0.0227
2021-06-11 10:00:00,0.0234
2021-06-11 11:00:00,0.0195
2021-06-11 12:00:00,0.0147
2021-06-11 13:00:00,0.0093
2021-06-11 14:00:00,0.007
2021-06-11 15:00:00,0.0078
2021-06-11 16:00:00,0.0151
2021-06-11 17:00:00,0.0214
2021-06-11 18:00:00,0.0251
2021-06-11 19:00:00,0.0248
2021-06-11 20:00:00,0.0231
2021-06-11 21:00:00,0.0228
2021-06-11 22:00:00,0.0242
2021-06-11 23:00:00,0.0233
2021-06-12 00:00:00,0.0182
2021-06-12 01:00:00,0.0113
2021-06-12 02:00:00,0.0074
2021-06-12 03:00:00,0.0055
2021-06-12 04:00:00,0.0034
2021-06-12 05:00:00,0.0013
2021-06-12 06:00:00,0.0027
2021-06-12 07:00:00,0.0074
2021-06-12 08:00:00,0.0194
2021-06-12 09:00:00,0.0412
2021-06-12 10:00:00,0.07
2021-06-12 11:00:00,0.0933
2021-06-12 12:00:00,0.1123
2021-06-12 13:00:00,0.1347
2021-06-12 14:00:00,0.1527
2021-06-12 15:00:00,0.15
2021-06-12 16:00:00,0.137
2021-06-12 17:00:00,0.1173
2021-06-12 18:00:00,0.1007
2021-06-12 19:00:00,0.0875
2021-06-12 20:00:00,0.0751
2021-06-12 21:00:00,0.0619
2021-06-12 22:00:00,0.0501
2021-06-12 23:00:00,0.0415
2021-06-13 00:00:00,0.0361
2021-06-13 01:00:00,0.0306
2021-06-13 02:00:00,0.0233
2021-06-13 03:00:00,0.0148
2021-06-13 04:00:00,0.0023
2021-06-13 05:00:00,0.0
2021-06-13 06:00:00,0.0
2021-06-13 07:00:00,0.0
2021-06-13 08:00:00,0.0
2021-06-13 09:00:00,0.0
2021-06-13 10:00:00,0.0
2021-06-13 11:00:00,0.0
2021-06-13 12:00:00,0.0025
2021-06-13 13:00:00,0.0085
2021-06-13 14:00:00,0.0132
2021-06-13 15:00:00,0.0193
2021-06-13 16:00:00,0.0308
2021-06-13 17:00:00,0.0368
2021-06-13 18:00:00,0.0308
2021-06-13 19:00:00,0.0238
2021-06-13 20:00:00,0.0199
2021-06-13 21:00:00,0.0196
2021-06-13 22:00:00,0.0191
2021-06-13 23:00:00,0.0183
2021-06-14 00:00:00,0.0171
2021-06-14 01:00:00,0.0146
2021-06-14 02:00:00,0.0109
2021-06-14 03:00:00,0.0065
2021-06-14 04:00:00,0.0047
2021-06-14 05:00:00,0.0029
2021-06-14 06:00:00,0.002
2021-06-14 07:00:00,0.0017
2021-06-14 08:00:00,0.0021
2021-06-14 09:00:00,0.0058
2021-06-14 10:00:00,0.016
2021-06-14 11:00:00,0.0261
2021-06-14 12:00:00,0.0291
2021-06-14 13:00:00,0.0269
2021-06-14 14:00:00,0.023
2021-06-14 15:00:00,0.0186
2021-06-14 16:00:00,0.0144
2021-06-14 17:00:00,0.0103
2021-06-14 18:00:00,0.0052
2021-06-14 19:00:00,0.0034
2021-06-14 20:00:00,0.0032
2021-06-14 21:00:00,0.0028
2021-06-14 22:00:00,0.0019
2021-06-14 23:00:00,0.0008
2021-06-15 00:00:00,0.0
2021-06-15 01:00:00,0.0
2021-06-15 02:00:00,0.0
2021-06-15 03:00:00,0.0
2021-06-15 04:00:00,0.0
2021-06-15 05:00:00,0.0
2021-06-15 06:00:00,0.0003
2021-06-15 07:00:00,0.0023
2021-06-15 08:00:00,0.0091
2021-06-15 09:00:00,0.0287
2021-06-15 10:00:00,0.0446
2021-06-15 11:00:00,0.0301
2021-06-15 12:00:00,0.0113
2021-06-15 13:00:00,0.0091
2021-06-15 14:00:00,0.0056
2021-06-15 15:00:00,0.0025
2021-06-15 16:00:00,0.0017
2021-06-15 17:00:00,0.0016
2021-06-15 18:00:00,0.0016
2021-06-15 19:00:00,0.0012
2021-06-15 20:00:00,0.0004
2021-06-15 21:00:00,0.0001
2021-06-15 22:00:00,0.0001
2021-06-15 23:00:00,0.0004
2021-06-16 00:00:00,0.0013
2021-06-16 01:00:00,0.0023
2021-06-16 02:00:00,0.003
2021-06-16 03:00:00,0.0034
2021-06-16 04:00:00,0.0073
2021-06-16 05:00:00,0.0122
2021-06-16 06:00:00,0.0169
2021-06-16 07:00:00,0.0183
2021-06-16 08:00:00,0.0193
2021-06-16 09:00:00,0.0167
2021-06-16 10:00:00,0.0108
2021-06-16 11:00:00,0.0076
2021-06-16 12:00:00,0.0032
2021-06-16 13:00:00,0.0005
2021-06-16 14:00:00,0.0
2021-06-16 15:00:00,0.0
2021-06-16 16:00:00,0.0
2021-06-16 17:00:00,0.0
2021-06-16 18:00:00,0.0
2021-06-16 19:00:00,0.0
2021-06-16 20:00:00,0.0
2021-06-16 21:00:00,0.0003
2021-06-16 22:00:00,0.0024
2021-06-16 23:00:00,0.0046
2021-06-17 00:00:00,0.0056
2021-06-17 01:00:00,0.005
2021-06-17 02:00:00,0.0036
2021-06-17 03:00:00,0.0017
2021-06-17 04:00:00,0.0
2021-06-17 05:00:00,0.0
2021-06-17 06:00:00,0.0
2021-06-17 07:00:00,0.0001
2021-06-17 08:00:00,0.0026
2021-06-17 09:00:00,0.0164
2021-06-17 10:00:00,0.0412
2021-06-17 11:00:00,0.0617
2021-06-17 12:00:00,0.0791
2021-06-17 13:00:00,0.091
2021-06-17 14:00:00,0.0949
2021-06-17 15:00:00,0.0867
2021-06-17 16:00:00,0.0722
2021-06-17 17:00:00,0.0591
2021-06-17 18:00:00,0.0535
2021-06-17 19:00:00,0.0564
2021-06-17 20:00:00,0.0619
2021-06-17 21:00:00,0.0668
2021-06-17 22:00:00,0.0712
2021-06-17 23:00:00,0.0749
2021-06-18 00:00:00,0.0739
2021-06-18 01:00:00,0.07
2021-06-18 02:00:00,0.0701
2021-06-18 03:00:00,0.0696
2021-06-18 04:00:00,0.0694
2021-06-18 05:00:00,0.0684
2021-06-18 06:00:00,0.0711
2021-06-18 07:00:00,0.0799
2021-06-18 08:00:00,0.0963
2021-06-18 09:00:00,0.1265
2021-06-18 10:00:00,0.1618
2021-06-18 11:00:00,0.1887
2021-06-18 12:00:00,0.2059
2021-06-18 13:00:00,0.218
2021-06-18 14:00:00,0.2132
2021-06-18 15:00:00,0.1774
2021-06-18 16:00:00,0.1304
2021-06-18 17:00:00,0.0953
2021-06-18 18:00:00,0.0824
2021-06-18 19:00:00,0.0841
2021-06-18 20:00:00,0.0677
2021-06-18 21:00:00,0.0508
2021-06-18 22:00:00,0.0378
2021-06-18 23:00:00,0.0325
2021-06-19 00:00:00,0.0287
2021-06-19 01:00:00,0.0206
2021-06-19 02:00:00,0.0102
2021-06-19 03:00:00,0.0073
2021-06-19 04:00:00,0.005
2021-06-19 05:00:00,0.0064
2021-06-19 06:00:00,0.0114
2021-06-19 07:00:00,0.02
2021-06-19 08:00:00,0.0276
2021-06-19 09:00:00,0.0425
2021-06-19 10:00:00,0.0653
2021-06-19 11:00:00,0.0954
2021-06-19 12:00:00,0.1341
2021-06-19 13:00:00,0.1762
2021-06-19 14:00:00,0.1934
2021-06-19 15:00:00,0.1783
2021-06-19 16:00:00,0.14
2021-06-19 17:00:00,0.1136
2021-06-19 18:00:00,0.1085
2021-06-19 19:00:00,0.1351
2021-06-19 20:00:00,0.1415
2021-06-19 21:00:00,0.1185
2021-06-19 22:00:00,0.0968
2021-06-19 23:00:00,0.0884
2021-06-20 00:00:00,0.0908
2021-06-20 01:00:00,0.0908
2021-06-20 02:00:00,0.0857
2021-06-20 03:00:00,0.0793
2021-06-20 04:00:00,0.0798
2021-06-20 05:00:00,0.0939
2021-06-20 06:00:00,0.1151
2021-06-20 07:00:00,0.1433
2021-06-20 08:00:00,0.1766
2021-06-20 09:00:00,0.1996
2021-06-20 10:00:00,0.2115
2021-06-20 11:00:00,0.2205
2021-06-20 12:00:00,0.2292
2021-06-20 13:00:00,0.2317
2021-06-20 14:00:00,0.2227
2021-06-20 15:00:00,0.1981
2021-06-20 16:00:00,0.1695
2021-06-20 17:00:00,0.1457
2021-06-20 18:00:00,0.1285
2021-06-20 19:00:00,0.1195
2021-06-20 20:00:00,0.1108
2021-06-20 21:00:00,0.1101
2021-06-20 22:00:00,0.1138
2021-06-20 23:00:00,0.1108
2021-06-21 00:00:00,0.1025
2021-06-21 01:00:00,0.0896
2021-06-21 02:00:00,0.0773
2021-06-21 03:00:00,0.0633
2021-06-21 04:00:00,0.0464
2021-06-21 05:00:00,0.019
2021-06-21 06:00:00,0.0078
2021-06-21 07:00:00,0.0079
2021-06-21 08:00:00,0.0135
2021-06-21 09:00:00,0.0175
2021-06-21 10:00:00,0.0184
2021-06-21 11:00:00,0.0205
2021-06-21 12:00:00,0.0262
2021-06-21 13:00:00,0.0337
2021-06-21 14:00:00,0.0399
2021-06-21 15:00:00,0.0408
2021-06-21 16:00:00,0.0436
2021-06-21 17:00:00,0.0423
2021-06-21 18:00:00,0.0341
2021-06-21 19:00:00,0.0262
2021-06-21 20:00:00,0.0193
2021-06-21 21:00:00,0.0166
2021-06-21 22:00:00,0.0117
2021-06-21 23:00:00,0.0064
2021-06-22 00:00:00,0.0023
2021-06-22 01:00:00,0.0007
2021-06-22 02:00:00,0.0
2021-06-22 03:00:00,0.0
2021-06-22 04:00:00,0.0
2021-06-22 05:00:00,0.0
2021-06-22 06:00:00,0.0
2021-06-22 07:00:00,0.0002
2021-06-22 08:00:00,0.0008
2021-06-22 09:00:00,0.0019
2021-06-22 10:00:00,0.0027
2021-06-22 11:00:00,0.0029
2021-06-22 12:00:00,0.002
2021-06-22 13:00:00,0.0014
2021-06-22 14:00:00,0.0014
2021-06-22 15:00:00,0.0024
2021-06-22 16:00:00,0.0048
2021-06-22 17:00:00,0.0106
2021-06-22 18:00:00,0.0155
2021-06-22 19:00:00,0.0182
2021-06-22 20:00:00,0.0202
2021-06-22 21:00:00,0.022
2021-06-22 22:00:00,0.0216
2021-06-22 23:00:00,0.0194
2021-06-23 00:00:00,0.0152
2021-06-23 01:00:00,0.0098
2021-06-23 02:00:00,0.0055
2021-06-23 03:00:00,0.0025
2021-06-23 04:00:00,0.0008
2021-06-23 05:00:00,0.0005
2021-06-23 06:00:00,0.0003
2021-06-23 07:00:00,0.0002
2021-06-23 08:00:00,0.0009
2021-06-23 09:00:00,0.0033
2021-06-23 10:00:00,0.0095
2021-06-23 11:00:00,0.0167
2021-06-23 12:00:00,0.0252
2021-06-23 13:00:00,0.0357
2021-06-23 14:00:00,0.0453
2021-06-23 15:00:00,0.0544
2021-06-23 16:00:00,0.0589
2021-06-23 17:00:00,0.0583
2021-06-23 18:00:00,0.055
2021-06-23 19:00:00,0.0516
2021-06-23 20:00:00,0.0492
2021-06-23 21:00:00,0.052
2021-06-23 22:00:00,0.0577
2021-06-23 23:00:00,0.0644
2021-06-24 00:00:00,0.0652
2021-06-24 01:00:00,0.0627
2021-06-24 02:00:00,0.0542
2021-06-24 03:00:00,0.0376
2021-06-24 04:00:00,0.0329
2021-06-24 05:00:00,0.0202
2021-06-24 06:00:00,0.0113
2021-06-24 07:00:00,0.009
2021-06-24 08:00:00,0.0157
2021-06-24 09:00:00,0.0297
2021-06-24 10:00:00,0.0416
2021-06-24 11:00:00,0.0513
2021-06-24 12:00:00,0.0603
2021-06-24 13:00:00,0.0659
2021-06-24 14:00:00,0.0676
2021-06-24 15:00:00,0.0648
2021-06-24 16:00:00,0.0587
2021-06-24 17:00:00,0.0461
2021-06-24 18:00:00,0.034
2021-06-24 19:00:00,0.028
2021-06-24 20:00:00,0.0289
2021-06-24 21:00:00,0.0357
2021-06-24 22:00:00,0.0424
2021-06-24 23:00:00,0.0456
2021-06-25 00:00:00,0.0416
2021-06-25 01:00:00,0.0312
2021-06-25 02:00:00,0.019
2021-06-25 03:00:00,0.0086
2021-06-25 04:00:00,0.0037
2021-06-25 05:00:00,0.0021
2021-06-25 06:00:00,0.0
2021-06-25 07:00:00,0.0001
2021-06-25 08:00:00,0.0039
2021-06-25 09:00:00,0.0137
2021-06-25 10:00:00,0.0164
2021-06-25 11:00:00,0.0209
2021-06-25 12:00:00,0.0264
2021-06-25 13:00:00,0.0365
2021-06-25 14:00:00,0.0453
2021-06-25 15:00:00,0.054
2021-06-25 16:00:00,0.0604
2021-06-25 17:00:00,0.0689
2021-06-25 18:00:00,0.0716
2021-06-25 19:00:00,0.0711
2021-06-25 20:00:00,0.068
2021-06-25 21:00:00,0.0636
2021-06-25 22:00:00,0.0556
2021-06-25 23:00:00,0.0452
2021-06-26 00:00:00,0.0359
2021-06-26 01:00:00,0.0267
2021-06-26 02:00:00,0.0169
2021-06-26 03:00:00,0.0079
2021-06-26 04:00:00,0.0003
2021-06-26 05:00:00,0.0
2021-06-26 06:00:00,0.0
2021-06-26 07:00:00,0.0
2021-06-26 08:00:00,0.0
2021-06-26 09:00:00,0.0011
2021-06-26 10:00:00,0.0105
2021-06-26 11:00:00,0.0314
2021-06-26 12:00:00,0.0617
2021-06-26 13:00:00,0.0863
2021-06-26 14:00:00,0.1077
2021-06-26 15:00:00,0.1238
2021-06-26 16:00:00,0.1202
2021-06-26 17:00:00,0.1142
2021-06-26 18:00:00,0.0942
2021-06-26 19:00:00,0.079
2021-06-26 20:00:00,0.0725
2021-06-26 21:00:00,0.0763
2021-06-26 22:00:00,0.0862
2021-06-26 23:00:00,0.094
2021-06-27 00:00:00,0.0963
2021-06-27 01:00:00,0.0926
2021-06-27 02:00:00,0.0851
2021-06-27 03:00:00,0.0688
2021-06-27 04:00:00,0.0532
2021-06-27 05:00:00,0.0402
2021-06-27 06:00:00,0.0162
2021-06-27 07:00:00,0.0051
2021-06-27 08:00:00,0.0107
2021-06-27 09:00:00,0.0203
2021-06-27 10:00:00,0.0341
2021-06-27 11:00:00,0.0517
2021-06-27 12:00:00,0.07
2021-06-27 13:00:00,0.0937
2021-06-27 14:00:00,0.1214
2021-06-27 15:00:00,0.1442
2021-06-27 16:00:00,0.1431
2021-06-27 17:00:00,0.1304
2021-06-27 18:00:00,0.1089
2021-06-27 19:00:00,0.0956
2021-06-27 20:00:00,0.0871
2021-06-27 21:00:00,0.0809
2021-06-27 22:00:00,0.0759
2021-06-27 23:00:00,0.0702
2021-06-28 00:00:00,0.0638
2021-06-28 01:00:00,0.055
2021-06-28 02:00:00,0.0456
2021-06-28 03:00:00,0.0385
2021-06-28 04:00:00,0.0338
2021-06-28 05:00:00,0.0233
2021-06-28 06:00:00,0.0128
2021-06-28 07:00:00,0.0054
2021-06-28 08:00:00,0.0018
2021-06-28 09:00:00,0.008
2021-06-28 10:00:00,0.022
2021-06-28 11:00:00,0.039
2021-06-28 12:00:00,0.0624
2021-06-28 13:00:00,0.0885
2021-06-28 14:00:00,0.1062
2021-06-28 15:00:00,0.1097
2021-06-28 16:00:00,0.1043
2021-06-28 17:00:00,0.0959
2021-06-28 18:00:00,0.0822
2021-06-28 19:00:00,0.0666
2021-06-28 20:00:00,0.0494
2021-06-28 21:00:00,0.0374
2021-06-28 22:00:00,0.0343
2021-06-28 23:00:00,0.0377
2021-06-29 00:00:00,0.0436
2021-06-29 01:00:00,0.0477
2021-06-29 02:00:00,0.0479
2021-06-29 03:00:00,0.0418
2021-06-29 04:00:00,0.035
2021-06-29 05:00:00,0.02
2021-06-29 06:00:00,0.0074
2021-06-29 07:00:00,0.002
2021-06-29 08:00:00,0.0016
2021-06-29 09:00:00,0.0029
2021-06-29 10:00:00,0.0061
2021-06-29 11:00:00,0.0093
2021-06-29 12:00:00,0.0135
2021-06-29 13:00:00,0.0209
2021-06-29 14:00:00,0.026
2021-06-29 15:00:00,0.0323
2021-06-29 16:00:00,0.0441
2021-06-29 17:00:00,0.0508
2021-06-29 18:00:00,0.0568
2021-06-29 19:00:00,0.0614
2021-06-29 20:00:00,0.0618
2021-06-29 21:00:00,0.0675
2021-06-29 22:00:00,0.0722
2021-06-29 23:00:00,0.0686
2021-06-30 00:00:00,0.0585
2021-06-30 01:00:00,0.0499
2021-06-30 02:00:00,0.047
2021-06-30 03:00:00,0.0655
2021-06-30 04:00:00,0.2024
2021-06-30 05:00:00,0.3337
2021-06-30 06:00:00,0.3817
2021-06-30 07:00:00,0.3701
2021-06-30 08:00:00,0.3161
2021-06-30 09:00:00,0.2499
2021-06-30 10:00:00,0.1587
2021-06-30 11:00:00,0.0901
2021-06-30 12:00:00,0.0413
2021-06-30 13:00:00,0.0227
2021-06-30 14:00:00,0.0172
2021-06-30 15:00:00,0.0087
2021-06-30 16:00:00,0.0015
2021-06-30 17:00:00,0.0003
2021-06-30 18:00:00,0.001
2021-06-30 19:00:00,0.0037
2021-06-30 20:00:00,0.0058
2021-06-30 21:00:00,0.018
2021-06-30 22:00:00,0.0523
2021-06-30 23:00:00,0.0919
2021-07-01 00:00:00,0.1682
2021-07-01 01:00:00,0.231
2021-07-01 02:00:00,0.2745
2021-07-01 03:00:00,0.344
2021-07-01 04:00:00,0.4123
2021-07-01 05:00:00,0.3494
2021-07-01 06:00:00,0.2303
2021-07-01 07:00:00,0.1178
2021-07-01 08:00:00,0.0281
2021-07-01 09:00:00,0.0049
2021-07-01 10:00:00,0.0121
2021-07-01 11:00:00,0.053
2021-07-01 12:00:00,0.0941
2021-07-01 13:00:00,0.1336
2021-07-01 14:00:00,0.1246
2021-07-01 15:00:00,0.1064
2021-07-01 16:00:00,0.1086
2021-07-01 17:00:00,0.1194
2021-07-01 18:00:00,0.1227
2021-07-01 19:00:00,0.1188
2021-07-01 20:00:00,0.1123
2021-07-01 21:00:00,0.1098
2021-07-01 22:00:00,0.1081
2021-07-01 23:00:00,0.1045
2021-07-02 00:00:00,0.1031
2021-07-02 01:00:00,0.0972
2021-07-02 02:00:00,0.0933
2021-07-02 03:00:00,0.0788
2021-07-02 04:00:00,0.0638
2021-07-02 05:00:00,0.045
2021-07-02 06:00:00,0.0261
2021-07-02 07:00:00,0.0193
2021-07-02 08:00:00,0.0212
2021-07-02 09:00:00,0.0326
2021-07-02 10:00:00,0.0681
2021-07-02 11:00:00,0.1206
2021-07-02 12:00:00,0.1688
2021-07-02 13:00:00,0.1914
2021-07-02 14:00:00,0.1871
2021-07-02 15:00:00,0.1772
2021-07-02 16:00:00,0.1639
2021-07-02 17:00:00,0.1383
2021-07-02 18:00:00,0.1194
2021-07-02 19:00:00,0.1174
2021-07-02 20:00:00,0.1327
2021-07-02 21:00:00,0.1508
2021-07-02 22:00:00,0.1708
2021-07-02 23:00:00,0.1869
2021-07-03 00:00:00,0.1915
2021-07-03 01:00:00,0.1898
2021-07-03 02:00:00,0.1781
2021-07-03 03:00:00,0.1556
2021-07-03 04:00:00,0.1417
2021-07-03 05:00:00,0.1359
2021-07-03 06:00:00,0.1301
2021-07-03 07:00:00,0.1241
2021-07-03 08:00:00,0.1252
2021-07-03 09:00:00,0.1358
2021-07-03 10:00:00,0.1475
2021-07-03 11:00:00,0.1553
2021-07-03 12:00:00,0.1577
2021-07-03 13:00:00,0.1525
2021-07-03 14:00:00,0.1491
2021-07-03 15:00:00,0.1546
2021-07-03 16:00:00,0.1581
2021-07-03 17:00:00,0.1619
2021-07-03 18:00:00,0.1626
2021-07-03 19:00:00,0.1775
2021-07-03 20:00:00,0.2006
2021-07-03 21:00:00,0.2119
2021-07-03 22:00:00,0.2063
2021-07-03 23:00:00,0.1836
2021-07-04 00:00:00,0.1539
2021-07-04 01:00:00,0.1212
2021-07-04 02:00:00,0.0913
2021-07-04 03:00:00,0.0665
2021-07-04 04:00:00,0.0533
2021-07-04 05:00:00,0.0365
2021-07-04 06:00:00,0.0114
2021-07-04 07:00:00,0.0015
2021-07-04 08:00:00,0.0011
2021-07-04 09:00:00,0.0036
2021-07-04 10:00:00,0.0094
2021-07-04 11:00:00,0.0196
2021-07-04 12:00:00,0.0361
2021-07-04 13:00:00,0.0617
2021-07-04 14:00:00,0.0969
2021-07-04 15:00:00,0.1301
2021-07-04 16:00:00,0.1471
2021-07-04 17:00:00,0.1505
2021-07-04 18:00:00,0.1383
2021-07-04 19:00:00,0.1322
2021-07-04 20:00:00,0.133
2021-07-04 21:00:00,0.1334
2021-07-04 22:00:00,0.1285
2021-07-04 23:00:00,0.1155
2021-07-05 00:00:00,0.1024
2021-07-05 01:00:00,0.0921
2021-07-05 02:00:00,0.0805
2021-07-05 03:00:00,0.066
2021-07-05 04:00:00,0.0556
2021-07-05 05:00:00,0.0366
2021-07-05 06:00:00,0.0171
2021-07-05 07:00:00,0.0121
2021-07-05 08:00:00,0.0081
2021-07-05 09:00:00,0.0043
2021-07-05 10:00:00,0.0038
2021-07-05 11:00:00,0.0089
2021-07-05 12:00:00,0.0207
2021-07-05 13:00:00,0.0367
2021-07-05 14:00:00,0.0516
2021-07-05 15:00:00,0.0723
2021-07-05 16:00:00,0.0868
2021-07-05 17:00:00,0.0868
2021-07-05 18:00:00,0.0793
2021-07-05 19:00:00,0.073
2021-07-05 20:00:00,0.068
2021-07-05 21:00:00,0.0764
2021-07-05 22:00:00,0.0878
2021-07-05 23:00:00,0.0947
2021-07-06 00:00:00,0.0863
2021-07-06 01:00:00,0.0726
2021-07-06 02:00:00,0.0505
2021-07-06 03:00:00,0.0278
2021-07-06 04:00:00,0.0159
2021-07-06 05:00:00,0.0261
2021-07-06 06:00:00,0.0288
2021-07-06 07:00:00,0.0192
2021-07-06 08:00:00,0.0091
2021-07-06 09:00:00,0.0103
2021-07-06 10:00:00,0.0192
2021-07-06 11:00:00,0.0325
2021-07-06 12:00:00,0.0493
2021-07-06 13:00:00,0.0608
2021-07-06 14:00:00,0.0545
2021-07-06 15:00:00,0.0411
2021-07-06 16:00:00,0.0472
2021-07-06 17:00:00,0.0487
2021-07-06 18:00:00,0.0468
2021-07-06 19:00:00,0.0473
2021-07-06 20:00:00,0.0466
2021-07-06 21:00:00,0.0496
2021-07-06 22:00:00,0.0544
2021-07-06 23:00:00,0.0566
2021-07-07 00:00:00,0.0563
2021-07-07 01:00:00,0.0553
2021-07-07 02:00:00,0.0522
2021-07-07 03:00:00,0.0434
2021-07-07 04:00:00,0.0379
2021-07-07 05:00:00,0.023
2021-07-07 06:00:00,0.0133
2021-07-07 07:00:00,0.0101
2021-07-07 08:00:00,0.0115
2021-07-07 09:00:00,0.0308
2021-07-07 10:00:00,0.0467
2021-07-07 11:00:00,0.0639
2021-07-07 12:00:00,0.079
2021-07-07 13:00:00,0.0879
2021-07-07 14:00:00,0.0999
2021-07-07 15:00:00,0.112
2021-07-07 16:00:00,0.1153
2021-07-07 17:00:00,0.1059
2021-07-07 18:00:00,0.0913
2021-07-07 19:00:00,0.0829
2021-07-07 20:00:00,0.0777
2021-07-07 21:00:00,0.0741
2021-07-07 22:00:00,0.0766
2021-07-07 23:00:00,0.0788
2021-07-08 00:00:00,0.0792
2021-07-08 01:00:00,0.0769
2021-07-08 02:00:00,0.0725
2021-07-08 03:00:00,0.0658
2021-07-08 04:00:00,0.0659
2021-07-08 05:00:00,0.0618
2021-07-08 06:00:00,0.0574
2021-07-08 07:00:00,0.071
2021-07-08 08:00:00,0.1052
2021-07-08 09:00:00,0.15
2021-07-08 10:00:00,0.1926
2021-07-08 11:00:00,0.2217
2021-07-08 12:00:00,0.2381
2021-07-08 13:00:00,0.2482
2021-07-08 14:00:00,0.2519
2021-07-08 15:00:00,0.2304
2021-07-08 16:00:00,0.1823
2021-07-08 17:00:00,0.1336
2021-07-08 18:00:00,0.1106
2021-07-08 19:00:00,0.0944
2021-07-08 20:00:00,0.0897
2021-07-08 21:00:00,0.0999
2021-07-08 22:00:00,0.1074
2021-07-08 23:00:00,0.1018
2021-07-09 00:00:00,0.0857
2021-07-09 01:00:00,0.07
2021-07-09 02:00:00,0.0586
2021-07-09 03:00:00,0.0381
2021-07-09 04:00:00,0.0151
2021-07-09 05:00:00,0.0018
2021-07-09 06:00:00,0.0014
2021-07-09 07:00:00,0.0015
2021-07-09 08:00:00,0.0009
2021-07-09 09:00:00,0.0013
2021-07-09 10:00:00,0.0005
2021-07-09 11:00:00,0.0003
2021-07-09 12:00:00,0.001
2021-07-09 13:00:00,0.0017
2021-07-09 14:00:00,0.0017
2021-07-09 15:00:00,0.0012
2021-07-09 16:00:00,0.003
2021-07-09 17:00:00,0.0114
2021-07-09 18:00:00,0.02
2021-07-09 19:00:00,0.0283
2021-07-09 20:00:00,0.0358
2021-07-09 21:00:00,0.0381
2021-07-09 22:00:00,0.0339
2021-07-09 23:00:00,0.0296
2021-07-10 00:00:00,0.0244
2021-07-10 01:00:00,0.0164
2021-07-10 02:00:00,0.0085
2021-07-10 03:00:00,0.0022
2021-07-10 04:00:00,0.0001
2021-07-10 05:00:00,0.0
2021-07-10 06:00:00,0.0
2021-07-10 07:00:00,0.0
2021-07-10 08:00:00,0.0013
2021-07-10 09:00:00,0.0097
2021-07-10 10:00:00,0.0117
2021-07-10 11:00:00,0.0251
2021-07-10 12:00:00,0.0404
2021-07-10 13:00:00,0.0561
2021-07-10 14:00:00,0.069
2021-07-10 15:00:00,0.0742
2021-07-10 16:00:00,0.0673
2021-07-10 17:00:00,0.0513
2021-07-10 18:00:00,0.0441
2021-07-10 19:00:00,0.0465
2021-07-10 20:00:00,0.0386
2021-07-10 21:00:00,0.0248
2021-07-10 22:00:00,0.0226
2021-07-10 23:00:00,0.0294
2021-07-11 00:00:00,0.024
2021-07-11 01:00:00,0.0136
2021-07-11 02:00:00,0.0074
2021-07-11 03:00:00,0.0066
2021-07-11 04:00:00,0.0082
2021-07-11 05:00:00,0.0113
2021-07-11 06:00:00,0.0072
2021-07-11 07:00:00,0.0077
2021-07-11 08:00:00,0.0267
2021-07-11 09:00:00,0.0617
2021-07-11 10:00:00,0.0759
2021-07-11 11:00:00,0.0748
2021-07-11 12:00:00,0.0761
2021-07-11 13:00:00,0.0804
2021-07-11 14:00:00,0.0831
2021-07-11 15:00:00,0.1039
2021-07-11 16:00:00,0.1183
2021-07-11 17:00:00,0.104
2021-07-11 18:00:00,0.0966
2021-07-11 19:00:00,0.1017
2021-07-11 20:00:00,0.1204
2021-07-11 21:00:00,0.1455
2021-07-11 22:00:00,0.1727
2021-07-11 23:00:00,0.1926
2021-07-12 00:00:00,0.2138
2021-07-12 01:00:00,0.2342
2021-07-12 02:00:00,0.2657
2021-07-12 03:00:00,0.2876
2021-07-12 04:00:00,0.3088
2021-07-12 05:00:00,0.3307
2021-07-12 06:00:00,0.3307
2021-07-12 07:00:00,0.3411
2021-07-12 08:00:00,0.3709
2021-07-12 09:00:00,0.4213
2021-07-12 10:00:00,0.4689
2021-07-12 11:00:00,0.5103
2021-07-12 12:00:00,0.5281
2021-07-12 13:00:00,0.5251
2021-07-12 14:00:00,0.5097
2021-07-12 15:00:00,0.4771
2021-07-12 16:00:00,0.4369
2021-07-12 17:00:00,0.3887
2021-07-12 18:00:00,0.3339
2021-07-12 19:00:00,0.2854
2021-07-12 20:00:00,0.2436
2021-07-12 21:00:00,0.227
2021-07-12 22:00:00,0.2324
2021-07-12 23:00:00,0.2181
2021-07-13 00:00:00,0.1819
2021-07-13 01:00:00,0.144
2021-07-13 02:00:00,0.1146
2021-07-13 03:00:00,0.0861
2021-07-13 04:00:00,0.06
2021-07-13 05:00:00,0.0408
2021-07-13 06:00:00,0.0414
2021-07-13 07:00:00,0.0598
2021-07-13 08:00:00,0.0887
2021-07-13 09:00:00,0.1179
2021-07-13 10:00:00,0.14
2021-07-13 11:00:00,0.1571
2021-07-13 12:00:00,0.1839
2021-07-13 13:00:00,0.2307
2021-07-13 14:00:00,0.2531
2021-07-13 15:00:00,0.2432
2021-07-13 16:00:00,0.2084
2021-07-13 17:00:00,0.1633
2021-07-13 18:00:00,0.1256
2021-07-13 19:00:00,0.1015
2021-07-13 20:00:00,0.0857
2021-07-13 21:00:00,0.0834
2021-07-13 22:00:00,0.092
2021-07-13 23:00:00,0.0939
2021-07-14 00:00:00,0.0822
2021-07-14 01:00:00,0.0685
2021-07-14 02:00:00,0.051
2021-07-14 03:00:00,0.0268
2021-07-14 04:00:00,0.0097
2021-07-14 05:00:00,0.0021
2021-07-14 06:00:00,0.0035
2021-07-14 07:00:00,0.0174
2021-07-14 08:00:00,0.0455
2021-07-14 09:00:00,0.0806
2021-07-14 10:00:00,0.1129
2021-07-14 11:00:00,0.1483
2021-07-14 12:00:00,0.1993
2021-07-14 13:00:00,0.2357
2021-07-14 14:00:00,0.2541
2021-07-14 15:00:00,0.2424
2021-07-14 16:00:00,0.2062
2021-07-14 17:00:00,0.1626
2021-07-14 18:00:00,0.1277
2021-07-14 19:00:00,0.1042
2021-07-14 20:00:00,0.0931
2021-07-14 21:00:00,0.0963
2021-07-14 22:00:00,0.1032
2021-07-14 23:00:00,0.1017
2021-07-15 00:00:00,0.0949
2021-07-15 01:00:00,0.0854
2021-07-15 02:00:00,0.0847
2021-07-15 03:00:00,0.0999
2021-07-15 04:00:00,0.1185
2021-07-15 05:00:00,0.1416
2021-07-15 06:00:00,0.1621
2021-07-15 07:00:00,0.1833
2021-07-15 08:00:00,0.2084
2021-07-15 09:00:00,0.1995
2021-07-15 10:00:00,0.1968
2021-07-15 11:00:00,0.2491
2021-07-15 12:00:00,0.284
2021-07-15 13:00:00,0.2964
2021-07-15 14:00:00,0.2964
2021-07-15 15:00:00,0.2595
2021-07-15 16:00:00,0.209
2021-07-15 17:00:00,0.161
2021-07-15 18:00:00,0.1307
2021-07-15 19:00:00,0.1117
2021-07-15 20:00:00,0.106
2021-07-15 21:00:00,0.1199
2021-07-15 22:00:00,0.126
2021-07-15 23:00:00,0.1164
2021-07-16 00:00:00,0.0966
2021-07-16 01:00:00,0.0718
2021-07-16 02:00:00,0.0483
2021-07-16 03:00:00,0.0292
2021-07-16 04:00:00,0.0222
2021-07-16 05:00:00,0.026
2021-07-16 06:00:00,0.0318
2021-07-16 07:00:00,0.0423
2021-07-16 08:00:00,0.0555
2021-07-16 09:00:00,0.0814
2021-07-16 10:00:00,0.1115
2021-07-16 11:00:00,0.1349
2021-07-16 12:00:00,0.1415
2021-07-16 13:00:00,0.1269
2021-07-16 14:00:00,0.0989
2021-07-16 15:00:00,0.0582
2021-07-16 16:00:00,0.0204
2021-07-16 17:00:00,0.0065
2021-07-16 18:00:00,0.0044
2021-07-16 19:00:00,0.0144
2021-07-16 20:00:00,0.0347
2021-07-16 21:00:00,0.061
2021-07-16 22:00:00,0.0928
2021-07-16 23:00:00,0.1204
2021-07-17 00:00:00,0.1387
2021-07-17 01:00:00,0.153
2021-07-17 02:00:00,0.1715
2021-07-17 03:00:00,0.1843
2021-07-17 04:00:00,0.2143
2021-07-17 05:00:00,0.2316
2021-07-17 06:00:00,0.215
2021-07-17 07:00:00,0.1957
2021-07-17 08:00:00,0.1876
2021-07-17 09:00:00,0.1913
2021-07-17 10:00:00,0.184
2021-07-17 11:00:00,0.2022
2021-07-17 12:00:00,0.3253
2021-07-17 13:00:00,0.4535
2021-07-17 14:00:00,0.563
2021-07-17 15:00:00,0.5726
2021-07-17 16:00:00,0.5016
2021-07-17 17:00:00,0.4251
2021-07-17 18:00:00,0.3616
2021-07-17 19:00:00,0.3228
2021-07-17 20:00:00,0.3126
2021-07-17 21:00:00,0.3026
2021-07-17 22:00:00,0.2769
2021-07-17 23:00:00,0.2448
2021-07-18 00:00:00,0.2037
2021-07-18 01:00:00,0.1614
2021-07-18 02:00:00,0.1256
2021-07-18 03:00:00,0.1128
2021-07-18 04:00:00,0.1152
2021-07-18 05:00:00,0.125
2021-07-18 06:00:00,0.1448
2021-07-18 07:00:00,0.1652
2021-07-18 08:00:00,0.1878
2021-07-18 09:00:00,0.2022
2021-07-18 10:00:00,0.1992
2021-07-18 11:00:00,0.1925
2021-07-18 12:00:00,0.1844
2021-07-18 13:00:00,0.177
2021-07-18 14:00:00,0.1615
2021-07-18 15:00:00,0.1375
2021-07-18 16:00:00,0.1139
2021-07-18 17:00:00,0.0945
2021-07-18 18:00:00,0.081
2021-07-18 19:00:00,0.0739
2021-07-18 20:00:00,0.0614
2021-07-18 21:00:00,0.0551
2021-07-18 22:00:00,0.0576
2021-07-18 23:00:00,0.0617
2021-07-19 00:00:00,0.0615
2021-07-19 01:00:00,0.0503
2021-07-19 02:00:00,0.0309
2021-07-19 03:00:00,0.0153
2021-07-19 04:00:00,0.0014
2021-07-19 05:00:00,0.0
2021-07-19 06:00:00,0.0
2021-07-19 07:00:00,0.0
2021-07-19 08:00:00,0.0
2021-07-19 09:00:00,0.0
2021-07-19 10:00:00,0.0
2021-07-19 11:00:00,0.0
2021-07-19 12:00:00,0.0001
2021-07-19 13:00:00,0.0001
2021-07-19 14:00:00,0.0004
2021-07-19 15:00:00,0.0049
2021-07-19 16:00:00,0.0359
2021-07-19 17:00:00,0.061
2021-07-19 18:00:00,0.0699
2021-07-19 19:00:00,0.0729
2021-07-19 20:00:00,0.0705
2021-07-19 21:00:00,0.0718
2021-07-19 22:00:00,0.0725
2021-07-19 23:00:00,0.0691
2021-07-20 00:00:00,0.0625
2021-07-20 01:00:00,0.0529
2021-07-20 02:00:00,0.0402
2021-07-20 03:00:00,0.0206
2021-07-20 04:00:00,0.0031
2021-07-20 05:00:00,0.0
2021-07-20 06:00:00,0.0
2021-07-20 07:00:00,0.0
2021-07-20 08:00:00,0.0006
2021-07-20 09:00:00,0.0092
2021-07-20 10:00:00,0.0304
2021-07-20 11:00:00,0.0619
2021-07-20 12:00:00,0.1088
2021-07-20 13:00:00,0.1575
2021-07-20 14:00:00,0.2098
2021-07-20 15:00:00,0.2173
2021-07-20 16:00:00,0.209
2021-07-20 17:00:00,0.1871
2021-07-20 18:00:00,0.1664
2021-07-20 19:00:00,0.1539
2021-07-20 20:00:00,0.146
2021-07-20 21:00:00,0.1455
2021-07-20 22:00:00,0.1543
2021-07-20 23:00:00,0.1665
2021-07-21 00:00:00,0.1747
2021-07-21 01:00:00,0.1741
2021-07-21 02:00:00,0.1642
2021-07-21 03:00:00,0.1408
2021-07-21 04:00:00,0.1192
2021-07-21 05:00:00,0.0778
2021-07-21 06:00:00,0.0482
2021-07-21 07:00:00,0.0435
2021-07-21 08:00:00,0.0448
2021-07-21 09:00:00,0.063
2021-07-21 10:00:00,0.0735
2021-07-21 11:00:00,0.0849
2021-07-21 12:00:00,0.0982
2021-07-21 13:00:00,0.1176
2021-07-21 14:00:00,0.1436
2021-07-21 15:00:00,0.1621
2021-07-21 16:00:00,0.1693
2021-07-21 17:00:00,0.1674
2021-07-21 18:00:00,0.1494
2021-07-21 19:00:00,0.126
2021-07-21 20:00:00,0.0968
2021-07-21 21:00:00,0.1014
2021-07-21 22:00:00,0.1193
2021-07-21 23:00:00,0.1305
2021-07-22 00:00:00,0.1348
2021-07-22 01:00:00,0.1357
2021-07-22 02:00:00,0.1264
2021-07-22 03:00:00,0.0948
2021-07-22 04:00:00,0.0582
2021-07-22 05:00:00,0.0528
2021-07-22 06:00:00,0.0313
2021-07-22 07:00:00,0.0094
2021-07-22 08:00:00,0.003
2021-07-22 09:00:00,0.0109
2021-07-22 10:00:00,0.0329
2021-07-22 11:00:00,0.0524
2021-07-22 12:00:00,0.0641
2021-07-22 13:00:00,0.0652
2021-07-22 14:00:00,0.0581
2021-07-22 15:00:00,0.049
2021-07-22 16:00:00,0.0457
2021-07-22 17:00:00,0.0443
2021-07-22 18:00:00,0.0475
2021-07-22 19:00:00,0.0561
2021-07-22 20:00:00,0.0665
2021-07-22 21:00:00,0.0719
2021-07-22 22:00:00,0.0731
2021-07-22 23:00:00,0.076
2021-07-23 00:00:00,0.0707
2021-07-23 01:00:00,0.0549
2021-07-23 02:00:00,0.0335
2021-07-23 03:00:00,0.0135
2021-07-23 04:00:00,0.0032
2021-07-23 05:00:00,0.0022
2021-07-23 06:00:00,0.0001
2021-07-23 07:00:00,0.0
2021-07-23 08:00:00,0.0005
2021-07-23 09:00:00,0.0049
2021-07-23 10:00:00,0.0134
2021-07-23 11:00:00,0.0251
2021-07-23 12:00:00,0.0389
2021-07-23 13:00:00,0.0546
2021-07-23 14:00:00,0.0527
2021-07-23 15:00:00,0.0848
2021-07-23 16:00:00,0.1241
2021-07-23 17:00:00,0.1454
2021-07-23 18:00:00,0.1461
2021-07-23 19:00:00,0.139
2021-07-23 20:00:00,0.1281
2021-07-23 21:00:00,0.1245
2021-07-23 22:00:00,0.1211
2021-07-23 23:00:00,0.1102
2021-07-24 00:00:00,0.0974
2021-07-24 01:00:00,0.0813
2021-07-24 02:00:00,0.068
2021-07-24 03:00:00,0.0525
2021-07-24 04:00:00,0.0429
2021-07-24 05:00:00,0.0195
2021-07-24 06:00:00,0.0163
2021-07-24 07:00:00,0.0221
2021-07-24 08:00:00,0.0401
2021-07-24 09:00:00,0.0653
2021-07-24 10:00:00,0.0919
2021-07-24 11:00:00,0.1181
2021-07-24 12:00:00,0.1409
2021-07-24 13:00:00,0.1556
2021-07-24 14:00:00,0.1586
2021-07-24 15:00:00,0.1348
2021-07-24 16:00:00,0.1022
2021-07-24 17:00:00,0.0738
2021-07-24 18:00:00,0.0527
2021-07-24 19:00:00,0.0422
2021-07-24 20:00:00,0.0343
2021-07-24 21:00:00,0.0336
2021-07-24 22:00:00,0.0384
2021-07-24 23:00:00,0.0402
2021-07-25 00:00:00,0.0362
2021-07-25 01:00:00,0.0278
2021-07-25 02:00:00,0.0176
2021-07-25 03:00:00,0.0093
2021-07-25 04:00:00,0.0033
2021-07-25 05:00:00,0.0
2021-07-25 06:00:00,0.0
2021-07-25 07:00:00,0.0004
2021-07-25 08:00:00,0.0041
2021-07-25 09:00:00,0.0064
2021-07-25 10:00:00,0.0049
2021-07-25 11:00:00,0.0031
2021-07-25 12:00:00,0.0011
2021-07-25 13:00:00,0.0007
2021-07-25 14:00:00,0.0028
2021-07-25 15:00:00,0.0091
2021-07-25 16:00:00,0.022
2021-07-25 17:00:00,0.0362
2021-07-25 18:00:00,0.0395
2021-07-25 19:00:00,0.038
2021-07-25 20:00:00,0.0366
2021-07-25 21:00:00,0.0362
2021-07-25 22:00:00,0.0357
2021-07-25 23:00:00,0.0333
2021-07-26 00:00:00,0.0293
2021-07-26 01:00:00,0.0228
2021-07-26 02:00:00,0.0145
2021-07-26 03:00:00,0.0078
2021-07-26 04:00:00,0.003
2021-07-26 05:00:00,0.0023
2021-07-26 06:00:00,0.0032
2021-07-26 07:00:00,0.0041
2021-07-26 08:00:00,0.0042
2021-07-26 09:00:00,0.0039
2021-07-26 10:00:00,0.0056
2021-07-26 11:00:00,0.0061
2021-07-26 12:00:00,0.0104
2021-07-26 13:00:00,0.0188
2021-07-26 14:00:00,0.0262
2021-07-26 15:00:00,0.0399
2021-07-26 16:00:00,0.0686
2021-07-26 17:00:00,0.0792
2021-07-26 18:00:00,0.0946
2021-07-26 19:00:00,0.1154
2021-07-26 20:00:00,0.1338
2021-07-26 21:00:00,0.1453
2021-07-26 22:00:00,0.1536
2021-07-26 23:00:00,0.1588
2021-07-27 00:00:00,0.1546
2021-07-27 01:00:00,0.1444
2021-07-27 02:00:00,0.1315
2021-07-27 03:00:00,0.1202
2021-07-27 04:00:00,0.1211
2021-07-27 05:00:00,0.1323
2021-07-27 06:00:00,0.1374
2021-07-27 07:00:00,0.141
2021-07-27 08:00:00,0.1688
2021-07-27 09:00:00,0.1811
2021-07-27 10:00:00,0.1968
2021-07-27 11:00:00,0.2277
2021-07-27 12:00:00,0.265
2021-07-27 13:00:00,0.2964
2021-07-27 14:00:00,0.3139
2021-07-27 15:00:00,0.307
2021-07-27 16:00:00,0.2617
2021-07-27 17:00:00,0.2106
2021-07-27 18:00:00,0.1812
2021-07-27 19:00:00,0.1693
2021-07-27 20:00:00,0.164
2021-07-27 21:00:00,0.1578
2021-07-27 22:00:00,0.156
2021-07-27 23:00:00,0.154
2021-07-28 00:00:00,0.1447
2021-07-28 01:00:00,0.1343
2021-07-28 02:00:00,0.1233
2021-07-28 03:00:00,0.1187
2021-07-28 04:00:00,0.1196
2021-07-28 05:00:00,0.1178
2021-07-28 06:00:00,0.0956
2021-07-28 07:00:00,0.0628
2021-07-28 08:00:00,0.0747
2021-07-28 09:00:00,0.0965
2021-07-28 10:00:00,0.1114
2021-07-28 11:00:00,0.1286
2021-07-28 12:00:00,0.146
2021-07-28 13:00:00,0.1605
2021-07-28 14:00:00,0.1628
2021-07-28 15:00:00,0.1516
2021-07-28 16:00:00,0.1391
2021-07-28 17:00:00,0.1232
2021-07-28 18:00:00,0.1152
2021-07-28 19:00:00,0.1136
2021-07-28 20:00:00,0.1026
2021-07-28 21:00:00,0.0918
2021-07-28 22:00:00,0.0808
2021-07-28 23:00:00,0.0673
2021-07-29 00:00:00,0.0505
2021-07-29 01:00:00,0.0374
2021-07-29 02:00:00,0.0288
2021-07-29 03:00:00,0.0171
2021-07-29 04:00:00,0.0064
2021-07-29 05:00:00,0.0001
2021-07-29 06:00:00,0.0
2021-07-29 07:00:00,0.0005
2021-07-29 08:00:00,0.0
2021-07-29 09:00:00,0.0
2021-07-29 10:00:00,0.0004
2021-07-29 11:00:00,0.0082
2021-07-29 12:00:00,0.024
2021-07-29 13:00:00,0.0478
2021-07-29 14:00:00,0.0716
2021-07-29 15:00:00,0.0842
2021-07-29 16:00:00,0.0845
2021-07-29 17:00:00,0.0655
2021-07-29 18:00:00,0.0427
2021-07-29 19:00:00,0.0266
2021-07-29 20:00:00,0.0165
2021-07-29 21:00:00,0.0107
2021-07-29 22:00:00,0.0076
2021-07-29 23:00:00,0.0048
2021-07-30 00:00:00,0.0022
2021-07-30 01:00:00,0.0011
2021-07-30 02:00:00,0.0001
2021-07-30 03:00:00,0.0
2021-07-30 04:00:00,0.0
2021-07-30 05:00:00,0.0
2021-07-30 06:00:00,0.0
2021-07-30 07:00:00,0.0002
2021-07-30 08:00:00,0.0037
2021-07-30 09:00:00,0.0131
2021-07-30 10:00:00,0.0223
2021-07-30 11:00:00,0.0311
2021-07-30 12:00:00,0.0389
2021-07-30 13:00:00,0.0478
2021-07-30 14:00:00,0.0489
2021-07-30 15:00:00,0.0469
2021-07-30 16:00:00,0.0512
2021-07-30 17:00:00,0.0476
2021-07-30 18:00:00,0.0327
2021-07-30 19:00:00,0.0233
2021-07-30 20:00:00,0.0187
2021-07-30 21:00:00,0.0177
2021-07-30 22:00:00,0.0177
2021-07-30 23:00:00,0.017
2021-07-31 00:00:00,0.0152
2021-07-31 01:00:00,0.0115
2021-07-31 02:00:00,0.007
2021-07-31 03:00:00,0.002
2021-07-31 04:00:00,0.0
2021-07-31 05:00:00,0.0
2021-07-31 06:00:00,0.0002
2021-07-31 07:00:00,0.0016
2021-07-31 08:00:00,0.0021
2021-07-31 09:00:00,0.0027
2021-07-31 10:00:00,0.003
2021-07-31 11:00:00,0.0041
2021-07-31 12:00:00,0.0051
2021-07-31 13:00:00,0.0111
2021-07-31 14:00:00,0.0276
2021-07-31 15:00:00,0.0469
2021-07-31 16:00:00,0.0678
2021-07-31 17:00:00,0.0675
2021-07-31 18:00:00,0.0523
2021-07-31 19:00:00,0.0393
2021-07-31 20:00:00,0.0296
2021-07-31 21:00:00,0.0235
2021-07-31 22:00:00,0.0185
2021-07-31 23:00:00,0.0145
2021-08-01 00:00:00,0.0101
2021-08-01 01:00:00,0.0069
2021-08-01 02:00:00,0.0052
2021-08-01 03:00:00,0.0014
2021-08-01 04:00:00,0.0
2021-08-01 05:00:00,0.0
2021-08-01 06:00:00,0.0
2021-08-01 07:00:00,0.0
2021-08-01 08:00:00,0.0
2021-08-01 09:00:00,0.0001
2021-08-01 10:00:00,0.0002
2021-08-01 11:00:00,0.0009
2021-08-01 12:00:00,0.011
2021-08-01 13:00:00,0.0425
2021-08-01 14:00:00,0.074
2021-08-01 15:00:00,0.1048
2021-08-01 16:00:00,0.1096
2021-08-01 17:00:00,0.0988
2021-08-01 18:00:00,0.0889
2021-08-01 19:00:00,0.0831
2021-08-01 20:00:00,0.0818
2021-08-01 21:00:00,0.0768
2021-08-01 22:00:00,0.0679
2021-08-01 23:00:00,0.0593
2021-08-02 00:00:00,0.0479
2021-08-02 01:00:00,0.0368
2021-08-02 02:00:00,0.0262
2021-08-02 03:00:00,0.0211
2021-08-02 04:00:00,0.0182
2021-08-02 05:00:00,0.0116
2021-08-02 06:00:00,0.0067
2021-08-02 07:00:00,0.0083
2021-08-02 08:00:00,0.0139
2021-08-02 09:00:00,0.0313
2021-08-02 10:00:00,0.0532
2021-08-02 11:00:00,0.0706
2021-08-02 12:00:00,0.083
2021-08-02 13:00:00,0.0926
2021-08-02 14:00:00,0.0999
2021-08-02 15:00:00,0.0927
2021-08-02 16:00:00,0.0778
2021-08-02 17:00:00,0.0645
2021-08-02 18:00:00,0.056
2021-08-02 19:00:00,0.055
2021-08-02 20:00:00,0.0543
2021-08-02 21:00:00,0.0555
2021-08-02 22:00:00,0.0561
2021-08-02 23:00:00,0.0495
2021-08-03 00:00:00,0.036
2021-08-03 01:00:00,0.02
2021-08-03 02:00:00,0.0088
2021-08-03 03:00:00,0.004
2021-08-03 04:00:00,0.0009
2021-08-03 05:00:00,0.0
2021-08-03 06:00:00,0.0
2021-08-03 07:00:00,0.0
2021-08-03 08:00:00,0.0
2021-08-03 09:00:00,0.0002
2021-08-03 10:00:00,0.0014
2021-08-03 11:00:00,0.007
2021-08-03 12:00:00,0.0236
2021-08-03 13:00:00,0.0485
2021-08-03 14:00:00,0.0664
2021-08-03 15:00:00,0.0722
2021-08-03 16:00:00,0.0641
2021-08-03 17:00:00,0.0457
2021-08-03 18:00:00,0.0347
2021-08-03 19:00:00,0.0338
2021-08-03 20:00:00,0.0351
2021-08-03 21:00:00,0.036
2021-08-03 22:00:00,0.0337
2021-08-03 23:00:00,0.0253
2021-08-04 00:00:00,0.0158
2021-08-04 01:00:00,0.0083
2021-08-04 02:00:00,0.0045
2021-08-04 03:00:00,0.0031
2021-08-04 04:00:00,0.0004
2021-08-04 05:00:00,0.0
2021-08-04 06:00:00,0.0
2021-08-04 07:00:00,0.0001
2021-08-04 08:00:00,0.0023
2021-08-04 09:00:00,0.0117
2021-08-04 10:00:00,0.024
2021-08-04 11:00:00,0.0293
2021-08-04 12:00:00,0.0368
2021-08-04 13:00:00,0.0489
2021-08-04 14:00:00,0.0615
2021-08-04 15:00:00,0.0686
2021-08-04 16:00:00,0.0711
2021-08-04 17:00:00,0.0667
2021-08-04 18:00:00,0.0633
2021-08-04 19:00:00,0.0651
2021-08-04 20:00:00,0.0708
2021-08-04 21:00:00,0.0808
2021-08-04 22:00:00,0.0832
2021-08-04 23:00:00,0.0793
2021-08-05 00:00:00,0.0713
2021-08-05 01:00:00,0.0603
2021-08-05 02:00:00,0.0519
2021-08-05 03:00:00,0.0369
2021-08-05 04:00:00,0.0197
2021-08-05 05:00:00,0.002
2021-08-05 06:00:00,0.0
2021-08-05 07:00:00,0.0
2021-08-05 08:00:00,0.0
2021-08-05 09:00:00,0.0001
2021-08-05 10:00:00,0.0029
2021-08-05 11:00:00,0.0102
2021-08-05 12:00:00,0.0203
2021-08-05 13:00:00,0.0237
2021-08-05 14:00:00,0.0277
2021-08-05 15:00:00,0.0331
2021-08-05 16:00:00,0.0537
2021-08-05 17:00:00,0.055
2021-08-05 18:00:00,0.0462
2021-08-05 19:00:00,0.0407
2021-08-05 20:00:00,0.034
2021-08-05 21:00:00,0.0206
2021-08-05 22:00:00,0.0064
2021-08-05 23:00:00,0.0009
2021-08-06 00:00:00,0.0
2021-08-06 01:00:00,0.0
2021-08-06 02:00:00,0.0
2021-08-06 03:00:00,0.0
2021-08-06 04:00:00,0.0002
2021-08-06 05:00:00,0.0016
2021-08-06 06:00:00,0.0029
2021-08-06 07:00:00,0.0035
2021-08-06 08:00:00,0.0035
2021-08-06 09:00:00,0.0039
2021-08-06 10:00:00,0.0038
2021-08-06 11:00:00,0.0035
2021-08-06 12:00:00,0.0026
2021-08-06 13:00:00,0.0021
2021-08-06 14:00:00,0.0016
2021-08-06 15:00:00,0.001
2021-08-06 16:00:00,0.0001
2021-08-06 17:00:00,0.0
2021-08-06 18:00:00,0.0001
2021-08-06 19:00:00,0.0009
2021-08-06 20:00:00,0.007
2021-08-06 21:00:00,0.0126
2021-08-06 22:00:00,0.0144
2021-08-06 23:00:00,0.0157
2021-08-07 00:00:00,0.0158
2021-08-07 01:00:00,0.0135
2021-08-07 02:00:00,0.0121
2021-08-07 03:00:00,0.0097
2021-08-07 04:00:00,0.0118
2021-08-07 05:00:00,0.0216
2021-08-07 06:00:00,0.0227
2021-08-07 07:00:00,0.0157
2021-08-07 08:00:00,0.0097
2021-08-07 09:00:00,0.0111
2021-08-07 10:00:00,0.0188
2021-08-07 11:00:00,0.0418
2021-08-07 12:00:00,0.0544
2021-08-07 13:00:00,0.0457
2021-08-07 14:00:00,0.0495
2021-08-07 15:00:00,0.0589
2021-08-07 16:00:00,0.0759
2021-08-07 17:00:00,0.0844
2021-08-07 18:00:00,0.0884
2021-08-07 19:00:00,0.0842
2021-08-07 20:00:00,0.0792
2021-08-07 21:00:00,0.0793
2021-08-07 22:00:00,0.0808
2021-08-07 23:00:00,0.0789
2021-08-08 00:00:00,0.0731
2021-08-08 01:00:00,0.0599
2021-08-08 02:00:00,0.0433
2021-08-08 03:00:00,0.025
2021-08-08 04:00:00,0.0112
2021-08-08 05:00:00,0.0109
2021-08-08 06:00:00,0.0055
2021-08-08 07:00:00,0.0025
2021-08-08 08:00:00,0.0009
2021-08-08 09:00:00,0.013
2021-08-08 10:00:00,0.04
2021-08-08 11:00:00,0.0451
2021-08-08 12:00:00,0.0634
2021-08-08 13:00:00,0.0861
2021-08-08 14:00:00,0.122
2021-08-08 15:00:00,0.1436
2021-08-08 16:00:00,0.1389
2021-08-08 17:00:00,0.1232
2021-08-08 18:00:00,0.1038
2021-08-08 19:00:00,0.0928
2021-08-08 20:00:00,0.0913
2021-08-08 21:00:00,0.0999
2021-08-08 22:00:00,0.1146
2021-08-08 23:00:00,0.1212
2021-08-09 00:00:00,0.1186
2021-08-09 01:00:00,0.1093
2021-08-09 02:00:00,0.0936
2021-08-09 03:00:00,0.0749
2021-08-09 04:00:00,0.0564
2021-08-09 05:00:00,0.0329
2021-08-09 06:00:00,0.0086
2021-08-09 07:00:00,0.0076
2021-08-09 08:00:00,0.0211
2021-08-09 09:00:00,0.0448
2021-08-09 10:00:00,0.0657
2021-08-09 11:00:00,0.0869
2021-08-09 12:00:00,0.1101
2021-08-09 13:00:00,0.1266
2021-08-09 14:00:00,0.1303
2021-08-09 15:00:00,0.136
2021-08-09 16:00:00,0.125
2021-08-09 17:00:00,0.1098
2021-08-09 18:00:00,0.0959
2021-08-09 19:00:00,0.0912
2021-08-09 20:00:00,0.0901
2021-08-09 21:00:00,0.0881
2021-08-09 22:00:00,0.0876
2021-08-09 23:00:00,0.0834
2021-08-10 00:00:00,0.0739
2021-08-10 01:00:00,0.0602
2021-08-10 02:00:00,0.0443
2021-08-10 03:00:00,0.0291
2021-08-10 04:00:00,0.0118
2021-08-10 05:00:00,0.0039
2021-08-10 06:00:00,0.0023
2021-08-10 07:00:00,0.0019
2021-08-10 08:00:00,0.0018
2021-08-10 09:00:00,0.0024
2021-08-10 10:00:00,0.0126
2021-08-10 11:00:00,0.0229
2021-08-10 12:00:00,0.0373
2021-08-10 13:00:00,0.0616
2021-08-10 14:00:00,0.0954
2021-08-10 15:00:00,0.1255
2021-08-10 16:00:00,0.1222
2021-08-10 17:00:00,0.1025
2021-08-10 18:00:00,0.0808
2021-08-10 19:00:00,0.0613
2021-08-10 20:00:00,0.0469
2021-08-10 21:00:00,0.0448
2021-08-10 22:00:00,0.0483
2021-08-10 23:00:00,0.0501
2021-08-11 00:00:00,0.0485
2021-08-11 01:00:00,0.0469
2021-08-11 02:00:00,0.0439
2021-08-11 03:00:00,0.036
2021-08-11 04:00:00,0.0251
2021-08-11 05:00:00,0.0273
2021-08-11 06:00:00,0.018
2021-08-11 07:00:00,0.008
2021-08-11 08:00:00,0.0061
2021-08-11 09:00:00,0.0211
2021-08-11 10:00:00,0.0504
2021-08-11 11:00:00,0.0466
2021-08-11 12:00:00,0.0467
2021-08-11 13:00:00,0.0578
2021-08-11 14:00:00,0.0788
2021-08-11 15:00:00,0.1121
2021-08-11 16:00:00,0.1171
2021-08-11 17:00:00,0.1125
2021-08-11 18:00:00,0.1009
2021-08-11 19:00:00,0.0945
2021-08-11 20:00:00,0.087
2021-08-11 21:00:00,0.0862
2021-08-11 22:00:00,0.0905
2021-08-11 23:00:00,0.0921
2021-08-12 00:00:00,0.0895
2021-08-12 01:00:00,0.0802
2021-08-12 02:00:00,0.0662
2021-08-12 03:00:00,0.0464
2021-08-12 04:00:00,0.0255
2021-08-12 05:00:00,0.0078
2021-08-12 06:00:00,0.0031
2021-08-12 07:00:00,0.004
2021-08-12 08:00:00,0.0113
2021-08-12 09:00:00,0.0214
2021-08-12 10:00:00,0.0284
2021-08-12 11:00:00,0.032
2021-08-12 12:00:00,0.0336
2021-08-12 13:00:00,0.036
2021-08-12 14:00:00,0.0369
2021-08-12 15:00:00,0.0477
2021-08-12 16:00:00,0.0772
2021-08-12 17:00:00,0.0839
2021-08-12 18:00:00,0.0838
2021-08-12 19:00:00,0.0809
2021-08-12 20:00:00,0.0802
2021-08-12 21:00:00,0.0811
2021-08-12 22:00:00,0.0835
2021-08-12 23:00:00,0.0828
2021-08-13 00:00:00,0.0773
2021-08-13 01:00:00,0.068
2021-08-13 02:00:00,0.0538
2021-08-13 03:00:00,0.0389
2021-08-13 04:00:00,0.0259
2021-08-13 05:00:00,0.0132
2021-08-13 06:00:00,0.0022
2021-08-13 07:00:00,0.0016
2021-08-13 08:00:00,0.0054
2021-08-13 09:00:00,0.0167
2021-08-13 10:00:00,0.03
2021-08-13 11:00:00,0.0436
2021-08-13 12:00:00,0.0598
2021-08-13 13:00:00,0.0718
2021-08-13 14:00:00,0.0829
2021-08-13 15:00:00,0.0979
2021-08-13 16:00:00,0.1028
2021-08-13 17:00:00,0.0947
2021-08-13 18:00:00,0.0831
2021-08-13 19:00:00,0.0778
2021-08-13 20:00:00,0.0746
2021-08-13 21:00:00,0.0699
2021-08-13 22:00:00,0.0629
2021-08-13 23:00:00,0.0525
2021-08-14 00:00:00,0.0405
2021-08-14 01:00:00,0.0292
2021-08-14 02:00:00,0.02
2021-08-14 03:00:00,0.0194
2021-08-14 04:00:00,0.0249
2021-08-14 05:00:00,0.0342
2021-08-14 06:00:00,0.0358
2021-08-14 07:00:00,0.0322
2021-08-14 08:00:00,0.0412
2021-08-14 09:00:00,0.0555
2021-08-14 10:00:00,0.0735
2021-08-14 11:00:00,0.0951
2021-08-14 12:00:00,0.1145
2021-08-14 13:00:00,0.1304
2021-08-14 14:00:00,0.1437
2021-08-14 15:00:00,0.1336
2021-08-14 16:00:00,0.1199
2021-08-14 17:00:00,0.1037
2021-08-14 18:00:00,0.0904
2021-08-14 19:00:00,0.0856
2021-08-14 20:00:00,0.0845
2021-08-14 21:00:00,0.0885
2021-08-14 22:00:00,0.0886
2021-08-14 23:00:00,0.0788
2021-08-15 00:00:00,0.0628
2021-08-15 01:00:00,0.0479
2021-08-15 02:00:00,0.0419
2021-08-15 03:00:00,0.044
2021-08-15 04:00:00,0.0563
2021-08-15 05:00:00,0.0805
2021-08-15 06:00:00,0.1106
2021-08-15 07:00:00,0.1269
2021-08-15 08:00:00,0.1314
2021-08-15 09:00:00,0.1479
2021-08-15 10:00:00,0.1718
2021-08-15 11:00:00,0.1827
2021-08-15 12:00:00,0.1829
2021-08-15 13:00:00,0.1707
2021-08-15 14:00:00,0.1482
2021-08-15 15:00:00,0.1109
2021-08-15 16:00:00,0.0733
2021-08-15 17:00:00,0.0492
2021-08-15 18:00:00,0.0384
2021-08-15 19:00:00,0.0345
2021-08-15 20:00:00,0.0314
2021-08-15 21:00:00,0.0288
2021-08-15 22:00:00,0.029
2021-08-15 23:00:00,0.0345
2021-08-16 00:00:00,0.0424
2021-08-16 01:00:00,0.0484
2021-08-16 02:00:00,0.0502
2021-08-16 03:00:00,0.0468
2021-08-16 04:00:00,0.0433
2021-08-16 05:00:00,0.0436
2021-08-16 06:00:00,0.0412
2021-08-16 07:00:00,0.0375
2021-08-16 08:00:00,0.0455
2021-08-16 09:00:00,0.0598
2021-08-16 10:00:00,0.0698
2021-08-16 11:00:00,0.0803
2021-08-16 12:00:00,0.092
2021-08-16 13:00:00,0.1037
2021-08-16 14:00:00,0.117
2021-08-16 15:00:00,0.1371
2021-08-16 16:00:00,0.1477
2021-08-16 17:00:00,0.1537
2021-08-16 18:00:00,0.1526
2021-08-16 19:00:00,0.1477
2021-08-16 20:00:00,0.1493
2021-08-16 21:00:00,0.1579
2021-08-16 22:00:00,0.1719
2021-08-16 23:00:00,0.1832
2021-08-17 00:00:00,0.1894
2021-08-17 01:00:00,0.1887
2021-08-17 02:00:00,0.1756
2021-08-17 03:00:00,0.1557
2021-08-17 04:00:00,0.1338
2021-08-17 05:00:00,0.1126
2021-08-17 06:00:00,0.0955
2021-08-17 07:00:00,0.0758
2021-08-17 08:00:00,0.0823
2021-08-17 09:00:00,0.0989
2021-08-17 10:00:00,0.1202
2021-08-17 11:00:00,0.1452
2021-08-17 12:00:00,0.1684
2021-08-17 13:00:00,0.1818
2021-08-17 14:00:00,0.1837
2021-08-17 15:00:00,0.1724
2021-08-17 16:00:00,0.1608
2021-08-17 17:00:00,0.1497
2021-08-17 18:00:00,0.1362
2021-08-17 19:00:00,0.124
2021-08-17 20:00:00,0.1124
2021-08-17 21:00:00,0.108
2021-08-17 22:00:00,0.1113
2021-08-17 23:00:00,0.1174
2021-08-18 00:00:00,0.12
2021-08-18 01:00:00,0.1168
2021-08-18 02:00:00,0.1114
2021-08-18 03:00:00,0.1165
2021-08-18 04:00:00,0.1298
2021-08-18 05:00:00,0.1454
2021-08-18 06:00:00,0.1568
2021-08-18 07:00:00,0.1593
2021-08-18 08:00:00,0.1472
2021-08-18 09:00:00,0.1376
2021-08-18 10:00:00,0.1227
2021-08-18 11:00:00,0.1024
2021-08-18 12:00:00,0.0817
2021-08-18 13:00:00,0.0625
2021-08-18 14:00:00,0.048
2021-08-18 15:00:00,0.0443
2021-08-18 16:00:00,0.0466
2021-08-18 17:00:00,0.0355
2021-08-18 18:00:00,0.0257
2021-08-18 19:00:00,0.0172
2021-08-18 20:00:00,0.0078
2021-08-18 21:00:00,0.0032
2021-08-18 22:00:00,0.0016
2021-08-18 23:00:00,0.0003
2021-08-19 00:00:00,0.0
2021-08-19 01:00:00,0.0
2021-08-19 02:00:00,0.0
2021-08-19 03:00:00,0.0
2021-08-19 04:00:00,0.0
2021-08-19 05:00:00,0.0
2021-08-19 06:00:00,0.0
2021-08-19 07:00:00,0.0
2021-08-19 08:00:00,0.0
2021-08-19 09:00:00,0.0
2021-08-19 10:00:00,0.0
2021-08-19 11:00:00,0.0
2021-08-19 12:00:00,0.0
2021-08-19 13:00:00,0.0
2021-08-19 14:00:00,0.0016
2021-08-19 15:00:00,0.0038
2021-08-19 16:00:00,0.0124
2021-08-19 17:00:00,0.0254
2021-08-19 18:00:00,0.0342
2021-08-19 19:00:00,0.0429
2021-08-19 20:00:00,0.0484
2021-08-19 21:00:00,0.0507
2021-08-19 22:00:00,0.0537
2021-08-19 23:00:00,0.0637
2021-08-20 00:00:00,0.0728
2021-08-20 01:00:00,0.0781
2021-08-20 02:00:00,0.0758
2021-08-20 03:00:00,0.0574
2021-08-20 04:00:00,0.0319
2021-08-20 05:00:00,0.0168
2021-08-20 06:00:00,0.0183
2021-08-20 07:00:00,0.0401
2021-08-20 08:00:00,0.0834
2021-08-20 09:00:00,0.1323
2021-08-20 10:00:00,0.1595
2021-08-20 11:00:00,0.1728
2021-08-20 12:00:00,0.1804
2021-08-20 13:00:00,0.1756
2021-08-20 14:00:00,0.158
2021-08-20 15:00:00,0.1389
2021-08-20 16:00:00,0.1209
2021-08-20 17:00:00,0.1058
2021-08-20 18:00:00,0.098
2021-08-20 19:00:00,0.1013
2021-08-20 20:00:00,0.1138
2021-08-20 21:00:00,0.1329
2021-08-20 22:00:00,0.1519
2021-08-20 23:00:00,0.1609
2021-08-21 00:00:00,0.1607
2021-08-21 01:00:00,0.1515
2021-08-21 02:00:00,0.134
2021-08-21 03:00:00,0.1163
2021-08-21 04:00:00,0.103
2021-08-21 05:00:00,0.0927
2021-08-21 06:00:00,0.0749
2021-08-21 07:00:00,0.0748
2021-08-21 08:00:00,0.096
2021-08-21 09:00:00,0.1157
2021-08-21 10:00:00,0.1269
2021-08-21 11:00:00,0.1362
2021-08-21 12:00:00,0.1457
2021-08-21 13:00:00,0.1565
2021-08-21 14:00:00,0.1648
2021-08-21 15:00:00,0.1597
2021-08-21 16:00:00,0.1502
2021-08-21 17:00:00,0.1377
2021-08-21 18:00:00,0.1268
2021-08-21 19:00:00,0.1174
2021-08-21 20:00:00,0.11
2021-08-21 21:00:00,0.1165
2021-08-21 22:00:00,0.1337
2021-08-21 23:00:00,0.1461
2021-08-22 00:00:00,0.1489
2021-08-22 01:00:00,0.1446
2021-08-22 02:00:00,0.1379
2021-08-22 03:00:00,0.1201
2021-08-22 04:00:00,0.0934
2021-08-22 05:00:00,0.0589
2021-08-22 06:00:00,0.0192
2021-08-22 07:00:00,0.0061
2021-08-22 08:00:00,0.0064
2021-08-22 09:00:00,0.0121
2021-08-22 10:00:00,0.0218
2021-08-22 11:00:00,0.0339
2021-08-22 12:00:00,0.0462
2021-08-22 13:00:00,0.0529
2021-08-22 14:00:00,0.0577
2021-08-22 15:00:00,0.0705
2021-08-22 16:00:00,0.0942
2021-08-22 17:00:00,0.0885
2021-08-22 18:00:00,0.0787
2021-08-22 19:00:00,0.0675
2021-08-22 20:00:00,0.058
2021-08-22 21:00:00,0.0577
2021-08-22 22:00:00,0.0658
2021-08-22 23:00:00,0.0742
2021-08-23 00:00:00,0.084
2021-08-23 01:00:00,0.0935
2021-08-23 02:00:00,0.0942
2021-08-23 03:00:00,0.0819
2021-08-23 04:00:00,0.0649
2021-08-23 05:00:00,0.0475
2021-08-23 06:00:00,0.0238
2021-08-23 07:00:00,0.0083
2021-08-23 08:00:00,0.005
2021-08-23 09:00:00,0.0107
2021-08-23 10:00:00,0.0221
2021-08-23 11:00:00,0.0336
2021-08-23 12:00:00,0.0224
2021-08-23 13:00:00,0.0168
2021-08-23 14:00:00,0.0116
2021-08-23 15:00:00,0.0177
2021-08-23 16:00:00,0.0437
2021-08-23 17:00:00,0.0474
2021-08-23 18:00:00,0.0462
2021-08-23 19:00:00,0.0449
2021-08-23 20:00:00,0.0434
2021-08-23 21:00:00,0.0445
2021-08-23 22:00:00,0.0483
2021-08-23 23:00:00,0.0544
2021-08-24 00:00:00,0.0615
2021-08-24 01:00:00,0.0642
2021-08-24 02:00:00,0.062
2021-08-24 03:00:00,0.0438
2021-08-24 04:00:00,0.0179
2021-08-24 05:00:00,0.0065
2021-08-24 06:00:00,0.0035
2021-08-24 07:00:00,0.0016
2021-08-24 08:00:00,0.0004
2021-08-24 09:00:00,0.0013
2021-08-24 10:00:00,0.0262
2021-08-24 11:00:00,0.0535
2021-08-24 12:00:00,0.031
2021-08-24 13:00:00,0.0268
2021-08-24 14:00:00,0.0375
2021-08-24 15:00:00,0.0455
2021-08-24 16:00:00,0.0571
2021-08-24 17:00:00,0.0516
2021-08-24 18:00:00,0.0398
2021-08-24 19:00:00,0.0286
2021-08-24 20:00:00,0.02
2021-08-24 21:00:00,0.0167
2021-08-24 22:00:00,0.0175
2021-08-24 23:00:00,0.0194
2021-08-25 00:00:00,0.0213
2021-08-25 01:00:00,0.0221
2021-08-25 02:00:00,0.0205
2021-08-25 03:00:00,0.0132
2021-08-25 04:00:00,0.0037
2021-08-25 05:00:00,0.0
2021-08-25 06:00:00,0.0
2021-08-25 07:00:00,0.0
2021-08-25 08:00:00,0.0004
2021-08-25 09:00:00,0.0017
2021-08-25 10:00:00,0.0027
2021-08-25 11:00:00,0.0035
2021-08-25 12:00:00,0.0083
2021-08-25 13:00:00,0.0216
2021-08-25 14:00:00,0.0398
2021-08-25 15:00:00,0.0635
2021-08-25 16:00:00,0.0799
2021-08-25 17:00:00,0.0807
2021-08-25 18:00:00,0.0718
2021-08-25 19:00:00,0.0645
2021-08-25 20:00:00,0.0618
2021-08-25 21:00:00,0.0625
2021-08-25 22:00:00,0.0646
2021-08-25 23:00:00,0.0661
2021-08-26 00:00:00,0.0655
2021-08-26 01:00:00,0.0613
2021-08-26 02:00:00,0.0549
2021-08-26 03:00:00,0.0387
2021-08-26 04:00:00,0.0196
2021-08-26 05:00:00,0.0021
2021-08-26 06:00:00,0.0
2021-08-26 07:00:00,0.0
2021-08-26 08:00:00,0.0
2021-08-26 09:00:00,0.0001
2021-08-26 10:00:00,0.0006
2021-08-26 11:00:00,0.0027
2021-08-26 12:00:00,0.0074
2021-08-26 13:00:00,0.009
2021-08-26 14:00:00,0.01
2021-08-26 15:00:00,0.0211
2021-08-26 16:00:00,0.0375
2021-08-26 17:00:00,0.041
2021-08-26 18:00:00,0.0415
2021-08-26 19:00:00,0.0422
2021-08-26 20:00:00,0.0439
2021-08-26 21:00:00,0.0458
2021-08-26 22:00:00,0.049
2021-08-26 23:00:00,0.0525
2021-08-27 00:00:00,0.0534
2021-08-27 01:00:00,0.051
2021-08-27 02:00:00,0.0449
2021-08-27 03:00:00,0.0354
2021-08-27 04:00:00,0.0201
2021-08-27 05:00:00,0.0032
2021-08-27 06:00:00,0.0002
2021-08-27 07:00:00,0.0
2021-08-27 08:00:00,0.0
2021-08-27 09:00:00,0.0
2021-08-27 10:00:00,0.0009
2021-08-27 11:00:00,0.0075
2021-08-27 12:00:00,0.0107
2021-08-27 13:00:00,0.0141
2021-08-27 14:00:00,0.0173
2021-08-27 15:00:00,0.0299
2021-08-27 16:00:00,0.0578
2021-08-27 17:00:00,0.0671
2021-08-27 18:00:00,0.0706
2021-08-27 19:00:00,0.0719
2021-08-27 20:00:00,0.0748
2021-08-27 21:00:00,0.0787
2021-08-27 22:00:00,0.0746
2021-08-27 23:00:00,0.0659
2021-08-28 00:00:00,0.0524
2021-08-28 01:00:00,0.0331
2021-08-28 02:00:00,0.0143
2021-08-28 03:00:00,0.0046
2021-08-28 04:00:00,0.0018
2021-08-28 05:00:00,0.002
2021-08-28 06:00:00,0.0019
2021-08-28 07:00:00,0.0015
2021-08-28 08:00:00,0.0007
2021-08-28 09:00:00,0.0007
2021-08-28 10:00:00,0.0046
2021-08-28 11:00:00,0.027
2021-08-28 12:00:00,0.0132
2021-08-28 13:00:00,0.0078
2021-08-28 14:00:00,0.0064
2021-08-28 15:00:00,0.0066
2021-08-28 16:00:00,0.0154
2021-08-28 17:00:00,0.0172
2021-08-28 18:00:00,0.0196
2021-08-28 19:00:00,0.0248
2021-08-28 20:00:00,0.031
2021-08-28 21:00:00,0.0364
2021-08-28 22:00:00,0.0372
2021-08-28 23:00:00,0.0405
2021-08-29 00:00:00,0.0446
2021-08-29 01:00:00,0.043
2021-08-29 02:00:00,0.0346
2021-08-29 03:00:00,0.0197
2021-08-29 04:00:00,0.005
2021-08-29 05:00:00,0.0
2021-08-29 06:00:00,0.0
2021-08-29 07:00:00,0.0
2021-08-29 08:00:00,0.0
2021-08-29 09:00:00,0.0001
2021-08-29 10:00:00,0.0049
2021-08-29 11:00:00,0.0214
2021-08-29 12:00:00,0.0544
2021-08-29 13:00:00,0.0944
2021-08-29 14:00:00,0.1363
2021-08-29 15:00:00,0.1663
2021-08-29 16:00:00,0.1797
2021-08-29 17:00:00,0.1656
2021-08-29 18:00:00,0.1436
2021-08-29 19:00:00,0.1276
2021-08-29 20:00:00,0.1223
2021-08-29 21:00:00,0.1246
2021-08-29 22:00:00,0.1393
2021-08-29 23:00:00,0.1583
2021-08-30 00:00:00,0.173
2021-08-30 01:00:00,0.1784
2021-08-30 02:00:00,0.1689
2021-08-30 03:00:00,0.1378
2021-08-30 04:00:00,0.1033
2021-08-30 05:00:00,0.0659
2021-08-30 06:00:00,0.0185
2021-08-30 07:00:00,0.0074
2021-08-30 08:00:00,0.0111
2021-08-30 09:00:00,0.0349
2021-08-30 10:00:00,0.0687
2021-08-30 11:00:00,0.1076
2021-08-30 12:00:00,0.144
2021-08-30 13:00:00,0.1663
2021-08-30 14:00:00,0.1712
2021-08-30 15:00:00,0.1705
2021-08-30 16:00:00,0.1603
2021-08-30 17:00:00,0.1423
2021-08-30 18:00:00,0.1306
2021-08-30 19:00:00,0.1295
2021-08-30 20:00:00,0.1309
2021-08-30 21:00:00,0.1396
2021-08-30 22:00:00,0.1522
2021-08-30 23:00:00,0.1674
2021-08-31 00:00:00,0.1756
2021-08-31 01:00:00,0.1717
2021-08-31 02:00:00,0.1583
2021-08-31 03:00:00,0.1387
2021-08-31 04:00:00,0.1114
2021-08-31 05:00:00,0.0682
2021-08-31 06:00:00,0.0142
2021-08-31 07:00:00,0.005
2021-08-31 08:00:00,0.0009
2021-08-31 09:00:00,0.0034
2021-08-31 10:00:00,0.0097
2021-08-31 11:00:00,0.0254
2021-08-31 12:00:00,0.0403
2021-08-31 13:00:00,0.0542
2021-08-31 14:00:00,0.0698
2021-08-31 15:00:00,0.1053
2021-08-31 16:00:00,0.1331
2021-08-31 17:00:00,0.1465
2021-08-31 18:00:00,0.1538
2021-08-31 19:00:00,0.1655
2021-08-31 20:00:00,0.1833
2021-08-31 21:00:00,0.2154
2021-08-31 22:00:00,0.2527
2021-08-31 23:00:00,0.2852
2021-09-01 00:00:00,0.3085
2021-09-01 01:00:00,0.3183
2021-09-01 02:00:00,0.3064
2021-09-01 03:00:00,0.2785
2021-09-01 04:00:00,0.2447
2021-09-01 05:00:00,0.2126
2021-09-01 06:00:00,0.1736
2021-09-01 07:00:00,0.121
2021-09-01 08:00:00,0.1016
2021-09-01 09:00:00,0.0963
2021-09-01 10:00:00,0.1006
2021-09-01 11:00:00,0.118
2021-09-01 12:00:00,0.1347
2021-09-01 13:00:00,0.1538
2021-09-01 14:00:00,0.1833
2021-09-01 15:00:00,0.198
2021-09-01 16:00:00,0.2021
2021-09-01 17:00:00,0.1873
2021-09-01 18:00:00,0.1651
2021-09-01 19:00:00,0.1454
2021-09-01 20:00:00,0.1317
2021-09-01 21:00:00,0.128
2021-09-01 22:00:00,0.1277
2021-09-01 23:00:00,0.1227
2021-09-02 00:00:00,0.1105
2021-09-02 01:00:00,0.0977
2021-09-02 02:00:00,0.0892
2021-09-02 03:00:00,0.0728
2021-09-02 04:00:00,0.0517
2021-09-02 05:00:00,0.0328
2021-09-02 06:00:00,0.0075
2021-09-02 07:00:00,0.0
2021-09-02 08:00:00,0.0
2021-09-02 09:00:00,0.0
2021-09-02 10:00:00,0.0
2021-09-02 11:00:00,0.0002
2021-09-02 12:00:00,0.011
2021-09-02 13:00:00,0.0356
2021-09-02 14:00:00,0.0657
2021-09-02 15:00:00,0.1156
2021-09-02 16:00:00,0.1393
2021-09-02 17:00:00,0.1385
2021-09-02 18:00:00,0.1293
2021-09-02 19:00:00,0.1152
2021-09-02 20:00:00,0.1005
2021-09-02 21:00:00,0.09
2021-09-02 22:00:00,0.0852
2021-09-02 23:00:00,0.0786
2021-09-03 00:00:00,0.0689
2021-09-03 01:00:00,0.0542
2021-09-03 02:00:00,0.0329
2021-09-03 03:00:00,0.0149
2021-09-03 04:00:00,0.0001
2021-09-03 05:00:00,0.0
2021-09-03 06:00:00,0.0
2021-09-03 07:00:00,0.0
2021-09-03 08:00:00,0.0
2021-09-03 09:00:00,0.0003
2021-09-03 10:00:00,0.0007
2021-09-03 11:00:00,0.0007
2021-09-03 12:00:00,0.0002
2021-09-03 13:00:00,0.0
2021-09-03 14:00:00,0.0
2021-09-03 15:00:00,0.0052
2021-09-03 16:00:00,0.0486
2021-09-03 17:00:00,0.0635
2021-09-03 18:00:00,0.0685
2021-09-03 19:00:00,0.0632
2021-09-03 20:00:00,0.0536
2021-09-03 21:00:00,0.0411
2021-09-03 22:00:00,0.0284
2021-09-03 23:00:00,0.0163
2021-09-04 00:00:00,0.0059
2021-09-04 01:00:00,0.0004
2021-09-04 02:00:00,0.0
2021-09-04 03:00:00,0.0
2021-09-04 04:00:00,0.0
2021-09-04 05:00:00,0.0
2021-09-04 06:00:00,0.0
2021-09-04 07:00:00,0.0
2021-09-04 08:00:00,0.0
2021-09-04 09:00:00,0.0001
2021-09-04 10:00:00,0.0002
2021-09-04 11:00:00,0.0003
2021-09-04 12:00:00,0.0004
2021-09-04 13:00:00,0.0033
2021-09-04 14:00:00,0.0167
2021-09-04 15:00:00,0.0459
2021-09-04 16:00:00,0.0792
2021-09-04 17:00:00,0.0832
2021-09-04 18:00:00,0.0824
2021-09-04 19:00:00,0.0804
2021-09-04 20:00:00,0.0776
2021-09-04 21:00:00,0.0659
2021-09-04 22:00:00,0.0494
2021-09-04 23:00:00,0.0318
2021-09-05 00:00:00,0.0147
2021-09-05 01:00:00,0.0038
2021-09-05 02:00:00,0.0003
2021-09-05 03:00:00,0.0
2021-09-05 04:00:00,0.0
2021-09-05 05:00:00,0.0
2021-09-05 06:00:00,0.0
2021-09-05 07:00:00,0.0
2021-09-05 08:00:00,0.0
2021-09-05 09:00:00,0.0
2021-09-05 10:00:00,0.0
2021-09-05 11:00:00,0.0
2021-09-05 12:00:00,0.0
2021-09-05 13:00:00,0.0006
2021-09-05 14:00:00,0.0045
2021-09-05 15:00:00,0.0251
2021-09-05 16:00:00,0.0535
2021-09-05 17:00:00,0.0659
2021-09-05 18:00:00,0.0637
2021-09-05 19:00:00,0.0587
2021-09-05 20:00:00,0.0518
2021-09-05 21:00:00,0.0428
2021-09-05 22:00:00,0.0326
2021-09-05 23:00:00,0.0259
2021-09-06 00:00:00,0.0214
2021-09-06 01:00:00,0.0182
2021-09-06 02:00:00,0.0151
2021-09-06 03:00:00,0.0155
2021-09-06 04:00:00,0.0057
2021-09-06 05:00:00,0.0018
2021-09-06 06:00:00,0.002
2021-09-06 07:00:00,0.0071
2021-09-06 08:00:00,0.0234
2021-09-06 09:00:00,0.0501
2021-09-06 10:00:00,0.0734
2021-09-06 11:00:00,0.0954
2021-09-06 12:00:00,0.1194
2021-09-06 13:00:00,0.1456
2021-09-06 14:00:00,0.1643
2021-09-06 15:00:00,0.1517
2021-09-06 16:00:00,0.1303
2021-09-06 17:00:00,0.1121
2021-09-06 18:00:00,0.0946
2021-09-06 19:00:00,0.0803
2021-09-06 20:00:00,0.0696
2021-09-06 21:00:00,0.0699
2021-09-06 22:00:00,0.0792
2021-09-06 23:00:00,0.0888
2021-09-07 00:00:00,0.0892
2021-09-07 01:00:00,0.0833
2021-09-07 02:00:00,0.0724
2021-09-07 03:00:00,0.07
2021-09-07 04:00:00,0.0717
2021-09-07 05:00:00,0.072
2021-09-07 06:00:00,0.071
2021-09-07 07:00:00,0.069
2021-09-07 08:00:00,0.0707
2021-09-07 09:00:00,0.0687
2021-09-07 10:00:00,0.0717
2021-09-07 11:00:00,0.0884
2021-09-07 12:00:00,0.1033
2021-09-07 13:00:00,0.1194
2021-09-07 14:00:00,0.1463
2021-09-07 15:00:00,0.155
2021-09-07 16:00:00,0.1456
2021-09-07 17:00:00,0.1339
2021-09-07 18:00:00,0.119
2021-09-07 19:00:00,0.1062
2021-09-07 20:00:00,0.0969
2021-09-07 21:00:00,0.0985
2021-09-07 22:00:00,0.1088
2021-09-07 23:00:00,0.1122
2021-09-08 00:00:00,0.1075
2021-09-08 01:00:00,0.1
2021-09-08 02:00:00,0.0921
2021-09-08 03:00:00,0.0895
2021-09-08 04:00:00,0.0859
2021-09-08 05:00:00,0.0784
2021-09-08 06:00:00,0.0425
2021-09-08 07:00:00,0.0256
2021-09-08 08:00:00,0.03
2021-09-08 09:00:00,0.0414
2021-09-08 10:00:00,0.0514
2021-09-08 11:00:00,0.0668
2021-09-08 12:00:00,0.0925
2021-09-08 13:00:00,0.1411
2021-09-08 14:00:00,0.1955
2021-09-08 15:00:00,0.1916
2021-09-08 16:00:00,0.1722
2021-09-08 17:00:00,0.1515
2021-09-08 18:00:00,0.1459
2021-09-08 19:00:00,0.153
2021-09-08 20:00:00,0.1362
2021-09-08 21:00:00,0.0989
2021-09-08 22:00:00,0.0751
2021-09-08 23:00:00,0.0839
2021-09-09 00:00:00,0.0785
2021-09-09 01:00:00,0.0503
2021-09-09 02:00:00,0.0305
2021-09-09 03:00:00,0.0249
2021-09-09 04:00:00,0.0215
2021-09-09 05:00:00,0.005
2021-09-09 06:00:00,0.0
2021-09-09 07:00:00,0.0
2021-09-09 08:00:00,0.0
2021-09-09 09:00:00,0.0005
2021-09-09 10:00:00,0.0061
2021-09-09 11:00:00,0.0195
2021-09-09 12:00:00,0.0289
2021-09-09 13:00:00,0.036
2021-09-09 14:00:00,0.0438
2021-09-09 15:00:00,0.0641
2021-09-09 16:00:00,0.0737
2021-09-09 17:00:00,0.0739
2021-09-09 18:00:00,0.0727
2021-09-09 19:00:00,0.0663
2021-09-09 20:00:00,0.0568
2021-09-09 21:00:00,0.0542
2021-09-09 22:00:00,0.0563
2021-09-09 23:00:00,0.0574
2021-09-10 00:00:00,0.0545
2021-09-10 01:00:00,0.0462
2021-09-10 02:00:00,0.0345
2021-09-10 03:00:00,0.0193
2021-09-10 04:00:00,0.0059
2021-09-10 05:00:00,0.0
2021-09-10 06:00:00,0.0
2021-09-10 07:00:00,0.0
2021-09-10 08:00:00,0.0
2021-09-10 09:00:00,0.0
2021-09-10 10:00:00,0.0
2021-09-10 11:00:00,0.0001
2021-09-10 12:00:00,0.0003
2021-09-10 13:00:00,0.0001
2021-09-10 14:00:00,0.0003
2021-09-10 15:00:00,0.0076
2021-09-10 16:00:00,0.0359
2021-09-10 17:00:00,0.0442
2021-09-10 18:00:00,0.0371
2021-09-10 19:00:00,0.0241
2021-09-10 20:00:00,0.0133
2021-09-10 21:00:00,0.0082
2021-09-10 22:00:00,0.007
2021-09-10 23:00:00,0.0053
2021-09-11 00:00:00,0.0043
2021-09-11 01:00:00,0.0045
2021-09-11 02:00:00,0.004
2021-09-11 03:00:00,0.0012
2021-09-11 04:00:00,0.0
2021-09-11 05:00:00,0.0
2021-09-11 06:00:00,0.0
2021-09-11 07:00:00,0.0
2021-09-11 08:00:00,0.0
2021-09-11 09:00:00,0.0
2021-09-11 10:00:00,0.0
2021-09-11 11:00:00,0.0
2021-09-11 12:00:00,0.0
2021-09-11 13:00:00,0.0
2021-09-11 14:00:00,0.0056
2021-09-11 15:00:00,0.0397
2021-09-11 16:00:00,0.083
2021-09-11 17:00:00,0.0922
2021-09-11 18:00:00,0.0892
2021-09-11 19:00:00,0.0805
2021-09-11 20:00:00,0.0708
2021-09-11 21:00:00,0.0705
2021-09-11 22:00:00,0.0771
2021-09-11 23:00:00,0.0817
2021-09-12 00:00:00,0.0846
2021-09-12 01:00:00,0.0875
2021-09-12 02:00:00,0.0938
2021-09-12 03:00:00,0.094
2021-09-12 04:00:00,0.0856
2021-09-12 05:00:00,0.0795
2021-09-12 06:00:00,0.0558
2021-09-12 07:00:00,0.0337
2021-09-12 08:00:00,0.0327
2021-09-12 09:00:00,0.0397
2021-09-12 10:00:00,0.0611
2021-09-12 11:00:00,0.0812
2021-09-12 12:00:00,0.1151
2021-09-12 13:00:00,0.1585
2021-09-12 14:00:00,0.2072
2021-09-12 15:00:00,0.2315
2021-09-12 16:00:00,0.2223
2021-09-12 17:00:00,0.1906
2021-09-12 18:00:00,0.1606
2021-09-12 19:00:00,0.142
2021-09-12 20:00:00,0.142
2021-09-12 21:00:00,0.1398
2021-09-12 22:00:00,0.1501
2021-09-12 23:00:00,0.1576
2021-09-13 00:00:00,0.1549
2021-09-13 01:00:00,0.1432
2021-09-13 02:00:00,0.1255
2021-09-13 03:00:00,0.0993
2021-09-13 04:00:00,0.0692
2021-09-13 05:00:00,0.0459
2021-09-13 06:00:00,0.0153
2021-09-13 07:00:00,0.0058
2021-09-13 08:00:00,0.0024
2021-09-13 09:00:00,0.0019
2021-09-13 10:00:00,0.002
2021-09-13 11:00:00,0.0026
2021-09-13 12:00:00,0.0027
2021-09-13 13:00:00,0.0021
2021-09-13 14:00:00,0.0021
2021-09-13 15:00:00,0.0023
2021-09-13 16:00:00,0.0056
2021-09-13 17:00:00,0.0073
2021-09-13 18:00:00,0.0101
2021-09-13 19:00:00,0.0145
2021-09-13 20:00:00,0.0163
2021-09-13 21:00:00,0.0173
2021-09-13 22:00:00,0.0139
2021-09-13 23:00:00,0.0087
2021-09-14 00:00:00,0.0058
2021-09-14 01:00:00,0.0017
2021-09-14 02:00:00,0.0014
2021-09-14 03:00:00,0.0017
2021-09-14 04:00:00,0.0025
2021-09-14 05:00:00,0.0023
2021-09-14 06:00:00,0.0022
2021-09-14 07:00:00,0.0017
2021-09-14 08:00:00,0.0012
2021-09-14 09:00:00,0.0013
2021-09-14 10:00:00,0.0008
2021-09-14 11:00:00,0.0006
2021-09-14 12:00:00,0.0007
2021-09-14 13:00:00,0.0002
2021-09-14 14:00:00,0.0022
2021-09-14 15:00:00,0.0164
2021-09-14 16:00:00,0.0343
2021-09-14 17:00:00,0.0216
2021-09-14 18:00:00,0.011
2021-09-14 19:00:00,0.0106
2021-09-14 20:00:00,0.0167
2021-09-14 21:00:00,0.0191
2021-09-14 22:00:00,0.0216
2021-09-14 23:00:00,0.0232
2021-09-15 00:00:00,0.0195
2021-09-15 01:00:00,0.0151
2021-09-15 02:00:00,0.0118
2021-09-15 03:00:00,0.0113
2021-09-15 04:00:00,0.0075
2021-09-15 05:00:00,0.0004
2021-09-15 06:00:00,0.0
2021-09-15 07:00:00,0.0
2021-09-15 08:00:00,0.0001
2021-09-15 09:00:00,0.0005
2021-09-15 10:00:00,0.0007
2021-09-15 11:00:00,0.0006
2021-09-15 12:00:00,0.0004
2021-09-15 13:00:00,0.0005
2021-09-15 14:00:00,0.0015
2021-09-15 15:00:00,0.0073
2021-09-15 16:00:00,0.0267
2021-09-15 17:00:00,0.056
2021-09-15 18:00:00,0.0675
2021-09-15 19:00:00,0.064
2021-09-15 20:00:00,0.0585
2021-09-15 21:00:00,0.0531
2021-09-15 22:00:00,0.0503
2021-09-15 23:00:00,0.0489
2021-09-16 00:00:00,0.0481
2021-09-16 01:00:00,0.0424
2021-09-16 02:00:00,0.0361
2021-09-16 03:00:00,0.0294
2021-09-16 04:00:00,0.0245
2021-09-16 05:00:00,0.0309
2021-09-16 06:00:00,0.0484
2021-09-16 07:00:00,0.0701
2021-09-16 08:00:00,0.0993
2021-09-16 09:00:00,0.1237
2021-09-16 10:00:00,0.1491
2021-09-16 11:00:00,0.1641
2021-09-16 12:00:00,0.1793
2021-09-16 13:00:00,0.1841
2021-09-16 14:00:00,0.1867
2021-09-16 15:00:00,0.1878
2021-09-16 16:00:00,0.174
2021-09-16 17:00:00,0.1534
2021-09-16 18:00:00,0.1273
2021-09-16 19:00:00,0.0966
2021-09-16 20:00:00,0.0704
2021-09-16 21:00:00,0.0531
2021-09-16 22:00:00,0.0444
2021-09-16 23:00:00,0.0397
2021-09-17 00:00:00,0.0345
2021-09-17 01:00:00,0.0262
2021-09-17 02:00:00,0.0181
2021-09-17 03:00:00,0.0105
2021-09-17 04:00:00,0.006
2021-09-17 05:00:00,0.0016
2021-09-17 06:00:00,0.0009
2021-09-17 07:00:00,0.0004
2021-09-17 08:00:00,0.0001
2021-09-17 09:00:00,0.0
2021-09-17 10:00:00,0.0
2021-09-17 11:00:00,0.0
2021-09-17 12:00:00,0.0003
2021-09-17 13:00:00,0.0036
2021-09-17 14:00:00,0.0149
2021-09-17 15:00:00,0.0406
2021-09-17 16:00:00,0.0626
2021-09-17 17:00:00,0.0683
2021-09-17 18:00:00,0.0669
2021-09-17 19:00:00,0.0621
2021-09-17 20:00:00,0.0548
2021-09-17 21:00:00,0.0424
2021-09-17 22:00:00,0.0287
2021-09-17 23:00:00,0.0179
2021-09-18 00:00:00,0.0115
2021-09-18 01:00:00,0.008
2021-09-18 02:00:00,0.0059
2021-09-18 03:00:00,0.0041
2021-09-18 04:00:00,0.0031
2021-09-18 05:00:00,0.003
2021-09-18 06:00:00,0.0031
2021-09-18 07:00:00,0.002
2021-09-18 08:00:00,0.0007
2021-09-18 09:00:00,0.0001
2021-09-18 10:00:00,0.0
2021-09-18 11:00:00,0.0
2021-09-18 12:00:00,0.0
2021-09-18 13:00:00,0.0016
2021-09-18 14:00:00,0.0341
2021-09-18 15:00:00,0.0842
2021-09-18 16:00:00,0.0977
2021-09-18 17:00:00,0.0932
2021-09-18 18:00:00,0.0789
2021-09-18 19:00:00,0.0605
2021-09-18 20:00:00,0.0469
2021-09-18 21:00:00,0.037
2021-09-18 22:00:00,0.0292
2021-09-18 23:00:00,0.0243
2021-09-19 00:00:00,0.0223
2021-09-19 01:00:00,0.0235
2021-09-19 02:00:00,0.0232
2021-09-19 03:00:00,0.02
2021-09-19 04:00:00,0.0154
2021-09-19 05:00:00,0.0055
2021-09-19 06:00:00,0.0008
2021-09-19 07:00:00,0.0
2021-09-19 08:00:00,0.0001
2021-09-19 09:00:00,0.0009
2021-09-19 10:00:00,0.003
2021-09-19 11:00:00,0.0125
2021-09-19 12:00:00,0.0288
2021-09-19 13:00:00,0.0558
2021-09-19 14:00:00,0.0978
2021-09-19 15:00:00,0.1325
2021-09-19 16:00:00,0.1426
2021-09-19 17:00:00,0.1384
2021-09-19 18:00:00,0.1271
2021-09-19 19:00:00,0.1232
2021-09-19 20:00:00,0.126
2021-09-19 21:00:00,0.1382
2021-09-19 22:00:00,0.1581
2021-09-19 23:00:00,0.1745
2021-09-20 00:00:00,0.1713
2021-09-20 01:00:00,0.143
2021-09-20 02:00:00,0.111
2021-09-20 03:00:00,0.0895
2021-09-20 04:00:00,0.0775
2021-09-20 05:00:00,0.075
2021-09-20 06:00:00,0.0721
2021-09-20 07:00:00,0.0688
2021-09-20 08:00:00,0.0708
2021-09-20 09:00:00,0.0821
2021-09-20 10:00:00,0.1036
2021-09-20 11:00:00,0.1348
2021-09-20 12:00:00,0.1736
2021-09-20 13:00:00,0.2029
2021-09-20 14:00:00,0.2235
2021-09-20 15:00:00,0.2215
2021-09-20 16:00:00,0.2028
2021-09-20 17:00:00,0.1797
2021-09-20 18:00:00,0.1509
2021-09-20 19:00:00,0.1207
2021-09-20 20:00:00,0.1003
2021-09-20 21:00:00,0.0937
2021-09-20 22:00:00,0.1097
2021-09-20 23:00:00,0.148
2021-09-21 00:00:00,0.172
2021-09-21 01:00:00,0.1598
2021-09-21 02:00:00,0.1217
2021-09-21 03:00:00,0.0698
2021-09-21 04:00:00,0.0221
2021-09-21 05:00:00,0.0049
2021-09-21 06:00:00,0.0037
2021-09-21 07:00:00,0.0032
2021-09-21 08:00:00,0.0025
2021-09-21 09:00:00,0.0014
2021-09-21 10:00:00,0.0008
2021-09-21 11:00:00,0.0002
2021-09-21 12:00:00,0.0002
2021-09-21 13:00:00,0.0004
2021-09-21 14:00:00,0.0002
2021-09-21 15:00:00,0.0004
2021-09-21 16:00:00,0.0043
2021-09-21 17:00:00,0.0132
2021-09-21 18:00:00,0.0264
2021-09-21 19:00:00,0.0445
2021-09-21 20:00:00,0.0676
2021-09-21 21:00:00,0.0941
2021-09-21 22:00:00,0.1125
2021-09-21 23:00:00,0.126
2021-09-22 00:00:00,0.1218
2021-09-22 01:00:00,0.1112
2021-09-22 02:00:00,0.1083
2021-09-22 03:00:00,0.1126
2021-09-22 04:00:00,0.1261
2021-09-22 05:00:00,0.1434
2021-09-22 06:00:00,0.1209
2021-09-22 07:00:00,0.0617
2021-09-22 08:00:00,0.0069
2021-09-22 09:00:00,0.0004
2021-09-22 10:00:00,0.0
2021-09-22 11:00:00,0.0
2021-09-22 12:00:00,0.0
2021-09-22 13:00:00,0.0056
2021-09-22 14:00:00,0.0239
2021-09-22 15:00:00,0.0629
2021-09-22 16:00:00,0.0639
2021-09-22 17:00:00,0.0612
2021-09-22 18:00:00,0.0776
2021-09-22 19:00:00,0.1023
2021-09-22 20:00:00,0.124
2021-09-22 21:00:00,0.134
2021-09-22 22:00:00,0.1286
2021-09-22 23:00:00,0.1154
2021-09-23 00:00:00,0.1063
2021-09-23 01:00:00,0.0922
2021-09-23 02:00:00,0.0752
2021-09-23 03:00:00,0.0595
2021-09-23 04:00:00,0.0506
2021-09-23 05:00:00,0.0498
2021-09-23 06:00:00,0.0552
2021-09-23 07:00:00,0.0614
2021-09-23 08:00:00,0.0762
2021-09-23 09:00:00,0.0838
2021-09-23 10:00:00,0.088
2021-09-23 11:00:00,0.0851
2021-09-23 12:00:00,0.085
2021-09-23 13:00:00,0.0839
2021-09-23 14:00:00,0.0861
2021-09-23 15:00:00,0.0944
2021-09-23 16:00:00,0.0967
2021-09-23 17:00:00,0.0993
2021-09-23 18:00:00,0.0979
2021-09-23 19:00:00,0.0918
2021-09-23 20:00:00,0.0879
2021-09-23 21:00:00,0.0823
2021-09-23 22:00:00,0.0766
2021-09-23 23:00:00,0.0672
2021-09-24 00:00:00,0.0537
2021-09-24 01:00:00,0.0381
2021-09-24 02:00:00,0.0229
2021-09-24 03:00:00,0.0132
2021-09-24 04:00:00,0.0058
2021-09-24 05:00:00,0.0
2021-09-24 06:00:00,0.0
2021-09-24 07:00:00,0.0
2021-09-24 08:00:00,0.0
2021-09-24 09:00:00,0.0
2021-09-24 10:00:00,0.0
2021-09-24 11:00:00,0.0
2021-09-24 12:00:00,0.0
2021-09-24 13:00:00,0.0001
2021-09-24 14:00:00,0.0042
2021-09-24 15:00:00,0.034
2021-09-24 16:00:00,0.0513
2021-09-24 17:00:00,0.0457
2021-09-24 18:00:00,0.0367
2021-09-24 19:00:00,0.0282
2021-09-24 20:00:00,0.0228
2021-09-24 21:00:00,0.0174
2021-09-24 22:00:00,0.0112
2021-09-24 23:00:00,0.0074
2021-09-25 00:00:00,0.0019
2021-09-25 01:00:00,0.0002
2021-09-25 02:00:00,0.0005
2021-09-25 03:00:00,0.0019
2021-09-25 04:00:00,0.0044
2021-09-25 05:00:00,0.0028
2021-09-25 06:00:00,0.0017
2021-09-25 07:00:00,0.0013
2021-09-25 08:00:00,0.0059
2021-09-25 09:00:00,0.0161
2021-09-25 10:00:00,0.0229
2021-09-25 11:00:00,0.0326
2021-09-25 12:00:00,0.0424
2021-09-25 13:00:00,0.053
2021-09-25 14:00:00,0.0618
2021-09-25 15:00:00,0.0571
2021-09-25 16:00:00,0.0421
2021-09-25 17:00:00,0.0298
2021-09-25 18:00:00,0.0247
2021-09-25 19:00:00,0.0234
2021-09-25 20:00:00,0.0231
2021-09-25 21:00:00,0.0219
2021-09-25 22:00:00,0.0197
2021-09-25 23:00:00,0.017
2021-09-26 00:00:00,0.014
2021-09-26 01:00:00,0.0108
2021-09-26 02:00:00,0.0096
2021-09-26 03:00:00,0.0069
2021-09-26 04:00:00,0.0028
2021-09-26 05:00:00,0.0003
2021-09-26 06:00:00,0.0
2021-09-26 07:00:00,0.0
2021-09-26 08:00:00,0.0
2021-09-26 09:00:00,0.0005
2021-09-26 10:00:00,0.0018
2021-09-26 11:00:00,0.0028
2021-09-26 12:00:00,0.0055
2021-09-26 13:00:00,0.0122
2021-09-26 14:00:00,0.0261
2021-09-26 15:00:00,0.0471
2021-09-26 16:00:00,0.0406
2021-09-26 17:00:00,0.0314
2021-09-26 18:00:00,0.0247
2021-09-26 19:00:00,0.0227
2021-09-26 20:00:00,0.0247
2021-09-26 21:00:00,0.0258
2021-09-26 22:00:00,0.0234
2021-09-26 23:00:00,0.0183
2021-09-27 00:00:00,0.0122
2021-09-27 01:00:00,0.0066
2021-09-27 02:00:00,0.0024
2021-09-27 03:00:00,0.0005
2021-09-27 04:00:00,0.0
2021-09-27 05:00:00,0.0
2021-09-27 06:00:00,0.0
2021-09-27 07:00:00,0.0
2021-09-27 08:00:00,0.0
2021-09-27 09:00:00,0.0
2021-09-27 10:00:00,0.0
2021-09-27 11:00:00,0.0
2021-09-27 12:00:00,0.0
2021-09-27 13:00:00,0.0
2021-09-27 14:00:00,0.0102
2021-09-27 15:00:00,0.0512
2021-09-27 16:00:00,0.0759
2021-09-27 17:00:00,0.0788
2021-09-27 18:00:00,0.0759
2021-09-27 19:00:00,0.0716
2021-09-27 20:00:00,0.065
2021-09-27 21:00:00,0.0599
2021-09-27 22:00:00,0.0573
2021-09-27 23:00:00,0.0571
2021-09-28 00:00:00,0.0565
2021-09-28 01:00:00,0.0514
2021-09-28 02:00:00,0.0407
2021-09-28 03:00:00,0.0285
2021-09-28 04:00:00,0.016
2021-09-28 05:00:00,0.0053
2021-09-28 06:00:00,0.0027
2021-09-28 07:00:00,0.002
2021-09-28 08:00:00,0.0008
2021-09-28 09:00:00,0.0001
2021-09-28 10:00:00,0.0011
2021-09-28 11:00:00,0.0131
2021-09-28 12:00:00,0.0353
2021-09-28 13:00:00,0.053
2021-09-28 14:00:00,0.0702
2021-09-28 15:00:00,0.087
2021-09-28 16:00:00,0.0806
2021-09-28 17:00:00,0.0735
2021-09-28 18:00:00,0.0675
2021-09-28 19:00:00,0.0615
2021-09-28 20:00:00,0.0551
2021-09-28 21:00:00,0.0553
2021-09-28 22:00:00,0.0568
2021-09-28 23:00:00,0.052
2021-09-29 00:00:00,0.0425
2021-09-29 01:00:00,0.0314
2021-09-29 02:00:00,0.0201
2021-09-29 03:00:00,0.0092
2021-09-29 04:00:00,0.0037
2021-09-29 05:00:00,0.0021
2021-09-29 06:00:00,0.0002
2021-09-29 07:00:00,0.0
2021-09-29 08:00:00,0.0
2021-09-29 09:00:00,0.0
2021-09-29 10:00:00,0.0004
2021-09-29 11:00:00,0.0014
2021-09-29 12:00:00,0.0022
2021-09-29 13:00:00,0.0053
2021-09-29 14:00:00,0.0083
2021-09-29 15:00:00,0.0286
2021-09-29 16:00:00,0.0448
2021-09-29 17:00:00,0.0439
2021-09-29 18:00:00,0.0407
2021-09-29 19:00:00,0.0378
2021-09-29 20:00:00,0.0334
2021-09-29 21:00:00,0.032
2021-09-29 22:00:00,0.0313
2021-09-29 23:00:00,0.0299
2021-09-30 00:00:00,0.0279
2021-09-30 01:00:00,0.0261
2021-09-30 02:00:00,0.024
2021-09-30 03:00:00,0.0137
2021-09-30 04:00:00,0.0058
2021-09-30 05:00:00,0.0006
2021-09-30 06:00:00,0.0
2021-09-30 07:00:00,0.0
2021-09-30 08:00:00,0.0
2021-09-30 09:00:00,0.0
2021-09-30 10:00:00,0.0
2021-09-30 11:00:00,0.0003
2021-09-30 12:00:00,0.0038
2021-09-30 13:00:00,0.0186
2021-09-30 14:00:00,0.0359
2021-09-30 15:00:00,0.0697
2021-09-30 16:00:00,0.0727
2021-09-30 17:00:00,0.0695
2021-09-30 18:00:00,0.0668
2021-09-30 19:00:00,0.0649
2021-09-30 20:00:00,0.0651
2021-09-30 21:00:00,0.0636
2021-09-30 22:00:00,0.0571
2021-09-30 23:00:00,0.0483
2021-10-01 00:00:00,0.0386
2021-10-01 01:00:00,0.0251
2021-10-01 02:00:00,0.0121
2021-10-01 03:00:00,0.004
2021-10-01 04:00:00,0.0007
2021-10-01 05:00:00,0.0
2021-10-01 06:00:00,0.0
2021-10-01 07:00:00,0.0
2021-10-01 08:00:00,0.0
2021-10-01 09:00:00,0.0
2021-10-01 10:00:00,0.0
2021-10-01 11:00:00,0.0
2021-10-01 12:00:00,0.0
2021-10-01 13:00:00,0.0001
2021-10-01 14:00:00,0.0068
2021-10-01 15:00:00,0.0501
2021-10-01 16:00:00,0.0673
2021-10-01 17:00:00,0.0667
2021-10-01 18:00:00,0.0583
2021-10-01 19:00:00,0.0469
2021-10-01 20:00:00,0.0385
2021-10-01 21:00:00,0.032
2021-10-01 22:00:00,0.0271
2021-10-01 23:00:00,0.0244
2021-10-02 00:00:00,0.0214
2021-10-02 01:00:00,0.0175
2021-10-02 02:00:00,0.0139
2021-10-02 03:00:00,0.0106
2021-10-02 04:00:00,0.0078
2021-10-02 05:00:00,0.0
2021-10-02 06:00:00,0.0
2021-10-02 07:00:00,0.0
2021-10-02 08:00:00,0.0
2021-10-02 09:00:00,0.0
2021-10-02 10:00:00,0.0001
2021-10-02 11:00:00,0.0012
2021-10-02 12:00:00,0.0082
2021-10-02 13:00:00,0.0204
2021-10-02 14:00:00,0.047
2021-10-02 15:00:00,0.0713
2021-10-02 16:00:00,0.059
2021-10-02 17:00:00,0.0513
2021-10-02 18:00:00,0.0428
2021-10-02 19:00:00,0.0382
2021-10-02 20:00:00,0.0343
2021-10-02 21:00:00,0.0317
2021-10-02 22:00:00,0.0298
2021-10-02 23:00:00,0.0273
2021-10-03 00:00:00,0.0242
2021-10-03 01:00:00,0.0205
2021-10-03 02:00:00,0.0176
2021-10-03 03:00:00,0.0166
2021-10-03 04:00:00,0.015
2021-10-03 05:00:00,0.0035
2021-10-03 06:00:00,0.0015
2021-10-03 07:00:00,0.0006
2021-10-03 08:00:00,0.0009
2021-10-03 09:00:00,0.0017
2021-10-03 10:00:00,0.004
2021-10-03 11:00:00,0.0173
2021-10-03 12:00:00,0.0433
2021-10-03 13:00:00,0.0621
2021-10-03 14:00:00,0.0749
2021-10-03 15:00:00,0.0733
2021-10-03 16:00:00,0.0549
2021-10-03 17:00:00,0.0432
2021-10-03 18:00:00,0.0389
2021-10-03 19:00:00,0.0367
2021-10-03 20:00:00,0.035
2021-10-03 21:00:00,0.0277
2021-10-03 22:00:00,0.0209
2021-10-03 23:00:00,0.0145
2021-10-04 00:00:00,0.0081
2021-10-04 01:00:00,0.0029
2021-10-04 02:00:00,0.0006
2021-10-04 03:00:00,0.0
2021-10-04 04:00:00,0.0
2021-10-04 05:00:00,0.0
2021-10-04 06:00:00,0.0
2021-10-04 07:00:00,0.0
2021-10-04 08:00:00,0.0
2021-10-04 09:00:00,0.0
2021-10-04 10:00:00,0.0
2021-10-04 11:00:00,0.0
2021-10-04 12:00:00,0.0004
2021-10-04 13:00:00,0.0096
2021-10-04 14:00:00,0.0412
2021-10-04 15:00:00,0.0689
2021-10-04 16:00:00,0.0752
2021-10-04 17:00:00,0.0686
2021-10-04 18:00:00,0.0566
2021-10-04 19:00:00,0.0454
2021-10-04 20:00:00,0.0342
2021-10-04 21:00:00,0.0213
2021-10-04 22:00:00,0.0096
2021-10-04 23:00:00,0.0026
2021-10-05 00:00:00,0.0003
2021-10-05 01:00:00,0.0
2021-10-05 02:00:00,0.0
2021-10-05 03:00:00,0.0
2021-10-05 04:00:00,0.0005
2021-10-05 05:00:00,0.0003
2021-10-05 06:00:00,0.0006
2021-10-05 07:00:00,0.0008
2021-10-05 08:00:00,0.0001
2021-10-05 09:00:00,0.0
2021-10-05 10:00:00,0.0025
2021-10-05 11:00:00,0.019
2021-10-05 12:00:00,0.0301
2021-10-05 13:00:00,0.0432
2021-10-05 14:00:00,0.0546
2021-10-05 15:00:00,0.0549
2021-10-05 16:00:00,0.0494
2021-10-05 17:00:00,0.0535
2021-10-05 18:00:00,0.0681
2021-10-05 19:00:00,0.0856
2021-10-05 20:00:00,0.1064
2021-10-05 21:00:00,0.1343
2021-10-05 22:00:00,0.1704
2021-10-05 23:00:00,0.2192
2021-10-06 00:00:00,0.2474
2021-10-06 01:00:00,0.247
2021-10-06 02:00:00,0.2398
2021-10-06 03:00:00,0.2285
2021-10-06 04:00:00,0.2164
2021-10-06 05:00:00,0.2377
2021-10-06 06:00:00,0.2829
2021-10-06 07:00:00,0.3255
2021-10-06 08:00:00,0.3594
2021-10-06 09:00:00,0.3841
2021-10-06 10:00:00,0.3968
2021-10-06 11:00:00,0.395
2021-10-06 12:00:00,0.3831
2021-10-06 13:00:00,0.3672
2021-10-06 14:00:00,0.3494
2021-10-06 15:00:00,0.3316
2021-10-06 16:00:00,0.3107
2021-10-06 17:00:00,0.2905
2021-10-06 18:00:00,0.2739
2021-10-06 19:00:00,0.2613
2021-10-06 20:00:00,0.2454
2021-10-06 21:00:00,0.2355
2021-10-06 22:00:00,0.2247
2021-10-06 23:00:00,0.2148
2021-10-07 00:00:00,0.2
2021-10-07 01:00:00,0.1744
2021-10-07 02:00:00,0.1455
2021-10-07 03:00:00,0.1186
2021-10-07 04:00:00,0.1002
2021-10-07 05:00:00,0.0899
2021-10-07 06:00:00,0.0879
2021-10-07 07:00:00,0.0941
2021-10-07 08:00:00,0.1037
2021-10-07 09:00:00,0.1108
2021-10-07 10:00:00,0.1082
2021-10-07 11:00:00,0.1034
2021-10-07 12:00:00,0.0989
2021-10-07 13:00:00,0.0916
2021-10-07 14:00:00,0.0769
2021-10-07 15:00:00,0.0603
2021-10-07 16:00:00,0.0435
2021-10-07 17:00:00,0.0271
2021-10-07 18:00:00,0.0119
2021-10-07 19:00:00,0.0019
2021-10-07 20:00:00,0.0001
2021-10-07 21:00:00,0.0
2021-10-07 22:00:00,0.0
2021-10-07 23:00:00,0.0
2021-10-08 00:00:00,0.0
2021-10-08 01:00:00,0.0
2021-10-08 02:00:00,0.0
2021-10-08 03:00:00,0.0003
2021-10-08 04:00:00,0.0009
2021-10-08 05:00:00,0.002
2021-10-08 06:00:00,0.0037
2021-10-08 07:00:00,0.0035
2021-10-08 08:00:00,0.0021
2021-10-08 09:00:00,0.0007
2021-10-08 10:00:00,0.0
2021-10-08 11:00:00,0.0
2021-10-08 12:00:00,0.0
2021-10-08 13:00:00,0.0104
2021-10-08 14:00:00,0.0618
2021-10-08 15:00:00,0.1003
2021-10-08 16:00:00,0.1216
2021-10-08 17:00:00,0.1254
2021-10-08 18:00:00,0.1103
2021-10-08 19:00:00,0.0923
2021-10-08 20:00:00,0.0849
2021-10-08 21:00:00,0.0847
2021-10-08 22:00:00,0.0857
2021-10-08 23:00:00,0.0909
2021-10-09 00:00:00,0.0968
2021-10-09 01:00:00,0.1005
2021-10-09 02:00:00,0.1005
2021-10-09 03:00:00,0.0929
2021-10-09 04:00:00,0.0759
2021-10-09 05:00:00,0.0604
2021-10-09 06:00:00,0.0442
2021-10-09 07:00:00,0.0258
2021-10-09 08:00:00,0.0176
2021-10-09 09:00:00,0.0168
2021-10-09 10:00:00,0.0269
2021-10-09 11:00:00,0.0412
2021-10-09 12:00:00,0.0561
2021-10-09 13:00:00,0.0751
2021-10-09 14:00:00,0.0977
2021-10-09 15:00:00,0.1175
2021-10-09 16:00:00,0.131
2021-10-09 17:00:00,0.1336
2021-10-09 18:00:00,0.1221
2021-10-09 19:00:00,0.1111
2021-10-09 20:00:00,0.1017
2021-10-09 21:00:00,0.0904
2021-10-09 22:00:00,0.0804
2021-10-09 23:00:00,0.0787
2021-10-10 00:00:00,0.0779
2021-10-10 01:00:00,0.0753
2021-10-10 02:00:00,0.058
2021-10-10 03:00:00,0.0373
2021-10-10 04:00:00,0.0179
2021-10-10 05:00:00,0.0088
2021-10-10 06:00:00,0.0004
2021-10-10 07:00:00,0.0
2021-10-10 08:00:00,0.0
2021-10-10 09:00:00,0.0
2021-10-10 10:00:00,0.0
2021-10-10 11:00:00,0.0
2021-10-10 12:00:00,0.0
2021-10-10 13:00:00,0.0002
2021-10-10 14:00:00,0.0046
2021-10-10 15:00:00,0.0443
2021-10-10 16:00:00,0.0716
2021-10-10 17:00:00,0.0834
2021-10-10 18:00:00,0.0813
2021-10-10 19:00:00,0.0661
2021-10-10 20:00:00,0.0499
2021-10-10 21:00:00,0.0246
2021-10-10 22:00:00,0.0066
2021-10-10 23:00:00,0.0023
2021-10-11 00:00:00,0.0018
2021-10-11 01:00:00,0.0017
2021-10-11 02:00:00,0.0007
2021-10-11 03:00:00,0.0003
2021-10-11 04:00:00,0.0007
2021-10-11 05:00:00,0.0036
2021-10-11 06:00:00,0.0111
2021-10-11 07:00:00,0.0206
2021-10-11 08:00:00,0.0193
2021-10-11 09:00:00,0.0177
2021-10-11 10:00:00,0.019
2021-10-11 11:00:00,0.0203
2021-10-11 12:00:00,0.0216
2021-10-11 13:00:00,0.02
2021-10-11 14:00:00,0.0171
2021-10-11 15:00:00,0.0227
2021-10-11 16:00:00,0.0311
2021-10-11 17:00:00,0.0337
2021-10-11 18:00:00,0.0336
2021-10-11 19:00:00,0.0257
2021-10-11 20:00:00,0.0213
2021-10-11 21:00:00,0.0188
2021-10-11 22:00:00,0.0103
2021-10-11 23:00:00,0.0084
2021-10-12 00:00:00,0.0119
2021-10-12 01:00:00,0.015
2021-10-12 02:00:00,0.013
2021-10-12 03:00:00,0.0127
2021-10-12 04:00:00,0.0201
2021-10-12 05:00:00,0.0282
2021-10-12 06:00:00,0.0523
2021-10-12 07:00:00,0.0592
2021-10-12 08:00:00,0.0351
2021-10-12 09:00:00,0.0091
2021-10-12 10:00:00,0.0046
2021-10-12 11:00:00,0.0033
2021-10-12 12:00:00,0.011
2021-10-12 13:00:00,0.029
2021-10-12 14:00:00,0.0447
2021-10-12 15:00:00,0.0418
2021-10-12 16:00:00,0.0353
2021-10-12 17:00:00,0.0307
2021-10-12 18:00:00,0.0338
2021-10-12 19:00:00,0.0467
2021-10-12 20:00:00,0.0596
2021-10-12 21:00:00,0.0723
2021-10-12 22:00:00,0.0835
2021-10-12 23:00:00,0.0976
2021-10-13 00:00:00,0.1055
2021-10-13 01:00:00,0.1042
2021-10-13 02:00:00,0.1053
2021-10-13 03:00:00,0.1115
2021-10-13 04:00:00,0.1177
2021-10-13 05:00:00,0.1249
2021-10-13 06:00:00,0.1894
2021-10-13 07:00:00,0.1754
2021-10-13 08:00:00,0.1255
2021-10-13 09:00:00,0.0714
2021-10-13 10:00:00,0.0221
2021-10-13 11:00:00,0.0185
2021-10-13 12:00:00,0.033
2021-10-13 13:00:00,0.0526
2021-10-13 14:00:00,0.0753
2021-10-13 15:00:00,0.0979
2021-10-13 16:00:00,0.1045
2021-10-13 17:00:00,0.1027
2021-10-13 18:00:00,0.1091
2021-10-13 19:00:00,0.1267
2021-10-13 20:00:00,0.1404
2021-10-13 21:00:00,0.1618
2021-10-13 22:00:00,0.195
2021-10-13 23:00:00,0.234
2021-10-14 00:00:00,0.2648
2021-10-14 01:00:00,0.2817
2021-10-14 02:00:00,0.2885
2021-10-14 03:00:00,0.2885
2021-10-14 04:00:00,0.2835
2021-10-14 05:00:00,0.2676
2021-10-14 06:00:00,0.2624
2021-10-14 07:00:00,0.2823
2021-10-14 08:00:00,0.2638
2021-10-14 09:00:00,0.2317
2021-10-14 10:00:00,0.1847
2021-10-14 11:00:00,0.1418
2021-10-14 12:00:00,0.1063
2021-10-14 13:00:00,0.0741
2021-10-14 14:00:00,0.0494
2021-10-14 15:00:00,0.03
2021-10-14 16:00:00,0.0146
2021-10-14 17:00:00,0.0073
2021-10-14 18:00:00,0.0068
2021-10-14 19:00:00,0.0084
2021-10-14 20:00:00,0.0103
2021-10-14 21:00:00,0.0162
2021-10-14 22:00:00,0.0273
2021-10-14 23:00:00,0.0514
2021-10-15 00:00:00,0.0705
2021-10-15 01:00:00,0.0941
2021-10-15 02:00:00,0.1263
2021-10-15 03:00:00,0.1606
2021-10-15 04:00:00,0.1597
2021-10-15 05:00:00,0.0998
2021-10-15 06:00:00,0.0606
2021-10-15 07:00:00,0.066
2021-10-15 08:00:00,0.1021
2021-10-15 09:00:00,0.088
2021-10-15 10:00:00,0.0335
2021-10-15 11:00:00,0.0048
2021-10-15 12:00:00,0.0
2021-10-15 13:00:00,0.0001
2021-10-15 14:00:00,0.0037
2021-10-15 15:00:00,0.0054
2021-10-15 16:00:00,0.0032
2021-10-15 17:00:00,0.0016
2021-10-15 18:00:00,0.0004
2021-10-15 19:00:00,0.0
2021-10-15 20:00:00,0.0
2021-10-15 21:00:00,0.003
2021-10-15 22:00:00,0.0131
2021-10-15 23:00:00,0.0299
2021-10-16 00:00:00,0.0327
2021-10-16 01:00:00,0.0343
2021-10-16 02:00:00,0.0392
2021-10-16 03:00:00,0.0252
2021-10-16 04:00:00,0.0088
2021-10-16 05:00:00,0.0043
2021-10-16 06:00:00,0.0017
2021-10-16 07:00:00,0.0002
2021-10-16 08:00:00,0.0004
2021-10-16 09:00:00,0.0007
2021-10-16 10:00:00,0.0012
2021-10-16 11:00:00,0.0068
2021-10-16 12:00:00,0.0205
2021-10-16 13:00:00,0.0208
2021-10-16 14:00:00,0.0568
2021-10-16 15:00:00,0.0847
2021-10-16 16:00:00,0.092
2021-10-16 17:00:00,0.0829
2021-10-16 18:00:00,0.0799
2021-10-16 19:00:00,0.0888
2021-10-16 20:00:00,0.1088
2021-10-16 21:00:00,0.1221
2021-10-16 22:00:00,0.123
2021-10-16 23:00:00,0.1203
2021-10-17 00:00:00,0.1132
2021-10-17 01:00:00,0.0979
2021-10-17 02:00:00,0.0749
2021-10-17 03:00:00,0.0512
2021-10-17 04:00:00,0.0279
2021-10-17 05:00:00,0.0077
2021-10-17 06:00:00,0.0
2021-10-17 07:00:00,0.0
2021-10-17 08:00:00,0.0
2021-10-17 09:00:00,0.0002
2021-10-17 10:00:00,0.0013
2021-10-17 11:00:00,0.0004
2021-10-17 12:00:00,0.0
2021-10-17 13:00:00,0.0
2021-10-17 14:00:00,0.0
2021-10-17 15:00:00,0.0247
2021-10-17 16:00:00,0.0565
2021-10-17 17:00:00,0.0681
2021-10-17 18:00:00,0.0743
2021-10-17 19:00:00,0.0765
2021-10-17 20:00:00,0.0687
2021-10-17 21:00:00,0.066
2021-10-17 22:00:00,0.059
2021-10-17 23:00:00,0.0503
2021-10-18 00:00:00,0.0426
2021-10-18 01:00:00,0.0359
2021-10-18 02:00:00,0.0293
2021-10-18 03:00:00,0.0138
2021-10-18 04:00:00,0.0033
2021-10-18 05:00:00,0.0002
2021-10-18 06:00:00,0.0
2021-10-18 07:00:00,0.0
2021-10-18 08:00:00,0.0
2021-10-18 09:00:00,0.0004
2021-10-18 10:00:00,0.0142
2021-10-18 11:00:00,0.0342
2021-10-18 12:00:00,0.0619
2021-10-18 13:00:00,0.0797
2021-10-18 14:00:00,0.0901
2021-10-18 15:00:00,0.0917
2021-10-18 16:00:00,0.0854
2021-10-18 17:00:00,0.0736
2021-10-18 18:00:00,0.0609
2021-10-18 19:00:00,0.051
2021-10-18 20:00:00,0.0444
2021-10-18 21:00:00,0.0427
2021-10-18 22:00:00,0.0468
2021-10-18 23:00:00,0.0486
2021-10-19 00:00:00,0.0524
2021-10-19 01:00:00,0.0564
2021-10-19 02:00:00,0.055
2021-10-19 03:00:00,0.0505
2021-10-19 04:00:00,0.0452
2021-10-19 05:00:00,0.0384
2021-10-19 06:00:00,0.0328
2021-10-19 07:00:00,0.0254
2021-10-19 08:00:00,0.0173
2021-10-19 09:00:00,0.0179
2021-10-19 10:00:00,0.0399
2021-10-19 11:00:00,0.0633
2021-10-19 12:00:00,0.0872
2021-10-19 13:00:00,0.1012
2021-10-19 14:00:00,0.1055
2021-10-19 15:00:00,0.1004
2021-10-19 16:00:00,0.0928
2021-10-19 17:00:00,0.0888
2021-10-19 18:00:00,0.087
2021-10-19 19:00:00,0.0831
2021-10-19 20:00:00,0.0813
2021-10-19 21:00:00,0.0787
2021-10-19 22:00:00,0.0777
2021-10-19 23:00:00,0.0731
2021-10-20 00:00:00,0.0685
2021-10-20 01:00:00,0.0681
2021-10-20 02:00:00,0.0632
2021-10-20 03:00:00,0.0486
2021-10-20 04:00:00,0.03
2021-10-20 05:00:00,0.0128
2021-10-20 06:00:00,0.0009
2021-10-20 07:00:00,0.0
2021-10-20 08:00:00,0.0
2021-10-20 09:00:00,0.0002
2021-10-20 10:00:00,0.0026
2021-10-20 11:00:00,0.009
2021-10-20 12:00:00,0.0192
2021-10-20 13:00:00,0.0312
2021-10-20 14:00:00,0.0421
2021-10-20 15:00:00,0.0387
2021-10-20 16:00:00,0.0257
2021-10-20 17:00:00,0.0124
2021-10-20 18:00:00,0.0048
2021-10-20 19:00:00,0.0019
2021-10-20 20:00:00,0.0012
2021-10-20 21:00:00,0.0018
2021-10-20 22:00:00,0.0033
2021-10-20 23:00:00,0.0037
2021-10-21 00:00:00,0.0033
2021-10-21 01:00:00,0.0024
2021-10-21 02:00:00,0.0021
2021-10-21 03:00:00,0.0017
2021-10-21 04:00:00,0.0006
2021-10-21 05:00:00,0.0
2021-10-21 06:00:00,0.0
2021-10-21 07:00:00,0.0
2021-10-21 08:00:00,0.0
2021-10-21 09:00:00,0.0
2021-10-21 10:00:00,0.0
2021-10-21 11:00:00,0.0002
2021-10-21 12:00:00,0.0013
2021-10-21 13:00:00,0.0022
2021-10-21 14:00:00,0.0045
2021-10-21 15:00:00,0.013
2021-10-21 16:00:00,0.008
2021-10-21 17:00:00,0.0053
2021-10-21 18:00:00,0.0048
2021-10-21 19:00:00,0.005
2021-10-21 20:00:00,0.0054
2021-10-21 21:00:00,0.0049
2021-10-21 22:00:00,0.0038
2021-10-21 23:00:00,0.003
2021-10-22 00:00:00,0.0043
2021-10-22 01:00:00,0.0088
2021-10-22 02:00:00,0.0167
2021-10-22 03:00:00,0.0292
2021-10-22 04:00:00,0.045
2021-10-22 05:00:00,0.0597
2021-10-22 06:00:00,0.0766
2021-10-22 07:00:00,0.0863
2021-10-22 08:00:00,0.0845
2021-10-22 09:00:00,0.0782
2021-10-22 10:00:00,0.0662
2021-10-22 11:00:00,0.0563
2021-10-22 12:00:00,0.0501
2021-10-22 13:00:00,0.0514
2021-10-22 14:00:00,0.0645
2021-10-22 15:00:00,0.0933
2021-10-22 16:00:00,0.1338
2021-10-22 17:00:00,0.1706
2021-10-22 18:00:00,0.1965
2021-10-22 19:00:00,0.2081
2021-10-22 20:00:00,0.219
2021-10-22 21:00:00,0.2248
2021-10-22 22:00:00,0.241
2021-10-22 23:00:00,0.2588
2021-10-23 00:00:00,0.2695
2021-10-23 01:00:00,0.2772
2021-10-23 02:00:00,0.2813
2021-10-23 03:00:00,0.2993
2021-10-23 04:00:00,0.3236
2021-10-23 05:00:00,0.3439
2021-10-23 06:00:00,0.384
2021-10-23 07:00:00,0.3866
2021-10-23 08:00:00,0.3743
2021-10-23 09:00:00,0.3422
2021-10-23 10:00:00,0.297
2021-10-23 11:00:00,0.274
2021-10-23 12:00:00,0.2651
2021-10-23 13:00:00,0.2659
2021-10-23 14:00:00,0.2647
2021-10-23 15:00:00,0.2434
2021-10-23 16:00:00,0.2107
2021-10-23 17:00:00,0.1723
2021-10-23 18:00:00,0.1363
2021-10-23 19:00:00,0.1167
2021-10-23 20:00:00,0.091
2021-10-23 21:00:00,0.0668
2021-10-23 22:00:00,0.0571
2021-10-23 23:00:00,0.0576
2021-10-24 00:00:00,0.0622
2021-10-24 01:00:00,0.0824
2021-10-24 02:00:00,0.1167
2021-10-24 03:00:00,0.1424
2021-10-24 04:00:00,0.1389
2021-10-24 05:00:00,0.1394
2021-10-24 06:00:00,0.1882
2021-10-24 07:00:00,0.2902
2021-10-24 08:00:00,0.3802
2021-10-24 09:00:00,0.3952
2021-10-24 10:00:00,0.3695
2021-10-24 11:00:00,0.3474
2021-10-24 12:00:00,0.3319
2021-10-24 13:00:00,0.3219
2021-10-24 14:00:00,0.3071
2021-10-24 15:00:00,0.2679
2021-10-24 16:00:00,0.2396
2021-10-24 17:00:00,0.2227
2021-10-24 18:00:00,0.2117
2021-10-24 19:00:00,0.1994
2021-10-24 20:00:00,0.1824
2021-10-24 21:00:00,0.163
2021-10-24 22:00:00,0.132
2021-10-24 23:00:00,0.1063
2021-10-25 00:00:00,0.0944
2021-10-25 01:00:00,0.1006
2021-10-25 02:00:00,0.1331
2021-10-25 03:00:00,0.1801
2021-10-25 04:00:00,0.2072
2021-10-25 05:00:00,0.2051
2021-10-25 06:00:00,0.2023
2021-10-25 07:00:00,0.2009
2021-10-25 08:00:00,0.1926
2021-10-25 09:00:00,0.1724
2021-10-25 10:00:00,0.1523
2021-10-25 11:00:00,0.1443
2021-10-25 12:00:00,0.1385
2021-10-25 13:00:00,0.1266
2021-10-25 14:00:00,0.1137
2021-10-25 15:00:00,0.0981
2021-10-25 16:00:00,0.0818
2021-10-25 17:00:00,0.061
2021-10-25 18:00:00,0.0376
2021-10-25 19:00:00,0.0171
2021-10-25 20:00:00,0.0098
2021-10-25 21:00:00,0.0139
2021-10-25 22:00:00,0.0254
2021-10-25 23:00:00,0.0425
2021-10-26 00:00:00,0.0655
2021-10-26 01:00:00,0.0884
2021-10-26 02:00:00,0.1037
2021-10-26 03:00:00,0.1152
2021-10-26 04:00:00,0.1195
2021-10-26 05:00:00,0.1158
2021-10-26 06:00:00,0.1183
2021-10-26 07:00:00,0.1102
2021-10-26 08:00:00,0.091
2021-10-26 09:00:00,0.0557
2021-10-26 10:00:00,0.0202
2021-10-26 11:00:00,0.0077
2021-10-26 12:00:00,0.006
2021-10-26 13:00:00,0.0117
2021-10-26 14:00:00,0.0316
2021-10-26 15:00:00,0.0637
2021-10-26 16:00:00,0.0735
2021-10-26 17:00:00,0.0658
2021-10-26 18:00:00,0.0555
2021-10-26 19:00:00,0.0502
2021-10-26 20:00:00,0.0496
2021-10-26 21:00:00,0.0519
2021-10-26 22:00:00,0.0522
2021-10-26 23:00:00,0.0498
2021-10-27 00:00:00,0.0403
2021-10-27 01:00:00,0.0286
2021-10-27 02:00:00,0.0187
2021-10-27 03:00:00,0.0086
2021-10-27 04:00:00,0.0035
2021-10-27 05:00:00,0.002
2021-10-27 06:00:00,0.0022
2021-10-27 07:00:00,0.0021
2021-10-27 08:00:00,0.0015
2021-10-27 09:00:00,0.0001
2021-10-27 10:00:00,0.0
2021-10-27 11:00:00,0.0
2021-10-27 12:00:00,0.0
2021-10-27 13:00:00,0.0
2021-10-27 14:00:00,0.0
2021-10-27 15:00:00,0.0001
2021-10-27 16:00:00,0.0
2021-10-27 17:00:00,0.0
2021-10-27 18:00:00,0.0
2021-10-27 19:00:00,0.0003
2021-10-27 20:00:00,0.0013
2021-10-27 21:00:00,0.0017
2021-10-27 22:00:00,0.0014
2021-10-27 23:00:00,0.0008
2021-10-28 00:00:00,0.0003
2021-10-28 01:00:00,0.0001
2021-10-28 02:00:00,0.0
2021-10-28 03:00:00,0.0
2021-10-28 04:00:00,0.0
2021-10-28 05:00:00,0.0002
2021-10-28 06:00:00,0.0014
2021-10-28 07:00:00,0.0026
2021-10-28 08:00:00,0.0036
2021-10-28 09:00:00,0.0019
2021-10-28 10:00:00,0.0
2021-10-28 11:00:00,0.0
2021-10-28 12:00:00,0.0
2021-10-28 13:00:00,0.0
2021-10-28 14:00:00,0.0009
2021-10-28 15:00:00,0.0016
2021-10-28 16:00:00,0.0018
2021-10-28 17:00:00,0.0015
2021-10-28 18:00:00,0.0008
2021-10-28 19:00:00,0.0003
2021-10-28 20:00:00,0.0001
2021-10-28 21:00:00,0.0003
2021-10-28 22:00:00,0.0012
2021-10-28 23:00:00,0.0023
2021-10-29 00:00:00,0.0055
2021-10-29 01:00:00,0.0111
2021-10-29 02:00:00,0.0151
2021-10-29 03:00:00,0.0143
2021-10-29 04:00:00,0.0084
2021-10-29 05:00:00,0.0029
2021-10-29 06:00:00,0.0006
2021-10-29 07:00:00,0.0009
2021-10-29 08:00:00,0.0015
2021-10-29 09:00:00,0.0033
2021-10-29 10:00:00,0.0091
2021-10-29 11:00:00,0.0262
2021-10-29 12:00:00,0.0403
2021-10-29 13:00:00,0.0503
2021-10-29 14:00:00,0.0492
2021-10-29 15:00:00,0.0471
2021-10-29 16:00:00,0.0474
2021-10-29 17:00:00,0.0546
2021-10-29 18:00:00,0.0677
2021-10-29 19:00:00,0.0832
2021-10-29 20:00:00,0.0964
2021-10-29 21:00:00,0.113
2021-10-29 22:00:00,0.1244
2021-10-29 23:00:00,0.1251
2021-10-30 00:00:00,0.1164
2021-10-30 01:00:00,0.0997
2021-10-30 02:00:00,0.0791
2021-10-30 03:00:00,0.0571
2021-10-30 04:00:00,0.0365
2021-10-30 05:00:00,0.0234
2021-10-30 06:00:00,0.0066
2021-10-30 07:00:00,0.0023
2021-10-30 08:00:00,0.0007
2021-10-30 09:00:00,0.0002
2021-10-30 10:00:00,0.0006
2021-10-30 11:00:00,0.0043
2021-10-30 12:00:00,0.014
2021-10-30 13:00:00,0.0376
2021-10-30 14:00:00,0.0647
2021-10-30 15:00:00,0.0574
2021-10-30 16:00:00,0.0436
2021-10-30 17:00:00,0.0292
2021-10-30 18:00:00,0.0187
2021-10-30 19:00:00,0.0118
2021-10-30 20:00:00,0.007
2021-10-30 21:00:00,0.0055
2021-10-30 22:00:00,0.0055
2021-10-30 23:00:00,0.0046
2021-10-31 00:00:00,0.0027
2021-10-31 01:00:00,0.0012
2021-10-31 02:00:00,0.0003
2021-10-31 03:00:00,0.0
2021-10-31 04:00:00,0.0
2021-10-31 05:00:00,0.0002
2021-10-31 06:00:00,0.001
2021-10-31 07:00:00,0.0045
2021-10-31 08:00:00,0.0108
2021-10-31 09:00:00,0.0115
2021-10-31 10:00:00,0.0081
2021-10-31 11:00:00,0.0046
2021-10-31 12:00:00,0.0043
2021-10-31 13:00:00,0.0073
2021-10-31 14:00:00,0.0155
2021-10-31 15:00:00,0.0211
2021-10-31 16:00:00,0.0083
2021-10-31 17:00:00,0.0038
2021-10-31 18:00:00,0.003
2021-10-31 19:00:00,0.0038
2021-10-31 20:00:00,0.0058
2021-10-31 21:00:00,0.0088
2021-10-31 22:00:00,0.012
2021-10-31 23:00:00,0.0158
2021-11-01 00:00:00,0.0168
2021-11-01 01:00:00,0.0166
2021-11-01 02:00:00,0.0148
2021-11-01 03:00:00,0.0121
2021-11-01 04:00:00,0.0142
2021-11-01 05:00:00,0.0238
2021-11-01 06:00:00,0.0455
2021-11-01 07:00:00,0.0879
2021-11-01 08:00:00,0.1524
2021-11-01 09:00:00,0.2106
2021-11-01 10:00:00,0.2349
2021-11-01 11:00:00,0.2402
2021-11-01 12:00:00,0.2436
2021-11-01 13:00:00,0.2483
2021-11-01 14:00:00,0.2393
2021-11-01 15:00:00,0.2385
2021-11-01 16:00:00,0.2556
2021-11-01 17:00:00,0.2886
2021-11-01 18:00:00,0.3309
2021-11-01 19:00:00,0.3652
2021-11-01 20:00:00,0.372
2021-11-01 21:00:00,0.3788
2021-11-01 22:00:00,0.3893
2021-11-01 23:00:00,0.344
2021-11-02 00:00:00,0.2422
2021-11-02 01:00:00,0.148
2021-11-02 02:00:00,0.0757
2021-11-02 03:00:00,0.0505
2021-11-02 04:00:00,0.0447
2021-11-02 05:00:00,0.0425
2021-11-02 06:00:00,0.0362
2021-11-02 07:00:00,0.0178
2021-11-02 08:00:00,0.0109
2021-11-02 09:00:00,0.0042
2021-11-02 10:00:00,0.0008
2021-11-02 11:00:00,0.0
2021-11-02 12:00:00,0.0
2021-11-02 13:00:00,0.0
2021-11-02 14:00:00,0.0006
2021-11-02 15:00:00,0.0021
2021-11-02 16:00:00,0.0031
2021-11-02 17:00:00,0.0043
2021-11-02 18:00:00,0.0131
2021-11-02 19:00:00,0.0254
2021-11-02 20:00:00,0.0321
2021-11-02 21:00:00,0.0321
2021-11-02 22:00:00,0.0313
2021-11-02 23:00:00,0.0318
2021-11-03 00:00:00,0.0357
2021-11-03 01:00:00,0.0434
2021-11-03 02:00:00,0.0521
2021-11-03 03:00:00,0.06
2021-11-03 04:00:00,0.063
2021-11-03 05:00:00,0.0572
2021-11-03 06:00:00,0.0511
2021-11-03 07:00:00,0.04
2021-11-03 08:00:00,0.0236
2021-11-03 09:00:00,0.0089
2021-11-03 10:00:00,0.0033
2021-11-03 11:00:00,0.0023
2021-11-03 12:00:00,0.0018
2021-11-03 13:00:00,0.0019
2021-11-03 14:00:00,0.0041
2021-11-03 15:00:00,0.0056
2021-11-03 16:00:00,0.0083
2021-11-03 17:00:00,0.0117
2021-11-03 18:00:00,0.0112
2021-11-03 19:00:00,0.0088
2021-11-03 20:00:00,0.0075
2021-11-03 21:00:00,0.0072
2021-11-03 22:00:00,0.009
2021-11-03 23:00:00,0.0166
2021-11-04 00:00:00,0.0322
2021-11-04 01:00:00,0.0527
2021-11-04 02:00:00,0.0715
2021-11-04 03:00:00,0.0894
2021-11-04 04:00:00,0.1099
2021-11-04 05:00:00,0.123
2021-11-04 06:00:00,0.1388
2021-11-04 07:00:00,0.1301
2021-11-04 08:00:00,0.1011
2021-11-04 09:00:00,0.0647
2021-11-04 10:00:00,0.0305
2021-11-04 11:00:00,0.0099
2021-11-04 12:00:00,0.0054
2021-11-04 13:00:00,0.0056
2021-11-04 14:00:00,0.0058
2021-11-04 15:00:00,0.0071
2021-11-04 16:00:00,0.0077
2021-11-04 17:00:00,0.0075
2021-11-04 18:00:00,0.0074
2021-11-04 19:00:00,0.0092
2021-11-04 20:00:00,0.0143
2021-11-04 21:00:00,0.0222
2021-11-04 22:00:00,0.0322
2021-11-04 23:00:00,0.0465
2021-11-05 00:00:00,0.0671
2021-11-05 01:00:00,0.0886
2021-11-05 02:00:00,0.107
2021-11-05 03:00:00,0.126
2021-11-05 04:00:00,0.1458
2021-11-05 05:00:00,0.1544
2021-11-05 06:00:00,0.1586
2021-11-05 07:00:00,0.1152
2021-11-05 08:00:00,0.0574
2021-11-05 09:00:00,0.0143
2021-11-05 10:00:00,0.0042
2021-11-05 11:00:00,0.0034
2021-11-05 12:00:00,0.0068
2021-11-05 13:00:00,0.031
2021-11-05 14:00:00,0.0606
2021-11-05 15:00:00,0.0909
2021-11-05 16:00:00,0.1128
2021-11-05 17:00:00,0.1236
2021-11-05 18:00:00,0.1196
2021-11-05 19:00:00,0.1137
2021-11-05 20:00:00,0.1085
2021-11-05 21:00:00,0.1114
2021-11-05 22:00:00,0.1259
2021-11-05 23:00:00,0.1457
2021-11-06 00:00:00,0.1665
2021-11-06 01:00:00,0.186
2021-11-06 02:00:00,0.202
2021-11-06 03:00:00,0.2143
2021-11-06 04:00:00,0.2183
2021-11-06 05:00:00,0.2003
2021-11-06 06:00:00,0.2017
2021-11-06 07:00:00,0.177
2021-11-06 08:00:00,0.1259
2021-11-06 09:00:00,0.0533
2021-11-06 10:00:00,0.0048
2021-11-06 11:00:00,0.0023
2021-11-06 12:00:00,0.0014
2021-11-06 13:00:00,0.0099
2021-11-06 14:00:00,0.0441
2021-11-06 15:00:00,0.0563
2021-11-06 16:00:00,0.048
2021-11-06 17:00:00,0.0367
2021-11-06 18:00:00,0.027
2021-11-06 19:00:00,0.022
2021-11-06 20:00:00,0.0219
2021-11-06 21:00:00,0.0286
2021-11-06 22:00:00,0.0395
2021-11-06 23:00:00,0.056
2021-11-07 00:00:00,0.0796
2021-11-07 01:00:00,0.1015
2021-11-07 02:00:00,0.1137
2021-11-07 03:00:00,0.1192
2021-11-07 04:00:00,0.1282
2021-11-07 05:00:00,0.1348
2021-11-07 06:00:00,0.1452
2021-11-07 07:00:00,0.1373
2021-11-07 08:00:00,0.0979
2021-11-07 09:00:00,0.0567
2021-11-07 10:00:00,0.0231
2021-11-07 11:00:00,0.008
2021-11-07 12:00:00,0.0056
2021-11-07 13:00:00,0.0063
2021-11-07 14:00:00,0.0071
2021-11-07 15:00:00,0.0086
2021-11-07 16:00:00,0.0107
2021-11-07 17:00:00,0.0173
2021-11-07 18:00:00,0.025
2021-11-07 19:00:00,0.0311
2021-11-07 20:00:00,0.0349
2021-11-07 21:00:00,0.0426
2021-11-07 22:00:00,0.0589
2021-11-07 23:00:00,0.0836
2021-11-08 00:00:00,0.1115
2021-11-08 01:00:00,0.1477
2021-11-08 02:00:00,0.1854
2021-11-08 03:00:00,0.2106
2021-11-08 04:00:00,0.2223
2021-11-08 05:00:00,0.2169
2021-11-08 06:00:00,0.2048
2021-11-08 07:00:00,0.1981
2021-11-08 08:00:00,0.1689
2021-11-08 09:00:00,0.1117
2021-11-08 10:00:00,0.0521
2021-11-08 11:00:00,0.0144
2021-11-08 12:00:00,0.0089
2021-11-08 13:00:00,0.0089
2021-11-08 14:00:00,0.0117
2021-11-08 15:00:00,0.0147
2021-11-08 16:00:00,0.0154
2021-11-08 17:00:00,0.018
2021-11-08 18:00:00,0.0203
2021-11-08 19:00:00,0.0237
2021-11-08 20:00:00,0.0294
2021-11-08 21:00:00,0.0394
2021-11-08 22:00:00,0.0524
2021-11-08 23:00:00,0.0655
2021-11-09 00:00:00,0.0844
2021-11-09 01:00:00,0.1125
2021-11-09 02:00:00,0.1468
2021-11-09 03:00:00,0.165
2021-11-09 04:00:00,0.1705
2021-11-09 05:00:00,0.1652
2021-11-09 06:00:00,0.1551
2021-11-09 07:00:00,0.1649
2021-11-09 08:00:00,0.1568
2021-11-09 09:00:00,0.1247
2021-11-09 10:00:00,0.081
2021-11-09 11:00:00,0.0469
2021-11-09 12:00:00,0.0277
2021-11-09 13:00:00,0.0205
2021-11-09 14:00:00,0.0173
2021-11-09 15:00:00,0.0165
2021-11-09 16:00:00,0.0192
2021-11-09 17:00:00,0.0261
2021-11-09 18:00:00,0.0289
2021-11-09 19:00:00,0.0342
2021-11-09 20:00:00,0.0458
2021-11-09 21:00:00,0.0688
2021-11-09 22:00:00,0.1031
2021-11-09 23:00:00,0.1351
2021-11-10 00:00:00,0.1566
2021-11-10 01:00:00,0.1684
2021-11-10 02:00:00,0.1722
2021-11-10 03:00:00,0.1728
2021-11-10 04:00:00,0.1818
2021-11-10 05:00:00,0.1738
2021-11-10 06:00:00,0.1549
2021-11-10 07:00:00,0.1472
2021-11-10 08:00:00,0.1144
2021-11-10 09:00:00,0.0686
2021-11-10 10:00:00,0.0308
2021-11-10 11:00:00,0.012
2021-11-10 12:00:00,0.0072
2021-11-10 13:00:00,0.0063
2021-11-10 14:00:00,0.0106
2021-11-10 15:00:00,0.0337
2021-11-10 16:00:00,0.0845
2021-11-10 17:00:00,0.1275
2021-11-10 18:00:00,0.1585
2021-11-10 19:00:00,0.1679
2021-11-10 20:00:00,0.1653
2021-11-10 21:00:00,0.1498
2021-11-10 22:00:00,0.1356
2021-11-10 23:00:00,0.1355
2021-11-11 00:00:00,0.1301
2021-11-11 01:00:00,0.1265
2021-11-11 02:00:00,0.1324
2021-11-11 03:00:00,0.147
2021-11-11 04:00:00,0.1709
2021-11-11 05:00:00,0.1821
2021-11-11 06:00:00,0.1728
2021-11-11 07:00:00,0.1781
2021-11-11 08:00:00,0.1836
2021-11-11 09:00:00,0.1816
2021-11-11 10:00:00,0.1682
2021-11-11 11:00:00,0.1504
2021-11-11 12:00:00,0.1341
2021-11-11 13:00:00,0.1236
2021-11-11 14:00:00,0.1282
2021-11-11 15:00:00,0.1491
2021-11-11 16:00:00,0.1757
2021-11-11 17:00:00,0.1853
2021-11-11 18:00:00,0.1878
2021-11-11 19:00:00,0.1974
2021-11-11 20:00:00,0.2037
2021-11-11 21:00:00,0.2145
2021-11-11 22:00:00,0.2395
2021-11-11 23:00:00,0.2625
2021-11-12 00:00:00,0.2651
2021-11-12 01:00:00,0.2694
2021-11-12 02:00:00,0.2866
2021-11-12 03:00:00,0.3019
2021-11-12 04:00:00,0.3249
2021-11-12 05:00:00,0.3433
2021-11-12 06:00:00,0.339
2021-11-12 07:00:00,0.3499
2021-11-12 08:00:00,0.3228
2021-11-12 09:00:00,0.2849
2021-11-12 10:00:00,0.23
2021-11-12 11:00:00,0.1727
2021-11-12 12:00:00,0.147
2021-11-12 13:00:00,0.1455
2021-11-12 14:00:00,0.1452
2021-11-12 15:00:00,0.1548
2021-11-12 16:00:00,0.1672
2021-11-12 17:00:00,0.1763
2021-11-12 18:00:00,0.1897
2021-11-12 19:00:00,0.2237
2021-11-12 20:00:00,0.2683
2021-11-12 21:00:00,0.3234
2021-11-12 22:00:00,0.3663
2021-11-12 23:00:00,0.4187
2021-11-13 00:00:00,0.453
2021-11-13 01:00:00,0.4494
2021-11-13 02:00:00,0.4419
2021-11-13 03:00:00,0.4389
2021-11-13 04:00:00,0.441
2021-11-13 05:00:00,0.4457
2021-11-13 06:00:00,0.4352
2021-11-13 07:00:00,0.4374
2021-11-13 08:00:00,0.3892
2021-11-13 09:00:00,0.2884
2021-11-13 10:00:00,0.2135
2021-11-13 11:00:00,0.178
2021-11-13 12:00:00,0.1699
2021-11-13 13:00:00,0.1864
2021-11-13 14:00:00,0.271
2021-11-13 15:00:00,0.3745
2021-11-13 16:00:00,0.3925
2021-11-13 17:00:00,0.3722
2021-11-13 18:00:00,0.3416
2021-11-13 19:00:00,0.3164
2021-11-13 20:00:00,0.2796
2021-11-13 21:00:00,0.2592
2021-11-13 22:00:00,0.2544
2021-11-13 23:00:00,0.2394
2021-11-14 00:00:00,0.2524
2021-11-14 01:00:00,0.2801
2021-11-14 02:00:00,0.2928
2021-11-14 03:00:00,0.2937
2021-11-14 04:00:00,0.2858
2021-11-14 05:00:00,0.2487
2021-11-14 06:00:00,0.1926
2021-11-14 07:00:00,0.1288
2021-11-14 08:00:00,0.0605
2021-11-14 09:00:00,0.0135
2021-11-14 10:00:00,0.0124
2021-11-14 11:00:00,0.0386
2021-11-14 12:00:00,0.075
2021-11-14 13:00:00,0.1041
2021-11-14 14:00:00,0.1399
2021-11-14 15:00:00,0.1817
2021-11-14 16:00:00,0.2088
2021-11-14 17:00:00,0.1971
2021-11-14 18:00:00,0.1797
2021-11-14 19:00:00,0.1675
2021-11-14 20:00:00,0.1544
2021-11-14 21:00:00,0.1476
2021-11-14 22:00:00,0.138
2021-11-14 23:00:00,0.1151
2021-11-15 00:00:00,0.0837
2021-11-15 01:00:00,0.0692
2021-11-15 02:00:00,0.0612
2021-11-15 03:00:00,0.0563
2021-11-15 04:00:00,0.052
2021-11-15 05:00:00,0.0381
2021-11-15 06:00:00,0.0254
2021-11-15 07:00:00,0.0205
2021-11-15 08:00:00,0.0146
2021-11-15 09:00:00,0.0155
2021-11-15 10:00:00,0.0295
2021-11-15 11:00:00,0.0344
2021-11-15 12:00:00,0.0588
2021-11-15 13:00:00,0.0904
2021-11-15 14:00:00,0.1096
2021-11-15 15:00:00,0.0896
2021-11-15 16:00:00,0.0512
2021-11-15 17:00:00,0.0269
2021-11-15 18:00:00,0.0163
2021-11-15 19:00:00,0.006
2021-11-15 20:00:00,0.0039
2021-11-15 21:00:00,0.003
2021-11-15 22:00:00,0.0042
2021-11-15 23:00:00,0.0085
2021-11-16 00:00:00,0.02
2021-11-16 01:00:00,0.054
2021-11-16 02:00:00,0.1202
2021-11-16 03:00:00,0.2097
2021-11-16 04:00:00,0.3163
2021-11-16 05:00:00,0.4039
2021-11-16 06:00:00,0.4584
2021-11-16 07:00:00,0.4868
2021-11-16 08:00:00,0.4988
2021-11-16 09:00:00,0.4467
2021-11-16 10:00:00,0.369
2021-11-16 11:00:00,0.3053
2021-11-16 12:00:00,0.2499
2021-11-16 13:00:00,0.1979
2021-11-16 14:00:00,0.1403
2021-11-16 15:00:00,0.1087
2021-11-16 16:00:00,0.1048
2021-11-16 17:00:00,0.1053
2021-11-16 18:00:00,0.0973
2021-11-16 19:00:00,0.0874
2021-11-16 20:00:00,0.0871
2021-11-16 21:00:00,0.1078
2021-11-16 22:00:00,0.143
2021-11-16 23:00:00,0.1931
2021-11-17 00:00:00,0.2362
2021-11-17 01:00:00,0.2542
2021-11-17 02:00:00,0.2939
2021-11-17 03:00:00,0.3164
2021-11-17 04:00:00,0.3047
2021-11-17 05:00:00,0.2744
2021-11-17 06:00:00,0.2681
2021-11-17 07:00:00,0.2894
2021-11-17 08:00:00,0.2643
2021-11-17 09:00:00,0.2175
2021-11-17 10:00:00,0.1873
2021-11-17 11:00:00,0.195
2021-11-17 12:00:00,0.2266
2021-11-17 13:00:00,0.2594
2021-11-17 14:00:00,0.2774
2021-11-17 15:00:00,0.2957
2021-11-17 16:00:00,0.2916
2021-11-17 17:00:00,0.2649
2021-11-17 18:00:00,0.2342
2021-11-17 19:00:00,0.1986
2021-11-17 20:00:00,0.1767
2021-11-17 21:00:00,0.1863
2021-11-17 22:00:00,0.2129
2021-11-17 23:00:00,0.2312
2021-11-18 00:00:00,0.2312
2021-11-18 01:00:00,0.2315
2021-11-18 02:00:00,0.2379
2021-11-18 03:00:00,0.2458
2021-11-18 04:00:00,0.2516
2021-11-18 05:00:00,0.2493
2021-11-18 06:00:00,0.2567
2021-11-18 07:00:00,0.2546
2021-11-18 08:00:00,0.2282
2021-11-18 09:00:00,0.2029
2021-11-18 10:00:00,0.1728
2021-11-18 11:00:00,0.1536
2021-11-18 12:00:00,0.1381
2021-11-18 13:00:00,0.1282
2021-11-18 14:00:00,0.1313
2021-11-18 15:00:00,0.1398
2021-11-18 16:00:00,0.1389
2021-11-18 17:00:00,0.1246
2021-11-18 18:00:00,0.1067
2021-11-18 19:00:00,0.0858
2021-11-18 20:00:00,0.0648
2021-11-18 21:00:00,0.0539
2021-11-18 22:00:00,0.0577
2021-11-18 23:00:00,0.0707
2021-11-19 00:00:00,0.0985
2021-11-19 01:00:00,0.1334
2021-11-19 02:00:00,0.1739
2021-11-19 03:00:00,0.1919
2021-11-19 04:00:00,0.1855
2021-11-19 05:00:00,0.1709
2021-11-19 06:00:00,0.1505
2021-11-19 07:00:00,0.1352
2021-11-19 08:00:00,0.1023
2021-11-19 09:00:00,0.0694
2021-11-19 10:00:00,0.0407
2021-11-19 11:00:00,0.0178
2021-11-19 12:00:00,0.006
2021-11-19 13:00:00,0.0026
2021-11-19 14:00:00,0.0019
2021-11-19 15:00:00,0.0011
2021-11-19 16:00:00,0.0002
2021-11-19 17:00:00,0.0001
2021-11-19 18:00:00,0.0001
2021-11-19 19:00:00,0.0007
2021-11-19 20:00:00,0.0018
2021-11-19 21:00:00,0.0033
2021-11-19 22:00:00,0.0048
2021-11-19 23:00:00,0.0061
2021-11-20 00:00:00,0.0073
2021-11-20 01:00:00,0.0065
2021-11-20 02:00:00,0.0044
2021-11-20 03:00:00,0.0029
2021-11-20 04:00:00,0.0017
2021-11-20 05:00:00,0.0008
2021-11-20 06:00:00,0.0001
2021-11-20 07:00:00,0.0
2021-11-20 08:00:00,0.0
2021-11-20 09:00:00,0.0
2021-11-20 10:00:00,0.0
2021-11-20 11:00:00,0.0
2021-11-20 12:00:00,0.0
2021-11-20 13:00:00,0.0
2021-11-20 14:00:00,0.01
2021-11-20 15:00:00,0.0261
2021-11-20 16:00:00,0.0288
2021-11-20 17:00:00,0.0253
2021-11-20 18:00:00,0.0228
2021-11-20 19:00:00,0.0323
2021-11-20 20:00:00,0.0452
2021-11-20 21:00:00,0.0455
2021-11-20 22:00:00,0.0411
2021-11-20 23:00:00,0.0348
2021-11-21 00:00:00,0.0254
2021-11-21 01:00:00,0.0197
2021-11-21 02:00:00,0.0151
2021-11-21 03:00:00,0.0065
2021-11-21 04:00:00,0.0021
2021-11-21 05:00:00,0.0007
2021-11-21 06:00:00,0.0002
2021-11-21 07:00:00,0.0
2021-11-21 08:00:00,0.0
2021-11-21 09:00:00,0.0
2021-11-21 10:00:00,0.0
2021-11-21 11:00:00,0.0
2021-11-21 12:00:00,0.0
2021-11-21 13:00:00,0.0
2021-11-21 14:00:00,0.0
2021-11-21 15:00:00,0.0
2021-11-21 16:00:00,0.0
2021-11-21 17:00:00,0.0
2021-11-21 18:00:00,0.0
2021-11-21 19:00:00,0.0
2021-11-21 20:00:00,0.0
2021-11-21 21:00:00,0.0004
2021-11-21 22:00:00,0.001
2021-11-21 23:00:00,0.0008
2021-11-22 00:00:00,0.0004
2021-11-22 01:00:00,0.0001
2021-11-22 02:00:00,0.0003
2021-11-22 03:00:00,0.0005
2021-11-22 04:00:00,0.0008
2021-11-22 05:00:00,0.0014
2021-11-22 06:00:00,0.0019
2021-11-22 07:00:00,0.0017
2021-11-22 08:00:00,0.0011
2021-11-22 09:00:00,0.0003
2021-11-22 10:00:00,0.0
2021-11-22 11:00:00,0.0
2021-11-22 12:00:00,0.0
2021-11-22 13:00:00,0.0014
2021-11-22 14:00:00,0.0144
2021-11-22 15:00:00,0.0174
2021-11-22 16:00:00,0.0098
2021-11-22 17:00:00,0.0061
2021-11-22 18:00:00,0.0045
2021-11-22 19:00:00,0.0039
2021-11-22 20:00:00,0.0043
2021-11-22 21:00:00,0.0065
2021-11-22 22:00:00,0.0114
2021-11-22 23:00:00,0.0149
2021-11-23 00:00:00,0.0189
2021-11-23 01:00:00,0.0201
2021-11-23 02:00:00,0.0168
2021-11-23 03:00:00,0.0152
2021-11-23 04:00:00,0.0176
2021-11-23 05:00:00,0.0222
2021-11-23 06:00:00,0.0253
2021-11-23 07:00:00,0.0194
2021-11-23 08:00:00,0.015
2021-11-23 09:00:00,0.009
2021-11-23 10:00:00,0.0055
2021-11-23 11:00:00,0.0044
2021-11-23 12:00:00,0.0037
2021-11-23 13:00:00,0.0037
2021-11-23 14:00:00,0.0044
2021-11-23 15:00:00,0.0071
2021-11-23 16:00:00,0.016
2021-11-23 17:00:00,0.0213
2021-11-23 18:00:00,0.0162
2021-11-23 19:00:00,0.008
2021-11-23 20:00:00,0.0026
2021-11-23 21:00:00,0.001
2021-11-23 22:00:00,0.0023
2021-11-23 23:00:00,0.0058
2021-11-24 00:00:00,0.0141
2021-11-24 01:00:00,0.0374
2021-11-24 02:00:00,0.0705
2021-11-24 03:00:00,0.0894
2021-11-24 04:00:00,0.0964
2021-11-24 05:00:00,0.1108
2021-11-24 06:00:00,0.1318
2021-11-24 07:00:00,0.1338
2021-11-24 08:00:00,0.1018
2021-11-24 09:00:00,0.0717
2021-11-24 10:00:00,0.0438
2021-11-24 11:00:00,0.019
2021-11-24 12:00:00,0.0093
2021-11-24 13:00:00,0.0078
2021-11-24 14:00:00,0.0102
2021-11-24 15:00:00,0.0396
2021-11-24 16:00:00,0.089
2021-11-24 17:00:00,0.1032
2021-11-24 18:00:00,0.1078
2021-11-24 19:00:00,0.1223
2021-11-24 20:00:00,0.1291
2021-11-24 21:00:00,0.0976
2021-11-24 22:00:00,0.0704
2021-11-24 23:00:00,0.0651
2021-11-25 00:00:00,0.0759
2021-11-25 01:00:00,0.1053
2021-11-25 02:00:00,0.1287
2021-11-25 03:00:00,0.1104
2021-11-25 04:00:00,0.1622
2021-11-25 05:00:00,0.2166
2021-11-25 06:00:00,0.2324
2021-11-25 07:00:00,0.2264
2021-11-25 08:00:00,0.2317
2021-11-25 09:00:00,0.2366
2021-11-25 10:00:00,0.2493
2021-11-25 11:00:00,0.2759
2021-11-25 12:00:00,0.3185
2021-11-25 13:00:00,0.3835
2021-11-25 14:00:00,0.4631
2021-11-25 15:00:00,0.5177
2021-11-25 16:00:00,0.5312
2021-11-25 17:00:00,0.5306
2021-11-25 18:00:00,0.5329
2021-11-25 19:00:00,0.5398
2021-11-25 20:00:00,0.5323
2021-11-25 21:00:00,0.507
2021-11-25 22:00:00,0.4711
2021-11-25 23:00:00,0.4338
2021-11-26 00:00:00,0.4088
2021-11-26 01:00:00,0.3748
2021-11-26 02:00:00,0.3103
2021-11-26 03:00:00,0.1964
2021-11-26 04:00:00,0.1146
2021-11-26 05:00:00,0.0559
2021-11-26 06:00:00,0.0361
2021-11-26 07:00:00,0.0513
2021-11-26 08:00:00,0.0874
2021-11-26 09:00:00,0.1231
2021-11-26 10:00:00,0.1433
2021-11-26 11:00:00,0.1574
2021-11-26 12:00:00,0.162
2021-11-26 13:00:00,0.1602
2021-11-26 14:00:00,0.1551
2021-11-26 15:00:00,0.1683
2021-11-26 16:00:00,0.2001
2021-11-26 17:00:00,0.2354
2021-11-26 18:00:00,0.2659
2021-11-26 19:00:00,0.2876
2021-11-26 20:00:00,0.3133
2021-11-26 21:00:00,0.3263
2021-11-26 22:00:00,0.3415
2021-11-26 23:00:00,0.3506
2021-11-27 00:00:00,0.3432
2021-11-27 01:00:00,0.3337
2021-11-27 02:00:00,0.3166
2021-11-27 03:00:00,0.283
2021-11-27 04:00:00,0.2376
2021-11-27 05:00:00,0.2097
2021-11-27 06:00:00,0.2056
2021-11-27 07:00:00,0.2127
2021-11-27 08:00:00,0.2075
2021-11-27 09:00:00,0.1864
2021-11-27 10:00:00,0.1521
2021-11-27 11:00:00,0.1133
2021-11-27 12:00:00,0.0725
2021-11-27 13:00:00,0.0374
2021-11-27 14:00:00,0.0155
2021-11-27 15:00:00,0.0071
2021-11-27 16:00:00,0.0033
2021-11-27 17:00:00,0.0016
2021-11-27 18:00:00,0.0008
2021-11-27 19:00:00,0.0006
2021-11-27 20:00:00,0.0004
2021-11-27 21:00:00,0.0002
2021-11-27 22:00:00,0.0001
2021-11-27 23:00:00,0.0
2021-11-28 00:00:00,0.0
2021-11-28 01:00:00,0.0
2021-11-28 02:00:00,0.0
2021-11-28 03:00:00,0.0
2021-11-28 04:00:00,0.0
2021-11-28 05:00:00,0.0
2021-11-28 06:00:00,0.0
2021-11-28 07:00:00,0.0
2021-11-28 08:00:00,0.0
2021-11-28 09:00:00,0.0001
2021-11-28 10:00:00,0.0012
2021-11-28 11:00:00,0.003
2021-11-28 12:00:00,0.0084
2021-11-28 13:00:00,0.02
2021-11-28 14:00:00,0.0352
2021-11-28 15:00:00,0.0414
2021-11-28 16:00:00,0.0401
2021-11-28 17:00:00,0.0347
2021-11-28 18:00:00,0.0264
2021-11-28 19:00:00,0.0198
2021-11-28 20:00:00,0.0164
2021-11-28 21:00:00,0.0122
2021-11-28 22:00:00,0.0089
2021-11-28 23:00:00,0.0062
2021-11-29 00:00:00,0.0042
2021-11-29 01:00:00,0.0027
2021-11-29 02:00:00,0.0021
2021-11-29 03:00:00,0.0029
2021-11-29 04:00:00,0.0036
2021-11-29 05:00:00,0.0048
2021-11-29 06:00:00,0.005
2021-11-29 07:00:00,0.0076
2021-11-29 08:00:00,0.0148
2021-11-29 09:00:00,0.0311
2021-11-29 10:00:00,0.0589
2021-11-29 11:00:00,0.0829
2021-11-29 12:00:00,0.1022
2021-11-29 13:00:00,0.1107
2021-11-29 14:00:00,0.119
2021-11-29 15:00:00,0.134
2021-11-29 16:00:00,0.1476
2021-11-29 17:00:00,0.1453
2021-11-29 18:00:00,0.1386
2021-11-29 19:00:00,0.1279
2021-11-29 20:00:00,0.1224
2021-11-29 21:00:00,0.1224
2021-11-29 22:00:00,0.122
2021-11-29 23:00:00,0.1176
2021-11-30 00:00:00,0.1129
2021-11-30 01:00:00,0.1171
2021-11-30 02:00:00,0.128
2021-11-30 03:00:00,0.1374
2021-11-30 04:00:00,0.1315
2021-11-30 05:00:00,0.1141
2021-11-30 06:00:00,0.1055
2021-11-30 07:00:00,0.1039
2021-11-30 08:00:00,0.1042
2021-11-30 09:00:00,0.1035
2021-11-30 10:00:00,0.1047
2021-11-30 11:00:00,0.1014
2021-11-30 12:00:00,0.0926
2021-11-30 13:00:00,0.0762
2021-11-30 14:00:00,0.0537
2021-11-30 15:00:00,0.0342
2021-11-30 16:00:00,0.019
2021-11-30 17:00:00,0.0129
2021-11-30 18:00:00,0.0122
2021-11-30 19:00:00,0.014
2021-11-30 20:00:00,0.017
2021-11-30 21:00:00,0.0228
2021-11-30 22:00:00,0.0341
2021-11-30 23:00:00,0.0491
2021-12-01 00:00:00,0.0604
2021-12-01 01:00:00,0.0632
2021-12-01 02:00:00,0.0604
2021-12-01 03:00:00,0.0551
2021-12-01 04:00:00,0.0498
2021-12-01 05:00:00,0.0494
2021-12-01 06:00:00,0.065
2021-12-01 07:00:00,0.0904
2021-12-01 08:00:00,0.1148
2021-12-01 09:00:00,0.1257
2021-12-01 10:00:00,0.1442
2021-12-01 11:00:00,0.1715
2021-12-01 12:00:00,0.1948
2021-12-01 13:00:00,0.2068
2021-12-01 14:00:00,0.195
2021-12-01 15:00:00,0.2117
2021-12-01 16:00:00,0.271
2021-12-01 17:00:00,0.3517
2021-12-01 18:00:00,0.402
2021-12-01 19:00:00,0.3714
2021-12-01 20:00:00,0.3103
2021-12-01 21:00:00,0.2633
2021-12-01 22:00:00,0.2483
2021-12-01 23:00:00,0.2548
2021-12-02 00:00:00,0.2652
2021-12-02 01:00:00,0.2709
2021-12-02 02:00:00,0.2631
2021-12-02 03:00:00,0.226
2021-12-02 04:00:00,0.1821
2021-12-02 05:00:00,0.139
2021-12-02 06:00:00,0.0986
2021-12-02 07:00:00,0.0558
2021-12-02 08:00:00,0.0128
2021-12-02 09:00:00,0.0027
2021-12-02 10:00:00,0.0002
2021-12-02 11:00:00,0.0
2021-12-02 12:00:00,0.0
2021-12-02 13:00:00,0.0001
2021-12-02 14:00:00,0.0001
2021-12-02 15:00:00,0.0
2021-12-02 16:00:00,0.0
2021-12-02 17:00:00,0.0
2021-12-02 18:00:00,0.0
2021-12-02 19:00:00,0.0
2021-12-02 20:00:00,0.0001
2021-12-02 21:00:00,0.0001
2021-12-02 22:00:00,0.0001
2021-12-02 23:00:00,0.0002
2021-12-03 00:00:00,0.0005
2021-12-03 01:00:00,0.0012
2021-12-03 02:00:00,0.001
2021-12-03 03:00:00,0.0006
2021-12-03 04:00:00,0.0003
2021-12-03 05:00:00,0.0
2021-12-03 06:00:00,0.0
2021-12-03 07:00:00,0.0
2021-12-03 08:00:00,0.0
2021-12-03 09:00:00,0.0001
2021-12-03 10:00:00,0.0022
2021-12-03 11:00:00,0.0121
2021-12-03 12:00:00,0.0284
2021-12-03 13:00:00,0.0505
2021-12-03 14:00:00,0.0631
2021-12-03 15:00:00,0.0607
2021-12-03 16:00:00,0.0486
2021-12-03 17:00:00,0.0353
2021-12-03 18:00:00,0.0273
2021-12-03 19:00:00,0.025
2021-12-03 20:00:00,0.0268
2021-12-03 21:00:00,0.0253
2021-12-03 22:00:00,0.0261
2021-12-03 23:00:00,0.0287
2021-12-04 00:00:00,0.0253
2021-12-04 01:00:00,0.0171
2021-12-04 02:00:00,0.0142
2021-12-04 03:00:00,0.0113
2021-12-04 04:00:00,0.0077
2021-12-04 05:00:00,0.0061
2021-12-04 06:00:00,0.0094
2021-12-04 07:00:00,0.0211
2021-12-04 08:00:00,0.0368
2021-12-04 09:00:00,0.0485
2021-12-04 10:00:00,0.0568
2021-12-04 11:00:00,0.0651
2021-12-04 12:00:00,0.0723
2021-12-04 13:00:00,0.0717
2021-12-04 14:00:00,0.0696
2021-12-04 15:00:00,0.0727
2021-12-04 16:00:00,0.0827
2021-12-04 17:00:00,0.0992
2021-12-04 18:00:00,0.1203
2021-12-04 19:00:00,0.1276
2021-12-04 20:00:00,0.1123
2021-12-04 21:00:00,0.1002
2021-12-04 22:00:00,0.1068
2021-12-04 23:00:00,0.1271
2021-12-05 00:00:00,0.1669
2021-12-05 01:00:00,0.2391
2021-12-05 02:00:00,0.3539
2021-12-05 03:00:00,0.4432
2021-12-05 04:00:00,0.462
2021-12-05 05:00:00,0.4306
2021-12-05 06:00:00,0.3465
2021-12-05 07:00:00,0.2442
2021-12-05 08:00:00,0.178
2021-12-05 09:00:00,0.177
2021-12-05 10:00:00,0.2104
2021-12-05 11:00:00,0.2378
2021-12-05 12:00:00,0.2425
2021-12-05 13:00:00,0.2198
2021-12-05 14:00:00,0.1782
2021-12-05 15:00:00,0.1449
2021-12-05 16:00:00,0.1195
2021-12-05 17:00:00,0.1227
2021-12-05 18:00:00,0.1483
2021-12-05 19:00:00,0.1661
2021-12-05 20:00:00,0.1578
2021-12-05 21:00:00,0.1238
2021-12-05 22:00:00,0.0867
2021-12-05 23:00:00,0.0629
2021-12-06 00:00:00,0.056
2021-12-06 01:00:00,0.0531
2021-12-06 02:00:00,0.0472
2021-12-06 03:00:00,0.0457
2021-12-06 04:00:00,0.0464
2021-12-06 05:00:00,0.0406
2021-12-06 06:00:00,0.0229
2021-12-06 07:00:00,0.0108
2021-12-06 08:00:00,0.0075
2021-12-06 09:00:00,0.0048
2021-12-06 10:00:00,0.0033
2021-12-06 11:00:00,0.0027
2021-12-06 12:00:00,0.0025
2021-12-06 13:00:00,0.004
2021-12-06 14:00:00,0.0109
2021-12-06 15:00:00,0.0125
2021-12-06 16:00:00,0.0142
2021-12-06 17:00:00,0.0167
2021-12-06 18:00:00,0.0157
2021-12-06 19:00:00,0.0116
2021-12-06 20:00:00,0.0072
2021-12-06 21:00:00,0.0056
2021-12-06 22:00:00,0.007
2021-12-06 23:00:00,0.0131
2021-12-07 00:00:00,0.0238
2021-12-07 01:00:00,0.0298
2021-12-07 02:00:00,0.0196
2021-12-07 03:00:00,0.0045
2021-12-07 04:00:00,0.0006
2021-12-07 05:00:00,0.0
2021-12-07 06:00:00,0.0
2021-12-07 07:00:00,0.0
2021-12-07 08:00:00,0.0
2021-12-07 09:00:00,0.0007
2021-12-07 10:00:00,0.0026
2021-12-07 11:00:00,0.0089
2021-12-07 12:00:00,0.024
2021-12-07 13:00:00,0.0392
2021-12-07 14:00:00,0.0463
2021-12-07 15:00:00,0.0443
2021-12-07 16:00:00,0.0604
2021-12-07 17:00:00,0.0944
2021-12-07 18:00:00,0.0961
2021-12-07 19:00:00,0.0787
2021-12-07 20:00:00,0.0709
2021-12-07 21:00:00,0.0752
2021-12-07 22:00:00,0.0729
2021-12-07 23:00:00,0.08
2021-12-08 00:00:00,0.081
2021-12-08 01:00:00,0.0787
2021-12-08 02:00:00,0.0692
2021-12-08 03:00:00,0.0656
2021-12-08 04:00:00,0.063
2021-12-08 05:00:00,0.0571
2021-12-08 06:00:00,0.0465
2021-12-08 07:00:00,0.0408
2021-12-08 08:00:00,0.05
2021-12-08 09:00:00,0.0582
2021-12-08 10:00:00,0.0559
2021-12-08 11:00:00,0.0481
2021-12-08 12:00:00,0.0472
2021-12-08 13:00:00,0.0486
2021-12-08 14:00:00,0.048
2021-12-08 15:00:00,0.0497
2021-12-08 16:00:00,0.05
2021-12-08 17:00:00,0.0532
2021-12-08 18:00:00,0.0498
2021-12-08 19:00:00,0.0344
2021-12-08 20:00:00,0.0158
2021-12-08 21:00:00,0.0066
2021-12-08 22:00:00,0.0034
2021-12-08 23:00:00,0.0017
2021-12-09 00:00:00,0.001
2021-12-09 01:00:00,0.0006
2021-12-09 02:00:00,0.0004
2021-12-09 03:00:00,0.0004
2021-12-09 04:00:00,0.001
2021-12-09 05:00:00,0.0025
2021-12-09 06:00:00,0.0041
2021-12-09 07:00:00,0.006
2021-12-09 08:00:00,0.0021
2021-12-09 09:00:00,0.0011
2021-12-09 10:00:00,0.004
2021-12-09 11:00:00,0.0195
2021-12-09 12:00:00,0.0515
2021-12-09 13:00:00,0.0658
2021-12-09 14:00:00,0.0815
2021-12-09 15:00:00,0.0861
2021-12-09 16:00:00,0.0711
2021-12-09 17:00:00,0.0675
2021-12-09 18:00:00,0.0492
2021-12-09 19:00:00,0.0151
2021-12-09 20:00:00,0.0088
2021-12-09 21:00:00,0.0093
2021-12-09 22:00:00,0.0104
2021-12-09 23:00:00,0.0116
2021-12-10 00:00:00,0.0136
2021-12-10 01:00:00,0.0296
2021-12-10 02:00:00,0.0503
2021-12-10 03:00:00,0.0861
2021-12-10 04:00:00,0.1073
2021-12-10 05:00:00,0.1059
2021-12-10 06:00:00,0.1034
2021-12-10 07:00:00,0.0813
2021-12-10 08:00:00,0.0723
2021-12-10 09:00:00,0.0576
2021-12-10 10:00:00,0.0421
2021-12-10 11:00:00,0.0262
2021-12-10 12:00:00,0.035
2021-12-10 13:00:00,0.0527
2021-12-10 14:00:00,0.0768
2021-12-10 15:00:00,0.0875
2021-12-10 16:00:00,0.0949
2021-12-10 17:00:00,0.1099
2021-12-10 18:00:00,0.1283
2021-12-10 19:00:00,0.1315
2021-12-10 20:00:00,0.1339
2021-12-10 21:00:00,0.1387
2021-12-10 22:00:00,0.1459
2021-12-10 23:00:00,0.1559
2021-12-11 00:00:00,0.1673
2021-12-11 01:00:00,0.1732
2021-12-11 02:00:00,0.1829
2021-12-11 03:00:00,0.1823
2021-12-11 04:00:00,0.1762
2021-12-11 05:00:00,0.1809
2021-12-11 06:00:00,0.1852
2021-12-11 07:00:00,0.1924
2021-12-11 08:00:00,0.1914
2021-12-11 09:00:00,0.2084
2021-12-11 10:00:00,0.2335
2021-12-11 11:00:00,0.2615
2021-12-11 12:00:00,0.3054
2021-12-11 13:00:00,0.3258
2021-12-11 14:00:00,0.3168
2021-12-11 15:00:00,0.3167
2021-12-11 16:00:00,0.2982
2021-12-11 17:00:00,0.2651
2021-12-11 18:00:00,0.2416
2021-12-11 19:00:00,0.2092
2021-12-11 20:00:00,0.1839
2021-12-11 21:00:00,0.1408
2021-12-11 22:00:00,0.1289
2021-12-11 23:00:00,0.1752
2021-12-12 00:00:00,0.1993
2021-12-12 01:00:00,0.1784
2021-12-12 02:00:00,0.1334
2021-12-12 03:00:00,0.1085
2021-12-12 04:00:00,0.1114
2021-12-12 05:00:00,0.149
2021-12-12 06:00:00,0.223
2021-12-12 07:00:00,0.3386
2021-12-12 08:00:00,0.4652
2021-12-12 09:00:00,0.4196
2021-12-12 10:00:00,0.2966
2021-12-12 11:00:00,0.2136
2021-12-12 12:00:00,0.146
2021-12-12 13:00:00,0.0841
2021-12-12 14:00:00,0.0469
2021-12-12 15:00:00,0.0174
2021-12-12 16:00:00,0.008
2021-12-12 17:00:00,0.0076
2021-12-12 18:00:00,0.0072
2021-12-12 19:00:00,0.0053
2021-12-12 20:00:00,0.0032
2021-12-12 21:00:00,0.0039
2021-12-12 22:00:00,0.012
2021-12-12 23:00:00,0.0278
2021-12-13 00:00:00,0.04
2021-12-13 01:00:00,0.0428
2021-12-13 02:00:00,0.0417
2021-12-13 03:00:00,0.0385
2021-12-13 04:00:00,0.0283
2021-12-13 05:00:00,0.0214
2021-12-13 06:00:00,0.0141
2021-12-13 07:00:00,0.0178
2021-12-13 08:00:00,0.03
2021-12-13 09:00:00,0.0466
2021-12-13 10:00:00,0.073
2021-12-13 11:00:00,0.1112
2021-12-13 12:00:00,0.1439
2021-12-13 13:00:00,0.1557
2021-12-13 14:00:00,0.1404
2021-12-13 15:00:00,0.1327
2021-12-13 16:00:00,0.1549
2021-12-13 17:00:00,0.1973
2021-12-13 18:00:00,0.2595
2021-12-13 19:00:00,0.2918
2021-12-13 20:00:00,0.2805
2021-12-13 21:00:00,0.2771
2021-12-13 22:00:00,0.3236
2021-12-13 23:00:00,0.4191
2021-12-14 00:00:00,0.4454
2021-12-14 01:00:00,0.4266
2021-12-14 02:00:00,0.4107
2021-12-14 03:00:00,0.3936
2021-12-14 04:00:00,0.369
2021-12-14 05:00:00,0.3598
2021-12-14 06:00:00,0.3788
2021-12-14 07:00:00,0.4211
2021-12-14 08:00:00,0.4824
2021-12-14 09:00:00,0.4694
2021-12-14 10:00:00,0.422
2021-12-14 11:00:00,0.374
2021-12-14 12:00:00,0.3369
2021-12-14 13:00:00,0.2907
2021-12-14 14:00:00,0.2366
2021-12-14 15:00:00,0.2282
2021-12-14 16:00:00,0.2789
2021-12-14 17:00:00,0.3381
2021-12-14 18:00:00,0.3901
2021-12-14 19:00:00,0.4201
2021-12-14 20:00:00,0.4421
2021-12-14 21:00:00,0.458
2021-12-14 22:00:00,0.4546
2021-12-14 23:00:00,0.4262
2021-12-15 00:00:00,0.3901
2021-12-15 01:00:00,0.3662
2021-12-15 02:00:00,0.3551
2021-12-15 03:00:00,0.3609
2021-12-15 04:00:00,0.3557
2021-12-15 05:00:00,0.332
2021-12-15 06:00:00,0.2969
2021-12-15 07:00:00,0.2985
2021-12-15 08:00:00,0.311
2021-12-15 09:00:00,0.2979
2021-12-15 10:00:00,0.2764
2021-12-15 11:00:00,0.249
2021-12-15 12:00:00,0.2131
2021-12-15 13:00:00,0.1864
2021-12-15 14:00:00,0.1717
2021-12-15 15:00:00,0.1633
2021-12-15 16:00:00,0.1542
2021-12-15 17:00:00,0.1349
2021-12-15 18:00:00,0.11
2021-12-15 19:00:00,0.0883
2021-12-15 20:00:00,0.0772
2021-12-15 21:00:00,0.0672
2021-12-15 22:00:00,0.0617
2021-12-15 23:00:00,0.0648
2021-12-16 00:00:00,0.0743
2021-12-16 01:00:00,0.0811
2021-12-16 02:00:00,0.0862
2021-12-16 03:00:00,0.0986
2021-12-16 04:00:00,0.1135
2021-12-16 05:00:00,0.1144
2021-12-16 06:00:00,0.1095
2021-12-16 07:00:00,0.1115
2021-12-16 08:00:00,0.1066
2021-12-16 09:00:00,0.0914
2021-12-16 10:00:00,0.075
2021-12-16 11:00:00,0.0611
2021-12-16 12:00:00,0.0478
2021-12-16 13:00:00,0.0353
2021-12-16 14:00:00,0.0282
2021-12-16 15:00:00,0.0206
2021-12-16 16:00:00,0.0149
2021-12-16 17:00:00,0.0117
2021-12-16 18:00:00,0.012
2021-12-16 19:00:00,0.016
2021-12-16 20:00:00,0.023
2021-12-16 21:00:00,0.0282
2021-12-16 22:00:00,0.0292
2021-12-16 23:00:00,0.0296
2021-12-17 00:00:00,0.0299
2021-12-17 01:00:00,0.0278
2021-12-17 02:00:00,0.0224
2021-12-17 03:00:00,0.0183
2021-12-17 04:00:00,0.0169
2021-12-17 05:00:00,0.0159
2021-12-17 06:00:00,0.0139
2021-12-17 07:00:00,0.0126
2021-12-17 08:00:00,0.0096
2021-12-17 09:00:00,0.006
2021-12-17 10:00:00,0.0035
2021-12-17 11:00:00,0.0041
2021-12-17 12:00:00,0.0126
2021-12-17 13:00:00,0.0371
2021-12-17 14:00:00,0.0475
2021-12-17 15:00:00,0.044
2021-12-17 16:00:00,0.0308
2021-12-17 17:00:00,0.0187
2021-12-17 18:00:00,0.0121
2021-12-17 19:00:00,0.0102
2021-12-17 20:00:00,0.0089
2021-12-17 21:00:00,0.0093
2021-12-17 22:00:00,0.0118
2021-12-17 23:00:00,0.0128
2021-12-18 00:00:00,0.0125
2021-12-18 01:00:00,0.01
2021-12-18 02:00:00,0.006
2021-12-18 03:00:00,0.0025
2021-12-18 04:00:00,0.0003
2021-12-18 05:00:00,0.0
2021-12-18 06:00:00,0.0001
2021-12-18 07:00:00,0.0001
2021-12-18 08:00:00,0.0001
2021-12-18 09:00:00,0.0
2021-12-18 10:00:00,0.0
2021-12-18 11:00:00,0.0
2021-12-18 12:00:00,0.0
2021-12-18 13:00:00,0.0
2021-12-18 14:00:00,0.0
2021-12-18 15:00:00,0.0006
2021-12-18 16:00:00,0.0012
2021-12-18 17:00:00,0.0017
2021-12-18 18:00:00,0.0021
2021-12-18 19:00:00,0.0022
2021-12-18 20:00:00,0.0021
2021-12-18 21:00:00,0.0012
2021-12-18 22:00:00,0.0004
2021-12-18 23:00:00,0.0002
2021-12-19 00:00:00,0.0001
2021-12-19 01:00:00,0.0002
2021-12-19 02:00:00,0.0002
2021-12-19 03:00:00,0.0001
2021-12-19 04:00:00,0.0
2021-12-19 05:00:00,0.0
2021-12-19 06:00:00,0.0
2021-12-19 07:00:00,0.0
2021-12-19 08:00:00,0.0
2021-12-19 09:00:00,0.0
2021-12-19 10:00:00,0.0
2021-12-19 11:00:00,0.0001
2021-12-19 12:00:00,0.0003
2021-12-19 13:00:00,0.001
2021-12-19 14:00:00,0.0021
2021-12-19 15:00:00,0.0017
2021-12-19 16:00:00,0.0011
2021-12-19 17:00:00,0.0003
2021-12-19 18:00:00,0.0
2021-12-19 19:00:00,0.0
2021-12-19 20:00:00,0.0
2021-12-19 21:00:00,0.0001
2021-12-19 22:00:00,0.0005
2021-12-19 23:00:00,0.0008
2021-12-20 00:00:00,0.001
2021-12-20 01:00:00,0.0027
2021-12-20 02:00:00,0.0054
2021-12-20 03:00:00,0.0068
2021-12-20 04:00:00,0.0063
2021-12-20 05:00:00,0.0045
2021-12-20 06:00:00,0.0019
2021-12-20 07:00:00,0.0002
2021-12-20 08:00:00,0.0
2021-12-20 09:00:00,0.0
2021-12-20 10:00:00,0.0
2021-12-20 11:00:00,0.0
2021-12-20 12:00:00,0.0
2021-12-20 13:00:00,0.0006
2021-12-20 14:00:00,0.0083
2021-12-20 15:00:00,0.0068
2021-12-20 16:00:00,0.0019
2021-12-20 17:00:00,0.0003
2021-12-20 18:00:00,0.0002
2021-12-20 19:00:00,0.0003
2021-12-20 20:00:00,0.0008
2021-12-20 21:00:00,0.0013
2021-12-20 22:00:00,0.002
2021-12-20 23:00:00,0.0026
2021-12-21 00:00:00,0.0039
2021-12-21 01:00:00,0.0049
2021-12-21 02:00:00,0.0041
2021-12-21 03:00:00,0.0029
2021-12-21 04:00:00,0.0012
2021-12-21 05:00:00,0.0002
2021-12-21 06:00:00,0.0
2021-12-21 07:00:00,0.0
2021-12-21 08:00:00,0.0
2021-12-21 09:00:00,0.0
2021-12-21 10:00:00,0.0005
2021-12-21 11:00:00,0.0011
2021-12-21 12:00:00,0.0014
2021-12-21 13:00:00,0.0032
2021-12-21 14:00:00,0.009
2021-12-21 15:00:00,0.0016
2021-12-21 16:00:00,0.0001
2021-12-21 17:00:00,0.0
2021-12-21 18:00:00,0.0
2021-12-21 19:00:00,0.0
2021-12-21 20:00:00,0.0003
2021-12-21 21:00:00,0.0029
2021-12-21 22:00:00,0.0086
2021-12-21 23:00:00,0.0094
2021-12-22 00:00:00,0.0049
2021-12-22 01:00:00,0.0003
2021-12-22 02:00:00,0.0
2021-12-22 03:00:00,0.0002
2021-12-22 04:00:00,0.0014
2021-12-22 05:00:00,0.0017
2021-12-22 06:00:00,0.0011
2021-12-22 07:00:00,0.0001
2021-12-22 08:00:00,0.0
2021-12-22 09:00:00,0.0001
2021-12-22 10:00:00,0.0003
2021-12-22 11:00:00,0.0009
2021-12-22 12:00:00,0.0008
2021-12-22 13:00:00,0.0007
2021-12-22 14:00:00,0.0009
2021-12-22 15:00:00,0.0003
2021-12-22 16:00:00,0.0015
2021-12-22 17:00:00,0.0025
2021-12-22 18:00:00,0.0031
2021-12-22 19:00:00,0.0049
2021-12-22 20:00:00,0.0127
2021-12-22 21:00:00,0.0202
2021-12-22 22:00:00,0.02
2021-12-22 23:00:00,0.0227
2021-12-23 00:00:00,0.0419
2021-12-23 01:00:00,0.0772
2021-12-23 02:00:00,0.1223
2021-12-23 03:00:00,0.1615
2021-12-23 04:00:00,0.1922
2021-12-23 05:00:00,0.2191
2021-12-23 06:00:00,0.2428
2021-12-23 07:00:00,0.279
2021-12-23 08:00:00,0.3197
2021-12-23 09:00:00,0.3747
2021-12-23 10:00:00,0.4436
2021-12-23 11:00:00,0.5194
2021-12-23 12:00:00,0.589
2021-12-23 13:00:00,0.6351
2021-12-23 14:00:00,0.6508
2021-12-23 15:00:00,0.6719
2021-12-23 16:00:00,0.7025
2021-12-23 17:00:00,0.7041
2021-12-23 18:00:00,0.694
2021-12-23 19:00:00,0.6992
2021-12-23 20:00:00,0.7241
2021-12-23 21:00:00,0.7453
2021-12-23 22:00:00,0.7571
2021-12-23 23:00:00,0.7545
2021-12-24 00:00:00,0.7638
2021-12-24 01:00:00,0.7929
2021-12-24 02:00:00,0.8396
2021-12-24 03:00:00,0.8674
2021-12-24 04:00:00,0.8789
2021-12-24 05:00:00,0.8832
2021-12-24 06:00:00,0.8888
2021-12-24 07:00:00,0.9091
2021-12-24 08:00:00,0.9235
2021-12-24 09:00:00,0.9149
2021-12-24 10:00:00,0.8852
2021-12-24 11:00:00,0.8499
2021-12-24 12:00:00,0.8096
2021-12-24 13:00:00,0.7551
2021-12-24 14:00:00,0.6977
2021-12-24 15:00:00,0.7214
2021-12-24 16:00:00,0.7331
2021-12-24 17:00:00,0.6683
2021-12-24 18:00:00,0.568
2021-12-24 19:00:00,0.5891
2021-12-24 20:00:00,0.5971
2021-12-24 21:00:00,0.4897
2021-12-24 22:00:00,0.3904
2021-12-24 23:00:00,0.3255
2021-12-25 00:00:00,0.2882
2021-12-25 01:00:00,0.2644
2021-12-25 02:00:00,0.2513
2021-12-25 03:00:00,0.2645
2021-12-25 04:00:00,0.3301
2021-12-25 05:00:00,0.4508
2021-12-25 06:00:00,0.5366
2021-12-25 07:00:00,0.567
2021-12-25 08:00:00,0.5448
2021-12-25 09:00:00,0.4953
2021-12-25 10:00:00,0.4358
2021-12-25 11:00:00,0.385
2021-12-25 12:00:00,0.3566
2021-12-25 13:00:00,0.3297
2021-12-25 14:00:00,0.3023
2021-12-25 15:00:00,0.318
2021-12-25 16:00:00,0.3893
2021-12-25 17:00:00,0.4734
2021-12-25 18:00:00,0.558
2021-12-25 19:00:00,0.6552
2021-12-25 20:00:00,0.6967
2021-12-25 21:00:00,0.6424
2021-12-25 22:00:00,0.6633
2021-12-25 23:00:00,0.6796
2021-12-26 00:00:00,0.7197
2021-12-26 01:00:00,0.7308
2021-12-26 02:00:00,0.7137
2021-12-26 03:00:00,0.6987
2021-12-26 04:00:00,0.6936
2021-12-26 05:00:00,0.6864
2021-12-26 06:00:00,0.6773
2021-12-26 07:00:00,0.669
2021-12-26 08:00:00,0.6344
2021-12-26 09:00:00,0.5743
2021-12-26 10:00:00,0.5277
2021-12-26 11:00:00,0.5041
2021-12-26 12:00:00,0.4968
2021-12-26 13:00:00,0.4763
2021-12-26 14:00:00,0.4684
2021-12-26 15:00:00,0.4888
2021-12-26 16:00:00,0.4931
2021-12-26 17:00:00,0.4594
2021-12-26 18:00:00,0.3949
2021-12-26 19:00:00,0.3366
2021-12-26 20:00:00,0.306
2021-12-26 21:00:00,0.2928
2021-12-26 22:00:00,0.2999
2021-12-26 23:00:00,0.3129
2021-12-27 00:00:00,0.3326
2021-12-27 01:00:00,0.3566
2021-12-27 02:00:00,0.3629
2021-12-27 03:00:00,0.36
2021-12-27 04:00:00,0.3391
2021-12-27 05:00:00,0.2977
2021-12-27 06:00:00,0.2498
2021-12-27 07:00:00,0.2115
2021-12-27 08:00:00,0.1778
2021-12-27 09:00:00,0.158
2021-12-27 10:00:00,0.1488
2021-12-27 11:00:00,0.152
2021-12-27 12:00:00,0.1608
2021-12-27 13:00:00,0.1574
2021-12-27 14:00:00,0.1371
2021-12-27 15:00:00,0.1049
2021-12-27 16:00:00,0.0815
2021-12-27 17:00:00,0.078
2021-12-27 18:00:00,0.0795
2021-12-27 19:00:00,0.0673
2021-12-27 20:00:00,0.0475
2021-12-27 21:00:00,0.0466
2021-12-27 22:00:00,0.0576
2021-12-27 23:00:00,0.0637
2021-12-28 00:00:00,0.0835
2021-12-28 01:00:00,0.1104
2021-12-28 02:00:00,0.1403
2021-12-28 03:00:00,0.1884
2021-12-28 04:00:00,0.2372
2021-12-28 05:00:00,0.2684
2021-12-28 06:00:00,0.2815
2021-12-28 07:00:00,0.3082
2021-12-28 08:00:00,0.3336
2021-12-28 09:00:00,0.3338
2021-12-28 10:00:00,0.2861
2021-12-28 11:00:00,0.225
2021-12-28 12:00:00,0.1647
2021-12-28 13:00:00,0.108
2021-12-28 14:00:00,0.0732
2021-12-28 15:00:00,0.0437
2021-12-28 16:00:00,0.0277
2021-12-28 17:00:00,0.0277
2021-12-28 18:00:00,0.0314
2021-12-28 19:00:00,0.0222
2021-12-28 20:00:00,0.019
2021-12-28 21:00:00,0.0116
2021-12-28 22:00:00,0.0126
2021-12-28 23:00:00,0.0262
2021-12-29 00:00:00,0.0347
2021-12-29 01:00:00,0.0343
2021-12-29 02:00:00,0.023
2021-12-29 03:00:00,0.0181
2021-12-29 04:00:00,0.0176
2021-12-29 05:00:00,0.0224
2021-12-29 06:00:00,0.0348
2021-12-29 07:00:00,0.0523
2021-12-29 08:00:00,0.0748
2021-12-29 09:00:00,0.0839
2021-12-29 10:00:00,0.0808
2021-12-29 11:00:00,0.0673
2021-12-29 12:00:00,0.0461
2021-12-29 13:00:00,0.0308
2021-12-29 14:00:00,0.0198
2021-12-29 15:00:00,0.0171
2021-12-29 16:00:00,0.022
2021-12-29 17:00:00,0.0457
2021-12-29 18:00:00,0.0853
2021-12-29 19:00:00,0.152
2021-12-29 20:00:00,0.2563
2021-12-29 21:00:00,0.3535
2021-12-29 22:00:00,0.4357
2021-12-29 23:00:00,0.5543
2021-12-30 00:00:00,0.6694
2021-12-30 01:00:00,0.746
2021-12-30 02:00:00,0.7682
2021-12-30 03:00:00,0.7852
2021-12-30 04:00:00,0.8237
2021-12-30 05:00:00,0.8464
2021-12-30 06:00:00,0.8373
2021-12-30 07:00:00,0.8841
2021-12-30 08:00:00,0.8986
2021-12-30 09:00:00,0.8356
2021-12-30 10:00:00,0.7441
2021-12-30 11:00:00,0.6754
2021-12-30 12:00:00,0.6085
2021-12-30 13:00:00,0.5339
2021-12-30 14:00:00,0.4813
2021-12-30 15:00:00,0.4888
2021-12-30 16:00:00,0.5616
2021-12-30 17:00:00,0.6226
2021-12-30 18:00:00,0.6459
2021-12-30 19:00:00,0.6455
2021-12-30 20:00:00,0.6151
2021-12-30 21:00:00,0.5616
2021-12-30 22:00:00,0.5023
2021-12-30 23:00:00,0.4688
2021-12-31 00:00:00,0.4453
2021-12-31 01:00:00,0.4245
2021-12-31 02:00:00,0.3908
2021-12-31 03:00:00,0.3294
2021-12-31 04:00:00,0.2622
2021-12-31 05:00:00,0.2064
2021-12-31 06:00:00,0.1636
2021-12-31 07:00:00,0.1437
2021-12-31 08:00:00,0.139
2021-12-31 09:00:00,0.1451
2021-12-31 10:00:00,0.1522
2021-12-31 11:00:00,0.1559
2021-12-31 12:00:00,0.1545
2021-12-31 13:00:00,0.1441
2021-12-31 14:00:00,0.1299
2021-12-31 15:00:00,0.1119
2021-12-31 16:00:00,0.1038
2021-12-31 17:00:00,0.103
2021-12-31 18:00:00,0.1104
2021-12-31 19:00:00,0.1231
2021-12-31 20:00:00,0.1359
2021-12-31 21:00:00,0.1519
2021-12-31 22:00:00,0.1665
2021-12-31 23:00:00,0.1706
