,Mobility
01/01/2021 00:00,0.0000
01/01/2021 01:00,0.0000
01/01/2021 02:00,0.0000
01/01/2021 03:00,0.0000
01/01/2021 04:00,0.0000
01/01/2021 05:00,0.0000
01/01/2021 06:00,0.0000
01/01/2021 07:00,0.0000
01/01/2021 08:00,0.0000
01/01/2021 09:00,0.0000
01/01/2021 10:00,0.0000
01/01/2021 11:00,0.0000
01/01/2021 12:00,0.0000
01/01/2021 13:00,0.0000
01/01/2021 14:00,0.0000
01/01/2021 15:00,0.0000
01/01/2021 16:00,0.0000
01/01/2021 17:00,0.0000
01/01/2021 18:00,0.0000
01/01/2021 19:00,0.0000
01/01/2021 20:00,0.0000
01/01/2021 21:00,0.0000
01/01/2021 22:00,0.0000
01/01/2021 23:00,0.0000
02/01/2021 00:00,0.0000
02/01/2021 01:00,0.0000
02/01/2021 02:00,2.0944
02/01/2021 03:00,0.0000
02/01/2021 04:00,0.0000
02/01/2021 05:00,0.0000
02/01/2021 06:00,0.0000
02/01/2021 07:00,0.0000
02/01/2021 08:00,0.0000
02/01/2021 09:00,0.0000
02/01/2021 10:00,0.5919
02/01/2021 11:00,5.2286
02/01/2021 12:00,0.0000
02/01/2021 13:00,0.7372
02/01/2021 14:00,0.0000
02/01/2021 15:00,0.0000
02/01/2021 16:00,0.0000
02/01/2021 17:00,0.0000
02/01/2021 18:00,2.4684
02/01/2021 19:00,1.5826
02/01/2021 20:00,0.0000
02/01/2021 21:00,0.0000
02/01/2021 22:00,0.0000
02/01/2021 23:00,0.0000
03/01/2021 00:00,0.0000
03/01/2021 01:00,0.0000
03/01/2021 02:00,0.0000
03/01/2021 03:00,0.0000
03/01/2021 04:00,0.0000
03/01/2021 05:00,0.0000
03/01/2021 06:00,0.0000
03/01/2021 07:00,0.0000
03/01/2021 08:00,0.0000
03/01/2021 09:00,0.0000
03/01/2021 10:00,0.0000
03/01/2021 11:00,0.0000
03/01/2021 12:00,0.0000
03/01/2021 13:00,2.7389
03/01/2021 14:00,4.0237
03/01/2021 15:00,0.0000
03/01/2021 16:00,4.0120
03/01/2021 17:00,0.1888
03/01/2021 18:00,0.0000
03/01/2021 19:00,0.0000
03/01/2021 20:00,0.0000
03/01/2021 21:00,0.0000
03/01/2021 22:00,0.0000
03/01/2021 23:00,0.0000
04/01/2021 00:00,0.0000
04/01/2021 01:00,0.0000
04/01/2021 02:00,0.0000
04/01/2021 03:00,0.0000
04/01/2021 04:00,0.0000
04/01/2021 05:00,0.0000
04/01/2021 06:00,0.0000
04/01/2021 07:00,3.5414
04/01/2021 08:00,2.8279
04/01/2021 09:00,0.0000
04/01/2021 10:00,0.0000
04/01/2021 11:00,0.0000
04/01/2021 12:00,0.0000
04/01/2021 13:00,0.0000
04/01/2021 14:00,0.0000
04/01/2021 15:00,0.0000
04/01/2021 16:00,0.0000
04/01/2021 17:00,0.0000
04/01/2021 18:00,0.0000
04/01/2021 19:00,0.0000
04/01/2021 20:00,0.0000
04/01/2021 21:00,0.0000
04/01/2021 22:00,0.0000
04/01/2021 23:00,0.0000
05/01/2021 00:00,0.0000
05/01/2021 01:00,0.0000
05/01/2021 02:00,0.0000
05/01/2021 03:00,0.0000
05/01/2021 04:00,0.0000
05/01/2021 05:00,0.0000
05/01/2021 06:00,0.4131
05/01/2021 07:00,4.2979
05/01/2021 08:00,0.0000
05/01/2021 09:00,1.1526
05/01/2021 10:00,0.0000
05/01/2021 11:00,0.0000
05/01/2021 12:00,0.0000
05/01/2021 13:00,0.0000
05/01/2021 14:00,0.0000
05/01/2021 15:00,0.0000
05/01/2021 16:00,0.0000
05/01/2021 17:00,0.0000
05/01/2021 18:00,0.0000
05/01/2021 19:00,0.0000
05/01/2021 20:00,0.0000
05/01/2021 21:00,0.0000
05/01/2021 22:00,0.0000
05/01/2021 23:00,0.0000
06/01/2021 00:00,0.0000
06/01/2021 01:00,0.0000
06/01/2021 02:00,0.0000
06/01/2021 03:00,0.0000
06/01/2021 04:00,0.0000
06/01/2021 05:00,0.0000
06/01/2021 06:00,0.0000
06/01/2021 07:00,0.0000
06/01/2021 08:00,0.0000
06/01/2021 09:00,0.0000
06/01/2021 10:00,0.0000
06/01/2021 11:00,0.0000
06/01/2021 12:00,0.0000
06/01/2021 13:00,0.0000
06/01/2021 14:00,0.0000
06/01/2021 15:00,0.0000
06/01/2021 16:00,0.0000
06/01/2021 17:00,0.0000
06/01/2021 18:00,0.0000
06/01/2021 19:00,0.0000
06/01/2021 20:00,0.0000
06/01/2021 21:00,0.0000
06/01/2021 22:00,0.0000
06/01/2021 23:00,0.0000
07/01/2021 00:00,0.0000
07/01/2021 01:00,0.0000
07/01/2021 02:00,0.0000
07/01/2021 03:00,0.0000
07/01/2021 04:00,0.0000
07/01/2021 05:00,0.0000
07/01/2021 06:00,0.0000
07/01/2021 07:00,0.0000
07/01/2021 08:00,0.0000
07/01/2021 09:00,0.0000
07/01/2021 10:00,0.0000
07/01/2021 11:00,0.0000
07/01/2021 12:00,0.0000
07/01/2021 13:00,0.0000
07/01/2021 14:00,0.0000
07/01/2021 15:00,0.0000
07/01/2021 16:00,3.4550
07/01/2021 17:00,1.3833
07/01/2021 18:00,0.0000
07/01/2021 19:00,0.0000
07/01/2021 20:00,0.0000
07/01/2021 21:00,0.0000
07/01/2021 22:00,0.0000
07/01/2021 23:00,0.0000
08/01/2021 00:00,0.0000
08/01/2021 01:00,0.0000
08/01/2021 02:00,0.0000
08/01/2021 03:00,0.0000
08/01/2021 04:00,0.0000
08/01/2021 05:00,0.0000
08/01/2021 06:00,0.0000
08/01/2021 07:00,0.0000
08/01/2021 08:00,0.0000
08/01/2021 09:00,0.0000
08/01/2021 10:00,0.0000
08/01/2021 11:00,0.0000
08/01/2021 12:00,0.0000
08/01/2021 13:00,0.0000
08/01/2021 14:00,0.0000
08/01/2021 15:00,3.7802
08/01/2021 16:00,0.5250
08/01/2021 17:00,0.9114
08/01/2021 18:00,0.0000
08/01/2021 19:00,0.0000
08/01/2021 20:00,0.0000
08/01/2021 21:00,0.0000
08/01/2021 22:00,0.0000
08/01/2021 23:00,0.0000
09/01/2021 00:00,0.0000
09/01/2021 01:00,0.0000
09/01/2021 02:00,0.0000
09/01/2021 03:00,0.0000
09/01/2021 04:00,0.0000
09/01/2021 05:00,0.0000
09/01/2021 06:00,0.0000
09/01/2021 07:00,0.0000
09/01/2021 08:00,0.0000
09/01/2021 09:00,0.0000
09/01/2021 10:00,0.0000
09/01/2021 11:00,0.0000
09/01/2021 12:00,0.0000
09/01/2021 13:00,0.0000
09/01/2021 14:00,0.0000
09/01/2021 15:00,0.0000
09/01/2021 16:00,0.0000
09/01/2021 17:00,0.0000
09/01/2021 18:00,0.0000
09/01/2021 19:00,0.0000
09/01/2021 20:00,0.0000
09/01/2021 21:00,0.0000
09/01/2021 22:00,0.0000
09/01/2021 23:00,0.0000
10/01/2021 00:00,0.0000
10/01/2021 01:00,0.0000
10/01/2021 02:00,0.0000
10/01/2021 03:00,0.0000
10/01/2021 04:00,0.0000
10/01/2021 05:00,0.0000
10/01/2021 06:00,0.0000
10/01/2021 07:00,0.0000
10/01/2021 08:00,0.0000
10/01/2021 09:00,0.0000
10/01/2021 10:00,0.0000
10/01/2021 11:00,1.6916
10/01/2021 12:00,0.1442
10/01/2021 13:00,7.2085
10/01/2021 14:00,0.0000
10/01/2021 15:00,0.0000
10/01/2021 16:00,0.0000
10/01/2021 17:00,0.0000
10/01/2021 18:00,0.0000
10/01/2021 19:00,1.7832
10/01/2021 20:00,0.0000
10/01/2021 21:00,0.0000
10/01/2021 22:00,0.0000
10/01/2021 23:00,2.0230
11/01/2021 00:00,0.0000
11/01/2021 01:00,0.0000
11/01/2021 02:00,0.0000
11/01/2021 03:00,0.0000
11/01/2021 04:00,0.0000
11/01/2021 05:00,0.0000
11/01/2021 06:00,0.0000
11/01/2021 07:00,0.0000
11/01/2021 08:00,0.0000
11/01/2021 09:00,0.0000
11/01/2021 10:00,0.0000
11/01/2021 11:00,0.0000
11/01/2021 12:00,0.0000
11/01/2021 13:00,0.0000
11/01/2021 14:00,0.0000
11/01/2021 15:00,0.0000
11/01/2021 16:00,1.6994
11/01/2021 17:00,3.5824
11/01/2021 18:00,0.0000
11/01/2021 19:00,0.0000
11/01/2021 20:00,0.0000
11/01/2021 21:00,0.0000
11/01/2021 22:00,0.0000
11/01/2021 23:00,0.0000
12/01/2021 00:00,0.0000
12/01/2021 01:00,3.9419
12/01/2021 02:00,0.0000
12/01/2021 03:00,0.0000
12/01/2021 04:00,0.0000
12/01/2021 05:00,0.0000
12/01/2021 06:00,0.0000
12/01/2021 07:00,0.0000
12/01/2021 08:00,0.0000
12/01/2021 09:00,3.0372
12/01/2021 10:00,0.0000
12/01/2021 11:00,0.0000
12/01/2021 12:00,3.0106
12/01/2021 13:00,0.0000
12/01/2021 14:00,0.0000
12/01/2021 15:00,1.2396
12/01/2021 16:00,2.2037
12/01/2021 17:00,0.0000
12/01/2021 18:00,0.0000
12/01/2021 19:00,0.0000
12/01/2021 20:00,0.0000
12/01/2021 21:00,0.0000
12/01/2021 22:00,0.0000
12/01/2021 23:00,0.0000
13/01/2021 00:00,0.0000
13/01/2021 01:00,0.0000
13/01/2021 02:00,0.0000
13/01/2021 03:00,3.8804
13/01/2021 04:00,1.3339
13/01/2021 05:00,0.0000
13/01/2021 06:00,1.6379
13/01/2021 07:00,3.0832
13/01/2021 08:00,0.0000
13/01/2021 09:00,0.4221
13/01/2021 10:00,0.0000
13/01/2021 11:00,1.6060
13/01/2021 12:00,0.2141
13/01/2021 13:00,0.0000
13/01/2021 14:00,0.0000
13/01/2021 15:00,0.0000
13/01/2021 16:00,0.0000
13/01/2021 17:00,0.0000
13/01/2021 18:00,0.0000
13/01/2021 19:00,0.0000
13/01/2021 20:00,0.0000
13/01/2021 21:00,0.0000
13/01/2021 22:00,0.0000
13/01/2021 23:00,0.0000
14/01/2021 00:00,0.0000
14/01/2021 01:00,0.6912
14/01/2021 02:00,0.0000
14/01/2021 03:00,0.0000
14/01/2021 04:00,0.0000
14/01/2021 05:00,0.0000
14/01/2021 06:00,0.0000
14/01/2021 07:00,0.0000
14/01/2021 08:00,0.0000
14/01/2021 09:00,0.0000
14/01/2021 10:00,0.8503
14/01/2021 11:00,0.0000
14/01/2021 12:00,0.0000
14/01/2021 13:00,0.0000
14/01/2021 14:00,0.0000
14/01/2021 15:00,3.1668
14/01/2021 16:00,0.6766
14/01/2021 17:00,0.0000
14/01/2021 18:00,0.0000
14/01/2021 19:00,0.0000
14/01/2021 20:00,1.6506
14/01/2021 21:00,4.8360
14/01/2021 22:00,0.0000
14/01/2021 23:00,0.0000
15/01/2021 00:00,0.0000
15/01/2021 01:00,0.0000
15/01/2021 02:00,0.0000
15/01/2021 03:00,0.0000
15/01/2021 04:00,0.0000
15/01/2021 05:00,0.0000
15/01/2021 06:00,0.0000
15/01/2021 07:00,0.5914
15/01/2021 08:00,0.0000
15/01/2021 09:00,0.0000
15/01/2021 10:00,0.0000
15/01/2021 11:00,0.0000
15/01/2021 12:00,0.0000
15/01/2021 13:00,0.0000
15/01/2021 14:00,0.0000
15/01/2021 15:00,0.2030
15/01/2021 16:00,4.6071
15/01/2021 17:00,0.0000
15/01/2021 18:00,0.0000
15/01/2021 19:00,0.0000
15/01/2021 20:00,0.0000
15/01/2021 21:00,0.0000
15/01/2021 22:00,0.0000
15/01/2021 23:00,0.0000
16/01/2021 00:00,0.0000
16/01/2021 01:00,0.0000
16/01/2021 02:00,0.0000
16/01/2021 03:00,0.0000
16/01/2021 04:00,0.0000
16/01/2021 05:00,0.0000
16/01/2021 06:00,0.0000
16/01/2021 07:00,0.0000
16/01/2021 08:00,0.0000
16/01/2021 09:00,0.0000
16/01/2021 10:00,0.0000
16/01/2021 11:00,0.0000
16/01/2021 12:00,0.0000
16/01/2021 13:00,0.0000
16/01/2021 14:00,0.4525
16/01/2021 15:00,2.6435
16/01/2021 16:00,3.6185
16/01/2021 17:00,1.0880
16/01/2021 18:00,0.0000
16/01/2021 19:00,0.0000
16/01/2021 20:00,0.5604
16/01/2021 21:00,0.0000
16/01/2021 22:00,0.0000
16/01/2021 23:00,0.0000
17/01/2021 00:00,0.0000
17/01/2021 01:00,0.0000
17/01/2021 02:00,0.0000
17/01/2021 03:00,0.0000
17/01/2021 04:00,0.0000
17/01/2021 05:00,0.0000
17/01/2021 06:00,0.0000
17/01/2021 07:00,0.0000
17/01/2021 08:00,0.0000
17/01/2021 09:00,0.0000
17/01/2021 10:00,0.0000
17/01/2021 11:00,0.0000
17/01/2021 12:00,0.0000
17/01/2021 13:00,0.0000
17/01/2021 14:00,0.0000
17/01/2021 15:00,0.0000
17/01/2021 16:00,0.0000
17/01/2021 17:00,0.0000
17/01/2021 18:00,0.0000
17/01/2021 19:00,0.0000
17/01/2021 20:00,0.0000
17/01/2021 21:00,0.0000
17/01/2021 22:00,0.0000
17/01/2021 23:00,0.0000
18/01/2021 00:00,3.5910
18/01/2021 01:00,0.0000
18/01/2021 02:00,0.0000
18/01/2021 03:00,0.0000
18/01/2021 04:00,0.0000
18/01/2021 05:00,0.0000
18/01/2021 06:00,4.4594
18/01/2021 07:00,0.0000
18/01/2021 08:00,0.0000
18/01/2021 09:00,0.0000
18/01/2021 10:00,0.0000
18/01/2021 11:00,0.0000
18/01/2021 12:00,0.0000
18/01/2021 13:00,0.0000
18/01/2021 14:00,0.0000
18/01/2021 15:00,1.7522
18/01/2021 16:00,1.1418
18/01/2021 17:00,0.0000
18/01/2021 18:00,0.0000
18/01/2021 19:00,0.0000
18/01/2021 20:00,3.5784
18/01/2021 21:00,0.1022
18/01/2021 22:00,0.4545
18/01/2021 23:00,0.0000
19/01/2021 00:00,0.0000
19/01/2021 01:00,0.0000
19/01/2021 02:00,0.7333
19/01/2021 03:00,0.0000
19/01/2021 04:00,0.0000
19/01/2021 05:00,0.0000
19/01/2021 06:00,0.0000
19/01/2021 07:00,0.0000
19/01/2021 08:00,0.0000
19/01/2021 09:00,1.5068
19/01/2021 10:00,0.0000
19/01/2021 11:00,0.0000
19/01/2021 12:00,0.0000
19/01/2021 13:00,0.0000
19/01/2021 14:00,0.0000
19/01/2021 15:00,1.9633
19/01/2021 16:00,2.6931
19/01/2021 17:00,0.0000
19/01/2021 18:00,0.0000
19/01/2021 19:00,0.0000
19/01/2021 20:00,0.0000
19/01/2021 21:00,0.0000
19/01/2021 22:00,3.5861
19/01/2021 23:00,2.5820
20/01/2021 00:00,0.0000
20/01/2021 01:00,0.0000
20/01/2021 02:00,0.0000
20/01/2021 03:00,0.0000
20/01/2021 04:00,0.0000
20/01/2021 05:00,0.0000
20/01/2021 06:00,1.1602
20/01/2021 07:00,0.0000
20/01/2021 08:00,0.0000
20/01/2021 09:00,0.0000
20/01/2021 10:00,0.0000
20/01/2021 11:00,0.0000
20/01/2021 12:00,0.0000
20/01/2021 13:00,0.0000
20/01/2021 14:00,0.0000
20/01/2021 15:00,0.0000
20/01/2021 16:00,0.0000
20/01/2021 17:00,4.2330
20/01/2021 18:00,0.0000
20/01/2021 19:00,0.0000
20/01/2021 20:00,0.0000
20/01/2021 21:00,0.0000
20/01/2021 22:00,0.0000
20/01/2021 23:00,0.0000
21/01/2021 00:00,0.0000
21/01/2021 01:00,0.0000
21/01/2021 02:00,0.0000
21/01/2021 03:00,0.0000
21/01/2021 04:00,0.0000
21/01/2021 05:00,0.0000
21/01/2021 06:00,0.0000
21/01/2021 07:00,0.0000
21/01/2021 08:00,0.3843
21/01/2021 09:00,0.0000
21/01/2021 10:00,0.0000
21/01/2021 11:00,0.0000
21/01/2021 12:00,0.0000
21/01/2021 13:00,0.0000
21/01/2021 14:00,0.0000
21/01/2021 15:00,1.3448
21/01/2021 16:00,4.4912
21/01/2021 17:00,0.0000
21/01/2021 18:00,0.0000
21/01/2021 19:00,0.0000
21/01/2021 20:00,0.0000
21/01/2021 21:00,0.0000
21/01/2021 22:00,0.0000
21/01/2021 23:00,0.0000
22/01/2021 00:00,0.0000
22/01/2021 01:00,0.0000
22/01/2021 02:00,0.0000
22/01/2021 03:00,0.0000
22/01/2021 04:00,0.0000
22/01/2021 05:00,0.0000
22/01/2021 06:00,0.0000
22/01/2021 07:00,0.0000
22/01/2021 08:00,0.0000
22/01/2021 09:00,0.0000
22/01/2021 10:00,0.9367
22/01/2021 11:00,0.0000
22/01/2021 12:00,0.0000
22/01/2021 13:00,0.0000
22/01/2021 14:00,0.0000
22/01/2021 15:00,1.4001
22/01/2021 16:00,2.5088
22/01/2021 17:00,0.0000
22/01/2021 18:00,0.0000
22/01/2021 19:00,0.0000
22/01/2021 20:00,0.0000
22/01/2021 21:00,0.0000
22/01/2021 22:00,0.0000
22/01/2021 23:00,0.0000
23/01/2021 00:00,0.0000
23/01/2021 01:00,0.0000
23/01/2021 02:00,0.0000
23/01/2021 03:00,0.0000
23/01/2021 04:00,0.0000
23/01/2021 05:00,0.0000
23/01/2021 06:00,0.0000
23/01/2021 07:00,0.0000
23/01/2021 08:00,0.0000
23/01/2021 09:00,0.0000
23/01/2021 10:00,5.0843
23/01/2021 11:00,1.9228
23/01/2021 12:00,0.0000
23/01/2021 13:00,0.0000
23/01/2021 14:00,0.0000
23/01/2021 15:00,4.2410
23/01/2021 16:00,0.0000
23/01/2021 17:00,0.0000
23/01/2021 18:00,0.0000
23/01/2021 19:00,0.0000
23/01/2021 20:00,0.0000
23/01/2021 21:00,0.0000
23/01/2021 22:00,0.8016
23/01/2021 23:00,1.0749
24/01/2021 00:00,0.0000
24/01/2021 01:00,0.0000
24/01/2021 02:00,0.0000
24/01/2021 03:00,0.0000
24/01/2021 04:00,0.0000
24/01/2021 05:00,0.0000
24/01/2021 06:00,0.0000
24/01/2021 07:00,0.0000
24/01/2021 08:00,0.0000
24/01/2021 09:00,0.0000
24/01/2021 10:00,0.0000
24/01/2021 11:00,0.0000
24/01/2021 12:00,0.0000
24/01/2021 13:00,0.0000
24/01/2021 14:00,0.0000
24/01/2021 15:00,0.0000
24/01/2021 16:00,0.0000
24/01/2021 17:00,0.0000
24/01/2021 18:00,0.0000
24/01/2021 19:00,0.0000
24/01/2021 20:00,0.0000
24/01/2021 21:00,0.0000
24/01/2021 22:00,0.0000
24/01/2021 23:00,0.0000
25/01/2021 00:00,0.0000
25/01/2021 01:00,0.0000
25/01/2021 02:00,0.0000
25/01/2021 03:00,0.0000
25/01/2021 04:00,0.0000
25/01/2021 05:00,0.0000
25/01/2021 06:00,0.0000
25/01/2021 07:00,0.8138
25/01/2021 08:00,0.0000
25/01/2021 09:00,0.0000
25/01/2021 10:00,0.0000
25/01/2021 11:00,0.0000
25/01/2021 12:00,0.0000
25/01/2021 13:00,0.0000
25/01/2021 14:00,0.0000
25/01/2021 15:00,0.0000
25/01/2021 16:00,3.1662
25/01/2021 17:00,0.7967
25/01/2021 18:00,0.0000
25/01/2021 19:00,0.0000
25/01/2021 20:00,0.0000
25/01/2021 21:00,0.0000
25/01/2021 22:00,0.0000
25/01/2021 23:00,0.0000
26/01/2021 00:00,0.0000
26/01/2021 01:00,0.0000
26/01/2021 02:00,0.0000
26/01/2021 03:00,0.0000
26/01/2021 04:00,0.0000
26/01/2021 05:00,0.0000
26/01/2021 06:00,0.0000
26/01/2021 07:00,0.0000
26/01/2021 08:00,3.0749
26/01/2021 09:00,0.6325
26/01/2021 10:00,0.0000
26/01/2021 11:00,0.0000
26/01/2021 12:00,0.0000
26/01/2021 13:00,0.0000
26/01/2021 14:00,0.0000
26/01/2021 15:00,0.0000
26/01/2021 16:00,0.0000
26/01/2021 17:00,0.0000
26/01/2021 18:00,1.1694
26/01/2021 19:00,0.0000
26/01/2021 20:00,0.0000
26/01/2021 21:00,0.0000
26/01/2021 22:00,0.0000
26/01/2021 23:00,0.0000
27/01/2021 00:00,0.0000
27/01/2021 01:00,0.0000
27/01/2021 02:00,0.0000
27/01/2021 03:00,0.0000
27/01/2021 04:00,0.0000
27/01/2021 05:00,0.0000
27/01/2021 06:00,0.0000
27/01/2021 07:00,0.0000
27/01/2021 08:00,0.0000
27/01/2021 09:00,0.0000
27/01/2021 10:00,0.0000
27/01/2021 11:00,0.0000
27/01/2021 12:00,0.0000
27/01/2021 13:00,0.0000
27/01/2021 14:00,0.0000
27/01/2021 15:00,1.5635
27/01/2021 16:00,2.5407
27/01/2021 17:00,0.0000
27/01/2021 18:00,0.6910
27/01/2021 19:00,0.0000
27/01/2021 20:00,0.0000
27/01/2021 21:00,0.0000
27/01/2021 22:00,0.0000
27/01/2021 23:00,0.0000
28/01/2021 00:00,0.0000
28/01/2021 01:00,0.0000
28/01/2021 02:00,0.0000
28/01/2021 03:00,0.0000
28/01/2021 04:00,0.0000
28/01/2021 05:00,0.0000
28/01/2021 06:00,0.0000
28/01/2021 07:00,0.0000
28/01/2021 08:00,0.8291
28/01/2021 09:00,0.0000
28/01/2021 10:00,0.0000
28/01/2021 11:00,0.0000
28/01/2021 12:00,0.0000
28/01/2021 13:00,0.0000
28/01/2021 14:00,0.7763
28/01/2021 15:00,3.8930
28/01/2021 16:00,0.0000
28/01/2021 17:00,0.0000
28/01/2021 18:00,0.0000
28/01/2021 19:00,0.0000
28/01/2021 20:00,0.0000
28/01/2021 21:00,0.0000
28/01/2021 22:00,0.0000
28/01/2021 23:00,0.0000
29/01/2021 00:00,0.0000
29/01/2021 01:00,0.0000
29/01/2021 02:00,0.0000
29/01/2021 03:00,0.0000
29/01/2021 04:00,0.0000
29/01/2021 05:00,0.0000
29/01/2021 06:00,0.0000
29/01/2021 07:00,0.0000
29/01/2021 08:00,0.0000
29/01/2021 09:00,1.6458
29/01/2021 10:00,0.0000
29/01/2021 11:00,0.0000
29/01/2021 12:00,0.0000
29/01/2021 13:00,0.0000
29/01/2021 14:00,0.0000
29/01/2021 15:00,0.0000
29/01/2021 16:00,0.6835
29/01/2021 17:00,2.7625
29/01/2021 18:00,0.0000
29/01/2021 19:00,0.0000
29/01/2021 20:00,0.0000
29/01/2021 21:00,0.0000
29/01/2021 22:00,0.0000
29/01/2021 23:00,0.0000
30/01/2021 00:00,0.0000
30/01/2021 01:00,0.0000
30/01/2021 02:00,0.0000
30/01/2021 03:00,0.0000
30/01/2021 04:00,0.0000
30/01/2021 05:00,0.0000
30/01/2021 06:00,0.0000
30/01/2021 07:00,0.0000
30/01/2021 08:00,0.0000
30/01/2021 09:00,0.0000
30/01/2021 10:00,0.0000
30/01/2021 11:00,0.0000
30/01/2021 12:00,0.0000
30/01/2021 13:00,0.0000
30/01/2021 14:00,0.0000
30/01/2021 15:00,0.0000
30/01/2021 16:00,0.0000
30/01/2021 17:00,0.0000
30/01/2021 18:00,0.0000
30/01/2021 19:00,0.0000
30/01/2021 20:00,0.0000
30/01/2021 21:00,0.0000
30/01/2021 22:00,0.0000
30/01/2021 23:00,0.0000
31/01/2021 00:00,0.0000
31/01/2021 01:00,0.0000
31/01/2021 02:00,0.0000
31/01/2021 03:00,0.0000
31/01/2021 04:00,0.0000
31/01/2021 05:00,0.0000
31/01/2021 06:00,0.0000
31/01/2021 07:00,0.0000
31/01/2021 08:00,0.0000
31/01/2021 09:00,0.0000
31/01/2021 10:00,0.0000
31/01/2021 11:00,0.0000
31/01/2021 12:00,0.0000
31/01/2021 13:00,0.0000
31/01/2021 14:00,0.0000
31/01/2021 15:00,0.0000
31/01/2021 16:00,0.0000
31/01/2021 17:00,0.0000
31/01/2021 18:00,0.0000
31/01/2021 19:00,0.0000
31/01/2021 20:00,0.0000
31/01/2021 21:00,0.0000
31/01/2021 22:00,1.0283
31/01/2021 23:00,0.8012
01/02/2021 00:00,0.0000
01/02/2021 01:00,0.0000
01/02/2021 02:00,0.0000
01/02/2021 03:00,0.0000
01/02/2021 04:00,0.0000
01/02/2021 05:00,0.0000
01/02/2021 06:00,3.6610
01/02/2021 07:00,0.0000
01/02/2021 08:00,0.0000
01/02/2021 09:00,0.0000
01/02/2021 10:00,0.0000
01/02/2021 11:00,0.0000
01/02/2021 12:00,0.0000
01/02/2021 13:00,0.0000
01/02/2021 14:00,0.0000
01/02/2021 15:00,0.0000
01/02/2021 16:00,0.0000
01/02/2021 17:00,0.0000
01/02/2021 18:00,1.6934
01/02/2021 19:00,0.0000
01/02/2021 20:00,0.0000
01/02/2021 21:00,0.0000
01/02/2021 22:00,0.0000
01/02/2021 23:00,0.0000
02/02/2021 00:00,0.0000
02/02/2021 01:00,0.0000
02/02/2021 02:00,0.0000
02/02/2021 03:00,0.0000
02/02/2021 04:00,0.0000
02/02/2021 05:00,0.0000
02/02/2021 06:00,0.3254
02/02/2021 07:00,0.0000
02/02/2021 08:00,0.0000
02/02/2021 09:00,0.0000
02/02/2021 10:00,0.0000
02/02/2021 11:00,0.0000
02/02/2021 12:00,0.0000
02/02/2021 13:00,0.0000
02/02/2021 14:00,0.0000
02/02/2021 15:00,0.0000
02/02/2021 16:00,0.0000
02/02/2021 17:00,0.0000
02/02/2021 18:00,5.0539
02/02/2021 19:00,0.0000
02/02/2021 20:00,0.0000
02/02/2021 21:00,0.0000
02/02/2021 22:00,0.0000
02/02/2021 23:00,0.0000
03/02/2021 00:00,0.0000
03/02/2021 01:00,0.0000
03/02/2021 02:00,0.0000
03/02/2021 03:00,0.0000
03/02/2021 04:00,0.0000
03/02/2021 05:00,0.0000
03/02/2021 06:00,0.9084
03/02/2021 07:00,0.0000
03/02/2021 08:00,0.0000
03/02/2021 09:00,0.0000
03/02/2021 10:00,0.0000
03/02/2021 11:00,0.0000
03/02/2021 12:00,0.0000
03/02/2021 13:00,0.0000
03/02/2021 14:00,0.0000
03/02/2021 15:00,0.0000
03/02/2021 16:00,0.0000
03/02/2021 17:00,3.6300
03/02/2021 18:00,0.0000
03/02/2021 19:00,0.0000
03/02/2021 20:00,0.0000
03/02/2021 21:00,0.0000
03/02/2021 22:00,0.0000
03/02/2021 23:00,0.0000
04/02/2021 00:00,0.0000
04/02/2021 01:00,0.0000
04/02/2021 02:00,0.0000
04/02/2021 03:00,0.0000
04/02/2021 04:00,0.0000
04/02/2021 05:00,0.0000
04/02/2021 06:00,0.0000
04/02/2021 07:00,0.0000
04/02/2021 08:00,0.0000
04/02/2021 09:00,0.0000
04/02/2021 10:00,0.0000
04/02/2021 11:00,0.0000
04/02/2021 12:00,0.0000
04/02/2021 13:00,0.0000
04/02/2021 14:00,0.0000
04/02/2021 15:00,0.4961
04/02/2021 16:00,2.3644
04/02/2021 17:00,3.0545
04/02/2021 18:00,0.0000
04/02/2021 19:00,0.0000
04/02/2021 20:00,0.0000
04/02/2021 21:00,0.0000
04/02/2021 22:00,0.0000
04/02/2021 23:00,0.0000
05/02/2021 00:00,0.0000
05/02/2021 01:00,0.0000
05/02/2021 02:00,0.0000
05/02/2021 03:00,0.0000
05/02/2021 04:00,0.0000
05/02/2021 05:00,0.0000
05/02/2021 06:00,0.4106
05/02/2021 07:00,1.9261
05/02/2021 08:00,3.3986
05/02/2021 09:00,0.0000
05/02/2021 10:00,0.0000
05/02/2021 11:00,0.0000
05/02/2021 12:00,0.0000
05/02/2021 13:00,0.0000
05/02/2021 14:00,0.0000
05/02/2021 15:00,0.0000
05/02/2021 16:00,0.0000
05/02/2021 17:00,0.0000
05/02/2021 18:00,0.0000
05/02/2021 19:00,0.0000
05/02/2021 20:00,0.0000
05/02/2021 21:00,0.0000
05/02/2021 22:00,0.0000
05/02/2021 23:00,0.0000
06/02/2021 00:00,0.0000
06/02/2021 01:00,0.0000
06/02/2021 02:00,0.0000
06/02/2021 03:00,0.0000
06/02/2021 04:00,0.0000
06/02/2021 05:00,0.0000
06/02/2021 06:00,0.0000
06/02/2021 07:00,0.0000
06/02/2021 08:00,0.0000
06/02/2021 09:00,0.0000
06/02/2021 10:00,0.0000
06/02/2021 11:00,0.0000
06/02/2021 12:00,0.0000
06/02/2021 13:00,0.0000
06/02/2021 14:00,0.0000
06/02/2021 15:00,0.0000
06/02/2021 16:00,0.0000
06/02/2021 17:00,0.0000
06/02/2021 18:00,0.0000
06/02/2021 19:00,0.0000
06/02/2021 20:00,0.0000
06/02/2021 21:00,1.9290
06/02/2021 22:00,0.0000
06/02/2021 23:00,0.0000
07/02/2021 00:00,0.0000
07/02/2021 01:00,0.0000
07/02/2021 02:00,0.0000
07/02/2021 03:00,0.0000
07/02/2021 04:00,0.0000
07/02/2021 05:00,0.0000
07/02/2021 06:00,0.0000
07/02/2021 07:00,0.0000
07/02/2021 08:00,0.0000
07/02/2021 09:00,0.0000
07/02/2021 10:00,0.0000
07/02/2021 11:00,0.0000
07/02/2021 12:00,0.0000
07/02/2021 13:00,0.0000
07/02/2021 14:00,0.0000
07/02/2021 15:00,0.0000
07/02/2021 16:00,0.0000
07/02/2021 17:00,0.0000
07/02/2021 18:00,0.0000
07/02/2021 19:00,0.0000
07/02/2021 20:00,0.0000
07/02/2021 21:00,0.0000
07/02/2021 22:00,0.0000
07/02/2021 23:00,0.0000
08/02/2021 00:00,0.0000
08/02/2021 01:00,0.0000
08/02/2021 02:00,0.0000
08/02/2021 03:00,0.0000
08/02/2021 04:00,0.0000
08/02/2021 05:00,0.0000
08/02/2021 06:00,0.0000
08/02/2021 07:00,0.7490
08/02/2021 08:00,3.4657
08/02/2021 09:00,1.6332
08/02/2021 10:00,0.0000
08/02/2021 11:00,0.0000
08/02/2021 12:00,0.0000
08/02/2021 13:00,0.0000
08/02/2021 14:00,0.0000
08/02/2021 15:00,0.0000
08/02/2021 16:00,0.0000
08/02/2021 17:00,0.0000
08/02/2021 18:00,0.0000
08/02/2021 19:00,0.0000
08/02/2021 20:00,0.0000
08/02/2021 21:00,0.0000
08/02/2021 22:00,0.0000
08/02/2021 23:00,0.0000
09/02/2021 00:00,0.0000
09/02/2021 01:00,0.0000
09/02/2021 02:00,0.0000
09/02/2021 03:00,0.0000
09/02/2021 04:00,0.0000
09/02/2021 05:00,0.0000
09/02/2021 06:00,0.0000
09/02/2021 07:00,0.0000
09/02/2021 08:00,2.8095
09/02/2021 09:00,0.6344
09/02/2021 10:00,1.8032
09/02/2021 11:00,0.0000
09/02/2021 12:00,0.0000
09/02/2021 13:00,0.0000
09/02/2021 14:00,0.0000
09/02/2021 15:00,0.0000
09/02/2021 16:00,0.0000
09/02/2021 17:00,0.0000
09/02/2021 18:00,0.0000
09/02/2021 19:00,0.0000
09/02/2021 20:00,0.0000
09/02/2021 21:00,0.0000
09/02/2021 22:00,0.0000
09/02/2021 23:00,0.0000
10/02/2021 00:00,0.0000
10/02/2021 01:00,0.0000
10/02/2021 02:00,0.0000
10/02/2021 03:00,0.0000
10/02/2021 04:00,0.0000
10/02/2021 05:00,0.0000
10/02/2021 06:00,0.0000
10/02/2021 07:00,0.0000
10/02/2021 08:00,0.0000
10/02/2021 09:00,0.0000
10/02/2021 10:00,0.0000
10/02/2021 11:00,0.0000
10/02/2021 12:00,0.0000
10/02/2021 13:00,0.0000
10/02/2021 14:00,0.0000
10/02/2021 15:00,4.1570
10/02/2021 16:00,0.4442
10/02/2021 17:00,0.6561
10/02/2021 18:00,0.0000
10/02/2021 19:00,0.0000
10/02/2021 20:00,0.0000
10/02/2021 21:00,0.0000
10/02/2021 22:00,0.0000
10/02/2021 23:00,0.0000
11/02/2021 00:00,0.0000
11/02/2021 01:00,0.0000
11/02/2021 02:00,0.0000
11/02/2021 03:00,0.0000
11/02/2021 04:00,0.0000
11/02/2021 05:00,0.0000
11/02/2021 06:00,0.0000
11/02/2021 07:00,0.1189
11/02/2021 08:00,0.7050
11/02/2021 09:00,0.0000
11/02/2021 10:00,0.0000
11/02/2021 11:00,0.0000
11/02/2021 12:00,0.0000
11/02/2021 13:00,0.0000
11/02/2021 14:00,0.0000
11/02/2021 15:00,0.0000
11/02/2021 16:00,0.0000
11/02/2021 17:00,0.0000
11/02/2021 18:00,4.2288
11/02/2021 19:00,0.0000
11/02/2021 20:00,0.0000
11/02/2021 21:00,0.0000
11/02/2021 22:00,0.0000
11/02/2021 23:00,0.0000
12/02/2021 00:00,0.0000
12/02/2021 01:00,0.0000
12/02/2021 02:00,0.0000
12/02/2021 03:00,0.0000
12/02/2021 04:00,0.0000
12/02/2021 05:00,0.3734
12/02/2021 06:00,4.4828
12/02/2021 07:00,1.1173
12/02/2021 08:00,0.0000
12/02/2021 09:00,0.0000
12/02/2021 10:00,0.0000
12/02/2021 11:00,0.0000
12/02/2021 12:00,0.0000
12/02/2021 13:00,0.0000
12/02/2021 14:00,0.0000
12/02/2021 15:00,0.0000
12/02/2021 16:00,0.0000
12/02/2021 17:00,0.0000
12/02/2021 18:00,0.0000
12/02/2021 19:00,0.0000
12/02/2021 20:00,0.0000
12/02/2021 21:00,0.0000
12/02/2021 22:00,0.0000
12/02/2021 23:00,0.0000
13/02/2021 00:00,0.0000
13/02/2021 01:00,2.1357
13/02/2021 02:00,0.0000
13/02/2021 03:00,0.0000
13/02/2021 04:00,0.0000
13/02/2021 05:00,0.0000
13/02/2021 06:00,0.0000
13/02/2021 07:00,0.0000
13/02/2021 08:00,0.0000
13/02/2021 09:00,0.0000
13/02/2021 10:00,0.0000
13/02/2021 11:00,0.0000
13/02/2021 12:00,0.0000
13/02/2021 13:00,0.0000
13/02/2021 14:00,0.0000
13/02/2021 15:00,0.0000
13/02/2021 16:00,0.0000
13/02/2021 17:00,0.0000
13/02/2021 18:00,0.0000
13/02/2021 19:00,0.0000
13/02/2021 20:00,0.0000
13/02/2021 21:00,0.0000
13/02/2021 22:00,0.0000
13/02/2021 23:00,0.0000
14/02/2021 00:00,0.0000
14/02/2021 01:00,0.0000
14/02/2021 02:00,0.0000
14/02/2021 03:00,0.0000
14/02/2021 04:00,0.0000
14/02/2021 05:00,0.0000
14/02/2021 06:00,0.0000
14/02/2021 07:00,0.0000
14/02/2021 08:00,0.0000
14/02/2021 09:00,0.0000
14/02/2021 10:00,0.0000
14/02/2021 11:00,0.0000
14/02/2021 12:00,0.0000
14/02/2021 13:00,0.0000
14/02/2021 14:00,0.0000
14/02/2021 15:00,0.0000
14/02/2021 16:00,0.0000
14/02/2021 17:00,0.0000
14/02/2021 18:00,0.0000
14/02/2021 19:00,0.0000
14/02/2021 20:00,0.0000
14/02/2021 21:00,0.0000
14/02/2021 22:00,0.0000
14/02/2021 23:00,0.0000
15/02/2021 00:00,0.0000
15/02/2021 01:00,0.0000
15/02/2021 02:00,0.0000
15/02/2021 03:00,0.0000
15/02/2021 04:00,0.0000
15/02/2021 05:00,0.0000
15/02/2021 06:00,0.0000
15/02/2021 07:00,0.0000
15/02/2021 08:00,0.4855
15/02/2021 09:00,0.0000
15/02/2021 10:00,0.0000
15/02/2021 11:00,0.0000
15/02/2021 12:00,0.0000
15/02/2021 13:00,0.0000
15/02/2021 14:00,0.0000
15/02/2021 15:00,0.0000
15/02/2021 16:00,5.3410
15/02/2021 17:00,0.0000
15/02/2021 18:00,0.0000
15/02/2021 19:00,0.0000
15/02/2021 20:00,0.0000
15/02/2021 21:00,0.0000
15/02/2021 22:00,0.0000
15/02/2021 23:00,0.0000
16/02/2021 00:00,0.0000
16/02/2021 01:00,0.0000
16/02/2021 02:00,0.0000
16/02/2021 03:00,0.0000
16/02/2021 04:00,0.0000
16/02/2021 05:00,0.0000
16/02/2021 06:00,1.8547
16/02/2021 07:00,2.7650
16/02/2021 08:00,0.0000
16/02/2021 09:00,0.0000
16/02/2021 10:00,0.0000
16/02/2021 11:00,0.0000
16/02/2021 12:00,0.0000
16/02/2021 13:00,0.0000
16/02/2021 14:00,0.0000
16/02/2021 15:00,0.0000
16/02/2021 16:00,0.3282
16/02/2021 17:00,0.0000
16/02/2021 18:00,0.0000
16/02/2021 19:00,0.0000
16/02/2021 20:00,0.0000
16/02/2021 21:00,0.0000
16/02/2021 22:00,0.0000
16/02/2021 23:00,0.0000
17/02/2021 00:00,0.0000
17/02/2021 01:00,0.0000
17/02/2021 02:00,0.0000
17/02/2021 03:00,0.0000
17/02/2021 04:00,0.0000
17/02/2021 05:00,0.0000
17/02/2021 06:00,0.0000
17/02/2021 07:00,0.0000
17/02/2021 08:00,0.0000
17/02/2021 09:00,0.0000
17/02/2021 10:00,0.0000
17/02/2021 11:00,0.0000
17/02/2021 12:00,0.0000
17/02/2021 13:00,0.0000
17/02/2021 14:00,0.0000
17/02/2021 15:00,1.2831
17/02/2021 16:00,0.6135
17/02/2021 17:00,3.5175
17/02/2021 18:00,0.0000
17/02/2021 19:00,0.0000
17/02/2021 20:00,0.0000
17/02/2021 21:00,0.0000
17/02/2021 22:00,0.0000
17/02/2021 23:00,0.0000
18/02/2021 00:00,0.0000
18/02/2021 01:00,0.0000
18/02/2021 02:00,0.0000
18/02/2021 03:00,0.0000
18/02/2021 04:00,0.0000
18/02/2021 05:00,0.0000
18/02/2021 06:00,2.1888
18/02/2021 07:00,2.8526
18/02/2021 08:00,0.0000
18/02/2021 09:00,0.0000
18/02/2021 10:00,0.3696
18/02/2021 11:00,0.0000
18/02/2021 12:00,0.0000
18/02/2021 13:00,0.0000
18/02/2021 14:00,0.0000
18/02/2021 15:00,0.0000
18/02/2021 16:00,0.0000
18/02/2021 17:00,0.0000
18/02/2021 18:00,0.0000
18/02/2021 19:00,0.0000
18/02/2021 20:00,0.0000
18/02/2021 21:00,0.0000
18/02/2021 22:00,0.0000
18/02/2021 23:00,0.0000
19/02/2021 00:00,0.0000
19/02/2021 01:00,0.0000
19/02/2021 02:00,0.0000
19/02/2021 03:00,0.0000
19/02/2021 04:00,0.0000
19/02/2021 05:00,0.8534
19/02/2021 06:00,3.9000
19/02/2021 07:00,0.0000
19/02/2021 08:00,0.0000
19/02/2021 09:00,0.0000
19/02/2021 10:00,0.0000
19/02/2021 11:00,0.0000
19/02/2021 12:00,0.0000
19/02/2021 13:00,0.0000
19/02/2021 14:00,0.0000
19/02/2021 15:00,0.0000
19/02/2021 16:00,0.0000
19/02/2021 17:00,0.1159
19/02/2021 18:00,0.0000
19/02/2021 19:00,0.0000
19/02/2021 20:00,0.0000
19/02/2021 21:00,0.0000
19/02/2021 22:00,0.0000
19/02/2021 23:00,0.0000
20/02/2021 00:00,0.0000
20/02/2021 01:00,0.0000
20/02/2021 02:00,0.0000
20/02/2021 03:00,0.0000
20/02/2021 04:00,0.0000
20/02/2021 05:00,0.0000
20/02/2021 06:00,0.0000
20/02/2021 07:00,0.0000
20/02/2021 08:00,4.1579
20/02/2021 09:00,0.0000
20/02/2021 10:00,0.0000
20/02/2021 11:00,0.0000
20/02/2021 12:00,0.0000
20/02/2021 13:00,0.0000
20/02/2021 14:00,0.0000
20/02/2021 15:00,0.2159
20/02/2021 16:00,5.3164
20/02/2021 17:00,0.0000
20/02/2021 18:00,0.0000
20/02/2021 19:00,0.0000
20/02/2021 20:00,0.0000
20/02/2021 21:00,0.3749
20/02/2021 22:00,1.5021
20/02/2021 23:00,0.0000
21/02/2021 00:00,0.0000
21/02/2021 01:00,0.0000
21/02/2021 02:00,0.0000
21/02/2021 03:00,0.0000
21/02/2021 04:00,0.0000
21/02/2021 05:00,0.0000
21/02/2021 06:00,0.0000
21/02/2021 07:00,0.0000
21/02/2021 08:00,0.0000
21/02/2021 09:00,2.8001
21/02/2021 10:00,3.1466
21/02/2021 11:00,0.0000
21/02/2021 12:00,0.0000
21/02/2021 13:00,0.0000
21/02/2021 14:00,0.0000
21/02/2021 15:00,0.0000
21/02/2021 16:00,0.0000
21/02/2021 17:00,0.0000
21/02/2021 18:00,4.4984
21/02/2021 19:00,1.8800
21/02/2021 20:00,0.0000
21/02/2021 21:00,0.0000
21/02/2021 22:00,0.0000
21/02/2021 23:00,0.0000
22/02/2021 00:00,0.0000
22/02/2021 01:00,0.0000
22/02/2021 02:00,0.0000
22/02/2021 03:00,0.0000
22/02/2021 04:00,0.0000
22/02/2021 05:00,0.0000
22/02/2021 06:00,4.3586
22/02/2021 07:00,0.0000
22/02/2021 08:00,1.2641
22/02/2021 09:00,0.0000
22/02/2021 10:00,0.0000
22/02/2021 11:00,0.0000
22/02/2021 12:00,0.0000
22/02/2021 13:00,0.0000
22/02/2021 14:00,0.0000
22/02/2021 15:00,0.0000
22/02/2021 16:00,0.0000
22/02/2021 17:00,0.0000
22/02/2021 18:00,0.0000
22/02/2021 19:00,0.0000
22/02/2021 20:00,0.0000
22/02/2021 21:00,0.0000
22/02/2021 22:00,0.0000
22/02/2021 23:00,0.0000
23/02/2021 00:00,0.0000
23/02/2021 01:00,0.0000
23/02/2021 02:00,0.0000
23/02/2021 03:00,0.0000
23/02/2021 04:00,0.0000
23/02/2021 05:00,0.0000
23/02/2021 06:00,0.0000
23/02/2021 07:00,0.0000
23/02/2021 08:00,3.1150
23/02/2021 09:00,1.2124
23/02/2021 10:00,0.0000
23/02/2021 11:00,0.0000
23/02/2021 12:00,0.0000
23/02/2021 13:00,0.0000
23/02/2021 14:00,0.0000
23/02/2021 15:00,1.3713
23/02/2021 16:00,0.3847
23/02/2021 17:00,0.0000
23/02/2021 18:00,0.0000
23/02/2021 19:00,0.0000
23/02/2021 20:00,0.0000
23/02/2021 21:00,0.0000
23/02/2021 22:00,0.0000
23/02/2021 23:00,0.0000
24/02/2021 00:00,0.0000
24/02/2021 01:00,0.0000
24/02/2021 02:00,0.0000
24/02/2021 03:00,0.0000
24/02/2021 04:00,0.0000
24/02/2021 05:00,0.0000
24/02/2021 06:00,0.0000
24/02/2021 07:00,0.0000
24/02/2021 08:00,0.0000
24/02/2021 09:00,0.0000
24/02/2021 10:00,0.0000
24/02/2021 11:00,0.0000
24/02/2021 12:00,0.0000
24/02/2021 13:00,0.0000
24/02/2021 14:00,0.0000
24/02/2021 15:00,4.0849
24/02/2021 16:00,0.0000
24/02/2021 17:00,0.3572
24/02/2021 18:00,0.0000
24/02/2021 19:00,0.0000
24/02/2021 20:00,0.0000
24/02/2021 21:00,0.0000
24/02/2021 22:00,0.0000
24/02/2021 23:00,0.0000
25/02/2021 00:00,0.0000
25/02/2021 01:00,0.0000
25/02/2021 02:00,0.0000
25/02/2021 03:00,0.0000
25/02/2021 04:00,0.0000
25/02/2021 05:00,0.0000
25/02/2021 06:00,0.0000
25/02/2021 07:00,0.0000
25/02/2021 08:00,0.0000
25/02/2021 09:00,0.0000
25/02/2021 10:00,0.0000
25/02/2021 11:00,0.0000
25/02/2021 12:00,0.0000
25/02/2021 13:00,0.0000
25/02/2021 14:00,0.0000
25/02/2021 15:00,4.1530
25/02/2021 16:00,0.8229
25/02/2021 17:00,0.0000
25/02/2021 18:00,0.0000
25/02/2021 19:00,0.0000
25/02/2021 20:00,0.0000
25/02/2021 21:00,0.0000
25/02/2021 22:00,0.0000
25/02/2021 23:00,0.0000
26/02/2021 00:00,0.0000
26/02/2021 01:00,0.0000
26/02/2021 02:00,0.0000
26/02/2021 03:00,0.0000
26/02/2021 04:00,0.0000
26/02/2021 05:00,0.0000
26/02/2021 06:00,0.5928
26/02/2021 07:00,0.0000
26/02/2021 08:00,0.0000
26/02/2021 09:00,0.0000
26/02/2021 10:00,0.0000
26/02/2021 11:00,0.0000
26/02/2021 12:00,0.0000
26/02/2021 13:00,0.0000
26/02/2021 14:00,0.0000
26/02/2021 15:00,0.0000
26/02/2021 16:00,0.0000
26/02/2021 17:00,3.8520
26/02/2021 18:00,0.6461
26/02/2021 19:00,0.0000
26/02/2021 20:00,0.0000
26/02/2021 21:00,0.0000
26/02/2021 22:00,0.0000
26/02/2021 23:00,0.0000
27/02/2021 00:00,0.0000
27/02/2021 01:00,0.0000
27/02/2021 02:00,0.0000
27/02/2021 03:00,0.0000
27/02/2021 04:00,0.0000
27/02/2021 05:00,0.0000
27/02/2021 06:00,0.0000
27/02/2021 07:00,0.0000
27/02/2021 08:00,0.0000
27/02/2021 09:00,0.0000
27/02/2021 10:00,0.0000
27/02/2021 11:00,0.0000
27/02/2021 12:00,0.0000
27/02/2021 13:00,0.0000
27/02/2021 14:00,0.0000
27/02/2021 15:00,0.0000
27/02/2021 16:00,0.0000
27/02/2021 17:00,0.0000
27/02/2021 18:00,0.0000
27/02/2021 19:00,6.6822
27/02/2021 20:00,3.8657
27/02/2021 21:00,0.0000
27/02/2021 22:00,0.0000
27/02/2021 23:00,0.0000
28/02/2021 00:00,0.0000
28/02/2021 01:00,0.0000
28/02/2021 02:00,0.0000
28/02/2021 03:00,0.0000
28/02/2021 04:00,0.0000
28/02/2021 05:00,0.0000
28/02/2021 06:00,0.0000
28/02/2021 07:00,0.0000
28/02/2021 08:00,0.0000
28/02/2021 09:00,0.0000
28/02/2021 10:00,0.0000
28/02/2021 11:00,0.0000
28/02/2021 12:00,0.0000
28/02/2021 13:00,0.0000
28/02/2021 14:00,0.0000
28/02/2021 15:00,0.0000
28/02/2021 16:00,0.0000
28/02/2021 17:00,0.0000
28/02/2021 18:00,0.0000
28/02/2021 19:00,0.0000
28/02/2021 20:00,0.0000
28/02/2021 21:00,0.0000
28/02/2021 22:00,0.0000
28/02/2021 23:00,0.0000
01/03/2021 00:00,0.0000
01/03/2021 01:00,0.0000
01/03/2021 02:00,0.0000
01/03/2021 03:00,0.0000
01/03/2021 04:00,0.0000
01/03/2021 05:00,0.0000
01/03/2021 06:00,0.0000
01/03/2021 07:00,3.0570
01/03/2021 08:00,1.3135
01/03/2021 09:00,0.0000
01/03/2021 10:00,0.0000
01/03/2021 11:00,0.0000
01/03/2021 12:00,0.0000
01/03/2021 13:00,0.0000
01/03/2021 14:00,1.2224
01/03/2021 15:00,0.0000
01/03/2021 16:00,0.0000
01/03/2021 17:00,0.0000
01/03/2021 18:00,0.0000
01/03/2021 19:00,0.0000
01/03/2021 20:00,0.0000
01/03/2021 21:00,0.0000
01/03/2021 22:00,0.0000
01/03/2021 23:00,0.0000
02/03/2021 00:00,0.0000
02/03/2021 01:00,0.0000
02/03/2021 02:00,0.0000
02/03/2021 03:00,0.0000
02/03/2021 04:00,0.0000
02/03/2021 05:00,0.0000
02/03/2021 06:00,0.0000
02/03/2021 07:00,0.0000
02/03/2021 08:00,0.0000
02/03/2021 09:00,0.0000
02/03/2021 10:00,0.0000
02/03/2021 11:00,2.1276
02/03/2021 12:00,0.0000
02/03/2021 13:00,0.0000
02/03/2021 14:00,0.0000
02/03/2021 15:00,0.8062
02/03/2021 16:00,4.9455
02/03/2021 17:00,0.0000
02/03/2021 18:00,0.0000
02/03/2021 19:00,0.0000
02/03/2021 20:00,0.6215
02/03/2021 21:00,3.8639
02/03/2021 22:00,0.0000
02/03/2021 23:00,0.0000
03/03/2021 00:00,0.0000
03/03/2021 01:00,0.0000
03/03/2021 02:00,0.0000
03/03/2021 03:00,0.0000
03/03/2021 04:00,0.0000
03/03/2021 05:00,0.0000
03/03/2021 06:00,0.0000
03/03/2021 07:00,0.0000
03/03/2021 08:00,0.0000
03/03/2021 09:00,1.9641
03/03/2021 10:00,0.0000
03/03/2021 11:00,0.0000
03/03/2021 12:00,0.0000
03/03/2021 13:00,0.0000
03/03/2021 14:00,0.0000
03/03/2021 15:00,0.2263
03/03/2021 16:00,3.5255
03/03/2021 17:00,0.0000
03/03/2021 18:00,0.0000
03/03/2021 19:00,0.0000
03/03/2021 20:00,0.0000
03/03/2021 21:00,0.0000
03/03/2021 22:00,0.0000
03/03/2021 23:00,0.0000
04/03/2021 00:00,0.0000
04/03/2021 01:00,0.0000
04/03/2021 02:00,0.0000
04/03/2021 03:00,0.0000
04/03/2021 04:00,0.0000
04/03/2021 05:00,0.0000
04/03/2021 06:00,0.0000
04/03/2021 07:00,3.6159
04/03/2021 08:00,0.0000
04/03/2021 09:00,0.0000
04/03/2021 10:00,0.0000
04/03/2021 11:00,0.0000
04/03/2021 12:00,0.0000
04/03/2021 13:00,0.0000
04/03/2021 14:00,0.0000
04/03/2021 15:00,0.0000
04/03/2021 16:00,0.0000
04/03/2021 17:00,1.2706
04/03/2021 18:00,0.0000
04/03/2021 19:00,0.0000
04/03/2021 20:00,0.0000
04/03/2021 21:00,0.0000
04/03/2021 22:00,0.0000
04/03/2021 23:00,0.0000
05/03/2021 00:00,0.0000
05/03/2021 01:00,0.0000
05/03/2021 02:00,0.0000
05/03/2021 03:00,0.0000
05/03/2021 04:00,0.0000
05/03/2021 05:00,0.0000
05/03/2021 06:00,0.0000
05/03/2021 07:00,0.0000
05/03/2021 08:00,0.0000
05/03/2021 09:00,1.7567
05/03/2021 10:00,3.7095
05/03/2021 11:00,0.0000
05/03/2021 12:00,0.0000
05/03/2021 13:00,0.0000
05/03/2021 14:00,0.0000
05/03/2021 15:00,0.0000
05/03/2021 16:00,0.0000
05/03/2021 17:00,0.8417
05/03/2021 18:00,0.0000
05/03/2021 19:00,0.0000
05/03/2021 20:00,0.0000
05/03/2021 21:00,0.0000
05/03/2021 22:00,0.0000
05/03/2021 23:00,0.0000
06/03/2021 00:00,0.0000
06/03/2021 01:00,0.0000
06/03/2021 02:00,0.0000
06/03/2021 03:00,0.0000
06/03/2021 04:00,0.0000
06/03/2021 05:00,0.0000
06/03/2021 06:00,0.0000
06/03/2021 07:00,0.0000
06/03/2021 08:00,0.0000
06/03/2021 09:00,0.0000
06/03/2021 10:00,4.8525
06/03/2021 11:00,2.9286
06/03/2021 12:00,0.0000
06/03/2021 13:00,0.0000
06/03/2021 14:00,0.0000
06/03/2021 15:00,0.0000
06/03/2021 16:00,0.6635
06/03/2021 17:00,0.0000
06/03/2021 18:00,0.0000
06/03/2021 19:00,0.0000
06/03/2021 20:00,0.0000
06/03/2021 21:00,0.0000
06/03/2021 22:00,0.0000
06/03/2021 23:00,0.0000
07/03/2021 00:00,0.0000
07/03/2021 01:00,0.0000
07/03/2021 02:00,0.0000
07/03/2021 03:00,0.0000
07/03/2021 04:00,0.0000
07/03/2021 05:00,0.0000
07/03/2021 06:00,0.0000
07/03/2021 07:00,0.0000
07/03/2021 08:00,0.0000
07/03/2021 09:00,0.0000
07/03/2021 10:00,0.0000
07/03/2021 11:00,1.8471
07/03/2021 12:00,6.5803
07/03/2021 13:00,0.0000
07/03/2021 14:00,0.0000
07/03/2021 15:00,0.0000
07/03/2021 16:00,0.0000
07/03/2021 17:00,2.4338
07/03/2021 18:00,0.9022
07/03/2021 19:00,0.0000
07/03/2021 20:00,0.0000
07/03/2021 21:00,0.0000
07/03/2021 22:00,0.0000
07/03/2021 23:00,0.0000
08/03/2021 00:00,0.0000
08/03/2021 01:00,0.0000
08/03/2021 02:00,0.0000
08/03/2021 03:00,0.0000
08/03/2021 04:00,0.0000
08/03/2021 05:00,0.0000
08/03/2021 06:00,0.0000
08/03/2021 07:00,1.5765
08/03/2021 08:00,0.5011
08/03/2021 09:00,3.1069
08/03/2021 10:00,0.4725
08/03/2021 11:00,0.0000
08/03/2021 12:00,0.0000
08/03/2021 13:00,0.0000
08/03/2021 14:00,0.0000
08/03/2021 15:00,0.0000
08/03/2021 16:00,0.0000
08/03/2021 17:00,0.0000
08/03/2021 18:00,0.0000
08/03/2021 19:00,0.0000
08/03/2021 20:00,3.8202
08/03/2021 21:00,0.6521
08/03/2021 22:00,0.0000
08/03/2021 23:00,2.0479
09/03/2021 00:00,0.0000
09/03/2021 01:00,0.0000
09/03/2021 02:00,0.0000
09/03/2021 03:00,0.0000
09/03/2021 04:00,0.0000
09/03/2021 05:00,0.0000
09/03/2021 06:00,2.7034
09/03/2021 07:00,1.4152
09/03/2021 08:00,0.0000
09/03/2021 09:00,0.0000
09/03/2021 10:00,0.0000
09/03/2021 11:00,0.0000
09/03/2021 12:00,0.0000
09/03/2021 13:00,0.0000
09/03/2021 14:00,0.0000
09/03/2021 15:00,0.0000
09/03/2021 16:00,0.3037
09/03/2021 17:00,0.4070
09/03/2021 18:00,0.0000
09/03/2021 19:00,0.0000
09/03/2021 20:00,0.0000
09/03/2021 21:00,0.0000
09/03/2021 22:00,0.0000
09/03/2021 23:00,0.0000
10/03/2021 00:00,0.0000
10/03/2021 01:00,0.0000
10/03/2021 02:00,0.0000
10/03/2021 03:00,0.0000
10/03/2021 04:00,0.0000
10/03/2021 05:00,0.0000
10/03/2021 06:00,0.1170
10/03/2021 07:00,0.0000
10/03/2021 08:00,0.0000
10/03/2021 09:00,0.0000
10/03/2021 10:00,0.0000
10/03/2021 11:00,0.0000
10/03/2021 12:00,0.0000
10/03/2021 13:00,0.0000
10/03/2021 14:00,0.0000
10/03/2021 15:00,2.3210
10/03/2021 16:00,2.1988
10/03/2021 17:00,0.0000
10/03/2021 18:00,0.0000
10/03/2021 19:00,0.0000
10/03/2021 20:00,0.0000
10/03/2021 21:00,0.0000
10/03/2021 22:00,0.0000
10/03/2021 23:00,0.0000
11/03/2021 00:00,0.0000
11/03/2021 01:00,0.0000
11/03/2021 02:00,0.0000
11/03/2021 03:00,0.0000
11/03/2021 04:00,0.0000
11/03/2021 05:00,0.0000
11/03/2021 06:00,0.0000
11/03/2021 07:00,0.0000
11/03/2021 08:00,0.0000
11/03/2021 09:00,0.0000
11/03/2021 10:00,0.0000
11/03/2021 11:00,0.0000
11/03/2021 12:00,0.0000
11/03/2021 13:00,0.0000
11/03/2021 14:00,0.5033
11/03/2021 15:00,2.3753
11/03/2021 16:00,2.2566
11/03/2021 17:00,0.0000
11/03/2021 18:00,0.0000
11/03/2021 19:00,0.0000
11/03/2021 20:00,0.0000
11/03/2021 21:00,0.0000
11/03/2021 22:00,0.0000
11/03/2021 23:00,0.0000
12/03/2021 00:00,0.0000
12/03/2021 01:00,0.0000
12/03/2021 02:00,0.0000
12/03/2021 03:00,0.0000
12/03/2021 04:00,0.0000
12/03/2021 05:00,0.0000
12/03/2021 06:00,0.0000
12/03/2021 07:00,0.0000
12/03/2021 08:00,0.0000
12/03/2021 09:00,0.0000
12/03/2021 10:00,0.0000
12/03/2021 11:00,0.0000
12/03/2021 12:00,0.0000
12/03/2021 13:00,0.0000
12/03/2021 14:00,0.4693
12/03/2021 15:00,0.0000
12/03/2021 16:00,2.5711
12/03/2021 17:00,1.5437
12/03/2021 18:00,0.0000
12/03/2021 19:00,0.2142
12/03/2021 20:00,0.0000
12/03/2021 21:00,0.0000
12/03/2021 22:00,0.0000
12/03/2021 23:00,0.0000
13/03/2021 00:00,0.0000
13/03/2021 01:00,0.0000
13/03/2021 02:00,0.0000
13/03/2021 03:00,0.0000
13/03/2021 04:00,0.0000
13/03/2021 05:00,0.0000
13/03/2021 06:00,0.0000
13/03/2021 07:00,0.0000
13/03/2021 08:00,0.0000
13/03/2021 09:00,0.0000
13/03/2021 10:00,4.2525
13/03/2021 11:00,5.7412
13/03/2021 12:00,0.5318
13/03/2021 13:00,0.0000
13/03/2021 14:00,0.0000
13/03/2021 15:00,0.0000
13/03/2021 16:00,0.0000
13/03/2021 17:00,0.0000
13/03/2021 18:00,0.0000
13/03/2021 19:00,0.0000
13/03/2021 20:00,0.0000
13/03/2021 21:00,0.0000
13/03/2021 22:00,0.0000
13/03/2021 23:00,0.0000
14/03/2021 00:00,0.0000
14/03/2021 01:00,0.0000
14/03/2021 02:00,0.0000
14/03/2021 03:00,0.0000
14/03/2021 04:00,0.0000
14/03/2021 05:00,0.0000
14/03/2021 06:00,0.0000
14/03/2021 07:00,0.0000
14/03/2021 08:00,0.0000
14/03/2021 09:00,0.0000
14/03/2021 10:00,0.0000
14/03/2021 11:00,0.0000
14/03/2021 12:00,0.0000
14/03/2021 13:00,0.0000
14/03/2021 14:00,0.1509
14/03/2021 15:00,9.0548
14/03/2021 16:00,0.9055
14/03/2021 17:00,0.0000
14/03/2021 18:00,0.0000
14/03/2021 19:00,0.2701
14/03/2021 20:00,0.0000
14/03/2021 21:00,0.0000
14/03/2021 22:00,0.0000
14/03/2021 23:00,0.0000
15/03/2021 00:00,0.0000
15/03/2021 01:00,0.0000
15/03/2021 02:00,0.0000
15/03/2021 03:00,0.0000
15/03/2021 04:00,0.0000
15/03/2021 05:00,0.0000
15/03/2021 06:00,0.0000
15/03/2021 07:00,0.0000
15/03/2021 08:00,1.6154
15/03/2021 09:00,0.0000
15/03/2021 10:00,0.0000
15/03/2021 11:00,0.0000
15/03/2021 12:00,0.0000
15/03/2021 13:00,0.0000
15/03/2021 14:00,0.0000
15/03/2021 15:00,0.0000
15/03/2021 16:00,5.0050
15/03/2021 17:00,4.6131
15/03/2021 18:00,0.0000
15/03/2021 19:00,0.0000
15/03/2021 20:00,0.0000
15/03/2021 21:00,0.0000
15/03/2021 22:00,0.0000
15/03/2021 23:00,0.0000
16/03/2021 00:00,0.0000
16/03/2021 01:00,0.0000
16/03/2021 02:00,0.0000
16/03/2021 03:00,0.0000
16/03/2021 04:00,0.0000
16/03/2021 05:00,0.0000
16/03/2021 06:00,0.0000
16/03/2021 07:00,0.0000
16/03/2021 08:00,0.8458
16/03/2021 09:00,3.2773
16/03/2021 10:00,0.0000
16/03/2021 11:00,0.0000
16/03/2021 12:00,0.0000
16/03/2021 13:00,0.0000
16/03/2021 14:00,0.8500
16/03/2021 15:00,0.0000
16/03/2021 16:00,0.0000
16/03/2021 17:00,0.0000
16/03/2021 18:00,0.0000
16/03/2021 19:00,0.0000
16/03/2021 20:00,0.0000
16/03/2021 21:00,0.0000
16/03/2021 22:00,0.0000
16/03/2021 23:00,0.0000
17/03/2021 00:00,0.0000
17/03/2021 01:00,0.0000
17/03/2021 02:00,0.0000
17/03/2021 03:00,0.0000
17/03/2021 04:00,0.0000
17/03/2021 05:00,0.0000
17/03/2021 06:00,0.0000
17/03/2021 07:00,0.0000
17/03/2021 08:00,0.0000
17/03/2021 09:00,0.0000
17/03/2021 10:00,0.0000
17/03/2021 11:00,0.0000
17/03/2021 12:00,0.0000
17/03/2021 13:00,0.0000
17/03/2021 14:00,0.0000
17/03/2021 15:00,2.4912
17/03/2021 16:00,1.6991
17/03/2021 17:00,0.0000
17/03/2021 18:00,0.0000
17/03/2021 19:00,0.0000
17/03/2021 20:00,0.0000
17/03/2021 21:00,0.0000
17/03/2021 22:00,0.0000
17/03/2021 23:00,0.0000
18/03/2021 00:00,0.0000
18/03/2021 01:00,0.0000
18/03/2021 02:00,0.0000
18/03/2021 03:00,0.0000
18/03/2021 04:00,0.0000
18/03/2021 05:00,0.0000
18/03/2021 06:00,0.0000
18/03/2021 07:00,0.0000
18/03/2021 08:00,0.0000
18/03/2021 09:00,0.0000
18/03/2021 10:00,0.0000
18/03/2021 11:00,0.0000
18/03/2021 12:00,0.0000
18/03/2021 13:00,0.0000
18/03/2021 14:00,0.0000
18/03/2021 15:00,0.0000
18/03/2021 16:00,0.7172
18/03/2021 17:00,3.9772
18/03/2021 18:00,0.0000
18/03/2021 19:00,0.0000
18/03/2021 20:00,0.0000
18/03/2021 21:00,0.0000
18/03/2021 22:00,0.0000
18/03/2021 23:00,0.0000
19/03/2021 00:00,0.0000
19/03/2021 01:00,0.0000
19/03/2021 02:00,0.0000
19/03/2021 03:00,0.0000
19/03/2021 04:00,0.0000
19/03/2021 05:00,0.0000
19/03/2021 06:00,0.0000
19/03/2021 07:00,0.0000
19/03/2021 08:00,0.0000
19/03/2021 09:00,0.0000
19/03/2021 10:00,0.0000
19/03/2021 11:00,0.0000
19/03/2021 12:00,0.0000
19/03/2021 13:00,0.0000
19/03/2021 14:00,0.0000
19/03/2021 15:00,0.9978
19/03/2021 16:00,0.0000
19/03/2021 17:00,2.5212
19/03/2021 18:00,1.4605
19/03/2021 19:00,0.0000
19/03/2021 20:00,0.0000
19/03/2021 21:00,0.0000
19/03/2021 22:00,0.0000
19/03/2021 23:00,0.0000
20/03/2021 00:00,0.0000
20/03/2021 01:00,0.0000
20/03/2021 02:00,0.0000
20/03/2021 03:00,0.0000
20/03/2021 04:00,0.0000
20/03/2021 05:00,0.0000
20/03/2021 06:00,0.0000
20/03/2021 07:00,0.0000
20/03/2021 08:00,0.0000
20/03/2021 09:00,0.0000
20/03/2021 10:00,0.0000
20/03/2021 11:00,0.0000
20/03/2021 12:00,0.0000
20/03/2021 13:00,0.0000
20/03/2021 14:00,0.0000
20/03/2021 15:00,0.0000
20/03/2021 16:00,0.0000
20/03/2021 17:00,0.0000
20/03/2021 18:00,0.0000
20/03/2021 19:00,0.0000
20/03/2021 20:00,0.0000
20/03/2021 21:00,0.0000
20/03/2021 22:00,0.0000
20/03/2021 23:00,0.0000
21/03/2021 00:00,0.0000
21/03/2021 01:00,0.0000
21/03/2021 02:00,0.0000
21/03/2021 03:00,0.0000
21/03/2021 04:00,0.0000
21/03/2021 05:00,0.0000
21/03/2021 06:00,0.0000
21/03/2021 07:00,0.0000
21/03/2021 08:00,0.0000
21/03/2021 09:00,0.0000
21/03/2021 10:00,0.0000
21/03/2021 11:00,0.0000
21/03/2021 12:00,0.0000
21/03/2021 13:00,0.0000
21/03/2021 14:00,0.0000
21/03/2021 15:00,0.0000
21/03/2021 16:00,0.0000
21/03/2021 17:00,0.0000
21/03/2021 18:00,0.0000
21/03/2021 19:00,0.0000
21/03/2021 20:00,0.0000
21/03/2021 21:00,0.0000
21/03/2021 22:00,0.0000
21/03/2021 23:00,0.0000
22/03/2021 00:00,0.0000
22/03/2021 01:00,0.0000
22/03/2021 02:00,0.0000
22/03/2021 03:00,0.0000
22/03/2021 04:00,0.0000
22/03/2021 05:00,0.0000
22/03/2021 06:00,1.8404
22/03/2021 07:00,2.0449
22/03/2021 08:00,0.7293
22/03/2021 09:00,0.0000
22/03/2021 10:00,0.0000
22/03/2021 11:00,0.0000
22/03/2021 12:00,0.0000
22/03/2021 13:00,0.0000
22/03/2021 14:00,0.0000
22/03/2021 15:00,0.0000
22/03/2021 16:00,0.0000
22/03/2021 17:00,0.0000
22/03/2021 18:00,0.0000
22/03/2021 19:00,0.0000
22/03/2021 20:00,0.0000
22/03/2021 21:00,0.0000
22/03/2021 22:00,0.0000
22/03/2021 23:00,0.0000
23/03/2021 00:00,0.0000
23/03/2021 01:00,0.0000
23/03/2021 02:00,0.0000
23/03/2021 03:00,0.0000
23/03/2021 04:00,0.0000
23/03/2021 05:00,0.0000
23/03/2021 06:00,0.0000
23/03/2021 07:00,0.0000
23/03/2021 08:00,0.9842
23/03/2021 09:00,1.1073
23/03/2021 10:00,0.0000
23/03/2021 11:00,0.0000
23/03/2021 12:00,0.0000
23/03/2021 13:00,0.0000
23/03/2021 14:00,1.6100
23/03/2021 15:00,0.8669
23/03/2021 16:00,0.0000
23/03/2021 17:00,0.0000
23/03/2021 18:00,0.0000
23/03/2021 19:00,0.0000
23/03/2021 20:00,0.0000
23/03/2021 21:00,0.0000
23/03/2021 22:00,0.0000
23/03/2021 23:00,0.0000
24/03/2021 00:00,0.0000
24/03/2021 01:00,0.0000
24/03/2021 02:00,0.0000
24/03/2021 03:00,0.0000
24/03/2021 04:00,0.0000
24/03/2021 05:00,0.2245
24/03/2021 06:00,4.2615
24/03/2021 07:00,0.0000
24/03/2021 08:00,0.0000
24/03/2021 09:00,0.0000
24/03/2021 10:00,0.0000
24/03/2021 11:00,0.0000
24/03/2021 12:00,0.0000
24/03/2021 13:00,0.0000
24/03/2021 14:00,0.0000
24/03/2021 15:00,0.0000
24/03/2021 16:00,0.0000
24/03/2021 17:00,0.0000
24/03/2021 18:00,0.1320
24/03/2021 19:00,0.0000
24/03/2021 20:00,0.0000
24/03/2021 21:00,0.0000
24/03/2021 22:00,0.0000
24/03/2021 23:00,0.0000
25/03/2021 00:00,0.0000
25/03/2021 01:00,0.0000
25/03/2021 02:00,0.0000
25/03/2021 03:00,0.0000
25/03/2021 04:00,0.0000
25/03/2021 05:00,0.0000
25/03/2021 06:00,0.0000
25/03/2021 07:00,0.0000
25/03/2021 08:00,0.0000
25/03/2021 09:00,0.0000
25/03/2021 10:00,0.0000
25/03/2021 11:00,0.0000
25/03/2021 12:00,0.0000
25/03/2021 13:00,0.0000
25/03/2021 14:00,0.0000
25/03/2021 15:00,0.0000
25/03/2021 16:00,0.0000
25/03/2021 17:00,0.0000
25/03/2021 18:00,0.0000
25/03/2021 19:00,0.0000
25/03/2021 20:00,0.0000
25/03/2021 21:00,0.0000
25/03/2021 22:00,0.0000
25/03/2021 23:00,0.0000
26/03/2021 00:00,0.0000
26/03/2021 01:00,0.0000
26/03/2021 02:00,0.0000
26/03/2021 03:00,0.0000
26/03/2021 04:00,0.0000
26/03/2021 05:00,0.0000
26/03/2021 06:00,0.0000
26/03/2021 07:00,0.9502
26/03/2021 08:00,0.0000
26/03/2021 09:00,0.0000
26/03/2021 10:00,0.2427
26/03/2021 11:00,5.9508
26/03/2021 12:00,0.9920
26/03/2021 13:00,0.0000
26/03/2021 14:00,0.0000
26/03/2021 15:00,2.5527
26/03/2021 16:00,2.6954
26/03/2021 17:00,0.0000
26/03/2021 18:00,0.0000
26/03/2021 19:00,0.0000
26/03/2021 20:00,0.0000
26/03/2021 21:00,0.0000
26/03/2021 22:00,0.0000
26/03/2021 23:00,0.0000
27/03/2021 00:00,0.0000
27/03/2021 01:00,0.0000
27/03/2021 02:00,0.0000
27/03/2021 03:00,0.0000
27/03/2021 04:00,0.0000
27/03/2021 05:00,0.0000
27/03/2021 06:00,0.0000
27/03/2021 07:00,0.0000
27/03/2021 08:00,0.0000
27/03/2021 09:00,0.2906
27/03/2021 10:00,4.6184
27/03/2021 11:00,0.0000
27/03/2021 12:00,0.0000
27/03/2021 13:00,0.0000
27/03/2021 14:00,0.0000
27/03/2021 15:00,0.0000
27/03/2021 16:00,0.6640
27/03/2021 17:00,3.3518
27/03/2021 18:00,0.0000
27/03/2021 19:00,0.0000
27/03/2021 20:00,0.0000
27/03/2021 21:00,0.0000
27/03/2021 22:00,2.1096
27/03/2021 23:00,0.0000
28/03/2021 00:00,0.0000
28/03/2021 01:00,0.0000
28/03/2021 02:00,0.0000
28/03/2021 03:00,0.0000
28/03/2021 04:00,0.0000
28/03/2021 05:00,0.0000
28/03/2021 06:00,0.0000
28/03/2021 07:00,0.0000
28/03/2021 08:00,2.8567
28/03/2021 09:00,0.0000
28/03/2021 10:00,0.0000
28/03/2021 11:00,0.7001
28/03/2021 12:00,5.5069
28/03/2021 13:00,0.0000
28/03/2021 14:00,0.0000
28/03/2021 15:00,0.0000
28/03/2021 16:00,0.0000
28/03/2021 17:00,0.0000
28/03/2021 18:00,0.0000
28/03/2021 19:00,0.0000
28/03/2021 20:00,1.3015
28/03/2021 21:00,0.4016
28/03/2021 22:00,0.0000
28/03/2021 23:00,0.0000
29/03/2021 00:00,0.0000
29/03/2021 01:00,0.0000
29/03/2021 02:00,0.0000
29/03/2021 03:00,0.0000
29/03/2021 04:00,2.0349
29/03/2021 05:00,0.0000
29/03/2021 06:00,4.2004
29/03/2021 07:00,0.0000
29/03/2021 08:00,0.0000
29/03/2021 09:00,0.0000
29/03/2021 10:00,0.0000
29/03/2021 11:00,0.0000
29/03/2021 12:00,0.0000
29/03/2021 13:00,0.0000
29/03/2021 14:00,0.0000
29/03/2021 15:00,0.0000
29/03/2021 16:00,0.0000
29/03/2021 17:00,0.0000
29/03/2021 18:00,0.0000
29/03/2021 19:00,0.0000
29/03/2021 20:00,0.0000
29/03/2021 21:00,0.0000
29/03/2021 22:00,0.0000
29/03/2021 23:00,0.0000
30/03/2021 00:00,0.0000
30/03/2021 01:00,0.0000
30/03/2021 02:00,0.0000
30/03/2021 03:00,0.0000
30/03/2021 04:00,0.0000
30/03/2021 05:00,0.0000
30/03/2021 06:00,0.0000
30/03/2021 07:00,0.0000
30/03/2021 08:00,0.0000
30/03/2021 09:00,0.0000
30/03/2021 10:00,0.0000
30/03/2021 11:00,0.0000
30/03/2021 12:00,0.0000
30/03/2021 13:00,0.0000
30/03/2021 14:00,0.0000
30/03/2021 15:00,3.3161
30/03/2021 16:00,0.9948
30/03/2021 17:00,0.0000
30/03/2021 18:00,0.0979
30/03/2021 19:00,0.0000
30/03/2021 20:00,0.0000
30/03/2021 21:00,0.0000
30/03/2021 22:00,0.0000
30/03/2021 23:00,0.0000
31/03/2021 00:00,0.0000
31/03/2021 01:00,0.0000
31/03/2021 02:00,0.0000
31/03/2021 03:00,0.0000
31/03/2021 04:00,0.0000
31/03/2021 05:00,4.3325
31/03/2021 06:00,0.2050
31/03/2021 07:00,0.4228
31/03/2021 08:00,0.0000
31/03/2021 09:00,0.0000
31/03/2021 10:00,0.0000
31/03/2021 11:00,0.0000
31/03/2021 12:00,0.0000
31/03/2021 13:00,0.0000
31/03/2021 14:00,0.0000
31/03/2021 15:00,0.0000
31/03/2021 16:00,0.0000
31/03/2021 17:00,0.0000
31/03/2021 18:00,0.0000
31/03/2021 19:00,0.0000
31/03/2021 20:00,0.0000
31/03/2021 21:00,0.0000
31/03/2021 22:00,0.0000
31/03/2021 23:00,0.0000
01/04/2021 00:00,0.0000
01/04/2021 01:00,0.0000
01/04/2021 02:00,1.7072
01/04/2021 03:00,0.0000
01/04/2021 04:00,0.0000
01/04/2021 05:00,0.0000
01/04/2021 06:00,0.0000
01/04/2021 07:00,0.0000
01/04/2021 08:00,0.0000
01/04/2021 09:00,0.0000
01/04/2021 10:00,0.0000
01/04/2021 11:00,0.0000
01/04/2021 12:00,3.6867
01/04/2021 13:00,0.0000
01/04/2021 14:00,3.1864
01/04/2021 15:00,3.1873
01/04/2021 16:00,0.0000
01/04/2021 17:00,0.0000
01/04/2021 18:00,0.0000
01/04/2021 19:00,0.0000
01/04/2021 20:00,0.0000
01/04/2021 21:00,0.0000
01/04/2021 22:00,0.0000
01/04/2021 23:00,0.0000
02/04/2021 00:00,0.0000
02/04/2021 01:00,0.0000
02/04/2021 02:00,0.0000
02/04/2021 03:00,0.0000
02/04/2021 04:00,0.0000
02/04/2021 05:00,0.0000
02/04/2021 06:00,0.0000
02/04/2021 07:00,0.0000
02/04/2021 08:00,0.5926
02/04/2021 09:00,0.0000
02/04/2021 10:00,0.0000
02/04/2021 11:00,0.0000
02/04/2021 12:00,0.0000
02/04/2021 13:00,0.0000
02/04/2021 14:00,2.9338
02/04/2021 15:00,1.0847
02/04/2021 16:00,0.0000
02/04/2021 17:00,0.0000
02/04/2021 18:00,0.0000
02/04/2021 19:00,0.0000
02/04/2021 20:00,0.0000
02/04/2021 21:00,0.0000
02/04/2021 22:00,0.0000
02/04/2021 23:00,0.0000
03/04/2021 00:00,0.0000
03/04/2021 01:00,0.0000
03/04/2021 02:00,0.0000
03/04/2021 03:00,0.0000
03/04/2021 04:00,0.0000
03/04/2021 05:00,0.0000
03/04/2021 06:00,0.0000
03/04/2021 07:00,0.0000
03/04/2021 08:00,0.0000
03/04/2021 09:00,0.0000
03/04/2021 10:00,4.9938
03/04/2021 11:00,3.5431
03/04/2021 12:00,2.6150
03/04/2021 13:00,0.0000
03/04/2021 14:00,0.0000
03/04/2021 15:00,0.0000
03/04/2021 16:00,0.0000
03/04/2021 17:00,0.0000
03/04/2021 18:00,0.0000
03/04/2021 19:00,0.0000
03/04/2021 20:00,0.0000
03/04/2021 21:00,0.0000
03/04/2021 22:00,2.0936
03/04/2021 23:00,0.0000
04/04/2021 00:00,0.0000
04/04/2021 01:00,0.0000
04/04/2021 02:00,0.0000
04/04/2021 03:00,0.0000
04/04/2021 04:00,0.0000
04/04/2021 05:00,0.0000
04/04/2021 06:00,0.0000
04/04/2021 07:00,0.0000
04/04/2021 08:00,0.0000
04/04/2021 09:00,0.0000
04/04/2021 10:00,0.0000
04/04/2021 11:00,0.0000
04/04/2021 12:00,0.0000
04/04/2021 13:00,0.0000
04/04/2021 14:00,0.0000
04/04/2021 15:00,0.0000
04/04/2021 16:00,0.0000
04/04/2021 17:00,0.0000
04/04/2021 18:00,0.0000
04/04/2021 19:00,0.0000
04/04/2021 20:00,0.0000
04/04/2021 21:00,0.0000
04/04/2021 22:00,0.0000
04/04/2021 23:00,0.0000
05/04/2021 00:00,0.0000
05/04/2021 01:00,0.0000
05/04/2021 02:00,0.0000
05/04/2021 03:00,0.0000
05/04/2021 04:00,3.9182
05/04/2021 05:00,1.0092
05/04/2021 06:00,0.0000
05/04/2021 07:00,0.0000
05/04/2021 08:00,0.0000
05/04/2021 09:00,0.0000
05/04/2021 10:00,0.0000
05/04/2021 11:00,0.0000
05/04/2021 12:00,0.0000
05/04/2021 13:00,0.6748
05/04/2021 14:00,0.0000
05/04/2021 15:00,0.0000
05/04/2021 16:00,0.0000
05/04/2021 17:00,0.0000
05/04/2021 18:00,0.0000
05/04/2021 19:00,0.0000
05/04/2021 20:00,0.0000
05/04/2021 21:00,0.0000
05/04/2021 22:00,0.0000
05/04/2021 23:00,0.0000
06/04/2021 00:00,0.0000
06/04/2021 01:00,0.0000
06/04/2021 02:00,0.0000
06/04/2021 03:00,0.0000
06/04/2021 04:00,0.0000
06/04/2021 05:00,0.3095
06/04/2021 06:00,4.4151
06/04/2021 07:00,0.5502
06/04/2021 08:00,0.0000
06/04/2021 09:00,0.0000
06/04/2021 10:00,0.0000
06/04/2021 11:00,0.0000
06/04/2021 12:00,0.0000
06/04/2021 13:00,0.0000
06/04/2021 14:00,0.0000
06/04/2021 15:00,0.0000
06/04/2021 16:00,0.0000
06/04/2021 17:00,0.0000
06/04/2021 18:00,0.0000
06/04/2021 19:00,0.0000
06/04/2021 20:00,0.0000
06/04/2021 21:00,0.0000
06/04/2021 22:00,0.0000
06/04/2021 23:00,0.0000
07/04/2021 00:00,0.0000
07/04/2021 01:00,0.0000
07/04/2021 02:00,0.0000
07/04/2021 03:00,0.0000
07/04/2021 04:00,0.0000
07/04/2021 05:00,2.6980
07/04/2021 06:00,1.5249
07/04/2021 07:00,0.1091
07/04/2021 08:00,1.5880
07/04/2021 09:00,0.0000
07/04/2021 10:00,0.0000
07/04/2021 11:00,0.0000
07/04/2021 12:00,0.0000
07/04/2021 13:00,0.0000
07/04/2021 14:00,0.0000
07/04/2021 15:00,0.0000
07/04/2021 16:00,0.0000
07/04/2021 17:00,0.0000
07/04/2021 18:00,0.0000
07/04/2021 19:00,0.0000
07/04/2021 20:00,0.0000
07/04/2021 21:00,0.0000
07/04/2021 22:00,0.0000
07/04/2021 23:00,0.0000
08/04/2021 00:00,0.0000
08/04/2021 01:00,0.0000
08/04/2021 02:00,0.0000
08/04/2021 03:00,0.0000
08/04/2021 04:00,0.7105
08/04/2021 05:00,0.0000
08/04/2021 06:00,0.0000
08/04/2021 07:00,0.0000
08/04/2021 08:00,0.0000
08/04/2021 09:00,0.0000
08/04/2021 10:00,0.0000
08/04/2021 11:00,0.0000
08/04/2021 12:00,0.0000
08/04/2021 13:00,0.0000
08/04/2021 14:00,0.0000
08/04/2021 15:00,0.0000
08/04/2021 16:00,4.9692
08/04/2021 17:00,0.0000
08/04/2021 18:00,0.0000
08/04/2021 19:00,0.0000
08/04/2021 20:00,0.0000
08/04/2021 21:00,0.0000
08/04/2021 22:00,0.0000
08/04/2021 23:00,0.0000
09/04/2021 00:00,0.0000
09/04/2021 01:00,0.0000
09/04/2021 02:00,0.0000
09/04/2021 03:00,0.0000
09/04/2021 04:00,0.0000
09/04/2021 05:00,0.0000
09/04/2021 06:00,0.0000
09/04/2021 07:00,1.0115
09/04/2021 08:00,0.0000
09/04/2021 09:00,0.0000
09/04/2021 10:00,0.0000
09/04/2021 11:00,0.0000
09/04/2021 12:00,0.0000
09/04/2021 13:00,0.0000
09/04/2021 14:00,3.9501
09/04/2021 15:00,0.0000
09/04/2021 16:00,0.0000
09/04/2021 17:00,0.0000
09/04/2021 18:00,0.0000
09/04/2021 19:00,0.0000
09/04/2021 20:00,0.0000
09/04/2021 21:00,0.0000
09/04/2021 22:00,0.0000
09/04/2021 23:00,0.0000
10/04/2021 00:00,0.0000
10/04/2021 01:00,0.0000
10/04/2021 02:00,0.0000
10/04/2021 03:00,0.0000
10/04/2021 04:00,0.0000
10/04/2021 05:00,0.0000
10/04/2021 06:00,0.0000
10/04/2021 07:00,0.2449
10/04/2021 08:00,7.3694
10/04/2021 09:00,0.8616
10/04/2021 10:00,0.0000
10/04/2021 11:00,0.0000
10/04/2021 12:00,2.2596
10/04/2021 13:00,0.0000
10/04/2021 14:00,0.0000
10/04/2021 15:00,0.0000
10/04/2021 16:00,0.0000
10/04/2021 17:00,0.0000
10/04/2021 18:00,0.0000
10/04/2021 19:00,0.0000
10/04/2021 20:00,0.0000
10/04/2021 21:00,0.0000
10/04/2021 22:00,0.0000
10/04/2021 23:00,0.0000
11/04/2021 00:00,0.0000
11/04/2021 01:00,0.0000
11/04/2021 02:00,0.0000
11/04/2021 03:00,0.0000
11/04/2021 04:00,0.0000
11/04/2021 05:00,0.0000
11/04/2021 06:00,0.0000
11/04/2021 07:00,0.0000
11/04/2021 08:00,0.0000
11/04/2021 09:00,0.0000
11/04/2021 10:00,0.0000
11/04/2021 11:00,0.0000
11/04/2021 12:00,0.0000
11/04/2021 13:00,0.0000
11/04/2021 14:00,0.0000
11/04/2021 15:00,0.0000
11/04/2021 16:00,0.0000
11/04/2021 17:00,0.0000
11/04/2021 18:00,0.0000
11/04/2021 19:00,0.0000
11/04/2021 20:00,0.0000
11/04/2021 21:00,0.0000
11/04/2021 22:00,0.0000
11/04/2021 23:00,0.0000
12/04/2021 00:00,0.0000
12/04/2021 01:00,0.0000
12/04/2021 02:00,0.0000
12/04/2021 03:00,0.0000
12/04/2021 04:00,0.0000
12/04/2021 05:00,0.0000
12/04/2021 06:00,3.2971
12/04/2021 07:00,0.6722
12/04/2021 08:00,0.0000
12/04/2021 09:00,0.5640
12/04/2021 10:00,0.0000
12/04/2021 11:00,0.0000
12/04/2021 12:00,0.0000
12/04/2021 13:00,0.1125
12/04/2021 14:00,0.0000
12/04/2021 15:00,0.0000
12/04/2021 16:00,0.0000
12/04/2021 17:00,0.0000
12/04/2021 18:00,0.0000
12/04/2021 19:00,0.0000
12/04/2021 20:00,0.0000
12/04/2021 21:00,0.0000
12/04/2021 22:00,0.0000
12/04/2021 23:00,0.0000
13/04/2021 00:00,0.0000
13/04/2021 01:00,0.0000
13/04/2021 02:00,0.0000
13/04/2021 03:00,0.0000
13/04/2021 04:00,0.0000
13/04/2021 05:00,0.0000
13/04/2021 06:00,0.7064
13/04/2021 07:00,0.0000
13/04/2021 08:00,3.6818
13/04/2021 09:00,0.0000
13/04/2021 10:00,0.0000
13/04/2021 11:00,0.0000
13/04/2021 12:00,0.0000
13/04/2021 13:00,0.0000
13/04/2021 14:00,0.0000
13/04/2021 15:00,0.0000
13/04/2021 16:00,0.0000
13/04/2021 17:00,0.0000
13/04/2021 18:00,0.0000
13/04/2021 19:00,0.0000
13/04/2021 20:00,0.0000
13/04/2021 21:00,0.0000
13/04/2021 22:00,0.0000
13/04/2021 23:00,0.0000
14/04/2021 00:00,0.0000
14/04/2021 01:00,0.0000
14/04/2021 02:00,0.0000
14/04/2021 03:00,0.0000
14/04/2021 04:00,0.0000
14/04/2021 05:00,0.0000
14/04/2021 06:00,0.0000
14/04/2021 07:00,0.0000
14/04/2021 08:00,0.0000
14/04/2021 09:00,1.1754
14/04/2021 10:00,0.0000
14/04/2021 11:00,0.0000
14/04/2021 12:00,0.0000
14/04/2021 13:00,0.0000
14/04/2021 14:00,0.0000
14/04/2021 15:00,0.0000
14/04/2021 16:00,3.6310
14/04/2021 17:00,0.0000
14/04/2021 18:00,0.0000
14/04/2021 19:00,0.0000
14/04/2021 20:00,0.0000
14/04/2021 21:00,0.0000
14/04/2021 22:00,0.0000
14/04/2021 23:00,0.0000
15/04/2021 00:00,0.0000
15/04/2021 01:00,0.0000
15/04/2021 02:00,0.0000
15/04/2021 03:00,0.0000
15/04/2021 04:00,0.2261
15/04/2021 05:00,4.7512
15/04/2021 06:00,0.0000
15/04/2021 07:00,0.0000
15/04/2021 08:00,0.0000
15/04/2021 09:00,0.0000
15/04/2021 10:00,0.0000
15/04/2021 11:00,0.0000
15/04/2021 12:00,0.0000
15/04/2021 13:00,0.0000
15/04/2021 14:00,0.0000
15/04/2021 15:00,0.6075
15/04/2021 16:00,0.0000
15/04/2021 17:00,0.0000
15/04/2021 18:00,0.0000
15/04/2021 19:00,0.0000
15/04/2021 20:00,0.0000
15/04/2021 21:00,0.0000
15/04/2021 22:00,0.0000
15/04/2021 23:00,0.0000
16/04/2021 00:00,0.0000
16/04/2021 01:00,0.0000
16/04/2021 02:00,0.0000
16/04/2021 03:00,0.0000
16/04/2021 04:00,0.4579
16/04/2021 05:00,0.0000
16/04/2021 06:00,1.8962
16/04/2021 07:00,1.5968
16/04/2021 08:00,0.0000
16/04/2021 09:00,0.0000
16/04/2021 10:00,0.0000
16/04/2021 11:00,0.0000
16/04/2021 12:00,0.0000
16/04/2021 13:00,0.0000
16/04/2021 14:00,0.0000
16/04/2021 15:00,0.0000
16/04/2021 16:00,0.0000
16/04/2021 17:00,0.0000
16/04/2021 18:00,0.0000
16/04/2021 19:00,0.0000
16/04/2021 20:00,0.0000
16/04/2021 21:00,0.0000
16/04/2021 22:00,0.0000
16/04/2021 23:00,0.0000
17/04/2021 00:00,0.0000
17/04/2021 01:00,0.0000
17/04/2021 02:00,0.0000
17/04/2021 03:00,0.0000
17/04/2021 04:00,1.4669
17/04/2021 05:00,0.6668
17/04/2021 06:00,0.0000
17/04/2021 07:00,0.0000
17/04/2021 08:00,0.0000
17/04/2021 09:00,0.0000
17/04/2021 10:00,0.0000
17/04/2021 11:00,0.0000
17/04/2021 12:00,0.7311
17/04/2021 13:00,2.5394
17/04/2021 14:00,0.0000
17/04/2021 15:00,0.0000
17/04/2021 16:00,0.0000
17/04/2021 17:00,0.0000
17/04/2021 18:00,5.1223
17/04/2021 19:00,1.2441
17/04/2021 20:00,0.0000
17/04/2021 21:00,0.0000
17/04/2021 22:00,0.0000
17/04/2021 23:00,0.0000
18/04/2021 00:00,0.0000
18/04/2021 01:00,0.0000
18/04/2021 02:00,0.0000
18/04/2021 03:00,0.0000
18/04/2021 04:00,0.0000
18/04/2021 05:00,0.0000
18/04/2021 06:00,0.0000
18/04/2021 07:00,0.0000
18/04/2021 08:00,0.0000
18/04/2021 09:00,0.0000
18/04/2021 10:00,0.0000
18/04/2021 11:00,0.0000
18/04/2021 12:00,0.0000
18/04/2021 13:00,0.0000
18/04/2021 14:00,0.0000
18/04/2021 15:00,0.0000
18/04/2021 16:00,0.0000
18/04/2021 17:00,0.0000
18/04/2021 18:00,0.0000
18/04/2021 19:00,0.0000
18/04/2021 20:00,0.0000
18/04/2021 21:00,0.0000
18/04/2021 22:00,0.0000
18/04/2021 23:00,0.0000
19/04/2021 00:00,0.0000
19/04/2021 01:00,0.0000
19/04/2021 02:00,0.0000
19/04/2021 03:00,0.0000
19/04/2021 04:00,0.0000
19/04/2021 05:00,0.0000
19/04/2021 06:00,0.0000
19/04/2021 07:00,0.0000
19/04/2021 08:00,0.0000
19/04/2021 09:00,0.0000
19/04/2021 10:00,0.0000
19/04/2021 11:00,0.0000
19/04/2021 12:00,0.0000
19/04/2021 13:00,4.9482
19/04/2021 14:00,0.2535
19/04/2021 15:00,0.0000
19/04/2021 16:00,0.0000
19/04/2021 17:00,0.0000
19/04/2021 18:00,0.0000
19/04/2021 19:00,0.0000
19/04/2021 20:00,0.0000
19/04/2021 21:00,0.0000
19/04/2021 22:00,0.0000
19/04/2021 23:00,0.0000
20/04/2021 00:00,0.0000
20/04/2021 01:00,0.0000
20/04/2021 02:00,0.0000
20/04/2021 03:00,0.0000
20/04/2021 04:00,0.0000
20/04/2021 05:00,0.3313
20/04/2021 06:00,0.0000
20/04/2021 07:00,0.0000
20/04/2021 08:00,0.0000
20/04/2021 09:00,0.0000
20/04/2021 10:00,0.0000
20/04/2021 11:00,0.0000
20/04/2021 12:00,0.0000
20/04/2021 13:00,0.0000
20/04/2021 14:00,0.0000
20/04/2021 15:00,4.5688
20/04/2021 16:00,0.0000
20/04/2021 17:00,0.0000
20/04/2021 18:00,0.0000
20/04/2021 19:00,0.0000
20/04/2021 20:00,0.0000
20/04/2021 21:00,0.0000
20/04/2021 22:00,0.0000
20/04/2021 23:00,0.0000
21/04/2021 00:00,0.0000
21/04/2021 01:00,0.0000
21/04/2021 02:00,0.0000
21/04/2021 03:00,0.0000
21/04/2021 04:00,0.0000
21/04/2021 05:00,0.0000
21/04/2021 06:00,0.0000
21/04/2021 07:00,0.0000
21/04/2021 08:00,0.0000
21/04/2021 09:00,0.0000
21/04/2021 10:00,0.0000
21/04/2021 11:00,0.0000
21/04/2021 12:00,0.0000
21/04/2021 13:00,5.1445
21/04/2021 14:00,0.0000
21/04/2021 15:00,0.4437
21/04/2021 16:00,0.0000
21/04/2021 17:00,0.0000
21/04/2021 18:00,0.0000
21/04/2021 19:00,0.0000
21/04/2021 20:00,0.0000
21/04/2021 21:00,0.0000
21/04/2021 22:00,0.0000
21/04/2021 23:00,0.0000
22/04/2021 00:00,0.0000
22/04/2021 01:00,0.0000
22/04/2021 02:00,0.0000
22/04/2021 03:00,0.0000
22/04/2021 04:00,0.0000
22/04/2021 05:00,0.4529
22/04/2021 06:00,1.9486
22/04/2021 07:00,3.1664
22/04/2021 08:00,0.0000
22/04/2021 09:00,0.0000
22/04/2021 10:00,0.0000
22/04/2021 11:00,0.0000
22/04/2021 12:00,0.0000
22/04/2021 13:00,0.0000
22/04/2021 14:00,0.0000
22/04/2021 15:00,0.0000
22/04/2021 16:00,0.0000
22/04/2021 17:00,0.0000
22/04/2021 18:00,0.0000
22/04/2021 19:00,0.0000
22/04/2021 20:00,0.0000
22/04/2021 21:00,0.0000
22/04/2021 22:00,0.0000
22/04/2021 23:00,0.0000
23/04/2021 00:00,0.0000
23/04/2021 01:00,0.0000
23/04/2021 02:00,0.0000
23/04/2021 03:00,0.0000
23/04/2021 04:00,0.0000
23/04/2021 05:00,0.0000
23/04/2021 06:00,0.0000
23/04/2021 07:00,0.0000
23/04/2021 08:00,0.4125
23/04/2021 09:00,0.0000
23/04/2021 10:00,0.0000
23/04/2021 11:00,0.0000
23/04/2021 12:00,0.0000
23/04/2021 13:00,0.4525
23/04/2021 14:00,0.5667
23/04/2021 15:00,3.5301
23/04/2021 16:00,0.9489
23/04/2021 17:00,0.0000
23/04/2021 18:00,0.0000
23/04/2021 19:00,0.0000
23/04/2021 20:00,0.0000
23/04/2021 21:00,0.0000
23/04/2021 22:00,0.0000
23/04/2021 23:00,0.0000
24/04/2021 00:00,0.0000
24/04/2021 01:00,0.0000
24/04/2021 02:00,0.0000
24/04/2021 03:00,0.0000
24/04/2021 04:00,0.0000
24/04/2021 05:00,0.0000
24/04/2021 06:00,0.0000
24/04/2021 07:00,0.0000
24/04/2021 08:00,1.1574
24/04/2021 09:00,0.0000
24/04/2021 10:00,0.0000
24/04/2021 11:00,0.0000
24/04/2021 12:00,0.0000
24/04/2021 13:00,0.0000
24/04/2021 14:00,0.0000
24/04/2021 15:00,0.0000
24/04/2021 16:00,1.3892
24/04/2021 17:00,8.1012
24/04/2021 18:00,2.0441
24/04/2021 19:00,0.0000
24/04/2021 20:00,0.0000
24/04/2021 21:00,0.7020
24/04/2021 22:00,1.4041
24/04/2021 23:00,0.0000
25/04/2021 00:00,0.0000
25/04/2021 01:00,0.0000
25/04/2021 02:00,0.0000
25/04/2021 03:00,0.0000
25/04/2021 04:00,0.0000
25/04/2021 05:00,0.0000
25/04/2021 06:00,0.0000
25/04/2021 07:00,0.0000
25/04/2021 08:00,0.0000
25/04/2021 09:00,0.0000
25/04/2021 10:00,0.0000
25/04/2021 11:00,0.0000
25/04/2021 12:00,0.0000
25/04/2021 13:00,0.0000
25/04/2021 14:00,0.0000
25/04/2021 15:00,0.0000
25/04/2021 16:00,0.0000
25/04/2021 17:00,0.0000
25/04/2021 18:00,0.0000
25/04/2021 19:00,0.0000
25/04/2021 20:00,0.0000
25/04/2021 21:00,0.0000
25/04/2021 22:00,0.0000
25/04/2021 23:00,0.0000
26/04/2021 00:00,0.0000
26/04/2021 01:00,0.0000
26/04/2021 02:00,0.0000
26/04/2021 03:00,0.0000
26/04/2021 04:00,0.0000
26/04/2021 05:00,0.0000
26/04/2021 06:00,0.0000
26/04/2021 07:00,0.0000
26/04/2021 08:00,1.1433
26/04/2021 09:00,2.9238
26/04/2021 10:00,0.0000
26/04/2021 11:00,0.0000
26/04/2021 12:00,0.0000
26/04/2021 13:00,0.0000
26/04/2021 14:00,0.1209
26/04/2021 15:00,0.7203
26/04/2021 16:00,0.0000
26/04/2021 17:00,0.0000
26/04/2021 18:00,0.0000
26/04/2021 19:00,0.0000
26/04/2021 20:00,0.0000
26/04/2021 21:00,0.0000
26/04/2021 22:00,0.0000
26/04/2021 23:00,0.0000
27/04/2021 00:00,0.0000
27/04/2021 01:00,0.6774
27/04/2021 02:00,0.0000
27/04/2021 03:00,0.0000
27/04/2021 04:00,0.0000
27/04/2021 05:00,4.4587
27/04/2021 06:00,0.0000
27/04/2021 07:00,0.0000
27/04/2021 08:00,0.0000
27/04/2021 09:00,0.6981
27/04/2021 10:00,0.0000
27/04/2021 11:00,0.0000
27/04/2021 12:00,0.0000
27/04/2021 13:00,0.0000
27/04/2021 14:00,0.0000
27/04/2021 15:00,0.0000
27/04/2021 16:00,0.0000
27/04/2021 17:00,0.0000
27/04/2021 18:00,0.0000
27/04/2021 19:00,0.0000
27/04/2021 20:00,5.2569
27/04/2021 21:00,0.0000
27/04/2021 22:00,1.5812
27/04/2021 23:00,0.0000
28/04/2021 00:00,0.0000
28/04/2021 01:00,0.0000
28/04/2021 02:00,0.0000
28/04/2021 03:00,0.0000
28/04/2021 04:00,0.0000
28/04/2021 05:00,4.3749
28/04/2021 06:00,0.0000
28/04/2021 07:00,0.0000
28/04/2021 08:00,0.9746
28/04/2021 09:00,0.0000
28/04/2021 10:00,0.0000
28/04/2021 11:00,0.0000
28/04/2021 12:00,0.0000
28/04/2021 13:00,0.0000
28/04/2021 14:00,0.0000
28/04/2021 15:00,0.0000
28/04/2021 16:00,0.0000
28/04/2021 17:00,0.0000
28/04/2021 18:00,0.0000
28/04/2021 19:00,0.0000
28/04/2021 20:00,0.0000
28/04/2021 21:00,0.0000
28/04/2021 22:00,0.0000
28/04/2021 23:00,0.0000
29/04/2021 00:00,0.0000
29/04/2021 01:00,0.0000
29/04/2021 02:00,0.0000
29/04/2021 03:00,0.0000
29/04/2021 04:00,0.0000
29/04/2021 05:00,0.8938
29/04/2021 06:00,3.1781
29/04/2021 07:00,0.0000
29/04/2021 08:00,1.0512
29/04/2021 09:00,0.0000
29/04/2021 10:00,0.0000
29/04/2021 11:00,0.0000
29/04/2021 12:00,0.0000
29/04/2021 13:00,0.0000
29/04/2021 14:00,0.0000
29/04/2021 15:00,0.0000
29/04/2021 16:00,0.0000
29/04/2021 17:00,0.0000
29/04/2021 18:00,0.0000
29/04/2021 19:00,0.0000
29/04/2021 20:00,0.0000
29/04/2021 21:00,0.0000
29/04/2021 22:00,0.0000
29/04/2021 23:00,0.0000
30/04/2021 00:00,2.6741
30/04/2021 01:00,0.0000
30/04/2021 02:00,0.0000
30/04/2021 03:00,0.0000
30/04/2021 04:00,0.0000
30/04/2021 05:00,0.0000
30/04/2021 06:00,0.0000
30/04/2021 07:00,0.0000
30/04/2021 08:00,2.9031
30/04/2021 09:00,2.2530
30/04/2021 10:00,3.5189
30/04/2021 11:00,0.0000
30/04/2021 12:00,0.0000
30/04/2021 13:00,0.0000
30/04/2021 14:00,1.8268
30/04/2021 15:00,2.8951
30/04/2021 16:00,0.0000
30/04/2021 17:00,0.0000
30/04/2021 18:00,0.0000
30/04/2021 19:00,0.0000
30/04/2021 20:00,0.0000
30/04/2021 21:00,0.0000
30/04/2021 22:00,0.0000
30/04/2021 23:00,0.0000
01/05/2021 00:00,0.0000
01/05/2021 01:00,0.0000
01/05/2021 02:00,0.0000
01/05/2021 03:00,0.0000
01/05/2021 04:00,0.0000
01/05/2021 05:00,0.0000
01/05/2021 06:00,0.0000
01/05/2021 07:00,0.0000
01/05/2021 08:00,0.9222
01/05/2021 09:00,8.9869
01/05/2021 10:00,0.0000
01/05/2021 11:00,0.0000
01/05/2021 12:00,0.0000
01/05/2021 13:00,2.6300
01/05/2021 14:00,0.0000
01/05/2021 15:00,0.0000
01/05/2021 16:00,0.0000
01/05/2021 17:00,0.0000
01/05/2021 18:00,0.0000
01/05/2021 19:00,0.0000
01/05/2021 20:00,0.0000
01/05/2021 21:00,0.0000
01/05/2021 22:00,0.0000
01/05/2021 23:00,0.0000
02/05/2021 00:00,0.0000
02/05/2021 01:00,0.0000
02/05/2021 02:00,0.0000
02/05/2021 03:00,0.0000
02/05/2021 04:00,0.0000
02/05/2021 05:00,0.0000
02/05/2021 06:00,0.0000
02/05/2021 07:00,0.0000
02/05/2021 08:00,0.0000
02/05/2021 09:00,0.0000
02/05/2021 10:00,7.9420
02/05/2021 11:00,4.3091
02/05/2021 12:00,0.0000
02/05/2021 13:00,0.0000
02/05/2021 14:00,0.0000
02/05/2021 15:00,0.0000
02/05/2021 16:00,0.0000
02/05/2021 17:00,0.0000
02/05/2021 18:00,3.3189
02/05/2021 19:00,0.0000
02/05/2021 20:00,0.0000
02/05/2021 21:00,0.0000
02/05/2021 22:00,0.0000
02/05/2021 23:00,0.0000
03/05/2021 00:00,0.0000
03/05/2021 01:00,0.0000
03/05/2021 02:00,2.2696
03/05/2021 03:00,0.0000
03/05/2021 04:00,0.0000
03/05/2021 05:00,0.0000
03/05/2021 06:00,0.0000
03/05/2021 07:00,0.0000
03/05/2021 08:00,0.0000
03/05/2021 09:00,0.0000
03/05/2021 10:00,0.0000
03/05/2021 11:00,0.0000
03/05/2021 12:00,0.0000
03/05/2021 13:00,0.0000
03/05/2021 14:00,0.0000
03/05/2021 15:00,0.0000
03/05/2021 16:00,0.0000
03/05/2021 17:00,0.0000
03/05/2021 18:00,0.0000
03/05/2021 19:00,0.0000
03/05/2021 20:00,0.0000
03/05/2021 21:00,0.0000
03/05/2021 22:00,0.0000
03/05/2021 23:00,0.0000
04/05/2021 00:00,0.0000
04/05/2021 01:00,0.0000
04/05/2021 02:00,0.0000
04/05/2021 03:00,0.0000
04/05/2021 04:00,0.0000
04/05/2021 05:00,0.0000
04/05/2021 06:00,0.7861
04/05/2021 07:00,0.4599
04/05/2021 08:00,0.3533
04/05/2021 09:00,4.6015
04/05/2021 10:00,0.0000
04/05/2021 11:00,2.8676
04/05/2021 12:00,0.0000
04/05/2021 13:00,0.0000
04/05/2021 14:00,0.0000
04/05/2021 15:00,0.0000
04/05/2021 16:00,0.0000
04/05/2021 17:00,0.0000
04/05/2021 18:00,0.0000
04/05/2021 19:00,5.5911
04/05/2021 20:00,0.0000
04/05/2021 21:00,0.0000
04/05/2021 22:00,0.0000
04/05/2021 23:00,0.0000
05/05/2021 00:00,0.0000
05/05/2021 01:00,0.0000
05/05/2021 02:00,0.0000
05/05/2021 03:00,0.0000
05/05/2021 04:00,0.0000
05/05/2021 05:00,0.0000
05/05/2021 06:00,0.4229
05/05/2021 07:00,0.0000
05/05/2021 08:00,0.0000
05/05/2021 09:00,0.0000
05/05/2021 10:00,0.0000
05/05/2021 11:00,0.0000
05/05/2021 12:00,0.0000
05/05/2021 13:00,0.0000
05/05/2021 14:00,5.8573
05/05/2021 15:00,0.0000
05/05/2021 16:00,0.0000
05/05/2021 17:00,0.0000
05/05/2021 18:00,0.0000
05/05/2021 19:00,0.0000
05/05/2021 20:00,0.0000
05/05/2021 21:00,0.0000
05/05/2021 22:00,0.0000
05/05/2021 23:00,2.9727
06/05/2021 00:00,4.7214
06/05/2021 01:00,0.0000
06/05/2021 02:00,0.0000
06/05/2021 03:00,0.0000
06/05/2021 04:00,0.0000
06/05/2021 05:00,0.0000
06/05/2021 06:00,0.0000
06/05/2021 07:00,0.7822
06/05/2021 08:00,0.2258
06/05/2021 09:00,0.0000
06/05/2021 10:00,0.8939
06/05/2021 11:00,0.0000
06/05/2021 12:00,0.0000
06/05/2021 13:00,0.0000
06/05/2021 14:00,0.0000
06/05/2021 15:00,0.0000
06/05/2021 16:00,0.0000
06/05/2021 17:00,5.1509
06/05/2021 18:00,0.0000
06/05/2021 19:00,0.0000
06/05/2021 20:00,0.0000
06/05/2021 21:00,0.0000
06/05/2021 22:00,0.0000
06/05/2021 23:00,0.0000
07/05/2021 00:00,0.0000
07/05/2021 01:00,0.0000
07/05/2021 02:00,0.0000
07/05/2021 03:00,0.0000
07/05/2021 04:00,0.0000
07/05/2021 05:00,0.0000
07/05/2021 06:00,0.0000
07/05/2021 07:00,0.0000
07/05/2021 08:00,0.0000
07/05/2021 09:00,0.0000
07/05/2021 10:00,0.0000
07/05/2021 11:00,0.0000
07/05/2021 12:00,0.0000
07/05/2021 13:00,1.3865
07/05/2021 14:00,0.0000
07/05/2021 15:00,4.7571
07/05/2021 16:00,0.0000
07/05/2021 17:00,0.0000
07/05/2021 18:00,0.0000
07/05/2021 19:00,0.5797
07/05/2021 20:00,4.5681
07/05/2021 21:00,0.9616
07/05/2021 22:00,0.0000
07/05/2021 23:00,0.0000
08/05/2021 00:00,0.0000
08/05/2021 01:00,0.0000
08/05/2021 02:00,0.0000
08/05/2021 03:00,0.0000
08/05/2021 04:00,0.0000
08/05/2021 05:00,0.0000
08/05/2021 06:00,0.0000
08/05/2021 07:00,0.0000
08/05/2021 08:00,0.0000
08/05/2021 09:00,0.0000
08/05/2021 10:00,0.0000
08/05/2021 11:00,0.0000
08/05/2021 12:00,0.0000
08/05/2021 13:00,0.0000
08/05/2021 14:00,0.0000
08/05/2021 15:00,0.0000
08/05/2021 16:00,0.0000
08/05/2021 17:00,0.0000
08/05/2021 18:00,0.0000
08/05/2021 19:00,0.0000
08/05/2021 20:00,0.0000
08/05/2021 21:00,0.0000
08/05/2021 22:00,1.7569
08/05/2021 23:00,0.0000
09/05/2021 00:00,0.0000
09/05/2021 01:00,0.0000
09/05/2021 02:00,0.0000
09/05/2021 03:00,0.0000
09/05/2021 04:00,0.0000
09/05/2021 05:00,0.0000
09/05/2021 06:00,0.0000
09/05/2021 07:00,0.0000
09/05/2021 08:00,0.0000
09/05/2021 09:00,0.0000
09/05/2021 10:00,0.0000
09/05/2021 11:00,0.0000
09/05/2021 12:00,0.0000
09/05/2021 13:00,0.0000
09/05/2021 14:00,0.0000
09/05/2021 15:00,0.0000
09/05/2021 16:00,0.0000
09/05/2021 17:00,0.0000
09/05/2021 18:00,0.0000
09/05/2021 19:00,0.0000
09/05/2021 20:00,0.0000
09/05/2021 21:00,0.0000
09/05/2021 22:00,0.0000
09/05/2021 23:00,0.0000
10/05/2021 00:00,0.0000
10/05/2021 01:00,0.0000
10/05/2021 02:00,0.0000
10/05/2021 03:00,0.0000
10/05/2021 04:00,0.0000
10/05/2021 05:00,0.0000
10/05/2021 06:00,4.3546
10/05/2021 07:00,0.0000
10/05/2021 08:00,0.0000
10/05/2021 09:00,0.9292
10/05/2021 10:00,0.0000
10/05/2021 11:00,0.1292
10/05/2021 12:00,0.0000
10/05/2021 13:00,0.0000
10/05/2021 14:00,0.0000
10/05/2021 15:00,0.0000
10/05/2021 16:00,0.0000
10/05/2021 17:00,0.0000
10/05/2021 18:00,0.0000
10/05/2021 19:00,0.7497
10/05/2021 20:00,4.8400
10/05/2021 21:00,0.0000
10/05/2021 22:00,0.0000
10/05/2021 23:00,0.0000
11/05/2021 00:00,0.0000
11/05/2021 01:00,0.0000
11/05/2021 02:00,0.0000
11/05/2021 03:00,0.0000
11/05/2021 04:00,0.0000
11/05/2021 05:00,0.0000
11/05/2021 06:00,0.0000
11/05/2021 07:00,2.6130
11/05/2021 08:00,2.4575
11/05/2021 09:00,0.0000
11/05/2021 10:00,0.0000
11/05/2021 11:00,0.0000
11/05/2021 12:00,0.0000
11/05/2021 13:00,0.0000
11/05/2021 14:00,0.0000
11/05/2021 15:00,0.7771
11/05/2021 16:00,0.0000
11/05/2021 17:00,0.0000
11/05/2021 18:00,0.0000
11/05/2021 19:00,0.0000
11/05/2021 20:00,0.0000
11/05/2021 21:00,0.0000
11/05/2021 22:00,0.0000
11/05/2021 23:00,0.0000
12/05/2021 00:00,0.0000
12/05/2021 01:00,0.0000
12/05/2021 02:00,0.0000
12/05/2021 03:00,0.0000
12/05/2021 04:00,0.0000
12/05/2021 05:00,2.4666
12/05/2021 06:00,1.6086
12/05/2021 07:00,0.0000
12/05/2021 08:00,0.0000
12/05/2021 09:00,0.0000
12/05/2021 10:00,0.0000
12/05/2021 11:00,0.0000
12/05/2021 12:00,0.0000
12/05/2021 13:00,0.0000
12/05/2021 14:00,1.6162
12/05/2021 15:00,0.0000
12/05/2021 16:00,0.0000
12/05/2021 17:00,0.0000
12/05/2021 18:00,0.0000
12/05/2021 19:00,0.0000
12/05/2021 20:00,0.0000
12/05/2021 21:00,0.0000
12/05/2021 22:00,0.0000
12/05/2021 23:00,0.0000
13/05/2021 00:00,0.0000
13/05/2021 01:00,0.0000
13/05/2021 02:00,0.0000
13/05/2021 03:00,0.0000
13/05/2021 04:00,0.0000
13/05/2021 05:00,0.0000
13/05/2021 06:00,0.0000
13/05/2021 07:00,0.0000
13/05/2021 08:00,3.3367
13/05/2021 09:00,2.3654
13/05/2021 10:00,0.0000
13/05/2021 11:00,0.0000
13/05/2021 12:00,0.0000
13/05/2021 13:00,0.0000
13/05/2021 14:00,0.0000
13/05/2021 15:00,0.0000
13/05/2021 16:00,0.0000
13/05/2021 17:00,0.3187
13/05/2021 18:00,0.0000
13/05/2021 19:00,0.0000
13/05/2021 20:00,0.0000
13/05/2021 21:00,0.0000
13/05/2021 22:00,0.0000
13/05/2021 23:00,0.0000
14/05/2021 00:00,0.0000
14/05/2021 01:00,0.0000
14/05/2021 02:00,0.0000
14/05/2021 03:00,0.0000
14/05/2021 04:00,0.0000
14/05/2021 05:00,0.0000
14/05/2021 06:00,0.0000
14/05/2021 07:00,0.1182
14/05/2021 08:00,0.0000
14/05/2021 09:00,0.0000
14/05/2021 10:00,0.0000
14/05/2021 11:00,0.0000
14/05/2021 12:00,0.0000
14/05/2021 13:00,5.8395
14/05/2021 14:00,0.0000
14/05/2021 15:00,0.0000
14/05/2021 16:00,0.0000
14/05/2021 17:00,0.0000
14/05/2021 18:00,0.0000
14/05/2021 19:00,0.0000
14/05/2021 20:00,0.0000
14/05/2021 21:00,0.0000
14/05/2021 22:00,0.0000
14/05/2021 23:00,0.4989
15/05/2021 00:00,1.6964
15/05/2021 01:00,0.0000
15/05/2021 02:00,0.0000
15/05/2021 03:00,0.0000
15/05/2021 04:00,0.0000
15/05/2021 05:00,0.0000
15/05/2021 06:00,0.0000
15/05/2021 07:00,0.0000
15/05/2021 08:00,0.0000
15/05/2021 09:00,0.0000
15/05/2021 10:00,0.0000
15/05/2021 11:00,0.0000
15/05/2021 12:00,0.0000
15/05/2021 13:00,0.0000
15/05/2021 14:00,0.0000
15/05/2021 15:00,0.0000
15/05/2021 16:00,0.0000
15/05/2021 17:00,0.0000
15/05/2021 18:00,0.0000
15/05/2021 19:00,0.0000
15/05/2021 20:00,0.0000
15/05/2021 21:00,0.0000
15/05/2021 22:00,0.0000
15/05/2021 23:00,0.0000
16/05/2021 00:00,0.0000
16/05/2021 01:00,0.0000
16/05/2021 02:00,0.0000
16/05/2021 03:00,0.0000
16/05/2021 04:00,0.0000
16/05/2021 05:00,0.0000
16/05/2021 06:00,0.0000
16/05/2021 07:00,0.0000
16/05/2021 08:00,0.0000
16/05/2021 09:00,0.0000
16/05/2021 10:00,0.0000
16/05/2021 11:00,3.1201
16/05/2021 12:00,8.1782
16/05/2021 13:00,0.0000
16/05/2021 14:00,0.0000
16/05/2021 15:00,0.0000
16/05/2021 16:00,0.0000
16/05/2021 17:00,0.0000
16/05/2021 18:00,0.0000
16/05/2021 19:00,0.0000
16/05/2021 20:00,0.0000
16/05/2021 21:00,0.0000
16/05/2021 22:00,0.0000
16/05/2021 23:00,0.0000
17/05/2021 00:00,0.0000
17/05/2021 01:00,0.0000
17/05/2021 02:00,0.0000
17/05/2021 03:00,0.0000
17/05/2021 04:00,0.0000
17/05/2021 05:00,0.0000
17/05/2021 06:00,0.7453
17/05/2021 07:00,0.0000
17/05/2021 08:00,4.8450
17/05/2021 09:00,0.0000
17/05/2021 10:00,0.0000
17/05/2021 11:00,0.0000
17/05/2021 12:00,0.0000
17/05/2021 13:00,0.0000
17/05/2021 14:00,0.0000
17/05/2021 15:00,0.0000
17/05/2021 16:00,0.0000
17/05/2021 17:00,0.0000
17/05/2021 18:00,0.0000
17/05/2021 19:00,0.0000
17/05/2021 20:00,0.0000
17/05/2021 21:00,0.0000
17/05/2021 22:00,0.0000
17/05/2021 23:00,0.0000
18/05/2021 00:00,0.0000
18/05/2021 01:00,0.0000
18/05/2021 02:00,0.0000
18/05/2021 03:00,0.0000
18/05/2021 04:00,0.0000
18/05/2021 05:00,3.5837
18/05/2021 06:00,0.3862
18/05/2021 07:00,0.0000
18/05/2021 08:00,1.0544
18/05/2021 09:00,0.0000
18/05/2021 10:00,0.0000
18/05/2021 11:00,0.0000
18/05/2021 12:00,0.0000
18/05/2021 13:00,0.0000
18/05/2021 14:00,0.0000
18/05/2021 15:00,0.0000
18/05/2021 16:00,0.0000
18/05/2021 17:00,0.0000
18/05/2021 18:00,0.0000
18/05/2021 19:00,0.0000
18/05/2021 20:00,0.0000
18/05/2021 21:00,0.0000
18/05/2021 22:00,0.0000
18/05/2021 23:00,0.0000
19/05/2021 00:00,0.0000
19/05/2021 01:00,0.0000
19/05/2021 02:00,0.0000
19/05/2021 03:00,0.0000
19/05/2021 04:00,0.0000
19/05/2021 05:00,0.0000
19/05/2021 06:00,0.9099
19/05/2021 07:00,4.0477
19/05/2021 08:00,0.2210
19/05/2021 09:00,0.0000
19/05/2021 10:00,0.0000
19/05/2021 11:00,0.0000
19/05/2021 12:00,0.0000
19/05/2021 13:00,0.0000
19/05/2021 14:00,0.0000
19/05/2021 15:00,0.0000
19/05/2021 16:00,0.0000
19/05/2021 17:00,0.0000
19/05/2021 18:00,0.0000
19/05/2021 19:00,0.0000
19/05/2021 20:00,0.0000
19/05/2021 21:00,0.0000
19/05/2021 22:00,0.0000
19/05/2021 23:00,0.0000
20/05/2021 00:00,0.0000
20/05/2021 01:00,0.0000
20/05/2021 02:00,0.0000
20/05/2021 03:00,0.0000
20/05/2021 04:00,0.0000
20/05/2021 05:00,0.0000
20/05/2021 06:00,0.0000
20/05/2021 07:00,0.1355
20/05/2021 08:00,0.0000
20/05/2021 09:00,1.1311
20/05/2021 10:00,0.0000
20/05/2021 11:00,0.0000
20/05/2021 12:00,0.0000
20/05/2021 13:00,0.0000
20/05/2021 14:00,1.9177
20/05/2021 15:00,2.9959
20/05/2021 16:00,0.0000
20/05/2021 17:00,0.0000
20/05/2021 18:00,0.0000
20/05/2021 19:00,0.0000
20/05/2021 20:00,0.0000
20/05/2021 21:00,0.0000
20/05/2021 22:00,0.0000
20/05/2021 23:00,0.0000
21/05/2021 00:00,0.0000
21/05/2021 01:00,0.0000
21/05/2021 02:00,0.0000
21/05/2021 03:00,0.0000
21/05/2021 04:00,0.0000
21/05/2021 05:00,0.0000
21/05/2021 06:00,0.0000
21/05/2021 07:00,0.0000
21/05/2021 08:00,1.1441
21/05/2021 09:00,0.0000
21/05/2021 10:00,0.0000
21/05/2021 11:00,0.0000
21/05/2021 12:00,0.0000
21/05/2021 13:00,0.0000
21/05/2021 14:00,4.2478
21/05/2021 15:00,0.0000
21/05/2021 16:00,0.0000
21/05/2021 17:00,0.0000
21/05/2021 18:00,0.0000
21/05/2021 19:00,0.0000
21/05/2021 20:00,0.0000
21/05/2021 21:00,0.0000
21/05/2021 22:00,0.0000
21/05/2021 23:00,2.0622
22/05/2021 00:00,0.0000
22/05/2021 01:00,0.0000
22/05/2021 02:00,0.0000
22/05/2021 03:00,0.0000
22/05/2021 04:00,0.0000
22/05/2021 05:00,0.0000
22/05/2021 06:00,0.0000
22/05/2021 07:00,0.0000
22/05/2021 08:00,0.0000
22/05/2021 09:00,0.0000
22/05/2021 10:00,0.0000
22/05/2021 11:00,0.0000
22/05/2021 12:00,0.0000
22/05/2021 13:00,0.0000
22/05/2021 14:00,0.0000
22/05/2021 15:00,0.0000
22/05/2021 16:00,0.0000
22/05/2021 17:00,0.0000
22/05/2021 18:00,0.0000
22/05/2021 19:00,0.0000
22/05/2021 20:00,0.0000
22/05/2021 21:00,0.0000
22/05/2021 22:00,0.0000
22/05/2021 23:00,0.0000
23/05/2021 00:00,0.0000
23/05/2021 01:00,0.0000
23/05/2021 02:00,0.0000
23/05/2021 03:00,0.0000
23/05/2021 04:00,1.8204
23/05/2021 05:00,0.0000
23/05/2021 06:00,0.0000
23/05/2021 07:00,0.0000
23/05/2021 08:00,0.0000
23/05/2021 09:00,0.0000
23/05/2021 10:00,0.0000
23/05/2021 11:00,0.0000
23/05/2021 12:00,0.0000
23/05/2021 13:00,0.0000
23/05/2021 14:00,0.0000
23/05/2021 15:00,0.0000
23/05/2021 16:00,0.0000
23/05/2021 17:00,0.0000
23/05/2021 18:00,0.0000
23/05/2021 19:00,0.0000
23/05/2021 20:00,0.0000
23/05/2021 21:00,0.0000
23/05/2021 22:00,0.3546
23/05/2021 23:00,0.0000
24/05/2021 00:00,0.0000
24/05/2021 01:00,0.0000
24/05/2021 02:00,0.0000
24/05/2021 03:00,0.0000
24/05/2021 04:00,0.0000
24/05/2021 05:00,0.0000
24/05/2021 06:00,0.2240
24/05/2021 07:00,0.0000
24/05/2021 08:00,0.0000
24/05/2021 09:00,0.0000
24/05/2021 10:00,0.0000
24/05/2021 11:00,0.0000
24/05/2021 12:00,0.0000
24/05/2021 13:00,0.0000
24/05/2021 14:00,0.0000
24/05/2021 15:00,1.6575
24/05/2021 16:00,3.8737
24/05/2021 17:00,0.0000
24/05/2021 18:00,0.0000
24/05/2021 19:00,0.0000
24/05/2021 20:00,0.0000
24/05/2021 21:00,0.0000
24/05/2021 22:00,0.0000
24/05/2021 23:00,0.0000
25/05/2021 00:00,0.0000
25/05/2021 01:00,0.0000
25/05/2021 02:00,0.0000
25/05/2021 03:00,0.0000
25/05/2021 04:00,0.0000
25/05/2021 05:00,0.0000
25/05/2021 06:00,0.0000
25/05/2021 07:00,0.0000
25/05/2021 08:00,0.0000
25/05/2021 09:00,0.0000
25/05/2021 10:00,0.0000
25/05/2021 11:00,0.0000
25/05/2021 12:00,0.0000
25/05/2021 13:00,1.5356
25/05/2021 14:00,0.3833
25/05/2021 15:00,0.0000
25/05/2021 16:00,3.9267
25/05/2021 17:00,0.0000
25/05/2021 18:00,0.0000
25/05/2021 19:00,0.0000
25/05/2021 20:00,0.0000
25/05/2021 21:00,0.0000
25/05/2021 22:00,0.0000
25/05/2021 23:00,0.0000
26/05/2021 00:00,0.0000
26/05/2021 01:00,0.0000
26/05/2021 02:00,0.0000
26/05/2021 03:00,0.0000
26/05/2021 04:00,0.0000
26/05/2021 05:00,5.4661
26/05/2021 06:00,0.0000
26/05/2021 07:00,0.8664
26/05/2021 08:00,0.0000
26/05/2021 09:00,0.0000
26/05/2021 10:00,0.0000
26/05/2021 11:00,0.0000
26/05/2021 12:00,0.0000
26/05/2021 13:00,0.0000
26/05/2021 14:00,0.0000
26/05/2021 15:00,0.0000
26/05/2021 16:00,0.0000
26/05/2021 17:00,0.0000
26/05/2021 18:00,0.0000
26/05/2021 19:00,0.0000
26/05/2021 20:00,0.0000
26/05/2021 21:00,0.0000
26/05/2021 22:00,0.0000
26/05/2021 23:00,0.0000
27/05/2021 00:00,0.0000
27/05/2021 01:00,0.0000
27/05/2021 02:00,0.0000
27/05/2021 03:00,0.0000
27/05/2021 04:00,0.0000
27/05/2021 05:00,0.0000
27/05/2021 06:00,0.1162
27/05/2021 07:00,3.3030
27/05/2021 08:00,1.4204
27/05/2021 09:00,0.0000
27/05/2021 10:00,0.0000
27/05/2021 11:00,0.0000
27/05/2021 12:00,0.0000
27/05/2021 13:00,0.0000
27/05/2021 14:00,0.0000
27/05/2021 15:00,0.0000
27/05/2021 16:00,0.0000
27/05/2021 17:00,0.0000
27/05/2021 18:00,0.0000
27/05/2021 19:00,0.0000
27/05/2021 20:00,0.0000
27/05/2021 21:00,0.0000
27/05/2021 22:00,0.0000
27/05/2021 23:00,0.0000
28/05/2021 00:00,0.0000
28/05/2021 01:00,0.0000
28/05/2021 02:00,0.0000
28/05/2021 03:00,0.0000
28/05/2021 04:00,0.0000
28/05/2021 05:00,0.0000
28/05/2021 06:00,0.0000
28/05/2021 07:00,0.0000
28/05/2021 08:00,0.0000
28/05/2021 09:00,0.0000
28/05/2021 10:00,0.0000
28/05/2021 11:00,0.0000
28/05/2021 12:00,0.0000
28/05/2021 13:00,6.0869
28/05/2021 14:00,0.3631
28/05/2021 15:00,0.1168
28/05/2021 16:00,0.0000
28/05/2021 17:00,0.0000
28/05/2021 18:00,0.0000
28/05/2021 19:00,0.0000
28/05/2021 20:00,0.0000
28/05/2021 21:00,0.0000
28/05/2021 22:00,0.0000
28/05/2021 23:00,0.0000
29/05/2021 00:00,0.0000
29/05/2021 01:00,0.0000
29/05/2021 02:00,0.0000
29/05/2021 03:00,0.0000
29/05/2021 04:00,0.0000
29/05/2021 05:00,0.0000
29/05/2021 06:00,0.0000
29/05/2021 07:00,0.0000
29/05/2021 08:00,3.3532
29/05/2021 09:00,2.6274
29/05/2021 10:00,6.1839
29/05/2021 11:00,0.0000
29/05/2021 12:00,0.0000
29/05/2021 13:00,0.0000
29/05/2021 14:00,0.0000
29/05/2021 15:00,0.0000
29/05/2021 16:00,0.0000
29/05/2021 17:00,0.0000
29/05/2021 18:00,0.0000
29/05/2021 19:00,0.0000
29/05/2021 20:00,0.0000
29/05/2021 21:00,0.0000
29/05/2021 22:00,0.0000
29/05/2021 23:00,0.0000
30/05/2021 00:00,0.0000
30/05/2021 01:00,0.0000
30/05/2021 02:00,0.0000
30/05/2021 03:00,2.0363
30/05/2021 04:00,0.0000
30/05/2021 05:00,0.0000
30/05/2021 06:00,0.0000
30/05/2021 07:00,0.0000
30/05/2021 08:00,0.0000
30/05/2021 09:00,0.0000
30/05/2021 10:00,0.0000
30/05/2021 11:00,0.0000
30/05/2021 12:00,0.0000
30/05/2021 13:00,0.0000
30/05/2021 14:00,0.0000
30/05/2021 15:00,0.0000
30/05/2021 16:00,0.0000
30/05/2021 17:00,0.0000
30/05/2021 18:00,0.0000
30/05/2021 19:00,0.0000
30/05/2021 20:00,0.0000
30/05/2021 21:00,0.0000
30/05/2021 22:00,0.0000
30/05/2021 23:00,0.0000
31/05/2021 00:00,0.0000
31/05/2021 01:00,0.0000
31/05/2021 02:00,0.0000
31/05/2021 03:00,0.0000
31/05/2021 04:00,0.0000
31/05/2021 05:00,5.2816
31/05/2021 06:00,0.1124
31/05/2021 07:00,0.0000
31/05/2021 08:00,0.3443
31/05/2021 09:00,0.0000
31/05/2021 10:00,0.0000
31/05/2021 11:00,0.0000
31/05/2021 12:00,0.0000
31/05/2021 13:00,0.0000
31/05/2021 14:00,0.0000
31/05/2021 15:00,0.0000
31/05/2021 16:00,0.0000
31/05/2021 17:00,0.0000
31/05/2021 18:00,0.0000
31/05/2021 19:00,0.0000
31/05/2021 20:00,0.0000
31/05/2021 21:00,0.0000
31/05/2021 22:00,0.0000
31/05/2021 23:00,0.0000
01/06/2021 00:00,0.0000
01/06/2021 01:00,0.0000
01/06/2021 02:00,0.0000
01/06/2021 03:00,0.0000
01/06/2021 04:00,0.0000
01/06/2021 05:00,0.0000
01/06/2021 06:00,0.0000
01/06/2021 07:00,0.0000
01/06/2021 08:00,5.0635
01/06/2021 09:00,0.0000
01/06/2021 10:00,0.0000
01/06/2021 11:00,0.0000
01/06/2021 12:00,0.0000
01/06/2021 13:00,0.0000
01/06/2021 14:00,0.1417
01/06/2021 15:00,0.0000
01/06/2021 16:00,0.0000
01/06/2021 17:00,0.0000
01/06/2021 18:00,0.0000
01/06/2021 19:00,0.0000
01/06/2021 20:00,0.0000
01/06/2021 21:00,0.0000
01/06/2021 22:00,0.0000
01/06/2021 23:00,0.0000
02/06/2021 00:00,0.0000
02/06/2021 01:00,0.0000
02/06/2021 02:00,0.0000
02/06/2021 03:00,0.0000
02/06/2021 04:00,0.0000
02/06/2021 05:00,0.0000
02/06/2021 06:00,0.0000
02/06/2021 07:00,0.0000
02/06/2021 08:00,0.0000
02/06/2021 09:00,1.2928
02/06/2021 10:00,0.0000
02/06/2021 11:00,0.0000
02/06/2021 12:00,0.0000
02/06/2021 13:00,0.0000
02/06/2021 14:00,0.9194
02/06/2021 15:00,0.0000
02/06/2021 16:00,0.0000
02/06/2021 17:00,3.3939
02/06/2021 18:00,0.0000
02/06/2021 19:00,0.0000
02/06/2021 20:00,0.0000
02/06/2021 21:00,0.0000
02/06/2021 22:00,0.0000
02/06/2021 23:00,0.0000
03/06/2021 00:00,0.0000
03/06/2021 01:00,0.0000
03/06/2021 02:00,0.0000
03/06/2021 03:00,0.0000
03/06/2021 04:00,0.0000
03/06/2021 05:00,0.0000
03/06/2021 06:00,0.0000
03/06/2021 07:00,0.2369
03/06/2021 08:00,0.0000
03/06/2021 09:00,0.0000
03/06/2021 10:00,0.0000
03/06/2021 11:00,0.0000
03/06/2021 12:00,0.5325
03/06/2021 13:00,5.4702
03/06/2021 14:00,0.0000
03/06/2021 15:00,0.0000
03/06/2021 16:00,0.0000
03/06/2021 17:00,0.0000
03/06/2021 18:00,0.0000
03/06/2021 19:00,0.0000
03/06/2021 20:00,0.0000
03/06/2021 21:00,0.0000
03/06/2021 22:00,0.0000
03/06/2021 23:00,0.0000
04/06/2021 00:00,0.0000
04/06/2021 01:00,0.0000
04/06/2021 02:00,0.0000
04/06/2021 03:00,0.0000
04/06/2021 04:00,0.0000
04/06/2021 05:00,0.0000
04/06/2021 06:00,3.6154
04/06/2021 07:00,1.9681
04/06/2021 08:00,0.0000
04/06/2021 09:00,0.0000
04/06/2021 10:00,0.0000
04/06/2021 11:00,0.0000
04/06/2021 12:00,0.0000
04/06/2021 13:00,0.2030
04/06/2021 14:00,0.0000
04/06/2021 15:00,0.0000
04/06/2021 16:00,0.0000
04/06/2021 17:00,0.0000
04/06/2021 18:00,0.0000
04/06/2021 19:00,0.0000
04/06/2021 20:00,0.0000
04/06/2021 21:00,0.0000
04/06/2021 22:00,0.0000
04/06/2021 23:00,0.0000
05/06/2021 00:00,0.0000
05/06/2021 01:00,0.0000
05/06/2021 02:00,0.0000
05/06/2021 03:00,0.0000
05/06/2021 04:00,0.0000
05/06/2021 05:00,0.0000
05/06/2021 06:00,0.0000
05/06/2021 07:00,0.4464
05/06/2021 08:00,0.0000
05/06/2021 09:00,0.0000
05/06/2021 10:00,0.0000
05/06/2021 11:00,0.0000
05/06/2021 12:00,0.0000
05/06/2021 13:00,0.0000
05/06/2021 14:00,0.0000
05/06/2021 15:00,1.2831
05/06/2021 16:00,7.5847
05/06/2021 17:00,0.8709
05/06/2021 18:00,0.0000
05/06/2021 19:00,0.0000
05/06/2021 20:00,0.0000
05/06/2021 21:00,0.0000
05/06/2021 22:00,1.8063
05/06/2021 23:00,0.0000
06/06/2021 00:00,0.0000
06/06/2021 01:00,0.0000
06/06/2021 02:00,0.0000
06/06/2021 03:00,0.0000
06/06/2021 04:00,0.0000
06/06/2021 05:00,0.0000
06/06/2021 06:00,0.0000
06/06/2021 07:00,0.0000
06/06/2021 08:00,0.0000
06/06/2021 09:00,0.0000
06/06/2021 10:00,0.0000
06/06/2021 11:00,0.0000
06/06/2021 12:00,0.0000
06/06/2021 13:00,0.0000
06/06/2021 14:00,0.0000
06/06/2021 15:00,0.0000
06/06/2021 16:00,0.0000
06/06/2021 17:00,0.0000
06/06/2021 18:00,0.0000
06/06/2021 19:00,0.0000
06/06/2021 20:00,0.0000
06/06/2021 21:00,0.0000
06/06/2021 22:00,0.0000
06/06/2021 23:00,0.0000
07/06/2021 00:00,0.0000
07/06/2021 01:00,0.0000
07/06/2021 02:00,0.0000
07/06/2021 03:00,0.0000
07/06/2021 04:00,0.0000
07/06/2021 05:00,0.0000
07/06/2021 06:00,0.0000
07/06/2021 07:00,1.2125
07/06/2021 08:00,0.0000
07/06/2021 09:00,0.0000
07/06/2021 10:00,0.0000
07/06/2021 11:00,0.0000
07/06/2021 12:00,0.0000
07/06/2021 13:00,2.8444
07/06/2021 14:00,2.0091
07/06/2021 15:00,0.0000
07/06/2021 16:00,0.0000
07/06/2021 17:00,0.0000
07/06/2021 18:00,0.0000
07/06/2021 19:00,0.0000
07/06/2021 20:00,0.0000
07/06/2021 21:00,0.0000
07/06/2021 22:00,0.0000
07/06/2021 23:00,0.0000
08/06/2021 00:00,0.0000
08/06/2021 01:00,0.0000
08/06/2021 02:00,0.0000
08/06/2021 03:00,0.0000
08/06/2021 04:00,0.0000
08/06/2021 05:00,0.0000
08/06/2021 06:00,0.0000
08/06/2021 07:00,1.1128
08/06/2021 08:00,0.0000
08/06/2021 09:00,0.0000
08/06/2021 10:00,0.0000
08/06/2021 11:00,0.0000
08/06/2021 12:00,0.0000
08/06/2021 13:00,6.4614
08/06/2021 14:00,0.3944
08/06/2021 15:00,0.0000
08/06/2021 16:00,0.0000
08/06/2021 17:00,0.0000
08/06/2021 18:00,0.0000
08/06/2021 19:00,0.0000
08/06/2021 20:00,0.0000
08/06/2021 21:00,0.0000
08/06/2021 22:00,0.0000
08/06/2021 23:00,0.0000
09/06/2021 00:00,0.0000
09/06/2021 01:00,0.0000
09/06/2021 02:00,0.0000
09/06/2021 03:00,0.0000
09/06/2021 04:00,0.0000
09/06/2021 05:00,0.0000
09/06/2021 06:00,0.5867
09/06/2021 07:00,0.0000
09/06/2021 08:00,0.0000
09/06/2021 09:00,0.0000
09/06/2021 10:00,0.0000
09/06/2021 11:00,0.0000
09/06/2021 12:00,0.0000
09/06/2021 13:00,0.0000
09/06/2021 14:00,0.0000
09/06/2021 15:00,0.0000
09/06/2021 16:00,0.0000
09/06/2021 17:00,4.7056
09/06/2021 18:00,0.8886
09/06/2021 19:00,0.0000
09/06/2021 20:00,0.0000
09/06/2021 21:00,0.0000
09/06/2021 22:00,0.0000
09/06/2021 23:00,0.0000
10/06/2021 00:00,0.0000
10/06/2021 01:00,0.0000
10/06/2021 02:00,0.0000
10/06/2021 03:00,0.0000
10/06/2021 04:00,0.0000
10/06/2021 05:00,0.0000
10/06/2021 06:00,0.0000
10/06/2021 07:00,1.5203
10/06/2021 08:00,0.0000
10/06/2021 09:00,0.0000
10/06/2021 10:00,0.0000
10/06/2021 11:00,0.0000
10/06/2021 12:00,0.0000
10/06/2021 13:00,0.0000
10/06/2021 14:00,3.8451
10/06/2021 15:00,0.3694
10/06/2021 16:00,0.0000
10/06/2021 17:00,0.0000
10/06/2021 18:00,0.0000
10/06/2021 19:00,0.0000
10/06/2021 20:00,0.0000
10/06/2021 21:00,0.0000
10/06/2021 22:00,0.0000
10/06/2021 23:00,0.0000
11/06/2021 00:00,0.0000
11/06/2021 01:00,0.0000
11/06/2021 02:00,0.0000
11/06/2021 03:00,0.0000
11/06/2021 04:00,0.0000
11/06/2021 05:00,0.0000
11/06/2021 06:00,0.0000
11/06/2021 07:00,0.3302
11/06/2021 08:00,4.3743
11/06/2021 09:00,1.7329
11/06/2021 10:00,0.0000
11/06/2021 11:00,0.0000
11/06/2021 12:00,0.0000
11/06/2021 13:00,0.0000
11/06/2021 14:00,0.0000
11/06/2021 15:00,0.0000
11/06/2021 16:00,0.0000
11/06/2021 17:00,0.0000
11/06/2021 18:00,0.0000
11/06/2021 19:00,0.0000
11/06/2021 20:00,0.0000
11/06/2021 21:00,0.0000
11/06/2021 22:00,0.0000
11/06/2021 23:00,0.0000
12/06/2021 00:00,0.0000
12/06/2021 01:00,0.0000
12/06/2021 02:00,0.0000
12/06/2021 03:00,0.0000
12/06/2021 04:00,0.0000
12/06/2021 05:00,0.0000
12/06/2021 06:00,0.0000
12/06/2021 07:00,0.0000
12/06/2021 08:00,0.0000
12/06/2021 09:00,5.2711
12/06/2021 10:00,1.2704
12/06/2021 11:00,0.0000
12/06/2021 12:00,0.0000
12/06/2021 13:00,0.0000
12/06/2021 14:00,0.0000
12/06/2021 15:00,2.6617
12/06/2021 16:00,1.9712
12/06/2021 17:00,0.0000
12/06/2021 18:00,0.0000
12/06/2021 19:00,0.0000
12/06/2021 20:00,0.0000
12/06/2021 21:00,0.0000
12/06/2021 22:00,0.0000
12/06/2021 23:00,0.0000
13/06/2021 00:00,0.0000
13/06/2021 01:00,0.0000
13/06/2021 02:00,0.0000
13/06/2021 03:00,0.0000
13/06/2021 04:00,0.0000
13/06/2021 05:00,0.0000
13/06/2021 06:00,0.0000
13/06/2021 07:00,0.0000
13/06/2021 08:00,0.0000
13/06/2021 09:00,0.0000
13/06/2021 10:00,0.0000
13/06/2021 11:00,0.0000
13/06/2021 12:00,0.0000
13/06/2021 13:00,0.0000
13/06/2021 14:00,0.0000
13/06/2021 15:00,0.0000
13/06/2021 16:00,0.0000
13/06/2021 17:00,0.0000
13/06/2021 18:00,0.0000
13/06/2021 19:00,0.0000
13/06/2021 20:00,0.0000
13/06/2021 21:00,0.0000
13/06/2021 22:00,2.3697
13/06/2021 23:00,0.0000
14/06/2021 00:00,0.0000
14/06/2021 01:00,0.0000
14/06/2021 02:00,0.0000
14/06/2021 03:00,0.0000
14/06/2021 04:00,0.0000
14/06/2021 05:00,0.0000
14/06/2021 06:00,0.0000
14/06/2021 07:00,0.0000
14/06/2021 08:00,0.3869
14/06/2021 09:00,0.0000
14/06/2021 10:00,0.0000
14/06/2021 11:00,0.0000
14/06/2021 12:00,0.0000
14/06/2021 13:00,0.0000
14/06/2021 14:00,0.0000
14/06/2021 15:00,0.0000
14/06/2021 16:00,5.3907
14/06/2021 17:00,0.6320
14/06/2021 18:00,0.0000
14/06/2021 19:00,0.0000
14/06/2021 20:00,0.0000
14/06/2021 21:00,0.0000
14/06/2021 22:00,0.0000
14/06/2021 23:00,0.0000
15/06/2021 00:00,0.0000
15/06/2021 01:00,0.0000
15/06/2021 02:00,0.0000
15/06/2021 03:00,0.0000
15/06/2021 04:00,0.0000
15/06/2021 05:00,0.0000
15/06/2021 06:00,0.3793
15/06/2021 07:00,0.0000
15/06/2021 08:00,0.0000
15/06/2021 09:00,0.0000
15/06/2021 10:00,0.0000
15/06/2021 11:00,0.0000
15/06/2021 12:00,0.0000
15/06/2021 13:00,0.0000
15/06/2021 14:00,0.0000
15/06/2021 15:00,4.7986
15/06/2021 16:00,0.0000
15/06/2021 17:00,0.0000
15/06/2021 18:00,0.0000
15/06/2021 19:00,0.0000
15/06/2021 20:00,0.0000
15/06/2021 21:00,0.0000
15/06/2021 22:00,0.0000
15/06/2021 23:00,0.0000
16/06/2021 00:00,0.0000
16/06/2021 01:00,1.2760
16/06/2021 02:00,3.2701
16/06/2021 03:00,3.1674
16/06/2021 04:00,1.8951
16/06/2021 05:00,0.4316
16/06/2021 06:00,0.0000
16/06/2021 07:00,3.7382
16/06/2021 08:00,0.0000
16/06/2021 09:00,0.0000
16/06/2021 10:00,0.0000
16/06/2021 11:00,0.0000
16/06/2021 12:00,0.0000
16/06/2021 13:00,0.0000
16/06/2021 14:00,0.0000
16/06/2021 15:00,0.0000
16/06/2021 16:00,0.0000
16/06/2021 17:00,0.0000
16/06/2021 18:00,0.0000
16/06/2021 19:00,0.0000
16/06/2021 20:00,0.0000
16/06/2021 21:00,0.0000
16/06/2021 22:00,0.0000
16/06/2021 23:00,0.0000
17/06/2021 00:00,0.0000
17/06/2021 01:00,0.0000
17/06/2021 02:00,0.0000
17/06/2021 03:00,0.0000
17/06/2021 04:00,0.6931
17/06/2021 05:00,0.0000
17/06/2021 06:00,0.0000
17/06/2021 07:00,0.0000
17/06/2021 08:00,0.0000
17/06/2021 09:00,0.0000
17/06/2021 10:00,0.0000
17/06/2021 11:00,0.0000
17/06/2021 12:00,0.0000
17/06/2021 13:00,2.6452
17/06/2021 14:00,3.1676
17/06/2021 15:00,0.0000
17/06/2021 16:00,0.0000
17/06/2021 17:00,0.0000
17/06/2021 18:00,0.0000
17/06/2021 19:00,0.0000
17/06/2021 20:00,0.0000
17/06/2021 21:00,0.0000
17/06/2021 22:00,0.0000
17/06/2021 23:00,0.0000
18/06/2021 00:00,0.0000
18/06/2021 01:00,0.0000
18/06/2021 02:00,0.0000
18/06/2021 03:00,0.0000
18/06/2021 04:00,0.0000
18/06/2021 05:00,0.0000
18/06/2021 06:00,3.2003
18/06/2021 07:00,0.7444
18/06/2021 08:00,0.0000
18/06/2021 09:00,0.0000
18/06/2021 10:00,0.0000
18/06/2021 11:00,0.0000
18/06/2021 12:00,0.0000
18/06/2021 13:00,0.0000
18/06/2021 14:00,0.0000
18/06/2021 15:00,1.8237
18/06/2021 16:00,0.0000
18/06/2021 17:00,0.0000
18/06/2021 18:00,0.0000
18/06/2021 19:00,0.0000
18/06/2021 20:00,0.0000
18/06/2021 21:00,0.0000
18/06/2021 22:00,0.0000
18/06/2021 23:00,0.0000
19/06/2021 00:00,0.0000
19/06/2021 01:00,0.0000
19/06/2021 02:00,0.0000
19/06/2021 03:00,0.0000
19/06/2021 04:00,0.0000
19/06/2021 05:00,0.0000
19/06/2021 06:00,2.5321
19/06/2021 07:00,0.0000
19/06/2021 08:00,0.0000
19/06/2021 09:00,0.0000
19/06/2021 10:00,0.0000
19/06/2021 11:00,0.0000
19/06/2021 12:00,6.4571
19/06/2021 13:00,1.2777
19/06/2021 14:00,3.7177
19/06/2021 15:00,0.0000
19/06/2021 16:00,0.0000
19/06/2021 17:00,0.0000
19/06/2021 18:00,0.0000
19/06/2021 19:00,0.0000
19/06/2021 20:00,0.0000
19/06/2021 21:00,0.0000
19/06/2021 22:00,0.0000
19/06/2021 23:00,0.0000
20/06/2021 00:00,0.0000
20/06/2021 01:00,0.0000
20/06/2021 02:00,0.0000
20/06/2021 03:00,0.0000
20/06/2021 04:00,0.0000
20/06/2021 05:00,0.0000
20/06/2021 06:00,0.0000
20/06/2021 07:00,0.5517
20/06/2021 08:00,6.1251
20/06/2021 09:00,0.0000
20/06/2021 10:00,0.0000
20/06/2021 11:00,0.0000
20/06/2021 12:00,0.0000
20/06/2021 13:00,0.0000
20/06/2021 14:00,0.0000
20/06/2021 15:00,0.0000
20/06/2021 16:00,0.9500
20/06/2021 17:00,2.5296
20/06/2021 18:00,0.0000
20/06/2021 19:00,0.0000
20/06/2021 20:00,0.0000
20/06/2021 21:00,0.0000
20/06/2021 22:00,0.0000
20/06/2021 23:00,0.0000
21/06/2021 00:00,0.0000
21/06/2021 01:00,0.0000
21/06/2021 02:00,0.0000
21/06/2021 03:00,0.0000
21/06/2021 04:00,0.0000
21/06/2021 05:00,0.0000
21/06/2021 06:00,0.0000
21/06/2021 07:00,0.0000
21/06/2021 08:00,0.0000
21/06/2021 09:00,0.0000
21/06/2021 10:00,5.0591
21/06/2021 11:00,0.0000
21/06/2021 12:00,0.0000
21/06/2021 13:00,8.9099
21/06/2021 14:00,1.2252
21/06/2021 15:00,0.0000
21/06/2021 16:00,0.0000
21/06/2021 17:00,0.0000
21/06/2021 18:00,0.0000
21/06/2021 19:00,0.0000
21/06/2021 20:00,0.0000
21/06/2021 21:00,0.0000
21/06/2021 22:00,0.0000
21/06/2021 23:00,0.0000
22/06/2021 00:00,0.0000
22/06/2021 01:00,0.0000
22/06/2021 02:00,0.0000
22/06/2021 03:00,0.0000
22/06/2021 04:00,0.0000
22/06/2021 05:00,0.0000
22/06/2021 06:00,2.7266
22/06/2021 07:00,2.4520
22/06/2021 08:00,0.0000
22/06/2021 09:00,0.0000
22/06/2021 10:00,0.0000
22/06/2021 11:00,0.0000
22/06/2021 12:00,0.0000
22/06/2021 13:00,0.0000
22/06/2021 14:00,0.0000
22/06/2021 15:00,0.0000
22/06/2021 16:00,0.0000
22/06/2021 17:00,0.0000
22/06/2021 18:00,0.0000
22/06/2021 19:00,0.0000
22/06/2021 20:00,0.0000
22/06/2021 21:00,0.0000
22/06/2021 22:00,0.0000
22/06/2021 23:00,0.0000
23/06/2021 00:00,0.0000
23/06/2021 01:00,0.0000
23/06/2021 02:00,0.0000
23/06/2021 03:00,0.0000
23/06/2021 04:00,0.0000
23/06/2021 05:00,0.0000
23/06/2021 06:00,5.4352
23/06/2021 07:00,0.1235
23/06/2021 08:00,0.7446
23/06/2021 09:00,0.0000
23/06/2021 10:00,0.0000
23/06/2021 11:00,0.0000
23/06/2021 12:00,0.0000
23/06/2021 13:00,0.0000
23/06/2021 14:00,0.0000
23/06/2021 15:00,0.0000
23/06/2021 16:00,0.0000
23/06/2021 17:00,0.0000
23/06/2021 18:00,0.0000
23/06/2021 19:00,0.0000
23/06/2021 20:00,0.0000
23/06/2021 21:00,0.0000
23/06/2021 22:00,0.0000
23/06/2021 23:00,0.0000
24/06/2021 00:00,0.0000
24/06/2021 01:00,0.0000
24/06/2021 02:00,0.0000
24/06/2021 03:00,0.0000
24/06/2021 04:00,0.0000
24/06/2021 05:00,0.0000
24/06/2021 06:00,0.0000
24/06/2021 07:00,5.6063
24/06/2021 08:00,0.0000
24/06/2021 09:00,0.0000
24/06/2021 10:00,0.0000
24/06/2021 11:00,0.0000
24/06/2021 12:00,0.0000
24/06/2021 13:00,0.0000
24/06/2021 14:00,0.1339
24/06/2021 15:00,0.0000
24/06/2021 16:00,0.0000
24/06/2021 17:00,0.0000
24/06/2021 18:00,0.0000
24/06/2021 19:00,0.0000
24/06/2021 20:00,0.0000
24/06/2021 21:00,0.0000
24/06/2021 22:00,0.0000
24/06/2021 23:00,0.0000
25/06/2021 00:00,0.0000
25/06/2021 01:00,0.0000
25/06/2021 02:00,0.0000
25/06/2021 03:00,0.0000
25/06/2021 04:00,0.0000
25/06/2021 05:00,0.0000
25/06/2021 06:00,0.0000
25/06/2021 07:00,0.0000
25/06/2021 08:00,0.0000
25/06/2021 09:00,0.0000
25/06/2021 10:00,2.9549
25/06/2021 11:00,0.0000
25/06/2021 12:00,0.0000
25/06/2021 13:00,0.2609
25/06/2021 14:00,0.0000
25/06/2021 15:00,0.0000
25/06/2021 16:00,4.6152
25/06/2021 17:00,0.0000
25/06/2021 18:00,0.0000
25/06/2021 19:00,0.0000
25/06/2021 20:00,1.1619
25/06/2021 21:00,3.9589
25/06/2021 22:00,0.0000
25/06/2021 23:00,0.0000
26/06/2021 00:00,0.0000
26/06/2021 01:00,0.0000
26/06/2021 02:00,0.0000
26/06/2021 03:00,0.0000
26/06/2021 04:00,0.0000
26/06/2021 05:00,0.0000
26/06/2021 06:00,7.3019
26/06/2021 07:00,0.0000
26/06/2021 08:00,0.0000
26/06/2021 09:00,0.0000
26/06/2021 10:00,0.0000
26/06/2021 11:00,4.3419
26/06/2021 12:00,0.0000
26/06/2021 13:00,0.0000
26/06/2021 14:00,0.0000
26/06/2021 15:00,0.0000
26/06/2021 16:00,0.0000
26/06/2021 17:00,0.0000
26/06/2021 18:00,0.0000
26/06/2021 19:00,0.0000
26/06/2021 20:00,0.0000
26/06/2021 21:00,0.0000
26/06/2021 22:00,0.0000
26/06/2021 23:00,0.0000
27/06/2021 00:00,0.0000
27/06/2021 01:00,0.0000
27/06/2021 02:00,0.0000
27/06/2021 03:00,0.0000
27/06/2021 04:00,0.0000
27/06/2021 05:00,0.0000
27/06/2021 06:00,0.0000
27/06/2021 07:00,0.0000
27/06/2021 08:00,0.0000
27/06/2021 09:00,0.0000
27/06/2021 10:00,0.0000
27/06/2021 11:00,0.0000
27/06/2021 12:00,0.0000
27/06/2021 13:00,0.0000
27/06/2021 14:00,0.0000
27/06/2021 15:00,0.0000
27/06/2021 16:00,0.0000
27/06/2021 17:00,0.0000
27/06/2021 18:00,0.0000
27/06/2021 19:00,0.0000
27/06/2021 20:00,0.0000
27/06/2021 21:00,2.7642
27/06/2021 22:00,0.0000
27/06/2021 23:00,0.0000
28/06/2021 00:00,0.0000
28/06/2021 01:00,0.0000
28/06/2021 02:00,0.0000
28/06/2021 03:00,0.0000
28/06/2021 04:00,0.0000
28/06/2021 05:00,0.0000
28/06/2021 06:00,0.0000
28/06/2021 07:00,0.0000
28/06/2021 08:00,0.0000
28/06/2021 09:00,0.0000
28/06/2021 10:00,0.0000
28/06/2021 11:00,0.0000
28/06/2021 12:00,0.0000
28/06/2021 13:00,0.0000
28/06/2021 14:00,0.1624
28/06/2021 15:00,1.4517
28/06/2021 16:00,0.0000
28/06/2021 17:00,5.2660
28/06/2021 18:00,0.0000
28/06/2021 19:00,0.0000
28/06/2021 20:00,0.0000
28/06/2021 21:00,0.0000
28/06/2021 22:00,0.0000
28/06/2021 23:00,0.0000
29/06/2021 00:00,0.0000
29/06/2021 01:00,0.0000
29/06/2021 02:00,0.0000
29/06/2021 03:00,0.0000
29/06/2021 04:00,0.0000
29/06/2021 05:00,0.5139
29/06/2021 06:00,0.0000
29/06/2021 07:00,0.0000
29/06/2021 08:00,0.0000
29/06/2021 09:00,0.0000
29/06/2021 10:00,0.0000
29/06/2021 11:00,0.0000
29/06/2021 12:00,0.0000
29/06/2021 13:00,0.0000
29/06/2021 14:00,0.0000
29/06/2021 15:00,0.9065
29/06/2021 16:00,5.0836
29/06/2021 17:00,0.0000
29/06/2021 18:00,0.0000
29/06/2021 19:00,0.0000
29/06/2021 20:00,0.0000
29/06/2021 21:00,0.0000
29/06/2021 22:00,0.0000
29/06/2021 23:00,0.0000
30/06/2021 00:00,0.0000
30/06/2021 01:00,0.0000
30/06/2021 02:00,0.0000
30/06/2021 03:00,0.0000
30/06/2021 04:00,0.0000
30/06/2021 05:00,0.0000
30/06/2021 06:00,4.2253
30/06/2021 07:00,0.0000
30/06/2021 08:00,0.0000
30/06/2021 09:00,0.0000
30/06/2021 10:00,0.0000
30/06/2021 11:00,0.0000
30/06/2021 12:00,0.0000
30/06/2021 13:00,0.0000
30/06/2021 14:00,3.2449
30/06/2021 15:00,0.0000
30/06/2021 16:00,0.0000
30/06/2021 17:00,0.0000
30/06/2021 18:00,0.0000
30/06/2021 19:00,0.0000
30/06/2021 20:00,0.0000
30/06/2021 21:00,0.0000
30/06/2021 22:00,0.0000
30/06/2021 23:00,0.0000
01/07/2021 00:00,0.0000
01/07/2021 01:00,0.0000
01/07/2021 02:00,0.0000
01/07/2021 03:00,0.0000
01/07/2021 04:00,0.0000
01/07/2021 05:00,0.0000
01/07/2021 06:00,0.9303
01/07/2021 07:00,0.0000
01/07/2021 08:00,0.0000
01/07/2021 09:00,0.0000
01/07/2021 10:00,0.0000
01/07/2021 11:00,0.0000
01/07/2021 12:00,0.0000
01/07/2021 13:00,0.0000
01/07/2021 14:00,0.0000
01/07/2021 15:00,0.0000
01/07/2021 16:00,5.5230
01/07/2021 17:00,0.0000
01/07/2021 18:00,0.0000
01/07/2021 19:00,0.0000
01/07/2021 20:00,0.0000
01/07/2021 21:00,0.0000
01/07/2021 22:00,0.0000
01/07/2021 23:00,0.0000
02/07/2021 00:00,0.0000
02/07/2021 01:00,0.0000
02/07/2021 02:00,0.0000
02/07/2021 03:00,0.0000
02/07/2021 04:00,0.0000
02/07/2021 05:00,0.0000
02/07/2021 06:00,0.0000
02/07/2021 07:00,0.0000
02/07/2021 08:00,2.8771
02/07/2021 09:00,0.0000
02/07/2021 10:00,0.0000
02/07/2021 11:00,0.0000
02/07/2021 12:00,0.0000
02/07/2021 13:00,0.0000
02/07/2021 14:00,4.4162
02/07/2021 15:00,0.7076
02/07/2021 16:00,0.0000
02/07/2021 17:00,0.0000
02/07/2021 18:00,0.0000
02/07/2021 19:00,0.0000
02/07/2021 20:00,0.0000
02/07/2021 21:00,0.0000
02/07/2021 22:00,0.0000
02/07/2021 23:00,0.0000
03/07/2021 00:00,0.0000
03/07/2021 01:00,0.0000
03/07/2021 02:00,0.0000
03/07/2021 03:00,0.0000
03/07/2021 04:00,0.0000
03/07/2021 05:00,0.0000
03/07/2021 06:00,0.0000
03/07/2021 07:00,0.0000
03/07/2021 08:00,0.0000
03/07/2021 09:00,0.0000
03/07/2021 10:00,4.1112
03/07/2021 11:00,4.5322
03/07/2021 12:00,1.4358
03/07/2021 13:00,0.0000
03/07/2021 14:00,0.0000
03/07/2021 15:00,0.0000
03/07/2021 16:00,0.0000
03/07/2021 17:00,0.0000
03/07/2021 18:00,0.0000
03/07/2021 19:00,2.6378
03/07/2021 20:00,0.0000
03/07/2021 21:00,0.0000
03/07/2021 22:00,0.0000
03/07/2021 23:00,0.0000
04/07/2021 00:00,0.0000
04/07/2021 01:00,0.0000
04/07/2021 02:00,0.0000
04/07/2021 03:00,0.0000
04/07/2021 04:00,0.0000
04/07/2021 05:00,0.0000
04/07/2021 06:00,0.0000
04/07/2021 07:00,0.0000
04/07/2021 08:00,1.1500
04/07/2021 09:00,7.4241
04/07/2021 10:00,0.0000
04/07/2021 11:00,0.0000
04/07/2021 12:00,0.0000
04/07/2021 13:00,0.0000
04/07/2021 14:00,0.0000
04/07/2021 15:00,0.0000
04/07/2021 16:00,0.0000
04/07/2021 17:00,0.0000
04/07/2021 18:00,0.0000
04/07/2021 19:00,6.1565
04/07/2021 20:00,0.4064
04/07/2021 21:00,0.0000
04/07/2021 22:00,0.0000
04/07/2021 23:00,0.0000
05/07/2021 00:00,0.0000
05/07/2021 01:00,0.0000
05/07/2021 02:00,0.0000
05/07/2021 03:00,0.0000
05/07/2021 04:00,0.0000
05/07/2021 05:00,0.0000
05/07/2021 06:00,0.1337
05/07/2021 07:00,4.5469
05/07/2021 08:00,0.0000
05/07/2021 09:00,0.0000
05/07/2021 10:00,0.0000
05/07/2021 11:00,0.0000
05/07/2021 12:00,0.0000
05/07/2021 13:00,0.0000
05/07/2021 14:00,0.0000
05/07/2021 15:00,0.0000
05/07/2021 16:00,0.0000
05/07/2021 17:00,1.0531
05/07/2021 18:00,0.0000
05/07/2021 19:00,0.0000
05/07/2021 20:00,0.0000
05/07/2021 21:00,0.0000
05/07/2021 22:00,0.0000
05/07/2021 23:00,0.0000
06/07/2021 00:00,0.0000
06/07/2021 01:00,0.0000
06/07/2021 02:00,0.0000
06/07/2021 03:00,0.0000
06/07/2021 04:00,0.0000
06/07/2021 05:00,0.0000
06/07/2021 06:00,1.2796
06/07/2021 07:00,0.0000
06/07/2021 08:00,0.0000
06/07/2021 09:00,0.0000
06/07/2021 10:00,0.0000
06/07/2021 11:00,0.0000
06/07/2021 12:00,0.0000
06/07/2021 13:00,0.0000
06/07/2021 14:00,0.0000
06/07/2021 15:00,0.0000
06/07/2021 16:00,4.4410
06/07/2021 17:00,1.3178
06/07/2021 18:00,0.0000
06/07/2021 19:00,0.0000
06/07/2021 20:00,0.0000
06/07/2021 21:00,0.0000
06/07/2021 22:00,0.0000
06/07/2021 23:00,0.0000
07/07/2021 00:00,0.0000
07/07/2021 01:00,0.0000
07/07/2021 02:00,0.0000
07/07/2021 03:00,0.0000
07/07/2021 04:00,0.0000
07/07/2021 05:00,0.0000
07/07/2021 06:00,4.8257
07/07/2021 07:00,1.0541
07/07/2021 08:00,0.3951
07/07/2021 09:00,0.0000
07/07/2021 10:00,0.0000
07/07/2021 11:00,0.0000
07/07/2021 12:00,0.0000
07/07/2021 13:00,0.0000
07/07/2021 14:00,0.0000
07/07/2021 15:00,0.0000
07/07/2021 16:00,0.0000
07/07/2021 17:00,0.0000
07/07/2021 18:00,0.0000
07/07/2021 19:00,0.0000
07/07/2021 20:00,0.0000
07/07/2021 21:00,0.0000
07/07/2021 22:00,0.0000
07/07/2021 23:00,0.0000
08/07/2021 00:00,0.0000
08/07/2021 01:00,0.0000
08/07/2021 02:00,0.0000
08/07/2021 03:00,0.0000
08/07/2021 04:00,0.0000
08/07/2021 05:00,0.0000
08/07/2021 06:00,0.9170
08/07/2021 07:00,0.0000
08/07/2021 08:00,0.0000
08/07/2021 09:00,0.0000
08/07/2021 10:00,0.0000
08/07/2021 11:00,0.0000
08/07/2021 12:00,0.0000
08/07/2021 13:00,0.0000
08/07/2021 14:00,0.0000
08/07/2021 15:00,0.0000
08/07/2021 16:00,4.0109
08/07/2021 17:00,2.0413
08/07/2021 18:00,0.0000
08/07/2021 19:00,0.0000
08/07/2021 20:00,0.0000
08/07/2021 21:00,0.0000
08/07/2021 22:00,0.0000
08/07/2021 23:00,0.0000
09/07/2021 00:00,0.0000
09/07/2021 01:00,0.0000
09/07/2021 02:00,0.0000
09/07/2021 03:00,0.0000
09/07/2021 04:00,0.0000
09/07/2021 05:00,0.0000
09/07/2021 06:00,0.0000
09/07/2021 07:00,0.4738
09/07/2021 08:00,0.0000
09/07/2021 09:00,0.0000
09/07/2021 10:00,0.0000
09/07/2021 11:00,0.0000
09/07/2021 12:00,0.0000
09/07/2021 13:00,0.0000
09/07/2021 14:00,7.1602
09/07/2021 15:00,0.6973
09/07/2021 16:00,0.0000
09/07/2021 17:00,0.0000
09/07/2021 18:00,0.0000
09/07/2021 19:00,0.0000
09/07/2021 20:00,0.0000
09/07/2021 21:00,0.0000
09/07/2021 22:00,0.0000
09/07/2021 23:00,0.0000
10/07/2021 00:00,0.0000
10/07/2021 01:00,0.0000
10/07/2021 02:00,0.0000
10/07/2021 03:00,0.0000
10/07/2021 04:00,0.0000
10/07/2021 05:00,0.0000
10/07/2021 06:00,0.0000
10/07/2021 07:00,0.0000
10/07/2021 08:00,1.6574
10/07/2021 09:00,0.0000
10/07/2021 10:00,0.0000
10/07/2021 11:00,0.0000
10/07/2021 12:00,0.0000
10/07/2021 13:00,0.0000
10/07/2021 14:00,0.0000
10/07/2021 15:00,0.7551
10/07/2021 16:00,8.9520
10/07/2021 17:00,1.0332
10/07/2021 18:00,0.0000
10/07/2021 19:00,0.0000
10/07/2021 20:00,0.0000
10/07/2021 21:00,0.0000
10/07/2021 22:00,0.0000
10/07/2021 23:00,0.0000
11/07/2021 00:00,0.0000
11/07/2021 01:00,0.0000
11/07/2021 02:00,0.0000
11/07/2021 03:00,0.0000
11/07/2021 04:00,0.0000
11/07/2021 05:00,0.0000
11/07/2021 06:00,1.5367
11/07/2021 07:00,1.5915
11/07/2021 08:00,0.0000
11/07/2021 09:00,0.0000
11/07/2021 10:00,0.0000
11/07/2021 11:00,0.0000
11/07/2021 12:00,7.6854
11/07/2021 13:00,0.0000
11/07/2021 14:00,0.0000
11/07/2021 15:00,0.0000
11/07/2021 16:00,0.0000
11/07/2021 17:00,0.0000
11/07/2021 18:00,0.0000
11/07/2021 19:00,0.0000
11/07/2021 20:00,0.0000
11/07/2021 21:00,0.0000
11/07/2021 22:00,0.0000
11/07/2021 23:00,0.0000
12/07/2021 00:00,0.0000
12/07/2021 01:00,0.0000
12/07/2021 02:00,0.0000
12/07/2021 03:00,0.0000
12/07/2021 04:00,0.0000
12/07/2021 05:00,1.1960
12/07/2021 06:00,0.0000
12/07/2021 07:00,0.0000
12/07/2021 08:00,0.7206
12/07/2021 09:00,0.0000
12/07/2021 10:00,0.0000
12/07/2021 11:00,0.0000
12/07/2021 12:00,0.0000
12/07/2021 13:00,0.0000
12/07/2021 14:00,0.0000
12/07/2021 15:00,4.8976
12/07/2021 16:00,0.0000
12/07/2021 17:00,0.0000
12/07/2021 18:00,0.0000
12/07/2021 19:00,0.0000
12/07/2021 20:00,0.0000
12/07/2021 21:00,0.0000
12/07/2021 22:00,0.0000
12/07/2021 23:00,0.0000
13/07/2021 00:00,0.0000
13/07/2021 01:00,0.0000
13/07/2021 02:00,0.0000
13/07/2021 03:00,0.0000
13/07/2021 04:00,0.0000
13/07/2021 05:00,0.0000
13/07/2021 06:00,4.0657
13/07/2021 07:00,0.5065
13/07/2021 08:00,0.0000
13/07/2021 09:00,0.0000
13/07/2021 10:00,0.0000
13/07/2021 11:00,0.0000
13/07/2021 12:00,0.0000
13/07/2021 13:00,0.0000
13/07/2021 14:00,0.0000
13/07/2021 15:00,1.1113
13/07/2021 16:00,0.0000
13/07/2021 17:00,0.0000
13/07/2021 18:00,0.0000
13/07/2021 19:00,0.0000
13/07/2021 20:00,0.0000
13/07/2021 21:00,0.0000
13/07/2021 22:00,0.0000
13/07/2021 23:00,0.0000
14/07/2021 00:00,0.0000
14/07/2021 01:00,0.0000
14/07/2021 02:00,0.0000
14/07/2021 03:00,0.0000
14/07/2021 04:00,1.8630
14/07/2021 05:00,0.0000
14/07/2021 06:00,0.0000
14/07/2021 07:00,0.0000
14/07/2021 08:00,0.0000
14/07/2021 09:00,0.0000
14/07/2021 10:00,0.0000
14/07/2021 11:00,0.0000
14/07/2021 12:00,0.0000
14/07/2021 13:00,0.0000
14/07/2021 14:00,0.0000
14/07/2021 15:00,0.0000
14/07/2021 16:00,0.0000
14/07/2021 17:00,4.3844
14/07/2021 18:00,0.0000
14/07/2021 19:00,0.0000
14/07/2021 20:00,0.0000
14/07/2021 21:00,0.0000
14/07/2021 22:00,0.0000
14/07/2021 23:00,0.0000
15/07/2021 00:00,0.0000
15/07/2021 01:00,0.0000
15/07/2021 02:00,0.0000
15/07/2021 03:00,0.0000
15/07/2021 04:00,0.0000
15/07/2021 05:00,5.2972
15/07/2021 06:00,0.0000
15/07/2021 07:00,0.0000
15/07/2021 08:00,0.0000
15/07/2021 09:00,0.0000
15/07/2021 10:00,0.0000
15/07/2021 11:00,0.0000
15/07/2021 12:00,0.0000
15/07/2021 13:00,0.0000
15/07/2021 14:00,0.0000
15/07/2021 15:00,0.0000
15/07/2021 16:00,0.0000
15/07/2021 17:00,0.0000
15/07/2021 18:00,0.0000
15/07/2021 19:00,0.0000
15/07/2021 20:00,0.0000
15/07/2021 21:00,0.0000
15/07/2021 22:00,0.0000
15/07/2021 23:00,0.0000
16/07/2021 00:00,0.0000
16/07/2021 01:00,0.0000
16/07/2021 02:00,0.0000
16/07/2021 03:00,0.0000
16/07/2021 04:00,0.0000
16/07/2021 05:00,0.0000
16/07/2021 06:00,0.0000
16/07/2021 07:00,0.0000
16/07/2021 08:00,0.0000
16/07/2021 09:00,0.0000
16/07/2021 10:00,0.0000
16/07/2021 11:00,0.0000
16/07/2021 12:00,0.0000
16/07/2021 13:00,0.0000
16/07/2021 14:00,6.2196
16/07/2021 15:00,0.0000
16/07/2021 16:00,1.0515
16/07/2021 17:00,0.0000
16/07/2021 18:00,0.0000
16/07/2021 19:00,0.0000
16/07/2021 20:00,0.0000
16/07/2021 21:00,0.0000
16/07/2021 22:00,0.0000
16/07/2021 23:00,0.0000
17/07/2021 00:00,0.0000
17/07/2021 01:00,0.0000
17/07/2021 02:00,0.0000
17/07/2021 03:00,0.0000
17/07/2021 04:00,0.0000
17/07/2021 05:00,0.0000
17/07/2021 06:00,0.0000
17/07/2021 07:00,0.0000
17/07/2021 08:00,0.0000
17/07/2021 09:00,0.0000
17/07/2021 10:00,0.0000
17/07/2021 11:00,0.0000
17/07/2021 12:00,0.0000
17/07/2021 13:00,0.0000
17/07/2021 14:00,0.0000
17/07/2021 15:00,0.0000
17/07/2021 16:00,0.0000
17/07/2021 17:00,0.0000
17/07/2021 18:00,0.0000
17/07/2021 19:00,0.0000
17/07/2021 20:00,0.0000
17/07/2021 21:00,0.0000
17/07/2021 22:00,0.0000
17/07/2021 23:00,0.0000
18/07/2021 00:00,0.0000
18/07/2021 01:00,0.0000
18/07/2021 02:00,1.8370
18/07/2021 03:00,0.0000
18/07/2021 04:00,0.0000
18/07/2021 05:00,0.0000
18/07/2021 06:00,0.0000
18/07/2021 07:00,0.0000
18/07/2021 08:00,0.0000
18/07/2021 09:00,0.0000
18/07/2021 10:00,0.0000
18/07/2021 11:00,0.0000
18/07/2021 12:00,0.0000
18/07/2021 13:00,0.0000
18/07/2021 14:00,0.0000
18/07/2021 15:00,0.0000
18/07/2021 16:00,0.0000
18/07/2021 17:00,0.0000
18/07/2021 18:00,0.0000
18/07/2021 19:00,0.0000
18/07/2021 20:00,0.0000
18/07/2021 21:00,0.0000
18/07/2021 22:00,0.0000
18/07/2021 23:00,0.0000
19/07/2021 00:00,0.0000
19/07/2021 01:00,0.0000
19/07/2021 02:00,0.0000
19/07/2021 03:00,0.0000
19/07/2021 04:00,0.0000
19/07/2021 05:00,0.0000
19/07/2021 06:00,5.0765
19/07/2021 07:00,0.1181
19/07/2021 08:00,0.0000
19/07/2021 09:00,0.0000
19/07/2021 10:00,0.0000
19/07/2021 11:00,0.0000
19/07/2021 12:00,0.0000
19/07/2021 13:00,0.0000
19/07/2021 14:00,0.2684
19/07/2021 15:00,0.0000
19/07/2021 16:00,0.0000
19/07/2021 17:00,0.0000
19/07/2021 18:00,0.0000
19/07/2021 19:00,0.0000
19/07/2021 20:00,0.0000
19/07/2021 21:00,0.0000
19/07/2021 22:00,0.0000
19/07/2021 23:00,0.0000
20/07/2021 00:00,0.0000
20/07/2021 01:00,0.0000
20/07/2021 02:00,0.0000
20/07/2021 03:00,0.0000
20/07/2021 04:00,0.0000
20/07/2021 05:00,0.0000
20/07/2021 06:00,0.0000
20/07/2021 07:00,0.0000
20/07/2021 08:00,0.0000
20/07/2021 09:00,0.0000
20/07/2021 10:00,0.0000
20/07/2021 11:00,0.0000
20/07/2021 12:00,0.0000
20/07/2021 13:00,0.0000
20/07/2021 14:00,5.6332
20/07/2021 15:00,0.0000
20/07/2021 16:00,0.0000
20/07/2021 17:00,0.5948
20/07/2021 18:00,0.0000
20/07/2021 19:00,0.0000
20/07/2021 20:00,0.0000
20/07/2021 21:00,0.0000
20/07/2021 22:00,0.0000
20/07/2021 23:00,0.0000
21/07/2021 00:00,0.0000
21/07/2021 01:00,0.0000
21/07/2021 02:00,0.0000
21/07/2021 03:00,0.0000
21/07/2021 04:00,0.0000
21/07/2021 05:00,0.0000
21/07/2021 06:00,0.0000
21/07/2021 07:00,0.0000
21/07/2021 08:00,0.8502
21/07/2021 09:00,3.4740
21/07/2021 10:00,0.0000
21/07/2021 11:00,0.0000
21/07/2021 12:00,0.0000
21/07/2021 13:00,0.0000
21/07/2021 14:00,0.0000
21/07/2021 15:00,1.8075
21/07/2021 16:00,0.0000
21/07/2021 17:00,0.0000
21/07/2021 18:00,0.0000
21/07/2021 19:00,0.0000
21/07/2021 20:00,0.0000
21/07/2021 21:00,0.0000
21/07/2021 22:00,0.0000
21/07/2021 23:00,0.0000
22/07/2021 00:00,0.0000
22/07/2021 01:00,0.0000
22/07/2021 02:00,0.0000
22/07/2021 03:00,0.0000
22/07/2021 04:00,0.0000
22/07/2021 05:00,0.0000
22/07/2021 06:00,0.0000
22/07/2021 07:00,0.0000
22/07/2021 08:00,0.0000
22/07/2021 09:00,0.0000
22/07/2021 10:00,0.0000
22/07/2021 11:00,0.0000
22/07/2021 12:00,0.0000
22/07/2021 13:00,0.0000
22/07/2021 14:00,0.1666
22/07/2021 15:00,0.0000
22/07/2021 16:00,2.5735
22/07/2021 17:00,3.3738
22/07/2021 18:00,0.0000
22/07/2021 19:00,0.0000
22/07/2021 20:00,0.0000
22/07/2021 21:00,0.0000
22/07/2021 22:00,0.0000
22/07/2021 23:00,0.0000
23/07/2021 00:00,0.0000
23/07/2021 01:00,0.0000
23/07/2021 02:00,0.0000
23/07/2021 03:00,0.0000
23/07/2021 04:00,0.0000
23/07/2021 05:00,0.8406
23/07/2021 06:00,0.0000
23/07/2021 07:00,2.2463
23/07/2021 08:00,3.0552
23/07/2021 09:00,0.0000
23/07/2021 10:00,0.0000
23/07/2021 11:00,0.0000
23/07/2021 12:00,0.0000
23/07/2021 13:00,0.0000
23/07/2021 14:00,0.0000
23/07/2021 15:00,0.0000
23/07/2021 16:00,0.0000
23/07/2021 17:00,0.0000
23/07/2021 18:00,0.0000
23/07/2021 19:00,0.0000
23/07/2021 20:00,0.0000
23/07/2021 21:00,0.0000
23/07/2021 22:00,0.0000
23/07/2021 23:00,0.0000
24/07/2021 00:00,0.0000
24/07/2021 01:00,0.0000
24/07/2021 02:00,0.0000
24/07/2021 03:00,0.0000
24/07/2021 04:00,0.0000
24/07/2021 05:00,0.0000
24/07/2021 06:00,0.0000
24/07/2021 07:00,0.0000
24/07/2021 08:00,0.0000
24/07/2021 09:00,0.0000
24/07/2021 10:00,0.0000
24/07/2021 11:00,0.0000
24/07/2021 12:00,0.0000
24/07/2021 13:00,0.0000
24/07/2021 14:00,0.0000
24/07/2021 15:00,0.0000
24/07/2021 16:00,0.0000
24/07/2021 17:00,0.0000
24/07/2021 18:00,0.0000
24/07/2021 19:00,0.0000
24/07/2021 20:00,0.0000
24/07/2021 21:00,0.0000
24/07/2021 22:00,0.0000
24/07/2021 23:00,0.0000
25/07/2021 00:00,0.0000
25/07/2021 01:00,0.0000
25/07/2021 02:00,0.0000
25/07/2021 03:00,0.0000
25/07/2021 04:00,0.0000
25/07/2021 05:00,0.0000
25/07/2021 06:00,0.0000
25/07/2021 07:00,0.0000
25/07/2021 08:00,0.0000
25/07/2021 09:00,0.0000
25/07/2021 10:00,0.0000
25/07/2021 11:00,0.0000
25/07/2021 12:00,0.0000
25/07/2021 13:00,0.0000
25/07/2021 14:00,9.2072
25/07/2021 15:00,0.0000
25/07/2021 16:00,2.4596
25/07/2021 17:00,3.1751
25/07/2021 18:00,0.0000
25/07/2021 19:00,0.0000
25/07/2021 20:00,0.0000
25/07/2021 21:00,0.0000
25/07/2021 22:00,0.0000
25/07/2021 23:00,0.0000
26/07/2021 00:00,0.0000
26/07/2021 01:00,0.0000
26/07/2021 02:00,0.0000
26/07/2021 03:00,0.0000
26/07/2021 04:00,0.0000
26/07/2021 05:00,0.0000
26/07/2021 06:00,0.0000
26/07/2021 07:00,0.0000
26/07/2021 08:00,0.0000
26/07/2021 09:00,0.0000
26/07/2021 10:00,0.0000
26/07/2021 11:00,0.0000
26/07/2021 12:00,0.0000
26/07/2021 13:00,0.1335
26/07/2021 14:00,0.0000
26/07/2021 15:00,0.0000
26/07/2021 16:00,3.1928
26/07/2021 17:00,1.2118
26/07/2021 18:00,0.0000
26/07/2021 19:00,0.0000
26/07/2021 20:00,0.0000
26/07/2021 21:00,0.0000
26/07/2021 22:00,0.0000
26/07/2021 23:00,0.0000
27/07/2021 00:00,0.0000
27/07/2021 01:00,0.0000
27/07/2021 02:00,0.0000
27/07/2021 03:00,0.0000
27/07/2021 04:00,0.0000
27/07/2021 05:00,0.0000
27/07/2021 06:00,0.0000
27/07/2021 07:00,0.0000
27/07/2021 08:00,0.3808
27/07/2021 09:00,3.1005
27/07/2021 10:00,0.0000
27/07/2021 11:00,0.0000
27/07/2021 12:00,0.0000
27/07/2021 13:00,0.0000
27/07/2021 14:00,0.0000
27/07/2021 15:00,0.0000
27/07/2021 16:00,0.0000
27/07/2021 17:00,3.0760
27/07/2021 18:00,0.0000
27/07/2021 19:00,0.0000
27/07/2021 20:00,0.0000
27/07/2021 21:00,0.0000
27/07/2021 22:00,0.0000
27/07/2021 23:00,0.0000
28/07/2021 00:00,0.0000
28/07/2021 01:00,0.0000
28/07/2021 02:00,0.0000
28/07/2021 03:00,0.0000
28/07/2021 04:00,0.0000
28/07/2021 05:00,0.0000
28/07/2021 06:00,0.0000
28/07/2021 07:00,0.6250
28/07/2021 08:00,0.0000
28/07/2021 09:00,0.0000
28/07/2021 10:00,0.0000
28/07/2021 11:00,0.0000
28/07/2021 12:00,0.0000
28/07/2021 13:00,0.0000
28/07/2021 14:00,3.5207
28/07/2021 15:00,2.5940
28/07/2021 16:00,0.0000
28/07/2021 17:00,0.0000
28/07/2021 18:00,0.0000
28/07/2021 19:00,0.0000
28/07/2021 20:00,0.0000
28/07/2021 21:00,0.0000
28/07/2021 22:00,0.0000
28/07/2021 23:00,0.0000
29/07/2021 00:00,0.0000
29/07/2021 01:00,0.0000
29/07/2021 02:00,0.0000
29/07/2021 03:00,0.0000
29/07/2021 04:00,0.0000
29/07/2021 05:00,0.0000
29/07/2021 06:00,0.8230
29/07/2021 07:00,6.0204
29/07/2021 08:00,1.0223
29/07/2021 09:00,0.0000
29/07/2021 10:00,0.0000
29/07/2021 11:00,0.0000
29/07/2021 12:00,0.0000
29/07/2021 13:00,0.0000
29/07/2021 14:00,0.0000
29/07/2021 15:00,0.0000
29/07/2021 16:00,0.0000
29/07/2021 17:00,0.0000
29/07/2021 18:00,0.0000
29/07/2021 19:00,0.0000
29/07/2021 20:00,0.0000
29/07/2021 21:00,0.0000
29/07/2021 22:00,0.0000
29/07/2021 23:00,0.0000
30/07/2021 00:00,0.0000
30/07/2021 01:00,0.0000
30/07/2021 02:00,0.0000
30/07/2021 03:00,0.0000
30/07/2021 04:00,0.0000
30/07/2021 05:00,0.1551
30/07/2021 06:00,0.0000
30/07/2021 07:00,0.0000
30/07/2021 08:00,0.0000
30/07/2021 09:00,0.0000
30/07/2021 10:00,0.0000
30/07/2021 11:00,0.0000
30/07/2021 12:00,0.0000
30/07/2021 13:00,0.0000
30/07/2021 14:00,0.0000
30/07/2021 15:00,0.0000
30/07/2021 16:00,7.1103
30/07/2021 17:00,0.0000
30/07/2021 18:00,0.0000
30/07/2021 19:00,0.0000
30/07/2021 20:00,0.0000
30/07/2021 21:00,0.0000
30/07/2021 22:00,0.0000
30/07/2021 23:00,0.0000
31/07/2021 00:00,0.0000
31/07/2021 01:00,0.0000
31/07/2021 02:00,0.0000
31/07/2021 03:00,0.0000
31/07/2021 04:00,0.0000
31/07/2021 05:00,0.0000
31/07/2021 06:00,0.0000
31/07/2021 07:00,0.0000
31/07/2021 08:00,0.0000
31/07/2021 09:00,0.0000
31/07/2021 10:00,0.0000
31/07/2021 11:00,0.0000
31/07/2021 12:00,0.0000
31/07/2021 13:00,0.0000
31/07/2021 14:00,0.0000
31/07/2021 15:00,0.0000
31/07/2021 16:00,0.0000
31/07/2021 17:00,0.0000
31/07/2021 18:00,0.0000
31/07/2021 19:00,0.0000
31/07/2021 20:00,0.0000
31/07/2021 21:00,0.0000
31/07/2021 22:00,0.0000
31/07/2021 23:00,0.0000
01/08/2021 00:00,0.0000
01/08/2021 01:00,0.0000
01/08/2021 02:00,0.0000
01/08/2021 03:00,0.0000
01/08/2021 04:00,0.0000
01/08/2021 05:00,0.0000
01/08/2021 06:00,0.0000
01/08/2021 07:00,0.0000
01/08/2021 08:00,0.0000
01/08/2021 09:00,0.0000
01/08/2021 10:00,0.0000
01/08/2021 11:00,0.0000
01/08/2021 12:00,0.0000
01/08/2021 13:00,0.0000
01/08/2021 14:00,0.0000
01/08/2021 15:00,0.0000
01/08/2021 16:00,0.0000
01/08/2021 17:00,0.0000
01/08/2021 18:00,0.0000
01/08/2021 19:00,0.0000
01/08/2021 20:00,0.0000
01/08/2021 21:00,0.0000
01/08/2021 22:00,0.0000
01/08/2021 23:00,0.0000
02/08/2021 00:00,0.0000
02/08/2021 01:00,0.0000
02/08/2021 02:00,0.0000
02/08/2021 03:00,0.0000
02/08/2021 04:00,1.7439
02/08/2021 05:00,3.2303
02/08/2021 06:00,0.0000
02/08/2021 07:00,0.0000
02/08/2021 08:00,0.0000
02/08/2021 09:00,0.0000
02/08/2021 10:00,0.0000
02/08/2021 11:00,0.0000
02/08/2021 12:00,0.0000
02/08/2021 13:00,0.0000
02/08/2021 14:00,0.0000
02/08/2021 15:00,0.0000
02/08/2021 16:00,0.0000
02/08/2021 17:00,0.0000
02/08/2021 18:00,0.0000
02/08/2021 19:00,0.0000
02/08/2021 20:00,0.0000
02/08/2021 21:00,0.0000
02/08/2021 22:00,0.0000
02/08/2021 23:00,0.0000
03/08/2021 00:00,0.0000
03/08/2021 01:00,0.0000
03/08/2021 02:00,0.0000
03/08/2021 03:00,0.0000
03/08/2021 04:00,0.0000
03/08/2021 05:00,0.0000
03/08/2021 06:00,3.4580
03/08/2021 07:00,2.9859
03/08/2021 08:00,0.0000
03/08/2021 09:00,0.0000
03/08/2021 10:00,0.0000
03/08/2021 11:00,0.0000
03/08/2021 12:00,0.0000
03/08/2021 13:00,0.0000
03/08/2021 14:00,0.0000
03/08/2021 15:00,0.9127
03/08/2021 16:00,0.0000
03/08/2021 17:00,0.0000
03/08/2021 18:00,0.0000
03/08/2021 19:00,0.0000
03/08/2021 20:00,0.0000
03/08/2021 21:00,0.0000
03/08/2021 22:00,0.0000
03/08/2021 23:00,0.0000
04/08/2021 00:00,0.0000
04/08/2021 01:00,0.0000
04/08/2021 02:00,0.0000
04/08/2021 03:00,0.0000
04/08/2021 04:00,0.0000
04/08/2021 05:00,0.0000
04/08/2021 06:00,0.0000
04/08/2021 07:00,0.5735
04/08/2021 08:00,4.7071
04/08/2021 09:00,1.1135
04/08/2021 10:00,0.0000
04/08/2021 11:00,0.0000
04/08/2021 12:00,0.0000
04/08/2021 13:00,0.0000
04/08/2021 14:00,0.0000
04/08/2021 15:00,0.4694
04/08/2021 16:00,0.3109
04/08/2021 17:00,0.0000
04/08/2021 18:00,0.0000
04/08/2021 19:00,0.0000
04/08/2021 20:00,0.0000
04/08/2021 21:00,0.0000
04/08/2021 22:00,0.0000
04/08/2021 23:00,0.0000
05/08/2021 00:00,1.1685
05/08/2021 01:00,0.0000
05/08/2021 02:00,0.0000
05/08/2021 03:00,0.0000
05/08/2021 04:00,0.0000
05/08/2021 05:00,0.0000
05/08/2021 06:00,0.0000
05/08/2021 07:00,0.1381
05/08/2021 08:00,0.0000
05/08/2021 09:00,2.4633
05/08/2021 10:00,0.0000
05/08/2021 11:00,0.0000
05/08/2021 12:00,0.0000
05/08/2021 13:00,0.0000
05/08/2021 14:00,0.0000
05/08/2021 15:00,4.3968
05/08/2021 16:00,0.0000
05/08/2021 17:00,0.0000
05/08/2021 18:00,0.0000
05/08/2021 19:00,6.5662
05/08/2021 20:00,1.3194
05/08/2021 21:00,0.0000
05/08/2021 22:00,0.0000
05/08/2021 23:00,0.0000
06/08/2021 00:00,0.0000
06/08/2021 01:00,0.0000
06/08/2021 02:00,0.0000
06/08/2021 03:00,0.0000
06/08/2021 04:00,0.0000
06/08/2021 05:00,0.0000
06/08/2021 06:00,0.0000
06/08/2021 07:00,0.0000
06/08/2021 08:00,0.0000
06/08/2021 09:00,0.0000
06/08/2021 10:00,0.0000
06/08/2021 11:00,0.0000
06/08/2021 12:00,0.0000
06/08/2021 13:00,0.0000
06/08/2021 14:00,1.1666
06/08/2021 15:00,0.2739
06/08/2021 16:00,5.2824
06/08/2021 17:00,0.0000
06/08/2021 18:00,0.0000
06/08/2021 19:00,0.0000
06/08/2021 20:00,0.0000
06/08/2021 21:00,0.0000
06/08/2021 22:00,0.0000
06/08/2021 23:00,0.0000
07/08/2021 00:00,0.0000
07/08/2021 01:00,0.0000
07/08/2021 02:00,0.0000
07/08/2021 03:00,0.0000
07/08/2021 04:00,0.0000
07/08/2021 05:00,0.0000
07/08/2021 06:00,0.0000
07/08/2021 07:00,0.0000
07/08/2021 08:00,0.0000
07/08/2021 09:00,0.0000
07/08/2021 10:00,0.0000
07/08/2021 11:00,0.0000
07/08/2021 12:00,0.0000
07/08/2021 13:00,0.0000
07/08/2021 14:00,0.0000
07/08/2021 15:00,3.7417
07/08/2021 16:00,8.4774
07/08/2021 17:00,5.1514
07/08/2021 18:00,0.0000
07/08/2021 19:00,0.0000
07/08/2021 20:00,0.0000
07/08/2021 21:00,0.0000
07/08/2021 22:00,0.0000
07/08/2021 23:00,0.0000
08/08/2021 00:00,0.0000
08/08/2021 01:00,0.0000
08/08/2021 02:00,0.0000
08/08/2021 03:00,0.0000
08/08/2021 04:00,0.0000
08/08/2021 05:00,0.0000
08/08/2021 06:00,0.0000
08/08/2021 07:00,0.0000
08/08/2021 08:00,0.0000
08/08/2021 09:00,0.0000
08/08/2021 10:00,0.0000
08/08/2021 11:00,0.0000
08/08/2021 12:00,0.0000
08/08/2021 13:00,0.0000
08/08/2021 14:00,0.0000
08/08/2021 15:00,0.0000
08/08/2021 16:00,0.0000
08/08/2021 17:00,0.0000
08/08/2021 18:00,0.0000
08/08/2021 19:00,0.0000
08/08/2021 20:00,0.0000
08/08/2021 21:00,0.0000
08/08/2021 22:00,0.0000
08/08/2021 23:00,0.0000
09/08/2021 00:00,0.0000
09/08/2021 01:00,0.0000
09/08/2021 02:00,0.0000
09/08/2021 03:00,0.0000
09/08/2021 04:00,0.0000
09/08/2021 05:00,5.3814
09/08/2021 06:00,0.8429
09/08/2021 07:00,0.0000
09/08/2021 08:00,0.0000
09/08/2021 09:00,0.0000
09/08/2021 10:00,0.0000
09/08/2021 11:00,0.0000
09/08/2021 12:00,0.0000
09/08/2021 13:00,0.0000
09/08/2021 14:00,0.0000
09/08/2021 15:00,0.0000
09/08/2021 16:00,0.0000
09/08/2021 17:00,0.0000
09/08/2021 18:00,0.0000
09/08/2021 19:00,0.0000
09/08/2021 20:00,0.0000
09/08/2021 21:00,0.0000
09/08/2021 22:00,0.0000
09/08/2021 23:00,0.0000
10/08/2021 00:00,0.0000
10/08/2021 01:00,0.0000
10/08/2021 02:00,0.0000
10/08/2021 03:00,0.0000
10/08/2021 04:00,0.0000
10/08/2021 05:00,0.0000
10/08/2021 06:00,0.0000
10/08/2021 07:00,0.1373
10/08/2021 08:00,0.0000
10/08/2021 09:00,0.0000
10/08/2021 10:00,0.0000
10/08/2021 11:00,0.0000
10/08/2021 12:00,0.0000
10/08/2021 13:00,0.0000
10/08/2021 14:00,2.9836
10/08/2021 15:00,2.8247
10/08/2021 16:00,0.0000
10/08/2021 17:00,0.0000
10/08/2021 18:00,0.0000
10/08/2021 19:00,0.0000
10/08/2021 20:00,0.0000
10/08/2021 21:00,0.0000
10/08/2021 22:00,0.0000
10/08/2021 23:00,0.0000
11/08/2021 00:00,0.0000
11/08/2021 01:00,0.0000
11/08/2021 02:00,0.0000
11/08/2021 03:00,0.0000
11/08/2021 04:00,0.0000
11/08/2021 05:00,0.0000
11/08/2021 06:00,0.0000
11/08/2021 07:00,0.0000
11/08/2021 08:00,0.0000
11/08/2021 09:00,0.0000
11/08/2021 10:00,0.0000
11/08/2021 11:00,0.0000
11/08/2021 12:00,0.0000
11/08/2021 13:00,0.0000
11/08/2021 14:00,2.3494
11/08/2021 15:00,4.9811
11/08/2021 16:00,0.0000
11/08/2021 17:00,0.0000
11/08/2021 18:00,0.0000
11/08/2021 19:00,0.0000
11/08/2021 20:00,0.0000
11/08/2021 21:00,0.0000
11/08/2021 22:00,0.0000
11/08/2021 23:00,0.0000
12/08/2021 00:00,0.0000
12/08/2021 01:00,0.0000
12/08/2021 02:00,0.5392
12/08/2021 03:00,0.0000
12/08/2021 04:00,0.0000
12/08/2021 05:00,0.0000
12/08/2021 06:00,0.0000
12/08/2021 07:00,0.0000
12/08/2021 08:00,0.8014
12/08/2021 09:00,0.0000
12/08/2021 10:00,0.0000
12/08/2021 11:00,8.0050
12/08/2021 12:00,0.8605
12/08/2021 13:00,0.0000
12/08/2021 14:00,0.0000
12/08/2021 15:00,3.8790
12/08/2021 16:00,0.6196
12/08/2021 17:00,0.0000
12/08/2021 18:00,0.0000
12/08/2021 19:00,0.0000
12/08/2021 20:00,0.0000
12/08/2021 21:00,0.0000
12/08/2021 22:00,0.0000
12/08/2021 23:00,0.0000
13/08/2021 00:00,0.0000
13/08/2021 01:00,0.0000
13/08/2021 02:00,0.0000
13/08/2021 03:00,0.0000
13/08/2021 04:00,0.0000
13/08/2021 05:00,1.3725
13/08/2021 06:00,3.2002
13/08/2021 07:00,0.0000
13/08/2021 08:00,0.0000
13/08/2021 09:00,0.0000
13/08/2021 10:00,0.0000
13/08/2021 11:00,0.0000
13/08/2021 12:00,0.0000
13/08/2021 13:00,0.0000
13/08/2021 14:00,0.0000
13/08/2021 15:00,1.5289
13/08/2021 16:00,0.0000
13/08/2021 17:00,0.0000
13/08/2021 18:00,0.0000
13/08/2021 19:00,0.0000
13/08/2021 20:00,0.0000
13/08/2021 21:00,0.0000
13/08/2021 22:00,0.0000
13/08/2021 23:00,0.0000
14/08/2021 00:00,0.0000
14/08/2021 01:00,0.0000
14/08/2021 02:00,0.0000
14/08/2021 03:00,0.0000
14/08/2021 04:00,0.0000
14/08/2021 05:00,0.0000
14/08/2021 06:00,0.0000
14/08/2021 07:00,0.0000
14/08/2021 08:00,0.0000
14/08/2021 09:00,0.0000
14/08/2021 10:00,5.2671
14/08/2021 11:00,4.6007
14/08/2021 12:00,0.0000
14/08/2021 13:00,0.0000
14/08/2021 14:00,0.0000
14/08/2021 15:00,0.0000
14/08/2021 16:00,3.4845
14/08/2021 17:00,0.0000
14/08/2021 18:00,0.0000
14/08/2021 19:00,0.0000
14/08/2021 20:00,0.0000
14/08/2021 21:00,0.0000
14/08/2021 22:00,0.0000
14/08/2021 23:00,0.0000
15/08/2021 00:00,0.0000
15/08/2021 01:00,0.0000
15/08/2021 02:00,0.0000
15/08/2021 03:00,0.0000
15/08/2021 04:00,0.0000
15/08/2021 05:00,0.0000
15/08/2021 06:00,0.0000
15/08/2021 07:00,0.0000
15/08/2021 08:00,0.0000
15/08/2021 09:00,0.0000
15/08/2021 10:00,0.0000
15/08/2021 11:00,0.0000
15/08/2021 12:00,0.0000
15/08/2021 13:00,0.0000
15/08/2021 14:00,0.0000
15/08/2021 15:00,0.0000
15/08/2021 16:00,0.0000
15/08/2021 17:00,0.0000
15/08/2021 18:00,0.0000
15/08/2021 19:00,0.0000
15/08/2021 20:00,0.0000
15/08/2021 21:00,0.0000
15/08/2021 22:00,0.0000
15/08/2021 23:00,0.0000
16/08/2021 00:00,0.0000
16/08/2021 01:00,0.0000
16/08/2021 02:00,0.0000
16/08/2021 03:00,0.0000
16/08/2021 04:00,0.0000
16/08/2021 05:00,4.9301
16/08/2021 06:00,0.0000
16/08/2021 07:00,0.8705
16/08/2021 08:00,0.0000
16/08/2021 09:00,0.0000
16/08/2021 10:00,0.0000
16/08/2021 11:00,0.0000
16/08/2021 12:00,0.0000
16/08/2021 13:00,0.0000
16/08/2021 14:00,0.0000
16/08/2021 15:00,0.0000
16/08/2021 16:00,0.0000
16/08/2021 17:00,0.0000
16/08/2021 18:00,0.0000
16/08/2021 19:00,0.0000
16/08/2021 20:00,0.0000
16/08/2021 21:00,0.0000
16/08/2021 22:00,0.0000
16/08/2021 23:00,0.0000
17/08/2021 00:00,0.0000
17/08/2021 01:00,0.0000
17/08/2021 02:00,0.0000
17/08/2021 03:00,0.0000
17/08/2021 04:00,0.0000
17/08/2021 05:00,0.0000
17/08/2021 06:00,0.0000
17/08/2021 07:00,3.5327
17/08/2021 08:00,1.6310
17/08/2021 09:00,0.0000
17/08/2021 10:00,0.0000
17/08/2021 11:00,0.0000
17/08/2021 12:00,0.0000
17/08/2021 13:00,0.0000
17/08/2021 14:00,0.0000
17/08/2021 15:00,0.9210
17/08/2021 16:00,0.0000
17/08/2021 17:00,0.0000
17/08/2021 18:00,0.0000
17/08/2021 19:00,0.0000
17/08/2021 20:00,0.0000
17/08/2021 21:00,0.0000
17/08/2021 22:00,0.0000
17/08/2021 23:00,0.0000
18/08/2021 00:00,0.0000
18/08/2021 01:00,0.0000
18/08/2021 02:00,6.9360
18/08/2021 03:00,0.0000
18/08/2021 04:00,0.0000
18/08/2021 05:00,0.0000
18/08/2021 06:00,0.0000
18/08/2021 07:00,0.0000
18/08/2021 08:00,0.0000
18/08/2021 09:00,2.6643
18/08/2021 10:00,0.0000
18/08/2021 11:00,0.0000
18/08/2021 12:00,0.0000
18/08/2021 13:00,0.0000
18/08/2021 14:00,3.7729
18/08/2021 15:00,0.0000
18/08/2021 16:00,0.0000
18/08/2021 17:00,0.0000
18/08/2021 18:00,0.0000
18/08/2021 19:00,3.0337
18/08/2021 20:00,0.0000
18/08/2021 21:00,0.0000
18/08/2021 22:00,0.0000
18/08/2021 23:00,0.0000
19/08/2021 00:00,0.0000
19/08/2021 01:00,0.0000
19/08/2021 02:00,0.0000
19/08/2021 03:00,0.0000
19/08/2021 04:00,0.0000
19/08/2021 05:00,0.0000
19/08/2021 06:00,0.0000
19/08/2021 07:00,3.0603
19/08/2021 08:00,0.0000
19/08/2021 09:00,3.7997
19/08/2021 10:00,0.0000
19/08/2021 11:00,0.0000
19/08/2021 12:00,0.0000
19/08/2021 13:00,0.0000
19/08/2021 14:00,0.0000
19/08/2021 15:00,0.0000
19/08/2021 16:00,0.0000
19/08/2021 17:00,0.0000
19/08/2021 18:00,0.0000
19/08/2021 19:00,0.0000
19/08/2021 20:00,0.0000
19/08/2021 21:00,0.0000
19/08/2021 22:00,0.0000
19/08/2021 23:00,0.0000
20/08/2021 00:00,0.0000
20/08/2021 01:00,0.0000
20/08/2021 02:00,0.0000
20/08/2021 03:00,0.0000
20/08/2021 04:00,0.0000
20/08/2021 05:00,0.0000
20/08/2021 06:00,0.8558
20/08/2021 07:00,5.3071
20/08/2021 08:00,0.0000
20/08/2021 09:00,0.0000
20/08/2021 10:00,0.0000
20/08/2021 11:00,0.0000
20/08/2021 12:00,0.0000
20/08/2021 13:00,0.0000
20/08/2021 14:00,0.0000
20/08/2021 15:00,0.5115
20/08/2021 16:00,0.0000
20/08/2021 17:00,0.0000
20/08/2021 18:00,0.0000
20/08/2021 19:00,0.0000
20/08/2021 20:00,0.0000
20/08/2021 21:00,0.0000
20/08/2021 22:00,0.0000
20/08/2021 23:00,0.0000
21/08/2021 00:00,0.0000
21/08/2021 01:00,0.0000
21/08/2021 02:00,0.0000
21/08/2021 03:00,0.0000
21/08/2021 04:00,0.0000
21/08/2021 05:00,0.0000
21/08/2021 06:00,0.0000
21/08/2021 07:00,0.0000
21/08/2021 08:00,0.0000
21/08/2021 09:00,0.0000
21/08/2021 10:00,0.0000
21/08/2021 11:00,0.0000
21/08/2021 12:00,5.0714
21/08/2021 13:00,0.0000
21/08/2021 14:00,0.0000
21/08/2021 15:00,0.0000
21/08/2021 16:00,2.4649
21/08/2021 17:00,6.6302
21/08/2021 18:00,0.0000
21/08/2021 19:00,0.0000
21/08/2021 20:00,0.0000
21/08/2021 21:00,0.0000
21/08/2021 22:00,0.0000
21/08/2021 23:00,0.0000
22/08/2021 00:00,0.0000
22/08/2021 01:00,0.0000
22/08/2021 02:00,0.0000
22/08/2021 03:00,0.0000
22/08/2021 04:00,0.0000
22/08/2021 05:00,0.0000
22/08/2021 06:00,0.0000
22/08/2021 07:00,0.0000
22/08/2021 08:00,0.0000
22/08/2021 09:00,0.0000
22/08/2021 10:00,0.0000
22/08/2021 11:00,0.0000
22/08/2021 12:00,0.0000
22/08/2021 13:00,0.0000
22/08/2021 14:00,0.0000
22/08/2021 15:00,0.0000
22/08/2021 16:00,0.0000
22/08/2021 17:00,0.0000
22/08/2021 18:00,0.0000
22/08/2021 19:00,0.0000
22/08/2021 20:00,0.0000
22/08/2021 21:00,0.0000
22/08/2021 22:00,0.0000
22/08/2021 23:00,0.0000
23/08/2021 00:00,0.0000
23/08/2021 01:00,0.0000
23/08/2021 02:00,0.0000
23/08/2021 03:00,0.0000
23/08/2021 04:00,0.1251
23/08/2021 05:00,0.0000
23/08/2021 06:00,0.0000
23/08/2021 07:00,0.0000
23/08/2021 08:00,0.0000
23/08/2021 09:00,0.0000
23/08/2021 10:00,0.0000
23/08/2021 11:00,0.0000
23/08/2021 12:00,0.0000
23/08/2021 13:00,0.0000
23/08/2021 14:00,6.6344
23/08/2021 15:00,0.0000
23/08/2021 16:00,0.0000
23/08/2021 17:00,0.0000
23/08/2021 18:00,0.0000
23/08/2021 19:00,0.0000
23/08/2021 20:00,0.0000
23/08/2021 21:00,0.0000
23/08/2021 22:00,0.0000
23/08/2021 23:00,0.0000
24/08/2021 00:00,0.0000
24/08/2021 01:00,0.0000
24/08/2021 02:00,0.0000
24/08/2021 03:00,0.0000
24/08/2021 04:00,3.7940
24/08/2021 05:00,0.0000
24/08/2021 06:00,0.0000
24/08/2021 07:00,0.0000
24/08/2021 08:00,0.0000
24/08/2021 09:00,0.0000
24/08/2021 10:00,0.0000
24/08/2021 11:00,0.0000
24/08/2021 12:00,0.0000
24/08/2021 13:00,0.0000
24/08/2021 14:00,0.0000
24/08/2021 15:00,0.0000
24/08/2021 16:00,0.0000
24/08/2021 17:00,1.8528
24/08/2021 18:00,0.0000
24/08/2021 19:00,0.0000
24/08/2021 20:00,0.0000
24/08/2021 21:00,0.0000
24/08/2021 22:00,0.0000
24/08/2021 23:00,0.0000
25/08/2021 00:00,0.0000
25/08/2021 01:00,0.0000
25/08/2021 02:00,0.0000
25/08/2021 03:00,0.0000
25/08/2021 04:00,0.0000
25/08/2021 05:00,0.0000
25/08/2021 06:00,0.0000
25/08/2021 07:00,0.0000
25/08/2021 08:00,0.0000
25/08/2021 09:00,0.0000
25/08/2021 10:00,0.0000
25/08/2021 11:00,0.0000
25/08/2021 12:00,0.0000
25/08/2021 13:00,0.0000
25/08/2021 14:00,4.2902
25/08/2021 15:00,0.4128
25/08/2021 16:00,0.3642
25/08/2021 17:00,1.4376
25/08/2021 18:00,0.0000
25/08/2021 19:00,0.0000
25/08/2021 20:00,0.0000
25/08/2021 21:00,0.0000
25/08/2021 22:00,0.0000
25/08/2021 23:00,0.0000
26/08/2021 00:00,0.0000
26/08/2021 01:00,0.0000
26/08/2021 02:00,0.0000
26/08/2021 03:00,0.0000
26/08/2021 04:00,0.0000
26/08/2021 05:00,0.0000
26/08/2021 06:00,0.0000
26/08/2021 07:00,0.0000
26/08/2021 08:00,0.0000
26/08/2021 09:00,0.0000
26/08/2021 10:00,0.0000
26/08/2021 11:00,0.0000
26/08/2021 12:00,0.0000
26/08/2021 13:00,0.0000
26/08/2021 14:00,0.1275
26/08/2021 15:00,4.0975
26/08/2021 16:00,4.5319
26/08/2021 17:00,0.0000
26/08/2021 18:00,0.0000
26/08/2021 19:00,0.0000
26/08/2021 20:00,0.0000
26/08/2021 21:00,0.0000
26/08/2021 22:00,0.0000
26/08/2021 23:00,0.0000
27/08/2021 00:00,0.0000
27/08/2021 01:00,0.0000
27/08/2021 02:00,0.0000
27/08/2021 03:00,0.0000
27/08/2021 04:00,0.0000
27/08/2021 05:00,0.0000
27/08/2021 06:00,0.0000
27/08/2021 07:00,2.7110
27/08/2021 08:00,2.6652
27/08/2021 09:00,0.0000
27/08/2021 10:00,0.0000
27/08/2021 11:00,0.0000
27/08/2021 12:00,0.0000
27/08/2021 13:00,0.0000
27/08/2021 14:00,0.0000
27/08/2021 15:00,0.0000
27/08/2021 16:00,0.7444
27/08/2021 17:00,0.2457
27/08/2021 18:00,0.0000
27/08/2021 19:00,0.0000
27/08/2021 20:00,0.0000
27/08/2021 21:00,0.0000
27/08/2021 22:00,0.0000
27/08/2021 23:00,0.0000
28/08/2021 00:00,0.0000
28/08/2021 01:00,0.0000
28/08/2021 02:00,0.0000
28/08/2021 03:00,0.0000
28/08/2021 04:00,0.0000
28/08/2021 05:00,0.0000
28/08/2021 06:00,0.0000
28/08/2021 07:00,0.0000
28/08/2021 08:00,0.0000
28/08/2021 09:00,0.0000
28/08/2021 10:00,0.0000
28/08/2021 11:00,0.0000
28/08/2021 12:00,0.0000
28/08/2021 13:00,0.0000
28/08/2021 14:00,3.1299
28/08/2021 15:00,5.3349
28/08/2021 16:00,3.9516
28/08/2021 17:00,0.0000
28/08/2021 18:00,0.0000
28/08/2021 19:00,0.0000
28/08/2021 20:00,0.0000
28/08/2021 21:00,0.0000
28/08/2021 22:00,2.1968
28/08/2021 23:00,0.0000
29/08/2021 00:00,0.0000
29/08/2021 01:00,0.0000
29/08/2021 02:00,1.8262
29/08/2021 03:00,0.0000
29/08/2021 04:00,0.0000
29/08/2021 05:00,0.0000
29/08/2021 06:00,0.0000
29/08/2021 07:00,0.0000
29/08/2021 08:00,0.0000
29/08/2021 09:00,0.0000
29/08/2021 10:00,0.0000
29/08/2021 11:00,0.0000
29/08/2021 12:00,0.0000
29/08/2021 13:00,0.0000
29/08/2021 14:00,0.0000
29/08/2021 15:00,0.0000
29/08/2021 16:00,0.0000
29/08/2021 17:00,0.0000
29/08/2021 18:00,0.0000
29/08/2021 19:00,0.0000
29/08/2021 20:00,0.0000
29/08/2021 21:00,0.0000
29/08/2021 22:00,0.0000
29/08/2021 23:00,0.0000
30/08/2021 00:00,0.0000
30/08/2021 01:00,0.0000
30/08/2021 02:00,0.0000
30/08/2021 03:00,0.0000
30/08/2021 04:00,0.0000
30/08/2021 05:00,0.0000
30/08/2021 06:00,1.6694
30/08/2021 07:00,0.0000
30/08/2021 08:00,0.0000
30/08/2021 09:00,0.0000
30/08/2021 10:00,0.0000
30/08/2021 11:00,0.0000
30/08/2021 12:00,0.0000
30/08/2021 13:00,4.7753
30/08/2021 14:00,0.0000
30/08/2021 15:00,0.0000
30/08/2021 16:00,0.0000
30/08/2021 17:00,0.0000
30/08/2021 18:00,0.0000
30/08/2021 19:00,0.0000
30/08/2021 20:00,0.0000
30/08/2021 21:00,0.0000
30/08/2021 22:00,0.0000
30/08/2021 23:00,0.0000
31/08/2021 00:00,0.0000
31/08/2021 01:00,0.0000
31/08/2021 02:00,0.0000
31/08/2021 03:00,0.0000
31/08/2021 04:00,0.0000
31/08/2021 05:00,0.0000
31/08/2021 06:00,1.6545
31/08/2021 07:00,3.5335
31/08/2021 08:00,0.0000
31/08/2021 09:00,0.0000
31/08/2021 10:00,0.0000
31/08/2021 11:00,0.0000
31/08/2021 12:00,0.0000
31/08/2021 13:00,1.0149
31/08/2021 14:00,0.0000
31/08/2021 15:00,0.0000
31/08/2021 16:00,0.0000
31/08/2021 17:00,0.0000
31/08/2021 18:00,0.0000
31/08/2021 19:00,0.0000
31/08/2021 20:00,0.0000
31/08/2021 21:00,0.0000
31/08/2021 22:00,0.0000
31/08/2021 23:00,0.0000
01/09/2021 00:00,0.0000
01/09/2021 01:00,0.0000
01/09/2021 02:00,0.0000
01/09/2021 03:00,0.0000
01/09/2021 04:00,0.0000
01/09/2021 05:00,0.0000
01/09/2021 06:00,0.0000
01/09/2021 07:00,0.0000
01/09/2021 08:00,2.0409
01/09/2021 09:00,2.3597
01/09/2021 10:00,0.0000
01/09/2021 11:00,4.0236
01/09/2021 12:00,1.5007
01/09/2021 13:00,0.0000
01/09/2021 14:00,0.0000
01/09/2021 15:00,0.0000
01/09/2021 16:00,1.0612
01/09/2021 17:00,1.5015
01/09/2021 18:00,0.0000
01/09/2021 19:00,0.0000
01/09/2021 20:00,3.9229
01/09/2021 21:00,0.0000
01/09/2021 22:00,0.0000
01/09/2021 23:00,0.0000
02/09/2021 00:00,0.0000
02/09/2021 01:00,0.0000
02/09/2021 02:00,0.0000
02/09/2021 03:00,0.0000
02/09/2021 04:00,0.8444
02/09/2021 05:00,4.3813
02/09/2021 06:00,0.0000
02/09/2021 07:00,0.0000
02/09/2021 08:00,0.0000
02/09/2021 09:00,0.0000
02/09/2021 10:00,0.0000
02/09/2021 11:00,0.0000
02/09/2021 12:00,0.0000
02/09/2021 13:00,0.0000
02/09/2021 14:00,0.0000
02/09/2021 15:00,0.4213
02/09/2021 16:00,0.0000
02/09/2021 17:00,0.0000
02/09/2021 18:00,0.0000
02/09/2021 19:00,0.0000
02/09/2021 20:00,0.0000
02/09/2021 21:00,0.0000
02/09/2021 22:00,0.0000
02/09/2021 23:00,0.0000
03/09/2021 00:00,0.0000
03/09/2021 01:00,0.0000
03/09/2021 02:00,0.0000
03/09/2021 03:00,0.0000
03/09/2021 04:00,0.0000
03/09/2021 05:00,4.2568
03/09/2021 06:00,1.1124
03/09/2021 07:00,0.0000
03/09/2021 08:00,0.0000
03/09/2021 09:00,0.0000
03/09/2021 10:00,0.0000
03/09/2021 11:00,0.0000
03/09/2021 12:00,0.0000
03/09/2021 13:00,0.0000
03/09/2021 14:00,0.0000
03/09/2021 15:00,0.0000
03/09/2021 16:00,0.0000
03/09/2021 17:00,0.0000
03/09/2021 18:00,0.0000
03/09/2021 19:00,0.0000
03/09/2021 20:00,0.0000
03/09/2021 21:00,0.0000
03/09/2021 22:00,0.0000
03/09/2021 23:00,0.0000
04/09/2021 00:00,0.0000
04/09/2021 01:00,0.0000
04/09/2021 02:00,0.0000
04/09/2021 03:00,0.0000
04/09/2021 04:00,0.0000
04/09/2021 05:00,0.0000
04/09/2021 06:00,0.0000
04/09/2021 07:00,0.0000
04/09/2021 08:00,0.0000
04/09/2021 09:00,0.0000
04/09/2021 10:00,3.4611
04/09/2021 11:00,8.3010
04/09/2021 12:00,0.8493
04/09/2021 13:00,0.0000
04/09/2021 14:00,0.0000
04/09/2021 15:00,0.0000
04/09/2021 16:00,0.0000
04/09/2021 17:00,0.0000
04/09/2021 18:00,0.0000
04/09/2021 19:00,0.0000
04/09/2021 20:00,0.0000
04/09/2021 21:00,0.0000
04/09/2021 22:00,0.0000
04/09/2021 23:00,0.0000
05/09/2021 00:00,0.0000
05/09/2021 01:00,0.0000
05/09/2021 02:00,0.0000
05/09/2021 03:00,0.0000
05/09/2021 04:00,0.0000
05/09/2021 05:00,0.0000
05/09/2021 06:00,0.0000
05/09/2021 07:00,0.0000
05/09/2021 08:00,0.0000
05/09/2021 09:00,0.0000
05/09/2021 10:00,0.0000
05/09/2021 11:00,0.0000
05/09/2021 12:00,2.4147
05/09/2021 13:00,7.3849
05/09/2021 14:00,0.0000
05/09/2021 15:00,3.0493
05/09/2021 16:00,0.0000
05/09/2021 17:00,0.0000
05/09/2021 18:00,0.0000
05/09/2021 19:00,0.0000
05/09/2021 20:00,0.0000
05/09/2021 21:00,0.0000
05/09/2021 22:00,0.0000
05/09/2021 23:00,0.0000
06/09/2021 00:00,0.0000
06/09/2021 01:00,0.0000
06/09/2021 02:00,0.0000
06/09/2021 03:00,0.0000
06/09/2021 04:00,0.0000
06/09/2021 05:00,0.0000
06/09/2021 06:00,0.0000
06/09/2021 07:00,0.0000
06/09/2021 08:00,0.0000
06/09/2021 09:00,0.0000
06/09/2021 10:00,0.0000
06/09/2021 11:00,0.0000
06/09/2021 12:00,0.0000
06/09/2021 13:00,0.5055
06/09/2021 14:00,5.5470
06/09/2021 15:00,0.0000
06/09/2021 16:00,0.0000
06/09/2021 17:00,0.0000
06/09/2021 18:00,0.0000
06/09/2021 19:00,0.0000
06/09/2021 20:00,0.0000
06/09/2021 21:00,0.0000
06/09/2021 22:00,0.0000
06/09/2021 23:00,0.0000
07/09/2021 00:00,7.7412
07/09/2021 01:00,0.0000
07/09/2021 02:00,0.0000
07/09/2021 03:00,0.0000
07/09/2021 04:00,0.5299
07/09/2021 05:00,0.0000
07/09/2021 06:00,0.0000
07/09/2021 07:00,1.9817
07/09/2021 08:00,4.0620
07/09/2021 09:00,0.0000
07/09/2021 10:00,0.0000
07/09/2021 11:00,0.0000
07/09/2021 12:00,0.0000
07/09/2021 13:00,0.0000
07/09/2021 14:00,0.0000
07/09/2021 15:00,0.0000
07/09/2021 16:00,0.0000
07/09/2021 17:00,0.0000
07/09/2021 18:00,0.0000
07/09/2021 19:00,0.0000
07/09/2021 20:00,0.1414
07/09/2021 21:00,0.0000
07/09/2021 22:00,0.0000
07/09/2021 23:00,0.0000
08/09/2021 00:00,0.0000
08/09/2021 01:00,0.0000
08/09/2021 02:00,0.0000
08/09/2021 03:00,0.0000
08/09/2021 04:00,0.0000
08/09/2021 05:00,0.0000
08/09/2021 06:00,0.0000
08/09/2021 07:00,0.0000
08/09/2021 08:00,0.0000
08/09/2021 09:00,0.0000
08/09/2021 10:00,0.0000
08/09/2021 11:00,1.3087
08/09/2021 12:00,0.7192
08/09/2021 13:00,0.0000
08/09/2021 14:00,5.1458
08/09/2021 15:00,0.0000
08/09/2021 16:00,1.6840
08/09/2021 17:00,0.0000
08/09/2021 18:00,0.0000
08/09/2021 19:00,0.0000
08/09/2021 20:00,0.0000
08/09/2021 21:00,1.2707
08/09/2021 22:00,5.5140
08/09/2021 23:00,0.0000
09/09/2021 00:00,0.0000
09/09/2021 01:00,0.0000
09/09/2021 02:00,0.0000
09/09/2021 03:00,0.0000
09/09/2021 04:00,0.0000
09/09/2021 05:00,0.0000
09/09/2021 06:00,0.2786
09/09/2021 07:00,4.7288
09/09/2021 08:00,0.0000
09/09/2021 09:00,0.0000
09/09/2021 10:00,0.0000
09/09/2021 11:00,0.0000
09/09/2021 12:00,0.0000
09/09/2021 13:00,0.0000
09/09/2021 14:00,0.0000
09/09/2021 15:00,0.0000
09/09/2021 16:00,0.0000
09/09/2021 17:00,0.0000
09/09/2021 18:00,0.0000
09/09/2021 19:00,0.0000
09/09/2021 20:00,0.0000
09/09/2021 21:00,0.0000
09/09/2021 22:00,0.0000
09/09/2021 23:00,0.0000
10/09/2021 00:00,0.1591
10/09/2021 01:00,3.8033
10/09/2021 02:00,0.0000
10/09/2021 03:00,0.0000
10/09/2021 04:00,0.0000
10/09/2021 05:00,0.0000
10/09/2021 06:00,0.0000
10/09/2021 07:00,0.0000
10/09/2021 08:00,1.5717
10/09/2021 09:00,0.0000
10/09/2021 10:00,0.0000
10/09/2021 11:00,0.0000
10/09/2021 12:00,0.0000
10/09/2021 13:00,0.0000
10/09/2021 14:00,2.2367
10/09/2021 15:00,2.4778
10/09/2021 16:00,0.0000
10/09/2021 17:00,0.0000
10/09/2021 18:00,0.0000
10/09/2021 19:00,0.0000
10/09/2021 20:00,0.0000
10/09/2021 21:00,4.1816
10/09/2021 22:00,0.0000
10/09/2021 23:00,0.0000
11/09/2021 00:00,0.0000
11/09/2021 01:00,0.0000
11/09/2021 02:00,0.0000
11/09/2021 03:00,0.0000
11/09/2021 04:00,0.0000
11/09/2021 05:00,0.0000
11/09/2021 06:00,0.0000
11/09/2021 07:00,0.0000
11/09/2021 08:00,0.0000
11/09/2021 09:00,0.0000
11/09/2021 10:00,0.0000
11/09/2021 11:00,1.6101
11/09/2021 12:00,6.5060
11/09/2021 13:00,3.9845
11/09/2021 14:00,1.5905
11/09/2021 15:00,0.0000
11/09/2021 16:00,0.0000
11/09/2021 17:00,0.0000
11/09/2021 18:00,0.0000
11/09/2021 19:00,0.0000
11/09/2021 20:00,0.0000
11/09/2021 21:00,0.0000
11/09/2021 22:00,0.0000
11/09/2021 23:00,0.0000
12/09/2021 00:00,0.0000
12/09/2021 01:00,0.0000
12/09/2021 02:00,0.0000
12/09/2021 03:00,0.0000
12/09/2021 04:00,0.0000
12/09/2021 05:00,0.0000
12/09/2021 06:00,0.0000
12/09/2021 07:00,0.0000
12/09/2021 08:00,0.0000
12/09/2021 09:00,0.0000
12/09/2021 10:00,0.0000
12/09/2021 11:00,0.0000
12/09/2021 12:00,0.0000
12/09/2021 13:00,0.0000
12/09/2021 14:00,0.0000
12/09/2021 15:00,0.0000
12/09/2021 16:00,0.0000
12/09/2021 17:00,0.0000
12/09/2021 18:00,0.0000
12/09/2021 19:00,0.0000
12/09/2021 20:00,0.0000
12/09/2021 21:00,0.0000
12/09/2021 22:00,0.0000
12/09/2021 23:00,0.0000
13/09/2021 00:00,0.0000
13/09/2021 01:00,0.0000
13/09/2021 02:00,0.0000
13/09/2021 03:00,0.0000
13/09/2021 04:00,0.0000
13/09/2021 05:00,0.0000
13/09/2021 06:00,0.0000
13/09/2021 07:00,0.7429
13/09/2021 08:00,0.0000
13/09/2021 09:00,0.0000
13/09/2021 10:00,0.0000
13/09/2021 11:00,0.0000
13/09/2021 12:00,0.0000
13/09/2021 13:00,3.7919
13/09/2021 14:00,1.8879
13/09/2021 15:00,0.0000
13/09/2021 16:00,0.0000
13/09/2021 17:00,0.0000
13/09/2021 18:00,0.0000
13/09/2021 19:00,0.0000
13/09/2021 20:00,0.0000
13/09/2021 21:00,0.0000
13/09/2021 22:00,0.0000
13/09/2021 23:00,0.0000
14/09/2021 00:00,0.0000
14/09/2021 01:00,0.0000
14/09/2021 02:00,0.7659
14/09/2021 03:00,1.5254
14/09/2021 04:00,0.0000
14/09/2021 05:00,0.0000
14/09/2021 06:00,0.0000
14/09/2021 07:00,0.0000
14/09/2021 08:00,2.3592
14/09/2021 09:00,0.0000
14/09/2021 10:00,4.1468
14/09/2021 11:00,0.0000
14/09/2021 12:00,0.0000
14/09/2021 13:00,0.0000
14/09/2021 14:00,0.0000
14/09/2021 15:00,2.0292
14/09/2021 16:00,2.2133
14/09/2021 17:00,0.0000
14/09/2021 18:00,0.0000
14/09/2021 19:00,0.0000
14/09/2021 20:00,0.0000
14/09/2021 21:00,0.0000
14/09/2021 22:00,2.1127
14/09/2021 23:00,0.0000
15/09/2021 00:00,0.0000
15/09/2021 01:00,0.0000
15/09/2021 02:00,0.0000
15/09/2021 03:00,0.0000
15/09/2021 04:00,0.0000
15/09/2021 05:00,0.0000
15/09/2021 06:00,0.0000
15/09/2021 07:00,0.0000
15/09/2021 08:00,0.0000
15/09/2021 09:00,3.2632
15/09/2021 10:00,0.0000
15/09/2021 11:00,0.0000
15/09/2021 12:00,0.0000
15/09/2021 13:00,0.0000
15/09/2021 14:00,0.0000
15/09/2021 15:00,0.0000
15/09/2021 16:00,2.9582
15/09/2021 17:00,0.0000
15/09/2021 18:00,0.0000
15/09/2021 19:00,0.0000
15/09/2021 20:00,0.0000
15/09/2021 21:00,0.0000
15/09/2021 22:00,0.0000
15/09/2021 23:00,0.0000
16/09/2021 00:00,0.0000
16/09/2021 01:00,0.0000
16/09/2021 02:00,0.0000
16/09/2021 03:00,0.0000
16/09/2021 04:00,0.0000
16/09/2021 05:00,1.4755
16/09/2021 06:00,3.3573
16/09/2021 07:00,0.0000
16/09/2021 08:00,0.0000
16/09/2021 09:00,0.0000
16/09/2021 10:00,0.0000
16/09/2021 11:00,0.0000
16/09/2021 12:00,0.0000
16/09/2021 13:00,0.0000
16/09/2021 14:00,0.7419
16/09/2021 15:00,1.3499
16/09/2021 16:00,0.0000
16/09/2021 17:00,0.0000
16/09/2021 18:00,0.0000
16/09/2021 19:00,0.0000
16/09/2021 20:00,0.0000
16/09/2021 21:00,0.0000
16/09/2021 22:00,0.0000
16/09/2021 23:00,0.0000
17/09/2021 00:00,0.0000
17/09/2021 01:00,0.0000
17/09/2021 02:00,0.0000
17/09/2021 03:00,0.0000
17/09/2021 04:00,0.0000
17/09/2021 05:00,0.0000
17/09/2021 06:00,0.0000
17/09/2021 07:00,0.0000
17/09/2021 08:00,1.9530
17/09/2021 09:00,0.0000
17/09/2021 10:00,0.0000
17/09/2021 11:00,0.0000
17/09/2021 12:00,0.0000
17/09/2021 13:00,0.0000
17/09/2021 14:00,0.0000
17/09/2021 15:00,4.0281
17/09/2021 16:00,0.2672
17/09/2021 17:00,0.0000
17/09/2021 18:00,0.0000
17/09/2021 19:00,0.0000
17/09/2021 20:00,0.0000
17/09/2021 21:00,0.0000
17/09/2021 22:00,0.0000
17/09/2021 23:00,0.0000
18/09/2021 00:00,0.0000
18/09/2021 01:00,0.0000
18/09/2021 02:00,0.0000
18/09/2021 03:00,0.0000
18/09/2021 04:00,0.0000
18/09/2021 05:00,0.0000
18/09/2021 06:00,0.0000
18/09/2021 07:00,0.0000
18/09/2021 08:00,0.0000
18/09/2021 09:00,0.0000
18/09/2021 10:00,0.0000
18/09/2021 11:00,0.0000
18/09/2021 12:00,0.0000
18/09/2021 13:00,2.1815
18/09/2021 14:00,6.0258
18/09/2021 15:00,3.0434
18/09/2021 16:00,0.0000
18/09/2021 17:00,0.0000
18/09/2021 18:00,0.0000
18/09/2021 19:00,0.0000
18/09/2021 20:00,0.0000
18/09/2021 21:00,0.0000
18/09/2021 22:00,0.0000
18/09/2021 23:00,0.0000
19/09/2021 00:00,0.0000
19/09/2021 01:00,0.0000
19/09/2021 02:00,0.0000
19/09/2021 03:00,0.0000
19/09/2021 04:00,0.0000
19/09/2021 05:00,0.0000
19/09/2021 06:00,0.0000
19/09/2021 07:00,0.0000
19/09/2021 08:00,0.0000
19/09/2021 09:00,0.0000
19/09/2021 10:00,0.0000
19/09/2021 11:00,0.0000
19/09/2021 12:00,0.0000
19/09/2021 13:00,6.2670
19/09/2021 14:00,0.1567
19/09/2021 15:00,4.4575
19/09/2021 16:00,0.4567
19/09/2021 17:00,1.7271
19/09/2021 18:00,0.0000
19/09/2021 19:00,0.0000
19/09/2021 20:00,0.0000
19/09/2021 21:00,0.0000
19/09/2021 22:00,0.0000
19/09/2021 23:00,0.0000
20/09/2021 00:00,0.0000
20/09/2021 01:00,0.0000
20/09/2021 02:00,0.0000
20/09/2021 03:00,0.0000
20/09/2021 04:00,0.0000
20/09/2021 05:00,5.6352
20/09/2021 06:00,0.0000
20/09/2021 07:00,0.0000
20/09/2021 08:00,0.0000
20/09/2021 09:00,0.0000
20/09/2021 10:00,0.0000
20/09/2021 11:00,0.0000
20/09/2021 12:00,0.0000
20/09/2021 13:00,0.0000
20/09/2021 14:00,0.9453
20/09/2021 15:00,0.0000
20/09/2021 16:00,0.0000
20/09/2021 17:00,0.0000
20/09/2021 18:00,0.0000
20/09/2021 19:00,0.0000
20/09/2021 20:00,0.0000
20/09/2021 21:00,0.0000
20/09/2021 22:00,0.0000
20/09/2021 23:00,0.0000
21/09/2021 00:00,0.0000
21/09/2021 01:00,5.4349
21/09/2021 02:00,0.0000
21/09/2021 03:00,0.0000
21/09/2021 04:00,0.0000
21/09/2021 05:00,0.0000
21/09/2021 06:00,0.0000
21/09/2021 07:00,0.2475
21/09/2021 08:00,0.1238
21/09/2021 09:00,0.0000
21/09/2021 10:00,0.0000
21/09/2021 11:00,3.9917
21/09/2021 12:00,0.0000
21/09/2021 13:00,0.0000
21/09/2021 14:00,0.0000
21/09/2021 15:00,6.6043
21/09/2021 16:00,0.1139
21/09/2021 17:00,0.0000
21/09/2021 18:00,0.0000
21/09/2021 19:00,0.0000
21/09/2021 20:00,0.0000
21/09/2021 21:00,0.0000
21/09/2021 22:00,0.0000
21/09/2021 23:00,0.0000
22/09/2021 00:00,0.0000
22/09/2021 01:00,0.0000
22/09/2021 02:00,0.0000
22/09/2021 03:00,0.0000
22/09/2021 04:00,0.0000
22/09/2021 05:00,0.0000
22/09/2021 06:00,0.8564
22/09/2021 07:00,0.0000
22/09/2021 08:00,0.0000
22/09/2021 09:00,0.0000
22/09/2021 10:00,0.0000
22/09/2021 11:00,0.0000
22/09/2021 12:00,0.0000
22/09/2021 13:00,0.0000
22/09/2021 14:00,5.0620
22/09/2021 15:00,0.0000
22/09/2021 16:00,0.0000
22/09/2021 17:00,0.0000
22/09/2021 18:00,0.0000
22/09/2021 19:00,0.0000
22/09/2021 20:00,0.0000
22/09/2021 21:00,0.0000
22/09/2021 22:00,0.0000
22/09/2021 23:00,0.0000
23/09/2021 00:00,0.0000
23/09/2021 01:00,0.0000
23/09/2021 02:00,0.0000
23/09/2021 03:00,0.0000
23/09/2021 04:00,0.0000
23/09/2021 05:00,0.0000
23/09/2021 06:00,0.0000
23/09/2021 07:00,0.0000
23/09/2021 08:00,0.0000
23/09/2021 09:00,0.0000
23/09/2021 10:00,0.0000
23/09/2021 11:00,0.0000
23/09/2021 12:00,0.0000
23/09/2021 13:00,0.0000
23/09/2021 14:00,2.8034
23/09/2021 15:00,2.0989
23/09/2021 16:00,0.8935
23/09/2021 17:00,0.6655
23/09/2021 18:00,0.0000
23/09/2021 19:00,0.0000
23/09/2021 20:00,0.0000
23/09/2021 21:00,0.0000
23/09/2021 22:00,0.0000
23/09/2021 23:00,0.0000
24/09/2021 00:00,0.0000
24/09/2021 01:00,0.0000
24/09/2021 02:00,0.0000
24/09/2021 03:00,0.0000
24/09/2021 04:00,0.0000
24/09/2021 05:00,0.2971
24/09/2021 06:00,1.3911
24/09/2021 07:00,0.0000
24/09/2021 08:00,0.0000
24/09/2021 09:00,0.0000
24/09/2021 10:00,0.0000
24/09/2021 11:00,0.0000
24/09/2021 12:00,0.0000
24/09/2021 13:00,2.4559
24/09/2021 14:00,1.9910
24/09/2021 15:00,0.0000
24/09/2021 16:00,0.0000
24/09/2021 17:00,0.0000
24/09/2021 18:00,0.0000
24/09/2021 19:00,0.0000
24/09/2021 20:00,0.0000
24/09/2021 21:00,0.0000
24/09/2021 22:00,0.0000
24/09/2021 23:00,0.0000
25/09/2021 00:00,0.0000
25/09/2021 01:00,0.0000
25/09/2021 02:00,0.0000
25/09/2021 03:00,0.0000
25/09/2021 04:00,0.0000
25/09/2021 05:00,0.0000
25/09/2021 06:00,0.0000
25/09/2021 07:00,2.5979
25/09/2021 08:00,0.0000
25/09/2021 09:00,0.0000
25/09/2021 10:00,1.3783
25/09/2021 11:00,2.0890
25/09/2021 12:00,0.0000
25/09/2021 13:00,0.0000
25/09/2021 14:00,0.0000
25/09/2021 15:00,0.0000
25/09/2021 16:00,0.0000
25/09/2021 17:00,0.0000
25/09/2021 18:00,0.0000
25/09/2021 19:00,3.1498
25/09/2021 20:00,1.3357
25/09/2021 21:00,0.0000
25/09/2021 22:00,0.0000
25/09/2021 23:00,0.0000
26/09/2021 00:00,0.0000
26/09/2021 01:00,0.0000
26/09/2021 02:00,0.0000
26/09/2021 03:00,0.0000
26/09/2021 04:00,0.0000
26/09/2021 05:00,0.0000
26/09/2021 06:00,0.5114
26/09/2021 07:00,5.4731
26/09/2021 08:00,5.5814
26/09/2021 09:00,1.1003
26/09/2021 10:00,0.0000
26/09/2021 11:00,0.0000
26/09/2021 12:00,0.0000
26/09/2021 13:00,0.0000
26/09/2021 14:00,0.0000
26/09/2021 15:00,0.0000
26/09/2021 16:00,0.0000
26/09/2021 17:00,0.0000
26/09/2021 18:00,0.0000
26/09/2021 19:00,0.0000
26/09/2021 20:00,0.0000
26/09/2021 21:00,0.0000
26/09/2021 22:00,0.0000
26/09/2021 23:00,0.0000
27/09/2021 00:00,1.3595
27/09/2021 01:00,2.1849
27/09/2021 02:00,0.0000
27/09/2021 03:00,0.0000
27/09/2021 04:00,0.0000
27/09/2021 05:00,0.0000
27/09/2021 06:00,3.9522
27/09/2021 07:00,1.1495
27/09/2021 08:00,0.0000
27/09/2021 09:00,0.0000
27/09/2021 10:00,0.0000
27/09/2021 11:00,0.0000
27/09/2021 12:00,0.0000
27/09/2021 13:00,0.0000
27/09/2021 14:00,1.5303
27/09/2021 15:00,0.0000
27/09/2021 16:00,0.0000
27/09/2021 17:00,0.0000
27/09/2021 18:00,0.0000
27/09/2021 19:00,0.0000
27/09/2021 20:00,0.0000
27/09/2021 21:00,0.0000
27/09/2021 22:00,3.8858
27/09/2021 23:00,2.4219
28/09/2021 00:00,1.8900
28/09/2021 01:00,0.0000
28/09/2021 02:00,0.0000
28/09/2021 03:00,0.0000
28/09/2021 04:00,0.6584
28/09/2021 05:00,4.2006
28/09/2021 06:00,1.0040
28/09/2021 07:00,0.0000
28/09/2021 08:00,0.0000
28/09/2021 09:00,0.0000
28/09/2021 10:00,0.0000
28/09/2021 11:00,0.0000
28/09/2021 12:00,0.0000
28/09/2021 13:00,0.0000
28/09/2021 14:00,0.0000
28/09/2021 15:00,0.0000
28/09/2021 16:00,0.0000
28/09/2021 17:00,0.0000
28/09/2021 18:00,0.0000
28/09/2021 19:00,0.0000
28/09/2021 20:00,2.9683
28/09/2021 21:00,0.0000
28/09/2021 22:00,0.0000
28/09/2021 23:00,0.0000
29/09/2021 00:00,0.0000
29/09/2021 01:00,0.0000
29/09/2021 02:00,0.0000
29/09/2021 03:00,0.0000
29/09/2021 04:00,0.0000
29/09/2021 05:00,1.5694
29/09/2021 06:00,3.4424
29/09/2021 07:00,0.0000
29/09/2021 08:00,0.0000
29/09/2021 09:00,0.0000
29/09/2021 10:00,0.0000
29/09/2021 11:00,0.0000
29/09/2021 12:00,0.0000
29/09/2021 13:00,0.0000
29/09/2021 14:00,0.0000
29/09/2021 15:00,0.0000
29/09/2021 16:00,0.0000
29/09/2021 17:00,0.2349
29/09/2021 18:00,0.0000
29/09/2021 19:00,0.0000
29/09/2021 20:00,0.0000
29/09/2021 21:00,0.0000
29/09/2021 22:00,0.0000
29/09/2021 23:00,0.0000
30/09/2021 00:00,0.0000
30/09/2021 01:00,0.0000
30/09/2021 02:00,0.0000
30/09/2021 03:00,0.0000
30/09/2021 04:00,0.0000
30/09/2021 05:00,2.0452
30/09/2021 06:00,1.4386
30/09/2021 07:00,0.0000
30/09/2021 08:00,0.0000
30/09/2021 09:00,0.0000
30/09/2021 10:00,0.0000
30/09/2021 11:00,0.0000
30/09/2021 12:00,0.0000
30/09/2021 13:00,0.0000
30/09/2021 14:00,1.3839
30/09/2021 15:00,0.0000
30/09/2021 16:00,0.0000
30/09/2021 17:00,0.0000
30/09/2021 18:00,0.0000
30/09/2021 19:00,0.0000
30/09/2021 20:00,0.0000
30/09/2021 21:00,0.0000
30/09/2021 22:00,0.0000
30/09/2021 23:00,0.0000
01/10/2021 00:00,0.0000
01/10/2021 01:00,0.0000
01/10/2021 02:00,0.0000
01/10/2021 03:00,0.0000
01/10/2021 04:00,0.0000
01/10/2021 05:00,0.0000
01/10/2021 06:00,0.0000
01/10/2021 07:00,1.9970
01/10/2021 08:00,4.0793
01/10/2021 09:00,0.0000
01/10/2021 10:00,0.0000
01/10/2021 11:00,5.4776
01/10/2021 12:00,0.0000
01/10/2021 13:00,0.0000
01/10/2021 14:00,0.0000
01/10/2021 15:00,0.0000
01/10/2021 16:00,0.0000
01/10/2021 17:00,0.0000
01/10/2021 18:00,0.0000
01/10/2021 19:00,0.0000
01/10/2021 20:00,0.0000
01/10/2021 21:00,0.0000
01/10/2021 22:00,0.0000
01/10/2021 23:00,0.0000
02/10/2021 00:00,0.0000
02/10/2021 01:00,0.0000
02/10/2021 02:00,0.0000
02/10/2021 03:00,0.0000
02/10/2021 04:00,0.0000
02/10/2021 05:00,0.0000
02/10/2021 06:00,0.0000
02/10/2021 07:00,0.0000
02/10/2021 08:00,0.0000
02/10/2021 09:00,0.0000
02/10/2021 10:00,0.0000
02/10/2021 11:00,0.4570
02/10/2021 12:00,0.0000
02/10/2021 13:00,5.7176
02/10/2021 14:00,4.3329
02/10/2021 15:00,0.0000
02/10/2021 16:00,0.0000
02/10/2021 17:00,0.0000
02/10/2021 18:00,0.0000
02/10/2021 19:00,0.0000
02/10/2021 20:00,0.0000
02/10/2021 21:00,0.0000
02/10/2021 22:00,0.0000
02/10/2021 23:00,0.0000
03/10/2021 00:00,0.0000
03/10/2021 01:00,0.0000
03/10/2021 02:00,0.0000
03/10/2021 03:00,0.0000
03/10/2021 04:00,0.0000
03/10/2021 05:00,0.0000
03/10/2021 06:00,0.0000
03/10/2021 07:00,0.0000
03/10/2021 08:00,0.8455
03/10/2021 09:00,0.0000
03/10/2021 10:00,0.0000
03/10/2021 11:00,0.0000
03/10/2021 12:00,5.7786
03/10/2021 13:00,8.5232
03/10/2021 14:00,0.0000
03/10/2021 15:00,0.0000
03/10/2021 16:00,0.0000
03/10/2021 17:00,0.0000
03/10/2021 18:00,0.0000
03/10/2021 19:00,0.0000
03/10/2021 20:00,0.0000
03/10/2021 21:00,0.0000
03/10/2021 22:00,0.0000
03/10/2021 23:00,0.0000
04/10/2021 00:00,0.0000
04/10/2021 01:00,0.0000
04/10/2021 02:00,0.0000
04/10/2021 03:00,0.0000
04/10/2021 04:00,0.0000
04/10/2021 05:00,4.8744
04/10/2021 06:00,0.1110
04/10/2021 07:00,0.0000
04/10/2021 08:00,0.0000
04/10/2021 09:00,0.0000
04/10/2021 10:00,0.0000
04/10/2021 11:00,0.0000
04/10/2021 12:00,0.0000
04/10/2021 13:00,0.0000
04/10/2021 14:00,0.0000
04/10/2021 15:00,0.0000
04/10/2021 16:00,0.0000
04/10/2021 17:00,0.0000
04/10/2021 18:00,0.0000
04/10/2021 19:00,0.0000
04/10/2021 20:00,0.0000
04/10/2021 21:00,0.0000
04/10/2021 22:00,0.0000
04/10/2021 23:00,0.0000
05/10/2021 00:00,0.0000
05/10/2021 01:00,0.0000
05/10/2021 02:00,0.0000
05/10/2021 03:00,0.0000
05/10/2021 04:00,2.1633
05/10/2021 05:00,2.0346
05/10/2021 06:00,0.0000
05/10/2021 07:00,0.0000
05/10/2021 08:00,0.0000
05/10/2021 09:00,0.0000
05/10/2021 10:00,0.0000
05/10/2021 11:00,0.0000
05/10/2021 12:00,0.0000
05/10/2021 13:00,0.0000
05/10/2021 14:00,0.0000
05/10/2021 15:00,0.0000
05/10/2021 16:00,0.0000
05/10/2021 17:00,1.0440
05/10/2021 18:00,0.0000
05/10/2021 19:00,0.0000
05/10/2021 20:00,0.0000
05/10/2021 21:00,0.0000
05/10/2021 22:00,0.0000
05/10/2021 23:00,0.0000
06/10/2021 00:00,0.0000
06/10/2021 01:00,0.0000
06/10/2021 02:00,0.0000
06/10/2021 03:00,0.0000
06/10/2021 04:00,0.0000
06/10/2021 05:00,0.0000
06/10/2021 06:00,0.4738
06/10/2021 07:00,0.0000
06/10/2021 08:00,0.0000
06/10/2021 09:00,0.0000
06/10/2021 10:00,0.0000
06/10/2021 11:00,0.0000
06/10/2021 12:00,0.0000
06/10/2021 13:00,0.0000
06/10/2021 14:00,0.0000
06/10/2021 15:00,4.2278
06/10/2021 16:00,0.0000
06/10/2021 17:00,0.0000
06/10/2021 18:00,0.0000
06/10/2021 19:00,0.0000
06/10/2021 20:00,0.0000
06/10/2021 21:00,0.0000
06/10/2021 22:00,0.0000
06/10/2021 23:00,0.0000
07/10/2021 00:00,0.0000
07/10/2021 01:00,0.0000
07/10/2021 02:00,0.0000
07/10/2021 03:00,0.0000
07/10/2021 04:00,0.0000
07/10/2021 05:00,0.0000
07/10/2021 06:00,0.0000
07/10/2021 07:00,0.0000
07/10/2021 08:00,0.0000
07/10/2021 09:00,0.0000
07/10/2021 10:00,0.0000
07/10/2021 11:00,0.0000
07/10/2021 12:00,0.0000
07/10/2021 13:00,0.0000
07/10/2021 14:00,0.0000
07/10/2021 15:00,0.0000
07/10/2021 16:00,4.5209
07/10/2021 17:00,1.5013
07/10/2021 18:00,0.0000
07/10/2021 19:00,0.0000
07/10/2021 20:00,0.0000
07/10/2021 21:00,0.0000
07/10/2021 22:00,0.0000
07/10/2021 23:00,0.0000
08/10/2021 00:00,0.0000
08/10/2021 01:00,0.0000
08/10/2021 02:00,0.0000
08/10/2021 03:00,0.0000
08/10/2021 04:00,0.0000
08/10/2021 05:00,0.0000
08/10/2021 06:00,0.0000
08/10/2021 07:00,0.0000
08/10/2021 08:00,0.0000
08/10/2021 09:00,0.0000
08/10/2021 10:00,0.0000
08/10/2021 11:00,0.0000
08/10/2021 12:00,0.0000
08/10/2021 13:00,0.6490
08/10/2021 14:00,0.2595
08/10/2021 15:00,4.1453
08/10/2021 16:00,0.0000
08/10/2021 17:00,0.0000
08/10/2021 18:00,0.0000
08/10/2021 19:00,0.0000
08/10/2021 20:00,0.0000
08/10/2021 21:00,0.0000
08/10/2021 22:00,0.0000
08/10/2021 23:00,0.0000
09/10/2021 00:00,0.0000
09/10/2021 01:00,0.0000
09/10/2021 02:00,0.0000
09/10/2021 03:00,0.0000
09/10/2021 04:00,0.0000
09/10/2021 05:00,0.0000
09/10/2021 06:00,0.0000
09/10/2021 07:00,0.0000
09/10/2021 08:00,0.0000
09/10/2021 09:00,0.0000
09/10/2021 10:00,0.0000
09/10/2021 11:00,2.2248
09/10/2021 12:00,0.6226
09/10/2021 13:00,0.0000
09/10/2021 14:00,0.0000
09/10/2021 15:00,4.0988
09/10/2021 16:00,5.4260
09/10/2021 17:00,0.0000
09/10/2021 18:00,0.0000
09/10/2021 19:00,0.0000
09/10/2021 20:00,0.0000
09/10/2021 21:00,0.0000
09/10/2021 22:00,0.0000
09/10/2021 23:00,2.3434
10/10/2021 00:00,0.0000
10/10/2021 01:00,0.0000
10/10/2021 02:00,0.0000
10/10/2021 03:00,0.0000
10/10/2021 04:00,0.0000
10/10/2021 05:00,0.0000
10/10/2021 06:00,0.0000
10/10/2021 07:00,0.0000
10/10/2021 08:00,0.0000
10/10/2021 09:00,0.0000
10/10/2021 10:00,0.0000
10/10/2021 11:00,0.0000
10/10/2021 12:00,0.0000
10/10/2021 13:00,0.0000
10/10/2021 14:00,0.0000
10/10/2021 15:00,0.0000
10/10/2021 16:00,0.0000
10/10/2021 17:00,0.0000
10/10/2021 18:00,0.0000
10/10/2021 19:00,0.0000
10/10/2021 20:00,0.0000
10/10/2021 21:00,0.0000
10/10/2021 22:00,0.0000
10/10/2021 23:00,0.0000
11/10/2021 00:00,0.0000
11/10/2021 01:00,0.0000
11/10/2021 02:00,0.0000
11/10/2021 03:00,0.0000
11/10/2021 04:00,0.0000
11/10/2021 05:00,1.3190
11/10/2021 06:00,2.9013
11/10/2021 07:00,0.8067
11/10/2021 08:00,0.0000
11/10/2021 09:00,0.0000
11/10/2021 10:00,0.0000
11/10/2021 11:00,0.0000
11/10/2021 12:00,0.0000
11/10/2021 13:00,0.0000
11/10/2021 14:00,0.0000
11/10/2021 15:00,0.0000
11/10/2021 16:00,0.0000
11/10/2021 17:00,0.0000
11/10/2021 18:00,0.0000
11/10/2021 19:00,0.0000
11/10/2021 20:00,0.0000
11/10/2021 21:00,0.0000
11/10/2021 22:00,0.0000
11/10/2021 23:00,0.0000
12/10/2021 00:00,0.0000
12/10/2021 01:00,0.0000
12/10/2021 02:00,0.0000
12/10/2021 03:00,0.0000
12/10/2021 04:00,0.0000
12/10/2021 05:00,0.0000
12/10/2021 06:00,2.9531
12/10/2021 07:00,1.1611
12/10/2021 08:00,0.0000
12/10/2021 09:00,0.0000
12/10/2021 10:00,0.0000
12/10/2021 11:00,0.0000
12/10/2021 12:00,0.0000
12/10/2021 13:00,0.0000
12/10/2021 14:00,0.0000
12/10/2021 15:00,0.0000
12/10/2021 16:00,0.0000
12/10/2021 17:00,0.2238
12/10/2021 18:00,0.0000
12/10/2021 19:00,0.0000
12/10/2021 20:00,0.0000
12/10/2021 21:00,0.0000
12/10/2021 22:00,0.0000
12/10/2021 23:00,0.0000
13/10/2021 00:00,0.0000
13/10/2021 01:00,0.0000
13/10/2021 02:00,0.0000
13/10/2021 03:00,0.0000
13/10/2021 04:00,0.0000
13/10/2021 05:00,2.7801
13/10/2021 06:00,0.9684
13/10/2021 07:00,0.0000
13/10/2021 08:00,0.0000
13/10/2021 09:00,0.0000
13/10/2021 10:00,0.0000
13/10/2021 11:00,0.0000
13/10/2021 12:00,0.0000
13/10/2021 13:00,0.0000
13/10/2021 14:00,0.0000
13/10/2021 15:00,0.1223
13/10/2021 16:00,0.0000
13/10/2021 17:00,0.0000
13/10/2021 18:00,0.0000
13/10/2021 19:00,0.0000
13/10/2021 20:00,0.0000
13/10/2021 21:00,0.0000
13/10/2021 22:00,0.0000
13/10/2021 23:00,0.0000
14/10/2021 00:00,0.0000
14/10/2021 01:00,0.0000
14/10/2021 02:00,0.0000
14/10/2021 03:00,0.0000
14/10/2021 04:00,0.0000
14/10/2021 05:00,0.0000
14/10/2021 06:00,0.0000
14/10/2021 07:00,0.0000
14/10/2021 08:00,0.0000
14/10/2021 09:00,0.0000
14/10/2021 10:00,0.0000
14/10/2021 11:00,0.0000
14/10/2021 12:00,0.0000
14/10/2021 13:00,0.0000
14/10/2021 14:00,0.0000
14/10/2021 15:00,2.8770
14/10/2021 16:00,2.3566
14/10/2021 17:00,0.0000
14/10/2021 18:00,0.0000
14/10/2021 19:00,0.0000
14/10/2021 20:00,0.0000
14/10/2021 21:00,0.0000
14/10/2021 22:00,0.0000
14/10/2021 23:00,0.0000
15/10/2021 00:00,0.0000
15/10/2021 01:00,0.0000
15/10/2021 02:00,0.0000
15/10/2021 03:00,0.0000
15/10/2021 04:00,0.0000
15/10/2021 05:00,0.0000
15/10/2021 06:00,3.7511
15/10/2021 07:00,0.0000
15/10/2021 08:00,0.0000
15/10/2021 09:00,0.0000
15/10/2021 10:00,0.0000
15/10/2021 11:00,0.0000
15/10/2021 12:00,0.0000
15/10/2021 13:00,0.0000
15/10/2021 14:00,0.0000
15/10/2021 15:00,0.0000
15/10/2021 16:00,0.6408
15/10/2021 17:00,0.0000
15/10/2021 18:00,0.0000
15/10/2021 19:00,0.0000
15/10/2021 20:00,0.0000
15/10/2021 21:00,0.0000
15/10/2021 22:00,0.0000
15/10/2021 23:00,0.0000
16/10/2021 00:00,0.0000
16/10/2021 01:00,0.0000
16/10/2021 02:00,0.0000
16/10/2021 03:00,0.0000
16/10/2021 04:00,0.0000
16/10/2021 05:00,0.0000
16/10/2021 06:00,0.0000
16/10/2021 07:00,0.0000
16/10/2021 08:00,0.0000
16/10/2021 09:00,0.0000
16/10/2021 10:00,0.0000
16/10/2021 11:00,0.0000
16/10/2021 12:00,0.0000
16/10/2021 13:00,0.0000
16/10/2021 14:00,2.8924
16/10/2021 15:00,5.6996
16/10/2021 16:00,0.0000
16/10/2021 17:00,0.0000
16/10/2021 18:00,0.0000
16/10/2021 19:00,1.2395
16/10/2021 20:00,1.0259
16/10/2021 21:00,0.0000
16/10/2021 22:00,0.0000
16/10/2021 23:00,0.0000
17/10/2021 00:00,0.0000
17/10/2021 01:00,0.0000
17/10/2021 02:00,0.0000
17/10/2021 03:00,0.0000
17/10/2021 04:00,0.0000
17/10/2021 05:00,0.0000
17/10/2021 06:00,0.0000
17/10/2021 07:00,0.0000
17/10/2021 08:00,0.0000
17/10/2021 09:00,0.0000
17/10/2021 10:00,0.0000
17/10/2021 11:00,0.0000
17/10/2021 12:00,0.0000
17/10/2021 13:00,0.0000
17/10/2021 14:00,0.0000
17/10/2021 15:00,0.0000
17/10/2021 16:00,0.0000
17/10/2021 17:00,0.0000
17/10/2021 18:00,0.0000
17/10/2021 19:00,0.0000
17/10/2021 20:00,0.0000
17/10/2021 21:00,0.0000
17/10/2021 22:00,0.0000
17/10/2021 23:00,0.0000
18/10/2021 00:00,0.0000
18/10/2021 01:00,0.0000
18/10/2021 02:00,0.0000
18/10/2021 03:00,0.0000
18/10/2021 04:00,0.0000
18/10/2021 05:00,0.0000
18/10/2021 06:00,0.0000
18/10/2021 07:00,0.0000
18/10/2021 08:00,0.0000
18/10/2021 09:00,0.0000
18/10/2021 10:00,0.0000
18/10/2021 11:00,0.0000
18/10/2021 12:00,0.0000
18/10/2021 13:00,0.0000
18/10/2021 14:00,0.0000
18/10/2021 15:00,1.5192
18/10/2021 16:00,4.8698
18/10/2021 17:00,0.0000
18/10/2021 18:00,0.0000
18/10/2021 19:00,0.0000
18/10/2021 20:00,0.0000
18/10/2021 21:00,0.0000
18/10/2021 22:00,0.0000
18/10/2021 23:00,0.0000
19/10/2021 00:00,0.0000
19/10/2021 01:00,0.0000
19/10/2021 02:00,0.0000
19/10/2021 03:00,0.0000
19/10/2021 04:00,0.0000
19/10/2021 05:00,0.0000
19/10/2021 06:00,0.0000
19/10/2021 07:00,3.9497
19/10/2021 08:00,0.0000
19/10/2021 09:00,0.0000
19/10/2021 10:00,0.0000
19/10/2021 11:00,0.0000
19/10/2021 12:00,0.0000
19/10/2021 13:00,0.0000
19/10/2021 14:00,0.0000
19/10/2021 15:00,1.5115
19/10/2021 16:00,0.0000
19/10/2021 17:00,0.0000
19/10/2021 18:00,0.0000
19/10/2021 19:00,0.0000
19/10/2021 20:00,0.0000
19/10/2021 21:00,0.0000
19/10/2021 22:00,0.0000
19/10/2021 23:00,0.0000
20/10/2021 00:00,0.0000
20/10/2021 01:00,0.0000
20/10/2021 02:00,0.0000
20/10/2021 03:00,0.0000
20/10/2021 04:00,0.0000
20/10/2021 05:00,0.0000
20/10/2021 06:00,0.0000
20/10/2021 07:00,0.0000
20/10/2021 08:00,0.0000
20/10/2021 09:00,0.0000
20/10/2021 10:00,0.0000
20/10/2021 11:00,0.2726
20/10/2021 12:00,4.2467
20/10/2021 13:00,1.4406
20/10/2021 14:00,0.5067
20/10/2021 15:00,4.1441
20/10/2021 16:00,0.0000
20/10/2021 17:00,0.0000
20/10/2021 18:00,0.0000
20/10/2021 19:00,0.0000
20/10/2021 20:00,0.0000
20/10/2021 21:00,1.5690
20/10/2021 22:00,1.1147
20/10/2021 23:00,0.0000
21/10/2021 00:00,0.0000
21/10/2021 01:00,0.0000
21/10/2021 02:00,0.0000
21/10/2021 03:00,0.0000
21/10/2021 04:00,0.0000
21/10/2021 05:00,0.0000
21/10/2021 06:00,0.0000
21/10/2021 07:00,0.1245
21/10/2021 08:00,0.0000
21/10/2021 09:00,0.0000
21/10/2021 10:00,0.0000
21/10/2021 11:00,0.0000
21/10/2021 12:00,0.0000
21/10/2021 13:00,3.6225
21/10/2021 14:00,1.6896
21/10/2021 15:00,0.0000
21/10/2021 16:00,0.0000
21/10/2021 17:00,0.0000
21/10/2021 18:00,0.0000
21/10/2021 19:00,0.0000
21/10/2021 20:00,0.0000
21/10/2021 21:00,0.0000
21/10/2021 22:00,0.0000
21/10/2021 23:00,0.0000
22/10/2021 00:00,0.0000
22/10/2021 01:00,0.0000
22/10/2021 02:00,0.0000
22/10/2021 03:00,0.0000
22/10/2021 04:00,0.0000
22/10/2021 05:00,1.2010
22/10/2021 06:00,4.5855
22/10/2021 07:00,0.0000
22/10/2021 08:00,0.4934
22/10/2021 09:00,0.0000
22/10/2021 10:00,0.0000
22/10/2021 11:00,0.0000
22/10/2021 12:00,0.0000
22/10/2021 13:00,0.0000
22/10/2021 14:00,0.0000
22/10/2021 15:00,0.0000
22/10/2021 16:00,0.0000
22/10/2021 17:00,0.0000
22/10/2021 18:00,0.0000
22/10/2021 19:00,0.0000
22/10/2021 20:00,0.0000
22/10/2021 21:00,0.0000
22/10/2021 22:00,0.0000
22/10/2021 23:00,0.0000
23/10/2021 00:00,0.0000
23/10/2021 01:00,0.0000
23/10/2021 02:00,0.0000
23/10/2021 03:00,0.0000
23/10/2021 04:00,0.0000
23/10/2021 05:00,0.0000
23/10/2021 06:00,0.0000
23/10/2021 07:00,0.0000
23/10/2021 08:00,0.0000
23/10/2021 09:00,0.0000
23/10/2021 10:00,0.0000
23/10/2021 11:00,0.0000
23/10/2021 12:00,3.4503
23/10/2021 13:00,1.7982
23/10/2021 14:00,0.0000
23/10/2021 15:00,0.0000
23/10/2021 16:00,0.0000
23/10/2021 17:00,7.0651
23/10/2021 18:00,1.4172
23/10/2021 19:00,0.0000
23/10/2021 20:00,0.0000
23/10/2021 21:00,0.0000
23/10/2021 22:00,0.0000
23/10/2021 23:00,0.0000
24/10/2021 00:00,0.0000
24/10/2021 01:00,0.0000
24/10/2021 02:00,0.0000
24/10/2021 03:00,0.0000
24/10/2021 04:00,0.0000
24/10/2021 05:00,0.0000
24/10/2021 06:00,0.0000
24/10/2021 07:00,0.0000
24/10/2021 08:00,0.0000
24/10/2021 09:00,0.0000
24/10/2021 10:00,0.0000
24/10/2021 11:00,0.0000
24/10/2021 12:00,0.0000
24/10/2021 13:00,0.0000
24/10/2021 14:00,0.0000
24/10/2021 15:00,0.0000
24/10/2021 16:00,3.4400
24/10/2021 17:00,4.1756
24/10/2021 18:00,0.0000
24/10/2021 19:00,0.0000
24/10/2021 20:00,4.2575
24/10/2021 21:00,0.0000
24/10/2021 22:00,0.0000
24/10/2021 23:00,0.0000
25/10/2021 00:00,0.0000
25/10/2021 01:00,0.0000
25/10/2021 02:00,0.0000
25/10/2021 03:00,0.0000
25/10/2021 04:00,0.0000
25/10/2021 05:00,4.7176
25/10/2021 06:00,0.0000
25/10/2021 07:00,0.0000
25/10/2021 08:00,0.0000
25/10/2021 09:00,0.0000
25/10/2021 10:00,0.0000
25/10/2021 11:00,0.0000
25/10/2021 12:00,0.0000
25/10/2021 13:00,0.0000
25/10/2021 14:00,0.0000
25/10/2021 15:00,0.1372
25/10/2021 16:00,0.0000
25/10/2021 17:00,0.0000
25/10/2021 18:00,0.0000
25/10/2021 19:00,0.0000
25/10/2021 20:00,0.0000
25/10/2021 21:00,0.0000
25/10/2021 22:00,0.0000
25/10/2021 23:00,0.0000
26/10/2021 00:00,0.0000
26/10/2021 01:00,0.0000
26/10/2021 02:00,0.0000
26/10/2021 03:00,0.0000
26/10/2021 04:00,0.0000
26/10/2021 05:00,0.7210
26/10/2021 06:00,0.0000
26/10/2021 07:00,0.0000
26/10/2021 08:00,0.0000
26/10/2021 09:00,0.0000
26/10/2021 10:00,0.0000
26/10/2021 11:00,0.0000
26/10/2021 12:00,0.0000
26/10/2021 13:00,0.0000
26/10/2021 14:00,4.6293
26/10/2021 15:00,0.0000
26/10/2021 16:00,0.0000
26/10/2021 17:00,0.0000
26/10/2021 18:00,0.0000
26/10/2021 19:00,0.0000
26/10/2021 20:00,0.0000
26/10/2021 21:00,0.0000
26/10/2021 22:00,0.0000
26/10/2021 23:00,0.0000
27/10/2021 00:00,0.0000
27/10/2021 01:00,0.0000
27/10/2021 02:00,0.0000
27/10/2021 03:00,0.0000
27/10/2021 04:00,0.0000
27/10/2021 05:00,0.0000
27/10/2021 06:00,0.0000
27/10/2021 07:00,0.0000
27/10/2021 08:00,0.0000
27/10/2021 09:00,0.0000
27/10/2021 10:00,0.0000
27/10/2021 11:00,0.0000
27/10/2021 12:00,0.0000
27/10/2021 13:00,0.6007
27/10/2021 14:00,3.9664
27/10/2021 15:00,1.1490
27/10/2021 16:00,0.0000
27/10/2021 17:00,0.0000
27/10/2021 18:00,0.0000
27/10/2021 19:00,0.0000
27/10/2021 20:00,0.0000
27/10/2021 21:00,0.0000
27/10/2021 22:00,0.0000
27/10/2021 23:00,2.3291
28/10/2021 00:00,0.0000
28/10/2021 01:00,0.0000
28/10/2021 02:00,0.0000
28/10/2021 03:00,0.0000
28/10/2021 04:00,0.0000
28/10/2021 05:00,0.0000
28/10/2021 06:00,0.0000
28/10/2021 07:00,0.0000
28/10/2021 08:00,0.0000
28/10/2021 09:00,0.0000
28/10/2021 10:00,0.0000
28/10/2021 11:00,0.0000
28/10/2021 12:00,0.0000
28/10/2021 13:00,0.0000
28/10/2021 14:00,0.0000
28/10/2021 15:00,0.0000
28/10/2021 16:00,0.0000
28/10/2021 17:00,0.0000
28/10/2021 18:00,0.0000
28/10/2021 19:00,0.0000
28/10/2021 20:00,0.0000
28/10/2021 21:00,0.0000
28/10/2021 22:00,0.0000
28/10/2021 23:00,0.0000
29/10/2021 00:00,0.0000
29/10/2021 01:00,0.0000
29/10/2021 02:00,0.0000
29/10/2021 03:00,0.0000
29/10/2021 04:00,0.0000
29/10/2021 05:00,0.0000
29/10/2021 06:00,0.3233
29/10/2021 07:00,0.0000
29/10/2021 08:00,0.0000
29/10/2021 09:00,0.0000
29/10/2021 10:00,0.0000
29/10/2021 11:00,0.0000
29/10/2021 12:00,0.0000
29/10/2021 13:00,0.0000
29/10/2021 14:00,5.2745
29/10/2021 15:00,0.0000
29/10/2021 16:00,0.0000
29/10/2021 17:00,0.0000
29/10/2021 18:00,0.0000
29/10/2021 19:00,0.0000
29/10/2021 20:00,0.0000
29/10/2021 21:00,0.0000
29/10/2021 22:00,0.0000
29/10/2021 23:00,0.0000
30/10/2021 00:00,0.0000
30/10/2021 01:00,0.0000
30/10/2021 02:00,0.0000
30/10/2021 03:00,0.0000
30/10/2021 04:00,0.0000
30/10/2021 05:00,0.0000
30/10/2021 06:00,0.0000
30/10/2021 07:00,0.0000
30/10/2021 08:00,0.0000
30/10/2021 09:00,0.0000
30/10/2021 10:00,0.0000
30/10/2021 11:00,0.0000
30/10/2021 12:00,0.0000
30/10/2021 13:00,0.0000
30/10/2021 14:00,0.0000
30/10/2021 15:00,0.0000
30/10/2021 16:00,0.0000
30/10/2021 17:00,0.0000
30/10/2021 18:00,0.0000
30/10/2021 19:00,0.0000
30/10/2021 20:00,0.0000
30/10/2021 21:00,0.0000
30/10/2021 22:00,0.0000
30/10/2021 23:00,0.0000
31/10/2021 00:00,0.0000
31/10/2021 01:00,0.0000
31/10/2021 02:00,0.0000
31/10/2021 03:00,0.0000
31/10/2021 04:00,0.0000
31/10/2021 05:00,0.0000
31/10/2021 06:00,0.0000
31/10/2021 07:00,0.0000
31/10/2021 08:00,0.0000
31/10/2021 09:00,0.0000
31/10/2021 10:00,0.0000
31/10/2021 11:00,5.6078
31/10/2021 12:00,0.0000
31/10/2021 13:00,0.0000
31/10/2021 14:00,3.6634
31/10/2021 15:00,0.0000
31/10/2021 16:00,0.0000
31/10/2021 17:00,0.0000
31/10/2021 18:00,0.0000
31/10/2021 19:00,0.0000
31/10/2021 20:00,0.0000
31/10/2021 21:00,0.0000
31/10/2021 22:00,2.4810
31/10/2021 23:00,0.0000
01/11/2021 00:00,4.2868
01/11/2021 01:00,0.3896
01/11/2021 02:00,0.0000
01/11/2021 03:00,0.0000
01/11/2021 04:00,0.0000
01/11/2021 05:00,0.0000
01/11/2021 06:00,0.0000
01/11/2021 07:00,2.2757
01/11/2021 08:00,0.0000
01/11/2021 09:00,0.0000
01/11/2021 10:00,0.0000
01/11/2021 11:00,0.0000
01/11/2021 12:00,0.0000
01/11/2021 13:00,2.7899
01/11/2021 14:00,0.0000
01/11/2021 15:00,0.0000
01/11/2021 16:00,0.0000
01/11/2021 17:00,1.2421
01/11/2021 18:00,2.3518
01/11/2021 19:00,0.0000
01/11/2021 20:00,0.0000
01/11/2021 21:00,0.0000
01/11/2021 22:00,0.0000
01/11/2021 23:00,0.0000
02/11/2021 00:00,0.0000
02/11/2021 01:00,0.0000
02/11/2021 02:00,0.0000
02/11/2021 03:00,0.0000
02/11/2021 04:00,0.0000
02/11/2021 05:00,0.0000
02/11/2021 06:00,0.0000
02/11/2021 07:00,2.3107
02/11/2021 08:00,2.9540
02/11/2021 09:00,0.0000
02/11/2021 10:00,0.0000
02/11/2021 11:00,0.0000
02/11/2021 12:00,0.0000
02/11/2021 13:00,2.1951
02/11/2021 14:00,0.0000
02/11/2021 15:00,0.0000
02/11/2021 16:00,0.0000
02/11/2021 17:00,0.0000
02/11/2021 18:00,0.0000
02/11/2021 19:00,0.0000
02/11/2021 20:00,0.0000
02/11/2021 21:00,0.0000
02/11/2021 22:00,1.7617
02/11/2021 23:00,4.5996
03/11/2021 00:00,0.0000
03/11/2021 01:00,0.0000
03/11/2021 02:00,0.0000
03/11/2021 03:00,0.0000
03/11/2021 04:00,0.0000
03/11/2021 05:00,0.0000
03/11/2021 06:00,4.1760
03/11/2021 07:00,0.0000
03/11/2021 08:00,0.0000
03/11/2021 09:00,0.0000
03/11/2021 10:00,0.0000
03/11/2021 11:00,0.0000
03/11/2021 12:00,0.0000
03/11/2021 13:00,0.0000
03/11/2021 14:00,0.0000
03/11/2021 15:00,0.0000
03/11/2021 16:00,0.0000
03/11/2021 17:00,0.6836
03/11/2021 18:00,0.0000
03/11/2021 19:00,0.0000
03/11/2021 20:00,0.0000
03/11/2021 21:00,0.0000
03/11/2021 22:00,0.0000
03/11/2021 23:00,0.0000
04/11/2021 00:00,0.0000
04/11/2021 01:00,0.0000
04/11/2021 02:00,0.0000
04/11/2021 03:00,0.0000
04/11/2021 04:00,0.0000
04/11/2021 05:00,0.0000
04/11/2021 06:00,0.0000
04/11/2021 07:00,0.0000
04/11/2021 08:00,0.0000
04/11/2021 09:00,0.0000
04/11/2021 10:00,0.0000
04/11/2021 11:00,0.0000
04/11/2021 12:00,0.0000
04/11/2021 13:00,0.0000
04/11/2021 14:00,0.0000
04/11/2021 15:00,0.9508
04/11/2021 16:00,0.0000
04/11/2021 17:00,0.9584
04/11/2021 18:00,3.9981
04/11/2021 19:00,0.0000
04/11/2021 20:00,0.0000
04/11/2021 21:00,0.0000
04/11/2021 22:00,0.0000
04/11/2021 23:00,0.0000
05/11/2021 00:00,0.0000
05/11/2021 01:00,0.0000
05/11/2021 02:00,0.0000
05/11/2021 03:00,0.0000
05/11/2021 04:00,0.0000
05/11/2021 05:00,0.0000
05/11/2021 06:00,0.0000
05/11/2021 07:00,0.0000
05/11/2021 08:00,0.0000
05/11/2021 09:00,0.1074
05/11/2021 10:00,0.5453
05/11/2021 11:00,0.0000
05/11/2021 12:00,0.0000
05/11/2021 13:00,0.0000
05/11/2021 14:00,0.0000
05/11/2021 15:00,0.0000
05/11/2021 16:00,0.0000
05/11/2021 17:00,0.0000
05/11/2021 18:00,4.4460
05/11/2021 19:00,0.0000
05/11/2021 20:00,0.0000
05/11/2021 21:00,0.0000
05/11/2021 22:00,0.0000
05/11/2021 23:00,0.0000
06/11/2021 00:00,0.0000
06/11/2021 01:00,0.0000
06/11/2021 02:00,0.0000
06/11/2021 03:00,0.0000
06/11/2021 04:00,0.0000
06/11/2021 05:00,0.0000
06/11/2021 06:00,0.0000
06/11/2021 07:00,0.0000
06/11/2021 08:00,0.0000
06/11/2021 09:00,0.0000
06/11/2021 10:00,0.0000
06/11/2021 11:00,0.0000
06/11/2021 12:00,0.0000
06/11/2021 13:00,0.0000
06/11/2021 14:00,0.0000
06/11/2021 15:00,0.0000
06/11/2021 16:00,0.0000
06/11/2021 17:00,0.0000
06/11/2021 18:00,0.0000
06/11/2021 19:00,0.0000
06/11/2021 20:00,0.0000
06/11/2021 21:00,0.0000
06/11/2021 22:00,0.0000
06/11/2021 23:00,0.0000
07/11/2021 00:00,0.0000
07/11/2021 01:00,0.0000
07/11/2021 02:00,0.0000
07/11/2021 03:00,0.0000
07/11/2021 04:00,0.0000
07/11/2021 05:00,0.0000
07/11/2021 06:00,0.0000
07/11/2021 07:00,0.0000
07/11/2021 08:00,0.0000
07/11/2021 09:00,0.0000
07/11/2021 10:00,0.0000
07/11/2021 11:00,0.0000
07/11/2021 12:00,0.0000
07/11/2021 13:00,0.0000
07/11/2021 14:00,1.2873
07/11/2021 15:00,1.4186
07/11/2021 16:00,0.0000
07/11/2021 17:00,0.0000
07/11/2021 18:00,4.2526
07/11/2021 19:00,5.0502
07/11/2021 20:00,0.0000
07/11/2021 21:00,0.0000
07/11/2021 22:00,2.3013
07/11/2021 23:00,0.0000
08/11/2021 00:00,0.0000
08/11/2021 01:00,0.0000
08/11/2021 02:00,0.0000
08/11/2021 03:00,0.0000
08/11/2021 04:00,0.0000
08/11/2021 05:00,0.0000
08/11/2021 06:00,0.0000
08/11/2021 07:00,0.3046
08/11/2021 08:00,0.0000
08/11/2021 09:00,0.0000
08/11/2021 10:00,0.0000
08/11/2021 11:00,0.7693
08/11/2021 12:00,5.9622
08/11/2021 13:00,2.3427
08/11/2021 14:00,0.0000
08/11/2021 15:00,0.0000
08/11/2021 16:00,2.8822
08/11/2021 17:00,2.2044
08/11/2021 18:00,0.0000
08/11/2021 19:00,0.0000
08/11/2021 20:00,0.0000
08/11/2021 21:00,0.0000
08/11/2021 22:00,0.0000
08/11/2021 23:00,0.0000
09/11/2021 00:00,0.0000
09/11/2021 01:00,0.0000
09/11/2021 02:00,0.0000
09/11/2021 03:00,0.1064
09/11/2021 04:00,2.9796
09/11/2021 05:00,0.0000
09/11/2021 06:00,0.2147
09/11/2021 07:00,0.0000
09/11/2021 08:00,0.0000
09/11/2021 09:00,0.0000
09/11/2021 10:00,0.0000
09/11/2021 11:00,0.5677
09/11/2021 12:00,0.0000
09/11/2021 13:00,3.2872
09/11/2021 14:00,0.0000
09/11/2021 15:00,2.7222
09/11/2021 16:00,2.0945
09/11/2021 17:00,0.0000
09/11/2021 18:00,0.0000
09/11/2021 19:00,0.0000
09/11/2021 20:00,0.0000
09/11/2021 21:00,0.0000
09/11/2021 22:00,1.0063
09/11/2021 23:00,1.6353
10/11/2021 00:00,0.0000
10/11/2021 01:00,0.0000
10/11/2021 02:00,0.0000
10/11/2021 03:00,0.0000
10/11/2021 04:00,0.0000
10/11/2021 05:00,0.0000
10/11/2021 06:00,0.0000
10/11/2021 07:00,0.0000
10/11/2021 08:00,0.2062
10/11/2021 09:00,0.0000
10/11/2021 10:00,0.0000
10/11/2021 11:00,0.0000
10/11/2021 12:00,0.0000
10/11/2021 13:00,0.0000
10/11/2021 14:00,0.0000
10/11/2021 15:00,4.4457
10/11/2021 16:00,0.0000
10/11/2021 17:00,0.0000
10/11/2021 18:00,0.0000
10/11/2021 19:00,0.0000
10/11/2021 20:00,0.0000
10/11/2021 21:00,0.0000
10/11/2021 22:00,0.0000
10/11/2021 23:00,0.0000
11/11/2021 00:00,0.0000
11/11/2021 01:00,0.0000
11/11/2021 02:00,0.0000
11/11/2021 03:00,0.0000
11/11/2021 04:00,0.0000
11/11/2021 05:00,0.1080
11/11/2021 06:00,3.7857
11/11/2021 07:00,1.1699
11/11/2021 08:00,0.0000
11/11/2021 09:00,0.0000
11/11/2021 10:00,0.0000
11/11/2021 11:00,0.0000
11/11/2021 12:00,0.0000
11/11/2021 13:00,0.0000
11/11/2021 14:00,0.0000
11/11/2021 15:00,0.0000
11/11/2021 16:00,0.0000
11/11/2021 17:00,0.0000
11/11/2021 18:00,0.0000
11/11/2021 19:00,0.0000
11/11/2021 20:00,0.0000
11/11/2021 21:00,0.0000
11/11/2021 22:00,0.0000
11/11/2021 23:00,0.0000
12/11/2021 00:00,0.0000
12/11/2021 01:00,0.0000
12/11/2021 02:00,0.0000
12/11/2021 03:00,0.0000
12/11/2021 04:00,0.0000
12/11/2021 05:00,0.0000
12/11/2021 06:00,0.0000
12/11/2021 07:00,0.0000
12/11/2021 08:00,0.0000
12/11/2021 09:00,0.0000
12/11/2021 10:00,0.0000
12/11/2021 11:00,0.0000
12/11/2021 12:00,0.0000
12/11/2021 13:00,0.0000
12/11/2021 14:00,0.0000
12/11/2021 15:00,2.2246
12/11/2021 16:00,1.0609
12/11/2021 17:00,2.5076
12/11/2021 18:00,0.0000
12/11/2021 19:00,0.0000
12/11/2021 20:00,0.0000
12/11/2021 21:00,0.0000
12/11/2021 22:00,0.0000
12/11/2021 23:00,0.0000
13/11/2021 00:00,0.0000
13/11/2021 01:00,0.0000
13/11/2021 02:00,0.0000
13/11/2021 03:00,0.0000
13/11/2021 04:00,0.0000
13/11/2021 05:00,0.0000
13/11/2021 06:00,0.0000
13/11/2021 07:00,0.0000
13/11/2021 08:00,0.0000
13/11/2021 09:00,0.0000
13/11/2021 10:00,0.0000
13/11/2021 11:00,0.0000
13/11/2021 12:00,0.0000
13/11/2021 13:00,0.0000
13/11/2021 14:00,0.0000
13/11/2021 15:00,0.0000
13/11/2021 16:00,0.0000
13/11/2021 17:00,0.0000
13/11/2021 18:00,0.0000
13/11/2021 19:00,0.0000
13/11/2021 20:00,0.0000
13/11/2021 21:00,0.0000
13/11/2021 22:00,0.0000
13/11/2021 23:00,0.0000
14/11/2021 00:00,0.0000
14/11/2021 01:00,0.0000
14/11/2021 02:00,0.0000
14/11/2021 03:00,0.0000
14/11/2021 04:00,0.0000
14/11/2021 05:00,0.0000
14/11/2021 06:00,0.0000
14/11/2021 07:00,0.0000
14/11/2021 08:00,0.0000
14/11/2021 09:00,0.9807
14/11/2021 10:00,0.0000
14/11/2021 11:00,0.0000
14/11/2021 12:00,0.0000
14/11/2021 13:00,0.0000
14/11/2021 14:00,0.0000
14/11/2021 15:00,0.0000
14/11/2021 16:00,0.0000
14/11/2021 17:00,0.0000
14/11/2021 18:00,2.0366
14/11/2021 19:00,6.4692
14/11/2021 20:00,0.0000
14/11/2021 21:00,0.0000
14/11/2021 22:00,0.0000
14/11/2021 23:00,0.0000
15/11/2021 00:00,0.0000
15/11/2021 01:00,0.0000
15/11/2021 02:00,0.0000
15/11/2021 03:00,0.0000
15/11/2021 04:00,0.0000
15/11/2021 05:00,5.4058
15/11/2021 06:00,0.0000
15/11/2021 07:00,0.0000
15/11/2021 08:00,0.0000
15/11/2021 09:00,0.0000
15/11/2021 10:00,0.0000
15/11/2021 11:00,0.0000
15/11/2021 12:00,0.0000
15/11/2021 13:00,0.0000
15/11/2021 14:00,0.0000
15/11/2021 15:00,0.2564
15/11/2021 16:00,0.0000
15/11/2021 17:00,0.0000
15/11/2021 18:00,0.0000
15/11/2021 19:00,0.0000
15/11/2021 20:00,0.0000
15/11/2021 21:00,0.0000
15/11/2021 22:00,0.0000
15/11/2021 23:00,0.0000
16/11/2021 00:00,0.0000
16/11/2021 01:00,0.0000
16/11/2021 02:00,0.0000
16/11/2021 03:00,0.0000
16/11/2021 04:00,0.0000
16/11/2021 05:00,0.0000
16/11/2021 06:00,2.2242
16/11/2021 07:00,1.9771
16/11/2021 08:00,0.0000
16/11/2021 09:00,0.0000
16/11/2021 10:00,0.0000
16/11/2021 11:00,0.0000
16/11/2021 12:00,0.0000
16/11/2021 13:00,0.0000
16/11/2021 14:00,0.1370
16/11/2021 15:00,0.0000
16/11/2021 16:00,0.0000
16/11/2021 17:00,0.0000
16/11/2021 18:00,0.0000
16/11/2021 19:00,0.0000
16/11/2021 20:00,0.0000
16/11/2021 21:00,0.0000
16/11/2021 22:00,0.0000
16/11/2021 23:00,0.0000
17/11/2021 00:00,0.0000
17/11/2021 01:00,0.0000
17/11/2021 02:00,0.0000
17/11/2021 03:00,0.0000
17/11/2021 04:00,0.0000
17/11/2021 05:00,0.0000
17/11/2021 06:00,0.0000
17/11/2021 07:00,0.0000
17/11/2021 08:00,0.5165
17/11/2021 09:00,0.0000
17/11/2021 10:00,0.0000
17/11/2021 11:00,0.0000
17/11/2021 12:00,0.0000
17/11/2021 13:00,0.0000
17/11/2021 14:00,0.0000
17/11/2021 15:00,0.0000
17/11/2021 16:00,0.0000
17/11/2021 17:00,4.1902
17/11/2021 18:00,0.0000
17/11/2021 19:00,0.0000
17/11/2021 20:00,0.0000
17/11/2021 21:00,0.0000
17/11/2021 22:00,0.0000
17/11/2021 23:00,0.0000
18/11/2021 00:00,0.0000
18/11/2021 01:00,0.0000
18/11/2021 02:00,0.0000
18/11/2021 03:00,0.0000
18/11/2021 04:00,0.0000
18/11/2021 05:00,0.0000
18/11/2021 06:00,0.0000
18/11/2021 07:00,0.0000
18/11/2021 08:00,0.0000
18/11/2021 09:00,0.2611
18/11/2021 10:00,0.0000
18/11/2021 11:00,0.0000
18/11/2021 12:00,0.0000
18/11/2021 13:00,0.0000
18/11/2021 14:00,0.0000
18/11/2021 15:00,2.5226
18/11/2021 16:00,1.8536
18/11/2021 17:00,0.0000
18/11/2021 18:00,0.0000
18/11/2021 19:00,0.0000
18/11/2021 20:00,0.0000
18/11/2021 21:00,0.0000
18/11/2021 22:00,0.0000
18/11/2021 23:00,0.0000
19/11/2021 00:00,0.0000
19/11/2021 01:00,0.0000
19/11/2021 02:00,0.0000
19/11/2021 03:00,0.0000
19/11/2021 04:00,0.0000
19/11/2021 05:00,0.0000
19/11/2021 06:00,0.0000
19/11/2021 07:00,0.5342
19/11/2021 08:00,4.2337
19/11/2021 09:00,0.4981
19/11/2021 10:00,0.0000
19/11/2021 11:00,0.0000
19/11/2021 12:00,0.0000
19/11/2021 13:00,0.0000
19/11/2021 14:00,0.0000
19/11/2021 15:00,0.0000
19/11/2021 16:00,0.0000
19/11/2021 17:00,0.0000
19/11/2021 18:00,0.0000
19/11/2021 19:00,0.0000
19/11/2021 20:00,0.0000
19/11/2021 21:00,0.0000
19/11/2021 22:00,0.0000
19/11/2021 23:00,0.0000
20/11/2021 00:00,0.0000
20/11/2021 01:00,0.0000
20/11/2021 02:00,0.0000
20/11/2021 03:00,0.0000
20/11/2021 04:00,0.0000
20/11/2021 05:00,0.0000
20/11/2021 06:00,0.0000
20/11/2021 07:00,0.0000
20/11/2021 08:00,0.0000
20/11/2021 09:00,0.5118
20/11/2021 10:00,0.0000
20/11/2021 11:00,5.0934
20/11/2021 12:00,0.2369
20/11/2021 13:00,0.0000
20/11/2021 14:00,0.0000
20/11/2021 15:00,0.0000
20/11/2021 16:00,0.0000
20/11/2021 17:00,0.0000
20/11/2021 18:00,0.0000
20/11/2021 19:00,0.0000
20/11/2021 20:00,2.0929
20/11/2021 21:00,1.4773
20/11/2021 22:00,0.0000
20/11/2021 23:00,0.0000
21/11/2021 00:00,0.0000
21/11/2021 01:00,0.0000
21/11/2021 02:00,0.0000
21/11/2021 03:00,0.0000
21/11/2021 04:00,0.0000
21/11/2021 05:00,0.0000
21/11/2021 06:00,0.0000
21/11/2021 07:00,0.0000
21/11/2021 08:00,0.0000
21/11/2021 09:00,0.0000
21/11/2021 10:00,0.0000
21/11/2021 11:00,0.0000
21/11/2021 12:00,0.0000
21/11/2021 13:00,0.0000
21/11/2021 14:00,0.0000
21/11/2021 15:00,0.0000
21/11/2021 16:00,0.0000
21/11/2021 17:00,0.0000
21/11/2021 18:00,0.0000
21/11/2021 19:00,0.0000
21/11/2021 20:00,0.0000
21/11/2021 21:00,0.0000
21/11/2021 22:00,0.0000
21/11/2021 23:00,0.0000
22/11/2021 00:00,0.0000
22/11/2021 01:00,0.0000
22/11/2021 02:00,0.0000
22/11/2021 03:00,0.0000
22/11/2021 04:00,0.0000
22/11/2021 05:00,0.0000
22/11/2021 06:00,0.0000
22/11/2021 07:00,0.0000
22/11/2021 08:00,0.2196
22/11/2021 09:00,0.1098
22/11/2021 10:00,0.0000
22/11/2021 11:00,0.0000
22/11/2021 12:00,0.0000
22/11/2021 13:00,0.0000
22/11/2021 14:00,0.0000
22/11/2021 15:00,2.5329
22/11/2021 16:00,1.0132
22/11/2021 17:00,0.0000
22/11/2021 18:00,0.0000
22/11/2021 19:00,0.0000
22/11/2021 20:00,0.0000
22/11/2021 21:00,0.0000
22/11/2021 22:00,0.0000
22/11/2021 23:00,0.0000
23/11/2021 00:00,0.0000
23/11/2021 01:00,0.0000
23/11/2021 02:00,4.6565
23/11/2021 03:00,2.5399
23/11/2021 04:00,0.0000
23/11/2021 05:00,1.3268
23/11/2021 06:00,0.8529
23/11/2021 07:00,0.0000
23/11/2021 08:00,0.0000
23/11/2021 09:00,0.0000
23/11/2021 10:00,0.0000
23/11/2021 11:00,0.0000
23/11/2021 12:00,0.5219
23/11/2021 13:00,0.0000
23/11/2021 14:00,0.0000
23/11/2021 15:00,3.6907
23/11/2021 16:00,0.0000
23/11/2021 17:00,0.0000
23/11/2021 18:00,0.0000
23/11/2021 19:00,0.0000
23/11/2021 20:00,0.0000
23/11/2021 21:00,0.0000
23/11/2021 22:00,0.0000
23/11/2021 23:00,0.0000
24/11/2021 00:00,0.0000
24/11/2021 01:00,0.0000
24/11/2021 02:00,0.0000
24/11/2021 03:00,0.0000
24/11/2021 04:00,0.0000
24/11/2021 05:00,0.0000
24/11/2021 06:00,0.0000
24/11/2021 07:00,0.0000
24/11/2021 08:00,0.0000
24/11/2021 09:00,1.0370
24/11/2021 10:00,0.0000
24/11/2021 11:00,0.0000
24/11/2021 12:00,0.0000
24/11/2021 13:00,0.0000
24/11/2021 14:00,0.0000
24/11/2021 15:00,2.6854
24/11/2021 16:00,0.7673
24/11/2021 17:00,0.0000
24/11/2021 18:00,1.6533
24/11/2021 19:00,0.0000
24/11/2021 20:00,0.0000
24/11/2021 21:00,0.0000
24/11/2021 22:00,0.0000
24/11/2021 23:00,0.0000
25/11/2021 00:00,0.0000
25/11/2021 01:00,0.0000
25/11/2021 02:00,0.0000
25/11/2021 03:00,0.0000
25/11/2021 04:00,0.0000
25/11/2021 05:00,0.0000
25/11/2021 06:00,0.8865
25/11/2021 07:00,3.6514
25/11/2021 08:00,0.0000
25/11/2021 09:00,0.0000
25/11/2021 10:00,0.0000
25/11/2021 11:00,0.0000
25/11/2021 12:00,0.0000
25/11/2021 13:00,0.0000
25/11/2021 14:00,0.0000
25/11/2021 15:00,0.0000
25/11/2021 16:00,0.0000
25/11/2021 17:00,0.0000
25/11/2021 18:00,0.0000
25/11/2021 19:00,0.0000
25/11/2021 20:00,0.0000
25/11/2021 21:00,0.0000
25/11/2021 22:00,0.0000
25/11/2021 23:00,0.0000
26/11/2021 00:00,0.0000
26/11/2021 01:00,0.0000
26/11/2021 02:00,0.0000
26/11/2021 03:00,1.4543
26/11/2021 04:00,0.0000
26/11/2021 05:00,0.0000
26/11/2021 06:00,0.0000
26/11/2021 07:00,0.9254
26/11/2021 08:00,0.6169
26/11/2021 09:00,0.0000
26/11/2021 10:00,0.0000
26/11/2021 11:00,0.0000
26/11/2021 12:00,0.0000
26/11/2021 13:00,0.0000
26/11/2021 14:00,0.0000
26/11/2021 15:00,0.0000
26/11/2021 16:00,3.9447
26/11/2021 17:00,0.0000
26/11/2021 18:00,0.0000
26/11/2021 19:00,0.0000
26/11/2021 20:00,3.6931
26/11/2021 21:00,1.2662
26/11/2021 22:00,0.0000
26/11/2021 23:00,0.0000
27/11/2021 00:00,0.0000
27/11/2021 01:00,0.0000
27/11/2021 02:00,0.0000
27/11/2021 03:00,0.0000
27/11/2021 04:00,1.5380
27/11/2021 05:00,0.0000
27/11/2021 06:00,0.0000
27/11/2021 07:00,0.0000
27/11/2021 08:00,0.0000
27/11/2021 09:00,0.0000
27/11/2021 10:00,0.0000
27/11/2021 11:00,0.0000
27/11/2021 12:00,0.0000
27/11/2021 13:00,0.0000
27/11/2021 14:00,0.0000
27/11/2021 15:00,0.0000
27/11/2021 16:00,0.0000
27/11/2021 17:00,0.0000
27/11/2021 18:00,0.0000
27/11/2021 19:00,0.0000
27/11/2021 20:00,0.0000
27/11/2021 21:00,0.0000
27/11/2021 22:00,0.0000
27/11/2021 23:00,0.0000
28/11/2021 00:00,0.0000
28/11/2021 01:00,0.0000
28/11/2021 02:00,0.0000
28/11/2021 03:00,0.0000
28/11/2021 04:00,0.0000
28/11/2021 05:00,0.0000
28/11/2021 06:00,0.0000
28/11/2021 07:00,0.0000
28/11/2021 08:00,0.0000
28/11/2021 09:00,0.0000
28/11/2021 10:00,0.0000
28/11/2021 11:00,0.0000
28/11/2021 12:00,0.0000
28/11/2021 13:00,0.0000
28/11/2021 14:00,0.0000
28/11/2021 15:00,0.0000
28/11/2021 16:00,0.0000
28/11/2021 17:00,0.0000
28/11/2021 18:00,0.0000
28/11/2021 19:00,0.0000
28/11/2021 20:00,0.0000
28/11/2021 21:00,0.0000
28/11/2021 22:00,0.0000
28/11/2021 23:00,0.0000
29/11/2021 00:00,0.0000
29/11/2021 01:00,0.0000
29/11/2021 02:00,0.0000
29/11/2021 03:00,0.0000
29/11/2021 04:00,0.0000
29/11/2021 05:00,0.0000
29/11/2021 06:00,0.0000
29/11/2021 07:00,0.0000
29/11/2021 08:00,0.0000
29/11/2021 09:00,0.9122
29/11/2021 10:00,0.0000
29/11/2021 11:00,0.0000
29/11/2021 12:00,0.0000
29/11/2021 13:00,0.0000
29/11/2021 14:00,0.0000
29/11/2021 15:00,0.0000
29/11/2021 16:00,3.9452
29/11/2021 17:00,0.0000
29/11/2021 18:00,0.0000
29/11/2021 19:00,0.0000
29/11/2021 20:00,0.0000
29/11/2021 21:00,0.0000
29/11/2021 22:00,0.0000
29/11/2021 23:00,0.0000
30/11/2021 00:00,0.0000
30/11/2021 01:00,0.0000
30/11/2021 02:00,0.0000
30/11/2021 03:00,0.0000
30/11/2021 04:00,0.0000
30/11/2021 05:00,0.0000
30/11/2021 06:00,0.0000
30/11/2021 07:00,0.0000
30/11/2021 08:00,0.8778
30/11/2021 09:00,0.0000
30/11/2021 10:00,0.0000
30/11/2021 11:00,0.0000
30/11/2021 12:00,0.0000
30/11/2021 13:00,0.0000
30/11/2021 14:00,2.0486
30/11/2021 15:00,1.9612
30/11/2021 16:00,0.0000
30/11/2021 17:00,0.0000
30/11/2021 18:00,0.0000
30/11/2021 19:00,0.0000
30/11/2021 20:00,0.0000
30/11/2021 21:00,0.0000
30/11/2021 22:00,0.0000
30/11/2021 23:00,0.0000
01/12/2021 00:00,0.0000
01/12/2021 01:00,0.0000
01/12/2021 02:00,0.0000
01/12/2021 03:00,0.0000
01/12/2021 04:00,0.0000
01/12/2021 05:00,0.0000
01/12/2021 06:00,0.0000
01/12/2021 07:00,1.5646
01/12/2021 08:00,0.0000
01/12/2021 09:00,0.0000
01/12/2021 10:00,0.0000
01/12/2021 11:00,0.0000
01/12/2021 12:00,0.0000
01/12/2021 13:00,0.0000
01/12/2021 14:00,4.6484
01/12/2021 15:00,0.0000
01/12/2021 16:00,0.0000
01/12/2021 17:00,0.0000
01/12/2021 18:00,0.0000
01/12/2021 19:00,0.0000
01/12/2021 20:00,0.0000
01/12/2021 21:00,0.0000
01/12/2021 22:00,0.0000
01/12/2021 23:00,0.0000
02/12/2021 00:00,0.0000
02/12/2021 01:00,0.0000
02/12/2021 02:00,0.0000
02/12/2021 03:00,0.0000
02/12/2021 04:00,0.0000
02/12/2021 05:00,0.0000
02/12/2021 06:00,0.3172
02/12/2021 07:00,4.2032
02/12/2021 08:00,0.0000
02/12/2021 09:00,0.0000
02/12/2021 10:00,0.0000
02/12/2021 11:00,0.0000
02/12/2021 12:00,0.0000
02/12/2021 13:00,0.0000
02/12/2021 14:00,0.0000
02/12/2021 15:00,0.7438
02/12/2021 16:00,0.0000
02/12/2021 17:00,0.0000
02/12/2021 18:00,0.0000
02/12/2021 19:00,0.0000
02/12/2021 20:00,0.0000
02/12/2021 21:00,0.0000
02/12/2021 22:00,0.0000
02/12/2021 23:00,0.0000
03/12/2021 00:00,0.0000
03/12/2021 01:00,0.0000
03/12/2021 02:00,0.0000
03/12/2021 03:00,0.0000
03/12/2021 04:00,0.0000
03/12/2021 05:00,0.0000
03/12/2021 06:00,0.0000
03/12/2021 07:00,0.0000
03/12/2021 08:00,0.0000
03/12/2021 09:00,0.0000
03/12/2021 10:00,0.0000
03/12/2021 11:00,0.0000
03/12/2021 12:00,0.0000
03/12/2021 13:00,0.0000
03/12/2021 14:00,0.0000
03/12/2021 15:00,0.0000
03/12/2021 16:00,0.7016
03/12/2021 17:00,3.5387
03/12/2021 18:00,0.0000
03/12/2021 19:00,0.0000
03/12/2021 20:00,0.0000
03/12/2021 21:00,0.0000
03/12/2021 22:00,0.0000
03/12/2021 23:00,0.0000
04/12/2021 00:00,0.0000
04/12/2021 01:00,0.0000
04/12/2021 02:00,0.0000
04/12/2021 03:00,0.0000
04/12/2021 04:00,0.0000
04/12/2021 05:00,0.0000
04/12/2021 06:00,0.0000
04/12/2021 07:00,0.0000
04/12/2021 08:00,0.0000
04/12/2021 09:00,0.0000
04/12/2021 10:00,0.0000
04/12/2021 11:00,0.0000
04/12/2021 12:00,0.0000
04/12/2021 13:00,0.0000
04/12/2021 14:00,0.0000
04/12/2021 15:00,0.0000
04/12/2021 16:00,0.0000
04/12/2021 17:00,0.0000
04/12/2021 18:00,0.0000
04/12/2021 19:00,0.0000
04/12/2021 20:00,0.0000
04/12/2021 21:00,0.0000
04/12/2021 22:00,0.0000
04/12/2021 23:00,0.0000
05/12/2021 00:00,0.0000
05/12/2021 01:00,0.0000
05/12/2021 02:00,0.0000
05/12/2021 03:00,0.0000
05/12/2021 04:00,0.0000
05/12/2021 05:00,0.0000
05/12/2021 06:00,0.0000
05/12/2021 07:00,0.0000
05/12/2021 08:00,0.0000
05/12/2021 09:00,0.0000
05/12/2021 10:00,0.0000
05/12/2021 11:00,0.0000
05/12/2021 12:00,3.6095
05/12/2021 13:00,0.0000
05/12/2021 14:00,4.0187
05/12/2021 15:00,1.4353
05/12/2021 16:00,0.0000
05/12/2021 17:00,0.0000
05/12/2021 18:00,0.0000
05/12/2021 19:00,0.0000
05/12/2021 20:00,0.0000
05/12/2021 21:00,0.0000
05/12/2021 22:00,0.0000
05/12/2021 23:00,0.0000
06/12/2021 00:00,1.2518
06/12/2021 01:00,0.0000
06/12/2021 02:00,1.3452
06/12/2021 03:00,1.5427
06/12/2021 04:00,0.0000
06/12/2021 05:00,1.5634
06/12/2021 06:00,0.0000
06/12/2021 07:00,0.0000
06/12/2021 08:00,0.0000
06/12/2021 09:00,0.0000
06/12/2021 10:00,0.0000
06/12/2021 11:00,0.0000
06/12/2021 12:00,0.0000
06/12/2021 13:00,0.0000
06/12/2021 14:00,0.0000
06/12/2021 15:00,2.6202
06/12/2021 16:00,0.6793
06/12/2021 17:00,0.0000
06/12/2021 18:00,0.0000
06/12/2021 19:00,0.0000
06/12/2021 20:00,0.0000
06/12/2021 21:00,0.0000
06/12/2021 22:00,0.0000
06/12/2021 23:00,3.3148
07/12/2021 00:00,0.0000
07/12/2021 01:00,0.0000
07/12/2021 02:00,0.0000
07/12/2021 03:00,0.0000
07/12/2021 04:00,0.0000
07/12/2021 05:00,0.0000
07/12/2021 06:00,0.0000
07/12/2021 07:00,1.3552
07/12/2021 08:00,2.9568
07/12/2021 09:00,0.2242
07/12/2021 10:00,0.0000
07/12/2021 11:00,0.0000
07/12/2021 12:00,0.0000
07/12/2021 13:00,0.0000
07/12/2021 14:00,0.0000
07/12/2021 15:00,0.0000
07/12/2021 16:00,0.0000
07/12/2021 17:00,0.0000
07/12/2021 18:00,0.0000
07/12/2021 19:00,0.0000
07/12/2021 20:00,0.0000
07/12/2021 21:00,0.0000
07/12/2021 22:00,0.0000
07/12/2021 23:00,0.0000
08/12/2021 00:00,0.0000
08/12/2021 01:00,0.0000
08/12/2021 02:00,0.0000
08/12/2021 03:00,0.0000
08/12/2021 04:00,0.0000
08/12/2021 05:00,0.0000
08/12/2021 06:00,0.0000
08/12/2021 07:00,0.0000
08/12/2021 08:00,0.0000
08/12/2021 09:00,0.0000
08/12/2021 10:00,1.0982
08/12/2021 11:00,0.0000
08/12/2021 12:00,0.0000
08/12/2021 13:00,0.0000
08/12/2021 14:00,3.9612
08/12/2021 15:00,0.0000
08/12/2021 16:00,0.0000
08/12/2021 17:00,0.0000
08/12/2021 18:00,0.1080
08/12/2021 19:00,0.2160
08/12/2021 20:00,0.0000
08/12/2021 21:00,0.0000
08/12/2021 22:00,0.0000
08/12/2021 23:00,0.0000
09/12/2021 00:00,0.0000
09/12/2021 01:00,0.0000
09/12/2021 02:00,0.0000
09/12/2021 03:00,0.0000
09/12/2021 04:00,0.0000
09/12/2021 05:00,0.0000
09/12/2021 06:00,0.0000
09/12/2021 07:00,3.3498
09/12/2021 08:00,2.0935
09/12/2021 09:00,0.0000
09/12/2021 10:00,0.0000
09/12/2021 11:00,0.0000
09/12/2021 12:00,0.0000
09/12/2021 13:00,0.0000
09/12/2021 14:00,0.0000
09/12/2021 15:00,0.2900
09/12/2021 16:00,0.0000
09/12/2021 17:00,0.0000
09/12/2021 18:00,0.0000
09/12/2021 19:00,0.0000
09/12/2021 20:00,0.0000
09/12/2021 21:00,0.0000
09/12/2021 22:00,0.0000
09/12/2021 23:00,0.0000
10/12/2021 00:00,0.0000
10/12/2021 01:00,0.0000
10/12/2021 02:00,0.0000
10/12/2021 03:00,0.0000
10/12/2021 04:00,0.0000
10/12/2021 05:00,0.0000
10/12/2021 06:00,0.0000
10/12/2021 07:00,0.0000
10/12/2021 08:00,0.0000
10/12/2021 09:00,0.0000
10/12/2021 10:00,0.0000
10/12/2021 11:00,0.0000
10/12/2021 12:00,0.0000
10/12/2021 13:00,0.0000
10/12/2021 14:00,3.1989
10/12/2021 15:00,0.0000
10/12/2021 16:00,1.6103
10/12/2021 17:00,0.0000
10/12/2021 18:00,0.2638
10/12/2021 19:00,0.5159
10/12/2021 20:00,0.0000
10/12/2021 21:00,0.0000
10/12/2021 22:00,0.0000
10/12/2021 23:00,0.0000
11/12/2021 00:00,0.0000
11/12/2021 01:00,0.0000
11/12/2021 02:00,0.0000
11/12/2021 03:00,0.0000
11/12/2021 04:00,0.0000
11/12/2021 05:00,0.0000
11/12/2021 06:00,0.0000
11/12/2021 07:00,0.0000
11/12/2021 08:00,0.0000
11/12/2021 09:00,0.0000
11/12/2021 10:00,0.0000
11/12/2021 11:00,0.0000
11/12/2021 12:00,0.0000
11/12/2021 13:00,0.0000
11/12/2021 14:00,0.0000
11/12/2021 15:00,0.0000
11/12/2021 16:00,0.0000
11/12/2021 17:00,0.0000
11/12/2021 18:00,0.0000
11/12/2021 19:00,0.0000
11/12/2021 20:00,0.0000
11/12/2021 21:00,0.0000
11/12/2021 22:00,0.0000
11/12/2021 23:00,0.0000
12/12/2021 00:00,0.0000
12/12/2021 01:00,0.0000
12/12/2021 02:00,0.0000
12/12/2021 03:00,0.0000
12/12/2021 04:00,0.0000
12/12/2021 05:00,0.0000
12/12/2021 06:00,0.0000
12/12/2021 07:00,0.0000
12/12/2021 08:00,0.0000
12/12/2021 09:00,0.0000
12/12/2021 10:00,0.0000
12/12/2021 11:00,0.0000
12/12/2021 12:00,0.0000
12/12/2021 13:00,0.0000
12/12/2021 14:00,0.0000
12/12/2021 15:00,0.0000
12/12/2021 16:00,0.0000
12/12/2021 17:00,0.0000
12/12/2021 18:00,0.0000
12/12/2021 19:00,0.0000
12/12/2021 20:00,0.0000
12/12/2021 21:00,0.0000
12/12/2021 22:00,0.0000
12/12/2021 23:00,0.0000
13/12/2021 00:00,0.0000
13/12/2021 01:00,5.2932
13/12/2021 02:00,0.0000
13/12/2021 03:00,0.0000
13/12/2021 04:00,0.0000
13/12/2021 05:00,0.0000
13/12/2021 06:00,2.3412
13/12/2021 07:00,1.8007
13/12/2021 08:00,0.0000
13/12/2021 09:00,0.0000
13/12/2021 10:00,0.0000
13/12/2021 11:00,1.7228
13/12/2021 12:00,0.0000
13/12/2021 13:00,0.0000
13/12/2021 14:00,0.0000
13/12/2021 15:00,0.0000
13/12/2021 16:00,0.0000
13/12/2021 17:00,0.3718
13/12/2021 18:00,0.0000
13/12/2021 19:00,0.0000
13/12/2021 20:00,0.0000
13/12/2021 21:00,0.0000
13/12/2021 22:00,0.0000
13/12/2021 23:00,0.0000
14/12/2021 00:00,0.0000
14/12/2021 01:00,0.0000
14/12/2021 02:00,0.9713
14/12/2021 03:00,0.0000
14/12/2021 04:00,0.0000
14/12/2021 05:00,0.0000
14/12/2021 06:00,0.0000
14/12/2021 07:00,0.0000
14/12/2021 08:00,0.0000
14/12/2021 09:00,1.0597
14/12/2021 10:00,0.0000
14/12/2021 11:00,0.0000
14/12/2021 12:00,3.6576
14/12/2021 13:00,2.4743
14/12/2021 14:00,0.0000
14/12/2021 15:00,2.1452
14/12/2021 16:00,2.2644
14/12/2021 17:00,0.0000
14/12/2021 18:00,0.0000
14/12/2021 19:00,0.0000
14/12/2021 20:00,0.0000
14/12/2021 21:00,0.0000
14/12/2021 22:00,0.0000
14/12/2021 23:00,0.0000
15/12/2021 00:00,0.0000
15/12/2021 01:00,0.0000
15/12/2021 02:00,0.0000
15/12/2021 03:00,0.0000
15/12/2021 04:00,0.0000
15/12/2021 05:00,0.2255
15/12/2021 06:00,0.0000
15/12/2021 07:00,0.0000
15/12/2021 08:00,0.0000
15/12/2021 09:00,0.0000
15/12/2021 10:00,0.0000
15/12/2021 11:00,0.0000
15/12/2021 12:00,0.0000
15/12/2021 13:00,0.0000
15/12/2021 14:00,0.0000
15/12/2021 15:00,0.9266
15/12/2021 16:00,3.6189
15/12/2021 17:00,0.0000
15/12/2021 18:00,0.0000
15/12/2021 19:00,0.0000
15/12/2021 20:00,0.0000
15/12/2021 21:00,0.0000
15/12/2021 22:00,0.0000
15/12/2021 23:00,0.0000
16/12/2021 00:00,0.0000
16/12/2021 01:00,0.0000
16/12/2021 02:00,0.0000
16/12/2021 03:00,0.0000
16/12/2021 04:00,0.0000
16/12/2021 05:00,0.0000
16/12/2021 06:00,0.0000
16/12/2021 07:00,0.0000
16/12/2021 08:00,0.0000
16/12/2021 09:00,0.0000
16/12/2021 10:00,0.0000
16/12/2021 11:00,0.0000
16/12/2021 12:00,0.0000
16/12/2021 13:00,0.0000
16/12/2021 14:00,0.0000
16/12/2021 15:00,3.8710
16/12/2021 16:00,0.0000
16/12/2021 17:00,1.1639
16/12/2021 18:00,0.0000
16/12/2021 19:00,0.0000
16/12/2021 20:00,0.0000
16/12/2021 21:00,0.0000
16/12/2021 22:00,0.0000
16/12/2021 23:00,0.0000
17/12/2021 00:00,0.0000
17/12/2021 01:00,0.0000
17/12/2021 02:00,0.0000
17/12/2021 03:00,5.1069
17/12/2021 04:00,2.0536
17/12/2021 05:00,0.0000
17/12/2021 06:00,0.0000
17/12/2021 07:00,0.0000
17/12/2021 08:00,0.7597
17/12/2021 09:00,0.0000
17/12/2021 10:00,0.0000
17/12/2021 11:00,0.0000
17/12/2021 12:00,0.0000
17/12/2021 13:00,2.2018
17/12/2021 14:00,1.9609
17/12/2021 15:00,0.0000
17/12/2021 16:00,0.0000
17/12/2021 17:00,0.0000
17/12/2021 18:00,0.0000
17/12/2021 19:00,0.0000
17/12/2021 20:00,0.0000
17/12/2021 21:00,0.0000
17/12/2021 22:00,0.0000
17/12/2021 23:00,0.0000
18/12/2021 00:00,0.0000
18/12/2021 01:00,0.0000
18/12/2021 02:00,0.0000
18/12/2021 03:00,0.0000
18/12/2021 04:00,0.0000
18/12/2021 05:00,0.0000
18/12/2021 06:00,0.0000
18/12/2021 07:00,0.0000
18/12/2021 08:00,0.0000
18/12/2021 09:00,0.0000
18/12/2021 10:00,0.9070
18/12/2021 11:00,5.7379
18/12/2021 12:00,3.3734
18/12/2021 13:00,0.0000
18/12/2021 14:00,0.0000
18/12/2021 15:00,0.0000
18/12/2021 16:00,0.0000
18/12/2021 17:00,0.0000
18/12/2021 18:00,0.0000
18/12/2021 19:00,0.0000
18/12/2021 20:00,0.0000
18/12/2021 21:00,0.0000
18/12/2021 22:00,0.0000
18/12/2021 23:00,2.0752
19/12/2021 00:00,0.0000
19/12/2021 01:00,0.0000
19/12/2021 02:00,0.0000
19/12/2021 03:00,0.0000
19/12/2021 04:00,0.0000
19/12/2021 05:00,0.0000
19/12/2021 06:00,0.0000
19/12/2021 07:00,1.7186
19/12/2021 08:00,0.0000
19/12/2021 09:00,0.0000
19/12/2021 10:00,0.0000
19/12/2021 11:00,0.0000
19/12/2021 12:00,0.0000
19/12/2021 13:00,0.0000
19/12/2021 14:00,0.0000
19/12/2021 15:00,0.0000
19/12/2021 16:00,0.0000
19/12/2021 17:00,0.0000
19/12/2021 18:00,0.0000
19/12/2021 19:00,0.0000
19/12/2021 20:00,0.0000
19/12/2021 21:00,0.0000
19/12/2021 22:00,0.0000
19/12/2021 23:00,0.1057
20/12/2021 00:00,0.0000
20/12/2021 01:00,0.0000
20/12/2021 02:00,0.0000
20/12/2021 03:00,0.0000
20/12/2021 04:00,0.0000
20/12/2021 05:00,0.0000
20/12/2021 06:00,0.0000
20/12/2021 07:00,0.0000
20/12/2021 08:00,0.0000
20/12/2021 09:00,0.0000
20/12/2021 10:00,0.0000
20/12/2021 11:00,0.0000
20/12/2021 12:00,0.0000
20/12/2021 13:00,0.0000
20/12/2021 14:00,0.0000
20/12/2021 15:00,0.0000
20/12/2021 16:00,3.3911
20/12/2021 17:00,2.1556
20/12/2021 18:00,0.0000
20/12/2021 19:00,0.0000
20/12/2021 20:00,0.0000
20/12/2021 21:00,0.0000
20/12/2021 22:00,0.0000
20/12/2021 23:00,0.0000
21/12/2021 00:00,0.0000
21/12/2021 01:00,0.0000
21/12/2021 02:00,3.3835
21/12/2021 03:00,1.8468
21/12/2021 04:00,0.0000
21/12/2021 05:00,0.0000
21/12/2021 06:00,2.8380
21/12/2021 07:00,1.7781
21/12/2021 08:00,0.0000
21/12/2021 09:00,0.0000
21/12/2021 10:00,0.0000
21/12/2021 11:00,0.0000
21/12/2021 12:00,1.5356
21/12/2021 13:00,0.1097
21/12/2021 14:00,0.2096
21/12/2021 15:00,0.0000
21/12/2021 16:00,0.0000
21/12/2021 17:00,0.0000
21/12/2021 18:00,0.0000
21/12/2021 19:00,0.0000
21/12/2021 20:00,0.0000
21/12/2021 21:00,0.0000
21/12/2021 22:00,0.0000
21/12/2021 23:00,0.0000
22/12/2021 00:00,0.0000
22/12/2021 01:00,0.0000
22/12/2021 02:00,0.0000
22/12/2021 03:00,0.0000
22/12/2021 04:00,0.0000
22/12/2021 05:00,0.0000
22/12/2021 06:00,0.7514
22/12/2021 07:00,5.7569
22/12/2021 08:00,0.0000
22/12/2021 09:00,0.0000
22/12/2021 10:00,0.0000
22/12/2021 11:00,0.0000
22/12/2021 12:00,0.0000
22/12/2021 13:00,0.0000
22/12/2021 14:00,0.0000
22/12/2021 15:00,0.0000
22/12/2021 16:00,0.0000
22/12/2021 17:00,0.0000
22/12/2021 18:00,0.1998
22/12/2021 19:00,0.0000
22/12/2021 20:00,0.0000
22/12/2021 21:00,0.0000
22/12/2021 22:00,0.0000
22/12/2021 23:00,0.0000
23/12/2021 00:00,0.0000
23/12/2021 01:00,0.0000
23/12/2021 02:00,0.0000
23/12/2021 03:00,0.0000
23/12/2021 04:00,0.0000
23/12/2021 05:00,0.0000
23/12/2021 06:00,0.0000
23/12/2021 07:00,0.0000
23/12/2021 08:00,0.0000
23/12/2021 09:00,5.4040
23/12/2021 10:00,0.0000
23/12/2021 11:00,0.0000
23/12/2021 12:00,0.0000
23/12/2021 13:00,0.0000
23/12/2021 14:00,0.0000
23/12/2021 15:00,0.0000
23/12/2021 16:00,0.0000
23/12/2021 17:00,0.2218
23/12/2021 18:00,0.0000
23/12/2021 19:00,0.0000
23/12/2021 20:00,0.0000
23/12/2021 21:00,0.0000
23/12/2021 22:00,0.0000
23/12/2021 23:00,0.0000
24/12/2021 00:00,0.0000
24/12/2021 01:00,0.0000
24/12/2021 02:00,0.0000
24/12/2021 03:00,0.0000
24/12/2021 04:00,0.0000
24/12/2021 05:00,0.0000
24/12/2021 06:00,0.7333
24/12/2021 07:00,0.0000
24/12/2021 08:00,0.0000
24/12/2021 09:00,0.0000
24/12/2021 10:00,0.0000
24/12/2021 11:00,0.0000
24/12/2021 12:00,0.0000
24/12/2021 13:00,0.0000
24/12/2021 14:00,0.0000
24/12/2021 15:00,0.0000
24/12/2021 16:00,0.0000
24/12/2021 17:00,0.0000
24/12/2021 18:00,4.6487
24/12/2021 19:00,0.0000
24/12/2021 20:00,0.0000
24/12/2021 21:00,0.0000
24/12/2021 22:00,0.0000
24/12/2021 23:00,0.0000
25/12/2021 00:00,0.0000
25/12/2021 01:00,0.0000
25/12/2021 02:00,2.0457
25/12/2021 03:00,0.0000
25/12/2021 04:00,0.0000
25/12/2021 05:00,0.0000
25/12/2021 06:00,0.0000
25/12/2021 07:00,0.0000
25/12/2021 08:00,0.0000
25/12/2021 09:00,0.0000
25/12/2021 10:00,0.0000
25/12/2021 11:00,2.0627
25/12/2021 12:00,1.2842
25/12/2021 13:00,2.2175
25/12/2021 14:00,3.7206
25/12/2021 15:00,0.0000
25/12/2021 16:00,0.0000
25/12/2021 17:00,0.0000
25/12/2021 18:00,0.0000
25/12/2021 19:00,0.0000
25/12/2021 20:00,0.0000
25/12/2021 21:00,0.0000
25/12/2021 22:00,0.0000
25/12/2021 23:00,0.0000
26/12/2021 00:00,0.3906
26/12/2021 01:00,2.3458
26/12/2021 02:00,0.0000
26/12/2021 03:00,0.0000
26/12/2021 04:00,0.0000
26/12/2021 05:00,0.0000
26/12/2021 06:00,0.0000
26/12/2021 07:00,0.0000
26/12/2021 08:00,0.0000
26/12/2021 09:00,0.0000
26/12/2021 10:00,1.7954
26/12/2021 11:00,0.0000
26/12/2021 12:00,0.0000
26/12/2021 13:00,2.5386
26/12/2021 14:00,1.6924
26/12/2021 15:00,3.8732
26/12/2021 16:00,0.1435
26/12/2021 17:00,0.0000
26/12/2021 18:00,0.0000
26/12/2021 19:00,0.0000
26/12/2021 20:00,0.0000
26/12/2021 21:00,0.0000
26/12/2021 22:00,0.0000
26/12/2021 23:00,0.0000
27/12/2021 00:00,0.0000
27/12/2021 01:00,0.0000
27/12/2021 02:00,0.0000
27/12/2021 03:00,0.0000
27/12/2021 04:00,0.0000
27/12/2021 05:00,1.9290
27/12/2021 06:00,2.7868
27/12/2021 07:00,0.6037
27/12/2021 08:00,0.0000
27/12/2021 09:00,0.0000
27/12/2021 10:00,0.0000
27/12/2021 11:00,0.0000
27/12/2021 12:00,0.0000
27/12/2021 13:00,0.0000
27/12/2021 14:00,0.0000
27/12/2021 15:00,0.0000
27/12/2021 16:00,0.0000
27/12/2021 17:00,0.0000
27/12/2021 18:00,0.0000
27/12/2021 19:00,0.0000
27/12/2021 20:00,0.0000
27/12/2021 21:00,0.0000
27/12/2021 22:00,0.0000
27/12/2021 23:00,0.0000
28/12/2021 00:00,0.0000
28/12/2021 01:00,2.5914
28/12/2021 02:00,0.9445
28/12/2021 03:00,0.0000
28/12/2021 04:00,0.0000
28/12/2021 05:00,0.0000
28/12/2021 06:00,0.0000
28/12/2021 07:00,1.3988
28/12/2021 08:00,3.8036
28/12/2021 09:00,0.0000
28/12/2021 10:00,0.0000
28/12/2021 11:00,0.0000
28/12/2021 12:00,0.0000
28/12/2021 13:00,0.0000
28/12/2021 14:00,0.0000
28/12/2021 15:00,0.3167
28/12/2021 16:00,0.0000
28/12/2021 17:00,0.0000
28/12/2021 18:00,0.0000
28/12/2021 19:00,0.0000
28/12/2021 20:00,0.0000
28/12/2021 21:00,0.0000
28/12/2021 22:00,3.6639
28/12/2021 23:00,0.0000
29/12/2021 00:00,0.0000
29/12/2021 01:00,0.0000
29/12/2021 02:00,1.1605
29/12/2021 03:00,4.8517
29/12/2021 04:00,1.5823
29/12/2021 05:00,0.0000
29/12/2021 06:00,0.0000
29/12/2021 07:00,0.0000
29/12/2021 08:00,0.0000
29/12/2021 09:00,0.6229
29/12/2021 10:00,0.0000
29/12/2021 11:00,0.0000
29/12/2021 12:00,0.0000
29/12/2021 13:00,0.0000
29/12/2021 14:00,0.0000
29/12/2021 15:00,0.0000
29/12/2021 16:00,1.9578
29/12/2021 17:00,1.5948
29/12/2021 18:00,0.0000
29/12/2021 19:00,0.0000
29/12/2021 20:00,0.0000
29/12/2021 21:00,0.0000
29/12/2021 22:00,0.0000
29/12/2021 23:00,0.0000
30/12/2021 00:00,0.0000
30/12/2021 01:00,0.0000
30/12/2021 02:00,0.0000
30/12/2021 03:00,0.0000
30/12/2021 04:00,0.0000
30/12/2021 05:00,0.0000
30/12/2021 06:00,0.0000
30/12/2021 07:00,0.0000
30/12/2021 08:00,0.0000
30/12/2021 09:00,0.0000
30/12/2021 10:00,0.0000
30/12/2021 11:00,0.0000
30/12/2021 12:00,0.0000
30/12/2021 13:00,0.0000
30/12/2021 14:00,0.0000
30/12/2021 15:00,0.4254
30/12/2021 16:00,0.0000
30/12/2021 17:00,2.0400
30/12/2021 18:00,1.8250
30/12/2021 19:00,0.0000
30/12/2021 20:00,0.0000
30/12/2021 21:00,0.0000
30/12/2021 22:00,0.0000
30/12/2021 23:00,0.0000
31/12/2021 00:00,0.0000
31/12/2021 01:00,0.0000
31/12/2021 02:00,0.0000
31/12/2021 03:00,0.0000
31/12/2021 04:00,0.0000
31/12/2021 05:00,0.0000
31/12/2021 06:00,0.0000
31/12/2021 07:00,0.0000
31/12/2021 08:00,0.0000
31/12/2021 09:00,0.0000
31/12/2021 10:00,0.0000
31/12/2021 11:00,0.0000
31/12/2021 12:00,0.0000
31/12/2021 13:00,0.0000
31/12/2021 14:00,0.0000
31/12/2021 15:00,3.0962
31/12/2021 16:00,1.6728
31/12/2021 17:00,0.3662
31/12/2021 18:00,0.0000
31/12/2021 19:00,0.0000
31/12/2021 20:00,0.0000
31/12/2021 21:00,0.0000
31/12/2021 22:00,0.0000
31/12/2021 23:00,0.0000
